0,1,2,3
Tradutor POF 2008-2009 - Consumo final das famílias/Contas Nacionais,,,
Produto POF,Descrição POF,Produto Contas Nacionais,Descrição Contas Nacionais
0600101,AGUA E ESGOTO (M3),36801,"Água, esgoto, reciclagem e gestão de resíduos"
0600201,ENERGIA ELETRICA (KWH),35001,"Eletricidade, gás e outras utilidades"
0600301,GAS ENCANADO (M3),35001,"Eletricidade, gás e outras utilidades"
0600401,TELEFONE RESIDENCIAL,61001,"Telecomunicações, TV por assinatura e outros serv. relacionados"
0600501,"ACESSO A INTERNET (PROVEDOR, A CABO, COMUNICACAO VIA SATELITE, ETC.)",61001,"Telecomunicações, TV por assinatura e outros serv. relacionados"
0600502,INTERNET BANDA LARGA,61001,"Telecomunicações, TV por assinatura e outros serv. relacionados"
0600503,PROVEDOR DE ACESSO A INTERNET DISCADA,61001,"Telecomunicações, TV por assinatura e outros serv. relacionados"
0600504,INTERNET SEM FIO,61001,"Telecomunicações, TV por assinatura e outros serv. relacionados"
0600505,INTERNET VIA SATELITE,61001,"Telecomunicações, TV por assinatura e outros serv. relacionados"
0600506,INTERNET VIA RADIO,61001,"Telecomunicações, TV por assinatura e outros serv. relacionados"
0600701,TV POR ASSINATURA (MENSALIDADE/PACOTE),61001,"Telecomunicações, TV por assinatura e outros serv. relacionados"
0600801,"TELEFONE FIXO, CELULAR E INTERNET (PACOTE)",61001,"Telecomunicações, TV por assinatura e outros serv. relacionados"
0600901,TELEFONE FIXO E INTERNET (PACOTE),61001,"Telecomunicações, TV por assinatura e outros serv. relacionados"
0601001,TV POR ASSINATURA E INTERNET (PACOTE),61001,"Telecomunicações, TV por assinatura e outros serv. relacionados"
0601101,TELEFONE FIXO E CELULAR (PACOTE),61001,"Telecomunicações, TV por assinatura e outros serv. relacionados"
0601301,INTERNET E CELULAR (PACOTE),61001,"Telecomunicações, TV por assinatura e outros serv. relacionados"
0601401,"TELEFONE FIXO, INTERNET E TV POR ASSINATURA (PACOTE)",61001,"Telecomunicações, TV por assinatura e outros serv. relacionados"
0601501,TELEFONE FIXO E TV POR ASSINATURA (PACOTE),61001,"Telecomunicações, TV por assinatura e outros serv. relacionados"
0699901,AGREGADO,61001,"Telecomunicações, TV por assinatura e outros serv. relacionados"
0700101,GAS DE BOTIJAO (COMBUSTIVEL DOMESTICO),19916,Outros produtos do refino do petróleo
0700102,GAS DE BOTIJAO (KG) (COMBUSTIVEL DOMESTICO),19916,Outros produtos do refino do petróleo
0700103,GAS DE BUJAO (COMBUSTIVEL DOMESTICO),19916,Outros produtos do refino do petróleo
0700104,GAS DE BUJAO (KG) (COMBUSTIVEL DOMESTICO),19916,Outros produtos do refino do petróleo
0700201,AGUA PARA USO GERAL,36801,"Água, esgoto, reciclagem e gestão de resíduos"
0700202,AQUISICAO DE AGUA (USO GERAL) (LITROS),36801,"Água, esgoto, reciclagem e gestão de resíduos"
0700203,PIPA DE AGUA (LITROS),36801,"Água, esgoto, reciclagem e gestão de resíduos"
0700204,GARRAFAO DE AGUA (LITROS),11001,Bebidas
0700301,RECARGA DE BATERIA (ILUMINACAO DOMICILIAR),45001,Comércio e reparação de veículos
0700401,GAS DE BUJAO PARA ILUMINACAO,19916,Outros produtos do refino do petróleo
0700402,GAS DE BUJAO (KG) (PARA ILUMINACAO),19916,Outros produtos do refino do petróleo
0700403,GAS DE BOTIJAO (PARA ILUMINACAO),19916,Outros produtos do refino do petróleo
0700501,QUEROSENE (COMBUSTIVEL DOMESTICO),19916,Outros produtos do refino do petróleo
0700502,QUEROSENE (LITRO) (COMBUSTIVEL DOMESTICO),19916,Outros produtos do refino do petróleo
0700601,PO DE SERRA (COMBUSTIVEL DOMESTICO),02801,Produtos da exploração florestal e da silvicultura
0700701,ALCOOL (COMBUSTIVEL DOMESTICO),19921,Etanol e outros biocombustíveis
0700702,ALCOOL (LITRO) (COMBUSTIVEL DOMESTICO),19921,Etanol e outros biocombustíveis
0700801,OLEO DIESEL (COMBUSTIVEL DOMESTICO),19915,Diesel - biodiesel
0700802,OLEO DIESEL (LITRO) (COMBUSTIVEL DOMESTICO),19915,Diesel - biodiesel
0700901,GASOLINA (COMBUSTIVEL DOMESTICO),19912,Gasoálcool
0700902,GASOLINA (LITRO) (COMBUSTIVEL DOMESTICO),19912,Gasoálcool
0701001,CARVAO PARA USO DOMESTICO,02801,Produtos da exploração florestal e da silvicultura
0701101,LENHA PARA USO DOMESTICO,02801,Produtos da exploração florestal e da silvicultura
0800404,RIPA,16001,"Produtos de madeira, exclusive móveis"
0800405,SARRAFO,16001,"Produtos de madeira, exclusive móveis"
0800406,MADEIRA,16001,"Produtos de madeira, exclusive móveis"
0801307,MANUTENCAO DE CAIXA DE AGUA,94802,"Manutenção de computadores, telefones e objetos domésticos"
0801308,CONSERTO DE TOLDO,94802,"Manutenção de computadores, telefones e objetos domésticos"
0801309,CONSERTO DE PORTAO ELETRONICO,94802,"Manutenção de computadores, telefones e objetos domésticos"
0801310,MANUTENCAO DE FOSSA SEPTICA,94802,"Manutenção de computadores, telefones e objetos domésticos"
0801401,"DEDETIZACAO, DESRATIZACAO, DESINSETIZACAO, ETC.",78801,Condomínios e serviços para edifícios
0801801,"ARTIGOS DE JARDINAGEM (PLANTA, TERRA, SEMENTE, XAXIM, ETC.)",02801,Produtos da exploração florestal e da silvicultura
0801802,PLANTAS NATURAIS,01916,Outros produtos e serviços da lavoura temporária
0801803,TERRA VEGETAL,01916,Outros produtos e serviços da lavoura temporária
0801804,SEMENTES,01916,Outros produtos e serviços da lavoura temporária
0801806,VASO PARA PLANTA,01916,Outros produtos e serviços da lavoura temporária
0801807,SUPORTE DE VASO,01916,Outros produtos e serviços da lavoura temporária
0801808,MUDAS,01919,Outros produtos da lavoura permanente
0801907,ALUGUEL DE MAQUINAS,77001,Aluguéis não-imob. e gestão de ativos de propriedade intelectual
0802701,COLA (EXCETO DUREPOX),20922,Produtos químicos diversos
0802702,COLA DE MADEIRA,20922,Produtos químicos diversos
0802703,COLA SUPER BOND,20922,Produtos químicos diversos
0802704,SUPER BOND,20922,Produtos químicos diversos
0805202,VENENO CONTRA CUPIM (CUPINICIDA),20921,Defensivos agrícolas e desinfestantes domissanitários
0805301,PRODUTOS PARA PISCINA,20931,"Perfumaria, sabões e artigos de limpeza"
0805302,CLORO PARA PISCINA,20931,"Perfumaria, sabões e artigos de limpeza"
0805303,SULFATO DE ALUMINIO PARA PISCINA,20931,"Perfumaria, sabões e artigos de limpeza"
0805401,CARPETE,13003,Art. têxteis de uso doméstico e outros têxteis
0805701,PALHA PARA COBERTURA,16001,"Produtos de madeira, exclusive móveis"
0806502,BALDE PARA CONSTRUCAO,22002,Artigos de plástico
0807001,PAPEL DE PAREDE,17002,"Papel, papelão, embalagens e artefatos de papel"
0807101,ALUGUEL DE LIXADEIRA ELETRICA,77001,Aluguéis não-imob. e gestão de ativos de propriedade intelectual
0807201,MOTOR ELETRICO PARA PORTAO,27001,"Máquinas, aparelhos e materiais elétricos"
0807301,MANUTENCAO DE JAZIGO,94803,Serviços pessoais
0807401,EXUMACAO,94803,Serviços pessoais
0807501,PLACA DE JAZIGO,25001,"Produtos de metal, excl. máquinas e equipamentos"
0807601,CONDOMINIO DE JAZIGO,94803,Serviços pessoais
0807602,TAXA DE CONDOMINIO DE JAZIGO,94803,Serviços pessoais
0807701,MADEIRA E TACO DE MADEIRA CERTIFICADA (SELO FSC),16001,"Produtos de madeira, exclusive móveis"
0807703,CAIBRO DE MADEIRA CERTIFICADA (SELO FSC),16001,"Produtos de madeira, exclusive móveis"
0900101,CONSERTO DE MOVEIS (PECA+MAO-DE-OBRA),94802,"Manutenção de computadores, telefones e objetos domésticos"
0900102,REFORMA DE MOVEIS (PECA+MAO-DE-OBRA),94802,"Manutenção de computadores, telefones e objetos domésticos"
0900201,CONSERTO DE MOVEIS (PECA),94802,"Manutenção de computadores, telefones e objetos domésticos"
0900202,REFORMA DE MOVEIS (PECA),94802,"Manutenção de computadores, telefones e objetos domésticos"
0900301,CONSERTO DE MOVEIS (MAO-DE-OBRA),94802,"Manutenção de computadores, telefones e objetos domésticos"
0900302,REFORMA DE MOVEIS (MAO-DE-OBRA),94802,"Manutenção de computadores, telefones e objetos domésticos"
0900401,MANUTENCAO DE MOVEIS,94802,"Manutenção de computadores, telefones e objetos domésticos"
0900501,CONSERTO DE ASPIRADOR DE PO (PECA+MAO-DE-OBRA),94802,"Manutenção de computadores, telefones e objetos domésticos"
0900601,CONSERTO DE ASPIRADOR DE PO (PECA),94802,"Manutenção de computadores, telefones e objetos domésticos"
0900701,CONSERTO DE ASPIRADOR DE PO (MAO-DE-OBRA),94802,"Manutenção de computadores, telefones e objetos domésticos"
0900801,MANUTENCAO DE APARELHOS DOMESTICOS,94802,"Manutenção de computadores, telefones e objetos domésticos"
0900901,CONSERTO DE GRILL (PECA+MAO-DE-OBRA),94802,"Manutenção de computadores, telefones e objetos domésticos"
0901201,MANUTENCAO DE UTENSILIOS DOMESTICOS NAO-ELETRICOS,94802,"Manutenção de computadores, telefones e objetos domésticos"
0901301,MANUTENCAO DE UTENSILIOS DOMESTICOS ELETRICOS,94802,"Manutenção de computadores, telefones e objetos domésticos"
0901401,CONSERTO DE FERRO ELETRICO (PECA+MAO-DE-OBRA),94802,"Manutenção de computadores, telefones e objetos domésticos"
0901501,CONSERTO DE FERRO ELETRICO (PECA),94802,"Manutenção de computadores, telefones e objetos domésticos"
0901601,CONSERTO DE FERRO ELETRICO (MAO-DE-OBRA),94802,"Manutenção de computadores, telefones e objetos domésticos"
0901701,CONSERTO DE ANTENA PARABOLICA (PECA+MAO-DE-OBRA),94802,"Manutenção de computadores, telefones e objetos domésticos"
0901801,CONSERTO DE ANTENA PARABOLICA (PECA),94802,"Manutenção de computadores, telefones e objetos domésticos"
0901901,CONSERTO DE ANTENA PARABOLICA (MAO-DE-OBRA),94802,"Manutenção de computadores, telefones e objetos domésticos"
0902001,CONSERTO DE TELEFONE (PECA+MAO-DE-OBRA),94802,"Manutenção de computadores, telefones e objetos domésticos"
0902101,CONSERTO DE TELEFONE (PECA),94802,"Manutenção de computadores, telefones e objetos domésticos"
0902201,CONSERTO DE TELEFONE (MAO-DE-OBRA),94802,"Manutenção de computadores, telefones e objetos domésticos"
0902301,CONSERTO DE PERSIANA (PECA+MAO-DE-OBRA),94802,"Manutenção de computadores, telefones e objetos domésticos"
0902601,CONSERTO DE RECEPTOR DE ANTENA PARABOLICA (PECA+MAO-DE-OBRA),94802,"Manutenção de computadores, telefones e objetos domésticos"
0902701,CONSERTO DE RECEPTOR DE ANTENA PARABOLICA (PECA),94802,"Manutenção de computadores, telefones e objetos domésticos"
0902801,CONSERTO DE RECEPTOR DE ANTENA PARABOLICA (MAO-DE-OBRA),94802,"Manutenção de computadores, telefones e objetos domésticos"
0902901,MONTAGEM DE MOVEIS,31801,Móveis
0903001,CONSERTO DE GELADEIRA (PECA+MAO-DE-OBRA),94802,"Manutenção de computadores, telefones e objetos domésticos"
0903101,CONSERTO DE GELADEIRA (PECA),94802,"Manutenção de computadores, telefones e objetos domésticos"
0903201,CONSERTO DE GELADEIRA (MAO-DE-OBRA),94802,"Manutenção de computadores, telefones e objetos domésticos"
0903301,CONSERTO DE FREEZER (PECA+MAO DE OBRA),94802,"Manutenção de computadores, telefones e objetos domésticos"
0903401,CONSERTO DE FREEZER (PECA),94802,"Manutenção de computadores, telefones e objetos domésticos"
0903501,CONSERTO DE FREEZER (MAO DE OBRA),94802,"Manutenção de computadores, telefones e objetos domésticos"
0903601,CONSERTO DE TELEVISAO (PECA+MAO-DE-OBRA),94802,"Manutenção de computadores, telefones e objetos domésticos"
0903701,CONSERTO DE TELEVISAO (PECA),94802,"Manutenção de computadores, telefones e objetos domésticos"
0903801,CONSERTO DE TELEVISAO (MAO-DE-OBRA),94802,"Manutenção de computadores, telefones e objetos domésticos"
0904201,CONSERTO DE APARELHO SONORO (PECA+MAO-DE-OBRA),94802,"Manutenção de computadores, telefones e objetos domésticos"
0904301,CONSERTO DE APARELHO SONORO (PECA),94802,"Manutenção de computadores, telefones e objetos domésticos"
0904401,CONSERTO DE APARELHO SONORO (MAO-DE-OBRA),94802,"Manutenção de computadores, telefones e objetos domésticos"
0904501,CONSERTO DE RADIO (PECA+MAO-DE-OBRA),94802,"Manutenção de computadores, telefones e objetos domésticos"
0904601,CONSERTO DE RADIO (PECA),94802,"Manutenção de computadores, telefones e objetos domésticos"
0904701,CONSERTO DE RADIO (MAO+DE+OBRA),94802,"Manutenção de computadores, telefones e objetos domésticos"
0904801,CONSERTO DE RADIO-RELOGIO (PECA+MAO-DE-OBRA),94802,"Manutenção de computadores, telefones e objetos domésticos"
0905101,CONSERTO DE VIDEOCASSETE (PECA+MAO-DE-OBRA),94802,"Manutenção de computadores, telefones e objetos domésticos"
0905301,CONSERTO DE VIDEOCASSETE (MAO-DE-OBRA),94802,"Manutenção de computadores, telefones e objetos domésticos"
0905401,CONSERTO DE MAQUINA DE LAVAR ROUPA (PECA+MAO-DE-OBRA),94802,"Manutenção de computadores, telefones e objetos domésticos"
0905501,CONSERTO DE MAQUINA DE LAVAR ROUPA (PECA),94802,"Manutenção de computadores, telefones e objetos domésticos"
0905601,CONSERTO DE MAQUINA DE LAVAR ROUPA (MAO-DE-OBRA),94802,"Manutenção de computadores, telefones e objetos domésticos"
0905701,CONSERTO DE MAQUINA DE SECAR ROUPA (PECA+MAO-DE-OBRA),94802,"Manutenção de computadores, telefones e objetos domésticos"
0905801,CONSERTO DE MAQUINA DE SECAR ROUPA (PECA),94802,"Manutenção de computadores, telefones e objetos domésticos"
0905901,CONSERTO DE MAQUINA DE SECAR ROUPA (MAO-DE-OBRA),94802,"Manutenção de computadores, telefones e objetos domésticos"
0906001,CONSERTO DE FOGAO (PECA+MAO-DE-OBRA),94802,"Manutenção de computadores, telefones e objetos domésticos"
0906101,CONSERTO DE FOGAO (PECA),94802,"Manutenção de computadores, telefones e objetos domésticos"
0906201,CONSERTO DE FOGAO (MAO-DE-OBRA),94802,"Manutenção de computadores, telefones e objetos domésticos"
0906301,CONSERTO DE AR CONDICIONADO (PECA+MAO-DE-OBRA),94802,"Manutenção de computadores, telefones e objetos domésticos"
0906401,CONSERTO DE AR CONDICIONADO (PECA),94802,"Manutenção de computadores, telefones e objetos domésticos"
0906501,CONSERTO DE AR CONDICIONADO (MAO-DE-OBRA),94802,"Manutenção de computadores, telefones e objetos domésticos"
0906601,CONSERTO DE FURADEIRA ELETRICA (PECA+MAO-DE-OBRA),94802,"Manutenção de computadores, telefones e objetos domésticos"
0906801,CONSERTO DE FURADEIRA ELETRICA (MAO-DE-OBRA),94802,"Manutenção de computadores, telefones e objetos domésticos"
0907501,CONSERTO DE MAQUINA DE COSTURA (PECA+MAO-DE-OBRA),94802,"Manutenção de computadores, telefones e objetos domésticos"
0907601,CONSERTO DE MAQUINA DE COSTURA (PECA),94802,"Manutenção de computadores, telefones e objetos domésticos"
0907701,CONSERTO DE MAQUINA DE COSTURA (MAO-DE-OBRA),94802,"Manutenção de computadores, telefones e objetos domésticos"
0907901,CONSERTO DE MAQUINA DE OVERLOCK (PECA),94802,"Manutenção de computadores, telefones e objetos domésticos"
0908101,CONSERTO DE BATEDEIRA DE BOLO (PECA+MAO-DE-OBRA),94802,"Manutenção de computadores, telefones e objetos domésticos"
0908201,CONSERTO DE BATEDEIRA DE BOLO (PECA),94802,"Manutenção de computadores, telefones e objetos domésticos"
0908301,CONSERTO DE BATEDEIRA DE BOLO (MAO-DE-OBRA),94802,"Manutenção de computadores, telefones e objetos domésticos"
0908401,CONSERTO DE LIQUIDIFICADOR (PECA+MAO-DE-OBRA),94802,"Manutenção de computadores, telefones e objetos domésticos"
0908501,CONSERTO DE LIQUIDIFICADOR (PECA),94802,"Manutenção de computadores, telefones e objetos domésticos"
0908601,CONSERTO DE LIQUIDIFICADOR (MAO-DE-OBRA),94802,"Manutenção de computadores, telefones e objetos domésticos"
0908701,CONSERTO DE MULTIPROCESSADOR (PECA+MAO-DE-OBRA),94802,"Manutenção de computadores, telefones e objetos domésticos"
0908801,CONSERTO DE MULTIPROCESSADOR (PECA),94802,"Manutenção de computadores, telefones e objetos domésticos"
0909001,CONSERTO DE FORNO ELETRICO (PECA+MAO-DE-OBRA),94802,"Manutenção de computadores, telefones e objetos domésticos"
0909201,CONSERTO DE FORNO ELETRICO (MAO-DE-OBRA),94802,"Manutenção de computadores, telefones e objetos domésticos"
0909301,CONSERTO DE MAQUINA DE LAVAR LOUCAS (PECA+MAO-DE-OBRA),94802,"Manutenção de computadores, telefones e objetos domésticos"
0909401,CONSERTO DE MAQUINA DE LAVAR LOUCAS (PECA),94802,"Manutenção de computadores, telefones e objetos domésticos"
0909501,CONSERTO DE MAQUINA DE LAVAR LOUCAS (MAO-DE-OBRA),94802,"Manutenção de computadores, telefones e objetos domésticos"
0909601,CONSERTO DE RELOGIO DE MESA (PECA+MAO-DE-OBRA),94802,"Manutenção de computadores, telefones e objetos domésticos"
0909701,CONSERTO DE RELOGIO DE MESA (PECA),94802,"Manutenção de computadores, telefones e objetos domésticos"
0909801,CONSERTO DE RELOGIO DE MESA (MAO-DE-OBRA),94802,"Manutenção de computadores, telefones e objetos domésticos"
0910101,CONSERTO DE RELOGIO DE PAREDE (MAO-DE-OBRA),94802,"Manutenção de computadores, telefones e objetos domésticos"
0910201,CONSERTO DE VENTILADOR (PECA+MAO-DE-OBRA),94802,"Manutenção de computadores, telefones e objetos domésticos"
0910301,CONSERTO DE VENTILADOR (PECA),94802,"Manutenção de computadores, telefones e objetos domésticos"
0910401,CONSERTO DE VENTILADOR (MAO-DE-OBRA),94802,"Manutenção de computadores, telefones e objetos domésticos"
0910501,CONSERTO DE OZONIZADOR (PECA+MAO-DE-OBRA),94802,"Manutenção de computadores, telefones e objetos domésticos"
0910901,CONSERTO DE TORNEIRA ELETRICA (PECA),94802,"Manutenção de computadores, telefones e objetos domésticos"
0911401,CONSERTO DE MICROCOMPUTADOR (PECA+MAO-DE-OBRA),94802,"Manutenção de computadores, telefones e objetos domésticos"
0911501,CONSERTO DE MICROCOMPUTADOR (PECA),94802,"Manutenção de computadores, telefones e objetos domésticos"
0911601,CONSERTO DE MICROCOMPUTADOR (MAO-DE-OBRA),94802,"Manutenção de computadores, telefones e objetos domésticos"
0911701,CONSERTO DE CHUVEIRO ELETRICO (PECA+MAO-DE-OBRA),94802,"Manutenção de computadores, telefones e objetos domésticos"
0911801,CONSERTO DE CHUVEIRO ELETRICO (PECA),94802,"Manutenção de computadores, telefones e objetos domésticos"
0911901,CONSERTO DE CHUVEIRO ELETRICO (MAO-DE-OBRA),94802,"Manutenção de computadores, telefones e objetos domésticos"
0912001,CONSERTO DE SECADOR DE CABELOS (PECA+MAO-DE-OBRA),94802,"Manutenção de computadores, telefones e objetos domésticos"
0912101,CONSERTO DE SECADOR DE CABELOS (PECA),94802,"Manutenção de computadores, telefones e objetos domésticos"
0912201,CONSERTO DE SECADOR DE CABELOS (MAO-DE-OBRA),94802,"Manutenção de computadores, telefones e objetos domésticos"
0912301,CONSERTO DE MICROONDAS (PECA+MAO-DE-OBRA),94802,"Manutenção de computadores, telefones e objetos domésticos"
0912401,CONSERTO DE MICROONDAS (PECA),94802,"Manutenção de computadores, telefones e objetos domésticos"
0912501,CONSERTO DE MICROONDAS (MAO-DE-OBRA),94802,"Manutenção de computadores, telefones e objetos domésticos"
0912601,CONSERTO DE VIDEOGAME (PECA+MAO-DE-OBRA),94802,"Manutenção de computadores, telefones e objetos domésticos"
0912701,CONSERTO DE VIDEOGAME (PECA),94802,"Manutenção de computadores, telefones e objetos domésticos"
0912801,CONSERTO DE VIDEOGAME (MAO-DE-OBRA),94802,"Manutenção de computadores, telefones e objetos domésticos"
0912901,CONSERTO DE CENTRIFUGA (PECA+MAO-DE-OBRA),94802,"Manutenção de computadores, telefones e objetos domésticos"
0913001,CONSERTO DE CENTRIFUGA (PECA),94802,"Manutenção de computadores, telefones e objetos domésticos"
0913101,CONSERTO DE CENTRIFUGA (MAO-DE-OBRA),94802,"Manutenção de computadores, telefones e objetos domésticos"
0913201,CONSERTO DE IMPRESSORA (PECA+MAO-DE-OBRA),94802,"Manutenção de computadores, telefones e objetos domésticos"
0913401,CONSERTO DE IMPRESSORA (MAO-DE-OBRA),94802,"Manutenção de computadores, telefones e objetos domésticos"
0913501,CONSERTO DE CONTROLE REMOTO (PECA+MAO-DE-OBRA),94802,"Manutenção de computadores, telefones e objetos domésticos"
0913601,CONSERTO DE CONTROLE REMOTO (PECA),94802,"Manutenção de computadores, telefones e objetos domésticos"
0913701,CONSERTO DE CONTROLE REMOTO (MAO-DE-OBRA),94802,"Manutenção de computadores, telefones e objetos domésticos"
0913801,CONSERTO DE FAX (PECA+MAO-DE-OBRA),94802,"Manutenção de computadores, telefones e objetos domésticos"
0914101,CONSERTO DE DVD (PECA+MAO-DE-OBRA),94802,"Manutenção de computadores, telefones e objetos domésticos"
0914201,CONSERTO DE DVD (PECA),94802,"Manutenção de computadores, telefones e objetos domésticos"
0914301,CONSERTO DE DVD (MAO-DE-OBRA),94802,"Manutenção de computadores, telefones e objetos domésticos"
0914501,REFORMA DE INSTRUMENTO MUSICAL (PECA),94802,"Manutenção de computadores, telefones e objetos domésticos"
0914701,CONSERTO DE INTERFONE (PECA+MAO-DE-OBRA),94802,"Manutenção de computadores, telefones e objetos domésticos"
0915001,CONSERTO DE APARELHO ELETRONICO (PECA + MAO-DE-OBRA),94802,"Manutenção de computadores, telefones e objetos domésticos"
0915601,CONSERTO DE BOMBA DE AGUA ELETRICA (PECA+MAO-DE-OBRA),94802,"Manutenção de computadores, telefones e objetos domésticos"
0915701,CONSERTO DE BOMBA DE AGUA ELETRICA (PECA),94802,"Manutenção de computadores, telefones e objetos domésticos"
0915801,CONSERTO DE BOMBA DE AGUA ELETRICA (MAO-DE-OBRA),94802,"Manutenção de computadores, telefones e objetos domésticos"
0915901,CONSERTO DE BEBEDOURO ELETRICO (PECA+MAO-DE-OBRA),94802,"Manutenção de computadores, telefones e objetos domésticos"
0916001,CONSERTO DE BEBEDOURO ELETRICO (PECA),94802,"Manutenção de computadores, telefones e objetos domésticos"
0916101,CONSERTO DE BEBEDOURO ELETRICO (MAO DE OBRA),94802,"Manutenção de computadores, telefones e objetos domésticos"
0916201,CONSERTO DE CAFETEIRA (PECA+MAO-DE-OBRA),94802,"Manutenção de computadores, telefones e objetos domésticos"
1000101,ALUGUEL DO IMOVEL,68001,Aluguel efetivo e serviços imobiliários
1000301,ALUGUEL DE GARAGEM,68001,Aluguel efetivo e serviços imobiliários
1000401,CONDOMINIO,78801,Condomínios e serviços para edifícios
1101401,"DEDETIZACAO, DESRATIZACAO, DESINSETIZACAO, ETC.",78801,Condomínios e serviços para edifícios
1101404,DESINSETIZACAO,78801,Condomínios e serviços para edifícios
1102701,COLA (EXCETO DUREPOX),20922,Produtos químicos diversos
1102702,COLA DE MADEIRA,20922,Produtos químicos diversos
1102703,COLA SUPER BOND,20922,Produtos químicos diversos
1102705,COLA DE SAPATEIRO,20922,Produtos químicos diversos
1104505,LONA,13003,Art. têxteis de uso doméstico e outros têxteis
1105201,CUPINICIDA,20921,Defensivos agrícolas e desinfestantes domissanitários
1105202,VENENO CONTRA CUPIM (CUPINICIDA),20921,Defensivos agrícolas e desinfestantes domissanitários
1105301,PRODUTOS PARA PISCINA,20931,"Perfumaria, sabões e artigos de limpeza"
1107801,ALUGUEL DE LIXADEIRA ELETRICA,77001,Aluguéis não-imob. e gestão de ativos de propriedade intelectual
1107901,MOTOR ELETRICO PARA PORTAO,27001,"Máquinas, aparelhos e materiais elétricos"
1200301,"LOCACAO DO IMOVEL (CONTRATO, DEPOSITOS DE LOCACAO E CONSERVACAO, ETC.)",68001,Aluguel efetivo e serviços imobiliários
1200302,CONTRATO DE LOCACAO DO IMOVEL,68001,Aluguel efetivo e serviços imobiliários
1200303,DEPOSITOS DE LOCACAO DO IMOVEL,68001,Aluguel efetivo e serviços imobiliários
1200305,SEGURO FIADOR,64801,"Intermediação financeira, seguros e previdência complementar"
1200401,MUDANCA,49001,Transporte terrestre de carga
1200501,"SEGUROS SOBRE O IMOVEL (INCENDIO, ROUBO, ETC.)",64801,"Intermediação financeira, seguros e previdência complementar"
1200502,SEGURO CONTRA ROUBO DO IMOVEL,64801,"Intermediação financeira, seguros e previdência complementar"
1200503,SEGURO CONTRA INCENDIO DO IMOVEL,64801,"Intermediação financeira, seguros e previdência complementar"
1200804,MANUTENCAO DE HIDROMETRO,94802,"Manutenção de computadores, telefones e objetos domésticos"
1200901,TAXA DE TRANSFERENCIA DE TELEFONE,61001,"Telecomunicações, TV por assinatura e outros serv. relacionados"
1201001,"TAXA DE INSTALACAO DE INTERFONE,TELEFONE",61001,"Telecomunicações, TV por assinatura e outros serv. relacionados"
1201002,TAXA DE INSTALACAO DE INTERFONE,78801,Condomínios e serviços para edifícios
1201003,TAXA DE INSTALACAO DE TELEFONE,61001,"Telecomunicações, TV por assinatura e outros serv. relacionados"
1201101,TAXA DE MANUTENCAO DE ELEVADOR,78801,Condomínios e serviços para edifícios
1201201,TAXA DE LIGACAO DE LUZ,35001,"Eletricidade, gás e outras utilidades"
1201202,TAXA DE RELIGACAO DE LUZ,35001,"Eletricidade, gás e outras utilidades"
1201301,TAXA DE INSTALACAO DE POSTE DE ENERGIA ELETRICA,35001,"Eletricidade, gás e outras utilidades"
1201501,TAXA DE VERIFICACAO DE VAZAMENTO DE AGUA,36801,"Água, esgoto, reciclagem e gestão de resíduos"
1201601,TAXA DE INSTALACAO DE CENTRAL DE GAS,78801,Condomínios e serviços para edifícios
1201701,TAXA DE UTILIZACAO E MANUTENCAO DE BOMBA DE AGUA,78801,Condomínios e serviços para edifícios
1202001,TAXA DE INSTALACAO DE TELEVISAO POR ASSINATURA,61001,"Telecomunicações, TV por assinatura e outros serv. relacionados"
1202101,TAXA DE ADESAO DE TELEVISAO POR ASSINATURA,61001,"Telecomunicações, TV por assinatura e outros serv. relacionados"
1202201,TAXA DE INSTALACAO DE INTERNET,61001,"Telecomunicações, TV por assinatura e outros serv. relacionados"
1202301,TAXA EXTRA DE CONDOMINIO (REFORMA E MANUTENCAO),78801,Condomínios e serviços para edifícios
1202302,TAXA DE REFORMA DE PREDIO (EXTRA DE CONDOMINIO),78801,Condomínios e serviços para edifícios
1202303,TAXA DE MANUTENCAO DE PREDIO (EXTRA DE CONDOMINIO),78801,Condomínios e serviços para edifícios
1202304,TAXA EXTRA DE FUNDO DE RESERVA (CONDOMINIO),78801,Condomínios e serviços para edifícios
1202401,CERTIFICADO DE CADASTRO DE IMOVEL,69801,"Serviços jurídicos, contabilidade e consultoria"
1202501,VIGILANCIA ELETRONICA,31802,Produtos de industrias diversas
1203001,TAXA DE RELIGACAO DE TELEFONE,61001,"Telecomunicações, TV por assinatura e outros serv. relacionados"
1203101,PARCELAMENTO DE DIVIDA DE CONTA DE AGUA,36801,"Água, esgoto, reciclagem e gestão de resíduos"
1203201,PARCELAMENTO DE DIVIDA DE ENERGIA ELETRICA,35001,"Eletricidade, gás e outras utilidades"
1203301,TAXA DE CAIXA POSTAL DE CORREIO,52802,Correio e outros serviços de entrega
1203501,SEGURO CONTRA DANOS DE ELETRODOMESTICOS DA COMPANHIA ELETRICA,64801,"Intermediação financeira, seguros e previdência complementar"
1300101,AR CONDICIONADO (ALUGUEL),77001,Aluguéis não-imob. e gestão de ativos de propriedade intelectual
1300201,TELEFONE RESIDENCIAL (ALUGUEL),77001,Aluguéis não-imob. e gestão de ativos de propriedade intelectual
1300301,TELEVISAO (ALUGUEL),77001,Aluguéis não-imob. e gestão de ativos de propriedade intelectual
1300501,FREEZER (ALUGUEL),77001,Aluguéis não-imob. e gestão de ativos de propriedade intelectual
1300901,SOM (ALUGUEL),77001,Aluguéis não-imob. e gestão de ativos de propriedade intelectual
1301001,MICROCOMPUTADOR (ALUGUEL),77001,Aluguéis não-imob. e gestão de ativos de propriedade intelectual
1301101,FILMADORA (ALUGUEL),77001,Aluguéis não-imob. e gestão de ativos de propriedade intelectual
1301301,VIDEOGAME (ALUGUEL),77001,Aluguéis não-imob. e gestão de ativos de propriedade intelectual
1301401,KARAOKE OU VIDEOKE (ALUGUEL),77001,Aluguéis não-imob. e gestão de ativos de propriedade intelectual
1301601,CORTADOR DE GRAMA (ALUGUEL),77001,Aluguéis não-imob. e gestão de ativos de propriedade intelectual
1301701,DVD (ALUGUEL),77001,Aluguéis não-imob. e gestão de ativos de propriedade intelectual
1301901,BATERIA (ALUGUEL),77001,Aluguéis não-imob. e gestão de ativos de propriedade intelectual
1302001,JOGO DE LUZ (ALUGUEL),77001,Aluguéis não-imob. e gestão de ativos de propriedade intelectual
1302101,FILTRO DE AGUA ELETRICO (ALUGUEL),77001,Aluguéis não-imob. e gestão de ativos de propriedade intelectual
1302201,MAQUINA DE LAVAR PEDRAS (ALUGUEL),77001,Aluguéis não-imob. e gestão de ativos de propriedade intelectual
1500101,EXAUSTOR,27002,Eletrodomésticos
1500102,PURIFICADOR DE AR,27002,Eletrodomésticos
1500201,FOGAO ELETRICO,27002,Eletrodomésticos
1500301,FOGAO A LENHA,27002,Eletrodomésticos
1500401,FORNO ELETRICO,27002,Eletrodomésticos
1500501,FREEZER,27002,Eletrodomésticos
1500601,GELADEIRA,27002,Eletrodomésticos
1500602,FRIGOBAR,27002,Eletrodomésticos
1500701,MAQUINA DE LAVAR PRATOS,27002,Eletrodomésticos
1500801,ABRIDOR E AFIADOR ELETRICO,27002,Eletrodomésticos
1500901,BATEDEIRA DE BOLO,27002,Eletrodomésticos
1501001,CAFETEIRA ELETRICA,27002,Eletrodomésticos
1501101,ESPREMEDOR DE FRUTAS ELETRICO,27002,Eletrodomésticos
1501301,GRILL,27002,Eletrodomésticos
1501401,LIQUIDIFICADOR,27002,Eletrodomésticos
1501601,PURIFICADOR DE AGUA,27002,Eletrodomésticos
1501701,TORRADEIRA ELETRICA,27002,Eletrodomésticos
1501801,ASPIRADOR DE PO,27002,Eletrodomésticos
1501901,ENCERADEIRA,27002,Eletrodomésticos
1502001,FERRO ELETRICO,27002,Eletrodomésticos
1502101,MAQUINA DE LAVAR ROUPAS,27002,Eletrodomésticos
1502201,MAQUINA DE SECAR ROUPAS,27002,Eletrodomésticos
1502202,CENTRIFUGA (SECAR ROUPA),27002,Eletrodomésticos
1502301,ANTENA DE TELEVISAO NAO-PARABOLICA,26003,Material eletrônico e equip. de comunicações
1502401,TELEVISAO EM CORES,26003,Material eletrônico e equip. de comunicações
1502501,TELEVISAO EM PRETO E BRANCO,26003,Material eletrônico e equip. de comunicações
1502601,VIDEOCASSETE,27002,Eletrodomésticos
1502701,DVD,27002,Eletrodomésticos
1502702,APARELHO DE DVD,27002,Eletrodomésticos
1502801,CAIXA DE SOM,26003,Material eletrônico e equip. de comunicações
1502901,CONJUNTO DE SOM ACOPLADO,26003,Material eletrônico e equip. de comunicações
1502902,APARELHO DE SOM,26003,Material eletrônico e equip. de comunicações
1502903,EQUIPAMENTO DE SOM,26003,Material eletrônico e equip. de comunicações
1503001,GRAVADOR E TOCA-FITAS,26003,Material eletrônico e equip. de comunicações
1503002,TOCA-FITAS,26003,Material eletrônico e equip. de comunicações
1503003,RADIO GRAVADOR,26003,Material eletrônico e equip. de comunicações
1503004,RADIO TOCA-FITAS,26003,Material eletrônico e equip. de comunicações
1503005,GRAVADOR,26003,Material eletrônico e equip. de comunicações
1503101,TOCA-DISCOS A LASER,26003,Material eletrônico e equip. de comunicações
1503201,RADIO PORTATIL,26003,Material eletrônico e equip. de comunicações
1503301,RADIO RELOGIO OU DE MESA,26003,Material eletrônico e equip. de comunicações
1503302,RADIO RELOGIO,26003,Material eletrônico e equip. de comunicações
1503303,RADIO DE MESA,26003,Material eletrônico e equip. de comunicações
1503401,AMPLIFICADOR,26003,Material eletrônico e equip. de comunicações
1503601,TOCA-DISCOS DE AGULHA,26003,Material eletrônico e equip. de comunicações
1503701,VIDEO GAME,26003,Material eletrônico e equip. de comunicações
1503801,DISCMAN,26003,Material eletrônico e equip. de comunicações
1503802,DISKMAN,26003,Material eletrônico e equip. de comunicações
1503803,WALKMAN,26003,Material eletrônico e equip. de comunicações
1503901,AR-CONDICIONADO,28003,Outras máquinas e equipamentos mecânicos
1504001,AQUECEDOR DE AR,27002,Eletrodomésticos
1504101,CIRCULADOR DE AR,27002,Eletrodomésticos
1504102,CLIMATIZADOR,27002,Eletrodomésticos
1504201,VENTILADOR,27002,Eletrodomésticos
1504701,AQUECEDOR DE AGUA A GAS,27002,Eletrodomésticos
1504901,CHUVEIRO OU DUCHA ELETRICOS,27002,Eletrodomésticos
1504902,CHUVEIRO ELETRICO,27002,Eletrodomésticos
1504903,DUCHA ELETRICA,27002,Eletrodomésticos
1505001,PARAFUSEIRA A BATERIA,27002,Eletrodomésticos
1505101,SECADOR E MODELADOR DE CABELO,27002,Eletrodomésticos
1505102,SECADOR DE CABELO,27002,Eletrodomésticos
1505103,MODELADOR DE CABELO,27002,Eletrodomésticos
1505104,PRANCHA ALISADORA DE CABELO,27002,Eletrodomésticos
1505201,BARBEADOR ELETRICO,27002,Eletrodomésticos
1505301,DEPILADOR ELETRICO,27002,Eletrodomésticos
1505401,KARAOKE,26003,Material eletrônico e equip. de comunicações
1505601,REGULADOR DE VOLTAGEM,27001,"Máquinas, aparelhos e materiais elétricos"
1505701,RECEPTOR DE TV A CABO,26003,Material eletrônico e equip. de comunicações
1505702,APARELHO RECEPTOR DE TV A CABO,26003,Material eletrônico e equip. de comunicações
1505703,RECEPTOR DE SINAL HD,26003,Material eletrônico e equip. de comunicações
1505801,CENTRIFUGA DE ALIMENTOS,27002,Eletrodomésticos
1505901,TELEFONE-RADIO-RELOGIO,26003,Material eletrônico e equip. de comunicações
1505902,RADIO-RELOGIO-TELEFONE,26003,Material eletrônico e equip. de comunicações
1506101,PROCESSADOR DE ALIMENTOS ELETRICO,27002,Eletrodomésticos
1506102,PREPARADOR DE ALIMENTOS ELETRICO,27002,Eletrodomésticos
1506103,MULTIPROCESSADOR DE ALIMENTOS ELETRICO,27002,Eletrodomésticos
1506104,MULTIPREPARADOR DE ALIMENTOS ELETRICO,27002,Eletrodomésticos
1506201,MICROCOMPUTADOR,26002,Máquinas para escritório e equip. de informática
1506202,COMPUTADOR,26002,Máquinas para escritório e equip. de informática
1506301,ACESSORIOS DE MICROCOMPUTADOR,26002,Máquinas para escritório e equip. de informática
1506302,ACESSORIOS DE COMPUTADOR,26002,Máquinas para escritório e equip. de informática
1506303,IMPRESSORA DE MICROCOMPUTADOR,26002,Máquinas para escritório e equip. de informática
1506304,IMPRESSORA DE COMPUTADOR,26002,Máquinas para escritório e equip. de informática
1506305,SCANER DE MICROCOMPUTADOR,26002,Máquinas para escritório e equip. de informática
1506307,TECLADO PARA COMPUTADOR,26002,Máquinas para escritório e equip. de informática
1506308,MOUSE PARA COMPUTADOR,26002,Máquinas para escritório e equip. de informática
1506309,CD-ROM,26002,Máquinas para escritório e equip. de informática
1506310,CDROM,26002,Máquinas para escritório e equip. de informática
1506311,DVD-ROM,26002,Máquinas para escritório e equip. de informática
1506312,DVDROM,26002,Máquinas para escritório e equip. de informática
1506313,GRAVADOR DE CD E DVD,26002,Máquinas para escritório e equip. de informática
1506315,MONITOR PARA COMPUTADOR,26002,Máquinas para escritório e equip. de informática
1506316,CAIXAS DE SOM PARA COMPUTADOR,26002,Máquinas para escritório e equip. de informática
1506317,GRAVADOR DE CD,26002,Máquinas para escritório e equip. de informática
1506318,GRAVADOR DE DVD,26002,Máquinas para escritório e equip. de informática
1506501,TANQUE DE ROUPA ELETRICO,27002,Eletrodomésticos
1506502,TANQUINHO ELETRICO,27002,Eletrodomésticos
1506601,FORNO DE MICROONDAS,27002,Eletrodomésticos
1506701,APARELHO DE FAX,26003,Material eletrônico e equip. de comunicações
1506702,FAX (APARELHO),26003,Material eletrônico e equip. de comunicações
1506801,FRITADEIRA ELETRICA,27002,Eletrodomésticos
1507101,ESTERILIZADOR,27002,Eletrodomésticos
1507201,NOTEBOOK,26002,Máquinas para escritório e equip. de informática
1507202,LAPTOP,26002,Máquinas para escritório e equip. de informática
1507203,COMPUTADOR PORTATIL,26002,Máquinas para escritório e equip. de informática
1507301,GERADOR DE ENERGIA,27001,"Máquinas, aparelhos e materiais elétricos"
1507401,SECRETARIA ELETRONICA,26003,Material eletrônico e equip. de comunicações
1507402,SECRETARIA ELETRONICA -TELEFONE,26003,Material eletrônico e equip. de comunicações
1507501,TRITURADOR ELETRICO,27002,Eletrodomésticos
1507701,"ALTO-FALANTE, TWEETER, MEGAFONE, MICROFONE, ETC.",26003,Material eletrônico e equip. de comunicações
1507704,MICROFONE,26003,Material eletrônico e equip. de comunicações
1507705,ALTO-FALANTE,26003,Material eletrônico e equip. de comunicações
1507801,"CONTROLE REMOTO DE TV, SOM, VIDEOCASSETE, ETC.",26003,Material eletrônico e equip. de comunicações
1507802,CONTROLE REMOTO DE TV,26003,Material eletrônico e equip. de comunicações
1507901,APARELHO DE SOLDA,28003,Outras máquinas e equipamentos mecânicos
1508401,LAVADORA DE ALTA PRESSAO,27002,Eletrodomésticos
1508501,FORNO A GAS,27002,Eletrodomésticos
1508601,MASSAGEADOR ELETRICO,27002,Eletrodomésticos
1508702,ESCOVA ELETRICA,27002,Eletrodomésticos
1508801,MAQUINA DE FAZER PAO,27002,Eletrodomésticos
1508901,SANDUICHEIRA ELETRICA,27002,Eletrodomésticos
1509001,VAPORIZADOR ELETRICO,27002,Eletrodomésticos
1509002,NEBULIZADOR ELETRICO,27002,Eletrodomésticos
1509101,TELEVISAO E RADIO ACOPLADOS,26003,Material eletrônico e equip. de comunicações
1509301,TELEVISAO E VIDEOCASSETE ACOPLADOS,26003,Material eletrônico e equip. de comunicações
1509401,ANTENA PARABOLICA E EQUIPAMENTOS,26003,Material eletrônico e equip. de comunicações
1509402,RECEPTOR DE ANTENA PARABOLICA,26003,Material eletrônico e equip. de comunicações
1509601,LAVADORA A VAPOR,27002,Eletrodomésticos
1509801,SUPORTE ELETRICO PARA GARRAFAO DE AGUA,27002,Eletrodomésticos
1509802,GELAGUA,27002,Eletrodomésticos
1509803,BEBEDOURO,27002,Eletrodomésticos
1509901,UMIDIFICADOR DE AR,27002,Eletrodomésticos
1510001,TORNEIRA ELETRICA,27002,Eletrodomésticos
1510101,HOME THEATER,26003,Material eletrônico e equip. de comunicações
1510201,IOGURTEIRA,27002,Eletrodomésticos
1510301,FILTRO ELETRICO,27002,Eletrodomésticos
1510401,ESTUFA ELETRICA,27002,Eletrodomésticos
1510601,PALM TOP,26002,Máquinas para escritório e equip. de informática
1510603,PALM,26002,Máquinas para escritório e equip. de informática
1510801,MOTOR DE MAQUINA DE COSTURA,27002,Eletrodomésticos
1510901,AQUECEDOR DE AGUA ELETRICO,27002,Eletrodomésticos
1510902,MERGULHAO,27002,Eletrodomésticos
1511001,MAQUINA DE BATER ACAI ELETRICA,27002,Eletrodomésticos
1511101,MARMITA ELETRICA,27002,Eletrodomésticos
1511201,MAQUINA DE CORTAR PISO,28003,Outras máquinas e equipamentos mecânicos
1511701,MAQUINA DE POLIR,28003,Outras máquinas e equipamentos mecânicos
1512002,APARELHO NAVEGADOR DE INTERNET,26002,Máquinas para escritório e equip. de informática
1512101,FONTE DE ALIMENTACAO DE APARELHO ELETRONICO,27001,"Máquinas, aparelhos e materiais elétricos"
1512102,ELIMINADOR DE PILHAS,27002,Eletrodomésticos
1512201,MOEDOR DE CAFE ELETRICO,27002,Eletrodomésticos
1512301,ACESSORIOS DE VIDEO GAME,27002,Eletrodomésticos
1512401,FOGAO A GAS,27002,Eletrodomésticos
1512501,"BINOCULO, LUNETA, TELESCOPIO E LUPA",26004,"Equip. de medida, teste e controle, ópticos e eletromédicos"
1512502,LUNETA,26004,"Equip. de medida, teste e controle, ópticos e eletromédicos"
1512504,LUPA,26004,"Equip. de medida, teste e controle, ópticos e eletromédicos"
1512505,BINOCULO,26004,"Equip. de medida, teste e controle, ópticos e eletromédicos"
1512601,FILMADORA,26004,"Equip. de medida, teste e controle, ópticos e eletromédicos"
1512701,MAQUINA FOTOGRAFICA,26004,"Equip. de medida, teste e controle, ópticos e eletromédicos"
1512702,CAMERA FOTOGRAFICA DIGITAL,26004,"Equip. de medida, teste e controle, ópticos e eletromédicos"
1512801,CALCULADORA MECANICA,31802,Produtos de industrias diversas
1512901,CALCULADORA E AGENDA ELETRONICA,27002,Eletrodomésticos
1512902,CALCULADORA ELETRONICA,27002,Eletrodomésticos
1513101,MAQUINA DE ESCREVER ELETRICA,27002,Eletrodomésticos
1513201,CHURRASQUEIRA,25001,"Produtos de metal, excl. máquinas e equipamentos"
1513301,APARELHO DE CHA OU CAFE,23003,"Vidros, cerâmicos e outros prod. de minerais não-metálicos"
1513401,APARELHO DE JANTAR,23003,"Vidros, cerâmicos e outros prod. de minerais não-metálicos"
1513402,CONJUNTO DE JANTAR,23003,"Vidros, cerâmicos e outros prod. de minerais não-metálicos"
1513403,JOGO DE JANTAR,23003,"Vidros, cerâmicos e outros prod. de minerais não-metálicos"
1513601,BATERIA DE COZINHA,25001,"Produtos de metal, excl. máquinas e equipamentos"
1513602,CONJUNTO DE PANELAS,25001,"Produtos de metal, excl. máquinas e equipamentos"
1513603,JOGO DE PANELAS,25001,"Produtos de metal, excl. máquinas e equipamentos"
1513701,FAQUEIRO,25001,"Produtos de metal, excl. máquinas e equipamentos"
1513801,CONJUNTO COMPLETO DE COPOS FINOS OU DE LUXO,23003,"Vidros, cerâmicos e outros prod. de minerais não-metálicos"
1513802,JOGO COMPLETO DE COPOS FINOS OU DE LUXO,23003,"Vidros, cerâmicos e outros prod. de minerais não-metálicos"
1513901,SUPORTE DE TV GIRATORIO,31802,Produtos de industrias diversas
1514001,FILTRO DE AGUA,31802,Produtos de industrias diversas
1514002,FILTRO DE AGUA A VELA,31802,Produtos de industrias diversas
1514102,ACENDEDOR DE FOGAO,31802,Produtos de industrias diversas
1514201,MAQUINA DE COSTURA MANUAL,28003,Outras máquinas e equipamentos mecânicos
1514202,MINI MAQUINA DE COSTURA MANUAL,28003,Outras máquinas e equipamentos mecânicos
1514301,HADFONE,26003,Material eletrônico e equip. de comunicações
1514302,FONE DE OUVIDO,26003,Material eletrônico e equip. de comunicações
1514401,"FURADEIRA, LIXADEIRA, ESMERIL E SERRA ELETRICA",28003,Outras máquinas e equipamentos mecânicos
1514402,SERRADEIRA ELETRICA,28003,Outras máquinas e equipamentos mecânicos
1514403,LIXADEIRA ELETRICA,28003,Outras máquinas e equipamentos mecânicos
1514404,ESMERIL ELETRICO,28003,Outras máquinas e equipamentos mecânicos
1514405,FURADEIRA ELETRICA,28003,Outras máquinas e equipamentos mecânicos
1514406,SERRA MARMORE,28003,Outras máquinas e equipamentos mecânicos
1514407,PLAINA ELETRICA,28003,Outras máquinas e equipamentos mecânicos
1514701,EQUALIZADOR,26003,Material eletrônico e equip. de comunicações
1514801,APARELHO TELEFONICO NAO-CELULAR,26003,Material eletrônico e equip. de comunicações
1514802,APARELHO DE TELEFONE RESIDENCIAL,26003,Material eletrônico e equip. de comunicações
1514901,LINHA TELEFONICA RESIDENCIAL,61001,"Telecomunicações, TV por assinatura e outros serv. relacionados"
1515001,CARRINHO DE FEIRA,25001,"Produtos de metal, excl. máquinas e equipamentos"
1515101,SECADOR DE ROUPA,27002,Eletrodomésticos
1515201,ESCADA,25001,"Produtos de metal, excl. máquinas e equipamentos"
1515301,LANTERNA DE PILHA,27001,"Máquinas, aparelhos e materiais elétricos"
1515401,TABUA DE PASSAR ROUPA,16001,"Produtos de madeira, exclusive móveis"
1515501,INTERFONE,26003,Material eletrônico e equip. de comunicações
1515801,BALANCA PARA PESSOAS,26004,"Equip. de medida, teste e controle, ópticos e eletromédicos"
1515802,BALANCA DE BANHEIRO,26004,"Equip. de medida, teste e controle, ópticos e eletromédicos"
1516002,MAQUINA PARA MASSAS,28003,Outras máquinas e equipamentos mecânicos
1516003,APARELHO PARA MACARRAO,28003,Outras máquinas e equipamentos mecânicos
1516005,CILINDROS PARA MASSAS,25001,"Produtos de metal, excl. máquinas e equipamentos"
1516101,RELOGIO DESPERTADOR,26004,"Equip. de medida, teste e controle, ópticos e eletromédicos"
1516301,CAMPAINHA MUSICAL,27001,"Máquinas, aparelhos e materiais elétricos"
1516303,CAMPAINHA,27001,"Máquinas, aparelhos e materiais elétricos"
1516401,BALANCA PARA ALIMENTOS,26004,"Equip. de medida, teste e controle, ópticos e eletromédicos"
1516801,CAFETEIRA NAO-ELETRICA,27002,Eletrodomésticos
1516901,BINA (IDENTIFICADOR DE TELEFONE),26003,Material eletrônico e equip. de comunicações
1516902,BINA,26003,Material eletrônico e equip. de comunicações
1517001,APARELHO PARA FONDUE,25001,"Produtos de metal, excl. máquinas e equipamentos"
1517101,APARELHO TELEFONICO COM BINA,26003,Material eletrônico e equip. de comunicações
1517201,APARELHO E LINHA TELEFONICA,61001,"Telecomunicações, TV por assinatura e outros serv. relacionados"
1517501,ANTENA TELEFONICA,26003,Material eletrônico e equip. de comunicações
1517701,SUPORTE PARA FORNO,31802,Produtos de industrias diversas
1517801,ACESSORIOS PARA MAQUINA FOTOGRAFICA,26004,"Equip. de medida, teste e controle, ópticos e eletromédicos"
1518001,FERRO A GAS,27002,Eletrodomésticos
1518201,FOGAREIRO,27002,Eletrodomésticos
1518401,BATERIA DE FILMADORA,27001,"Máquinas, aparelhos e materiais elétricos"
1518601,MAQUINA DE BATER ACAI MANUAL,27002,Eletrodomésticos
1518602,MAQUINA DE BATER ALIMENTOS MANUAL,27002,Eletrodomésticos
1518701,FORNO DE FERRO,27002,Eletrodomésticos
1518801,MAQUINA DE MOER MILHO MANUAL,27002,Eletrodomésticos
1518802,MAQUINA PARA RALAR MANDIOCA MANUAL,27002,Eletrodomésticos
1519001,PISCINA DE PLASTICO,31802,Produtos de industrias diversas
1519002,PISCINA DE FIBRA,31802,Produtos de industrias diversas
1519101,ANDADOR,31802,Produtos de industrias diversas
1519102,VOADOR (ANDADOR),31802,Produtos de industrias diversas
1519201,BEBE-CONFORTO,31802,Produtos de industrias diversas
1519401,RELOGIO DE MESA OU PAREDE,26004,"Equip. de medida, teste e controle, ópticos e eletromédicos"
1519402,RELOGIO DE MESA,26004,"Equip. de medida, teste e controle, ópticos e eletromédicos"
1519403,RELOGIO DE PAREDE,26004,"Equip. de medida, teste e controle, ópticos e eletromédicos"
1520001,PEN DRIVE,26002,Máquinas para escritório e equip. de informática
1520601,TOCADOR DE MP PLAYER,26003,Material eletrônico e equip. de comunicações
1520602,MP3 PLAYER,26003,Material eletrônico e equip. de comunicações
1520603,MP4 PLAYER,26003,Material eletrônico e equip. de comunicações
1520604,MP5 PLAYER,26003,Material eletrônico e equip. de comunicações
1520605,TOCADOR DE MP3/MP4/MP5,26003,Material eletrônico e equip. de comunicações
1520701,CARTAO DE MEMORIA,26002,Máquinas para escritório e equip. de informática
1520801,CERCA ELETRICA,26004,"Equip. de medida, teste e controle, ópticos e eletromédicos"
1520901,CAMERA DE SEGURANCA,26004,"Equip. de medida, teste e controle, ópticos e eletromédicos"
1521001,RECARREGADOR DE PILHAS,27002,Eletrodomésticos
1521101,APARELHO DE FAZER PIPOCA ELETRICO,27002,Eletrodomésticos
1521201,ALMOFADA TERMICA VIBRATORIA,27002,Eletrodomésticos
1521301,ANTENA DE INTERNET VIA RADIO,26003,Material eletrônico e equip. de comunicações
1521401,MAQUINA DE CORTAR CABELO ELETRICA,27002,Eletrodomésticos
1521601,PANELA ELETRICA,27002,Eletrodomésticos
1521602,JARRA ELETRICA,27002,Eletrodomésticos
1599901,AGREGADO,27002,Eletrodomésticos
1600101,ACESSORIOS DE INSTRUMENTOS MUSICAIS,31802,Produtos de industrias diversas
1600201,GUITARRA,31802,Produtos de industrias diversas
1600301,PIANO,31802,Produtos de industrias diversas
1600401,"VIOLAO, VIOLA",31802,Produtos de industrias diversas
1600501,CAVAQUINHO,31802,Produtos de industrias diversas
1600601,ORGAO E TECLADO,31802,Produtos de industrias diversas
1600602,TECLADO,31802,Produtos de industrias diversas
1600701,ACORDEAO,31802,Produtos de industrias diversas
1600801,FLAUTA,31802,Produtos de industrias diversas
1600901,GAITA,31802,Produtos de industrias diversas
1601001,BATERIA MUSICAL,31802,Produtos de industrias diversas
1601101,CONTRABAIXO,31802,Produtos de industrias diversas
1601201,CITARA,31802,Produtos de industrias diversas
1601301,BERIMBAU,31802,Produtos de industrias diversas
1601401,SAXOFONE,31802,Produtos de industrias diversas
1601501,"TROMBONE, TROMPETE",31802,Produtos de industrias diversas
1601601,FERRAMENTAS EM GERAL,25001,"Produtos de metal, excl. máquinas e equipamentos"
1601602,"ALICATE E CHAVE (BOCA, ESTRIA, ETC.)",25001,"Produtos de metal, excl. máquinas e equipamentos"
1601603,CONJUNTO DE FERRAMENTAS,25001,"Produtos de metal, excl. máquinas e equipamentos"
1601604,CHAVE DE FENDA,25001,"Produtos de metal, excl. máquinas e equipamentos"
1601605,MARTELO,25001,"Produtos de metal, excl. máquinas e equipamentos"
1601606,SERRA MANUAL,25001,"Produtos de metal, excl. máquinas e equipamentos"
1601607,ARCO DE SERRA,25001,"Produtos de metal, excl. máquinas e equipamentos"
1601608,FURADEIRA MANUAL,25001,"Produtos de metal, excl. máquinas e equipamentos"
1601610,SERROTE,25001,"Produtos de metal, excl. máquinas e equipamentos"
1601611,ENXADA,25001,"Produtos de metal, excl. máquinas e equipamentos"
1601612,CAVADEIRA,25001,"Produtos de metal, excl. máquinas e equipamentos"
1601613,ANCINHO,25001,"Produtos de metal, excl. máquinas e equipamentos"
1601614,TERCADO,25001,"Produtos de metal, excl. máquinas e equipamentos"
1601615,PICARETA,25001,"Produtos de metal, excl. máquinas e equipamentos"
1601616,PE-DE-CABRA,25001,"Produtos de metal, excl. máquinas e equipamentos"
1601617,FOICE,25001,"Produtos de metal, excl. máquinas e equipamentos"
1601618,PENEIRA,25001,"Produtos de metal, excl. máquinas e equipamentos"
1601619,NIVEL,22002,Artigos de plástico
1601620,ESCALA,22002,Artigos de plástico
1601621,RISCADOR,25001,"Produtos de metal, excl. máquinas e equipamentos"
1601622,PONTEIRA,25001,"Produtos de metal, excl. máquinas e equipamentos"
1601623,CORTADOR DE AZULEJO,28003,Outras máquinas e equipamentos mecânicos
1601624,PA,25001,"Produtos de metal, excl. máquinas e equipamentos"
1601625,METRO,26004,"Equip. de medida, teste e controle, ópticos e eletromédicos"
1601626,MARRETA,25001,"Produtos de metal, excl. máquinas e equipamentos"
1601627,CHAVE INGLESA,25001,"Produtos de metal, excl. máquinas e equipamentos"
1601628,BROCA,25001,"Produtos de metal, excl. máquinas e equipamentos"
1601630,PLAINA,25001,"Produtos de metal, excl. máquinas e equipamentos"
1601631,FERRO DE SOLDAR,25001,"Produtos de metal, excl. máquinas e equipamentos"
1601632,MACARICO DE SOLDAR,25001,"Produtos de metal, excl. máquinas e equipamentos"
1601634,LIMA,25001,"Produtos de metal, excl. máquinas e equipamentos"
1601636,FORMAO,25001,"Produtos de metal, excl. máquinas e equipamentos"
1601637,CARRINHO DE MAO,25001,"Produtos de metal, excl. máquinas e equipamentos"
1601638,TESOURA DE CORTAR LATAO,25001,"Produtos de metal, excl. máquinas e equipamentos"
1601639,MACHADO,25001,"Produtos de metal, excl. máquinas e equipamentos"
1601640,CHAVE DE TESTE,25001,"Produtos de metal, excl. máquinas e equipamentos"
1601641,PISTOLA DE PINTURA,25001,"Produtos de metal, excl. máquinas e equipamentos"
1601642,REBITADEIRA,25001,"Produtos de metal, excl. máquinas e equipamentos"
1601643,TORNO DE MESA,25001,"Produtos de metal, excl. máquinas e equipamentos"
1601644,MORSA,25001,"Produtos de metal, excl. máquinas e equipamentos"
1601645,PODAO,25001,"Produtos de metal, excl. máquinas e equipamentos"
1601646,LAMINA DE SERRA,25001,"Produtos de metal, excl. máquinas e equipamentos"
1601647,SERRA (LAMINA DE ACO),25001,"Produtos de metal, excl. máquinas e equipamentos"
1601648,DESEMPENADEIRA,25001,"Produtos de metal, excl. máquinas e equipamentos"
1601649,COLHER DE PEDREIRO,25001,"Produtos de metal, excl. máquinas e equipamentos"
1601650,JOGO DE FERRAMENTAS,25001,"Produtos de metal, excl. máquinas e equipamentos"
1601652,ALICATE,25001,"Produtos de metal, excl. máquinas e equipamentos"
1601653,CHAVE DE BOCA,25001,"Produtos de metal, excl. máquinas e equipamentos"
1601654,CORRENTE DE MOTOSSERA,25001,"Produtos de metal, excl. máquinas e equipamentos"
1601655,DISCO DE SERRA,25001,"Produtos de metal, excl. máquinas e equipamentos"
1601656,FACAO (FERRAMENTA),25001,"Produtos de metal, excl. máquinas e equipamentos"
1601657,MANGUEIRA DE NIVEL,22002,Artigos de plástico
1601658,MULTIMETRO,25001,"Produtos de metal, excl. máquinas e equipamentos"
1601659,TESOURA DE JARDINEIRO,25001,"Produtos de metal, excl. máquinas e equipamentos"
1601660,TRENA METRICA,25001,"Produtos de metal, excl. máquinas e equipamentos"
1601661,PLANTADEIRA MANUAL,25001,"Produtos de metal, excl. máquinas e equipamentos"
1601701,CAIXA DE FERRAMENTAS,25001,"Produtos de metal, excl. máquinas e equipamentos"
1601801,COMPRA DE ANIMAL DOMESTICO,01921,"Bovinos e outros animais vivos, prods. animal, caça e serv."
1601802,ANIMAL DOMESTICO,01921,"Bovinos e outros animais vivos, prods. animal, caça e serv."
1601901,TOSADEIRA DE ANIMAL DOMESTICO,27002,Eletrodomésticos
1602001,ARTIGOS DE LONA OU PLASTICO PARA ACAMPAMENTO,13003,Art. têxteis de uso doméstico e outros têxteis
1602003,LONA PARA ACAMPAMENTO,13003,Art. têxteis de uso doméstico e outros têxteis
1602004,SACO DE DORMIR,13003,Art. têxteis de uso doméstico e outros têxteis
1602005,COLCHAO DE ACAMPAMENTO,13003,Art. têxteis de uso doméstico e outros têxteis
1602006,COLCHAO DE AR,22002,Artigos de plástico
1602101,FOGAO PARA CAMPING,27002,Eletrodomésticos
1602201,BARRACA DE ACAMPAMENTO,13003,Art. têxteis de uso doméstico e outros têxteis
1602301,LAMPIAO,31802,Produtos de industrias diversas
1602302,LAMPARINA,31802,Produtos de industrias diversas
1602401,TRATAMENTO DE SAUDE DE ANIMAL DOMESTICO,73801,Publicidade e outros serviços técnicos
1602402,VACINA PARA ANIMAL DOMESTICO,21001,Produtos farmacêuticos
1602403,INJECAO PARA ANIMAL DOMESTICO,21001,Produtos farmacêuticos
1602404,MEDICAMENTO PARA ANIMAL DOMESTICO,21001,Produtos farmacêuticos
1602405,REMEDIO PARA ANIMAL DOMESTICO,21001,Produtos farmacêuticos
1602406,FORTIFICANTE PARA ANIMAL DOMESTICO,21001,Produtos farmacêuticos
1602407,COLEIRA ANTI PULGA,21001,Produtos farmacêuticos
1602501,SERVICO DE HIGIENE DE ANIMAL DOMESTICO,94803,Serviços pessoais
1602502,TOSA DE PELOS DE ANIMAL DOMESTICO,94803,Serviços pessoais
1602504,BANHO DE ANIMAL DOMESTICO,94803,Serviços pessoais
1602505,BANHO E TOSA DE ANIMAL DOMESTICO,94803,Serviços pessoais
1602506,LIMPEZA DE DENTES DO CACHORRO,73801,Publicidade e outros serviços técnicos
1602601,VETERINARIO,73801,Publicidade e outros serviços técnicos
1602701,ADESTRAMENTO DE ANIMAL DOMESTICO,94803,Serviços pessoais
1602801,VIOLINO,31802,Produtos de industrias diversas
1602901,PANDEIRO,31802,Produtos de industrias diversas
1603001,CLARINETE,31802,Produtos de industrias diversas
1603101,BANJO,31802,Produtos de industrias diversas
1603201,ATABAQUE,31802,Produtos de industrias diversas
1603301,BERRANTE,31802,Produtos de industrias diversas
1603401,BONGO,31802,Produtos de industrias diversas
1603601,DJEMBE,31802,Produtos de industrias diversas
1603701,"TAM-TAM, CONGA",31802,Produtos de industrias diversas
1603801,"SURDO, REPINIQUE, TAMBOR, CAIXA, BUMBO",31802,Produtos de industrias diversas
1603901,OBJETO DE ANIMAL,31802,Produtos de industrias diversas
1603902,CORRENTE DE ANIMAL,31802,Produtos de industrias diversas
1603903,COLEIRA DE ANIMAL,31802,Produtos de industrias diversas
1603905,OBJETO PARA ANIMAL,31802,Produtos de industrias diversas
1603906,CORRENTE PARA ANIMAL,31802,Produtos de industrias diversas
1603907,COLEIRA PARA ANIMAL,31802,Produtos de industrias diversas
1603908,GAIOLA PARA ANIMAL,31802,Produtos de industrias diversas
1603909,ENFORCADOR DE ANIMAL,31802,Produtos de industrias diversas
1603912,FOCINHEIRA PARA ANIMAL,31802,Produtos de industrias diversas
1603913,CASA DE ANIMAL,31802,Produtos de industrias diversas
1603914,AGASALHO PARA ANIMAL,14001,Artigos do vestuário e acessórios
1603915,AREIA PARA GATO,05802,Minerais não-metálicos
1604001,MARACA,31802,Produtos de industrias diversas
1700101,ARCA COM OU SEM VITRINE OU ORATORIO,31801,Móveis
1700201,CADEIRA (SALA),31801,Móveis
1700202,CADEIRA (ESTAR E JANTAR),31801,Móveis
1700301,CARRINHO DE CHA OU DE BEBIDAS,31801,Móveis
1700302,CARRINHO DE CHA,31801,Móveis
1700402,CRISTALEIRA,31801,Móveis
1700501,CONJUNTO ESTOFADO,31801,Móveis
1700601,CONJUNTO ESTOFADO E MESINHA(S),31801,Móveis
1700701,ESTANTE,31801,Móveis
1700702,RACK,31801,Móveis
1700703,ARMARIO EMBUTIDO (SALA),31801,Móveis
1700704,ESTANTE EMBUTIDO (SALA),31801,Móveis
1700801,MESA E CADEIRAS (SALA),31801,Móveis
1700802,MESA E CADEIRAS (ESTAR E JANTAR),31801,Móveis
1700901,POLTRONA,31801,Móveis
1701001,SOFA OU SOFA-CAMA,31801,Móveis
1701002,SOFA,31801,Móveis
1701003,SOFA-CAMA,31801,Móveis
1701101,"MESA PARA TV, SOM, VIDEO E MICROCOMPUTADOR",31801,Móveis
1701102,MESA PARA TV,31801,Móveis
1701103,MESA PARA SOM,31801,Móveis
1701105,MESA PARA COMPUTADOR,31801,Móveis
1701106,MESA PARA MICROCOMPUTADOR,31801,Móveis
1701203,PORTA-REVISTA,31801,Móveis
1701301,CADEIRA DE BALANCO,31801,Móveis
1701401,MESINHA DE CENTRO,31801,Móveis
1701501,MESA (SALA),31801,Móveis
1701502,TAMPO DE MESA (SALA) (QUALQUER MATERIAL),31801,Móveis
1701503,BASE PARA MESA (SALA) (QUALQUER MATERIAL),31801,Móveis
1701504,MESA (ESTAR E JANTAR),31801,Móveis
1701601,BAU (SALA),31801,Móveis
1701701,BAR (SALA),31801,Móveis
1701702,BARZINHO (SALA),31801,Móveis
1701703,BAR,31801,Móveis
1701901,MOVEIS PARA SALA,31801,Móveis
1702001,"ARMARIO SIMPLES, DUPLEX OU EMBUTIDO (QUARTO DE ADULTO)",31801,Móveis
1702002,"ARMARIO SIMPLES, DUPLEX OU EMBUTIDO",31801,Móveis
1702003,ARMARIO SIMPLES,31801,Móveis
1702004,ARMARIO DUPLEX,31801,Móveis
1702005,ARMARIO EMBUTIDO,31801,Móveis
1702006,GUARDA ROUPA,31801,Móveis
1702007,GUARDA ROUPAS,31801,Móveis
1702101,"DORMITORIO COMPLETO (ARMARIO, CAMA, MESINHA, ETC.)",31801,Móveis
1702102,"DORMITORIO COMPLETO (ARMARIO, CAMA, ETC.)",31801,Móveis
1702201,"BICAMA, BELICHE OU TRILICHE",31801,Móveis
1702202,BELICHE,31801,Móveis
1702203,TRILICHE,31801,Móveis
1702204,BICAMA,31801,Móveis
1702301,CAMA (QUARTO ADULTO),31801,Móveis
1702302,CAMA,31801,Móveis
1702303,CAMA DE CASAL,31801,Móveis
1702304,CAMA BOX,31801,Móveis
1702401,COLCHAO (QUARTO ADULTO),31801,Móveis
1702402,COLCHAO DE ADULTO,31801,Móveis
1702403,COLCHAO INFLAVEL,31801,Móveis
1702501,COMODA (QUARTO ADULTO),31801,Móveis
1702502,COMODA,31801,Móveis
1702601,CONSOLE,31801,Móveis
1702701,PENTEADEIRA,31801,Móveis
1702801,GAVETEIRO,31801,Móveis
1702901,MESINHA DE CABECEIRA (QUARTO ADULTO),31801,Móveis
1702902,MESINHA DE CABECEIRA,31801,Móveis
1702903,CRIADO MUDO,31801,Móveis
1703001,CAMA E MESINHA DE CABECEIRA (QUARTO ADULTO),31801,Móveis
1703101,CABIDE DE PE,31801,Móveis
1703201,BAU (QUARTO ADULTO),31801,Móveis
1703301,DIVISORIA (QUARTO ADULTO),31801,Móveis
1703401,CADEIRA (QUARTO ADULTO),31801,Móveis
1703501,BANCO (SALA),31801,Móveis
1703601,MOVEL DE SAPATOS,31801,Móveis
1703602,SAPATARIA (MOVEL PARA SAPATOS),31801,Móveis
1703702,GABINETE (MOVEL PARA MAQUINA DE COSTURA),31801,Móveis
1703801,GUARDA LOUCA,31801,Móveis
1704001,ARMARIO (COPA E COZINHA),31801,Móveis
1704002,GABINETE DE PIA (COPA E COZINHA),31801,Móveis
1704101,"ARMARIO, MESA E CADEIRAS (COPA E COZINHA)",31801,Móveis
1704102,"ARMARIO, MESA E CADEIRAS",31801,Móveis
1704201,BANCO (COPA E COZINHA),31801,Móveis
1704202,BANCO,31801,Móveis
1704301,BUFE ( COPA E COZINHA),31801,Móveis
1704401,MESA E CADEIRAS (COPA E COZINHA),31801,Móveis
1704501,MESA (COPA E COZINHA),31801,Móveis
1704601,CADEIRA (COPA E COZINHA),31801,Móveis
1704701,BALCAO PARA PASSAR ROUPA,31801,Móveis
1704801,MESA E BANCOS NAO-ESPECIFICADOS,31801,Móveis
1704901,MOVEIS DE COPA E COZINHA NAO-ESPECIFICADOS,31801,Móveis
1705001,MESA E CADEIRAS NAO-ESPECIFICADAS,31801,Móveis
1705101,MESA NAO-ESPECIFICADA,31801,Móveis
1705201,GABINETE DE PIA (BANHEIRO),31801,Móveis
1705301,PUFE,31801,Móveis
1705401,CADEIRA PARA COMPUTADOR,31801,Móveis
1705402,CADEIRA GIRATORIA,31801,Móveis
1705501,MOVEIS PARA ESCRITORIO,31801,Móveis
1705601,MOVEIS DE QUARTO NAO-ESPECIFICADOS,31801,Móveis
1705701,MOVEIS NAO-ESPECIFICADOS,31801,Móveis
1705901,ARQUIVO DE ACO,31801,Móveis
1706001,ARMARIO (MOVEL INFANTIL),31801,Móveis
1706002,ARMARIO INFANTIL,31801,Móveis
1706101,"ARMARIO, CAMA E MESINHA DE CABECEIRA (MOVEIS INFANTIS)",31801,Móveis
1706102,ARMARIO CAMA E MESINHA DE CABECEIRA,31801,Móveis
1706201,PRATELEIRA,31801,Móveis
1706202,CANTONEIRA (PRATELEIRA),31801,Móveis
1706301,BERCO,31801,Móveis
1706303,,31801,Móveis
1706305,,31801,Móveis
1706501,CAMA (MOVEL INFANTIL),31801,Móveis
1706502,CAMA INFANTIL,31801,Móveis
1706601,CARRINHO DE BEBE E GONDOLA,30001,"Aeronaves, embarcações e outros equipamentos de transporte"
1706603,CARRINHO DE BEBE,30001,"Aeronaves, embarcações e outros equipamentos de transporte"
1706701,COLCHAO (INFANTIL),31801,Móveis
1706702,COLCHAO INFANTIL,31801,Móveis
1706801,MESINHA E CADEIRAS (MOVEIS INFANTIS),31801,Móveis
1706901,CERCADO,31801,Móveis
1706902,CERCADO DE CRIANCA,31801,Móveis
1707101,ARMARIO NAO-ESPECIFICADO,31801,Móveis
1707301,APARADOR,31801,Móveis
1707401,BANHEIRA COM TROCA-FRALDAS,22002,Artigos de plástico
1707501,CADEIRA NAO-ESPECIFICADA,31801,Móveis
1707601,CADEIRINHA (INFANTIL),31801,Móveis
1707602,CADEIRA PEQUENA (INFANTIL),31801,Móveis
1707603,CADEIRINHA,31801,Móveis
1707701,COMODA (MOVEL INFANTIL),31801,Móveis
1707702,COMODA INFANTIL,31801,Móveis
1707801,ESTANTE (MOVEL INFANTIL),31801,Móveis
1707901,MOVEIS DE QUARTO INFANTIL NAO-ESPECIFICADOS,31801,Móveis
1708001,"BANCO (JARDIM, VARANDA, ETC.)",31801,Móveis
1708002,BANCO DE JARDIM,31801,Móveis
1708003,BANCO DE VARANDA,31801,Móveis
1708101,"CADEIRA (JARDIM, VARANDA, ETC.)",31801,Móveis
1708102,CADEIRA DE JARDIM,31801,Móveis
1708103,CADEIRA DE VARANDA,31801,Móveis
1708201,GUARDA-SOL,31802,Produtos de industrias diversas
1708301,"MESA (JARDIM, VARANDA, ETC.)",31801,Móveis
1708302,MESA DE JARDIM,31801,Móveis
1708303,MESA DE VARANDA,31801,Móveis
1708401,"MESA COM CADEIRAS (JARDIM, VARANDA, ETC.)",31801,Móveis
1708402,MESA COM CADEIRAS DE JARDIM,31801,Móveis
1708403,MESA COM CADEIRAS DE VARANDA,31801,Móveis
1708501,REDE DE ADULTO E CRIANCA,13003,Art. têxteis de uso doméstico e outros têxteis
1708502,REDE DE ADULTO,13003,Art. têxteis de uso doméstico e outros têxteis
1708503,REDE DE CRIANCA,13003,Art. têxteis de uso doméstico e outros têxteis
1708601,ESPREGUICADEIRA,31801,Móveis
1708701,COLCHONETE,31801,Móveis
1708801,ESCRIVANINHA,31801,Móveis
1708901,MESA DE TELEFONE,31801,Móveis
1708902,"MESINHA DE TELEFONE, DE VENTILADOR, ETC.",31801,Móveis
1708903,MESINHA DE TELEFONE,31801,Móveis
1708904,MESINHA DE VENTILADOR,31801,Móveis
1709001,ARMARIO DE BANHEIRO (NAO PLASTICO),31801,Móveis
1709101,ESTEIRA DE DORMIR,16001,"Produtos de madeira, exclusive móveis"
1800101,TAPECARIA,13003,Art. têxteis de uso doméstico e outros têxteis
1800201,TAPETE DE SALA OU QUARTO,13003,Art. têxteis de uso doméstico e outros têxteis
1800301,PASSADEIRA,13003,Art. têxteis de uso doméstico e outros têxteis
1800401,TAPETE DE PANO,13003,Art. têxteis de uso doméstico e outros têxteis
1800501,TAPETE DE BANHEIRO (TECIDO),13003,Art. têxteis de uso doméstico e outros têxteis
1800601,ALMOFADA,13003,Art. têxteis de uso doméstico e outros têxteis
1800602,CAPA DE ALMOFADA,13003,Art. têxteis de uso doméstico e outros têxteis
1800603,PROTETOR DE BERCO,13003,Art. têxteis de uso doméstico e outros têxteis
1800604,ALMOFADA (PROTETOR DE BERCO),13003,Art. têxteis de uso doméstico e outros têxteis
1800605,ALMOFADAO (PROTETOR DE BERCO),13003,Art. têxteis de uso doméstico e outros têxteis
1800701,CAPA PARA SOFA,13003,Art. têxteis de uso doméstico e outros têxteis
1800801,CORTINA PRONTA (EXCETO DE PLASTICO),13003,Art. têxteis de uso doméstico e outros têxteis
1800901,ESCULTURA,31802,Produtos de industrias diversas
1801001,"LUMINARIA, ABAJUR, LUSTRE, GLOBO DE LUZ, ETC.",27001,"Máquinas, aparelhos e materiais elétricos"
1801002,ABAJUR,27001,"Máquinas, aparelhos e materiais elétricos"
1801003,LUSTRE,27001,"Máquinas, aparelhos e materiais elétricos"
1801004,GLOBO DE LUZ,27001,"Máquinas, aparelhos e materiais elétricos"
1801101,PECA DE LOUCA (DECORACAO),23003,"Vidros, cerâmicos e outros prod. de minerais não-metálicos"
1801102,LOUCA (PECA DE DECORACAO),23003,"Vidros, cerâmicos e outros prod. de minerais não-metálicos"
1801201,PECA DE METAL (EXCETO PRATA) (DECORACAO),25001,"Produtos de metal, excl. máquinas e equipamentos"
1801202,METAL EXCETO PRATA (PECA DE DECORACAO),25001,"Produtos de metal, excl. máquinas e equipamentos"
1801301,PECA DE PRATA (DECORACAO),25001,"Produtos de metal, excl. máquinas e equipamentos"
1801401,ESPELHO,23003,"Vidros, cerâmicos e outros prod. de minerais não-metálicos"
1801501,"QUADRO OU MOLDURA DE QUADRO, POSTER, PORTA-RETRATO, ETC.",16001,"Produtos de madeira, exclusive móveis"
1801502,TELA A OLEO,16001,"Produtos de madeira, exclusive móveis"
1801503,MOLDURA DE QUADRO OU FOTO,16001,"Produtos de madeira, exclusive móveis"
1801504,GRAVURA,58001,"Livros, jornais e revistas"
1801505,POSTER,58001,"Livros, jornais e revistas"
1801506,PORTA-RETRATO,16001,"Produtos de madeira, exclusive móveis"
1801601,PERSIANAS,22002,Artigos de plástico
1801701,PUFE,13003,Art. têxteis de uso doméstico e outros têxteis
1801801,AQUARIO ORNAMENTAL E EQUIPAMENTOS,31802,Produtos de industrias diversas
1801802,EQUIPAMENTOS DE AQUARIO ORNAMENTAL,31802,Produtos de industrias diversas
1801901,PECA DE CERAMICA (DECORACAO),23003,"Vidros, cerâmicos e outros prod. de minerais não-metálicos"
1801902,CERAMICA (PECA DE DECORACAO),23003,"Vidros, cerâmicos e outros prod. de minerais não-metálicos"
1802001,VELA DECORATIVA,31802,Produtos de industrias diversas
1802101,JARRO DE BARRO (DECORACAO),23002,"Artefatos de cimento, gesso e semelhantes"
1802201,PECA DE GESSO (DECORACAO),23002,"Artefatos de cimento, gesso e semelhantes"
1802202,GESSO (PECA DE DECORACAO),23002,"Artefatos de cimento, gesso e semelhantes"
1802301,GAIOLA (DECORACAO),16001,"Produtos de madeira, exclusive móveis"
1802401,PECA DE MADEIRA (DECORACAO),16001,"Produtos de madeira, exclusive móveis"
1802403,FLOREIRA DE MADEIRA,16001,"Produtos de madeira, exclusive móveis"
1802501,ENFEITE DE BERCO,13003,Art. têxteis de uso doméstico e outros têxteis
1802502,MOBILE (ENFEITE DE BERCO),13003,Art. têxteis de uso doméstico e outros têxteis
1802601,PECA DE CRISTAL (DECORACAO),23003,"Vidros, cerâmicos e outros prod. de minerais não-metálicos"
1802602,CRISTAL (PECA DE DECORACAO),23003,"Vidros, cerâmicos e outros prod. de minerais não-metálicos"
1802701,LEQUE (PECA DE DECORACAO),13003,Art. têxteis de uso doméstico e outros têxteis
1802801,BIBELO DE QUALQUER MATERIAL,31802,Produtos de industrias diversas
1802802,BONEQUINHOS DE QUALQUER MATERIAL (DECORACAO),31802,Produtos de industrias diversas
1802803,ARTESANATO DECORATIVO,31802,Produtos de industrias diversas
1802901,PECA DE PORCELANA (DECORACAO),23003,"Vidros, cerâmicos e outros prod. de minerais não-metálicos"
1802902,PORCELANA (PECA DE DECORACAO),23003,"Vidros, cerâmicos e outros prod. de minerais não-metálicos"
1803001,PECA DE VIDRO (DECORACAO),23003,"Vidros, cerâmicos e outros prod. de minerais não-metálicos"
1803002,VIDRO (PECA DE DECORACAO),23003,"Vidros, cerâmicos e outros prod. de minerais não-metálicos"
1803101,CINZEIRO,23003,"Vidros, cerâmicos e outros prod. de minerais não-metálicos"
1803201,ENFEITES DE ARVORE DE NATAL,31802,Produtos de industrias diversas
1803202,ARVORE DE NATAL (ARTIFICIAL),31802,Produtos de industrias diversas
1803203,ENFEITES DE NATAL,31802,Produtos de industrias diversas
1803204,ENFEITES DIVERSOS,31802,Produtos de industrias diversas
1803301,PECA DE PALHA (DECORACAO),16001,"Produtos de madeira, exclusive móveis"
1803302,PALHA (PECA DE DECORACAO),16001,"Produtos de madeira, exclusive móveis"
1803501,"BUZIOS, CONCHAS (DECORACAO)",16001,"Produtos de madeira, exclusive móveis"
1803601,SUPORTE DE BIBLIA,16001,"Produtos de madeira, exclusive móveis"
1803701,ISQUEIRO DE MESA,31802,Produtos de industrias diversas
1803801,PECA DE PLASTICO OU RESINA (DECORACAO),22002,Artigos de plástico
1803802,PLASTICO OU RESINA (PECA DE DECORACAO),22002,Artigos de plástico
1803901,PEDESTAL,16001,"Produtos de madeira, exclusive móveis"
1804002,CORDA (PECA DE DECORACAO),13003,Art. têxteis de uso doméstico e outros têxteis
1804201,PAPIRO,17002,"Papel, papelão, embalagens e artefatos de papel"
1804301,PECA DE TECIDO (DECORACAO),13002,Tecidos
1804302,TECIDO (PECA DE DECORACAO),13002,Tecidos
1804501,BANDO,13003,Art. têxteis de uso doméstico e outros têxteis
1804601,FLORES ARTIFICIAIS,31802,Produtos de industrias diversas
1804602,PECAS DE CONFECCAO DE FLORES ARTIFICIAIS,31802,Produtos de industrias diversas
1804603,FORMAS DE CONFECCAO DE FLORES ARTIFICIAIS,31802,Produtos de industrias diversas
1804604,PLANTAS ARTIFICIAIS,31802,Produtos de industrias diversas
1804701,PORTA-JOIAS,31802,Produtos de industrias diversas
1804801,CAIXINHA DE MUSICA,31802,Produtos de industrias diversas
1805001,PORTA-LAPISEIRA,31802,Produtos de industrias diversas
1805101,PORTA-CD,22002,Artigos de plástico
1805201,PEDRAS DECORATIVAS,05802,Minerais não-metálicos
1805301,PRESEPIO (DECORACAO),31802,Produtos de industrias diversas
1900101,EMPREGADA,97001,Serviços domésticos
1900102,EMPREGADO,97001,Serviços domésticos
1900201,COZINHEIRO,97001,Serviços domésticos
1900202,COZINHEIRA,97001,Serviços domésticos
1900301,FAXINEIRA,97001,Serviços domésticos
1900302,FAXINEIRO,97001,Serviços domésticos
1900401,BABA,97001,Serviços domésticos
1900501,JARDINEIRO,97001,Serviços domésticos
1900601,MOTORISTA,97001,Serviços domésticos
1900701,VIGIA,80001,"Serviços de vigilância, segurança e investigação"
1900702,ZELADOR,97001,Serviços domésticos
1900703,PORTEIRO,97001,Serviços domésticos
1900801,ARRUMADEIRA,97001,Serviços domésticos
1901101,CASEIRO,97001,Serviços domésticos
1901102,CASEIRA,97001,Serviços domésticos
1901201,ACOMPANHANTE,97001,Serviços domésticos
1901301,LAVADEIRA,97001,Serviços domésticos
1901401,AJUDANTE DE COZINHA,97001,Serviços domésticos
1901501,PASSADEIRA,97001,Serviços domésticos
1901701,LAVADEIRA E PASSADEIRA,97001,Serviços domésticos
1901702,PASSADEIRA E LAVADEIRA,97001,Serviços domésticos
1901801,GARCOM,94803,Serviços pessoais
1901901,CARREGADOR DE AGUA,94803,Serviços pessoais
1902001,LIMPADOR DE TERRENO (CAPINADOR),94803,Serviços pessoais
1902002,CAPINADOR (LIMPADOR DE TERRENO),94803,Serviços pessoais
1902003,LIMPADOR DE TERRENO,94803,Serviços pessoais
1902004,CAPINADOR,78801,Condomínios e serviços para edifícios
1902101,LIMPADOR DE PISCINA,78801,Condomínios e serviços para edifícios
1902102,LAVADOR DE PISCINA,78801,Condomínios e serviços para edifícios
1902201,LAVADOR DE CARRO,94803,Serviços pessoais
1902301,BISCATEIRO (SERVICOS DIVERSOS),94803,Serviços pessoais
1902302,BISCATEIRO,94803,Serviços pessoais
1902401,LIMPADOR DE FOSSA,78801,Condomínios e serviços para edifícios
1902501,ENFERMEIRA (SERVICO DOMESTICO),86921,Saúde privada
1902502,ENFERMEIRA,86921,Saúde privada
1902601,CARREGADOR DE LENHA,94803,Serviços pessoais
1902701,TRATADOR DE ANIMAIS,94803,Serviços pessoais
1902901,SERVENTE,94803,Serviços pessoais
2200101,"CORREIO (CARTA, SELO, ETC.)",52802,Correio e outros serviços de entrega
2200102,CARTA,52802,Correio e outros serviços de entrega
2200104,SELO,52802,Correio e outros serviços de entrega
2200105,ENCOMENDA,52802,Correio e outros serviços de entrega
2200107,ORDEM DE PAGAMENTO (CORREIO),52802,Correio e outros serviços de entrega
2200109,CAIXA POSTAL,52802,Correio e outros serviços de entrega
2200111,FAX SIMILE,52802,Correio e outros serviços de entrega
2200112,SEDEX,52802,Correio e outros serviços de entrega
2200201,TELEFONE PUBLICO,61001,"Telecomunicações, TV por assinatura e outros serv. relacionados"
2200202,FICHA TELEFONICA,61001,"Telecomunicações, TV por assinatura e outros serv. relacionados"
2200203,CARTAO TELEFONICO,61001,"Telecomunicações, TV por assinatura e outros serv. relacionados"
2200301,TELEGRAMA FONADO,52802,Correio e outros serviços de entrega
2200401,TELEMENSAGEM,61001,"Telecomunicações, TV por assinatura e outros serv. relacionados"
2200501,ACESSO A INTERNET EM LOJA,61001,"Telecomunicações, TV por assinatura e outros serv. relacionados"
2200502,USO DE INTERNET,61001,"Telecomunicações, TV por assinatura e outros serv. relacionados"
2200503,SALA DE INTERNET,61001,"Telecomunicações, TV por assinatura e outros serv. relacionados"
2300101,ONIBUS URBANO,49002,Transporte terrestre de passageiros
2300201,TREM,49002,Transporte terrestre de passageiros
2300301,TAXI,49002,Transporte terrestre de passageiros
2300302,AUTOMOVEL DE ALUGUEL (TAXI),49002,Transporte terrestre de passageiros
2300401,METRO,49002,Transporte terrestre de passageiros
2300501,BARCA,50001,Transporte aquaviário
2300502,BARCO,50001,Transporte aquaviário
2300504,CANOA,50001,Transporte aquaviário
2300505,CANOA MOTORIZADA,50001,Transporte aquaviário
2300506,CATRAIA,50001,Transporte aquaviário
2300508,AEROBARCO,50001,Transporte aquaviário
2300509,FERRY-BOAT,50001,Transporte aquaviário
2300510,BALSA,50001,Transporte aquaviário
2300601,ALCOOL (COMBUSTIVEL DE VEICULO),19921,Etanol e outros biocombustíveis
2300701,GASOLINA COMUM (COMBUSTIVEL DE VEICULO),19912,Gasoálcool
2300801,ESTACIONAMENTO,52801,Armazenamento e serviços auxiliares aos transportes
2300802,FLANELINHA,52801,Armazenamento e serviços auxiliares aos transportes
2300803,ESTACIONAMENTO EM SHOPPING,52801,Armazenamento e serviços auxiliares aos transportes
2300901,PEDAGIO,52801,Armazenamento e serviços auxiliares aos transportes
2301001,INTEGRACAO ONIBUS-METRO,49002,Transporte terrestre de passageiros
2301101,INTEGRACAO TREM-METRO,49002,Transporte terrestre de passageiros
2301201,BICICLETA,30001,"Aeronaves, embarcações e outros equipamentos de transporte"
2301301,OLEO DIESEL (COMBUSTIVEL DE VEICULO),19915,Diesel - biodiesel
2301601,INTEGRACAO TREM-ONIBUS,49002,Transporte terrestre de passageiros
2301701,QUEROSENE (COMBUSTIVEL DE VEICULO),19916,Outros produtos do refino do petróleo
2301801,GAS VEICULAR,35001,"Eletricidade, gás e outras utilidades"
2301901,LAVAGEM SEM LUBRIFICACAO,52801,Armazenamento e serviços auxiliares aos transportes
2301902,LAVA-JATO,28003,Outras máquinas e equipamentos mecânicos
2302001,ONIBUS INTERMUNICIPAL,49002,Transporte terrestre de passageiros
2302101,ONIBUS INTERESTADUAL,49002,Transporte terrestre de passageiros
2302201,AVIAO,51001,Transporte aéreo
2302301,TRANSPORTE ALTERNATIVO,49002,Transporte terrestre de passageiros
2302302,LOTADA,49002,Transporte terrestre de passageiros
2302303,KOMBI,49002,Transporte terrestre de passageiros
2302304,VAN,49002,Transporte terrestre de passageiros
2302305,CAMINHAO,49002,Transporte terrestre de passageiros
2302306,CAMIONETE,49002,Transporte terrestre de passageiros
2302307,CARONA EM AUTOMOVEL,49002,Transporte terrestre de passageiros
2302309,TRATOR,49001,Transporte terrestre de carga
2302501,BANHEIRO PUBLICO,84001,Serviços coletivos da administração pública
2302601,MOTO-TAXI,49002,Transporte terrestre de passageiros
2302602,TAXI-MOTO,49002,Transporte terrestre de passageiros
2302801,GASOLINA ESPECIAL (COMBUSTIVEL DE VEICULO),19912,Gasoálcool
2302802,GASOLINA ADITIVADA (COMBUSTIVEL DE VEICULO),19912,Gasoálcool
2400101,ALMOCO OU JANTAR A PESO,56001,Serviços  de alimentação
2400102,ALMOCO A PESO,56001,Serviços  de alimentação
2400103,JANTAR A PESO,56001,Serviços  de alimentação
2400104,ALMOCO A PESO E BEBIDA,56001,Serviços  de alimentação
2400105,JANTAR A PESO E BEBIDA,56001,Serviços  de alimentação
2400106,ALMOCO A PESO E SOBREMESA,56001,Serviços  de alimentação
2400107,JANTAR A PESO E SOBREMESA,56001,Serviços  de alimentação
2400108,"ALMOCO A PESO, BEBIDA E SOBREMESA",56001,Serviços  de alimentação
2400109,"JANTAR A PESO, BEBIDA E SOBREMESA",56001,Serviços  de alimentação
2400201,LEITE,56001,Serviços  de alimentação
2400301,PAO COM OU SEM MANTEIGA,56001,Serviços  de alimentação
2400302,PAO COM MANTEIGA,56001,Serviços  de alimentação
2400303,PAO SEM MANTEIGA,56001,Serviços  de alimentação
2400304,PAO DOCE,56001,Serviços  de alimentação
2400305,PAO DE FORMA,56001,Serviços  de alimentação
2400306,PAO FRANCES,10937,Outros produtos alimentares
2400401,SANDUICHE,56001,Serviços  de alimentação
2400402,CACHORRO QUENTE,56001,Serviços  de alimentação
2400403,CHEESE BURGUER,56001,Serviços  de alimentação
2400404,BAURU,56001,Serviços  de alimentação
2400405,AMERICANO,56001,Serviços  de alimentação
2400406,"TORRADA COM QUEIJO, PRESUNTO OU OVO",56001,Serviços  de alimentação
2400407,HAMBURGUER,56001,Serviços  de alimentação
2400408,CHEESE EGG,56001,Serviços  de alimentação
2400409,MISTO QUENTE OU FRIO,56001,Serviços  de alimentação
2400410,CHEESE TUDO,56001,Serviços  de alimentação
2400411,EGGSBURGUER,56001,Serviços  de alimentação
2400412,SANDUICHE DE QUEIJO PRATO,56001,Serviços  de alimentação
2400413,SANDUICHE DE SALAME,56001,Serviços  de alimentação
2400414,SANDUICHE DE PRESUNTO,56001,Serviços  de alimentação
2400415,SANDUICHE DE QUEIJO PRATO COM PRESUNTO,56001,Serviços  de alimentação
2400416,SANDUICHE DE MORTADELA,56001,Serviços  de alimentação
2400417,SANDUICHE DE QUEIJO MINAS,56001,Serviços  de alimentação
2400501,CAFEZINHO,56001,Serviços  de alimentação
2400502,CAFE TIPO EXPRESSO,56001,Serviços  de alimentação
2400503,CAFE TIPO CAPUCCINO,56001,Serviços  de alimentação
2400601,REFRIGERANTE DE COLA,56001,Serviços  de alimentação
2400602,COCA-COLA,56001,Serviços  de alimentação
2400603,PEPSI-COLA,56001,Serviços  de alimentação
2400701,VITAMINA,56001,Serviços  de alimentação
2400702,VITAMINA DE FRUTAS OU VEGETAIS,56001,Serviços  de alimentação
2400703,VITAMINA DE BANANA,56001,Serviços  de alimentação
2400705,VITAMINA DE MAMAO,56001,Serviços  de alimentação
2400706,VITAMINA DE ABACATE,56001,Serviços  de alimentação
2400707,VITAMINA DE MORANGO,56001,Serviços  de alimentação
2400708,VITAMINA MISTA,56001,Serviços  de alimentação
2400801,BALA OU CHICLETE,10937,Outros produtos alimentares
2400802,BALA,10937,Outros produtos alimentares
2400803,CHICLETE,10937,Outros produtos alimentares
2400804,PIRULITO,10937,Outros produtos alimentares
2400901,AGUARDENTE,56001,Serviços  de alimentação
2400902,CACHACA,56001,Serviços  de alimentação
2400903,PINGA,56001,Serviços  de alimentação
2401001,CERVEJA CLARA OU PRETA,56001,Serviços  de alimentação
2401002,CERVEJA CLARA,56001,Serviços  de alimentação
2401003,CERVEJA PRETA,11001,Bebidas
2401004,CERVEJA SEM ALCOOL,11001,Bebidas
2401101,OUTRAS BEBIDAS ALCOOLICAS,56001,Serviços  de alimentação
2401102,CAIPIRINHA,56001,Serviços  de alimentação
2401201,CHOPP CLARO OU ESCURO,56001,Serviços  de alimentação
2401202,CHOPE CLARO OU ESCURO,56001,Serviços  de alimentação
2401301,IOGURTE,56001,Serviços  de alimentação
2401302,IOGURTE DE SABORES,56001,Serviços  de alimentação
2401401,FRUTA,56001,Serviços  de alimentação
2401402,BANANA,56001,Serviços  de alimentação
2401403,LARANJA,56001,Serviços  de alimentação
2401404,MACA,56001,Serviços  de alimentação
2401405,MANGA,56001,Serviços  de alimentação
2401406,PERA,01919,Outros produtos da lavoura permanente
2401407,PUPUNHA,02801,Produtos da exploração florestal e da silvicultura
2401408,ATA,01919,Outros produtos da lavoura permanente
2401501,SALADA DE FRUTAS,56001,Serviços  de alimentação
2401601,CAFE COM LEITE,56001,Serviços  de alimentação
2401701,AGUA TONICA,11001,Bebidas
2401801,BISCOITO DOCE,56001,Serviços  de alimentação
2401802,BOLACHA DOCE,56001,Serviços  de alimentação
2401803,BISCOITO WAFFER,10937,Outros produtos alimentares
2401901,BISCOITO SALGADO,56001,Serviços  de alimentação
2401902,BOLACHA SALGADA,56001,Serviços  de alimentação
2402001,ACAI (EMULSAO),56001,Serviços  de alimentação
2402002,ACAI COM GRANOLA,56001,Serviços  de alimentação
2402101,"CALDO DE CARURU, CARNE, FEIJAO OU MOCOTO",56001,Serviços  de alimentação
2402102,CALDO DE CARURU,56001,Serviços  de alimentação
2402103,CALDO DE CARNE,56001,Serviços  de alimentação
2402104,CALDO DE FEIJAO,56001,Serviços  de alimentação
2402105,CALDO DE MOCOTO,56001,Serviços  de alimentação
2402201,CHA PREPARADO,56001,Serviços  de alimentação
2402202,CHA MATE PREPARADO,56001,Serviços  de alimentação
2402203,CHA PRETO PREPARADO,56001,Serviços  de alimentação
2402301,REFRIGERANTE DE GUARANA,56001,Serviços  de alimentação
2402302,GUARANA,56001,Serviços  de alimentação
2402303,TUBAINA,11001,Bebidas
2402401,BEBIDA ISOTONICA,11001,Bebidas
2402402,GATORADE,11001,Bebidas
2402501,AGUA MINERAL,56001,Serviços  de alimentação
2402502,AGUA MINERAL COM GAS,56001,Serviços  de alimentação
2402503,AGUA MINERAL SEM GAS,56001,Serviços  de alimentação
2402504,AGUA GASEIFICADA COM SABOR,56001,Serviços  de alimentação
2402505,H2O LIMAO,56001,Serviços  de alimentação
2402601,SUCO DE FRUTAS OU VEGETAIS,56001,Serviços  de alimentação
2402602,SUCO DE FRUTAS,56001,Serviços  de alimentação
2402603,SUCO DE VEGETAIS,56001,Serviços  de alimentação
2402604,SUCO DE ABACAXI,56001,Serviços  de alimentação
2402605,SUCO DE ACEROLA,56001,Serviços  de alimentação
2402607,SUCO DE CUPUACU,56001,Serviços  de alimentação
2402608,SUCO DE GOIABA,56001,Serviços  de alimentação
2402609,SUCO DE LARANJA,56001,Serviços  de alimentação
2402612,SUCO DE LARANJA E CENOURA,56001,Serviços  de alimentação
2402613,"SUCO DE LARANJA, CENOURA E BETERRABA",56001,Serviços  de alimentação
2402615,SUCO DE MANGA,56001,Serviços  de alimentação
2402616,SUCO DE MARACUJA,56001,Serviços  de alimentação
2402617,SUCO DE MELAO,56001,Serviços  de alimentação
2402618,SUCO DE MORANGO,56001,Serviços  de alimentação
2402619,SUCO DE PESSEGO,56001,Serviços  de alimentação
2402621,CALDO DE CANA,56001,Serviços  de alimentação
2402622,CAJUINA (SUCO),56001,Serviços  de alimentação
2402701,REFRESCO DE FRUTAS,56001,Serviços  de alimentação
2402702,REFRESCO DE MARACUJA,56001,Serviços  de alimentação
2402703,REFRESCO DE CAJU,56001,Serviços  de alimentação
2402704,REFRESCO DE GROSELHA,56001,Serviços  de alimentação
2402705,REFRESCO DE LARANJA,56001,Serviços  de alimentação
2402801,YAKULT,56001,Serviços  de alimentação
2402901,COALHADA,10916,Outros produtos do laticínio
2403001,AGUA DE COCO,56001,Serviços  de alimentação
2403002,COCO VERDE (AGUA DE COCO),56001,Serviços  de alimentação
2403101,BEBIDA ENERGETICA,11001,Bebidas
2403102,RED BULL,11001,Bebidas
2403104,FLASH POWER,11001,Bebidas
2403201,LEITE DE SOJA,10931,"Conservas de frutas, legumes, outros vegetais e sucos de frutas"
2403301,LEITE ACHOCOLATADO INDUSTRIALIZADO,10931,"Conservas de frutas, legumes, outros vegetais e sucos de frutas"
2403302,TODDYNHO,11001,Bebidas
2403303,LEITE ACHOCOLATADO TODDYNHO,11001,Bebidas
2403304,ACHOCOLATADO INDUSTRIALIZADO,11001,Bebidas
2403401,CHOCOLATE PREPARADO,11001,Bebidas
2403501,ALMOCO OU JANTAR A LA CARTE,56001,Serviços  de alimentação
2403502,ALMOCO A LA CARTE,56001,Serviços  de alimentação
2403503,JANTAR A LA CARTE,56001,Serviços  de alimentação
2403504,ALMOCO A LA CARTE E BEBIDA,56001,Serviços  de alimentação
2403505,JANTAR A LA CARTE E BEBIDA,56001,Serviços  de alimentação
2403506,ALMOCO A LA CARTE E SOBREMESA,56001,Serviços  de alimentação
2403507,JANTAR A LA CARTE E SOBREMESA,56001,Serviços  de alimentação
2403508,"ALMOCO A LA CARTE, BEBIDA E SOBREMESA",56001,Serviços  de alimentação
2403509,"JANTAR A LA CARTE, BEBIDA E SOBREMESA",56001,Serviços  de alimentação
2403601,ALMOCO OU JANTAR FAST FOOD,56001,Serviços  de alimentação
2403602,ALMOCO FAST FOOD,56001,Serviços  de alimentação
2403603,JANTAR FAST FOOD,56001,Serviços  de alimentação
2403604,ALMOCO FAST FOOD E BEBIDA,56001,Serviços  de alimentação
2403605,JANTAR FAST FOOD E BEBIDA,56001,Serviços  de alimentação
2403606,ALMOCO FAST FOOD E SOBREMESA,56001,Serviços  de alimentação
2403608,"ALMOCO FAST FOOD, BEBIDA E SOBREMESA",56001,Serviços  de alimentação
2403609,"JANTAR FAST FOOD, BEBIDA E SOBREMESA",56001,Serviços  de alimentação
2403701,SALGADOS OU TIRA-GOSTO,56001,Serviços  de alimentação
2403702,PASTEL,56001,Serviços  de alimentação
2403703,CROQUETE,56001,Serviços  de alimentação
2403704,BOLINHO SALGADO,56001,Serviços  de alimentação
2403705,COXINHA,56001,Serviços  de alimentação
2403706,EMPADA,56001,Serviços  de alimentação
2403707,RISOLE,56001,Serviços  de alimentação
2403708,PIZZA EM PEDACO,56001,Serviços  de alimentação
2403709,TIRA-GOSTO,56001,Serviços  de alimentação
2403710,PORCAO DE QUEIJO,56001,Serviços  de alimentação
2403711,ACARAJE,56001,Serviços  de alimentação
2403712,OVO COZIDO,56001,Serviços  de alimentação
2403713,CHURRASQUINHO (ESPETINHO),56001,Serviços  de alimentação
2403714,PORCAO DE PEIXE FRITO,56001,Serviços  de alimentação
2403715,BATATA FRITA,56001,Serviços  de alimentação
2403716,CARANGUEJO,56001,Serviços  de alimentação
2403717,REQUEIJAO,56001,Serviços  de alimentação
2403718,PORCAO DE SALAME,56001,Serviços  de alimentação
2403719,PORCAO DE SALAMINHO,56001,Serviços  de alimentação
2403720,PORCAO DE CARNE,56001,Serviços  de alimentação
2403721,AMENDOIN SALGADO,10931,"Conservas de frutas, legumes, outros vegetais e sucos de frutas"
2403722,CASTANHA DE CAJU,10931,"Conservas de frutas, legumes, outros vegetais e sucos de frutas"
2403723,TABUA DE FRIOS,56001,Serviços  de alimentação
2403724,ESPETINHO DE CARNE,56001,Serviços  de alimentação
2403725,QUEIJO COALHO,56001,Serviços  de alimentação
2403726,SALSICHAO,56001,Serviços  de alimentação
2403727,ENROLADINHO,56001,Serviços  de alimentação
2403728,QUIBE,56001,Serviços  de alimentação
2403729,ESFIRRA,56001,Serviços  de alimentação
2403730,CREPE,56001,Serviços  de alimentação
2403731,TORTA SALGADA,56001,Serviços  de alimentação
2403732,ESPIGA DE MILHO ASSADA OU COZIDA,56001,Serviços  de alimentação
2403733,MILHO ASSADO OU COZIDO,56001,Serviços  de alimentação
2403734,TUBERCULOS,56001,Serviços  de alimentação
2403735,BATATA DOCE,01916,Outros produtos e serviços da lavoura temporária
2403736,INHAME,01916,Outros produtos e serviços da lavoura temporária
2403737,TAPIOCA SALGADA,56001,Serviços  de alimentação
2403738,ABARA,56001,Serviços  de alimentação
2403739,ESFIRRA DE CARNE,56001,Serviços  de alimentação
2403740,ESFIRRA DE QUEIJO,56001,Serviços  de alimentação
2403742,ESFIRRA DE FRANGO,56001,Serviços  de alimentação
2403743,PAO DE QUEIJO,56001,Serviços  de alimentação
2403744,QUEIJO PRATO,56001,Serviços  de alimentação
2403745,QUEIJO MINAS FRESCAL,56001,Serviços  de alimentação
2403746,BARRA DE CEREAL SALGADA,56001,Serviços  de alimentação
2403747,PIPOCA SALGADA,56001,Serviços  de alimentação
2403801,ALMOCO OU JANTAR (OUTROS TIPOS),56001,Serviços  de alimentação
2403802,ALMOCO OU JANTAR (PRATO FEITO),56001,Serviços  de alimentação
2403803,ALMOCO OU JANTAR (QUENTINHA),56001,Serviços  de alimentação
2403804,ALMOCO OU JANTAR (MARMITA),56001,Serviços  de alimentação
2403805,ALMOCO OU JANTAR (BANDEJAO),56001,Serviços  de alimentação
2403807,SOPA DE QUALQUER TIPO,56001,Serviços  de alimentação
2403808,TACACA,56001,Serviços  de alimentação
2403809,VATAPA,56001,Serviços  de alimentação
2403901,SANDUICHE NATURAL,56001,Serviços  de alimentação
2404001,ALMOCO OU JANTAR NAO-ESPECIFICADO,56001,Serviços  de alimentação
2404101,LANCHE,56001,Serviços  de alimentação
2404102,SALGADO E SUCO,56001,Serviços  de alimentação
2404103,BOLACHA E SUCO,56001,Serviços  de alimentação
2404104,SANDUICHE E SUCO,56001,Serviços  de alimentação
2404105,ACARAJE E REFRIGERANTE,56001,Serviços  de alimentação
2404106,BATATA FRITA E REFRIGERANTE,56001,Serviços  de alimentação
2404107,SANDUICHE E REFRIGERANTE,56001,Serviços  de alimentação
2404108,SALGADO E REFRIGERANTE,56001,Serviços  de alimentação
2404109,BOLO E REFRIGERANTE,56001,Serviços  de alimentação
2404110,"SANDUICHE, BATATA FRITA E REFRIGERANTE",56001,Serviços  de alimentação
2404111,"SANDUICHE, SALGADO E REFRIGERANTE",56001,Serviços  de alimentação
2404112,SALGADO E CERVEJA,56001,Serviços  de alimentação
2404113,PORCAO E CERVEJA,56001,Serviços  de alimentação
2404114,SALGADO E VITAMINA,56001,Serviços  de alimentação
2404115,SANDUICHE E REFRESCO,56001,Serviços  de alimentação
2404116,SALGADO E REFRESCO,56001,Serviços  de alimentação
2404201,CAFE DA MANHA,56001,Serviços  de alimentação
2404202,CAFE E PAO,56001,Serviços  de alimentação
2404203,CAFE TIPO COLONIAL,56001,Serviços  de alimentação
2404204,CAFE E BOLO,56001,Serviços  de alimentação
2404205,CAFE E BISCOITO,56001,Serviços  de alimentação
2404206,CAFE E SALGADO,56001,Serviços  de alimentação
2404207,CAFE DA TARDE,56001,Serviços  de alimentação
2404301,DOCE OU BOLO,56001,Serviços  de alimentação
2404302,DOCE,56001,Serviços  de alimentação
2404303,BOLO,56001,Serviços  de alimentação
2404304,PIPOCA DOCE,56001,Serviços  de alimentação
2404305,AMENDOIM DOCE,56001,Serviços  de alimentação
2404306,TORTA DOCE,56001,Serviços  de alimentação
2404307,BROA DE MILHO,56001,Serviços  de alimentação
2404308,SONHO,56001,Serviços  de alimentação
2404309,RAPADURA,56001,Serviços  de alimentação
2404310,BROA DE FUBA,56001,Serviços  de alimentação
2404311,BANANA FRITA COM MEL,56001,Serviços  de alimentação
2404312,CACAROLA,56001,Serviços  de alimentação
2404313,CHURRO,56001,Serviços  de alimentação
2404314,PUDIM,56001,Serviços  de alimentação
2404315,COCADA,56001,Serviços  de alimentação
2404316,ALGODAO DOCE,56001,Serviços  de alimentação
2404317,ARROZ DOCE,56001,Serviços  de alimentação
2404318,BOLINHO DOCE,56001,Serviços  de alimentação
2404319,BARRA DE CEREAL DOCE,56001,Serviços  de alimentação
2404320,MINGAU,56001,Serviços  de alimentação
2404321,SUCRILHOS,56001,Serviços  de alimentação
2404322,CUSCUZ,56001,Serviços  de alimentação
2404323,CANJICA,56001,Serviços  de alimentação
2404324,MUNGUNZA,56001,Serviços  de alimentação
2404325,CURAU DE MILHO,56001,Serviços  de alimentação
2404326,PAMONHA,56001,Serviços  de alimentação
2404327,TAPIOCA DOCE,56001,Serviços  de alimentação
2404401,"CHOCOLATE EM BARRA, TABLETE OU BOMBOM",10937,Outros produtos alimentares
2404402,CHOCOLATE EM BARRA,10937,Outros produtos alimentares
2404403,CHOCOLATE EM TABLETE,10937,Outros produtos alimentares
2404404,BOMBOM,10937,Outros produtos alimentares
2404405,KINDER OVO,10937,Outros produtos alimentares
2404501,SORVETE OU PICOLE,10916,Outros produtos do laticínio
2404502,SORVETE,10916,Outros produtos do laticínio
2404503,PICOLE,10916,Outros produtos do laticínio
2404504,DINDIM (SACOLE),56001,Serviços  de alimentação
2404505,SACOLE,56001,Serviços  de alimentação
2404506,MILK SHAKE,56001,Serviços  de alimentação
2404601,WHISKY,56001,Serviços  de alimentação
2404701,VODKA,56001,Serviços  de alimentação
2404801,VINHO,56001,Serviços  de alimentação
2404901,CONHAQUE,56001,Serviços  de alimentação
2405001,REFRIGERANTE DE UVA,56001,Serviços  de alimentação
2405101,REFRIGERANTE DE LARANJA,56001,Serviços  de alimentação
2405201,REFRIGERANTE DE LIMAO,56001,Serviços  de alimentação
2405301,REFRIGERANTE DE TANGERINA,56001,Serviços  de alimentação
2405401,ALMOCO OU JANTAR (RODIZIO DE CARNES),56001,Serviços  de alimentação
2405402,RODIZIO DE CARNES,56001,Serviços  de alimentação
2405501,ALMOCO OU JANTAR (RODIZIO DE MASSAS),56001,Serviços  de alimentação
2405502,RODIZIO DE MASSAS,56001,Serviços  de alimentação
2405601,ALMOCO OU JANTAR (RODIZIO DE FRUTOS DO MAR ),56001,Serviços  de alimentação
2405602,RODIZIO DE FRUTOS DO MAR,56001,Serviços  de alimentação
2405701,ALMOCO DA ESCOLA,56001,Serviços  de alimentação
2405801,JANTAR DA ESCOLA,56001,Serviços  de alimentação
2405901,LANCHE DA ESCOLA,56001,Serviços  de alimentação
2405902,MERENDA DA ESCOLA,56001,Serviços  de alimentação
2406001,CAFE DA ESCOLA,56001,Serviços  de alimentação
2406101,LEITE DE VACA ORGANICO,56001,Serviços  de alimentação
2406201,QUEIJO DE MINAS FRESCAL ORGANICO,56001,Serviços  de alimentação
2406401,CAFE ORGANICO,56001,Serviços  de alimentação
2406402,CAFEZINHO ORGANICO,56001,Serviços  de alimentação
2406501,FRUTA ORGANICA,56001,Serviços  de alimentação
2406502,ACEROLA ORGANICA,56001,Serviços  de alimentação
2406503,UVA ORGANICA,56001,Serviços  de alimentação
2406504,MACA ORGANICA,56001,Serviços  de alimentação
2406505,PESSEGO ORGANICO,56001,Serviços  de alimentação
2406506,MORANGO ORGANICO,56001,Serviços  de alimentação
2406601,SUCO DE FRUTA OU VEGETAL ORGANICO,56001,Serviços  de alimentação
2406901,"DOCE DE FRUTA EM CALDA, EM PASTA OU CRISTALIZADO DIET",56001,Serviços  de alimentação
2406905,DOCE DE FRUTA EM PASTA DIET,56001,Serviços  de alimentação
2406907,DOCE DE FRUTA CRISTALIZADO DIET,56001,Serviços  de alimentação
2407001,SORVETE DE QUALQUER SABOR DIET,56001,Serviços  de alimentação
2407003,MILK SHAKE DIET,56001,Serviços  de alimentação
2407004,MILK SHAKE DIETETICO,56001,Serviços  de alimentação
2407101,BALA OU CHICLETE DIET,10937,Outros produtos alimentares
2407102,CHICLETE DIET,10937,Outros produtos alimentares
2407103,BALA OU CHICLETE DIETETICO,10937,Outros produtos alimentares
2407201,"CHOCOLATE EM BARRA, TABLETE OU BOMBOM DIET",10937,Outros produtos alimentares
2407203,BARRA DE CHOCOLATE DIET,10937,Outros produtos alimentares
2407204,BARRA DE CHOCOLATE DIETETICO,10937,Outros produtos alimentares
2407207,BOMBOM DIET,10937,Outros produtos alimentares
2407301,PUDIM DIET,56001,Serviços  de alimentação
2407401,BARRA DE CEREAIS DIET,10937,Outros produtos alimentares
2407402,BARRA DE CEREAIS DIETETICA,10937,Outros produtos alimentares
2407501,SOBREMESA DE QUALQUER SABOR DIET,56001,Serviços  de alimentação
2407502,SOBREMESA DE QUALQUER SABOR DIETETICA,56001,Serviços  de alimentação
2407602,MARIA MOLE DIET,56001,Serviços  de alimentação
2407604,COCADA DIET,10937,Outros produtos alimentares
2407606,BRIGADEIRO DIET,56001,Serviços  de alimentação
2407607,BRIGADEIRO DIETETICO,56001,Serviços  de alimentação
2407608,BOMBA DE QUALQUER TIPO DIET,56001,Serviços  de alimentação
2407609,BOMBA DE QUALQUER TIPO DIETETICA,56001,Serviços  de alimentação
2407614,DOCE A BASE DE LEITE DIET,56001,Serviços  de alimentação
2407618,BOLO DE QUALQUER SABOR DIET,56001,Serviços  de alimentação
2407901,BISCOITO RECHEADO DIET,56001,Serviços  de alimentação
2407902,BISCOITO RECHEADO DIETETICO,10937,Outros produtos alimentares
2408001,BISCOITO DOCE DIET,10937,Outros produtos alimentares
2408003,BOLACHA DOCE DIET,10937,Outros produtos alimentares
2408004,BOLACHA DOCE DIETETICA,10937,Outros produtos alimentares
2408301,PAO DE HAMBURGER OU CACHORRO QUENTE DIET COM OU SEM MANTEIGA,10937,Outros produtos alimentares
2408305,PAO DE CACHORRO QUENTE DIET,10937,Outros produtos alimentares
2408401,ROSCA DIET,10937,Outros produtos alimentares
2408603,SUCO DE FRUTA DIET,56001,Serviços  de alimentação
2408701,CAFE CAPUCCINO DIET,56001,Serviços  de alimentação
2408702,CAFE CAPUCCINO DIETETICO,56001,Serviços  de alimentação
2408801,CHA MATE DIET PREPARADO,56001,Serviços  de alimentação
2408802,CHA MATE DIETETICO PREPARADO,56001,Serviços  de alimentação
2408901,REFRIGERANTE AGUA TONICA DIET,56001,Serviços  de alimentação
2408902,REFRIGERANTE AGUA TONICA DIETETICO,56001,Serviços  de alimentação
2408903,AGUA TONICA DIET,56001,Serviços  de alimentação
2409001,REFRIGERANTE DE COLA DIET,56001,Serviços  de alimentação
2409002,REFRIGERANTE PEPSI COLA DIET,56001,Serviços  de alimentação
2409004,REFRIGERANTE DE COLA DIETETICO,56001,Serviços  de alimentação
2409101,REFRIGERANTE DE GUARANA DIET,56001,Serviços  de alimentação
2409102,GUARANA DIET,56001,Serviços  de alimentação
2409201,REFRIGERANTE DE LIMAO DIET,56001,Serviços  de alimentação
2409202,REFRIGERANTE SPRIT DIET,56001,Serviços  de alimentação
2409401,BALA OU CHICLETE LIGHT,56001,Serviços  de alimentação
2409602,GELEIA DE FRUTA LIGHT,56001,Serviços  de alimentação
2409603,MANJAR LIGHT,56001,Serviços  de alimentação
2409604,GELATINA LIGHT,56001,Serviços  de alimentação
2409701,SOBREMESA LIGHT,56001,Serviços  de alimentação
2409901,IOGURTE ORGANICO LIGHT,56001,Serviços  de alimentação
2410001,QUEIJO MUZZARELA LIGHT,56001,Serviços  de alimentação
2410201,QUEIJO PRATO LIGHT,56001,Serviços  de alimentação
2410901,PAO DE QUEIJO LIGHT,10937,Outros produtos alimentares
2411001,PAO INTEGRAL LIGHT COM OU SEM MANTEIGA,10937,Outros produtos alimentares
2411101,TORRADA LIGHT,10937,Outros produtos alimentares
2411201,SALGADO LIGHT,56001,Serviços  de alimentação
2411202,PIZZA EM FATIA LIGHT,56001,Serviços  de alimentação
2411203,LAZANHA EM FATIA LIGHT,56001,Serviços  de alimentação
2411204,CANELONI EM FATIA LIGHT,56001,Serviços  de alimentação
2411301,REFEICAO LIGHT,56001,Serviços  de alimentação
2411401,BISCOITO RECHEADO LIGHT,10937,Outros produtos alimentares
2411602,BOLACHA SALGADA LIGHT,10937,Outros produtos alimentares
2411903,PAO DE HAMBURBER LIGHT,10937,Outros produtos alimentares
2412001,ROSCA LIGHT,10937,Outros produtos alimentares
2412201,MORTADELA LIGHT,10911,Carne de bovinos e outros prod. de carne
2412301,SALAME LIGHT,10911,Carne de bovinos e outros prod. de carne
2412501,SUCO DE FRUTA LIGHT,56001,Serviços  de alimentação
2412901,REFRIGERANTE DE COLA LIGHT,56001,Serviços  de alimentação
2412902,REFRIGERANTE COCA COLA LIGHT,56001,Serviços  de alimentação
2412903,COCA COLA LIGHT,56001,Serviços  de alimentação
2413002,REFRIGERANTE FANTA LARANJA LIGHT,56001,Serviços  de alimentação
2413003,FANTA LARANJA LIGHT,56001,Serviços  de alimentação
2413008,REFRIGERANTE SUKITA LIGHT,56001,Serviços  de alimentação
2413101,REFRIGERANTE DE GUARANA LIGHT,56001,Serviços  de alimentação
2413102,REFRIGERANTE GUARANA LIGHT,56001,Serviços  de alimentação
2413103,GUARANA LIGHT,56001,Serviços  de alimentação
2413108,REFRIGERANTE TUBAINA LIGHT,56001,Serviços  de alimentação
2413109,TUBAINA LIGHT,56001,Serviços  de alimentação
2413301,REFRIGERANTE DE LIMAO LIGHT,56001,Serviços  de alimentação
2413302,REFRIGERANTE SODA LIMONADA LIGHT,56001,Serviços  de alimentação
2413303,SODA LIMONADA LIGHT,56001,Serviços  de alimentação
2413402,REFRIGERANTE FANTA UVA LIGHT,56001,Serviços  de alimentação
2413403,FANTA UVA LIGHT,56001,Serviços  de alimentação
2413501,REFRIGERANTES DE OUTROS SABORES LIGHT,56001,Serviços  de alimentação
2413504,REFRIGERANTE DE MATE LIGHT,56001,Serviços  de alimentação
2413505,REFRIGERANTE MATE COURO LIGHT,56001,Serviços  de alimentação
2413507,REFRIGERANTE BIDU LIGHT,56001,Serviços  de alimentação
2413509,REFRIGERANTE JAO LIGHT,56001,Serviços  de alimentação
2413511,REFRIGERANTE ALOA LIGHT,56001,Serviços  de alimentação
2413515,REFRIGERANTE DE CAJU LIGHT,56001,Serviços  de alimentação
2413522,REFRIGERANTE CITRICO LIGHT,56001,Serviços  de alimentação
2413529,REFRIGERANTE DE GENGIBRE LIGHT,56001,Serviços  de alimentação
2413601,CERVEJA LIGHT,56001,Serviços  de alimentação
2413801,"DOCE DE FRUTA EM CALDA, EM PASTA OU CRISTALIZADO LIGHT",56001,Serviços  de alimentação
2413803,DOCE DE FRUTA EM PASTA LIGHT,56001,Serviços  de alimentação
2413804,DOCE DE FRUTA CRISTALIZADO LIGHT,56001,Serviços  de alimentação
2413901,REFRIGERANTE NAO ESPECIFICADO,56001,Serviços  de alimentação
2500101,CIGARRO,12001,Produtos do fumo
2500201,ISQUEIRO DESCARTAVEL,31802,Produtos de industrias diversas
2500301,CHARUTO,12001,Produtos do fumo
2500401,CIGARRILHA,12001,Produtos do fumo
2500501,FUMO DESFIADO,12001,Produtos do fumo
2500502,FUMO DESFIADO PARA CIGARRO,12001,Produtos do fumo
2500503,FUMO DESFIADO PARA CACHIMBO,12001,Produtos do fumo
2500601,FOSFORO (FUMANTE),31802,Produtos de industrias diversas
2500602,FOSFORO,31802,Produtos de industrias diversas
2500801,FLUIDO DE ISQUEIRO,31802,Produtos de industrias diversas
2500901,GAS DE ISQUEIRO,31802,Produtos de industrias diversas
2501101,FUMO DE ROLO,12001,Produtos do fumo
2501201,RAPE,12001,Produtos do fumo
2501301,CIGARRO DE PALHA,12001,Produtos do fumo
2501401,PALHA PARA CIGARRO,12001,Produtos do fumo
2501501,PAPEL DE CIGARRO,17002,"Papel, papelão, embalagens e artefatos de papel"
2600101,LOTECA,90801,"Serviços de artes, cultura, esporte e recreação"
2600102,LOTERIA ESPORTIVA,90801,"Serviços de artes, cultura, esporte e recreação"
2600201,LOTERIA FEDERAL E ESTADUAL,90801,"Serviços de artes, cultura, esporte e recreação"
2600202,BILHETE DE LOTERIA FEDERAL,90801,"Serviços de artes, cultura, esporte e recreação"
2600203,BILHETE DE LOTERIA ESTADUAL,90801,"Serviços de artes, cultura, esporte e recreação"
2600301,LOTOMANIA,90801,"Serviços de artes, cultura, esporte e recreação"
2600401,JOGO DO BICHO,90801,"Serviços de artes, cultura, esporte e recreação"
2600501,CORRIDA DE CAVALOS,90801,"Serviços de artes, cultura, esporte e recreação"
2600601,BRIGA DE GALOS,90801,"Serviços de artes, cultura, esporte e recreação"
2600701,JOGO DE CARTAS (APOSTA),90801,"Serviços de artes, cultura, esporte e recreação"
2600801,OUTROS JOGOS E APOSTAS,90801,"Serviços de artes, cultura, esporte e recreação"
2600802,SINUCA (APOSTA),90801,"Serviços de artes, cultura, esporte e recreação"
2600804,APOSTAS EM JOGO DE FUTEBOL,90801,"Serviços de artes, cultura, esporte e recreação"
2600806,BOLAO,90801,"Serviços de artes, cultura, esporte e recreação"
2600807,JOGO DE DOMINO (APOSTA),90801,"Serviços de artes, cultura, esporte e recreação"
2600901,RIFA,90801,"Serviços de artes, cultura, esporte e recreação"
2601001,BINGO,90801,"Serviços de artes, cultura, esporte e recreação"
2601101,LOTOFACIL,90801,"Serviços de artes, cultura, esporte e recreação"
2601201,LOTERIA INSTANTANEA,90801,"Serviços de artes, cultura, esporte e recreação"
2601301,TELESENA,90801,"Serviços de artes, cultura, esporte e recreação"
2601401,RASPADINHA,90801,"Serviços de artes, cultura, esporte e recreação"
2601501,MAQUINA DE CACA NIQUEL,90801,"Serviços de artes, cultura, esporte e recreação"
2601601,QUINA,90801,"Serviços de artes, cultura, esporte e recreação"
2601701,DUPLA SENA,90801,"Serviços de artes, cultura, esporte e recreação"
2601801,MEGA SENA,90801,"Serviços de artes, cultura, esporte e recreação"
2602001,LOTOGOL,90801,"Serviços de artes, cultura, esporte e recreação"
2602201,CARUARU DA SORTE,90801,"Serviços de artes, cultura, esporte e recreação"
2602401,LOTINHA,90801,"Serviços de artes, cultura, esporte e recreação"
2602701,RIO DE PREMIOS,90801,"Serviços de artes, cultura, esporte e recreação"
2602901,TOTOLEC,90801,"Serviços de artes, cultura, esporte e recreação"
2603001,TRIMANIA,90801,"Serviços de artes, cultura, esporte e recreação"
2700101,JORNAL,58001,"Livros, jornais e revistas"
2700201,REVISTA INFANTIL,58001,"Livros, jornais e revistas"
2700301,FOTONOVELA,58001,"Livros, jornais e revistas"
2700401,REVISTA ESPORTIVA,58001,"Livros, jornais e revistas"
2700501,REVISTA DE MODA,58001,"Livros, jornais e revistas"
2700601,REVISTA MASCULINA,58001,"Livros, jornais e revistas"
2700701,REVISTA DE CULINARIA,58001,"Livros, jornais e revistas"
2700801,REVISTA INFORMATIVA,58001,"Livros, jornais e revistas"
2700901,REVISTA DE INFORMATICA,58001,"Livros, jornais e revistas"
2701001,REVISTA FEMININA,58001,"Livros, jornais e revistas"
2701101,REVISTA TEEN,58001,"Livros, jornais e revistas"
2701201,REVISTA DE CASA E DECORACAO,58001,"Livros, jornais e revistas"
2701301,REVISTA DE TV,58001,"Livros, jornais e revistas"
2701401,REVISTA DE ANIMAIS,58001,"Livros, jornais e revistas"
2701501,REVISTA DE CARROS,58001,"Livros, jornais e revistas"
2701601,REVISTA DE SAUDE,58001,"Livros, jornais e revistas"
2701701,ALBUM E FIGURINHAS,58001,"Livros, jornais e revistas"
2701702,FIGURINHAS DE ALBUM,58001,"Livros, jornais e revistas"
2701801,FOLHETO,58001,"Livros, jornais e revistas"
2701802,FOLHETO MUSICAL,58001,"Livros, jornais e revistas"
2701901,CRUZADINHA,58001,"Livros, jornais e revistas"
2701902,PALAVRA CRUZADA,58001,"Livros, jornais e revistas"
2702001,REVISTA DE ARTESANATO,58001,"Livros, jornais e revistas"
2702101,REVISTA RELIGIOSA,58001,"Livros, jornais e revistas"
2799901,AGREGADO,58001,"Livros, jornais e revistas"
2800101,CINEMA (INGRESSO),59801,"Serviços cinematográficos, música, rádio e televisão"
2800201,TEATRO (INGRESSO),90801,"Serviços de artes, cultura, esporte e recreação"
2800301,FUTEBOL (INGRESSO),90801,"Serviços de artes, cultura, esporte e recreação"
2800401,OUTROS EVENTOS ESPORTIVOS (INGRESSO),90801,"Serviços de artes, cultura, esporte e recreação"
2800402,BASQUETEBOL (INGRESSO),90801,"Serviços de artes, cultura, esporte e recreação"
2800403,FUTEBOL DE SALAO (INGRESSO),90801,"Serviços de artes, cultura, esporte e recreação"
2800404,CORRIDA AUTOMOBILISTICA (INGRESSO),90801,"Serviços de artes, cultura, esporte e recreação"
2800406,VOLEIBOL (INGRESSO),90801,"Serviços de artes, cultura, esporte e recreação"
2800501,CLUBE (MENSALIDADE E TAXA),90801,"Serviços de artes, cultura, esporte e recreação"
2800503,ASSOCIACAO RECREATIVA (MENSALIDADE E TAXA),90801,"Serviços de artes, cultura, esporte e recreação"
2800504,MENSALIDADE DE CLUBE,90801,"Serviços de artes, cultura, esporte e recreação"
2800505,TAXA DE CLUBE,90801,"Serviços de artes, cultura, esporte e recreação"
2800601,DISCO DE VINIL,59801,"Serviços cinematográficos, música, rádio e televisão"
2800701,FILME E FLASH DESCARTAVEL,20922,Produtos químicos diversos
2800801,REVELACAO E COPIA,78802,Outros serviços administrativos
2800802,COPIA DE FILME,78802,Outros serviços administrativos
2800803,REVELACAO DE FILME,73801,Publicidade e outros serviços técnicos
2800901,ALUGUEL DE FITA DE VIDEOCASSETE,77001,Aluguéis não-imob. e gestão de ativos de propriedade intelectual
2801001,FITA DE VIDEOCASSETE GRAVADA,59801,"Serviços cinematográficos, música, rádio e televisão"
2801101,SHOW (INGRESSO),90801,"Serviços de artes, cultura, esporte e recreação"
2801201,PARQUE DE DIVERSOES (INGRESSO),90801,"Serviços de artes, cultura, esporte e recreação"
2801202,PESCARIA EM PARQUE DE DIVERSOES,90801,"Serviços de artes, cultura, esporte e recreação"
2801301,JARDIM ZOOLOGICO (INGRESSO),90801,"Serviços de artes, cultura, esporte e recreação"
2801401,MUSEU (INGRESSO),90801,"Serviços de artes, cultura, esporte e recreação"
2801501,JOGOS ELETRONICOS (FICHA),90801,"Serviços de artes, cultura, esporte e recreação"
2801502,FLIPERAMA (FICHA),90801,"Serviços de artes, cultura, esporte e recreação"
2801503,VIDEOGAME (FICHA),90801,"Serviços de artes, cultura, esporte e recreação"
2801504,VIDEOGAME (ALUGUEL DA HORA),90801,"Serviços de artes, cultura, esporte e recreação"
2801602,LOCACAO DE CAVALO (PASSEIO),90801,"Serviços de artes, cultura, esporte e recreação"
2801607,ALUGUEL DE BOTE (PASSEIO),90801,"Serviços de artes, cultura, esporte e recreação"
2801608,LOCACAO DE BOTE (PASSEIO),90801,"Serviços de artes, cultura, esporte e recreação"
2801701,ALUGUEL DE QUADRA E CAMPO,90801,"Serviços de artes, cultura, esporte e recreação"
2801702,ALUGUEL DE QUADRA,90801,"Serviços de artes, cultura, esporte e recreação"
2801703,ALUGUEL DE CAMPO,90801,"Serviços de artes, cultura, esporte e recreação"
2801801,EXPOSICAO OU FEIRA (INGRESSO),90801,"Serviços de artes, cultura, esporte e recreação"
2801802,FEIRA DE INFORMATICA (INGRESSO),90801,"Serviços de artes, cultura, esporte e recreação"
2801901,CIRCO (INGRESSO),90801,"Serviços de artes, cultura, esporte e recreação"
2802001,"BOITE, DANCETERIA, DISCOTECA, ETC.",90801,"Serviços de artes, cultura, esporte e recreação"
2802002,DANCETERIA (INGRESSO),90801,"Serviços de artes, cultura, esporte e recreação"
2802003,DISCOTECA (INGRESSO),90801,"Serviços de artes, cultura, esporte e recreação"
2802004,KARAOKE (INGRESSO),90801,"Serviços de artes, cultura, esporte e recreação"
2802005,FORRO (INGRESSO),90801,"Serviços de artes, cultura, esporte e recreação"
2802006,BOITE (INGRESSO),90801,"Serviços de artes, cultura, esporte e recreação"
2802007,BAR (COUVERT ARTISTICO),90801,"Serviços de artes, cultura, esporte e recreação"
2802008,VIDEOKE (INGRESSO),90801,"Serviços de artes, cultura, esporte e recreação"
2802101,"SINUCA,TOTO E BOLICHE",90801,"Serviços de artes, cultura, esporte e recreação"
2802103,BOLICHE,90801,"Serviços de artes, cultura, esporte e recreação"
2802104,SINUCA,90801,"Serviços de artes, cultura, esporte e recreação"
2802201,FOGOS E ARTEFATOS JUNINOS,20922,Produtos químicos diversos
2802301,CARTAO DE TELEFONE CELULAR,61001,"Telecomunicações, TV por assinatura e outros serv. relacionados"
2802401,CONTA DE TELEFONE CELULAR,61001,"Telecomunicações, TV por assinatura e outros serv. relacionados"
2802501,MOTEL,55001,Serviços de alojamento em hotéis e similares
2802601,ALUGUEL DE DVD (DISCO),77001,Aluguéis não-imob. e gestão de ativos de propriedade intelectual
2802701,PONTOS TURISTICOS (INGRESSO),90801,"Serviços de artes, cultura, esporte e recreação"
2802801,"ALUGUEL DE CLUBE, TEATRO, ETC. PARA DIVERSAO",68001,Aluguel efetivo e serviços imobiliários
2802802,"LOCACAO DE CLUBE, TEATRO, ETC. PARA DIVERSAO",68001,Aluguel efetivo e serviços imobiliários
2802901,PROSTITUTA,90801,"Serviços de artes, cultura, esporte e recreação"
2803001,PIQUENIQUE (TAXA),90801,"Serviços de artes, cultura, esporte e recreação"
2803002,TAXA DE PIQUENIQUE,90801,"Serviços de artes, cultura, esporte e recreação"
2803301,HIDRELETRICA (INGRESSO),90801,"Serviços de artes, cultura, esporte e recreação"
2803401,"PISCINA EM PARQUE, RESERVA, ETC.",90801,"Serviços de artes, cultura, esporte e recreação"
2803501,RINHA (INGRESSO),90801,"Serviços de artes, cultura, esporte e recreação"
2803601,RODEIO (INGRESSO),90801,"Serviços de artes, cultura, esporte e recreação"
2803801,SERESTA (INGRESSO),90801,"Serviços de artes, cultura, esporte e recreação"
2803901,ALUGUEL DE BRINQUEDO ELETRICO OU ELETRONICO,77001,Aluguéis não-imob. e gestão de ativos de propriedade intelectual
2804001,CD (DISCO),59801,"Serviços cinematográficos, música, rádio e televisão"
2804002,DISCO LASER,59801,"Serviços cinematográficos, música, rádio e televisão"
2804003,CD DE VIDEOGAME (DISCO),62801,Desenvolvimento de sistemas e outros serviços de informação
2804004,CD DE MUSICA (DISCO),59801,"Serviços cinematográficos, música, rádio e televisão"
2804005,CD-ROM (DISCO),59801,"Serviços cinematográficos, música, rádio e televisão"
2804101,FITA DE VIDEOGAME,62801,Desenvolvimento de sistemas e outros serviços de informação
2804201,ALUGUEL DE FITA DE VIDEOGAME,77001,Aluguéis não-imob. e gestão de ativos de propriedade intelectual
2804301,FITA CASSETE GRAVADA,59801,"Serviços cinematográficos, música, rádio e televisão"
2804401,FITA CASSETE VIRGEM,26004,"Equip. de medida, teste e controle, ópticos e eletromédicos"
2804501,FITA DE VIDEOCASSETE VIRGEM,26004,"Equip. de medida, teste e controle, ópticos e eletromédicos"
2804601,OPERA (INGRESSO),90801,"Serviços de artes, cultura, esporte e recreação"
2804701,FITA DE FILMADORA,26004,"Equip. de medida, teste e controle, ópticos e eletromédicos"
2804801,DISQUETE PARA COMPUTADOR,26004,"Equip. de medida, teste e controle, ópticos e eletromédicos"
2804901,PISTA DE KART (INGRESSO),90801,"Serviços de artes, cultura, esporte e recreação"
2805001,HOTEL,55001,Serviços de alojamento em hotéis e similares
2805101,PESQUE-PAGUE (INGRESSO),90801,"Serviços de artes, cultura, esporte e recreação"
2805102,TAXA DE PESCA,90801,"Serviços de artes, cultura, esporte e recreação"
2805103,PESCA PAGA,90801,"Serviços de artes, cultura, esporte e recreação"
2805201,ACESSORIOS DE IMPRESSORA,26002,Máquinas para escritório e equip. de informática
2805202,CARTUCHO DE IMPRESSORA DE COMPUTADOR,26002,Máquinas para escritório e equip. de informática
2805203,RECARGA DE CARTUCHO PARA IMPRESSORA,46801,"Comércio por atacado e a varejo, exceto veículos automotores"
2805301,TITULO DE TURISMO (MENSALIDADE),90801,"Serviços de artes, cultura, esporte e recreação"
2805501,ACADEMIA,90801,"Serviços de artes, cultura, esporte e recreação"
2805502,ACADEMIA DE GINASTICA,90801,"Serviços de artes, cultura, esporte e recreação"
2805503,ACADEMIA DE MUSCULACAO,90801,"Serviços de artes, cultura, esporte e recreação"
2805601,BAILE E FESTA EM CLUBE (INGRESSO),90801,"Serviços de artes, cultura, esporte e recreação"
2805701,DVD (DISCO),59801,"Serviços cinematográficos, música, rádio e televisão"
2805801,ALUGUEL DE CADEIRA DE PRAIA,77001,Aluguéis não-imob. e gestão de ativos de propriedade intelectual
2805901,DANCA CLASSICA (INGRESSO),90801,"Serviços de artes, cultura, esporte e recreação"
2900101,PARA DOR E FEBRE (ANALGESICO E ANTITERMICO),21001,Produtos farmacêuticos
2900102,ANALGESICO E ANTITERMICO,21001,Produtos farmacêuticos
2900103,ANTITERMICO,21001,Produtos farmacêuticos
2900104,PARA ENXAQUECA,21001,Produtos farmacêuticos
2900105,ANALGESICO,21001,Produtos farmacêuticos
2900106,ANALGESICO E ANTIINFLAMATORIO,21001,Produtos farmacêuticos
2900201,PARA TOSSE E RESFRIADO (ANTIGRIPAL E ANTITUSSIGENO),21001,Produtos farmacêuticos
2900202,ANTITUSSIGENO,21001,Produtos farmacêuticos
2900203,ANTIGRIPAL,21001,Produtos farmacêuticos
2900204,ANTIGRIPAL E ANALGESICO,21001,Produtos farmacêuticos
2900205,ANTIGRIPAL E ANTITERMICO,21001,Produtos farmacêuticos
2900206,ANTIGRIPAL HOMEOPATICO,21001,Produtos farmacêuticos
2900207,EXPECTORANTE (XAROPE),21001,Produtos farmacêuticos
2900208,MEL MEDICINAL (QUALQUER TIPO),21001,Produtos farmacêuticos
2900209,ANTIGRIPAL E ANTITUSSIGENO,21001,Produtos farmacêuticos
2900301,PARA ALERGIA (ANTIALERGICO),21001,Produtos farmacêuticos
2900302,ANTIALERGICO HOMEOPATICO,21001,Produtos farmacêuticos
2900303,CREME ANTIALERGICO,21001,Produtos farmacêuticos
2900304,ANTIALERGICO,21001,Produtos farmacêuticos
2900305,SABONETE ANTIALERGICO,20931,"Perfumaria, sabões e artigos de limpeza"
2900401,PARA AZIA (ANTIACIDO),21001,Produtos farmacêuticos
2900402,ANTI-REFLUXIVO GASTRICO,21001,Produtos farmacêuticos
2900403,PARA REFLUXO GASTRICO,21001,Produtos farmacêuticos
2900404,ANTIACIDO,21001,Produtos farmacêuticos
2900501,PARA ENJOO E VOMITO (ANTIEMETICO),21001,Produtos farmacêuticos
2900502,PARA VOMITO,21001,Produtos farmacêuticos
2900503,PARA ENJOO,21001,Produtos farmacêuticos
2900601,PARA PRISAO DE VENTRE (LAXANTE),21001,Produtos farmacêuticos
2900602,LAXANTE E PURGATIVO,21001,Produtos farmacêuticos
2900603,PURGATIVO,21001,Produtos farmacêuticos
2900604,PARA INTESTINO,21001,Produtos farmacêuticos
2900605,INTESTINAL,21001,Produtos farmacêuticos
2900606,LAXANTE,21001,Produtos farmacêuticos
2900607,OLEO (LAXATIVO),21001,Produtos farmacêuticos
2900701,PARA INFLAMACAO E REUMATISMO (ANTIINFLAMATORIO E ANTI-REUMATICO),21001,Produtos farmacêuticos
2900702,ANTIINFLAMATORIO E ANTI-REUMATICO,21001,Produtos farmacêuticos
2900703,ANTI-REUMATICO,21001,Produtos farmacêuticos
2900704,PARA REUMATISMO,21001,Produtos farmacêuticos
2900705,ANTIINFLAMATORIO,21001,Produtos farmacêuticos
2900706,CORTICOIDE,21001,Produtos farmacêuticos
2900801,PARA INFECCAO,21001,Produtos farmacêuticos
2900802,ANTIINFECCIOSO,21001,Produtos farmacêuticos
2900803,ANTIBIOTICO,21001,Produtos farmacêuticos
2900804,ANTIBACTERIANO,21001,Produtos farmacêuticos
2900805,ANTIINFECCIOSO E ANTIINFLAMATORIO,21001,Produtos farmacêuticos
2900806,ANTIVIROTICO,21001,Produtos farmacêuticos
2900807,PARA HERPES,21001,Produtos farmacêuticos
2900901,PARA DIABETE,21001,Produtos farmacêuticos
2901001,PARA PRESSAO ALTA (ANTI-HIPERTENSIVO),21001,Produtos farmacêuticos
2901002,VASODILATADOR/PRESSAO ARTERIAL,21001,Produtos farmacêuticos
2901003,PARA PRESSAO ARTERIAL,21001,Produtos farmacêuticos
2901101,PARA PROBLEMAS CARDIACOS E CIRCULATORIOS,21001,Produtos farmacêuticos
2901102,PARA INSUFICIENCIA CARDIOVASCULAR,21001,Produtos farmacêuticos
2901103,PARA O CORACAO (INSUFICIENCIA CARDIOVASCULAR),21001,Produtos farmacêuticos
2901201,REDUTOR DE COLESTEROL OU TRIGLICERIDEOS,21001,Produtos farmacêuticos
2901202,PARA COLESTEROL,21001,Produtos farmacêuticos
2901203,REDUTOR DE COLESTEROL,21001,Produtos farmacêuticos
2901204,PARA TRIGLICERIDEO,21001,Produtos farmacêuticos
2901205,REDUTOR DE TRIGLICERIDEOS,21001,Produtos farmacêuticos
2901301,PARA ASMA E BRONQUITE,21001,Produtos farmacêuticos
2901302,PARA ASMA,21001,Produtos farmacêuticos
2901303,PARA BRONQUITE,21001,Produtos farmacêuticos
2901304,PARA NEBULIZACAO,21001,Produtos farmacêuticos
2901305,BRONCODILATADORES,21001,Produtos farmacêuticos
2901401,PARA ANEMIA,21001,Produtos farmacêuticos
2901402,ANTIANEMICO,21001,Produtos farmacêuticos
2901501,PARA VERMES (VERMIFUGO),21001,Produtos farmacêuticos
2901502,ANTI-HELMINTICO (VERMIFUGO),21001,Produtos farmacêuticos
2901503,PARA VERMES,21001,Produtos farmacêuticos
2901504,VERMIFUGO,21001,Produtos farmacêuticos
2901506,PARA PROTOZOARIOS,21001,Produtos farmacêuticos
2901601,PARA OS OSSOS E ARTICULACOES,21001,Produtos farmacêuticos
2901602,PARA OSTEOPOROSE,21001,Produtos farmacêuticos
2901603,ANTIOSTEOPOROSE,21001,Produtos farmacêuticos
2901604,CALCIO PARA OSTEOPOROSE,21001,Produtos farmacêuticos
2901605,CALCIO (CALCIFICANTE OSSEO),21001,Produtos farmacêuticos
2901606,PARA OS OSSOS,21001,Produtos farmacêuticos
2901607,PARA AS ARTICULACOES,21001,Produtos farmacêuticos
2901608,ANTI OSTEOPENIA,21001,Produtos farmacêuticos
2901701,PARA DEPRESSAO (ANTIDEPRESSIVO),21001,Produtos farmacêuticos
2901702,ANTI-DEPRESSIVO,21001,Produtos farmacêuticos
2901801,CALMANTE,21001,Produtos farmacêuticos
2901802,PARA ESTRESSE,21001,Produtos farmacêuticos
2901803,PARA STRESS,21001,Produtos farmacêuticos
2901804,ANSIOLITICO,21001,Produtos farmacêuticos
2901805,CALMANTE NATURAL,21001,Produtos farmacêuticos
2901806,SONIFERO,21001,Produtos farmacêuticos
2901901,MODERADOR DE APETITE,21001,Produtos farmacêuticos
2901902,CONTROLADOR DE APETITE,21001,Produtos farmacêuticos
2901903,EMAGRECEDOR,21001,Produtos farmacêuticos
2901904,PARA EMAGRECER,21001,Produtos farmacêuticos
2902001,VITAMINAS,21001,Produtos farmacêuticos
2902002,VITAMINA B12,21001,Produtos farmacêuticos
2902003,COMPLEXO B,21001,Produtos farmacêuticos
2902004,COMPLEXO VITAMINICO,21001,Produtos farmacêuticos
2902005,VITAMINA C,21001,Produtos farmacêuticos
2902101,ANTICONCEPCIONAL,21001,Produtos farmacêuticos
2902201,HORMONIO,21001,Produtos farmacêuticos
2902202,ADESIVOS INTRADERMICOS (MENOPAUSA),21001,Produtos farmacêuticos
2902203,FITO-HORMONIOS,21001,Produtos farmacêuticos
2902204,PARA MENOPAUSA,21001,Produtos farmacêuticos
2902301,PARA O FIGADO PANCREAS E VIAS BILIARES,21001,Produtos farmacêuticos
2902302,PARA O FIGADO (HEPATICO),21001,Produtos farmacêuticos
2902303,HEPATICO (PARA O FIGADO),21001,Produtos farmacêuticos
2902304,PARA HEPATITE,21001,Produtos farmacêuticos
2902306,PARA O PANCREAS,21001,Produtos farmacêuticos
2902307,PARA VESICULA,21001,Produtos farmacêuticos
2902401,PARA OS RINS,21001,Produtos farmacêuticos
2902402,RENAL (PARA OS RINS),21001,Produtos farmacêuticos
2902403,DIURETICO,21001,Produtos farmacêuticos
2902501,PARA O SISTEMA NERVOSO,21001,Produtos farmacêuticos
2902502,ANTIEPILEPTICO,21001,Produtos farmacêuticos
2902503,ANTICONVULSIVO,21001,Produtos farmacêuticos
2902504,PARA CONVULSAO,21001,Produtos farmacêuticos
2902505,PARA EPILEPSIA,21001,Produtos farmacêuticos
2902506,ANTIEPILETICO,21001,Produtos farmacêuticos
2902507,ANTIPSICOTICO,21001,Produtos farmacêuticos
2902508,PARA ALZHEIMER,21001,Produtos farmacêuticos
2902509,PARA DERRAME CEREBRAL,21001,Produtos farmacêuticos
2902510,ANTIPARKSONIANO,21001,Produtos farmacêuticos
2902511,PARA O MAL DE PARKINSON,21001,Produtos farmacêuticos
2902512,PARA SISTEMA NERVOSO,21001,Produtos farmacêuticos
2902513,NEUROLOGICO,21001,Produtos farmacêuticos
2902514,PARA MEMORIA,21001,Produtos farmacêuticos
2902515,PARA TONTURA,21001,Produtos farmacêuticos
2902516,PARA VERTIGEM,21001,Produtos farmacêuticos
2902517,PARA CIRCULACAO,21001,Produtos farmacêuticos
2902518,PARA PSICOSE,21001,Produtos farmacêuticos
2902601,PARA PROBLEMAS DE PELE,21001,Produtos farmacêuticos
2902602,DERMATOLOGICO,21001,Produtos farmacêuticos
2902603,PARA MICOSE (DERMATOLOGICO),21001,Produtos farmacêuticos
2902604,ANTIFUNGICO,21001,Produtos farmacêuticos
2902605,ANTIMICOTICO,21001,Produtos farmacêuticos
2902606,CREME ANTIMICOTICO,21001,Produtos farmacêuticos
2902607,CREME DERMATOLOGICO,21001,Produtos farmacêuticos
2902608,"CREME PARA O CORPO (MAO, PE, ETC.)",21001,Produtos farmacêuticos
2902609,CREME PARA QUEIMADURAS,21001,Produtos farmacêuticos
2902610,OLEO DERMATOLOGICO,21001,Produtos farmacêuticos
2902611,POMADA INDETERMINADA,21001,Produtos farmacêuticos
2902612,CICATRIZANTE,21001,Produtos farmacêuticos
2902613,CREME CICATRIZANTE,21001,Produtos farmacêuticos
2902614,PARA LUPUS,21001,Produtos farmacêuticos
2902615,LOCAO DERMATOLOGICA,21001,Produtos farmacêuticos
2902616,VASELINA,21001,Produtos farmacêuticos
2902627,OLEO PARA ASSADURA,21001,Produtos farmacêuticos
2902628,PARA ASSADURA,21001,Produtos farmacêuticos
2902629,CREME PARA ASSADURA,21001,Produtos farmacêuticos
2902701,PARA PROBLEMAS DE ESTOMAGO,21001,Produtos farmacêuticos
2902702,DIGESTIVO,21001,Produtos farmacêuticos
2902703,PARA GASTRITE,21001,Produtos farmacêuticos
2902704,PARA ESTOMAGO,21001,Produtos farmacêuticos
2902801,PARA PROBLEMAS GINECOLOGICOS,21001,Produtos farmacêuticos
2902802,CREME VAGINAL,21001,Produtos farmacêuticos
2902803,REMEDIO GINECOLOGICO,21001,Produtos farmacêuticos
2902804,POMADA VAGINAL,21001,Produtos farmacêuticos
2902805,ANTIABORTIVO,21001,Produtos farmacêuticos
2902901,PARA PROBLEMAS OCULARES (OFTALMOLOGICOS),21001,Produtos farmacêuticos
2902902,COLIRIOS,21001,Produtos farmacêuticos
2902903,SOLUCAO OFTALMICA (PARA A VISTA),21001,Produtos farmacêuticos
2903001,PARA DIARREIA,21001,Produtos farmacêuticos
2903002,ANTIDIARREICO,21001,Produtos farmacêuticos
2903101,PARA GASES E COLICA,21001,Produtos farmacêuticos
2903102,ANTIESPASMODICO,21001,Produtos farmacêuticos
2903103,ANTICOLICA,21001,Produtos farmacêuticos
2903104,OLEO DOCE (PARA GASES),21001,Produtos farmacêuticos
2903201,FORTIFICANTES E ESTIMULANTES DO APETITE,21001,Produtos farmacêuticos
2903202,FORTIFICANTE,21001,Produtos farmacêuticos
2903203,OLEO FORTIFICANTE,21001,Produtos farmacêuticos
2903204,ESTIMULANTE DO APETITE,21001,Produtos farmacêuticos
2903205,COMPLEMENTO ALIMENTAR,21001,Produtos farmacêuticos
2903206,AMINOACIDO,21001,Produtos farmacêuticos
2903301,ESTIMULANTE SEXUAL,21001,Produtos farmacêuticos
2903401,PARA VARIZES,21001,Produtos farmacêuticos
2903402,REMEDIO PARA VARIZES,21001,Produtos farmacêuticos
2903403,PARA HEMORROIDAS,21001,Produtos farmacêuticos
2903501,PARA AIDS,21001,Produtos farmacêuticos
2903502,TRATAMENTO DE AIDS,21001,Produtos farmacêuticos
2903601,"PARA PROBLEMAS DE BOCA, OUVIDO, NARIZ E GARGANTA",21001,Produtos farmacêuticos
2903602,OTOLOGICOS,21001,Produtos farmacêuticos
2903603,PASTILHA PARA GARGANTA,21001,Produtos farmacêuticos
2903604,PARA SINUSITE (ANTIINFLAMATORIO),21001,Produtos farmacêuticos
2903605,PARA LABIRINTITE (ANTIINFLAMATORIO),21001,Produtos farmacêuticos
2903606,PARA INFECCOES DA BOCA E GARGANTA,21001,Produtos farmacêuticos
2903607,PARA AFTA,21001,Produtos farmacêuticos
2903608,DESCONGESTIONANTE NASAL,21001,Produtos farmacêuticos
2903609,DESCONGESTIONANTE NASAL HOMEOPATICO,21001,Produtos farmacêuticos
2903701,PARA TIREOIDE,21001,Produtos farmacêuticos
2903702,ANTITIREOIDISMO,21001,Produtos farmacêuticos
2903703,PARA TIROIDE,21001,Produtos farmacêuticos
2903801,CHAS E REMEDIOS ALTERNATIVOS,21001,Produtos farmacêuticos
2903802,CHA DE QUALQUER TIPO,21001,Produtos farmacêuticos
2903803,EXTRATOS DE QUALQUER TIPO,21001,Produtos farmacêuticos
2903804,GARRAFADA DE QUALQUER TIPO,21001,Produtos farmacêuticos
2903805,GARRAFADA DE QUALQUER TRATAMENTO,21001,Produtos farmacêuticos
2903806,FLORAIS,21001,Produtos farmacêuticos
2903807,AGUA MEDICINAL,21001,Produtos farmacêuticos
2903902,LIQUIDO PARA CONTRASTE (EXAME),21001,Produtos farmacêuticos
2904001,COMBATE AO ALCOOLISMO E TABAGISMO,21001,Produtos farmacêuticos
2904002,ADESIVOS ANTITABAGISMO,31802,Produtos de industrias diversas
2904003,ANTITABAGISMO,21001,Produtos farmacêuticos
2904004,PARA TRATAMENTO DO ALCOOLISMO,21001,Produtos farmacêuticos
2904101,PARA DOENCAS INFECCIOSAS E ENDEMICAS,21001,Produtos farmacêuticos
2904102,PARA DOENCA DE CHAGAS,21001,Produtos farmacêuticos
2904103,PARA MALARIA,21001,Produtos farmacêuticos
2904104,PARA O PULMAO,21001,Produtos farmacêuticos
2904105,PARA TUBERCULOSE,21001,Produtos farmacêuticos
2904106,ANTI-HANSENIASE,21001,Produtos farmacêuticos
2904201,PARA PROBLEMAS DE COAGULACAO,21001,Produtos farmacêuticos
2904202,ANTICOAGULANTE,21001,Produtos farmacêuticos
2904203,COAGULANTE,21001,Produtos farmacêuticos
2904204,ANTI-HEMORRAGICO,21001,Produtos farmacêuticos
2904301,SOLUCOES HIDRATANTES,21001,Produtos farmacêuticos
2904302,"REPOSITOR ELETROLITICO (CLORETO DE POTASSIO, SODIO, ETC.)",21001,Produtos farmacêuticos
2904303,SORO FISIOLOGICO HIDRATANTE,21001,Produtos farmacêuticos
2904401,PARA PROBLEMAS MUSCULARES,21001,Produtos farmacêuticos
2904402,ANESTESICO,21001,Produtos farmacêuticos
2904403,PARA COLUNA,21001,Produtos farmacêuticos
2904404,PARA DORES MUSCULARES,21001,Produtos farmacêuticos
2904405,RELAXANTE MUSCULAR,21001,Produtos farmacêuticos
2904406,PARA CONTUSAO (ANALGESICO),21001,Produtos farmacêuticos
2904407,CANFORA,21001,Produtos farmacêuticos
2904501,"ECTOPARASITOSE (SARNA, PIOLHO, ETC.)",21001,Produtos farmacêuticos
2904502,PARA PIOLHO,21001,Produtos farmacêuticos
2904503,SABONETE ANTI-PIOLHO,20931,"Perfumaria, sabões e artigos de limpeza"
2904504,REMEDIO PARA PIOLHO (SABONETE),20931,"Perfumaria, sabões e artigos de limpeza"
2904505,PARA SARNA,21001,Produtos farmacêuticos
2904601,PARA PROSTATA E VIAS URINARIAS,21001,Produtos farmacêuticos
2904602,PARA PROSTATA,21001,Produtos farmacêuticos
2904603,UROLOGICO,21001,Produtos farmacêuticos
2904701,PARA CANCER,21001,Produtos farmacêuticos
2904702,ANTINEOPLASICO (TRATAMENTO DE CANCER),21001,Produtos farmacêuticos
2904703,SEDATIVO (MORFINA),21001,Produtos farmacêuticos
2904704,QUIMIOTERAPICO,21001,Produtos farmacêuticos
2904705,PARA QUIMIOTERAPIA,21001,Produtos farmacêuticos
2904801,VACINAS,21001,Produtos farmacêuticos
2904803,VACINA ANTITETANICA,21001,Produtos farmacêuticos
2904804,VACINA DE HEPATITE B,21001,Produtos farmacêuticos
2904805,VACINA PARA OSTEOPOROSE,21001,Produtos farmacêuticos
2904806,VACINA ANTIPOLIO,21001,Produtos farmacêuticos
2904807,VACINA TRIPLICE,21001,Produtos farmacêuticos
2904808,VACINA ANTIOFIDICO,21001,Produtos farmacêuticos
2904901,MEDICAMENTO PARA GENGIVA DE BEBE,21001,Produtos farmacêuticos
2930001,REMEDIO INDETERMINADO,21001,Produtos farmacêuticos
2930002,SUPOSITORIO,21001,Produtos farmacêuticos
2930003,ADESIVOS,31802,Produtos de industrias diversas
2930004,DEPURATIVO SANGUINEO,21001,Produtos farmacêuticos
2930005,DEPURADOR SANGUINEO,21001,Produtos farmacêuticos
2930006,DEPURADOR DO SANGUE,21001,Produtos farmacêuticos
2930007,DEPURATIVO DO SANGUE,21001,Produtos farmacêuticos
2930009,AMONIA,21001,Produtos farmacêuticos
2930010,REMEDIO HOMEOPATICO INDETERMINADO,21001,Produtos farmacêuticos
2930011,REMEDIO ORTOMOLECULAR,21001,Produtos farmacêuticos
2930012,REMEDIO MANIPULADO INDETERMINADO,21001,Produtos farmacêuticos
2930013,INJECAO AMPOLA (NAO-DETERMINADA),21001,Produtos farmacêuticos
2930101,MATERIAL PARA CURATIVO,21001,Produtos farmacêuticos
2930102,ESPARADRAPO,21001,Produtos farmacêuticos
2930103,GAZE,21001,Produtos farmacêuticos
2930104,ALGODAO,21001,Produtos farmacêuticos
2930105,ATADURA,21001,Produtos farmacêuticos
2930106,FITA ADESIVA PARA CURATIVO,21001,Produtos farmacêuticos
2930107,LUVA CIRURGICA,21001,Produtos farmacêuticos
2930201,ANTI-SEPTICOS E DESINFETANTES TOPICOS,20931,"Perfumaria, sabões e artigos de limpeza"
2930202,ANTI-SEPTICO,20931,"Perfumaria, sabões e artigos de limpeza"
2930203,DESINFETANTE FARMACEUTICO,20931,"Perfumaria, sabões e artigos de limpeza"
2930204,MERCURIO CROMO,21001,Produtos farmacêuticos
2930205,AGUA OXIGENADA,31802,Produtos de industrias diversas
2930206,TINTURA DE ROMA,31802,Produtos de industrias diversas
2930207,VIOLETA GENCIANA,31802,Produtos de industrias diversas
2930208,MERTHIOLATE,21001,Produtos farmacêuticos
2930209,AGUA DESTILADA,31802,Produtos de industrias diversas
2930210,ALCOOL (PARA DESINFECCAO),19921,Etanol e outros biocombustíveis
2930211,ALCOOL IODADO,19921,Etanol e outros biocombustíveis
2930213,AGUA BORICADA,31802,Produtos de industrias diversas
2930301,MATERIAL DE INJECAO,31802,Produtos de industrias diversas
2930302,AGULHA DE INJECAO (MEDICAO DE GLICOSE),31802,Produtos de industrias diversas
2930303,SERINGA,31802,Produtos de industrias diversas
2930304,GARROTE DE BORRACHA,22001,Artigos de borracha
2930305,AGULHA DE INJECAO (DESCARTAVEL),31802,Produtos de industrias diversas
2930401,MATERIAL PARA CUIDADO COM BEBE,31802,Produtos de industrias diversas
2930402,CHUPETA OU BICO,22001,Artigos de borracha
2930403,BICO,22001,Artigos de borracha
2930404,CHUCA,22001,Artigos de borracha
2930405,MORDEDOR DE BEBE,22001,Artigos de borracha
2930406,BORRACHA DE MORDER,22001,Artigos de borracha
2930407,BORRACHA DE DENTICAO DE BEBE,22001,Artigos de borracha
2930408,MORDEDOR DE DENTICAO DE BEBE,22001,Artigos de borracha
2930416,MAMADEIRA,22002,Artigos de plástico
2930501,MATERIAL PARA AUTODIAGNOSTICO,31802,Produtos de industrias diversas
2930502,TERMOMETRO,26004,"Equip. de medida, teste e controle, ópticos e eletromédicos"
2930503,UTENSILIO PARA COLETAR FEZES E URINA,22002,Artigos de plástico
2930504,RECIPIENTE PARA COLETAR FEZES E URINA,22002,Artigos de plástico
2930505,TESTE DE GRAVIDEZ,31802,Produtos de industrias diversas
2930506,FITA PARA MEDICAO DE GLICOSE,31802,Produtos de industrias diversas
2930507,APARELHO DE MEDIDOR DE GLICOSE,31802,Produtos de industrias diversas
2930508,APARELHO PARA MEDIR PRESSAO,31802,Produtos de industrias diversas
2930601,MATERIAL PARA HIGIENE DE LENTE DE CONTATO,20931,"Perfumaria, sabões e artigos de limpeza"
2930602,SOLUCAO DE LENTE DE CONTACTO,21001,Produtos farmacêuticos
2930603,SORO FISIOLOGICO PARA LENTE DE CONTATO,21001,Produtos farmacêuticos
2930604,LUBRIFICANTE PARA LENTE DE CONTATO,31802,Produtos de industrias diversas
2930605,LIQUIDO PARA LENTES DE CONTATO,31802,Produtos de industrias diversas
2930701,SABONETE E SHAMPU MEDICINAL,20931,"Perfumaria, sabões e artigos de limpeza"
2930702,SHAMPU MEDICINAL,20931,"Perfumaria, sabões e artigos de limpeza"
2930703,REMEDIO PARA CABELOS (SHAMPU E OUTROS),21001,Produtos farmacêuticos
2930704,"REMEDIO PARA QUEDA DE CABELOS (SHAMPU, CREME E OUTROS)",21001,Produtos farmacêuticos
2930705,SABONETE MEDICINAL,20931,"Perfumaria, sabões e artigos de limpeza"
2930706,ANTI-CASPA,21001,Produtos farmacêuticos
2930801,PRODUTOS PARA CUIDADOS BUCAIS E DENTAIS,20931,"Perfumaria, sabões e artigos de limpeza"
2930802,CREME DENTAL MEDICINAL,20931,"Perfumaria, sabões e artigos de limpeza"
2930803,MANTEIGA DE CACAU,10937,Outros produtos alimentares
2930804,BALA DE GENGIBRE,10937,Outros produtos alimentares
2930806,ODONTOLOGICO,21001,Produtos farmacêuticos
2930807,FIXADOR DE DENTADURA,21001,Produtos farmacêuticos
2930901,MATERIAL PARA APOIO TERAPEUTICO,31802,Produtos de industrias diversas
2930902,SONDA (QUALQUER TIPO),31802,Produtos de industrias diversas
2930903,BOLSA DE AGUA QUENTE,22001,Artigos de borracha
2930904,BOLSA TERMICA,22001,Artigos de borracha
2930905,BOMBA PARA INALACAO,31802,Produtos de industrias diversas
2930906,BOMBA PARA HIGIENE NASAL,31802,Produtos de industrias diversas
2930907,EQUIPAMENTO DE MASSAGEM,31802,Produtos de industrias diversas
2930909,PROTETOR DE SEIO,14001,Artigos do vestuário e acessórios
2931001,PRESERVATIVO E LUBRIFICANTE INTIMO,22001,Artigos de borracha
2931002,PRESERVATIVO MASCULINO,22001,Artigos de borracha
2931003,CAMISINHA (PRESERVATIVO MASCULINO),22001,Artigos de borracha
2931004,PRESERVATIVO FEMININO,22001,Artigos de borracha
2931005,LUBRIFICANTE INTIMO,31802,Produtos de industrias diversas
2931006,DIU,31802,Produtos de industrias diversas
2931101,PRODUTOS PARA MASSAGEM E ESTETICA,31802,Produtos de industrias diversas
2931102,"IODO, SALICILATO (PARA MASSAGEM)",31802,Produtos de industrias diversas
2931104,OLEO PARA MASSAGEM,20931,"Perfumaria, sabões e artigos de limpeza"
2931105,GEL REDUTOR DE GORDURA,20931,"Perfumaria, sabões e artigos de limpeza"
2931106,REDUTOR DE GORDURA (GEL),20931,"Perfumaria, sabões e artigos de limpeza"
2931107,GEL REDUTOR DE CELULITE,20931,"Perfumaria, sabões e artigos de limpeza"
2931108,REDUTOR DE CELULITE (GEL),20931,"Perfumaria, sabões e artigos de limpeza"
2931111,OLEO INDETERMINADO,20931,"Perfumaria, sabões e artigos de limpeza"
2931112,GEL MASSAGEADOR,20931,"Perfumaria, sabões e artigos de limpeza"
2931201,MATERIAIS PARA CUIDADOS COM IDOSOS,31802,Produtos de industrias diversas
2931202,FRALDA GERIATRICA,17002,"Papel, papelão, embalagens e artefatos de papel"
2931203,ABSORVENTE GERIATRICO,17002,"Papel, papelão, embalagens e artefatos de papel"
2931301,APLICACAO DE INJECAO,86921,Saúde privada
2931401,FRALDA DESCARTAVEL,17002,"Papel, papelão, embalagens e artefatos de papel"
3000101,ESCOVA DE CABELOS E PENTE,31802,Produtos de industrias diversas
3000102,PENTE,31802,Produtos de industrias diversas
3000103,ESCOVA DE CABELO,31802,Produtos de industrias diversas
3000201,PERFUME,20931,"Perfumaria, sabões e artigos de limpeza"
3000202,AGUA DE COLONIA,20931,"Perfumaria, sabões e artigos de limpeza"
3000203,LAVANDA,20931,"Perfumaria, sabões e artigos de limpeza"
3000206,COLONIA,20931,"Perfumaria, sabões e artigos de limpeza"
3000301,TALCO,20931,"Perfumaria, sabões e artigos de limpeza"
3000401,ARTIGOS DE MAQUIAGEM,20931,"Perfumaria, sabões e artigos de limpeza"
3000403,UNHA POSTICA,20931,"Perfumaria, sabões e artigos de limpeza"
3000404,PO COMPACTO,20931,"Perfumaria, sabões e artigos de limpeza"
3000405,PO DE ARROZ,20931,"Perfumaria, sabões e artigos de limpeza"
3000406,LAPIS PARA OLHOS,20931,"Perfumaria, sabões e artigos de limpeza"
3000407,APONTADOR DE LAPIS PARA OS OLHOS,20931,"Perfumaria, sabões e artigos de limpeza"
3000408,BATOM,20931,"Perfumaria, sabões e artigos de limpeza"
3000409,DELINEADOR,20931,"Perfumaria, sabões e artigos de limpeza"
3000501,CREME DE PELE E BRONZEADOR,20931,"Perfumaria, sabões e artigos de limpeza"
3000502,BRONZEADOR,20931,"Perfumaria, sabões e artigos de limpeza"
3000503,LOCAO DE PELE,20931,"Perfumaria, sabões e artigos de limpeza"
3000504,MASCARA DE BELEZA,20931,"Perfumaria, sabões e artigos de limpeza"
3000505,CREME PARA MAOS,20931,"Perfumaria, sabões e artigos de limpeza"
3000506,OLEO PARA PELE,20931,"Perfumaria, sabões e artigos de limpeza"
3000507,CREME HIDRATANTE,20931,"Perfumaria, sabões e artigos de limpeza"
3000508,HIDRATANTE (CREME),20931,"Perfumaria, sabões e artigos de limpeza"
3000509,PROTETOR LABIAL,20931,"Perfumaria, sabões e artigos de limpeza"
3000510,PROTETOR SOLAR,20931,"Perfumaria, sabões e artigos de limpeza"
3000511,LEITE DE COLONIA,20931,"Perfumaria, sabões e artigos de limpeza"
3000512,BLOQUEADOR SOLAR,20931,"Perfumaria, sabões e artigos de limpeza"
3000513,OLEO DE AMENDOA,20931,"Perfumaria, sabões e artigos de limpeza"
3000514,CREME ANTI-RUGAS,20931,"Perfumaria, sabões e artigos de limpeza"
3000515,LEITE DE ROSAS,20931,"Perfumaria, sabões e artigos de limpeza"
3000516,CREME DE PELE,20931,"Perfumaria, sabões e artigos de limpeza"
3000517,CREME PARA AXILAS,20931,"Perfumaria, sabões e artigos de limpeza"
3000518,CREME PARA O ROSTO,20931,"Perfumaria, sabões e artigos de limpeza"
3000519,CREME PARA OS PES,20931,"Perfumaria, sabões e artigos de limpeza"
3000520,FILTRO SOLAR,20931,"Perfumaria, sabões e artigos de limpeza"
3000521,OLEO DE MASSAGEM,20931,"Perfumaria, sabões e artigos de limpeza"
3000601,"ESMALTE, BASE, ACETONA, ETC.",20931,"Perfumaria, sabões e artigos de limpeza"
3000602,BASE,20931,"Perfumaria, sabões e artigos de limpeza"
3000603,ACETONA,20931,"Perfumaria, sabões e artigos de limpeza"
3000604,LIXA,20931,"Perfumaria, sabões e artigos de limpeza"
3000605,ESCOVA DE UNHA,20931,"Perfumaria, sabões e artigos de limpeza"
3000606,PAU DE LARANJEIRA,20931,"Perfumaria, sabões e artigos de limpeza"
3000607,RALADOR DE PE,20931,"Perfumaria, sabões e artigos de limpeza"
3000608,REMOVEDOR DE CUTICULA,20931,"Perfumaria, sabões e artigos de limpeza"
3000609,SERRINHA DE UNHA,20931,"Perfumaria, sabões e artigos de limpeza"
3000610,LIXA DE PE,20931,"Perfumaria, sabões e artigos de limpeza"
3000612,ESMALTE,20931,"Perfumaria, sabões e artigos de limpeza"
3000701,"GRAMPO, PREGADOR DE CABELO, ETC.",20931,"Perfumaria, sabões e artigos de limpeza"
3000702,BOB DE CABELO,31802,Produtos de industrias diversas
3000703,TOUCA DE CABELO,31802,Produtos de industrias diversas
3000705,PREGADOR DE CABELO,31802,Produtos de industrias diversas
3000706,PRENDEDOR DE CABELO,31802,Produtos de industrias diversas
3000707,TIARA,31802,Produtos de industrias diversas
3000801,"ALICATE, CORTADOR DE UNHA, ETC.",25001,"Produtos de metal, excl. máquinas e equipamentos"
3000802,TESOURINHA DE UNHA,25001,"Produtos de metal, excl. máquinas e equipamentos"
3000803,CORTADOR DE UNHA,25001,"Produtos de metal, excl. máquinas e equipamentos"
3000804,PINCA,25001,"Produtos de metal, excl. máquinas e equipamentos"
3000805,ALICATE E CORTADOR DE UNHA,25001,"Produtos de metal, excl. máquinas e equipamentos"
3000901,PERUCA,31802,Produtos de industrias diversas
3000902,APLIQUE PARA CABELO,31802,Produtos de industrias diversas
3001001,PRODUTOS DE LIMPEZA DE PELE,20931,"Perfumaria, sabões e artigos de limpeza"
3001002,SABONETE DE LIMPEZA DE PELE,20931,"Perfumaria, sabões e artigos de limpeza"
3001003,SABONETE LIQUIDO DE LIMPEZA DE PELE,20931,"Perfumaria, sabões e artigos de limpeza"
3001101,ESPELHO DE BOLSO,23003,"Vidros, cerâmicos e outros prod. de minerais não-metálicos"
3001201,PORTA-MAQUIAGEM,22002,Artigos de plástico
3001301,CERA DEPILATORIA,20931,"Perfumaria, sabões e artigos de limpeza"
3001302,CREME DEPILATORIO,20931,"Perfumaria, sabões e artigos de limpeza"
3001303,PAPEL PARA DEPILACAO,20931,"Perfumaria, sabões e artigos de limpeza"
3001401,"ESTOJO (TALCO, SABONETE, PERFUME, ETC.)",20931,"Perfumaria, sabões e artigos de limpeza"
3001501,PURPURINA,31802,Produtos de industrias diversas
3001601,ESTOJO DE MANICURO,25001,"Produtos de metal, excl. máquinas e equipamentos"
3001701,"ESTOJO (ESPELHO, ESCOVA, PENTE)",25001,"Produtos de metal, excl. máquinas e equipamentos"
3001801,APARELHO DE BARBEAR NAO-DESCARTAVEL,25001,"Produtos de metal, excl. máquinas e equipamentos"
3001803,CARTUCHO APARELHO BARBEAR,25001,"Produtos de metal, excl. máquinas e equipamentos"
3001901,"ESTOJO (APARELHO DE BARBEAR, SABONETEIRA, PENTE)",25001,"Produtos de metal, excl. máquinas e equipamentos"
3001902,ESTOJO DE BARBEAR,20931,"Perfumaria, sabões e artigos de limpeza"
3002001,ESPONJA DE TALCO,20931,"Perfumaria, sabões e artigos de limpeza"
3002101,LOCAO APOS BARBA,20931,"Perfumaria, sabões e artigos de limpeza"
3002301,LEITE HIDRATANTE,20931,"Perfumaria, sabões e artigos de limpeza"
3002501,CREME ANTI-TRANSPIRANTE,20931,"Perfumaria, sabões e artigos de limpeza"
3002601,ARTIGOS DE TRATAMENTO DE CABELO,20931,"Perfumaria, sabões e artigos de limpeza"
3002602,REPARADOR DE PONTAS,20931,"Perfumaria, sabões e artigos de limpeza"
3002603,OLEO CAPILAR,20931,"Perfumaria, sabões e artigos de limpeza"
3002604,ALISANTE DE CABELO,20931,"Perfumaria, sabões e artigos de limpeza"
3002605,CHAPINHA DE ALISAR CABELOS,27002,Eletrodomésticos
3002611,FIXADOR DE CABELO,20931,"Perfumaria, sabões e artigos de limpeza"
3002612,GEL FIXADOR PARA CABELOS,20931,"Perfumaria, sabões e artigos de limpeza"
3002613,AGUA OXIGENADA PARA CABELO,20931,"Perfumaria, sabões e artigos de limpeza"
3002614,TINTA PARA CABELO,20931,"Perfumaria, sabões e artigos de limpeza"
3002616,DESCOLORANTE PARA CABELO,20931,"Perfumaria, sabões e artigos de limpeza"
3002901,PORTA-BARBEADOR,31802,Produtos de industrias diversas
3003101,DESODORANTE ESPECIAL PARA OS PES,20931,"Perfumaria, sabões e artigos de limpeza"
3100101,BARBEIRO,94803,Serviços pessoais
3100201,CABELEIREIRO,94803,Serviços pessoais
3100202,LAVAGEM (CABELEIREIRO),94803,Serviços pessoais
3100203,MASSAGEM (CABELEIREIRO),94803,Serviços pessoais
3100204,PENTEADO (CABELEIREIRO),94803,Serviços pessoais
3100205,TINGIMENTO (CABELEIREIRO),94803,Serviços pessoais
3100206,ALISAMENTO (CABELEIREIRO),94803,Serviços pessoais
3100207,SOMBRANCELHA (CABELEIREIRO),94803,Serviços pessoais
3100208,BANHO DE BRILHO (CABELEIREIRO),94803,Serviços pessoais
3100209,HIDRATACAO (CABELEIREIRO),94803,Serviços pessoais
3100210,LUZES (CABELEIREIRO),94803,Serviços pessoais
3100213,RELAXAMENTO (CABELEIREIRO),94803,Serviços pessoais
3100214,ESCOVA (CABELEIREIRO),94803,Serviços pessoais
3100301,MANICURO E PEDICURO,94803,Serviços pessoais
3100302,PEDICURO,94803,Serviços pessoais
3100303,CALISTA,94803,Serviços pessoais
3100304,MANICURO,94803,Serviços pessoais
3100401,SAPATEIRO,94802,"Manutenção de computadores, telefones e objetos domésticos"
3100402,CONSERTO DE SAPATO,94802,"Manutenção de computadores, telefones e objetos domésticos"
3100404,CONSERTO DE BOLSA,94802,"Manutenção de computadores, telefones e objetos domésticos"
3100501,TINTURARIA E LAVANDERIA,94803,Serviços pessoais
3100502,LAVANDERIA,94803,Serviços pessoais
3100601,LIMPEZA DE PELE,94803,Serviços pessoais
3100602,PEELING,94803,Serviços pessoais
3100701,ENGRAXATE,94803,Serviços pessoais
3100801,DEPILACAO,94803,Serviços pessoais
3100802,DESCOLORACAO DE PELOS (BANHO DE LUA),94803,Serviços pessoais
3100803,BANHO DE LUA (DESCOLORACAO DE PELOS),94803,Serviços pessoais
3100901,ESTETICISTA,94803,Serviços pessoais
3100902,BANDAGEM (ESTETICISTA),94803,Serviços pessoais
3100903,DRENAGEM LINFATICA,94803,Serviços pessoais
3101001,"AMOLAGEM DE FACA, TESOURA, ALICATE, ETC.",94803,Serviços pessoais
3101101,MAQUIAGEM,94803,Serviços pessoais
3101201,MASSAGEM E SAUNA,94803,Serviços pessoais
3101301,RELOJOEIRO,94802,"Manutenção de computadores, telefones e objetos domésticos"
3101302,CONSERTO DE RELOGIO,94802,"Manutenção de computadores, telefones e objetos domésticos"
3101303,PULSEIRA DE RELOGIO,94802,"Manutenção de computadores, telefones e objetos domésticos"
3101304,PINO DE RELOGIO,94802,"Manutenção de computadores, telefones e objetos domésticos"
3101401,JOALHEIRO,31802,Produtos de industrias diversas
3101402,CONSERTO DE JOIAS,31802,Produtos de industrias diversas
3101403,OURIVES (CONSERTO DE JOIAS),31802,Produtos de industrias diversas
3101601,CONSERTO DE OCULOS,94802,"Manutenção de computadores, telefones e objetos domésticos"
3101701,COSTUREIRA,14001,Artigos do vestuário e acessórios
3101801,"CONSERTO DE MAQUINA FOTOGRAFICA, FLASH",94802,"Manutenção de computadores, telefones e objetos domésticos"
3101901,PINTURA EM CAMISA,94803,Serviços pessoais
3102101,"CONSERTO DE EQUIPAMENTOS DE CACA (ARMA DE FOGO, ETC.)",94802,"Manutenção de computadores, telefones e objetos domésticos"
3102301,CHAVEIRO (SERVICO),94802,"Manutenção de computadores, telefones e objetos domésticos"
3102302,COPIA DE CHAVE,94802,"Manutenção de computadores, telefones e objetos domésticos"
3102401,"CONSERTO DE EQUIPAMENTOS DE PESCA (TARRAFA, MOLINETE, ETC.)",94802,"Manutenção de computadores, telefones e objetos domésticos"
3103201,EMOLDURADOR DE QUADRO,16001,"Produtos de madeira, exclusive móveis"
3103401,MASSAGEM,94803,Serviços pessoais
3103501,ALFAIATE,94803,Serviços pessoais
3103601,BORDADEIRA,94803,Serviços pessoais
3103701,CERZIDEIRA,94803,Serviços pessoais
3103801,FOTOGRAFO (EXCETO DE CERIMONIAS FAMILIARES),73801,Publicidade e outros serviços técnicos
3103802,FOTOGRAFIA 3X4,73801,Publicidade e outros serviços técnicos
3103803,FOTOGRAFIA 5X7,73801,Publicidade e outros serviços técnicos
3104001,TATUAGEM,94803,Serviços pessoais
3104101,SAUNA,94803,Serviços pessoais
3104102,BANHO TERMAL,94803,Serviços pessoais
3104201,BARBA,94803,Serviços pessoais
3104301,CORTE DE CABELO,94803,Serviços pessoais
3104302,CORTE DE CABELO (FEMININO),94803,Serviços pessoais
3104303,CORTE DE CABELO (MASCULINO),94803,Serviços pessoais
3104401,CONSERTO DE ALICATE,94802,"Manutenção de computadores, telefones e objetos domésticos"
3104501,CONSERTO DE APARELHO CELULAR,94802,"Manutenção de computadores, telefones e objetos domésticos"
3104601,BRONZEAMENTO ARTIFICIAL,94803,Serviços pessoais
3104701,CORTE DE CABELO E BARBA,94803,Serviços pessoais
3104801,CROCHETEIRA,94803,Serviços pessoais
3104901,TAPECEIRO,94803,Serviços pessoais
3105201,COLOCACAO DE PIERCING,94803,Serviços pessoais
3105202,PIERCING,31802,Produtos de industrias diversas
3105301,PERSONAL TRAINER,94803,Serviços pessoais
3200101,CADERNO,17002,"Papel, papelão, embalagens e artefatos de papel"
3200201,"LAPIS, BORRACHA, CANETA E OUTROS ARTIGOS DE PAPELARIA",31802,Produtos de industrias diversas
3200202,BORRACHA,31802,Produtos de industrias diversas
3200203,CANETA,31802,Produtos de industrias diversas
3200204,APONTADOR,31802,Produtos de industrias diversas
3200205,ESTOJO ESCOLAR,31802,Produtos de industrias diversas
3200206,CARGA DE CANETA,31802,Produtos de industrias diversas
3200207,CORRETIVO,31802,Produtos de industrias diversas
3200208,LAPIS DE COR,31802,Produtos de industrias diversas
3200209,PINCEL,31802,Produtos de industrias diversas
3200210,TESOURA ESCOLAR,31802,Produtos de industrias diversas
3200211,TINTA,20923,"Tintas, vernizes, esmaltes e lacas"
3200212,PAPEL,17002,"Papel, papelão, embalagens e artefatos de papel"
3200213,CLIPS,25001,"Produtos de metal, excl. máquinas e equipamentos"
3200214,GRAMPO DE GRAMPEADOR,25001,"Produtos de metal, excl. máquinas e equipamentos"
3200215,GRAMPEADOR,25001,"Produtos de metal, excl. máquinas e equipamentos"
3200216,BLOCO DE PAPEL,17002,"Papel, papelão, embalagens e artefatos de papel"
3200217,CARTOLINA,17002,"Papel, papelão, embalagens e artefatos de papel"
3200218,COLA,20922,Produtos químicos diversos
3200219,FITA ADESIVA,22002,Artigos de plástico
3200220,REGUA,31802,Produtos de industrias diversas
3200221,COMPASSO,31802,Produtos de industrias diversas
3200222,TRANSFERIDOR,31802,Produtos de industrias diversas
3200223,ESQUADRO,31802,Produtos de industrias diversas
3200224,ENVELOPE,17002,"Papel, papelão, embalagens e artefatos de papel"
3200225,BANDEIRINHAS DE FESTA,17002,"Papel, papelão, embalagens e artefatos de papel"
3200226,ENFEITES DE PAREDE DE FESTA,17002,"Papel, papelão, embalagens e artefatos de papel"
3200227,CARTAO DE ANIVERSARIO,17002,"Papel, papelão, embalagens e artefatos de papel"
3200228,CARTAO DE VISITA,17002,"Papel, papelão, embalagens e artefatos de papel"
3200229,CONVITE,17002,"Papel, papelão, embalagens e artefatos de papel"
3200230,CARTAO DE NATAL,17002,"Papel, papelão, embalagens e artefatos de papel"
3200231,GRAFITE,31802,Produtos de industrias diversas
3200235,ETIQUETA,17002,"Papel, papelão, embalagens e artefatos de papel"
3200236,AGENDA,17002,"Papel, papelão, embalagens e artefatos de papel"
3200237,FITA DE MAQUINA DE ESCREVER,31802,Produtos de industrias diversas
3200238,CURRICULUM VITAE,94803,Serviços pessoais
3200240,FOLHA PARA FICHARIO,17002,"Papel, papelão, embalagens e artefatos de papel"
3200241,BOBINA DE FAX,17002,"Papel, papelão, embalagens e artefatos de papel"
3200242,ALBUM DE FOTOGRAFIAS (EXCETO DE CERIMONIA FAMILIAR),22002,Artigos de plástico
3200243,ALBUM DE FOTOGRAFIA,22002,Artigos de plástico
3200244,PASTA PLASTICA NAO-ESCOLAR,22002,Artigos de plástico
3200245,MASSA DE MODELAR,20922,Produtos químicos diversos
3200246,FICHARIO DE CARTAS,22002,Artigos de plástico
3200247,FICHARIO,22002,Artigos de plástico
3200248,PASTA SUSPENSA,17002,"Papel, papelão, embalagens e artefatos de papel"
3200249,PASTA DE PAPELAO,17002,"Papel, papelão, embalagens e artefatos de papel"
3200250,PRANCHETA,16001,"Produtos de madeira, exclusive móveis"
3200251,TRANSPARENCIA,22002,Artigos de plástico
3200252,GIZ,31802,Produtos de industrias diversas
3200253,CONTACT,22002,Artigos de plástico
3200401,LIVROS NAO-DIDATICOS,58001,"Livros, jornais e revistas"
3200402,COLECAO DE LIVROS NAO-DIDATICOS,58001,"Livros, jornais e revistas"
3200403,FASCICULO,58001,"Livros, jornais e revistas"
3200404,ROMANCE,58001,"Livros, jornais e revistas"
3200405,BIBLIA,58001,"Livros, jornais e revistas"
3200406,LIVRO DE CATECISMO,58001,"Livros, jornais e revistas"
3200501,ASSINATURA DE PERIODICOS,58001,"Livros, jornais e revistas"
3200502,ASSINATURA DE JORNAL,58001,"Livros, jornais e revistas"
3200503,ASSINATURA DE REVISTA,58001,"Livros, jornais e revistas"
3200601,FOTOCOPIA XEROX,78802,Outros serviços administrativos
3200602,XEROX,78802,Outros serviços administrativos
3200603,COPIA XEROX,78802,Outros serviços administrativos
3200604,"PLASTIFICACAO, ENCADERNACAO",78802,Outros serviços administrativos
3201501,"DIGITACAO, IMPRESSAO",62801,Desenvolvimento de sistemas e outros serviços de informação
3300101,"EQUIPAMENTOS ESPORTIVOS (BOLA, RAQUETE, REDE, TORNOZELEIRA, CHUTEIRA, ETC.)",31802,Produtos de industrias diversas
3300102,RAQUETE,31802,Produtos de industrias diversas
3300103,BOLA DE TENIS,31802,Produtos de industrias diversas
3300104,BOLA DE PINGUE-PONGUE,31802,Produtos de industrias diversas
3300105,REDE DE VOLEIBOL,31802,Produtos de industrias diversas
3300106,EQUIPAMENTOS DE ESPORTE,31802,Produtos de industrias diversas
3300108,TORNOZELEIRA,31802,Produtos de industrias diversas
3300109,CHUTEIRA,31802,Produtos de industrias diversas
3300110,OCULOS DE NATACAO,31802,Produtos de industrias diversas
3300111,TOUCA DE NATACAO,31802,Produtos de industrias diversas
3300113,CANELEIRA,31802,Produtos de industrias diversas
3300115,BOLA (EXCETO DE CRIANCA),31802,Produtos de industrias diversas
3300117,BOIA DE BRACO,31802,Produtos de industrias diversas
3300118,LUVA DE COURO (PARA GOLEIRO),31802,Produtos de industrias diversas
3300119,EQUIPAMENTOS ESPORTIVOS,31802,Produtos de industrias diversas
3300120,PRANCHA DE SURFE,31802,Produtos de industrias diversas
3300121,MOREY BOGGIES (PRANCHA DE SURFE),31802,Produtos de industrias diversas
3300122,BODY BOARDING (PRANCHA DE SURFE),31802,Produtos de industrias diversas
3300201,BRINQUEDOS E JOGOS,31802,Produtos de industrias diversas
3300202,BOLA DE CRIANCA,31802,Produtos de industrias diversas
3300203,BALDINHO DE PRAIA,31802,Produtos de industrias diversas
3300204,BONECA,31802,Produtos de industrias diversas
3300205,JOGO DE ARMAR,31802,Produtos de industrias diversas
3300206,JOGO EDUCATIVO,31802,Produtos de industrias diversas
3300207,JOGO DE ADULTO E CRIANCA,31802,Produtos de industrias diversas
3300208,DAMA,31802,Produtos de industrias diversas
3300209,XADREZ,31802,Produtos de industrias diversas
3300210,BARALHO,31802,Produtos de industrias diversas
3300211,QUEBRA-CABECA,31802,Produtos de industrias diversas
3300212,CARRINHO DE BRINQUEDO,31802,Produtos de industrias diversas
3300213,CARRO DE BRINQUEDO,31802,Produtos de industrias diversas
3300214,MESA DE SINUCA,31802,Produtos de industrias diversas
3300215,MESA DE TOTO,31802,Produtos de industrias diversas
3300216,MESA DE PINGUE-PONGUE,31802,Produtos de industrias diversas
3300217,JOGO DE MONTAR,31802,Produtos de industrias diversas
3300218,QUADRO NEGRO,31802,Produtos de industrias diversas
3300219,BEXIGA,31802,Produtos de industrias diversas
3300220,BOLA DE SOPRAR,31802,Produtos de industrias diversas
3300221,BALAO,31802,Produtos de industrias diversas
3300222,BALAO DE GAS,31802,Produtos de industrias diversas
3300224,MOTO DE BRINQUEDO,31802,Produtos de industrias diversas
3300226,PIPA,31802,Produtos de industrias diversas
3300227,URSO DE PELUCIA,31802,Produtos de industrias diversas
3300228,BICHO DE PELUCIA,31802,Produtos de industrias diversas
3300229,CEROL,31802,Produtos de industrias diversas
3300230,MAQUIAGEM DE BRINQUEDO,31802,Produtos de industrias diversas
3300231,PETECA,31802,Produtos de industrias diversas
3300232,MESA INFANTIL,31802,Produtos de industrias diversas
3300233,CADEIRA INFANTIL,31802,Produtos de industrias diversas
3300234,BARRACA DE BRINQUEDO,31802,Produtos de industrias diversas
3300301,"PATIM, SKATE, VELOCIPEDE",31802,Produtos de industrias diversas
3300302,SKATE,31802,Produtos de industrias diversas
3300303,VELOCIPEDE,31802,Produtos de industrias diversas
3300307,PATINETE,31802,Produtos de industrias diversas
3300308,TRICICLO,31802,Produtos de industrias diversas
3300309,ACESSORIOS PARA SKATE,31802,Produtos de industrias diversas
3300310,PATIM,31802,Produtos de industrias diversas
3300401,ARMAS DE FOGO (EXCETO DE CACA),25001,"Produtos de metal, excl. máquinas e equipamentos"
3300402,ESPINGARDA (EXCETO DE CACA),25001,"Produtos de metal, excl. máquinas e equipamentos"
3300403,REVOLVER (EXCETO DE CACA),25001,"Produtos de metal, excl. máquinas e equipamentos"
3300404,PISTOLA (EXCETO DE CACA),25001,"Produtos de metal, excl. máquinas e equipamentos"
3300408,MUNICAO DE ARMA DE FOGO (EXCETO DE CACA),25001,"Produtos de metal, excl. máquinas e equipamentos"
3300501,MATERIAL DE CACA E PESCA,31802,Produtos de industrias diversas
3300502,ESPINGARDA DE CACA,25001,"Produtos de metal, excl. máquinas e equipamentos"
3300503,ARMA DE CACA,25001,"Produtos de metal, excl. máquinas e equipamentos"
3300506,MUNICAO DE ARMA DE FOGO DE CACA,25001,"Produtos de metal, excl. máquinas e equipamentos"
3300507,MATERIAL DE PESCA,31802,Produtos de industrias diversas
3300508,ANZOL,31802,Produtos de industrias diversas
3300509,LINHA DE PESCA,31802,Produtos de industrias diversas
3300510,PESO DE CHUMBO DE PESCA,31802,Produtos de industrias diversas
3300511,CHUMBO DE PESCA,31802,Produtos de industrias diversas
3300513,REDE DE PESCA,31802,Produtos de industrias diversas
3300517,VARA DE PESCA,31802,Produtos de industrias diversas
3300518,ISCA ARTIFICIAL DE PESCA,31802,Produtos de industrias diversas
3300519,TARRAFA,31802,Produtos de industrias diversas
3300520,CANICO,31802,Produtos de industrias diversas
3300521,CORDA DE REDE DE PESCA,31802,Produtos de industrias diversas
3300801,CELA DE CAVALO (RECREACAO),15001,Calçados e artefatos de couro
3300802,REDEA DE CAVALO,31802,Produtos de industrias diversas
3300901,BICICLETA DE GINASTICA,31802,Produtos de industrias diversas
3300902,PEDALETE (BICICLETA DE GINASTICA),31802,Produtos de industrias diversas
3300903,BICICLETA ERGOMETRICA,31802,Produtos de industrias diversas
3301101,ESTEIRA DE GINASTICA,31802,Produtos de industrias diversas
3301102,ESTEIRA DE CAMINHAR (GINASTICA),31802,Produtos de industrias diversas
3301201,MINIGAME E AGENDA ELETRONICA INFANTIL,31802,Produtos de industrias diversas
3301202,AGENDA ELETRONICA INFANTIL,31802,Produtos de industrias diversas
3301301,KIT CARNAVALESCO,31802,Produtos de industrias diversas
3301601,SOFTWARE DE JOGO,62801,Desenvolvimento de sistemas e outros serviços de informação
3301602,SOFT DE JOGO,62801,Desenvolvimento de sistemas e outros serviços de informação
3301801,APARELHO DE ABDOMINAL,31802,Produtos de industrias diversas
3301901,APARELHO DE GINASTICA NAO-ESPECIFICADO,31802,Produtos de industrias diversas
3302001,APARELHO DE MUSCULACAO,31802,Produtos de industrias diversas
3302101,ARTIGOS PARA PRAIA,31802,Produtos de industrias diversas
3302102,BARRACA DE PRAIA,31802,Produtos de industrias diversas
3302103,CADEIRA DE PRAIA,31802,Produtos de industrias diversas
3302104,ESTEIRA DE PRAIA,31802,Produtos de industrias diversas
3302105,COLCHAO INFLAVEL,22002,Artigos de plástico
3302106,BOTE INFLAVEL,22002,Artigos de plástico
3302501,ESCUDO DE TIME,31802,Produtos de industrias diversas
3302601,ARTIGOS EROTICOS,31802,Produtos de industrias diversas
3302603,BONECA INFLAVEL,31802,Produtos de industrias diversas
3302606,CHICOTE EROTICO,31802,Produtos de industrias diversas
3400101,"AGASALHO (CASACO, SUETER, ETC.)",14001,Artigos do vestuário e acessórios
3400102,SUETER,14001,Artigos do vestuário e acessórios
3400103,BLUSA DE LA,14001,Artigos do vestuário e acessórios
3400104,JAQUETA,14001,Artigos do vestuário e acessórios
3400105,PULOVER,14001,Artigos do vestuário e acessórios
3400106,CACHECOL,14001,Artigos do vestuário e acessórios
3400107,CASACO,14001,Artigos do vestuário e acessórios
3400201,"BERMUDA, CALCAO E SHORT",14001,Artigos do vestuário e acessórios
3400202,CALCAO,14001,Artigos do vestuário e acessórios
3400203,SHORT,14001,Artigos do vestuário e acessórios
3400204,BERMUDA,14001,Artigos do vestuário e acessórios
3400301,CALCA COMPRIDA,14001,Artigos do vestuário e acessórios
3400401,BLUSA OU CAMISA,14001,Artigos do vestuário e acessórios
3400402,BLUSA,14001,Artigos do vestuário e acessórios
3400403,CAMISA,14001,Artigos do vestuário e acessórios
3400404,CAMISA MANGA CURTA,14001,Artigos do vestuário e acessórios
3400405,CAMISA MANGA LONGA,14001,Artigos do vestuário e acessórios
3400501,CAMISETA,14001,Artigos do vestuário e acessórios
3400601,CONJUNTO ESPORTIVO,14001,Artigos do vestuário e acessórios
3400604,ABRIGO,14001,Artigos do vestuário e acessórios
3400701,CUECA,14001,Artigos do vestuário e acessórios
3400801,GRAVATA,14001,Artigos do vestuário e acessórios
3400901,SUNGA DE PRAIA,14001,Artigos do vestuário e acessórios
3401001,MACACAO,14001,Artigos do vestuário e acessórios
3401101,MEIAS,14001,Artigos do vestuário e acessórios
3401201,PALETO E BLAZER,14001,Artigos do vestuário e acessórios
3401202,BLAZER,14001,Artigos do vestuário e acessórios
3401203,PALETO,14001,Artigos do vestuário e acessórios
3401301,PIJAMA E ROBE,14001,Artigos do vestuário e acessórios
3401302,ROBE,14001,Artigos do vestuário e acessórios
3401303,ROUPAO,14001,Artigos do vestuário e acessórios
3401304,ROUPAO DE BANHO,14001,Artigos do vestuário e acessórios
3401305,PIJAMA,14001,Artigos do vestuário e acessórios
3401401,TERNO,14001,Artigos do vestuário e acessórios
3401501,COLETE,14001,Artigos do vestuário e acessórios
3401601,GORRO,14001,Artigos do vestuário e acessórios
3401701,"LUVA DE COURO, MALHA,TECIDO",15001,Calçados e artefatos de couro
3401702,LUVA DE COURO,15001,Calçados e artefatos de couro
3401703,LUVA DE MALHA,14001,Artigos do vestuário e acessórios
3401704,LUVA DE TECIDO,14001,Artigos do vestuário e acessórios
3401801,ALUGUEL DE ROUPA,77001,Aluguéis não-imob. e gestão de ativos de propriedade intelectual
3401901,FARDAMENTO MILITAR,14001,Artigos do vestuário e acessórios
3402001,SOBRETUDO,14001,Artigos do vestuário e acessórios
3402201,CAMISA (UNIFORME DE ESPORTE),14001,Artigos do vestuário e acessórios
3402301,CALCAO (UNIFORME DE ESPORTE),14001,Artigos do vestuário e acessórios
3402401,MEIAO (UNIFORME DE ESPORTE),14001,Artigos do vestuário e acessórios
3402501,FANTASIA,14001,Artigos do vestuário e acessórios
3402601,MACACAO DE MOTOQUEIRO,14001,Artigos do vestuário e acessórios
3402701,CONJUNTO DE CALCA E CAMISA,14001,Artigos do vestuário e acessórios
3402801,CONJUNTO DE SHORT E CAMISA,14001,Artigos do vestuário e acessórios
3403001,QUIMONO,14001,Artigos do vestuário e acessórios
3403002,UNIFORME DE JUDO (QUIMONO),14001,Artigos do vestuário e acessórios
3403101,CONJUNTO DE CALCA E JAQUETA,14001,Artigos do vestuário e acessórios
3403201,UNIFORME DE TRABALHO,14001,Artigos do vestuário e acessórios
3403202,JALECO,14001,Artigos do vestuário e acessórios
3500101,"AGASALHO (CASACO, SUETER, ETC.)",14001,Artigos do vestuário e acessórios
3500102,CASACO,14001,Artigos do vestuário e acessórios
3500103,SUETER,14001,Artigos do vestuário e acessórios
3500104,PULOVER,14001,Artigos do vestuário e acessórios
3500105,CACHECOL,14001,Artigos do vestuário e acessórios
3500106,JAQUETA,14001,Artigos do vestuário e acessórios
3500107,ECHARPE,14001,Artigos do vestuário e acessórios
3500108,AGASALHO,14001,Artigos do vestuário e acessórios
3500109,BLUSA DE LA,14001,Artigos do vestuário e acessórios
3500110,CHALE,14001,Artigos do vestuário e acessórios
3500201,BERMUDA E SHORT,14001,Artigos do vestuário e acessórios
3500202,SHORT,14001,Artigos do vestuário e acessórios
3500203,BERMUDA,14001,Artigos do vestuário e acessórios
3500301,BLUSA OU CAMISA,14001,Artigos do vestuário e acessórios
3500302,BLUSA,14001,Artigos do vestuário e acessórios
3500303,CAMISA,14001,Artigos do vestuário e acessórios
3500304,BATA,14001,Artigos do vestuário e acessórios
3500305,BABY LOOK,14001,Artigos do vestuário e acessórios
3500307,BOLERO,14001,Artigos do vestuário e acessórios
3500401,CALCA COMPRIDA,14001,Artigos do vestuário e acessórios
3500501,CALCINHA,14001,Artigos do vestuário e acessórios
3500601,COLLANT,14001,Artigos do vestuário e acessórios
3500602,ROUPA DE GINASTICA,14001,Artigos do vestuário e acessórios
3500603,MALHA DE GINASTICA,14001,Artigos do vestuário e acessórios
3500604,ROUPA DE BALE,14001,Artigos do vestuário e acessórios
3500701,"CAMISOLA, PIJAMA, ROBE, ETC",14001,Artigos do vestuário e acessórios
3500702,PIJAMA,14001,Artigos do vestuário e acessórios
3500703,ROBE,14001,Artigos do vestuário e acessórios
3500704,ROUPAO DE BANHO,14001,Artigos do vestuário e acessórios
3500705,CAMISOLA,14001,Artigos do vestuário e acessórios
3500706,BABY DOLL,14001,Artigos do vestuário e acessórios
3500801,CONJUNTO ESPORTIVO,14001,Artigos do vestuário e acessórios
3500802,JOGGING,14001,Artigos do vestuário e acessórios
3500901,CAMISETA,14001,Artigos do vestuário e acessórios
3501001,MACACAO,14001,Artigos do vestuário e acessórios
3501002,JARDINEIRA,14001,Artigos do vestuário e acessórios
3501101,MAIO E BIQUINI,14001,Artigos do vestuário e acessórios
3501102,BIQUINI,14001,Artigos do vestuário e acessórios
3501103,MAIO,14001,Artigos do vestuário e acessórios
3501201,MEIAS,14001,Artigos do vestuário e acessórios
3501202,MEIA-CALCA,14001,Artigos do vestuário e acessórios
3501301,SAIA,14001,Artigos do vestuário e acessórios
3501401,VESTIDO,14001,Artigos do vestuário e acessórios
3501501,MODELADOR,14001,Artigos do vestuário e acessórios
3501601,"LUVA DE COURO, MALHA, TECIDO",14001,Artigos do vestuário e acessórios
3501603,LUVA DE MALHA,14001,Artigos do vestuário e acessórios
3501604,LUVA DE TECIDO,14001,Artigos do vestuário e acessórios
3501801,GORRO,14001,Artigos do vestuário e acessórios
3501901,ALUGUEL DE ROUPA,77001,Aluguéis não-imob. e gestão de ativos de propriedade intelectual
3502001,CINTA,14001,Artigos do vestuário e acessórios
3502101,SAIDA DE PRAIA,14001,Artigos do vestuário e acessórios
3502102,CANGA,14001,Artigos do vestuário e acessórios
3502301,ANAGUA,14001,Artigos do vestuário e acessórios
3502501,VESTIDO DE NOIVA,14001,Artigos do vestuário e acessórios
3502601,CAMISA (UNIFORME DE ESPORTE),14001,Artigos do vestuário e acessórios
3502701,CALCAO (UNIFORME DE ESPORTE),14001,Artigos do vestuário e acessórios
3502801,MEIAO (UNIFORME DE ESPORTE),14001,Artigos do vestuário e acessórios
3502901,FANTASIA,14001,Artigos do vestuário e acessórios
3503001,BUSTIE,14001,Artigos do vestuário e acessórios
3503202,CANELEIRA (POLAINA),14001,Artigos do vestuário e acessórios
3503301,CONJUNTO DE SAIA E BLUSA,14001,Artigos do vestuário e acessórios
3503401,CONJUNTO DE SHORT E BLUSA,14001,Artigos do vestuário e acessórios
3503501,BLAZER,14001,Artigos do vestuário e acessórios
3503601,CONJUNTO DE SAIA E BLAZER,14001,Artigos do vestuário e acessórios
3503701,TERNO OU TERNINHO,14001,Artigos do vestuário e acessórios
3503702,TERNO,14001,Artigos do vestuário e acessórios
3503703,TERNINHO,14001,Artigos do vestuário e acessórios
3503801,MACAQUITO,14001,Artigos do vestuário e acessórios
3503802,MACAQUINHO,14001,Artigos do vestuário e acessórios
3503901,CONJUNTO DE CALCA E BLUSA,14001,Artigos do vestuário e acessórios
3504001,SUTIA,14001,Artigos do vestuário e acessórios
3504201,UNIFORME DE TRABALHO,14001,Artigos do vestuário e acessórios
3504202,JALECO,14001,Artigos do vestuário e acessórios
3504301,COLETE,14001,Artigos do vestuário e acessórios
3504401,CONJUNTO DE CALCA E JAQUETA,14001,Artigos do vestuário e acessórios
3504501,CONJUNTO DE SAIA E JAQUETA,14001,Artigos do vestuário e acessórios
3504601,QUIMONO,14001,Artigos do vestuário e acessórios
3504701,GRAVATA,14001,Artigos do vestuário e acessórios
3504801,CALCA DE CAPOEIRA (ABADA),14001,Artigos do vestuário e acessórios
3504901,SAIA-CALCA,14001,Artigos do vestuário e acessórios
3505001,TOP,14001,Artigos do vestuário e acessórios
3505101,CALCA (UNIFORME DE ESPORTE),14001,Artigos do vestuário e acessórios
3505201,CONJUNTO DE BERMUDA E BLUSA,14001,Artigos do vestuário e acessórios
3505301,CONJUNTO DE CALCA E BLAZER,14001,Artigos do vestuário e acessórios
3505401,CONJUNTO DE CASACO E BLUSA,14001,Artigos do vestuário e acessórios
3505501,SOBRETUDO,14001,Artigos do vestuário e acessórios
3505701,CONJUNTO DE CALCINHA E SUTIA,14001,Artigos do vestuário e acessórios
3505801,CALCA (EXCETO COMPRIDA),14001,Artigos do vestuário e acessórios
3505901,CONJUNTO DE MALHA,14001,Artigos do vestuário e acessórios
3600101,"AGASALHO (CASACO, SUETER, ETC)",14001,Artigos do vestuário e acessórios
3600102,SUETER,14001,Artigos do vestuário e acessórios
3600103,JAQUETA,14001,Artigos do vestuário e acessórios
3600105,CACHECOL,14001,Artigos do vestuário e acessórios
3600106,CASACO,14001,Artigos do vestuário e acessórios
3600201,"BERMUDA, SHORT E CALCAO",14001,Artigos do vestuário e acessórios
3600202,SHORT,14001,Artigos do vestuário e acessórios
3600203,BERMUDA,14001,Artigos do vestuário e acessórios
3600204,CALCAO,14001,Artigos do vestuário e acessórios
3600301,BLUSA OU CAMISA,14001,Artigos do vestuário e acessórios
3600302,CAMISA,14001,Artigos do vestuário e acessórios
3600303,BLUSA,14001,Artigos do vestuário e acessórios
3600401,CALCA COMPRIDA,14001,Artigos do vestuário e acessórios
3600501,"SUNGA, MAIO E BIQUINI",14001,Artigos do vestuário e acessórios
3600502,SUNGA,14001,Artigos do vestuário e acessórios
3600503,MAIO,14001,Artigos do vestuário e acessórios
3600504,BIQUINI,14001,Artigos do vestuário e acessórios
3600505,TANGA,14001,Artigos do vestuário e acessórios
3600601,CALCINHA,14001,Artigos do vestuário e acessórios
3600701,ROUPA DE GINASTICA,14001,Artigos do vestuário e acessórios
3600801,"CAMISOLA, PIJAMA, ROBE, ETC",14001,Artigos do vestuário e acessórios
3600802,PIJAMA,14001,Artigos do vestuário e acessórios
3600804,ROUPAO DE BANHO,14001,Artigos do vestuário e acessórios
3600805,CAMISOLA,14001,Artigos do vestuário e acessórios
3600806,BABY DOLL,14001,Artigos do vestuário e acessórios
3600901,CONJUNTO ESPORTIVO,14001,Artigos do vestuário e acessórios
3600904,CONJUNTO DE MOLETON,14001,Artigos do vestuário e acessórios
3601001,CUECA,14001,Artigos do vestuário e acessórios
3601101,SUTIA,14001,Artigos do vestuário e acessórios
3601201,FRALDA DE TECIDO,14001,Artigos do vestuário e acessórios
3601301,MACACAO,14001,Artigos do vestuário e acessórios
3601302,JARDINEIRA,14001,Artigos do vestuário e acessórios
3601401,MEIAS,14001,Artigos do vestuário e acessórios
3601402,MEIA-CALCA,14001,Artigos do vestuário e acessórios
3601501,"PALETO, BLAZER E TERNO",14001,Artigos do vestuário e acessórios
3601502,BLAZER,14001,Artigos do vestuário e acessórios
3601503,TERNO,14001,Artigos do vestuário e acessórios
3601601,SAIA,14001,Artigos do vestuário e acessórios
3601701,VESTIDO,14001,Artigos do vestuário e acessórios
3601702,VESTIDO DE DAMA DE HONRA,14001,Artigos do vestuário e acessórios
3601801,OUTRAS ROUPAS DE BEBE,14001,Artigos do vestuário e acessórios
3601802,CALCA PLASTICA,14001,Artigos do vestuário e acessórios
3601803,CUEIRO,14001,Artigos do vestuário e acessórios
3601804,MANTA,14001,Artigos do vestuário e acessórios
3601805,CINTEIRO,14001,Artigos do vestuário e acessórios
3601806,BABADOR,14001,Artigos do vestuário e acessórios
3601807,CALCA ENXUTA,14001,Artigos do vestuário e acessórios
3601808,UMBIGUEIRO,14001,Artigos do vestuário e acessórios
3601809,SAPATINHO DE LA OU LINHA,14001,Artigos do vestuário e acessórios
3601810,FLANELA PARA BEBE,14001,Artigos do vestuário e acessórios
3601811,MIJAOZINHO (CALCA DE MALHA PARA BEBE),14001,Artigos do vestuário e acessórios
3601812,CONJUNTO PAGAO,14001,Artigos do vestuário e acessórios
3601813,CONJUNTINHO PAGAO,14001,Artigos do vestuário e acessórios
3601814,TROCA-FRALDAS,14001,Artigos do vestuário e acessórios
3601901,CAMISETA,14001,Artigos do vestuário e acessórios
3602201,GORRO,14001,Artigos do vestuário e acessórios
3602401,"LUVA DE COURO, MALHA,TECIDO",14001,Artigos do vestuário e acessórios
3602402,LUVA DE COURO,14001,Artigos do vestuário e acessórios
3602403,LUVA DE MALHA,14001,Artigos do vestuário e acessórios
3602404,LUVA DE TECIDO,14001,Artigos do vestuário e acessórios
3602501,CONJUNTO DE SHORT E CAMISA,14001,Artigos do vestuário e acessórios
3602601,CONJUNTO DE BERMUDA E BLUSA,14001,Artigos do vestuário e acessórios
3602701,ALUGUEL DE ROUPA,77001,Aluguéis não-imob. e gestão de ativos de propriedade intelectual
3602801,UNIFORME PARA CORAL,14001,Artigos do vestuário e acessórios
3602802,UNIFORME PARA CORAL DE IGREJA,14001,Artigos do vestuário e acessórios
3602803,BECA,14001,Artigos do vestuário e acessórios
3602804,CONJUNTO PARA PRIMEIRA COMUNHAO,14001,Artigos do vestuário e acessórios
3602901,CAMISA (UNIFORME DE ESPORTE),14001,Artigos do vestuário e acessórios
3603001,CALCAO (UNIFORME DE ESPORTE),14001,Artigos do vestuário e acessórios
3603101,MEIAO (UNIFORME DE ESPORTE),14001,Artigos do vestuário e acessórios
3603201,FANTASIA,14001,Artigos do vestuário e acessórios
3603301,BUSTIE,14001,Artigos do vestuário e acessórios
3603401,CONJUNTO DE SAIA E BLUSA,14001,Artigos do vestuário e acessórios
3603501,CONJUNTO DE CALCA E CAMISA,14001,Artigos do vestuário e acessórios
3603601,QUIMONO,14001,Artigos do vestuário e acessórios
3603602,UNIFORME DE JUDO (QUIMONO),14001,Artigos do vestuário e acessórios
3603701,CONJUNTO DE CALCA E JAQUETA,14001,Artigos do vestuário e acessórios
3603801,PONCHO DE LA,14001,Artigos do vestuário e acessórios
3603901,MACAQUITO,14001,Artigos do vestuário e acessórios
3604001,GRAVATA,14001,Artigos do vestuário e acessórios
3604102,CANELEIRA (POLAINA),14001,Artigos do vestuário e acessórios
3604301,UNIFORME DE BALE,14001,Artigos do vestuário e acessórios
3604601,ENXOVAL DE BEBE,14001,Artigos do vestuário e acessórios
3604701,CONJUNTO DE CALCINHA E SUTIA,14001,Artigos do vestuário e acessórios
3604801,CALCA (EXCETO COMPRIDA),14001,Artigos do vestuário e acessórios
3700101,ARTIGOS DE ARMARINHO,31802,Produtos de industrias diversas
3700102,LINHA,13001,Fios e fibras têxteis beneficiadas
3700103,ALFINETE,31802,Produtos de industrias diversas
3700104,AGULHA,31802,Produtos de industrias diversas
3700105,BOTAO,31802,Produtos de industrias diversas
3700106,RENDA,13003,Art. têxteis de uso doméstico e outros têxteis
3700107,NOVELO DE LA,13001,Fios e fibras têxteis beneficiadas
3700108,CARRETEL,31802,Produtos de industrias diversas
3700109,FECHO,31802,Produtos de industrias diversas
3700110,COLCHETE,31802,Produtos de industrias diversas
3700111,TESOURA,25001,"Produtos de metal, excl. máquinas e equipamentos"
3700112,ELASTICO,31802,Produtos de industrias diversas
3700113,ESTOJO DE COSTURA,31802,Produtos de industrias diversas
3700114,FITA METRICA,31802,Produtos de industrias diversas
3700117,CARRETILHA DE LINHA (CARRETEL DE LINHA DE ARMARINHO),31802,Produtos de industrias diversas
3700119,FIVELA DE CINTO,31802,Produtos de industrias diversas
3700120,AGULHA DE TRICO,31802,Produtos de industrias diversas
3700121,FITA DE TECIDO,13003,Art. têxteis de uso doméstico e outros têxteis
3700123,CORREIA DE CHINELO,31802,Produtos de industrias diversas
3700124,BARBANTE,31802,Produtos de industrias diversas
3700125,CORDAO,31802,Produtos de industrias diversas
3700126,CORDA DE ALGODAO,31802,Produtos de industrias diversas
3700127,PRESILHA DE FRALDA,31802,Produtos de industrias diversas
3700128,LASTEX (ELASTICO),31802,Produtos de industrias diversas
3700130,AGULHA DE CROCHE,31802,Produtos de industrias diversas
3700131,AGULHA DE MAQUINA DE COSTURA,28003,Outras máquinas e equipamentos mecânicos
3700201,TECIDOS,13002,Tecidos
3700301,ROUPA DE BANHO,13003,Art. têxteis de uso doméstico e outros têxteis
3700302,TOALHA DE BANHO,13003,Art. têxteis de uso doméstico e outros têxteis
3700303,TOALHA INFANTIL DE BANHO,13003,Art. têxteis de uso doméstico e outros têxteis
3700304,JOGO DE TOALHAS DE BANHO,13003,Art. têxteis de uso doméstico e outros têxteis
3700305,TOALHA DE ROSTO,13003,Art. têxteis de uso doméstico e outros têxteis
3700401,ROUPA DE CAMA,13003,Art. têxteis de uso doméstico e outros têxteis
3700402,LENCOL,13003,Art. têxteis de uso doméstico e outros têxteis
3700403,MANTA DE CAMA,13003,Art. têxteis de uso doméstico e outros têxteis
3700404,COBERTOR,13003,Art. têxteis de uso doméstico e outros têxteis
3700405,FRONHA,13003,Art. têxteis de uso doméstico e outros têxteis
3700406,COLCHA,13003,Art. têxteis de uso doméstico e outros têxteis
3700407,EDREDON,13003,Art. têxteis de uso doméstico e outros têxteis
3700408,JOGO DE ROUPAS DE CAMA,13003,Art. têxteis de uso doméstico e outros têxteis
3700409,KIT DE BERCO,13003,Art. têxteis de uso doméstico e outros têxteis
3700410,MANTA PARA SOFA,13003,Art. têxteis de uso doméstico e outros têxteis
3700501,ROUPA DE MESA DE TECIDO,13003,Art. têxteis de uso doméstico e outros têxteis
3700502,TOALHA DE MESA DE TECIDO,13003,Art. têxteis de uso doméstico e outros têxteis
3700503,PANO DE PRATO,13003,Art. têxteis de uso doméstico e outros têxteis
3700504,JOGO DE MESA DE TECIDO,13003,Art. têxteis de uso doméstico e outros têxteis
3700505,JOGO AMERICANO DE TECIDO,13003,Art. têxteis de uso doméstico e outros têxteis
3700506,GUARDANAPO DE MESA DE TECIDO,13003,Art. têxteis de uso doméstico e outros têxteis
3700601,ROUPA DE MESA DE PLASTICO,22002,Artigos de plástico
3700602,PANO DE CENTRO DE PLASTICO,22002,Artigos de plástico
3700603,TOALHA DE MESA DE PLASTICO,22002,Artigos de plástico
3700604,JOGO DE MESA DE PLASTICO,22002,Artigos de plástico
3700605,JOGO AMERICANO DE PLASTICO,22002,Artigos de plástico
3700701,LEQUE (USO PESSOAL),31802,Produtos de industrias diversas
3700801,TINTA DE TECIDO,20923,"Tintas, vernizes, esmaltes e lacas"
3700802,TINTURA DE ROUPA,20923,"Tintas, vernizes, esmaltes e lacas"
3701001,CORTINADO,13003,Art. têxteis de uso doméstico e outros têxteis
3701002,ACORTINADO,13003,Art. têxteis de uso doméstico e outros têxteis
3701003,MOSQUITEIRO,13003,Art. têxteis de uso doméstico e outros têxteis
3701004,BLACKOUT (PLASTICO DE JANELA),22002,Artigos de plástico
3701101,"ENCHIMENTO DE ALMOFADA, DE TRAVESSEIRO, ETC",31802,Produtos de industrias diversas
3701102,"ESPUMA DE ENCHIMENTO DE ALMOFADA, DE TRAVESSEIRO, ETC.",31802,Produtos de industrias diversas
3701103,"PAINA DE ENCHIMENTO DE ALMOFADA, DE TRAVESSEIRO, ETC.",31802,Produtos de industrias diversas
3701104,"ESPONJA DE ENCHIMENTO DE ALMOFADA, DE TRAVESSEIRO, ETC.",31802,Produtos de industrias diversas
3701301,"AVENTAL, LUVA, ETC. PARA SERVICOS DOMESTICOS",31802,Produtos de industrias diversas
3701302,LUVA PARA SERVICOS DOMESTICOS,22001,Artigos de borracha
3701304,AVENTAL PARA SERVICOS DOMESTICOS,31802,Produtos de industrias diversas
3701501,PLASTICO,22002,Artigos de plástico
3701601,LENCOL DESCARTAVEL,17002,"Papel, papelão, embalagens e artefatos de papel"
3701701,PUNHO DE REDE,25001,"Produtos de metal, excl. máquinas e equipamentos"
3701801,NAPA,13003,Art. têxteis de uso doméstico e outros têxteis
3702001,PROTETOR DE COLCHAO,13003,Art. têxteis de uso doméstico e outros têxteis
3702101,TINTA DE CALCADO,20923,"Tintas, vernizes, esmaltes e lacas"
3702301,TRAVESSEIRO,13003,Art. têxteis de uso doméstico e outros têxteis
3702401,"ENXOVAL (ROUPAS DE CAMA, MESA, BANHO)",13003,Art. têxteis de uso doméstico e outros têxteis
3702601,PRENDEDOR DE CHUPETA,31802,Produtos de industrias diversas
3702701,ALCA PARA SUTIA,14001,Artigos do vestuário e acessórios
3702801,BASTIDOR,31802,Produtos de industrias diversas
3702901,BICO PARA VESTIDO,14001,Artigos do vestuário e acessórios
3703101,PROTETOR DE ENDREDON,13003,Art. têxteis de uso doméstico e outros têxteis
3703201,PROTETOR DE COBERTOR,13003,Art. têxteis de uso doméstico e outros têxteis
3703301,PROTETOR DE TRAVESSEIRO,13003,Art. têxteis de uso doméstico e outros têxteis
3703401,COLA PARA TECIDO,20922,Produtos químicos diversos
3703601,LONA,13003,Art. têxteis de uso doméstico e outros têxteis
3703801,TOALHA DE MAO,13003,Art. têxteis de uso doméstico e outros têxteis
3703901,TOALHA DE PRAIA,13003,Art. têxteis de uso doméstico e outros têxteis
3704001,CABIDE,22002,Artigos de plástico
3704101,CAIXA DE PRESENTE,17002,"Papel, papelão, embalagens e artefatos de papel"
3704201,PAPEL DE PRESENTE,17002,"Papel, papelão, embalagens e artefatos de papel"
3704301,TRILHO DE MESA,13003,Art. têxteis de uso doméstico e outros têxteis
3704501,JOGO DE COZINHA (TECIDO),13003,Art. têxteis de uso doméstico e outros têxteis
3704601,PORTA-FRALDA,31802,Produtos de industrias diversas
3800101,"BOLSA, CARTEIRA, PASTA E MALETA DE HOMEM",15001,Calçados e artefatos de couro
3800102,PASTA DE HOMEM,15001,Calçados e artefatos de couro
3800103,MALETA DE HOMEM,15001,Calçados e artefatos de couro
3800104,CARTEIRA DE HOMEM,15001,Calçados e artefatos de couro
3800105,BOLSA DE HOMEM,15001,Calçados e artefatos de couro
3800201,BOLSA E CARTEIRA DE MULHER,15001,Calçados e artefatos de couro
3800202,CARTEIRA DE MULHER,15001,Calçados e artefatos de couro
3800203,BOLSA DE MULHER,15001,Calçados e artefatos de couro
3800301,FRASQUEIRA,15001,Calçados e artefatos de couro
3800401,VALISE,15001,Calçados e artefatos de couro
3800501,MALA,15001,Calçados e artefatos de couro
3800601,SANDALIA DE CRIANCA (EXCETO DE BORRACHA OU PLASTICO),15001,Calçados e artefatos de couro
3800701,SANDALIA DE HOMEM (EXCETO DE BORRACHA OU PLASTICO),15001,Calçados e artefatos de couro
3800801,SANDALIA DE MULHER (EXCETO DE BORRACHA OU PLASTICO),15001,Calçados e artefatos de couro
3800901,SANDALIA DE BORRACHA DE CRIANCA,15001,Calçados e artefatos de couro
3801001,SANDALIA E SAPATO DE PLASTICO DE CRIANCA,15001,Calçados e artefatos de couro
3801002,SAPATO DE PLASTICO DE CRIANCA,15001,Calçados e artefatos de couro
3801003,SANDALIA DE PLASTICO DE CRIANCA,15001,Calçados e artefatos de couro
3801101,SANDALIA E SAPATO DE PLASTICO DE MULHER,15001,Calçados e artefatos de couro
3801102,SAPATO DE PLASTICO DE MULHER,15001,Calçados e artefatos de couro
3801103,SANDALIA DE PLASTICO DE MULHER,15001,Calçados e artefatos de couro
3801201,SAPATO E BOTA DE CRIANCA (EXCETO DE PLASTICO),15001,Calçados e artefatos de couro
3801202,BOTA DE CRIANCA (EXCETO DE PLASTICO),15001,Calçados e artefatos de couro
3801203,SAPATO DE CRIANCA (EXCETO DE PLASTICO),15001,Calçados e artefatos de couro
3801301,SAPATO E BOTA DE HOMEM (EXCETO DE PLASTICO),15001,Calçados e artefatos de couro
3801302,BOTA DE HOMEM (EXCETO DE PLASTICO),15001,Calçados e artefatos de couro
3801303,SAPATO DE HOMEM (EXCETO DE PLASTICO),15001,Calçados e artefatos de couro
3801401,SAPATO E BOTA DE MULHER (EXCETO DE PLASTICO),15001,Calçados e artefatos de couro
3801402,BOTA DE MULHER (EXCETO DE PLASTICO),15001,Calçados e artefatos de couro
3801403,SAPATO DE MULHER (EXCETO DE PLASTICO),15001,Calçados e artefatos de couro
3801501,TENIS DE CRIANCA,15001,Calçados e artefatos de couro
3801601,TENIS DE HOMEM,15001,Calçados e artefatos de couro
3801701,CINTO DE HOMEM,14001,Artigos do vestuário e acessórios
3801801,CINTO DE MULHER,14001,Artigos do vestuário e acessórios
3801901,CHINELO,15001,Calçados e artefatos de couro
3801902,PANTUFA,15001,Calçados e artefatos de couro
3802001,TAMANCO,15001,Calçados e artefatos de couro
3802101,CINTO DE CRIANCA,14001,Artigos do vestuário e acessórios
3802301,BOLSA DE CRIANCA,15001,Calçados e artefatos de couro
3802302,CARTEIRA DE CRIANCA,14001,Artigos do vestuário e acessórios
3802304,POCHETE DE CRIANCA,14001,Artigos do vestuário e acessórios
3802401,SAPATINHO DE BEBE (EXCETO DE LA),14001,Artigos do vestuário e acessórios
3802501,MOCHILA (EXCETO ESCOLAR),15001,Calçados e artefatos de couro
3802601,ALPARGATA DE HOMEM,15001,Calçados e artefatos de couro
3802701,ALPARGATA DE MULHER,15001,Calçados e artefatos de couro
3802801,ALPARGATA DE CRIANCA,15001,Calçados e artefatos de couro
3802901,"ALUGUEL DE BOLSA, CALCADO, CINTO, CHAPEU, LUVA, ETC.",77001,Aluguéis não-imob. e gestão de ativos de propriedade intelectual
3803001,SAPATILHA,15001,Calçados e artefatos de couro
3803002,SAPATILHA DE BALE,15001,Calçados e artefatos de couro
3803003,SAPATILHA DE GINASTICA,15001,Calçados e artefatos de couro
3803101,CARTEIRA (NAO-ESPECIFICADA),15001,Calçados e artefatos de couro
3803201,SANDALIA E SAPATO DE PLASTICO DE HOMEM,15001,Calçados e artefatos de couro
3803202,SAPATO DE PLASTICO DE HOMEM,15001,Calçados e artefatos de couro
3803203,SANDALIA DE PLASTICO DE HOMEM,15001,Calçados e artefatos de couro
3803301,"GALOCHA DE CRIANCA, HOMEM E MULHER",15001,Calçados e artefatos de couro
3803401,BOTA DE PLASTICO DE CRIANCA,15001,Calçados e artefatos de couro
3803501,PORTA-NIQUEIS,15001,Calçados e artefatos de couro
3803601,SACOLA DE BEBE,15001,Calçados e artefatos de couro
3803701,SACOLA DE VIAGEM,15001,Calçados e artefatos de couro
3803702,BOLSA DE VIAGEM,15001,Calçados e artefatos de couro
3803801,"CARRINHO DE CARREGAR MALA, VALISE, ETC.",31802,Produtos de industrias diversas
3803901,BOLSA (NAO-ESPECIFICADA),15001,Calçados e artefatos de couro
3804001,SANDALIA (NAO-ESPECIFICADA),15001,Calçados e artefatos de couro
3804002,RASTEIRINHA,15001,Calçados e artefatos de couro
3804101,SAPATO (NAO-ESPECIFICADO),15001,Calçados e artefatos de couro
3804201,ALPARGATA (NAO-ESPECIFICADA),15001,Calçados e artefatos de couro
3804301,BOTA (NAO-ESPECIFICADA),15001,Calçados e artefatos de couro
3804401,COTURNO,15001,Calçados e artefatos de couro
3804501,CINTO (NAO-ESPECIFICADO),15001,Calçados e artefatos de couro
3804601,TENIS (NAO-ESPECIFICADO),15001,Calçados e artefatos de couro
3804701,SANDALIA DE BORRACHA DE HOMEM,15001,Calçados e artefatos de couro
3804801,SANDALIA DE PLASTICO (NAO-ESPECIFICADA),15001,Calçados e artefatos de couro
3804901,SANDALIA DE BORRACHA DE MULHER,15001,Calçados e artefatos de couro
3805001,CAPA DE CHUVA,14001,Artigos do vestuário e acessórios
3805101,LENCO DE CABECA,14001,Artigos do vestuário e acessórios
3805102,VEU DE CABECA,14001,Artigos do vestuário e acessórios
3805202,LENCO,14001,Artigos do vestuário e acessórios
3805301,ISQUEIRO NAO-DESCARTAVEL (USO PESSOAL),31802,Produtos de industrias diversas
3805501,ARRANJO DE CABELO,31802,Produtos de industrias diversas
3805601,LENCO DE PESCOCO,13003,Art. têxteis de uso doméstico e outros têxteis
3805701,ENFEITE DE CABELO,31802,Produtos de industrias diversas
3805702,LACINHO (ENFEITE DE CABELO),13003,Art. têxteis de uso doméstico e outros têxteis
3805801,CHAPEU,14001,Artigos do vestuário e acessórios
3805901,BONE E VISEIRA,14001,Artigos do vestuário e acessórios
3805902,BONE,14001,Artigos do vestuário e acessórios
3805903,VISEIRA,14001,Artigos do vestuário e acessórios
3806001,GUARDA-CHUVA E SOMBRINHA,31802,Produtos de industrias diversas
3806002,GUARDA-CHUVA,31802,Produtos de industrias diversas
3806003,SOMBRINHA,31802,Produtos de industrias diversas
3806101,FAIXA DE CABECA,14001,Artigos do vestuário e acessórios
3806201,BENGALA,16001,"Produtos de madeira, exclusive móveis"
3806301,BOTA DE PLASTICO (NAO-ESPECIFICADA),15001,Calçados e artefatos de couro
3806401,BOTA DE BORRACHA (NAO-ESPECIFICADA),15001,Calçados e artefatos de couro
3806501,SANDALIA DE BORRACHA (NAO-ESPECIFICADA),15001,Calçados e artefatos de couro
3806601,TENIS DE MULHER,15001,Calçados e artefatos de couro
3806701,CACHIMBO,31802,Produtos de industrias diversas
3807101,SAPATENIS,15001,Calçados e artefatos de couro
3807201,POCHETE,15001,Calçados e artefatos de couro
3900101,COPO DE VIDRO COMUM,23003,"Vidros, cerâmicos e outros prod. de minerais não-metálicos"
3900102,CONJUNTO DE COPOS COMUNS DE VIDRO,23003,"Vidros, cerâmicos e outros prod. de minerais não-metálicos"
3900103,COPO COMUM DE VIDRO,23003,"Vidros, cerâmicos e outros prod. de minerais não-metálicos"
3900201,PRATO DE LOUCA,23003,"Vidros, cerâmicos e outros prod. de minerais não-metálicos"
3900202,CONJUNTO DE PRATOS DE LOUCA,23003,"Vidros, cerâmicos e outros prod. de minerais não-metálicos"
3900203,JOGO DE PRATOS DE LOUCA,23003,"Vidros, cerâmicos e outros prod. de minerais não-metálicos"
3900301,TRAVESSA DE VIDRO OU LOUCA,23003,"Vidros, cerâmicos e outros prod. de minerais não-metálicos"
3900401,XICARA COMUM,23003,"Vidros, cerâmicos e outros prod. de minerais não-metálicos"
3900402,CONJUNTO DE XICARAS COMUNS,23003,"Vidros, cerâmicos e outros prod. de minerais não-metálicos"
3900501,OUTROS UTENSILIOS DE VIDRO OU LOUCA,23003,"Vidros, cerâmicos e outros prod. de minerais não-metálicos"
3900601,"FRIGIDEIRA, LEITEIRA, ETC.",25001,"Produtos de metal, excl. máquinas e equipamentos"
3900602,PANELA,25001,"Produtos de metal, excl. máquinas e equipamentos"
3900603,LEITEIRA,25001,"Produtos de metal, excl. máquinas e equipamentos"
3900604,PANELA DE PRESSAO,25001,"Produtos de metal, excl. máquinas e equipamentos"
3900605,PIPOQUEIRA (PANELA),25001,"Produtos de metal, excl. máquinas e equipamentos"
3900606,CONJUNTO DE PANELAS,25001,"Produtos de metal, excl. máquinas e equipamentos"
3900701,TALHERES,25001,"Produtos de metal, excl. máquinas e equipamentos"
3900702,FACA,25001,"Produtos de metal, excl. máquinas e equipamentos"
3900703,GARFO,25001,"Produtos de metal, excl. máquinas e equipamentos"
3900704,COLHER,25001,"Produtos de metal, excl. máquinas e equipamentos"
3900705,CONJUNTO DE COLHERES,25001,"Produtos de metal, excl. máquinas e equipamentos"
3900706,CONJUNTO DE GARFOS,25001,"Produtos de metal, excl. máquinas e equipamentos"
3900707,CONJUNTO DE FACAS,25001,"Produtos de metal, excl. máquinas e equipamentos"
3900708,CONJUNTO DE ESCUMADEIRAS,25001,"Produtos de metal, excl. máquinas e equipamentos"
3900709,CONJUNTO DE CONCHAS,25001,"Produtos de metal, excl. máquinas e equipamentos"
3900801,OUTROS UTENSILIOS DE METAL,25001,"Produtos de metal, excl. máquinas e equipamentos"
3900802,SOCADOR DE CARNE DE METAL,25001,"Produtos de metal, excl. máquinas e equipamentos"
3900803,CANECA DE METAL,25001,"Produtos de metal, excl. máquinas e equipamentos"
3900804,RALADOR DE QUEIJO,25001,"Produtos de metal, excl. máquinas e equipamentos"
3900805,ESCORREDOR DE METAL,25001,"Produtos de metal, excl. máquinas e equipamentos"
3900806,"ABRIDOR DE GARRAFA, LATA, ETC.",25001,"Produtos de metal, excl. máquinas e equipamentos"
3900808,FACAO,25001,"Produtos de metal, excl. máquinas e equipamentos"
3900809,LATA DE CONDIMENTO (AVULSA),25001,"Produtos de metal, excl. máquinas e equipamentos"
3900810,PORTA-CONDIMENTO (AVULSO),25001,"Produtos de metal, excl. máquinas e equipamentos"
3900811,SUPORTE DE PANELAS,25001,"Produtos de metal, excl. máquinas e equipamentos"
3900813,"FORMA DE BOLO, PIZZA, PUDIM, TORTA",25001,"Produtos de metal, excl. máquinas e equipamentos"
3900814,PORTA-COPOS,25001,"Produtos de metal, excl. máquinas e equipamentos"
3900816,TRIPE DE PANELAS DE METAL,25001,"Produtos de metal, excl. máquinas e equipamentos"
3900817,BALDE DE ALUMINIO,25001,"Produtos de metal, excl. máquinas e equipamentos"
3900818,MARMITA DE ALUMINIO,25001,"Produtos de metal, excl. máquinas e equipamentos"
3900819,AGULHA DE DESENTUPIR FOGAO,25001,"Produtos de metal, excl. máquinas e equipamentos"
3900820,PROTETOR DE FERRO ELETRICO DE METAL,25001,"Produtos de metal, excl. máquinas e equipamentos"
3900822,CONJUNTO DE BACIAS DE ALUMINIO,25001,"Produtos de metal, excl. máquinas e equipamentos"
3900823,JOGO DE BACIAS DE ALUMINIO,25001,"Produtos de metal, excl. máquinas e equipamentos"
3900824,CONJUNTO DE MARMITAS,25001,"Produtos de metal, excl. máquinas e equipamentos"
3900825,JOGO DE MARMITAS,25001,"Produtos de metal, excl. máquinas e equipamentos"
3900826,"CONJUNTO DE FORMAS DE BOLO, PIZZA, PUDIM, TORTA",25001,"Produtos de metal, excl. máquinas e equipamentos"
3900827,BACIA DE ALUMINIO,25001,"Produtos de metal, excl. máquinas e equipamentos"
3900828,BACIA DE ESMALTE,25001,"Produtos de metal, excl. máquinas e equipamentos"
3900829,BACIA DE INOX,25001,"Produtos de metal, excl. máquinas e equipamentos"
3900830,FRUTEIRA DE INOX,25001,"Produtos de metal, excl. máquinas e equipamentos"
3900831,BANDEJA DE INOX,25001,"Produtos de metal, excl. máquinas e equipamentos"
3900832,COPO DE INOX,25001,"Produtos de metal, excl. máquinas e equipamentos"
3900833,CONJUNTO DE ESPETOS DE METAL,25001,"Produtos de metal, excl. máquinas e equipamentos"
3900834,JOGO DE ESPETOS DE METAL,25001,"Produtos de metal, excl. máquinas e equipamentos"
3900835,ESPREMEDOR DE METAL,25001,"Produtos de metal, excl. máquinas e equipamentos"
3900836,COPO DE ALUMINIO,25001,"Produtos de metal, excl. máquinas e equipamentos"
3900837,RALADOR,25001,"Produtos de metal, excl. máquinas e equipamentos"
3900901,UTENSILIOS DE PLASTICO,22002,Artigos de plástico
3900902,BALDE PLASTICO,22002,Artigos de plástico
3900903,BACIA PLASTICA,22002,Artigos de plástico
3900904,GARRAFA PLASTICA DE AGUA,22002,Artigos de plástico
3900905,VASILHAME PLASTICO DE MANTIMENTOS,22002,Artigos de plástico
3900906,GARRAFAO PLASTICO DE AGUA,22002,Artigos de plástico
3900907,ENGRADADO PLASTICO,22002,Artigos de plástico
3900908,PORTA-TOALHA DE PLASTICO,22002,Artigos de plástico
3900909,ARMARIO DE PLASTICO DE BANHEIRO,22002,Artigos de plástico
3900910,BANHEIRA PLASTICA DE CRIANCA OU BEBE,22002,Artigos de plástico
3900911,CONJUNTO DE BANHEIRO DE PLASTICO,22002,Artigos de plástico
3900912,CONJUNTO PLASTICO DE BANHEIRO,22002,Artigos de plástico
3900913,ASSENTO DE VASO SANITARIO,22002,Artigos de plástico
3900915,TORNEIRA DE FILTRO DE PLASTICO,22002,Artigos de plástico
3900916,PORTA-PAPEL HIGIENICO,22002,Artigos de plástico
3900918,ENFEITE DE GELADEIRA DE PLASTICO,22002,Artigos de plástico
3900919,OURINOL DE PLASTICO,22002,Artigos de plástico
3900920,PENICO DE PLASTICO,22002,Artigos de plástico
3900921,SUPORTE DE GARRAFA TERMICA DE PLASTICO,22002,Artigos de plástico
3900922,COPO DE LIQUIDIFICADOR,22002,Artigos de plástico
3900923,BASE DE LIQUIDIFICADOR,27002,Eletrodomésticos
3900924,COPO E BASE DE LIQUIDIFICADOR,22002,Artigos de plástico
3900925,SABONETEIRA PLASTICA,22002,Artigos de plástico
3900926,SUPORTE PARA PAPEL ALUMINIO DE PLASTICO,22002,Artigos de plástico
3900928,PRESSURIZADOR DE CHUVEIRO,22002,Artigos de plástico
3900929,CONJUNTO DE BALDES DE PLASTICO,22002,Artigos de plástico
3900930,CONJUNTO DE BACIAS DE PLASTICO,22002,Artigos de plástico
3900931,CONJUNTO PLASTICO DE MANTIMENTOS OU CONDIMENTOS,22002,Artigos de plástico
3900932,JOGO PLASTICO DE MANTIMENTOS OU CONDIMENTOS,22002,Artigos de plástico
3900933,CONJUNTO PLASTICO DE CONDIMENTOS,22002,Artigos de plástico
3900934,JOGO PLASTICO DE CONDIMENTOS,22002,Artigos de plástico
3900935,IMA DE GELADEIRA,31802,Produtos de industrias diversas
3900936,COPOS PLASTICOS,22002,Artigos de plástico
3900937,PRATO PLASTICO,22002,Artigos de plástico
3901001,GARRAFA TERMICA,31802,Produtos de industrias diversas
3901101,VELA DE FILTRO,23003,"Vidros, cerâmicos e outros prod. de minerais não-metálicos"
3901201,CAPACHO,13003,Art. têxteis de uso doméstico e outros têxteis
3901301,CONJUNTO DE LATAS DE MANTIMENTOS,25001,"Produtos de metal, excl. máquinas e equipamentos"
3901302,LATA DE MANTIMENTOS,25001,"Produtos de metal, excl. máquinas e equipamentos"
3901401,MANGUEIRA DE PLASTICO OU BORRACHA,22001,Artigos de borracha
3901502,JOGO DE SALADEIRAS,25001,"Produtos de metal, excl. máquinas e equipamentos"
3901503,SALADEIRA,25001,"Produtos de metal, excl. máquinas e equipamentos"
3901601,UTENSILIOS DE MADEIRA,16001,"Produtos de madeira, exclusive móveis"
3901603,TABUA DE CARNE,16001,"Produtos de madeira, exclusive móveis"
3901604,SOCADOR DE ALHO DE MADEIRA,16001,"Produtos de madeira, exclusive móveis"
3901605,SUPORTE PARA PAPEL HIGIENICO DE MADEIRA,16001,"Produtos de madeira, exclusive móveis"
3901701,"CAPA DE LIQUIDIFICADOR, ENCERADEIRA, MAQUINA DE LAVAR, ETC.",13003,Art. têxteis de uso doméstico e outros têxteis
3901803,JOGO DE FORMAS DE BARQUETE,25001,"Produtos de metal, excl. máquinas e equipamentos"
3901901,COADOR DE TECIDO,13003,Art. têxteis de uso doméstico e outros têxteis
3902001,BUJAO DE GAS VAZIO,25001,"Produtos de metal, excl. máquinas e equipamentos"
3902002,BOTIJAO DE GAS VAZIO,25001,"Produtos de metal, excl. máquinas e equipamentos"
3902101,UTENSILIOS DE BARRO,23003,"Vidros, cerâmicos e outros prod. de minerais não-metálicos"
3902102,PANELA DE BARRO,23003,"Vidros, cerâmicos e outros prod. de minerais não-metálicos"
3902103,CONJUNTO DE PANELAS DE BARRO,23003,"Vidros, cerâmicos e outros prod. de minerais não-metálicos"
3902104,JOGO DE PANELAS DE BARRO,23003,"Vidros, cerâmicos e outros prod. de minerais não-metálicos"
3902201,UTENSILIOS DE ACRILICO,22002,Artigos de plástico
3902202,COPO DE ACRILICO,22002,Artigos de plástico
3902203,CESTA DE ACRILICO,22002,Artigos de plástico
3902301,PRATO DE ESMALTE,25001,"Produtos de metal, excl. máquinas e equipamentos"
3902401,UTENSILIOS DE ISOPOR,22002,Artigos de plástico
3902402,CAIXA DE ISOPOR,22002,Artigos de plástico
3902403,PORTA-MAMADEIRA DE ISOPOR,22002,Artigos de plástico
3902502,CORTINA E TAPETE DE BORRACHA,22001,Artigos de borracha
3902503,TAPETES DE BORRACHA,22001,Artigos de borracha
3902504,BORRACHA DE PANELA DE PRESSAO,22001,Artigos de borracha
3902601,CESTO PARA ROUPA,22002,Artigos de plástico
3902602,SACOLA PARA ROUPA,22002,Artigos de plástico
3902701,APARELHO DE CORTAR VERDURA,25001,"Produtos de metal, excl. máquinas e equipamentos"
3902702,CORTADOR DE VERDURA (APARELHO),25001,"Produtos de metal, excl. máquinas e equipamentos"
3902802,PENEIRA DE FIBRA VEGETAL,16001,"Produtos de madeira, exclusive móveis"
3902901,PORTA-TOALHA DE TECIDO,13003,Art. têxteis de uso doméstico e outros têxteis
3903001,CONJUNTO DE TECIDO DE BANHEIRO,13003,Art. têxteis de uso doméstico e outros têxteis
3903002,JOGO DE TECIDO DE BANHEIRO,13003,Art. têxteis de uso doméstico e outros têxteis
3903101,SAPATEIRA,22002,Artigos de plástico
3903201,TACA DE SORVETE,25001,"Produtos de metal, excl. máquinas e equipamentos"
3903202,CONJUNTO PARA SORVETE,25001,"Produtos de metal, excl. máquinas e equipamentos"
3903203,CONJUNTO DE TACAS PARA SORVETE,25001,"Produtos de metal, excl. máquinas e equipamentos"
3903401,JARRA DE CRISTAL,23003,"Vidros, cerâmicos e outros prod. de minerais não-metálicos"
3903501,COPO DE CRISTAL,23003,"Vidros, cerâmicos e outros prod. de minerais não-metálicos"
3903801,PORTA-BOLO DE PORCELANA,23003,"Vidros, cerâmicos e outros prod. de minerais não-metálicos"
3903802,BANDEJA DE PORCELANA (PORTA-BOLO),23003,"Vidros, cerâmicos e outros prod. de minerais não-metálicos"
3903901,EXTENSAO DE FERRO ELETRICO (ESPECIFICO),27001,"Máquinas, aparelhos e materiais elétricos"
3904001,SUPORTE PARA GARRAFAO DE AGUA,22002,Artigos de plástico
3904002,SUPORTE PARA AGUA MINERAL,22002,Artigos de plástico
3904101,VARAL DE APARTAMENTO,22002,Artigos de plástico
3904102,VARAL DE CORDINHAS REGULAVEL,22002,Artigos de plástico
3904201,REGISTRO DE FOGAO,28003,Outras máquinas e equipamentos mecânicos
3904303,REGISTRO DE BOTIJAO DE GAS,28003,Outras máquinas e equipamentos mecânicos
3904304,VALVULA DE BOTIJAO DE GAS,28003,Outras máquinas e equipamentos mecânicos
3904305,RELOGIO DE BOTIJAO DE GAS,28003,Outras máquinas e equipamentos mecânicos
3904401,TACA DE CRISTAL,23003,"Vidros, cerâmicos e outros prod. de minerais não-metálicos"
3904402,TACA DE VIDRO,23003,"Vidros, cerâmicos e outros prod. de minerais não-metálicos"
3904501,PES PARA GELADEIRA DE METAL OU LOUCA,31802,Produtos de industrias diversas
3904502,PES DE GELADEIRA DE METAL OU LOUCA,31802,Produtos de industrias diversas
3904601,CONJUNTO DE TRAVESSAS REFRATARIAS PARA MICROONDAS,23003,"Vidros, cerâmicos e outros prod. de minerais não-metálicos"
3904602,JOGO DE TRAVESSAS REFRATARIAS PARA MICROONDAS,23003,"Vidros, cerâmicos e outros prod. de minerais não-metálicos"
3904701,"CAPA DE SOM, VIDEO",22002,Artigos de plástico
3904702,CAPA DE COMPUTADOR,22002,Artigos de plástico
3904801,BACIA INDETERMINADA,22002,Artigos de plástico
3904901,BALDE,22002,Artigos de plástico
3905001,ASSADEIRA,25001,"Produtos de metal, excl. máquinas e equipamentos"
3905101,ACUCAREIRO,25001,"Produtos de metal, excl. máquinas e equipamentos"
3905201,BANDEJA,25001,"Produtos de metal, excl. máquinas e equipamentos"
3905302,CONJUNTO DE BANDEJAS,25001,"Produtos de metal, excl. máquinas e equipamentos"
3905401,BATEDOR DE OVOS MANUAL,25001,"Produtos de metal, excl. máquinas e equipamentos"
3905501,BULE,25001,"Produtos de metal, excl. máquinas e equipamentos"
3905601,CALDEIRAO,25001,"Produtos de metal, excl. máquinas e equipamentos"
3905701,CANECA,25001,"Produtos de metal, excl. máquinas e equipamentos"
3905801,CHALEIRA,25001,"Produtos de metal, excl. máquinas e equipamentos"
3905901,COMPOTEIRA,25001,"Produtos de metal, excl. máquinas e equipamentos"
3906001,CONCHA,25001,"Produtos de metal, excl. máquinas e equipamentos"
3906101,CONJUNTO DE CHIMARRAO,31802,Produtos de industrias diversas
3906201,CONJUNTO DE PIREX,23003,"Vidros, cerâmicos e outros prod. de minerais não-metálicos"
3906301,CONJUNTO DE SOBREMESA,23003,"Vidros, cerâmicos e outros prod. de minerais não-metálicos"
3906401,CONJUNTO DE POTES,23003,"Vidros, cerâmicos e outros prod. de minerais não-metálicos"
3906501,CORTADOR DE BOLO,25001,"Produtos de metal, excl. máquinas e equipamentos"
3906601,CORTADOR DE PIZZA,25001,"Produtos de metal, excl. máquinas e equipamentos"
3906701,CUSCUZEIRA,25001,"Produtos de metal, excl. máquinas e equipamentos"
3906801,ESCORREDOR DE ARROZ,22002,Artigos de plástico
3906901,ESCUMADEIRA,25001,"Produtos de metal, excl. máquinas e equipamentos"
3907001,FARINHEIRA,25001,"Produtos de metal, excl. máquinas e equipamentos"
3907101,FORMA DE CREPE,25001,"Produtos de metal, excl. máquinas e equipamentos"
3907201,FORMA DE GELO,22002,Artigos de plástico
3907301,FORMA DE PAO,25001,"Produtos de metal, excl. máquinas e equipamentos"
3907501,FRUTEIRA,22002,Artigos de plástico
3907601,FUNIL,25001,"Produtos de metal, excl. máquinas e equipamentos"
3907701,JARRA,23003,"Vidros, cerâmicos e outros prod. de minerais não-metálicos"
3907801,CONJUNTO DE JARRA E COPOS,23003,"Vidros, cerâmicos e outros prod. de minerais não-metálicos"
3907901,JOGO DE CANECAS,22002,Artigos de plástico
3908001,GRELHA,25001,"Produtos de metal, excl. máquinas e equipamentos"
3908101,JOGO DE TIGELAS,22002,Artigos de plástico
3908102,TIGELA,22002,Artigos de plástico
3908201,CESTA DE PALHA,16001,"Produtos de madeira, exclusive móveis"
3908601,OMELETEIRA,25001,"Produtos de metal, excl. máquinas e equipamentos"
3908701,PAPEIRO,22002,Artigos de plástico
3908801,PES PARA FOGAO DE METAL OU LOUCA,31802,Produtos de industrias diversas
3908901,PILAO,25001,"Produtos de metal, excl. máquinas e equipamentos"
3909001,PINCEL DE COZINHA,31802,Produtos de industrias diversas
3909101,"PORTA-OBJETOS (MADEIRA, ACRILICO, LOUCA, METAL, ETC.)",31802,Produtos de industrias diversas
3909201,SALEIRO,31802,Produtos de industrias diversas
3909301,SUPORTE PARA BUJAO DE GAS,31802,Produtos de industrias diversas
3909401,RALO DE PIA,25001,"Produtos de metal, excl. máquinas e equipamentos"
3909501,KIT PARA CHURRASCO,25001,"Produtos de metal, excl. máquinas e equipamentos"
3909601,TABULEIRO,16001,"Produtos de madeira, exclusive móveis"
3909701,PONCHEIRA,22002,Artigos de plástico
3909801,CESTO DE LIXO (PLASTICO),22002,Artigos de plástico
4000101,BIJUTERIA,31802,Produtos de industrias diversas
4000102,COLAR,31802,Produtos de industrias diversas
4000103,PINGENTE,31802,Produtos de industrias diversas
4000104,BRINCO,31802,Produtos de industrias diversas
4000105,BROCHE,31802,Produtos de industrias diversas
4000106,GARGANTILHA,31802,Produtos de industrias diversas
4000107,ANEL,31802,Produtos de industrias diversas
4000201,TRANSPORTE DE ANIMAIS,49001,Transporte terrestre de carga
4000301,OCULOS SEM GRAU,31802,Produtos de industrias diversas
4000302,OCULOS DE SOL SEM GRAU,31802,Produtos de industrias diversas
4000401,LENTE DE CONTATO COLORIDA,31802,Produtos de industrias diversas
4000501,TRANSPORTE DE MERCADORIAS,49001,Transporte terrestre de carga
4000601,CALENDARIO,17002,"Papel, papelão, embalagens e artefatos de papel"
4000701,MASCARA DE CARNAVAL,31802,Produtos de industrias diversas
4000801,ADESIVO PLASTICO OU PANFLETO,17002,"Papel, papelão, embalagens e artefatos de papel"
4000802,PANFLETO,17002,"Papel, papelão, embalagens e artefatos de papel"
4000803,ADESIVO PLASTICO,17002,"Papel, papelão, embalagens e artefatos de papel"
4000804,DECALQUES,17002,"Papel, papelão, embalagens e artefatos de papel"
4000901,MOEDA (HOBBY),25001,"Produtos de metal, excl. máquinas e equipamentos"
4001001,SELO (HOBBY),18001,Serviços de impressão e reprodução
4001004,CARTAO TELEFONICO(HOBBY),31802,Produtos de industrias diversas
4001005,OUTROS (HOBBY),31802,Produtos de industrias diversas
4001101,"BATERIA DE RELOGIO, BRINQUEDO, APARELHO AUDITIVO, ETC.",27001,"Máquinas, aparelhos e materiais elétricos"
4001102,BATERIA DE RELOGIO,27001,"Máquinas, aparelhos e materiais elétricos"
4001103,BATERIA DE BRINQUEDO,27001,"Máquinas, aparelhos e materiais elétricos"
4001201,PARAFINA,19916,Outros produtos do refino do petróleo
4001301,CHAVEIRO (PRODUTO),31802,Produtos de industrias diversas
4001401,BOMBA E CUIA OU PORONGO DE CHIMARRAO,31802,Produtos de industrias diversas
4001402,BOMBA DE CHIMARRAO,31802,Produtos de industrias diversas
4001403,CUIA DE CHIMARRAO,31802,Produtos de industrias diversas
4001501,"PINCEL, TINTA E VERNIZ PARA PINTURA DE TELA, VASO, ETC.",31802,Produtos de industrias diversas
4001502,PINCEL,31802,Produtos de industrias diversas
4001503,TINTA PARA PINTURA DE TELA,20923,"Tintas, vernizes, esmaltes e lacas"
4001601,MONOCULO,26004,"Equip. de medida, teste e controle, ópticos e eletromédicos"
4001701,CAVALETE DE PINTURA DE TELA,16001,"Produtos de madeira, exclusive móveis"
4001801,MASCARA PROTETORA (PROTECAO PROFISSIONAL),14001,Artigos do vestuário e acessórios
4001901,PEDRA DE AMOLAR,05802,Minerais não-metálicos
4002101,CANIVETE,25001,"Produtos de metal, excl. máquinas e equipamentos"
4002301,COFRE,25001,"Produtos de metal, excl. máquinas e equipamentos"
4002401,TELA PARA PINTURA,31802,Produtos de industrias diversas
4002501,PORTA-OCULOS,15001,Calçados e artefatos de couro
4002601,RAQUETE DE MATAR MOSQUITO,27001,"Máquinas, aparelhos e materiais elétricos"
4100101,ONIBUS URBANO,49002,Transporte terrestre de passageiros
4100201,TREM,49002,Transporte terrestre de passageiros
4100301,AVIAO,51001,Transporte aéreo
4100401,NAVIO,50001,Transporte aquaviário
4100501,COMBUSTIVEL DE VEICULO,19912,Gasoálcool
4100601,ALIMENTACAO,56001,Serviços  de alimentação
4100602,BEBIDAS,56001,Serviços  de alimentação
4100603,RESTAURANTES,56001,Serviços  de alimentação
4100604,BARES,56001,Serviços  de alimentação
4100605,LANCHONETES,56001,Serviços  de alimentação
4100606,TENDAS,56001,Serviços  de alimentação
4100701,ALOJAMENTO,55001,Serviços de alojamento em hotéis e similares
4100702,HOTEIS,55001,Serviços de alojamento em hotéis e similares
4100703,MOTEIS,55001,Serviços de alojamento em hotéis e similares
4100704,POUSADAS,55001,Serviços de alojamento em hotéis e similares
4100705,PENSOES,55001,Serviços de alojamento em hotéis e similares
4100706,DORMITORIOS,55001,Serviços de alojamento em hotéis e similares
4100707,ACAMPAMENTOS,55001,Serviços de alojamento em hotéis e similares
4100708,ALBERGUES,55001,Serviços de alojamento em hotéis e similares
4100801,EXCURSAO (EXCETO ESCOLAR),78802,Outros serviços administrativos
4100902,ESTACIONAMENTO,52801,Armazenamento e serviços auxiliares aos transportes
4101001,ALUGUEL DE VEICULO SEM CONDUTOR,77001,Aluguéis não-imob. e gestão de ativos de propriedade intelectual
4101101,TAXI,49002,Transporte terrestre de passageiros
4101201,BARCO,50001,Transporte aquaviário
4101202,FERRY-BOAT,50001,Transporte aquaviário
4101203,BALSA,50001,Transporte aquaviário
4101301,PEDAGIO,52801,Armazenamento e serviços auxiliares aos transportes
4101401,METRO,49002,Transporte terrestre de passageiros
4101501,PASSAGEM DE CAMINHAO,49002,Transporte terrestre de passageiros
4101502,CAMINHAO,49002,Transporte terrestre de passageiros
4101503,PAU-DE-ARARA,49002,Transporte terrestre de passageiros
4101601,PASSAGEM EM AUTOMOVEL,49002,Transporte terrestre de passageiros
4101602,PASSAGEM EM AUTOMOVEL UTILITARIO,49002,Transporte terrestre de passageiros
4101603,AUTOMOVEL UTILITARIO TIPO VAN,49002,Transporte terrestre de passageiros
4101604,KOMBI,49002,Transporte terrestre de passageiros
4101605,TRANSPORTE ALTERNATIVO,49002,Transporte terrestre de passageiros
4101701,COLONIA DE FERIAS,55001,Serviços de alojamento em hotéis e similares
4101802,DOCUMENTACAO,69801,"Serviços jurídicos, contabilidade e consultoria"
4102001,ONIBUS INTERMUNICIPAL,49002,Transporte terrestre de passageiros
4102101,ONIBUS INTERNACIONAL,49002,Transporte terrestre de passageiros
4102201,ONIBUS INTERESTADUAL,49002,Transporte terrestre de passageiros
4102301,CARREGADOR DE BAGAGEM,55001,Serviços de alojamento em hotéis e similares
4102401,GUIA TURISTICO,78802,Outros serviços administrativos
4102501,ALUGUEL DE IMOVEIS POR TEMPORADA,68001,Aluguel efetivo e serviços imobiliários
4102601,ATIVIDADES CULTURAIS (INGRESSO),90801,"Serviços de artes, cultura, esporte e recreação"
4102602,CINEMA (INGRESSO),59801,"Serviços cinematográficos, música, rádio e televisão"
4102605,TEATROS (INGRESSO),90801,"Serviços de artes, cultura, esporte e recreação"
4102606,SHOWS (INGRESSO),90801,"Serviços de artes, cultura, esporte e recreação"
4102607,CIRCOS (INGRESSO),90801,"Serviços de artes, cultura, esporte e recreação"
4102608,RODEIOS (INGRESSO),90801,"Serviços de artes, cultura, esporte e recreação"
4102610,DANCETERIAS (INGRESSO),90801,"Serviços de artes, cultura, esporte e recreação"
4102611,BOATES (INGRESSO),90801,"Serviços de artes, cultura, esporte e recreação"
4103301,ATIVIDADES DESPORTIVAS (INGRESSO),90801,"Serviços de artes, cultura, esporte e recreação"
4103302,ESTADIOS (INGRESSO),90801,"Serviços de artes, cultura, esporte e recreação"
4103303,GINASIOS (INGRESSO),90801,"Serviços de artes, cultura, esporte e recreação"
4103308,PESCA,90801,"Serviços de artes, cultura, esporte e recreação"
4103401,BOLICHE,90801,"Serviços de artes, cultura, esporte e recreação"
4103501,BINGO,90801,"Serviços de artes, cultura, esporte e recreação"
4103801,PARQUES DE DIVERSAO,90801,"Serviços de artes, cultura, esporte e recreação"
4104001,PACOTES TURISTICOS NACIONAIS,78802,Outros serviços administrativos
4104101,PACOTES TURISTICOS INTERNACIONAIS,78802,Outros serviços administrativos
4104201,DESPESAS OPCIONAIS COM AGENCIAS DE VIAGEM,78802,Outros serviços administrativos
4200101,PLANO DE ASSISTENCIA MEDICA (EMPRESA),64801,"Intermediação financeira, seguros e previdência complementar"
4200102,FUNDO DE PARTICIPACAO EM PLANO/SEGURO-SAUDE (EMPRESA),64801,"Intermediação financeira, seguros e previdência complementar"
4200104,COMPLEMENTACAO DE PLANO/SEGURO-SAUDE (EMPRESA),64801,"Intermediação financeira, seguros e previdência complementar"
4200105,PLANO SEGURO-SAUDE (EMPRESA),64801,"Intermediação financeira, seguros e previdência complementar"
4200201,PLANO EXCLUSIVAMENTE ODONTOLOGICO (PARTICULAR),64801,"Intermediação financeira, seguros e previdência complementar"
4200202,PLANO ODONTOLOGICO (PARTICULAR),64801,"Intermediação financeira, seguros e previdência complementar"
4200203,PLANO DE ASSISTENCIA ODONTOLOGICA (PARTICULAR),64801,"Intermediação financeira, seguros e previdência complementar"
4200301,MENSALIDADE DE CLINICA,86921,Saúde privada
4200401,ATENDIMENTO EM PRONTO-SOCORRO/PRONTO-ATENDIMENTO,86921,Saúde privada
4200402,"CAUTERIZACAO, CURATIVO, NEBULIZACAO, ETC.",86921,Saúde privada
4200403,TRATAMENTO AMBULATORIAL,86921,Saúde privada
4200404,NEBULIZACAO,86921,Saúde privada
4200405,CURATIVO,86921,Saúde privada
4200501,"SERVICOS DE CIRURGIA, ANESTESIA E OBSTETRICIA",86921,Saúde privada
4200502,ANESTESISTA PARA CIRURGIA E PARTO,86921,Saúde privada
4200503,OBSTETRA PARA CIRURGIA E PARTO,86921,Saúde privada
4200504,CIRURGIAO PARA OPERACAO E PARTO,86921,Saúde privada
4200505,CIRURGIA (QUALQUER TIPO),86921,Saúde privada
4200506,PROCEDIMENTO CIRURGICO,86921,Saúde privada
4200509,INSTRUMENTADOR CIRURGICO,86921,Saúde privada
4200510,RAIO LASER (APLICACAO),86921,Saúde privada
4200511,APLICACAO DE RAIO LASER,86921,Saúde privada
4200601,HOSPITALIZACAO,86921,Saúde privada
4200602,INTERNACAO EM PRONTO SOCORRO,86921,Saúde privada
4200603,INTERNACAO EM MATERNIDADE,86921,Saúde privada
4200604,INTERNACAO EM HOSPITAL,86921,Saúde privada
4200701,AMBULANCIA E UTI MOVEL (REMOCAO),86921,Saúde privada
4200702,AMBULANCIA (REMOCAO),86921,Saúde privada
4200801,VACINACAO,86921,Saúde privada
4200901,CONSULTA MEDICA COM CLINICO GERAL,86921,Saúde privada
4200902,CONSULTA MEDICA GERAL,86921,Saúde privada
4201001,CONSULTA MEDICA PEDIATRICA,86921,Saúde privada
4201101,CONSULTA MEDICA GINECO-OBSTETRICIA,86921,Saúde privada
4201102,EXAME PRE-NATAL,86921,Saúde privada
4201103,EXAMES PREVENTIVOS,86921,Saúde privada
4201104,EXAME GINECOLOGICO,86921,Saúde privada
4201105,EXAME PREVENTIVO DE CANCER,86921,Saúde privada
4201106,CONSULTA MEDICA GINECOLOGICA,86921,Saúde privada
4201107,CONSULTA MEDICA OBSTETRICA,86921,Saúde privada
4201201,"OUTRAS CONSULTAS DIFERENTES DE GERAL, PEDIATRICA E GINECO-OBSTETRICIA",86921,Saúde privada
4201202,CONSULTA MEDICA CARDIOLOGICA,86921,Saúde privada
4201203,CONSULTA MEDICA OFTALMOLOGICA,86921,Saúde privada
4201204,CONSULTA MEDICA ORTOPEDICA,86921,Saúde privada
4201205,CONSULTA MEDICA NEUROLOGICA,86921,Saúde privada
4201206,CONSULTA MEDICA PSIQUIATRICA,86921,Saúde privada
4201207,CONSULTA MEDICA DERMATOLOGICA,86921,Saúde privada
4201208,CONSULTA MEDICA GASTROENTEROLOGICA,86921,Saúde privada
4201209,CONSULTA MEDICA (ALERGISTA),86921,Saúde privada
4201210,CONSULTA MEDICA GERIATRICA,86921,Saúde privada
4201211,CONSULTA MEDICA HOMEOPATICA,86921,Saúde privada
4201212,CONSULTA MEDICA NEFROLOGICA (RENAIS),86921,Saúde privada
4201213,CONSULTA MEDICA ONCOLOGICA,86921,Saúde privada
4201214,CONSULTA MEDICA OTOLOGICA,86921,Saúde privada
4201215,CONSULTA MEDICA OTORRINO,86921,Saúde privada
4201216,CONSULTA MEDICA PNEUMOLOGICA,86921,Saúde privada
4201217,CONSULTA MEDICA REUMATOLOGICA,86921,Saúde privada
4201218,CONSULTA MEDICA ENDOCRINOLOGICA,86921,Saúde privada
4201219,CONSULTA MEDICA PROTOLOGICA,86921,Saúde privada
4201220,CONSULTA MEDICA UROLOGICA,86921,Saúde privada
4201221,CONSULTA MEDICA ANGIOLOGICA,86921,Saúde privada
4201222,CONSULTA MEDICA CIRURGIAO PLASTICO,86921,Saúde privada
4201223,CONSULTA MEDICA HEMATOLOGICA,86921,Saúde privada
4201301,EXAME DE LABORATORIO,86921,Saúde privada
4201302,EXAME DE BACILO,86921,Saúde privada
4201303,EXAME DE FEZES,86921,Saúde privada
4201304,EXAME DE SANGUE,86921,Saúde privada
4201305,EXAME DE URINA,86921,Saúde privada
4201307,BIOPSIA (EM GERAL),86921,Saúde privada
4201308,EXAMES EM GERAL,86921,Saúde privada
4201309,ESPERMOGRAMA,86921,Saúde privada
4201401,TOMOGRAFIA,86921,Saúde privada
4201402,MAMOGRAFIA,86921,Saúde privada
4201403,DENSITOMETRIA OSSEA,86921,Saúde privada
4201501,RESSONANCIA MAGNETICA,86921,Saúde privada
4201601,ULTRASSONOGRAFIA,86921,Saúde privada
4201602,CARDIOTOCOGRAFIA,86921,Saúde privada
4201603,ECOGRAFIA,86921,Saúde privada
4201604,ECOCARDIOGRAMA,86921,Saúde privada
4201605,ECOCARDIOGRAFIA,86921,Saúde privada
4201606,ECOENDOSCOPIA,86921,Saúde privada
4201607,EXAME DE CATETERISMO,86921,Saúde privada
4201701,RADIOGRAFIA,86921,Saúde privada
4201702,EXAME RADIOLOGICO,86921,Saúde privada
4201801,ELETROCARDIOGRAMA E OUTROS METODOS GRAFICOS,86921,Saúde privada
4201802,ELETROCARDIOGRAMA,86921,Saúde privada
4201803,ELETROENCEFALOGRAMA,86921,Saúde privada
4201804,EXAME ERGOMETRICO,86921,Saúde privada
4201805,EXAME AUDIOMETRICO,86921,Saúde privada
4201901,ENDOSCOPIA,86921,Saúde privada
4201902,COLONOSCOPIA,86921,Saúde privada
4202001,QUIMIOTERAPIA,86921,Saúde privada
4202002,TRATAMENTO QUIMIOTERAPICO,86921,Saúde privada
4202101,SERVICO DE HEMOTERAPIA (TRANSFUSAO),86921,Saúde privada
4202202,HEMODIALISE,86921,Saúde privada
4202301,PROTESE E APARELHO DENTARIO,26004,"Equip. de medida, teste e controle, ópticos e eletromédicos"
4202302,APARELHO ORTODONTICO,26004,"Equip. de medida, teste e controle, ópticos e eletromédicos"
4202303,PIVO,26004,"Equip. de medida, teste e controle, ópticos e eletromédicos"
4202304,DENTADURA,26004,"Equip. de medida, teste e controle, ópticos e eletromédicos"
4202401,TRATAMENTO DENTARIO,86921,Saúde privada
4202402,TRATAMENTO DE CANAL DENTARIO,86921,Saúde privada
4202403,OBTURACAO DENTARIA,86921,Saúde privada
4202404,EXTRACAO DENTARIA,86921,Saúde privada
4202405,COLOCACAO DE JAQUETA DENTARIA,26004,"Equip. de medida, teste e controle, ópticos e eletromédicos"
4202406,MANUTENCAO DE APARELHO DENTARIO,86921,Saúde privada
4202407,MANUTENCAO DE APARELHO ORTODONTICO,86921,Saúde privada
4202408,IMPLANTE DE DENTE,86921,Saúde privada
4202409,CONSULTA ODONTOLOGICA,86921,Saúde privada
4202501,SERVICOS DE ENFERMAGEM,86921,Saúde privada
4202503,ENFERMEIRA,86921,Saúde privada
4202601,ACOMPANHANTE (CUIDADOR),86921,Saúde privada
4202602,ACOMPANHANTE DE QUARTO HOSPITALAR,86921,Saúde privada
4202701,SERVICO DE INTERNACAO E CUIDADO DOMICILIAR,86921,Saúde privada
4202801,NUTRICIONISTA,86921,Saúde privada
4202802,TRATAMENTO DIETETICO,86921,Saúde privada
4202803,CONSULTA MEDICA NUTRICIONISTA,86921,Saúde privada
4203001,PSICOLOGO E PSICOTERAPEUTA,86921,Saúde privada
4203002,TRATAMENTO PSICOLOGICO,86921,Saúde privada
4203101,TRATAMENTO FISIOTERAPICO E DE TERAPIA OCUPACIONAL,86921,Saúde privada
4203102,TRATAMENTO FISIOTERAPICO,86921,Saúde privada
4203201,TRATAMENTO FONOAUDIOLOGICO,86921,Saúde privada
4203301,MASSAGEM PARA FINS DE SAUDE SHIATZU DO IN E OUTROS TRATAMENTOS ALTERNATIVOS,86921,Saúde privada
4203302,TRATAMENTO MASSAGISTICO,86921,Saúde privada
4203304,HIDROTERAPIA (TRATAMENTO),86921,Saúde privada
4203401,ACUPUNTURA,86921,Saúde privada
4203402,TRATAMENTO ACUPUNTURAL,86921,Saúde privada
4203403,ACUPUNTURA (TRATAMENTO),86921,Saúde privada
4203501,"CURANDEIRO, CURIOSO E PARTEIRA",86921,Saúde privada
4203502,CURANDEIRO E CURIOSO,86921,Saúde privada
4203504,PARTEIRA,86921,Saúde privada
4203601,CLINICA E RESIDENCIA PARA IDOSOS,86921,Saúde privada
4203801,CLINICA PSIQUIATRICA OU PARA DEPENDENTES QUIMICOS,86921,Saúde privada
4203901,ARMACAO DE OCULOS,31802,Produtos de industrias diversas
4204001,LENTES DE OCULOS E DE CONTATO,31802,Produtos de industrias diversas
4204002,LENTE DE OCULOS (DE GRAU),31802,Produtos de industrias diversas
4204003,OCULOS DE GRAU (ARMACAO+LENTE),31802,Produtos de industrias diversas
4204004,LENTE DE CONTATO,31802,Produtos de industrias diversas
4204101,ARTIGOS ORTOPEDICOS E PROTESES DIVERSAS,31802,Produtos de industrias diversas
4204102,ARTIGOS ORTOPEDICOS E OUTROS,31802,Produtos de industrias diversas
4204103,SAPATO ORTOPEDICO,31802,Produtos de industrias diversas
4204104,MULETA,31802,Produtos de industrias diversas
4204105,PALMILHA (ORTOPEDICA),31802,Produtos de industrias diversas
4204106,CAMA HOSPITALAR,31802,Produtos de industrias diversas
4204107,CADEIRA DE RODAS,31802,Produtos de industrias diversas
4204108,BOTA ORTOPEDICA,31802,Produtos de industrias diversas
4204109,OUTROS ARTIGOS MEDICOS,31802,Produtos de industrias diversas
4204110,SANDALIA ORTOPEDICA,31802,Produtos de industrias diversas
4204111,APARELHO DE SURDEZ,26004,"Equip. de medida, teste e controle, ópticos e eletromédicos"
4204112,FONOAUDITIVOS,26004,"Equip. de medida, teste e controle, ópticos e eletromédicos"
4204113,TORNOZELEIRA ORTOPEDICA,31802,Produtos de industrias diversas
4204114,CINTA TERMICA (CORRETIVA),31802,Produtos de industrias diversas
4204115,MEIA ELASTICA (PARA VARIZES),31802,Produtos de industrias diversas
4204118,PROTETOR DE JOELHO,31802,Produtos de industrias diversas
4204119,LENTE INTRAOCULAR,31802,Produtos de industrias diversas
4204120,CRISTALINO (LENTE INTRAOCULAR),31802,Produtos de industrias diversas
4204201,ALUGUEL E REPARO DE APARELHO MEDICO,77001,Aluguéis não-imob. e gestão de ativos de propriedade intelectual
4204202,ALUGUEL DE APARELHO MEDICO,77001,Aluguéis não-imob. e gestão de ativos de propriedade intelectual
4204204,ALUGUEL DE CADEIRA DE RODAS,77001,Aluguéis não-imob. e gestão de ativos de propriedade intelectual
4204206,CONSERTO E REPARO DE ARTIGO E APARELHO MEDICOS,31802,Produtos de industrias diversas
4204209,CILINDRO OU TUBO DE OXIGENIO (DESPESA COM SAUDE),20911,Produtos químicos inorgânicos
4204301,EXAMES EM POSTOS OU PROFISSIONAIS VOLANTES,86921,Saúde privada
4204302,PRESSAO ARTERIAL (EM POSTOS OU PROFISSIONAIS VOLANTES),86921,Saúde privada
4204303,EXAME DE PRESSAO ARTERIAL (EM POSTOS OU PROFISSIONAIS VOLANTES),86921,Saúde privada
4204401,PLANO EXCLUSIVAMENTE ODONTOLOGICO (EMPRESA),64801,"Intermediação financeira, seguros e previdência complementar"
4204402,PLANO ODONTOLOGICO (EMPRESA),64801,"Intermediação financeira, seguros e previdência complementar"
4204403,PLANO DE ASSISTENCIA ODONTOLOGICA (EMPRESA),64801,"Intermediação financeira, seguros e previdência complementar"
4204501,PLANO DE ASSISTENCIA MEDICA (PARTICULAR),64801,"Intermediação financeira, seguros e previdência complementar"
4204502,PLANO SEGURO-SAUDE (PARTICULAR),64801,"Intermediação financeira, seguros e previdência complementar"
4204602,CINTILOGRAFIA,86921,Saúde privada
4204701,PODOLOGO,94803,Serviços pessoais
4300101,LUBRIFICACAO (COM OU SEM LAVAGEM),45001,Comércio e reparação de veículos
4300102,LUBRIFICACAO COM LAVAGEM,45001,Comércio e reparação de veículos
4300103,LUBRIFICACAO SEM LAVAGEM,45001,Comércio e reparação de veículos
4300201,OLEO LUBRIFICANTE (COMPLEMENTACAO OU TROCA),19916,Outros produtos do refino do petróleo
4300202,COMPLEMENTACAO DE OLEO LUBRIFICANTE,19916,Outros produtos do refino do petróleo
4300203,TROCA DE OLEO LUBRIFICANTE,19916,Outros produtos do refino do petróleo
4300301,PECA ELETRICA OU MECANICA,45001,Comércio e reparação de veículos
4300302,PECA MECANICA,45001,Comércio e reparação de veículos
4300303,PECA ELETRICA,45001,Comércio e reparação de veículos
4300401,CAMARA E PNEU,22001,Artigos de borracha
4300402,PNEU,22001,Artigos de borracha
4300403,CAMARA,22001,Artigos de borracha
4300501,CONSERTO E OUTROS SERVICOS (MAO-DE-OBRA),45001,Comércio e reparação de veículos
4300502,ACESSORIO (MAO-DE-OBRA),45001,Comércio e reparação de veículos
4300503,MECANICO (MAO-DE-OBRA),45001,Comércio e reparação de veículos
4300504,BORRACHEIRO (MAO-DE-OBRA),45001,Comércio e reparação de veículos
4300505,INSTALACAO DE SOM (MAO-DE-OBRA),45001,Comércio e reparação de veículos
4300506,ALINHAMENTO DE RODAS,45001,Comércio e reparação de veículos
4300507,BALANCEAMENTO DE RODAS,45001,Comércio e reparação de veículos
4300508,GEOMETRIA DE RODAS,45001,Comércio e reparação de veículos
4300509,CONSERTO E REPARO DE VIDRO,45001,Comércio e reparação de veículos
4300510,REPARO DE ARRANHOES DE PINTURA,45001,Comércio e reparação de veículos
4300511,CARGA DE BATERIA,45001,Comércio e reparação de veículos
4300512,RECARGA DE BATERIA,45001,Comércio e reparação de veículos
4300513,GAS DE AR CONDICIONADO,20911,Produtos químicos inorgânicos
4300514,TRANSPORTE DE VEICULOS,49001,Transporte terrestre de carga
4300515,CONVERSAO DE MOTOR PARA GAS,45001,Comércio e reparação de veículos
4300601,CONSERTO DE BICICLETA (PECA+MAO-DE-OBRA),30001,"Aeronaves, embarcações e outros equipamentos de transporte"
4300602,CONSERTO DE BICICLETA (PECA),30001,"Aeronaves, embarcações e outros equipamentos de transporte"
4300603,CONSERTO DE BICICLETA (MAO-DE-OBRA),30001,"Aeronaves, embarcações e outros equipamentos de transporte"
4300701,BATERIA,27001,"Máquinas, aparelhos e materiais elétricos"
4300702,BATERIA DE AUTOMOVEL,27001,"Máquinas, aparelhos e materiais elétricos"
4300703,BATERIA DE MOTOCICLETA,27001,"Máquinas, aparelhos e materiais elétricos"
4300801,"OUTRAS PECAS, ACESSORIOS E MATERIAIS (VEICULOS MOTORIZADOS)",45001,Comércio e reparação de veículos
4300802,RETROVISOR,45001,Comércio e reparação de veículos
4300803,TAPETE,45001,Comércio e reparação de veículos
4300804,PARA-CHOQUE,45001,Comércio e reparação de veículos
4300805,ARO DE FAROL,45001,Comércio e reparação de veículos
4300806,FAROL,45001,Comércio e reparação de veículos
4300807,ALARME E TRANCA,45001,Comércio e reparação de veículos
4300808,TRANCA,45001,Comércio e reparação de veículos
4300809,ALARME,45001,Comércio e reparação de veículos
4300810,RADIO,26003,Material eletrônico e equip. de comunicações
4300811,TOCA-FITAS,26003,Material eletrônico e equip. de comunicações
4300812,RADIO TOCA-FITAS,26003,Material eletrônico e equip. de comunicações
4300813,ESTOPA,13001,Fios e fibras têxteis beneficiadas
4300814,SHAMPOO,20931,"Perfumaria, sabões e artigos de limpeza"
4300815,LIMPA-PARA-BRISA,27001,"Máquinas, aparelhos e materiais elétricos"
4300816,CERA,20931,"Perfumaria, sabões e artigos de limpeza"
4300817,POLIDOR,20931,"Perfumaria, sabões e artigos de limpeza"
4300818,TINTA,20923,"Tintas, vernizes, esmaltes e lacas"
4300819,TINTA DE PINTURA,20923,"Tintas, vernizes, esmaltes e lacas"
4300820,LIXA DE FERRO,25001,"Produtos de metal, excl. máquinas e equipamentos"
4300822,SOLVENTE,20923,"Tintas, vernizes, esmaltes e lacas"
4300823,MOTOR DE LANCHA,28003,Outras máquinas e equipamentos mecânicos
4300824,MASSA DE LANTERNAGEM,20922,Produtos químicos diversos
4300825,PLASTIC,31802,Produtos de industrias diversas
4300826,ESTOFAMENTO,31801,Móveis
4300827,FLUIDO DE FREIO,20922,Produtos químicos diversos
4300828,OLEO DE FREIO,19916,Outros produtos do refino do petróleo
4300829,MOTOR DE MOTOCICLETA,30001,"Aeronaves, embarcações e outros equipamentos de transporte"
4300830,CD PLAYER,26003,Material eletrônico e equip. de comunicações
4300831,COMPACT DISC PLAYER,26003,Material eletrônico e equip. de comunicações
4300832,INSULFILM,45001,Comércio e reparação de veículos
4300833,CADEIRINHA INFANTIL PARA CARRO,31802,Produtos de industrias diversas
4300834,GPS VEICULAR,27001,"Máquinas, aparelhos e materiais elétricos"
4300835,DVD PARA CARRO,26003,Material eletrônico e equip. de comunicações
4301101,AR CONDICIONADO,28003,Outras máquinas e equipamentos mecânicos
4301201,OUTRAS PECAS E ACESSORIOS (BICICLETA),30001,"Aeronaves, embarcações e outros equipamentos de transporte"
4301202,BORRACHA DE FREIO DE BICICLETA,30001,"Aeronaves, embarcações e outros equipamentos de transporte"
4301203,CABO DE FREIO PARA BICICLETA,30001,"Aeronaves, embarcações e outros equipamentos de transporte"
4301204,ARO PARA BICICLETA CROMADO,30001,"Aeronaves, embarcações e outros equipamentos de transporte"
4301205,ARO E RAIO PARA BICICLETA (CROMADO),30001,"Aeronaves, embarcações e outros equipamentos de transporte"
4301206,RAIO PARA BICICLETA,30001,"Aeronaves, embarcações e outros equipamentos de transporte"
4301207,BOMBA PARA ENCHER PNEU (BICICLETA),30001,"Aeronaves, embarcações e outros equipamentos de transporte"
4301208,CADEIRA DE BICICLETA,30001,"Aeronaves, embarcações e outros equipamentos de transporte"
4301209,BACIA DE BICICLETA,30001,"Aeronaves, embarcações e outros equipamentos de transporte"
4301210,EIXO DE BICICLETA,30001,"Aeronaves, embarcações e outros equipamentos de transporte"
4301211,CORRENTE DE BICICLETA,30001,"Aeronaves, embarcações e outros equipamentos de transporte"
4301212,PNEU DE BICICLETA,22001,Artigos de borracha
4301213,CAMARA DE BICICLETA,22001,Artigos de borracha
4301301,REBOQUE,45001,Comércio e reparação de veículos
4301302,GUINCHO (REBOQUE),45001,Comércio e reparação de veículos
4301701,PINTURA (MATERIAL E MAO-DE-OBRA),45001,Comércio e reparação de veículos
4301901,CAPACETE DE MOTOQUEIRO,31802,Produtos de industrias diversas
4302701,MOTOR DE AUTOMOVEL,29911,"Automóveis, camionetas e utilitários"
4302901,AMPLIFICADOR,26003,Material eletrônico e equip. de comunicações
4303501,RADIO COM CD,26003,Material eletrônico e equip. de comunicações
4304001,ADITIVOS,20922,Produtos químicos diversos
4304002,AGUA DESTILADA DE BATERIA,20922,Produtos químicos diversos
4304201,CONSERTO E REVISAO (PECA+MAO-DE-OBRA),45001,Comércio e reparação de veículos
4400101,CARTORIO,69801,"Serviços jurídicos, contabilidade e consultoria"
4400102,REGISTRO DE IMOVEL,69801,"Serviços jurídicos, contabilidade e consultoria"
4400103,CERTIDAO DE CASAMENTO,69801,"Serviços jurídicos, contabilidade e consultoria"
4400104,INVENTARIO,69801,"Serviços jurídicos, contabilidade e consultoria"
4400105,ATESTADO DE OBITO,69801,"Serviços jurídicos, contabilidade e consultoria"
4400106,CERTIDAO DE NASCIMENTO,69801,"Serviços jurídicos, contabilidade e consultoria"
4400107,JUIZ DE PAZ,69801,"Serviços jurídicos, contabilidade e consultoria"
4400108,ESCRITURA,69801,"Serviços jurídicos, contabilidade e consultoria"
4400109,AUTENTICACAO DE DOCUMENTO,69801,"Serviços jurídicos, contabilidade e consultoria"
4400201,ADVOGADO,69801,"Serviços jurídicos, contabilidade e consultoria"
4400301,DESPACHANTE,78802,Outros serviços administrativos
4400501,DECORADOR,78801,Condomínios e serviços para edifícios
4400601,CONTADOR,69801,"Serviços jurídicos, contabilidade e consultoria"
4400801,ENGENHEIRO,71802,Serviços de arquitetura e engenharia
4400901,CORRETOR,68001,Aluguel efetivo e serviços imobiliários
4401003,PROFISSIONAL DE DESIGN,78801,Condomínios e serviços para edifícios
4401101,TOPOGRAFO,71802,Serviços de arquitetura e engenharia
4401102,AGRIMENSOR,71802,Serviços de arquitetura e engenharia
4401201,COMISSAO DE IMOBILIARIA,68001,Aluguel efetivo e serviços imobiliários
4401202,ADMINISTRADORA DE IMOVEL (COMISSAO),68001,Aluguel efetivo e serviços imobiliários
4401203,COMISSAO DE CORRETOR DE IMOVEL,68001,Aluguel efetivo e serviços imobiliários
4401401,ANUNCIO CLASSIFICADO,73801,Publicidade e outros serviços técnicos
4401901,TECNICO EM AGRICULTURA,71802,Serviços de arquitetura e engenharia
4402201,ANUIDADE DE CARTAO DE CREDITO,64801,"Intermediação financeira, seguros e previdência complementar"
4402301,TALAO DE CHEQUES,64801,"Intermediação financeira, seguros e previdência complementar"
4402401,EXTRATO BANCARIO,64801,"Intermediação financeira, seguros e previdência complementar"
4402501,CADASTRO BANCARIO,64801,"Intermediação financeira, seguros e previdência complementar"
4402502,ABERTURA DE CREDITO,64801,"Intermediação financeira, seguros e previdência complementar"
4402503,TARIFA DE MANUTENCAO DE CHEQUE ESPECIAL,64801,"Intermediação financeira, seguros e previdência complementar"
4402504,RENOVACAO DE CHEQUE ESPECIAL,64801,"Intermediação financeira, seguros e previdência complementar"
4402505,TAXA DE TRANSFERENCIA DE FINANCIAMENTO,64801,"Intermediação financeira, seguros e previdência complementar"
4402602,DOC PESSOAL (TRANSFERENCIA INTERBANCARIA),64801,"Intermediação financeira, seguros e previdência complementar"
4402603,TED PESSOAL (TRANSFERENCIA INTERBANCARIA),64801,"Intermediação financeira, seguros e previdência complementar"
4402701,CARTAO ESPECIAL (TAXA),64801,"Intermediação financeira, seguros e previdência complementar"
4402801,TARIFA DE CONTA BANCARIA,64801,"Intermediação financeira, seguros e previdência complementar"
4402802,MANUTENCAO DE CONTA BANCARIA,64801,"Intermediação financeira, seguros e previdência complementar"
4402803,PACOTE DE SERVICO DE CONTA BANCARIA,64801,"Intermediação financeira, seguros e previdência complementar"
4402901,TAXA DE SAQUE ELETRONICO,64801,"Intermediação financeira, seguros e previdência complementar"
4403001,TAXA PARA SUSTAR CHEQUES,64801,"Intermediação financeira, seguros e previdência complementar"
4403101,TAXA DE DEVOLUCAO DE CHEQUE,64801,"Intermediação financeira, seguros e previdência complementar"
4403201,ENCARGOS FINANCEIROS DE CHEQUE ESPECIAL,64801,"Intermediação financeira, seguros e previdência complementar"
4403301,SEGURO DE CARTAO DE CREDITO,64801,"Intermediação financeira, seguros e previdência complementar"
4403501,ARQUITETO,71802,Serviços de arquitetura e engenharia
4403801,SEGUNDA VIA CARTAO DE DEBITO,64801,"Intermediação financeira, seguros e previdência complementar"
4403802,SEGUNDA VIA CARTAO DE POUPANCA,64801,"Intermediação financeira, seguros e previdência complementar"
4404201,CHEQUE VISADO,64801,"Intermediação financeira, seguros e previdência complementar"
4404701,COPIA DE MICROFILME DE CHEQUE,64801,"Intermediação financeira, seguros e previdência complementar"
4500101,CASAMENTO,94801,"Organizações patronais, sindicais e outros serviços associativos"
4500102,ALUGUEL DE BUFFET DE CASAMENTO,56001,Serviços  de alimentação
4500103,CONVITE DE CASAMENTO,17002,"Papel, papelão, embalagens e artefatos de papel"
4500104,CASAMENTO EM TEMPLO RELIGIOSO,94801,"Organizações patronais, sindicais e outros serviços associativos"
4500105,CASAMENTO EM IGREJA,94801,"Organizações patronais, sindicais e outros serviços associativos"
4500106,ALUGUEL DE SALAO PARA CASAMENTO,68001,Aluguel efetivo e serviços imobiliários
4500108,ALUGUEL DE MESA PARA FESTA DE CASAMENTO,77001,Aluguéis não-imob. e gestão de ativos de propriedade intelectual
4500201,OUTRAS CERIMONIAS RELIGIOSAS,94801,"Organizações patronais, sindicais e outros serviços associativos"
4500202,BATIZADO,94801,"Organizações patronais, sindicais e outros serviços associativos"
4500203,COMUNHAO,94801,"Organizações patronais, sindicais e outros serviços associativos"
4500204,OFERENDA RELIGIOSA,94801,"Organizações patronais, sindicais e outros serviços associativos"
4500207,PROMESSA RELIGIOSA,94801,"Organizações patronais, sindicais e outros serviços associativos"
4500301,FUNERAL E ARTIGOS RELIGIOSOS,94803,Serviços pessoais
4500302,ARTIGOS RELIGIOSOS,94803,Serviços pessoais
4500304,COROA DE FLORES,94803,Serviços pessoais
4500305,TAXA DE FUNERARIA,94803,Serviços pessoais
4500306,CAIXAO,31802,Produtos de industrias diversas
4500307,URNA FUNERARIA,31802,Produtos de industrias diversas
4500308,OUTRAS DESPESAS COM FUNERAL,94803,Serviços pessoais
4500309,FUNERAL,94803,Serviços pessoais
4500310,EXUMACAO,94803,Serviços pessoais
4500401,CARTOMANTE,94803,Serviços pessoais
4500501,FOTOGRAFIAS DE CERIMONIAS (FOTOGRAFO PROFISSIONAL),73801,Publicidade e outros serviços técnicos
4500502,FOTOS DE CERIMONIAS (FOTOGRAFO PROFISSIONAL),73801,Publicidade e outros serviços técnicos
4500503,FOTOGRAFIAS DE CERIMONIA,73801,Publicidade e outros serviços técnicos
4500601,ANIVERSARIO,90801,"Serviços de artes, cultura, esporte e recreação"
4500602,ALUGUEL DE SALAO PARA FESTA DE ANIVERSARIO,68001,Aluguel efetivo e serviços imobiliários
4500603,ALUGUEL DE MESA PARA FESTA DE ANIVERSARIO,77001,Aluguéis não-imob. e gestão de ativos de propriedade intelectual
4500604,ALUGUEL DE BUFFET PARA FESTA DE ANIVERSARIO,56001,Serviços  de alimentação
4500701,BAILE,90801,"Serviços de artes, cultura, esporte e recreação"
4500801,OUTRAS FESTAS OU RECEPCOES,90801,"Serviços de artes, cultura, esporte e recreação"
4500901,FILMAGEM DE CERIMONIA,90801,"Serviços de artes, cultura, esporte e recreação"
4501101,COMEMORACAO NATALINA,90801,"Serviços de artes, cultura, esporte e recreação"
4501201,BATISTERIO,94803,Serviços pessoais
4501301,FESTA DE ANO NOVO,90801,"Serviços de artes, cultura, esporte e recreação"
4501401,PRODUTOS DE CARNAVAL,90801,"Serviços de artes, cultura, esporte e recreação"
4501403,ABADA,90801,"Serviços de artes, cultura, esporte e recreação"
4501404,BAILE DE CARNAVAL,90801,"Serviços de artes, cultura, esporte e recreação"
4501405,CARNAVAL (INGRESSO),90801,"Serviços de artes, cultura, esporte e recreação"
4501601,FESTA COMUNITARIA,90801,"Serviços de artes, cultura, esporte e recreação"
4501701,FESTA JUNINA (INGRESSO),90801,"Serviços de artes, cultura, esporte e recreação"
4600201,RELOGIO DE PULSO DE CRIANCA,26004,"Equip. de medida, teste e controle, ópticos e eletromédicos"
4600301,RELOGIO DE PULSO DE HOMEM,26004,"Equip. de medida, teste e controle, ópticos e eletromédicos"
4600401,RELOGIO DE PULSO DE MULHER,26004,"Equip. de medida, teste e controle, ópticos e eletromédicos"
4600801,RELOGIO DE BOLSO,26004,"Equip. de medida, teste e controle, ópticos e eletromédicos"
4600901,TELEFONE VIRTUAL (APARELHO),61001,"Telecomunicações, TV por assinatura e outros serv. relacionados"
4601101,RELOGIO DE DEDO,26004,"Equip. de medida, teste e controle, ópticos e eletromédicos"
4601201,TELEFONE CELULAR (APARELHO),26003,Material eletrônico e equip. de comunicações
4601301,ACESSORIOS DE TELEFONE CELULAR,26003,Material eletrônico e equip. de comunicações
4601302,BATERIA DE TELEFONE CELULAR,27001,"Máquinas, aparelhos e materiais elétricos"
4601303,CARREGADOR DE ENERGIA PARA CELULAR,27001,"Máquinas, aparelhos e materiais elétricos"
4601304,CHIP DE TELEFONE CELULAR,27001,"Máquinas, aparelhos e materiais elétricos"
4601305,CAPA DE CELULAR,31802,Produtos de industrias diversas
4700504,MULTA DE LOCACAO DE OUTROS IMOVEIS,68001,Aluguel efetivo e serviços imobiliários
4700601,ALUGUEL DE GARAGEM DE OUTROS IMOVEIS,68001,Aluguel efetivo e serviços imobiliários
4700701,CONDOMINIO DE OUTROS IMOVEIS,68001,Aluguel efetivo e serviços imobiliários
4700901,SEGURO CONTRA ROUBO E INCENDIO DE OUTROS IMOVEIS,64801,"Intermediação financeira, seguros e previdência complementar"
4700902,SEGURO CONTRA ROUBO E ACIDENTES DE OUTROS IMOVEIS,64801,"Intermediação financeira, seguros e previdência complementar"
4701001,ENERGIA ELETRICA DE OUTROS IMOVEIS (KWH),35001,"Eletricidade, gás e outras utilidades"
4701101,TELEFONE RESIDENCIAL DE OUTROS IMOVEIS,61001,"Telecomunicações, TV por assinatura e outros serv. relacionados"
4701201,GAS ENCANADO DE OUTROS IMOVEIS (M3),35001,"Eletricidade, gás e outras utilidades"
4701301,AGUA E ESGOTO DE OUTROS IMOVEIS (M3),36801,"Água, esgoto, reciclagem e gestão de resíduos"
4701401,GAS DE BUTIJAO DE OUTROS IMOVEIS (KG),19916,Outros produtos do refino do petróleo
4701501,AGUA DE OUTROS IMOVEIS (CARRO PIPA),36801,"Água, esgoto, reciclagem e gestão de resíduos"
4701601,GASOLINA DE OUTROS IMOVEIS (COMBUSTIVEL DOMESTICO),19912,Gasoálcool
4701701,OLEO DIESEL DE OUTROS IMOVEIS (COMBUSTIVEL DOMESTICO),19915,Diesel - biodiesel
4701801,ACESSO A INTERNET DE OUTROS IMOVEIS,61001,"Telecomunicações, TV por assinatura e outros serv. relacionados"
4701901,ACESSO A TV A CABO DE OUTROS IMOVEIS,61001,"Telecomunicações, TV por assinatura e outros serv. relacionados"
4701902,TAXA DE TELEVISAO POR ASSINATURA DE OUTROS IMOVEIS,61001,"Telecomunicações, TV por assinatura e outros serv. relacionados"
4702007,TAXA DE INSTALACAO DE HIDROMETRO DE OUTROS IMOVEIS,36801,"Água, esgoto, reciclagem e gestão de resíduos"
4702008,TAXA DE INSTALACAO DE RELOGIO DE AGUA DE OUTROS IMOVEIS,36801,"Água, esgoto, reciclagem e gestão de resíduos"
4702101,AQUISICAO DE TITULO DE CLUBE,90801,"Serviços de artes, cultura, esporte e recreação"
4702102,TITULO DE CLUBE (AQUISICAO),90801,"Serviços de artes, cultura, esporte e recreação"
4702301,MUDANCA,49001,Transporte terrestre de carga
4702501,ALUGUEL DE OUTROS IMOVEIS,68001,Aluguel efetivo e serviços imobiliários
4800101,CONSELHO E ASSOCIACAO DE CLASSE,94801,"Organizações patronais, sindicais e outros serviços associativos"
4800102,ASSOCIACAO DE CLASSE,94801,"Organizações patronais, sindicais e outros serviços associativos"
4800601,PREVIDENCIA PRIVADA ABERTA,64801,"Intermediação financeira, seguros e previdência complementar"
4800602,JOIA (TAXA DE INGRESSO) DE PREVIDENCIA PRIVADA,64801,"Intermediação financeira, seguros e previdência complementar"
4800604,PREVIDENCIA PRIVADA FECHADA,64801,"Intermediação financeira, seguros e previdência complementar"
4800701,SEGURO DE ACIDENTES PESSOAIS,64801,"Intermediação financeira, seguros e previdência complementar"
4800801,SEGURO DE VIDA,64801,"Intermediação financeira, seguros e previdência complementar"
4801001,TAXA DE TRANSFERENCIA DE TELEFONE CELULAR,61001,"Telecomunicações, TV por assinatura e outros serv. relacionados"
4801402,ASILO (PAGAMENTO),86921,Saúde privada
4801701,SPC (TAXAS),78802,Outros serviços administrativos
4802001,PECULIO DOMICILIAR,64801,"Intermediação financeira, seguros e previdência complementar"
4802002,PECULIO,64801,"Intermediação financeira, seguros e previdência complementar"
4802201,PAX DOMINNI (AUXILIO FUNERAL),64801,"Intermediação financeira, seguros e previdência complementar"
4802202,AUXILIO FUNERAL (PAX DOMINNI),64801,"Intermediação financeira, seguros e previdência complementar"
4802203,ASSOCIACAO DE AJUDA FUNERARIA,64801,"Intermediação financeira, seguros e previdência complementar"
4802204,ASSOCIACAO POSTUMA,64801,"Intermediação financeira, seguros e previdência complementar"
4802205,ASSOCIACAO FUNERARIA,64801,"Intermediação financeira, seguros e previdência complementar"
4802206,CONSORCIO FUNERARIO,64801,"Intermediação financeira, seguros e previdência complementar"
4802207,TAXA DE CEMITERIO (MANUNTENCAO),94803,Serviços pessoais
4802208,PLANO DE FUNERAL,64801,"Intermediação financeira, seguros e previdência complementar"
4802302,ROTARY CLUBE,90801,"Serviços de artes, cultura, esporte e recreação"
4802901,SEGURO DE BENS MOVEIS (EXCETO DE VEICULOS),64801,"Intermediação financeira, seguros e previdência complementar"
4803401,TRANSPORTE SUBSIDIADO,49002,Transporte terrestre de passageiros
4803402,DESCONTO TRANSPORTE,49002,Transporte terrestre de passageiros
4803403,DESCONTO DE TRANSPORTE (TRANSPORTE SUBSIDIADO),49002,Transporte terrestre de passageiros
4804001,GORJETA,49002,Transporte terrestre de passageiros
4804301,CONTRIBUICAO PARA PARTIDO POLITICO,94801,"Organizações patronais, sindicais e outros serviços associativos"
4900101,CURSO PRE-ESCOLAR,85921,Educação privada
4900201,CURSO SUPLETIVO,85921,Educação privada
4900301,AULA PARTICULAR,85921,Educação privada
4900403,CURSO EM DISCO,85921,Educação privada
4900501,TAXAS ESCOLARES,85921,Educação privada
4900502,TAXA DE MATERIAL ESCOLAR,85921,Educação privada
4900504,TAXA DE TRANSFERENCIA ESCOLAR,85921,Educação privada
4900505,CERTIFICADO DE CONCLUSAO ESCOLAR,85921,Educação privada
4900506,DOCUMENTACAO ESCOLAR (EMOLUMENTO),85921,Educação privada
4900508,FICHA MODELO 18 E 19,85921,Educação privada
4900509,DIPLOMA,85921,Educação privada
4900510,CARTEIRA DE ESTUDANTE,85921,Educação privada
4900511,CADERNETA ESCOLAR,85921,Educação privada
4900515,COTA EXTRA ESCOLAR,85921,Educação privada
4900601,ASSINATURA DE PERIODICO TECNICO,58001,"Livros, jornais e revistas"
4900701,LIVRO ESCOLAR DE PRIMEIRO E SEGUNDO GRAU,58001,"Livros, jornais e revistas"
4900702,LIVRO ESCOLAR DE 1º E 2º GRAU,58001,"Livros, jornais e revistas"
4900801,"LIVRO TECNICO, REVISTA TECNICA E OUTROS LIVROS DIDATICOS",58001,"Livros, jornais e revistas"
4900802,LIVRO TECNICO,58001,"Livros, jornais e revistas"
4900803,REVISTA TECNICA,58001,"Livros, jornais e revistas"
4900804,OUTROS LIVROS DIDATICOS,58001,"Livros, jornais e revistas"
4900805,DICIONARIO,58001,"Livros, jornais e revistas"
4900806,APOSTILA,58001,"Livros, jornais e revistas"
4900809,APOSTILA DE SUPLETIVO,58001,"Livros, jornais e revistas"
4900810,LIVRO PARADIDATICO,58001,"Livros, jornais e revistas"
4900811,ENCICLOPEDIA,58001,"Livros, jornais e revistas"
4900812,LIVRO E REVISTA TECNICA,58001,"Livros, jornais e revistas"
4900813,LIVRO PRE-ESCOLAR,58001,"Livros, jornais e revistas"
4900814,MANUAL DE VESTIBULAR,58001,"Livros, jornais e revistas"
4900901,TRANSPORTE ESCOLAR,49002,Transporte terrestre de passageiros
4901001,UNIFORME ESCOLAR,14001,Artigos do vestuário e acessórios
4901101,CRECHE,86921,Saúde privada
4901102,BERCARIO,86921,Saúde privada
4901201,LOCACAO DE ALOJAMENTO ESTUDANTIL,55001,Serviços de alojamento em hotéis e similares
4901202,LOCACAO DE QUARTO,55001,Serviços de alojamento em hotéis e similares
4901301,FESTA ESCOLAR,90801,"Serviços de artes, cultura, esporte e recreação"
4901401,CARNE DE FORMATURA,78802,Outros serviços administrativos
4901402,FORMATURA,90801,"Serviços de artes, cultura, esporte e recreação"
4901403,COLACAO DE GRAU,90801,"Serviços de artes, cultura, esporte e recreação"
4901404,CONVITE DE FORMATURA,90801,"Serviços de artes, cultura, esporte e recreação"
4901405,"OUTROS ARTIGOS DE FORMATURA (BECA, CHAPEU, ETC)",90801,"Serviços de artes, cultura, esporte e recreação"
4901501,CURSO DE POS-GRADUACAO (ESPECIALIZACAO),85921,Educação privada
4901502,ESPECIALIZACAO,85921,Educação privada
4901503,CURSO DE ESPECIALIZACAO,85921,Educação privada
4901601,EXCURSAO ESCOLAR,90801,"Serviços de artes, cultura, esporte e recreação"
4901701,"TAXA DE INSCRICAO DE CONGRESSO, SEMINARIO, ETC. (EDUCACAO)",85921,Educação privada
4901702,TAXA DE INSCRICAO DE CONGRESSO (EDUCACAO),85921,Educação privada
4901703,TAXA DE INSCRICAO DE SEMINARIO (EDUCACAO),85921,Educação privada
4901704,TAXA DE INSCRICAO DE PALESTRA EDUCATIVA,85921,Educação privada
4901801,ASSOCIACAO DE PAIS E MESTRES,94801,"Organizações patronais, sindicais e outros serviços associativos"
4901802,CIRCULO DE PAIS E MESTRES,94801,"Organizações patronais, sindicais e outros serviços associativos"
4901901,PASTA ESCOLAR,22002,Artigos de plástico
4902001,MERENDEIRA ESCOLAR,22002,Artigos de plástico
4902002,LANCHEIRA ESCOLAR,22002,Artigos de plástico
4902003,AGENDA ESCOLAR,22002,Artigos de plástico
4902101,MOCHILA ESCOLAR,15001,Calçados e artefatos de couro
4902201,CURSO DE POS-GRADUACAO (MESTRADO),85921,Educação privada
4902202,MESTRADO,85921,Educação privada
4902203,CURSO DE MESTRADO,85921,Educação privada
4902501,INSTRUMENTOS E APARELHOS DE CURSOS EDUCATIVOS,26004,"Equip. de medida, teste e controle, ópticos e eletromédicos"
4902502,APARELHOS DE CURSOS EDUCATIVOS,26004,"Equip. de medida, teste e controle, ópticos e eletromédicos"
4902503,ESTETOSCOPIO,31802,Produtos de industrias diversas
4902504,TENSIOMETRO,31802,Produtos de industrias diversas
4902506,BUSSOLA,26004,"Equip. de medida, teste e controle, ópticos e eletromédicos"
4902507,INSTRUMENTOS CIRURGICOS DE CURSO,31802,Produtos de industrias diversas
4902508,INSTRUMENTOS DE AULA PRATICA,31802,Produtos de industrias diversas
4902509,INSTRUMENTOS DE CURSOS EDUCATIVOS,26004,"Equip. de medida, teste e controle, ópticos e eletromédicos"
4902601,ALIMENTACAO ESCOLAR,56001,Serviços  de alimentação
4902602,ALIMENTACAO NA ESCOLA,56001,Serviços  de alimentação
4902701,"BIBLIOTECA (MENSALIDADE, MULTA, ETC.)",90801,"Serviços de artes, cultura, esporte e recreação"
4902702,MENSALIDADE DE BIBLIOTECA,90801,"Serviços de artes, cultura, esporte e recreação"
4902901,MAPA ESCOLAR,58001,"Livros, jornais e revistas"
4903101,CURSO REGULAR DE PRIMEIRO GRAU,85921,Educação privada
4903102,CURSO REGULAR DE 1º GRAU,85921,Educação privada
4903201,CURSO REGULAR DE SEGUNDO GRAU,85921,Educação privada
4903202,CURSO REGULAR DE 2º GRAU,85921,Educação privada
4903301,CURSO REGULAR DE TERCEIRO GRAU,85921,Educação privada
4903302,CURSO REGULAR DE 3º GRAU,85921,Educação privada
4903401,AULA DE GINASTICA,90801,"Serviços de artes, cultura, esporte e recreação"
4903501,CURSO DE DATILOGRAFIA,85921,Educação privada
4903601,CURSO E AULA DE BALE,90801,"Serviços de artes, cultura, esporte e recreação"
4903602,CURSO DE BALE,90801,"Serviços de artes, cultura, esporte e recreação"
4903603,AULA DE BALE,90801,"Serviços de artes, cultura, esporte e recreação"
4903604,AULA DE DANCA,90801,"Serviços de artes, cultura, esporte e recreação"
4903701,CURSO E AULA DE IOGA,90801,"Serviços de artes, cultura, esporte e recreação"
4903702,CURSO DE IOGA,90801,"Serviços de artes, cultura, esporte e recreação"
4903703,AULA DE IOGA,90801,"Serviços de artes, cultura, esporte e recreação"
4903801,CURSO DE MUSICA,85921,Educação privada
4903802,AULA DE MUSICA,85921,Educação privada
4903901,CURSO DE INFORMATICA,85921,Educação privada
4904001,AULA DE HIDROGINASTICA,90801,"Serviços de artes, cultura, esporte e recreação"
4904101,CURSO DE POS-GRADUACAO (DOUTORADO),85921,Educação privada
4904102,DOUTORADO,85921,Educação privada
4904201,TAXA DE INSCRICAO DE VESTIBULAR,85921,Educação privada
4904202,INSCRICAO DE VESTIBULAR,85921,Educação privada
4904301,AULA DE NATACAO,90801,"Serviços de artes, cultura, esporte e recreação"
4904401,CURSO DE IDIOMA (EXCETO LINGUAFONE),85921,Educação privada
4904402,CURSO DE ESPANHOL,85921,Educação privada
4904403,CURSO DE INGLES,85921,Educação privada
4904404,CURSO DE ALEMAO,85921,Educação privada
4904406,CURSO DE JAPONES,85921,Educação privada
4904407,CURSO DE FRANCES,85921,Educação privada
4904501,ALUGUEL DE LIVRO DE PRIMEIRO GRAU,77001,Aluguéis não-imob. e gestão de ativos de propriedade intelectual
4904701,CURSO DE MECANICA EM REFRIGERACAO,85921,Educação privada
4904803,PROGRAMA COMPUTACIONAL DE CURSO,62801,Desenvolvimento de sistemas e outros serviços de informação
4904901,CURSO DE PRIMEIROS SOCORROS,85921,Educação privada
4905001,CURSO PARA EXCEPCIONAL,85921,Educação privada
4905101,CURSO PRE-VESTIBULAR,85921,Educação privada
4905201,CURSO PRE-TECNICO,85921,Educação privada
4905301,MATRICULA ESCOLAR,85921,Educação privada
4905401,AUTO ESCOLA,85921,Educação privada
4905402,CURSO DE DIRECAO DE CARRO,85921,Educação privada
4905403,CURSO DE DIRECAO DE MOTO,85921,Educação privada
4905404,CURSO DE DIRECAO DE ONIBUS,85921,Educação privada
4905405,CURSO DE DIRECAO DE CAMINHAO,85921,Educação privada
4905501,CURSO DE CABELEIREIRO,85921,Educação privada
4905601,CURSO DE CORTE E COSTURA,85921,Educação privada
4905602,CURSO DE BORDADO,85921,Educação privada
4905701,EDUCACAO A DISTANCIA (CURSOS),85921,Educação privada
4905801,AULA DE CAPOEIRA,90801,"Serviços de artes, cultura, esporte e recreação"
4905901,AULA DE FUTEBOL,90801,"Serviços de artes, cultura, esporte e recreação"
4906001,AULA DE VOLEIBOL,90801,"Serviços de artes, cultura, esporte e recreação"
4906101,AULA DE BASQUETEBOL,90801,"Serviços de artes, cultura, esporte e recreação"
4906201,AULA DE TENIS,90801,"Serviços de artes, cultura, esporte e recreação"
4906301,AULA DE HANDEBOL,90801,"Serviços de artes, cultura, esporte e recreação"
4906401,AULA DE LUTAS,90801,"Serviços de artes, cultura, esporte e recreação"
4906402,AULA DE BOXE,90801,"Serviços de artes, cultura, esporte e recreação"
4906403,AULA DE JUDO,90801,"Serviços de artes, cultura, esporte e recreação"
4906404,AULA DE KARATE,90801,"Serviços de artes, cultura, esporte e recreação"
4906501,CURSO DE CULINARIA,85921,Educação privada
4906601,CURSO DE DANCA,85921,Educação privada
4906701,CURSO DE DESENHO,85921,Educação privada
4906801,CURSO DE ELETRICISTA,85921,Educação privada
4906901,CURSO DE ENFERMAGEM,85921,Educação privada
4907001,CURSO DE PINTURA,85921,Educação privada
4907101,CURSO DE SECRETARIADO,85921,Educação privada
4907201,CURSO DE TEATRO,85921,Educação privada
4907301,CURSO DE VIGILANTE,85921,Educação privada
4907401,CURSO DE DIRECAO DE OUTROS VEICULOS,85921,Educação privada
4907404,CURSO DE DIRECAO DE NAVIO,85921,Educação privada
4907501,CURSO TECNICO,85921,Educação privada
4907601,CURSO PREPARATORIO PARA CONCURSO,85921,Educação privada
4907701,CURSOS RELIGIOSOS,85921,Educação privada
4907801,CURSO DE ARTESANATO,85921,Educação privada
4907901,CURSO DE MECANICA DE VEICULOS,85921,Educação privada
4908001,CURSO DE TELEMARKETING,85921,Educação privada
4908002,CURSO DE ATENDIMENTO AO CLIENTE,85921,Educação privada
4908101,CURSO DE MANICURE E PEDICURE,85921,Educação privada
4908201,CURSO DE MONTAGEM E MANUTENCAO DE COMPUTADORES,85921,Educação privada
4908301,CURSO DE ARTES,85921,Educação privada
4908302,AULA DE PINTURA,85921,Educação privada
4908401,CURSO DE ESTETICISTA,85921,Educação privada
4908402,CURSO DE DEPILACAO,85921,Educação privada
4908501,MATERIAL ESCOLAR (AGREGADO),17002,"Papel, papelão, embalagens e artefatos de papel"
4908502,KIT ESCOLAR (AGREGADO),85921,Educação privada
4908601,CURSO DE MASSOTERAPIA (MASSAGEM),85921,Educação privada
4908701,CURSO DE PROMOTOR DE VENDAS,85921,Educação privada
4908801,CURSO PREPARATORIO PARA OAB,85921,Educação privada
4908901,CURSO PREPARATORIO PARA ESCOLA MILITAR,85921,Educação privada
4909001,"CURSOS DIVERSOS (MEDITACAO, ORATORIA, ETC.)",85921,Educação privada
4909101,OUTROS CURSOS DE CAPACITACAO PROFISSIONAL,85921,Educação privada
4909102,"OUTROS CURSOS DE ATUALIZACAO, APERFEICOAMENTO OU EXTENSAO",85921,Educação privada
4909201,CURSO NAO-ESPECIFICADO,85921,Educação privada
4909301,"REVISAO DE TESES, DISSERTACOES E TRABALHOS ESCOLARES",73801,Publicidade e outros serviços técnicos
5000301,SEGURO OBRIGATORIO,64801,"Intermediação financeira, seguros e previdência complementar"
5000501,ASSISTENCIA AUTOMOBILISTICA (MENSALIDADE E TAXA),45001,Comércio e reparação de veículos
5000504,ASSISTENCIA AUTOMOBILISTICA (TAXAS),45001,Comércio e reparação de veículos
5000601,SEGURO VOLUNTARIO DE AUTOMOVEIS/UTILITARIOS,64801,"Intermediação financeira, seguros e previdência complementar"
5000602,SEGURO TOTAL DE AUTOMOVEIS/UTILITARIOS,64801,"Intermediação financeira, seguros e previdência complementar"
5000603,SEGURO PARCIAL DE AUTOMOVEIS/UTILITARIOS,64801,"Intermediação financeira, seguros e previdência complementar"
5000701,VAGA CATIVA DE ESTACIONAMENTO DE VEICULO,68001,Aluguel efetivo e serviços imobiliários
5000702,VAGA DE ESTACIONAMENTO DE VEICULO,68001,Aluguel efetivo e serviços imobiliários
5000801,ALUGUEL DE VEICULO,77001,Aluguéis não-imob. e gestão de ativos de propriedade intelectual
5001201,LEASING DE AUTOMOVEL,64801,"Intermediação financeira, seguros e previdência complementar"
5001303,SEGURO TOTAL DE MOTOCICLETA,64801,"Intermediação financeira, seguros e previdência complementar"
5001701,SERVICO DE SEGURANCA VIA SATELITE,31802,Produtos de industrias diversas
5100101,AUTOMOVEL DE PASSEIO NACIONAL,29911,"Automóveis, camionetas e utilitários"
5100201,BARCO,50001,Transporte aquaviário
5100202,BARCO A MOTOR,50001,Transporte aquaviário
5100301,BICICLETA,30001,"Aeronaves, embarcações e outros equipamentos de transporte"
5100401,MOTOCICLETA,30001,"Aeronaves, embarcações e outros equipamentos de transporte"
5100701,TRAILLER,29912,"Caminhões e ônibus, incl. cabines, carrocerias e reboques"
5101001,AUTOMOVEL UTILITARIO NACIONAL,29911,"Automóveis, camionetas e utilitários"
5101002,KOMBI,29911,"Automóveis, camionetas e utilitários"
5101201,LANCHA,30001,"Aeronaves, embarcações e outros equipamentos de transporte"
5101401,MOBILETE,30001,"Aeronaves, embarcações e outros equipamentos de transporte"
5101501,AUTOMOVEL UTILITARIO IMPORTADO,29911,"Automóveis, camionetas e utilitários"
5101601,AUTOMOVEL DE PASSEIO IMPORTADO,29911,"Automóveis, camionetas e utilitários"
5101701,VEICULO DE TRACAO ANIMAL E ANIMAL DE TRACAO,30001,"Aeronaves, embarcações e outros equipamentos de transporte"
5101702,ANIMAL DE TRACAO,01921,"Bovinos e outros animais vivos, prods. animal, caça e serv."
5101902,JIPE (KART),29911,"Automóveis, camionetas e utilitários"
5102001,BARCO A REMO,30001,"Aeronaves, embarcações e outros equipamentos de transporte"
5102002,CANOA A REMO,30001,"Aeronaves, embarcações e outros equipamentos de transporte"
5102101,CONSORCIO DE AUTOMOVEL,64801,"Intermediação financeira, seguros e previdência complementar"
5102201,CONSORCIO DE MOTOCICLETA,64801,"Intermediação financeira, seguros e previdência complementar"
5102301,BARCO A VELA,30001,"Aeronaves, embarcações e outros equipamentos de transporte"
6300101,ARROZ POLIDO,10934,Arroz beneficiado e produtos derivados do arroz
6300103,ARROZ BICA CORRIDA,10934,Arroz beneficiado e produtos derivados do arroz
6300104,ARROZ QUIRERA,10934,Arroz beneficiado e produtos derivados do arroz
6300105,ARROZ LISO,10934,Arroz beneficiado e produtos derivados do arroz
6300106,ARROZ MACERADO,10934,Arroz beneficiado e produtos derivados do arroz
6300107,ARROZ PARBOILIZADO,10934,Arroz beneficiado e produtos derivados do arroz
6300108,XEREM DE ARROZ,10934,Arroz beneficiado e produtos derivados do arroz
6300109,ARROZ PARBORIZADO,10934,Arroz beneficiado e produtos derivados do arroz
6300110,ARROZ COLONIAL,10934,Arroz beneficiado e produtos derivados do arroz
6300111,ARROZ AGULHA,10934,Arroz beneficiado e produtos derivados do arroz
6300112,ARROZ AGULHINHA,10934,Arroz beneficiado e produtos derivados do arroz
6300113,ARROZ BRANCO,10934,Arroz beneficiado e produtos derivados do arroz
6300114,ARROZ VERMELHO,10934,Arroz beneficiado e produtos derivados do arroz
6300115,ARROZ AMARELO,10934,Arroz beneficiado e produtos derivados do arroz
6300201,ARROZ INTEGRAL,10934,Arroz beneficiado e produtos derivados do arroz
6300202,ARROZ PILADO,10934,Arroz beneficiado e produtos derivados do arroz
6300203,ARROZ NAO-POLIDO,10934,Arroz beneficiado e produtos derivados do arroz
6300204,ARROZ BENEFICIADO,10934,Arroz beneficiado e produtos derivados do arroz
6300301,ARROZ COM CASCA,01911,"Arroz, trigo e outros cereais"
6300401,AVEIA EM GRAO,01911,"Arroz, trigo e outros cereais"
6300402,AVEIA EM MASSA,10935,"Produtos derivados do trigo, mandioca ou milho"
6300403,MASSA DE AVEIA,10935,"Produtos derivados do trigo, mandioca ou milho"
6300501,PIPOCA DE ARROZ INDUSTRIALIZADA,10934,Arroz beneficiado e produtos derivados do arroz
6300601,CEVADA EM GRAO,01911,"Arroz, trigo e outros cereais"
6300701,MILHO EM GRAO,01912,Milho em grão
6300702,MILHO BRANCO EM GRAO,01912,Milho em grão
6300703,MILHO DE CANJICA,01912,Milho em grão
6300704,MILHO CANJIQUINHA,01912,Milho em grão
6300705,MILHO DE PIPOCA,01912,Milho em grão
6300706,CANJIQUINHA DE MILHO EM GRAO,10935,"Produtos derivados do trigo, mandioca ou milho"
6300707,XEREM DE MILHO,10935,"Produtos derivados do trigo, mandioca ou milho"
6300708,QUIRERA DE MILHO,10935,"Produtos derivados do trigo, mandioca ou milho"
6300709,CANJICA DE MILHO EM GRAO,10935,"Produtos derivados do trigo, mandioca ou milho"
6300710,MILHO AMARELO EM GRAO,01912,Milho em grão
6300711,MILHO DE MUNGUZA,01912,Milho em grão
6300712,MILHO ALHO,01912,Milho em grão
6300713,MILHO SECO,01912,Milho em grão
6300714,MILHO XEREM,01912,Milho em grão
6300801,MILHO VERDE EM ESPIGA,01912,Milho em grão
6300901,TRIGO EM GRAO,01911,"Arroz, trigo e outros cereais"
6300902,TRIGO INTEGRAL,01911,"Arroz, trigo e outros cereais"
6300904,MASSA DE TRIGO,10935,"Produtos derivados do trigo, mandioca ou milho"
6300905,FARELO DE TRIGO (QUIRERA),10935,"Produtos derivados do trigo, mandioca ou milho"
6301001,AMENDOIM EM GRAO IN NATURA,01916,Outros produtos e serviços da lavoura temporária
6301002,MENDOIM,01916,Outros produtos e serviços da lavoura temporária
6301005,AMENDOIM EM CASCA IN NATURA,01916,Outros produtos e serviços da lavoura temporária
6301006,AMENDOIM NATURAL,01916,Outros produtos e serviços da lavoura temporária
6301101,ERVILHA EM GRAO,01916,Outros produtos e serviços da lavoura temporária
6301201,FAVA EM GRAO,01916,Outros produtos e serviços da lavoura temporária
6301203,FEIJOA EM GRAO,01916,Outros produtos e serviços da lavoura temporária
6301204,MANGALO AMARGO EM GRAO,01916,Outros produtos e serviços da lavoura temporária
6301205,FEIJAO FAVA EM GRAO,01916,Outros produtos e serviços da lavoura temporária
6301301,FEIJAO MANTEIGA,01916,Outros produtos e serviços da lavoura temporária
6301302,FEIJAO BICO DE OURO,01916,Outros produtos e serviços da lavoura temporária
6301303,FEIJAO CAETE,01916,Outros produtos e serviços da lavoura temporária
6301306,FEIJAO BRANCO,01916,Outros produtos e serviços da lavoura temporária
6301308,FEIJAO CANARINHO,01916,Outros produtos e serviços da lavoura temporária
6301309,FEIJAO BOLINHA,01916,Outros produtos e serviços da lavoura temporária
6301311,FEIJAO DOURADINHO,01916,Outros produtos e serviços da lavoura temporária
6301401,FEIJAO MULATINHO,01916,Outros produtos e serviços da lavoura temporária
6301403,FEIJAO PAULISTA,01916,Outros produtos e serviços da lavoura temporária
6301404,FEIJAO MOURO,01916,Outros produtos e serviços da lavoura temporária
6301406,FEIJAO MULATA GORDA,01916,Outros produtos e serviços da lavoura temporária
6301407,FEIJAO MARROM,01916,Outros produtos e serviços da lavoura temporária
6301408,FEIJAO MORENINHO,01916,Outros produtos e serviços da lavoura temporária
6301412,FEIJAO CEARENCE,01916,Outros produtos e serviços da lavoura temporária
6301501,FEIJAO PRETO,01916,Outros produtos e serviços da lavoura temporária
6301508,FEIJAO BEIRA LINHA,01916,Outros produtos e serviços da lavoura temporária
6301510,FEIJAO BANDINHA PRETO,01916,Outros produtos e serviços da lavoura temporária
6301511,FEIJAO CAVALO,01916,Outros produtos e serviços da lavoura temporária
6301512,FEIJAO DE COR,01916,Outros produtos e serviços da lavoura temporária
6301513,FEIJAO PRETO BANDINHA,01916,Outros produtos e serviços da lavoura temporária
6301601,FEIJAO FRADINHO,01916,Outros produtos e serviços da lavoura temporária
6301602,FEIJAO MACASSAR,01916,Outros produtos e serviços da lavoura temporária
6301603,FEIJAO DE CORDA,01916,Outros produtos e serviços da lavoura temporária
6301604,FEIJAO DE METRO,01916,Outros produtos e serviços da lavoura temporária
6301606,FEIJAO CORUJA,01916,Outros produtos e serviços da lavoura temporária
6301607,FEIJAO DE MOITA,01916,Outros produtos e serviços da lavoura temporária
6301609,FEIJAO LIGEIRO,01916,Outros produtos e serviços da lavoura temporária
6301610,FEIJAO CATADOR,01916,Outros produtos e serviços da lavoura temporária
6301611,FEIJAO MIUDO,01916,Outros produtos e serviços da lavoura temporária
6301612,FEIJAO GURGUTUBA,01916,Outros produtos e serviços da lavoura temporária
6301613,FEIJAO GURUTUBA,01916,Outros produtos e serviços da lavoura temporária
6301617,FEIJAO QUARENTA DIAS,01916,Outros produtos e serviços da lavoura temporária
6301618,FEIJAO BOCA PRETA,01916,Outros produtos e serviços da lavoura temporária
6301619,FEIJAO DE FRADE,01916,Outros produtos e serviços da lavoura temporária
6301620,FEIJAO DE VARA,01916,Outros produtos e serviços da lavoura temporária
6301621,FEIJAO OLHO PRETO,01916,Outros produtos e serviços da lavoura temporária
6301624,FEIJAO DE RAMA,01916,Outros produtos e serviços da lavoura temporária
6301625,FEIJAO BAIANO,01916,Outros produtos e serviços da lavoura temporária
6301627,FEIJAO SEMPRE VERDE,01916,Outros produtos e serviços da lavoura temporária
6301628,FEIJAO DE ARRANCA,01916,Outros produtos e serviços da lavoura temporária
6301631,FEIJAO CANAPU,01916,Outros produtos e serviços da lavoura temporária
6301632,FEIJAO CAUPI,01916,Outros produtos e serviços da lavoura temporária
6301633,FEIJAO DA COLONIA,01916,Outros produtos e serviços da lavoura temporária
6301634,FEIJAO VERDE,01916,Outros produtos e serviços da lavoura temporária
6301635,FEIJAO PERUANO,01916,Outros produtos e serviços da lavoura temporária
6301636,FEIJAO TREPA PAU,01916,Outros produtos e serviços da lavoura temporária
6301701,FEIJAO JALO,01916,Outros produtos e serviços da lavoura temporária
6301702,FEIJAO VERMELHO,01916,Outros produtos e serviços da lavoura temporária
6301705,FEIJAO GORDO,01916,Outros produtos e serviços da lavoura temporária
6301707,FEIJAO DO SUL,01916,Outros produtos e serviços da lavoura temporária
6301801,ARROZ ESPECIAL JAPONES,01911,"Arroz, trigo e outros cereais"
6301802,ARROZ JAPONES ESPECIAL,01911,"Arroz, trigo e outros cereais"
6301901,FEIJAO ROXO,01916,Outros produtos e serviços da lavoura temporária
6301903,FEIJAO BICO ROXO,01916,Outros produtos e serviços da lavoura temporária
6301904,FEIJAO BORDO,01916,Outros produtos e serviços da lavoura temporária
6301905,FEIJAO BRABINHO,01916,Outros produtos e serviços da lavoura temporária
6301907,FEIJAO ROXINHO,01916,Outros produtos e serviços da lavoura temporária
6301910,FEIJAO RAPE (ROXO),01916,Outros produtos e serviços da lavoura temporária
6301911,FEIJAO ANAO (ROXO),01916,Outros produtos e serviços da lavoura temporária
6302001,SEMENTE DE LINHACA,01919,Outros produtos da lavoura permanente
6302101,FEIJAO RAJADO,01916,Outros produtos e serviços da lavoura temporária
6302105,FEIJAO ZEBRINHA,01916,Outros produtos e serviços da lavoura temporária
6302112,FEIJAO GROSSO,01916,Outros produtos e serviços da lavoura temporária
6302113,FEIJAO CHOCOLATE,01916,Outros produtos e serviços da lavoura temporária
6302114,FEIJAO CARIOCA,01916,Outros produtos e serviços da lavoura temporária
6302115,FEIJAO RAJADINHO,01916,Outros produtos e serviços da lavoura temporária
6302116,FEIJAO CARIOQUINHA,01916,Outros produtos e serviços da lavoura temporária
6302201,FEIJAO ROSINHA,01916,Outros produtos e serviços da lavoura temporária
6302204,FEIJAO ROSADO,01916,Outros produtos e serviços da lavoura temporária
6302205,FEIJAO BARROSINHO,01916,Outros produtos e serviços da lavoura temporária
6302302,FEIJAO AMARELO,01916,Outros produtos e serviços da lavoura temporária
6302303,FEIJAO OURO,01916,Outros produtos e serviços da lavoura temporária
6302401,FEIJAO PARDO,01916,Outros produtos e serviços da lavoura temporária
6302503,FEIJAO PAQUINHO,01916,Outros produtos e serviços da lavoura temporária
6302509,FEIJAO CARA SUJA,01916,Outros produtos e serviços da lavoura temporária
6302511,FEIJAO FIGADO DE GALINHA,01916,Outros produtos e serviços da lavoura temporária
6302512,FEIJAO IMPERIAL,01916,Outros produtos e serviços da lavoura temporária
6302601,GUANDO,01916,Outros produtos e serviços da lavoura temporária
6302602,ANDU,01916,Outros produtos e serviços da lavoura temporária
6302605,FEIJAO ANDU,01916,Outros produtos e serviços da lavoura temporária
6302607,FEIJAO CRISTA,01916,Outros produtos e serviços da lavoura temporária
6302609,FEIJAO GUANDU,01916,Outros produtos e serviços da lavoura temporária
6302701,TREMOCO,01916,Outros produtos e serviços da lavoura temporária
6302703,TREMOCO AMARELO,01916,Outros produtos e serviços da lavoura temporária
6302801,GRAO DE BICO,01916,Outros produtos e serviços da lavoura temporária
6302901,LENTILHA,01916,Outros produtos e serviços da lavoura temporária
6303001,SOJA EM GRAO,01915,Soja  em grão
6303002,FEIJAO SOJA,01916,Outros produtos e serviços da lavoura temporária
6303101,FEIJAO NAO-ESPECIFICADO,01916,Outros produtos e serviços da lavoura temporária
6303102,FEIJAO (NAO-ESPECIFICADO),01916,Outros produtos e serviços da lavoura temporária
6303201,SEMENTE DE ABOBORA,01916,Outros produtos e serviços da lavoura temporária
6303301,ARROZ PRE-COZIDO,10937,Outros produtos alimentares
6303303,RIZOTO PRE-COZIDO,10937,Outros produtos alimentares
6303401,ARROZ (NAO-ESPECIFICADO),10934,Arroz beneficiado e produtos derivados do arroz
6303402,ARROZ NAO-ESPECIFICADO,10934,Arroz beneficiado e produtos derivados do arroz
6303501,QUIRERA NAO-ESPECIFICADA,10935,"Produtos derivados do trigo, mandioca ou milho"
6303502,QUIRERA (NAO-ESPECIFICADA),10935,"Produtos derivados do trigo, mandioca ou milho"
6303601,MILHO DE PIPOCA PARA MICROONDAS,10935,"Produtos derivados do trigo, mandioca ou milho"
6303802,FEIJAO COFELISTA ORGANICO,01916,Outros produtos e serviços da lavoura temporária
6303810,FEIJAO NAGE ORGANICO,01916,Outros produtos e serviços da lavoura temporária
6303901,FEIJAO PRETO ORGANICO,01916,Outros produtos e serviços da lavoura temporária
6304001,FEIJAO FRADINHO ORGANICO,01916,Outros produtos e serviços da lavoura temporária
6304002,FEIJAO MACASSAR ORGANICO,01916,Outros produtos e serviços da lavoura temporária
6304034,FEIJAO VERDE ORGANICO,01916,Outros produtos e serviços da lavoura temporária
6304102,FEIJAO (NAO-ESPECIFICADO) ORGANICO,01916,Outros produtos e serviços da lavoura temporária
6304201,MILHO DE PIPOCA PARA MICROONDAS LIGHT,10935,"Produtos derivados do trigo, mandioca ou milho"
6304202,MILHO DE PIPOCA LIGHT PARA MICROONDAS,10935,"Produtos derivados do trigo, mandioca ou milho"
6304301,ARROZ POLIDO ORGANICO,01911,"Arroz, trigo e outros cereais"
6304305,ARROZ LISO ORGANICO,01911,"Arroz, trigo e outros cereais"
6304307,ARROZ PARBOILIZADO ORGANICO,10934,Arroz beneficiado e produtos derivados do arroz
6304309,ARROZ PARBORIZADO ORGANICO,10934,Arroz beneficiado e produtos derivados do arroz
6304310,ARROZ COLONIAL ORGANICO,01911,"Arroz, trigo e outros cereais"
6304311,ARROZ AGULHA ORGANICO,01911,"Arroz, trigo e outros cereais"
6304313,ARROZ BRANCO ORGANICO,01911,"Arroz, trigo e outros cereais"
6304314,ARROZ VERMELHO ORGANICO,01911,"Arroz, trigo e outros cereais"
6304401,ARROZ INTEGRAL ORGANICO,01911,"Arroz, trigo e outros cereais"
6304402,ARROZ PILADO ORGANICO,01911,"Arroz, trigo e outros cereais"
6304404,ARROZ BENEFICIADO ORGANICO,01911,"Arroz, trigo e outros cereais"
6304601,FEIJAO DA PRAIA,01916,Outros produtos e serviços da lavoura temporária
6304701,LINHACA DOURADA,01911,"Arroz, trigo e outros cereais"
6304801,SORGO EM GRAO,01911,"Arroz, trigo e outros cereais"
6304901,QUINOA,01911,"Arroz, trigo e outros cereais"
6400101,BATATA INGLESA,01916,Outros produtos e serviços da lavoura temporária
6400102,BATATA DO REINO,01916,Outros produtos e serviços da lavoura temporária
6400103,BATATA ROSA,01916,Outros produtos e serviços da lavoura temporária
6400104,BATATA PORTUGUESA,01916,Outros produtos e serviços da lavoura temporária
6400105,BATATA INGESA ROSA,01916,Outros produtos e serviços da lavoura temporária
6400106,BATATINHA,01916,Outros produtos e serviços da lavoura temporária
6400107,BATATA LISA,01916,Outros produtos e serviços da lavoura temporária
6400108,BATATA HOLANDESA,01916,Outros produtos e serviços da lavoura temporária
6400109,BATATA BINGE,01916,Outros produtos e serviços da lavoura temporária
6400110,BATATA BRANCA,01916,Outros produtos e serviços da lavoura temporária
6400201,ARARUTA,01916,Outros produtos e serviços da lavoura temporária
6400202,MASSA DE ARARUTA,10935,"Produtos derivados do trigo, mandioca ou milho"
6400301,BATATA BAROA,01916,Outros produtos e serviços da lavoura temporária
6400302,BATATA BARONESA,01916,Outros produtos e serviços da lavoura temporária
6400303,MANDIOQUINHA SALSA (BATATA BAROA),01916,Outros produtos e serviços da lavoura temporária
6400304,CENOURA AMARELA (BATATA BAROA),01916,Outros produtos e serviços da lavoura temporária
6400401,BATATA DOCE,01916,Outros produtos e serviços da lavoura temporária
6400402,BATATA DOCE ROXA,01916,Outros produtos e serviços da lavoura temporária
6400403,BATATA DA TERRA,01916,Outros produtos e serviços da lavoura temporária
6400404,BATATA DE ANGOLA,01916,Outros produtos e serviços da lavoura temporária
6400405,BATATA MASTRUS,01916,Outros produtos e serviços da lavoura temporária
6400406,BATATA ROXA,01916,Outros produtos e serviços da lavoura temporária
6400501,INHAME,01916,Outros produtos e serviços da lavoura temporária
6400503,INHAME SAO TOME,01916,Outros produtos e serviços da lavoura temporária
6400504,INHAME CHINES,01916,Outros produtos e serviços da lavoura temporária
6400505,INHAME DA COSTA,01916,Outros produtos e serviços da lavoura temporária
6400506,INHAME DE AGUA,01916,Outros produtos e serviços da lavoura temporária
6400507,TAIOBA SAO TOME INHAME,01916,Outros produtos e serviços da lavoura temporária
6400509,TAIA JAPONES,01916,Outros produtos e serviços da lavoura temporária
6400601,MANDIOCA,01916,Outros produtos e serviços da lavoura temporária
6400602,MANDIOCA DOCE,01916,Outros produtos e serviços da lavoura temporária
6400603,MANDIOCA MANSA,01916,Outros produtos e serviços da lavoura temporária
6400604,MANDIOCA BRANCA,01916,Outros produtos e serviços da lavoura temporária
6400605,MANDIOCA CACAU,01916,Outros produtos e serviços da lavoura temporária
6400607,MANDIOCA VASSOURINHA,01916,Outros produtos e serviços da lavoura temporária
6400608,MANIVA,01916,Outros produtos e serviços da lavoura temporária
6400609,AIPIM,01916,Outros produtos e serviços da lavoura temporária
6400610,MACAXEIRA,01916,Outros produtos e serviços da lavoura temporária
6400612,AIMPIM,01916,Outros produtos e serviços da lavoura temporária
6400613,MANDIOCA SEM CASCA,01916,Outros produtos e serviços da lavoura temporária
6400614,MASSA DE MACAXEIRA,10935,"Produtos derivados do trigo, mandioca ou milho"
6400701,CARA,01916,Outros produtos e serviços da lavoura temporária
6400702,CARA INHAME,01916,Outros produtos e serviços da lavoura temporária
6400703,CARA CHINES,01916,Outros produtos e serviços da lavoura temporária
6400704,CARA BRANCO,01916,Outros produtos e serviços da lavoura temporária
6400711,BATATA NAMBU,01916,Outros produtos e serviços da lavoura temporária
6400713,INHAME CARAQUENTO (CARA),01916,Outros produtos e serviços da lavoura temporária
6400715,INHAME CASCO (CARA),01916,Outros produtos e serviços da lavoura temporária
6400717,BATATA DE RAMA,01916,Outros produtos e serviços da lavoura temporária
6400801,BATATA NAO-ESPECIFICADA,01916,Outros produtos e serviços da lavoura temporária
6400802,BATATA (NAO-ESPECIFICADA),01916,Outros produtos e serviços da lavoura temporária
6400901,BATATA AIPO,01916,Outros produtos e serviços da lavoura temporária
6400902,BATATA SALSA,01916,Outros produtos e serviços da lavoura temporária
6400905,BATATA CENOURA,01916,Outros produtos e serviços da lavoura temporária
6400906,BATATA FIUZA,01916,Outros produtos e serviços da lavoura temporária
6400907,AIPO DO PERU (BATATA AIPO),01916,Outros produtos e serviços da lavoura temporária
6400908,MANDIOQUINHA,01916,Outros produtos e serviços da lavoura temporária
6401001,RABANETE,01916,Outros produtos e serviços da lavoura temporária
6401101,BETERRABA,01916,Outros produtos e serviços da lavoura temporária
6401201,CENOURA,01916,Outros produtos e serviços da lavoura temporária
6401202,CENOURA VERMELHA,01916,Outros produtos e serviços da lavoura temporária
6401203,CENOURINHA,01916,Outros produtos e serviços da lavoura temporária
6401301,NABO,01916,Outros produtos e serviços da lavoura temporária
6401303,NABO BRANCO,01916,Outros produtos e serviços da lavoura temporária
6401501,GOBO,01916,Outros produtos e serviços da lavoura temporária
6401601,ACAFRAO,01916,Outros produtos e serviços da lavoura temporária
6401701,GENGIBRE,01916,Outros produtos e serviços da lavoura temporária
6401801,BATATA INGLESA ORGANICA,01916,Outros produtos e serviços da lavoura temporária
6401803,BATATA ROSA ORGANICA,01916,Outros produtos e serviços da lavoura temporária
6401805,BATATA INGESA ROSA ORGANICA,01916,Outros produtos e serviços da lavoura temporária
6401806,BATATINHA ORGANICA,01916,Outros produtos e serviços da lavoura temporária
6401901,CENOURA ORGANICA,01916,Outros produtos e serviços da lavoura temporária
6401902,CENOURA VERMELHA ORGANICA,01916,Outros produtos e serviços da lavoura temporária
6402001,BETERRABA ORGANICA,01916,Outros produtos e serviços da lavoura temporária
6500101,CREME DE ARROZ,10934,Arroz beneficiado e produtos derivados do arroz
6500103,FARINHA DE ARROZ,10934,Arroz beneficiado e produtos derivados do arroz
6500104,ARROZINA,10934,Arroz beneficiado e produtos derivados do arroz
6500105,MUCILON,10934,Arroz beneficiado e produtos derivados do arroz
6500106,MASSA DE ARROZ,10934,Arroz beneficiado e produtos derivados do arroz
6500107,MUCILON DE ARROZ,10934,Arroz beneficiado e produtos derivados do arroz
6500108,MINGAU DE ARROZ,10934,Arroz beneficiado e produtos derivados do arroz
6500109,NUTRILON DE ARROZ,10934,Arroz beneficiado e produtos derivados do arroz
6500201,FLOCOS DE ARROZ,10934,Arroz beneficiado e produtos derivados do arroz
6500203,FLOCAO DE ARROZ,10934,Arroz beneficiado e produtos derivados do arroz
6500204,CEREAL MATINAL DE ARROZ EM FLOCOS,10934,Arroz beneficiado e produtos derivados do arroz
6500301,FARINHA DE AVEIA,10935,"Produtos derivados do trigo, mandioca ou milho"
6500401,AVEIA EM FLOCOS,10935,"Produtos derivados do trigo, mandioca ou milho"
6500402,FLOCOS DE AVEIA,10935,"Produtos derivados do trigo, mandioca ou milho"
6500403,AVEIA INSTANTANEA,10935,"Produtos derivados do trigo, mandioca ou milho"
6500404,VITAVENA,10935,"Produtos derivados do trigo, mandioca ou milho"
6500501,FARINHA DE CENTEIO,10935,"Produtos derivados do trigo, mandioca ou milho"
6500601,FUBA DE MILHO,10935,"Produtos derivados do trigo, mandioca ou milho"
6500602,FUBA,10935,"Produtos derivados do trigo, mandioca ou milho"
6500603,FARINHA DE MILHO,10935,"Produtos derivados do trigo, mandioca ou milho"
6500604,MILHARINA,10935,"Produtos derivados do trigo, mandioca ou milho"
6500605,FLOR DE MILHO,10935,"Produtos derivados do trigo, mandioca ou milho"
6500606,SEMOLA DE MILHO,10935,"Produtos derivados do trigo, mandioca ou milho"
6500607,MASSA DE MILHO,10935,"Produtos derivados do trigo, mandioca ou milho"
6500608,PUBA DE MILHO,10935,"Produtos derivados do trigo, mandioca ou milho"
6500610,MASSA DE CANJICA,10935,"Produtos derivados do trigo, mandioca ou milho"
6500611,FECULA DE MILHO,10935,"Produtos derivados do trigo, mandioca ou milho"
6500612,MUCILON DE MILHO,10935,"Produtos derivados do trigo, mandioca ou milho"
6500613,MILHO MOIDO,10935,"Produtos derivados do trigo, mandioca ou milho"
6500614,MINGAU DE MILHO,10935,"Produtos derivados do trigo, mandioca ou milho"
6500615,FARINHA DE FUBA,10935,"Produtos derivados do trigo, mandioca ou milho"
6500616,MASSA DE PUBA,10935,"Produtos derivados do trigo, mandioca ou milho"
6500617,MASSA PARA PAMONHA,10935,"Produtos derivados do trigo, mandioca ou milho"
6500618,FARINHA AMARELA,10935,"Produtos derivados do trigo, mandioca ou milho"
6500701,MAIZENA,10935,"Produtos derivados do trigo, mandioca ou milho"
6500702,AMIDO DE MILHO,10935,"Produtos derivados do trigo, mandioca ou milho"
6500703,GOMA DE MILHO,10935,"Produtos derivados do trigo, mandioca ou milho"
6500705,AMIDO DE ARROZ,10935,"Produtos derivados do trigo, mandioca ou milho"
6500706,AMIDO DE MANDIOCA,10935,"Produtos derivados do trigo, mandioca ou milho"
6500707,MILHENA NUTRIL 5,10935,"Produtos derivados do trigo, mandioca ou milho"
6500801,CREMOGEMA,10935,"Produtos derivados do trigo, mandioca ou milho"
6500802,VITAMILHO,10935,"Produtos derivados do trigo, mandioca ou milho"
6500804,CREME DE MILHO,10935,"Produtos derivados do trigo, mandioca ou milho"
6500805,CREMOGEMA VITAMINADA,10935,"Produtos derivados do trigo, mandioca ou milho"
6500901,FLOCOS DE MILHO,10935,"Produtos derivados do trigo, mandioca ou milho"
6500902,SUCRILHOS DE MILHO,10935,"Produtos derivados do trigo, mandioca ou milho"
6500903,CEREAL MATINAL DE MILHO EM FLOCOS,10935,"Produtos derivados do trigo, mandioca ou milho"
6500904,FLOCAO DE MILHO,10935,"Produtos derivados do trigo, mandioca ou milho"
6501001,FARINHA DE TRIGO,10935,"Produtos derivados do trigo, mandioca ou milho"
6501003,SEMOLINA DE TRIGO,10935,"Produtos derivados do trigo, mandioca ou milho"
6501004,FARINHA DE TRIGO COM FERMENTO,10935,"Produtos derivados do trigo, mandioca ou milho"
6501005,FECULA DE TRIGO,10935,"Produtos derivados do trigo, mandioca ou milho"
6501006,FARINHA DE TRIGO INTEGRAL,10935,"Produtos derivados do trigo, mandioca ou milho"
6501101,FARINHA DE ROSCA,10937,Outros produtos alimentares
6501201,FARINHA DE QUIBE,10935,"Produtos derivados do trigo, mandioca ou milho"
6501202,FARINHA DE TRIGO DE QUIBE,10935,"Produtos derivados do trigo, mandioca ou milho"
6501203,TRIGUILHO,10935,"Produtos derivados do trigo, mandioca ou milho"
6501205,TRIGO PARA QUIBE,10935,"Produtos derivados do trigo, mandioca ou milho"
6501301,GERME DE TRIGO,10935,"Produtos derivados do trigo, mandioca ou milho"
6501303,FIBRA DE TRIGO,10935,"Produtos derivados do trigo, mandioca ou milho"
6501304,FIBRA DE CEREAL TRIGO,10935,"Produtos derivados do trigo, mandioca ou milho"
6501401,FARINHA DE MANDIOCA,10935,"Produtos derivados do trigo, mandioca ou milho"
6501402,FARINHA DE MANDIOCA CRUA,10935,"Produtos derivados do trigo, mandioca ou milho"
6501403,FARINHA DE MANDIOCA TORRADA,10935,"Produtos derivados do trigo, mandioca ou milho"
6501404,FARINHA DE MANDIOCA BIJU,10935,"Produtos derivados do trigo, mandioca ou milho"
6501405,FARINHA DE MANDIOCA MORENA,10935,"Produtos derivados do trigo, mandioca ou milho"
6501406,FARINHA DE MANDIOCA AMARELA,10935,"Produtos derivados do trigo, mandioca ou milho"
6501407,FARINHA DE MANDIOCA BRANCA,10935,"Produtos derivados do trigo, mandioca ou milho"
6501408,FARINHA DE MANDIOCA MISTURADA,10935,"Produtos derivados do trigo, mandioca ou milho"
6501409,FARINHA DE MANDIOCA COMUM,10935,"Produtos derivados do trigo, mandioca ou milho"
6501410,FARINHA DE COPIOBA,10935,"Produtos derivados do trigo, mandioca ou milho"
6501411,FARINHA DE MESA,10935,"Produtos derivados do trigo, mandioca ou milho"
6501412,FARINHA DE CARIMA,10935,"Produtos derivados do trigo, mandioca ou milho"
6501414,MASSA DE MANDIOCA,10935,"Produtos derivados do trigo, mandioca ou milho"
6501415,FARINHA DE AGUA,10935,"Produtos derivados do trigo, mandioca ou milho"
6501416,CRUERA,10935,"Produtos derivados do trigo, mandioca ou milho"
6501417,FARINHA SECA,10935,"Produtos derivados do trigo, mandioca ou milho"
6501418,FARINHA DE MANDIOCA TEMPERADA,10935,"Produtos derivados do trigo, mandioca ou milho"
6501419,FARINHA DE MANDIOCA FLOCADA,10935,"Produtos derivados do trigo, mandioca ou milho"
6501501,FECULA DE MANDIOCA,10935,"Produtos derivados do trigo, mandioca ou milho"
6501502,GOMA DE MANDIOCA,10935,"Produtos derivados do trigo, mandioca ou milho"
6501503,POLVILHO DE MANDIOCA,10935,"Produtos derivados do trigo, mandioca ou milho"
6501504,POLVILHO AZEDO,10935,"Produtos derivados do trigo, mandioca ou milho"
6501505,SAGU DE MANDIOCA,10935,"Produtos derivados do trigo, mandioca ou milho"
6501507,CREME DE MACAXEIRA,10935,"Produtos derivados do trigo, mandioca ou milho"
6501508,GOMA DE TAPIOCA,10935,"Produtos derivados do trigo, mandioca ou milho"
6501509,TAPIOCA GOMA,10935,"Produtos derivados do trigo, mandioca ou milho"
6501510,FARINHA DE TAPIOCA,10935,"Produtos derivados do trigo, mandioca ou milho"
6501511,FARINHA BEIJU,10935,"Produtos derivados do trigo, mandioca ou milho"
6501512,POLVILHO DOCE,10935,"Produtos derivados do trigo, mandioca ou milho"
6501513,CARIMA DE MANDIOCA,10935,"Produtos derivados do trigo, mandioca ou milho"
6501514,PUBA DE MANDIOCA,10935,"Produtos derivados do trigo, mandioca ou milho"
6501515,SAGU DE TAPIOCA,10935,"Produtos derivados do trigo, mandioca ou milho"
6501516,TAPIOCA DE GOMA,10935,"Produtos derivados do trigo, mandioca ou milho"
6501517,FARINHA DE GOMA,10935,"Produtos derivados do trigo, mandioca ou milho"
6501518,FARINHA DE PUBA,10935,"Produtos derivados do trigo, mandioca ou milho"
6501519,MASSA DE TAPIOCA,10935,"Produtos derivados do trigo, mandioca ou milho"
6501601,FARINHA NAO-ESPECIFICADA,10935,"Produtos derivados do trigo, mandioca ou milho"
6501701,FARINHA DE ARARUTA,10935,"Produtos derivados do trigo, mandioca ou milho"
6501802,GOMA DE ARARUTA,10935,"Produtos derivados do trigo, mandioca ou milho"
6501901,FARINHA DE SOJA,10932,Óleos e gorduras vegetais e animais
6502001,FARINHA LACTEA,10935,"Produtos derivados do trigo, mandioca ou milho"
6502101,NESTON,10937,Outros produtos alimentares
6502102,FLOCOS DE CEREAIS,10935,"Produtos derivados do trigo, mandioca ou milho"
6502103,ALIMENTOS INFANTIS QUATRO CEREAIS,10937,Outros produtos alimentares
6502104,EXTRATO DE CEREAIS,10935,"Produtos derivados do trigo, mandioca ou milho"
6502105,VITAFLOCOS,10937,Outros produtos alimentares
6502201,MASSA DE PAO COMUM,10935,"Produtos derivados do trigo, mandioca ou milho"
6502202,MISTURA PARA PAO DE TRIGO,10935,"Produtos derivados do trigo, mandioca ou milho"
6502301,MASSA DE PAO DE QUEIJO,10937,Outros produtos alimentares
6502302,PAO DE QUEIJO SEMIPRONTO,10937,Outros produtos alimentares
6502401,MASSA DE PIZZA,10937,Outros produtos alimentares
6502402,PIZZA SEMIPRONTA,10937,Outros produtos alimentares
6502403,MINI PIZZA SEMIPRONTA,10937,Outros produtos alimentares
6502404,MASSA PARA PIZZA,10937,Outros produtos alimentares
6502501,FIBRA DE SOJA,10937,Outros produtos alimentares
6502601,MASSA DE PASTEL,10937,Outros produtos alimentares
6502602,FILHO EM MASSA PARA PASTEL,10937,Outros produtos alimentares
6502603,MINI PASTEL,10937,Outros produtos alimentares
6502604,PASTEL SEMIPRONTO,10937,Outros produtos alimentares
6502605,MASSA PARA PASTEL,10937,Outros produtos alimentares
6502701,MASSA DE NHOQUE,10937,Outros produtos alimentares
6502702,NHOQUE SEMIPRONTO,10937,Outros produtos alimentares
6502703,INHOQUE SEMIPRONTO,10937,Outros produtos alimentares
6502801,MASSA DE RAVIOLE,10937,Outros produtos alimentares
6502802,RAVIOLE SEMIPRONTO,10937,Outros produtos alimentares
6502901,MASSA DE LASANHA,10937,Outros produtos alimentares
6502902,LASANHA SEMIPRONTA,10937,Outros produtos alimentares
6502903,MACARRAO PARA LASANHA,10937,Outros produtos alimentares
6502904,MASSA PARA LASANHA,10937,Outros produtos alimentares
6502905,LASANHA A BOLONHESA SEMIPRONTA,10937,Outros produtos alimentares
6503001,MASSA DE CANELONE,10937,Outros produtos alimentares
6503002,CANELONE SEMIPRONTO,10937,Outros produtos alimentares
6503101,MASSA DE CAPELETI,10937,Outros produtos alimentares
6503102,CAPELETI SEMIPRONTO,10937,Outros produtos alimentares
6503103,ANHOLINE SEMIPRONTO,10937,Outros produtos alimentares
6503201,MACARRAO SEM OVOS,10937,Outros produtos alimentares
6503202,MACARRAO DE GLUTEN SEM OVOS,10937,Outros produtos alimentares
6503203,MACARRAO DE SEMOLA SEM OVOS,10937,Outros produtos alimentares
6503204,MACARRAO DE SEMOLINA SEM OVOS,10937,Outros produtos alimentares
6503205,MACARRAO DE SOPA SEM OVOS,10937,Outros produtos alimentares
6503206,MASSA SEM OVOS,10937,Outros produtos alimentares
6503208,MASSA DE SEMOLA SEM OVOS,10937,Outros produtos alimentares
6503209,MASSA DE SEMOLINA SEM OVOS,10937,Outros produtos alimentares
6503210,MASSA DE SOPA SEM OVOS,10937,Outros produtos alimentares
6503211,TALHARIM SEM OVOS,10937,Outros produtos alimentares
6503213,ESPAGUETE SEM OVOS,10937,Outros produtos alimentares
6503214,ALETRIA SEM OVOS,10937,Outros produtos alimentares
6503215,MACARRAO SEM COLESTEROL,10937,Outros produtos alimentares
6503216,MACARRAO VITAMINADO,10937,Outros produtos alimentares
6503217,MACARRAO PARAFUSO SEM OVOS,10937,Outros produtos alimentares
6503218,MACARRAO COM ESPINAFRE,10937,Outros produtos alimentares
6503219,MACARRAO COM CENOURA,10937,Outros produtos alimentares
6503220,MACARRAO COM MILHO,10937,Outros produtos alimentares
6503221,MACARRAO PRE-COZIDO,10937,Outros produtos alimentares
6503222,MACARRAO PASTEURIZADO,10937,Outros produtos alimentares
6503223,MACARRAO PICADO,10937,Outros produtos alimentares
6503224,MACARRAO PENNE SEM OVOS,10937,Outros produtos alimentares
6503301,MACARRAO COM OVOS,10937,Outros produtos alimentares
6503302,MACARRAO DE GLUTEN COM OVOS,10937,Outros produtos alimentares
6503303,MACARRAO DE SEMOLA COM OVOS,10937,Outros produtos alimentares
6503304,MACARRAO DE SEMOLINA COM OVOS,10937,Outros produtos alimentares
6503305,MACARRAO DE SOPA COM OVOS,10937,Outros produtos alimentares
6503306,MASSA COM OVOS,10937,Outros produtos alimentares
6503308,MASSA DE SEMOLA COM OVOS,10937,Outros produtos alimentares
6503309,MASSA DE SEMOLINA COM OVOS,10937,Outros produtos alimentares
6503310,MASSA DE SOPA COM OVOS,10937,Outros produtos alimentares
6503311,TALHARIM COM OVOS,10937,Outros produtos alimentares
6503312,SPAGHETTI COM OVOS,10937,Outros produtos alimentares
6503313,ESPAGUETE COM OVOS,10937,Outros produtos alimentares
6503314,ALETRIA COM OVOS,10937,Outros produtos alimentares
6503315,MACARRAO PARAFUSO COM OVOS,10937,Outros produtos alimentares
6503316,MACARRAO PENNE COM OVOS,10937,Outros produtos alimentares
6503401,MACARRAO (NAO-ESPECIFICADO),10937,Outros produtos alimentares
6503402,MACARRAO CASEIRO,10937,Outros produtos alimentares
6503403,MACARRAO COM SEMOLA (NAO-ESPECIFICADO),10937,Outros produtos alimentares
6503404,ESPAGUETE (NAO-ESPECIFICADO),10937,Outros produtos alimentares
6503405,MACARRAO PARAFUSO (NAO-ESPECIFICADO),10937,Outros produtos alimentares
6503406,TALHARIM (NAO-ESPECIFICADO),10937,Outros produtos alimentares
6503407,MASSA DE SEMOLA (NAO-ESPECIFICADA),10937,Outros produtos alimentares
6503408,MASSA DE SOPA (NAO-ESPECIFICADA),10937,Outros produtos alimentares
6503409,MASSA (NAO-ESPECIFICADA),10937,Outros produtos alimentares
6503410,MACARRAO NAO-ESPECIFICADO,10937,Outros produtos alimentares
6503411,MACARRAO COM SEMOLA NAO-ESPECIFICADO,10937,Outros produtos alimentares
6503412,ESPAGUETE NAO-ESPECIFICADO,10937,Outros produtos alimentares
6503413,MACARRAO PARAFUSO NAO-ESPECIFICADO,10937,Outros produtos alimentares
6503414,TALHARIM NAO-ESPECIFICADO,10937,Outros produtos alimentares
6503415,MASSA DE SEMOLA NAO-ESPECIFICADA,10937,Outros produtos alimentares
6503416,MASSA DE SOPA NAO-ESPECIFICADA,10937,Outros produtos alimentares
6503417,MASSA NAO-ESPECIFICADA,10937,Outros produtos alimentares
6503501,PURE DE BATATA EM CAIXA,10931,"Conservas de frutas, legumes, outros vegetais e sucos de frutas"
6503601,BIFE VEGETAL,10937,Outros produtos alimentares
6503602,MASSA DE SOJA,10937,Outros produtos alimentares
6503603,CARNE VEGETAL,10937,Outros produtos alimentares
6503605,CARNE DE SOJA,10937,Outros produtos alimentares
6503606,ALIMENTO DE SOJA,10937,Outros produtos alimentares
6503701,FARINHA DE AMENDOIM,10935,"Produtos derivados do trigo, mandioca ou milho"
6503702,AMENDOIM MOIDO,10935,"Produtos derivados do trigo, mandioca ou milho"
6503801,FARINHA DE PEIXE,10914,Pescado industrializado
6503802,FARINHA DE MANDI,10935,"Produtos derivados do trigo, mandioca ou milho"
6503803,PIRACUI (FARINHA DE PEIXE),10914,Pescado industrializado
6503901,FARINHA DE FEIJAO,10935,"Produtos derivados do trigo, mandioca ou milho"
6504001,FARINHA DE BANANA,10935,"Produtos derivados do trigo, mandioca ou milho"
6504101,GRANOLA,10935,"Produtos derivados do trigo, mandioca ou milho"
6504102,FLOCOS DE GRANOLA,10937,Outros produtos alimentares
6504201,MASSA DE COXINHA,10937,Outros produtos alimentares
6504202,COXINHA DE FRITAR,10937,Outros produtos alimentares
6504203,COXINHA SEMIPRONTA,10937,Outros produtos alimentares
6504501,ANGU DE MILHO SEMIPRONTO,10935,"Produtos derivados do trigo, mandioca ou milho"
6504502,POLENTA SEMIPRONTA,10937,Outros produtos alimentares
6504503,MASSA PARA POLENTA,10935,"Produtos derivados do trigo, mandioca ou milho"
6504504,MISTURA PARA POLENTA,10935,"Produtos derivados do trigo, mandioca ou milho"
6504505,POLENTINA,10937,Outros produtos alimentares
6504701,MIX DE CEREAIS,10937,Outros produtos alimentares
6504801,MIOJO,10937,Outros produtos alimentares
6504802,MACARRAO INSTANTANEO,10937,Outros produtos alimentares
6504803,MASSA INSTANTANEA,10937,Outros produtos alimentares
6504901,MACARRAO INTEGRAL,10937,Outros produtos alimentares
6505001,FARINHA VITAMINADA,10937,Outros produtos alimentares
6505002,FARINHA DE CEREAIS VITAMINADA,10937,Outros produtos alimentares
6505101,SUSTAGEM,10937,Outros produtos alimentares
6505102,NOVOMILK EM PO,10937,Outros produtos alimentares
6505601,PROTEINA DE SOJA,10937,Outros produtos alimentares
6505602,COMPLEMENTO VITAMINICO DE SOJA,10937,Outros produtos alimentares
6505603,PROTEINA VEGETAL,10937,Outros produtos alimentares
6505701,COMPLEMENTO ALIMENTAR DE QUALQUER SABOR,10937,Outros produtos alimentares
6505702,COMPOSTO ALIMENTAR DE QUALQUER SABOR,10937,Outros produtos alimentares
6505903,CEREAL MATINAL DE MILHO EM FLOCOS LIGHT,10937,Outros produtos alimentares
6506001,MASSA DE PIZZA LIGHT,10937,Outros produtos alimentares
6506002,PIZZA SEMIPRONTA LIGHT,10937,Outros produtos alimentares
6506003,MINI PIZZA SEMIPRONTA LIGHT,10937,Outros produtos alimentares
6506202,LASANHA SEMIPRONTA LIGHT,10937,Outros produtos alimentares
6506301,MIOJO LIGHT,10937,Outros produtos alimentares
6506302,MACARRAO INSTANTANEO LIGHT,10937,Outros produtos alimentares
6506401,PROTEINA DE SOJA ORGANICA,10937,Outros produtos alimentares
6506501,FECULA DE BATATA,10931,"Conservas de frutas, legumes, outros vegetais e sucos de frutas"
6506601,FAGOTINI,10937,Outros produtos alimentares
6506701,MASSA DE PANQUECA,10937,Outros produtos alimentares
6506801,FARINHA DE LINHACA,10935,"Produtos derivados do trigo, mandioca ou milho"
6506901,MACARRAO SEMI PRONTO,10937,Outros produtos alimentares
6507001,MASSA DE EMPADA (EMPADA SEMIPRONTA),10937,Outros produtos alimentares
6507101,FARINHA DE MARACUJA,10935,"Produtos derivados do trigo, mandioca ou milho"
6600101,COCO DA BAHIA,01919,Outros produtos da lavoura permanente
6600102,COCO DA PRAIA,01919,Outros produtos da lavoura permanente
6600104,COCO DA BAHIA SECO,01919,Outros produtos da lavoura permanente
6600105,COCO DA BAHIA VERDE,01919,Outros produtos da lavoura permanente
6600201,COCO RALADO INDUSTRIALIZADO,10931,"Conservas de frutas, legumes, outros vegetais e sucos de frutas"
6600301,CASTANHA PORTUGUESA,02801,Produtos da exploração florestal e da silvicultura
6600401,PINHAO,02801,Produtos da exploração florestal e da silvicultura
6600403,PINHA DO PARANA (PINHAO),02801,Produtos da exploração florestal e da silvicultura
6600501,AMENDOA,01919,Outros produtos da lavoura permanente
6600601,AVELA,01919,Outros produtos da lavoura permanente
6600701,CASTANHA DO PARA,01919,Outros produtos da lavoura permanente
6600801,CASTANHA DE CAJU,01919,Outros produtos da lavoura permanente
6600901,COCO OURICURI,02801,Produtos da exploração florestal e da silvicultura
6600904,NICURI,02801,Produtos da exploração florestal e da silvicultura
6600906,COCO ARICURI,02801,Produtos da exploração florestal e da silvicultura
6600907,COCO ALICURI,02801,Produtos da exploração florestal e da silvicultura
6600909,COCO NICURI,02801,Produtos da exploração florestal e da silvicultura
6600910,OURICURI,02801,Produtos da exploração florestal e da silvicultura
6600911,ARICURI,02801,Produtos da exploração florestal e da silvicultura
6601002,COCO BABACU,02801,Produtos da exploração florestal e da silvicultura
6601005,BABACU,02801,Produtos da exploração florestal e da silvicultura
6601103,COCO DE NATAL,02801,Produtos da exploração florestal e da silvicultura
6601108,TUCUMA,02801,Produtos da exploração florestal e da silvicultura
6601211,MACAUBA,02801,Produtos da exploração florestal e da silvicultura
6601212,MACAIBA,02801,Produtos da exploração florestal e da silvicultura
6601213,BOCAIUVA,02801,Produtos da exploração florestal e da silvicultura
6601303,DENDE,01919,Outros produtos da lavoura permanente
6601403,COCO AMARGOSO,02801,Produtos da exploração florestal e da silvicultura
6601501,NOZ,01919,Outros produtos da lavoura permanente
6601603,COCO NAJA,02801,Produtos da exploração florestal e da silvicultura
6601701,ACAI EM EMULSAO,10931,"Conservas de frutas, legumes, outros vegetais e sucos de frutas"
6601706,ACAI,01919,Outros produtos da lavoura permanente
6601707,JUCARA,01919,Outros produtos da lavoura permanente
6601711,ACAI FRUTA,02801,Produtos da exploração florestal e da silvicultura
6601712,JUSSARA,02801,Produtos da exploração florestal e da silvicultura
6601713,EMULSAO DE ACAI,10931,"Conservas de frutas, legumes, outros vegetais e sucos de frutas"
6601714,ACAI EM PAPA,10931,"Conservas de frutas, legumes, outros vegetais e sucos de frutas"
6601715,PAPA DE ACAI,10931,"Conservas de frutas, legumes, outros vegetais e sucos de frutas"
6601716,VINHO DE ACAI,11001,Bebidas
6601801,COCO DE PUPUNHA,02801,Produtos da exploração florestal e da silvicultura
6601805,PUPUNHA,02801,Produtos da exploração florestal e da silvicultura
6601902,BACABA,02801,Produtos da exploração florestal e da silvicultura
6601909,BACABA EM EMULSAO,10931,"Conservas de frutas, legumes, outros vegetais e sucos de frutas"
6601911,EMULSAO DE BACABA,10931,"Conservas de frutas, legumes, outros vegetais e sucos de frutas"
6601912,BACABA EM PAPA,10931,"Conservas de frutas, legumes, outros vegetais e sucos de frutas"
6602101,COCO BURITI,02801,Produtos da exploração florestal e da silvicultura
6602102,MASSA DE BURITI,10931,"Conservas de frutas, legumes, outros vegetais e sucos de frutas"
6602104,BURITI (COCO),02801,Produtos da exploração florestal e da silvicultura
6602201,PISTACHE,01919,Outros produtos da lavoura permanente
6602301,BURITI EM EMULSAO,10931,"Conservas de frutas, legumes, outros vegetais e sucos de frutas"
6602302,VINHO DE BURITI,11001,Bebidas
6602303,BURITI EM PAPA,10931,"Conservas de frutas, legumes, outros vegetais e sucos de frutas"
6602304,PAPA DE BURITI,10931,"Conservas de frutas, legumes, outros vegetais e sucos de frutas"
6602401,COCO NAO-ESPECIFICADO,01919,Outros produtos da lavoura permanente
6602501,CASTANHA NAO-ESPECIFICADA,01919,Outros produtos da lavoura permanente
6602601,PATAUA EM EMULSAO,10931,"Conservas de frutas, legumes, outros vegetais e sucos de frutas"
6602602,EMULSAO DE PATAUA,10931,"Conservas de frutas, legumes, outros vegetais e sucos de frutas"
6602604,VINHO DE PATAUA,11001,Bebidas
6602701,NOZ (NOGUEIRA),01919,Outros produtos da lavoura permanente
6602801,PATAUA (COCO),02801,Produtos da exploração florestal e da silvicultura
6700101,ALFACE,01916,Outros produtos e serviços da lavoura temporária
6700103,ALFACE REPOLHUDA,01916,Outros produtos e serviços da lavoura temporária
6700104,ALFACE AMARGA,01916,Outros produtos e serviços da lavoura temporária
6700105,ALFACE CRESPA,01916,Outros produtos e serviços da lavoura temporária
6700107,ALFACE MANTEIGA,01916,Outros produtos e serviços da lavoura temporária
6700108,ALFACE LISA,01916,Outros produtos e serviços da lavoura temporária
6700109,ALFACE AMERICANA,01916,Outros produtos e serviços da lavoura temporária
6700110,ALFACE HIDROPONICA,01916,Outros produtos e serviços da lavoura temporária
6700111,ALFACE ROXA,01916,Outros produtos e serviços da lavoura temporária
6700112,ALFACE BRANCA,01916,Outros produtos e serviços da lavoura temporária
6700113,ALFACE MIMOSA,01916,Outros produtos e serviços da lavoura temporária
6700201,BERTALHA,01916,Outros produtos e serviços da lavoura temporária
6700301,CHICORIA,01916,Outros produtos e serviços da lavoura temporária
6700302,CHICORIA CRESPA,01916,Outros produtos e serviços da lavoura temporária
6700304,ESCAROLA,01916,Outros produtos e serviços da lavoura temporária
6700401,COENTRO (VERDURA),01916,Outros produtos e serviços da lavoura temporária
6700402,COENTRO EM FOLHA,01916,Outros produtos e serviços da lavoura temporária
6700501,COUVE,01916,Outros produtos e serviços da lavoura temporária
6700502,COUVE MANTEIGA,01916,Outros produtos e serviços da lavoura temporária
6700503,COUVE REPOLHUDA,01916,Outros produtos e serviços da lavoura temporária
6700505,COUVE CRESPA,01916,Outros produtos e serviços da lavoura temporária
6700506,COUVE DE FOLHAS,01916,Outros produtos e serviços da lavoura temporária
6700507,COUVE PICADA,01916,Outros produtos e serviços da lavoura temporária
6700601,COUVE FLOR,01916,Outros produtos e serviços da lavoura temporária
6700701,ESPINAFRE,01916,Outros produtos e serviços da lavoura temporária
6700702,ESPINAFRE JAPONES,01916,Outros produtos e serviços da lavoura temporária
6700801,MOSTARDA (VERDURA),01916,Outros produtos e serviços da lavoura temporária
6700802,MOSTARDA EM FOLHA,01916,Outros produtos e serviços da lavoura temporária
6700901,REPOLHO,01916,Outros produtos e serviços da lavoura temporária
6700902,REPOLHO BRANCO,01916,Outros produtos e serviços da lavoura temporária
6700903,REPOLHO ROXO,01916,Outros produtos e serviços da lavoura temporária
6700904,REPOLHO VERDE,01916,Outros produtos e serviços da lavoura temporária
6700905,REPOLHO LISO,01916,Outros produtos e serviços da lavoura temporária
6701001,SALSA,01916,Outros produtos e serviços da lavoura temporária
6701002,SALSINHA,01916,Outros produtos e serviços da lavoura temporária
6701003,SALSINHA VERDE,01916,Outros produtos e serviços da lavoura temporária
6701101,CEBOLINHA,01916,Outros produtos e serviços da lavoura temporária
6701102,CEBOLINHA VERDE,01916,Outros produtos e serviços da lavoura temporária
6701103,CEBOLINHA DE TODO O ANO,01916,Outros produtos e serviços da lavoura temporária
6701104,CEBOLA DE TODO O ANO (CEBOLINHA VERDE),01916,Outros produtos e serviços da lavoura temporária
6701201,CHEIRO VERDE,01916,Outros produtos e serviços da lavoura temporária
6701202,SALSA E CEBOLINHA,01916,Outros produtos e serviços da lavoura temporária
6701203,COENTRO E CEBOLINHA,01916,Outros produtos e serviços da lavoura temporária
6701204,TEMPERO VERDE,01916,Outros produtos e serviços da lavoura temporária
6701301,AGRIAO,01916,Outros produtos e serviços da lavoura temporária
6701302,AGRIAO COMUM,01916,Outros produtos e serviços da lavoura temporária
6701303,AGRIAO DAS HORTAS,01916,Outros produtos e serviços da lavoura temporária
6701304,AGRIAO DE AGUA,01916,Outros produtos e serviços da lavoura temporária
6701305,AGRIAO ORDINARIO,01916,Outros produtos e serviços da lavoura temporária
6701308,AGRIAO HIDROPONICO,01916,Outros produtos e serviços da lavoura temporária
6701401,TAIOBA,01916,Outros produtos e serviços da lavoura temporária
6701501,ACELGA,01916,Outros produtos e serviços da lavoura temporária
6701502,SELGA,01916,Outros produtos e serviços da lavoura temporária
6701505,BETERRABA BRANCA (ACELGA),01916,Outros produtos e serviços da lavoura temporária
6701601,ALMEIRAO,01916,Outros produtos e serviços da lavoura temporária
6701602,RADITE,01916,Outros produtos e serviços da lavoura temporária
6701603,CHICORIA AMARGA (ALMEIRAO),01916,Outros produtos e serviços da lavoura temporária
6701604,CHICORIA SELVAGEM (ALMEIRAO),01916,Outros produtos e serviços da lavoura temporária
6701605,ALMEIRAO ROXO,01916,Outros produtos e serviços da lavoura temporária
6701701,COUVE BROCOLOS,01916,Outros produtos e serviços da lavoura temporária
6701702,COUVE BROCOLIS,01916,Outros produtos e serviços da lavoura temporária
6701703,BROCOLOS,01916,Outros produtos e serviços da lavoura temporária
6701704,BROCOLIS,01916,Outros produtos e serviços da lavoura temporária
6701705,BROCOLIS HIBRIDO,01916,Outros produtos e serviços da lavoura temporária
6701706,BROCOLIS JAPONES,01916,Outros produtos e serviços da lavoura temporária
6701801,SERRALHA,01916,Outros produtos e serviços da lavoura temporária
6701901,CARURU,01916,Outros produtos e serviços da lavoura temporária
6701906,CUXA,01916,Outros produtos e serviços da lavoura temporária
6701907,VINAGREIRA,01916,Outros produtos e serviços da lavoura temporária
6701912,QUIABO DE ANGOLA (CARURU),01916,Outros produtos e serviços da lavoura temporária
6701913,CARIRU,01916,Outros produtos e serviços da lavoura temporária
6702001,RUCULA,01916,Outros produtos e serviços da lavoura temporária
6702002,RUCOLA,01916,Outros produtos e serviços da lavoura temporária
6702101,JAMBUACU,01916,Outros produtos e serviços da lavoura temporária
6702105,JAMBU,01916,Outros produtos e serviços da lavoura temporária
6702205,JOAO GOMES,01916,Outros produtos e serviços da lavoura temporária
6702207,LINGUA DE VACA EM FOLHA,01916,Outros produtos e serviços da lavoura temporária
6702301,ALCACHOFRA,01916,Outros produtos e serviços da lavoura temporária
6702501,BREDO,01916,Outros produtos e serviços da lavoura temporária
6702604,SALSAO (AIPO),01916,Outros produtos e serviços da lavoura temporária
6702701,COUVE CHINESA,01916,Outros produtos e serviços da lavoura temporária
6702801,ERVA DOCE,01916,Outros produtos e serviços da lavoura temporária
6702802,FUNCHO,01916,Outros produtos e serviços da lavoura temporária
6702803,FUNCHO DE FLORENCA,01916,Outros produtos e serviços da lavoura temporária
6703001,FOLHA DE MANDIOCA,01916,Outros produtos e serviços da lavoura temporária
6703101,BROTO DE FEIJAO,01916,Outros produtos e serviços da lavoura temporária
6703102,MOYASHI,01916,Outros produtos e serviços da lavoura temporária
6703201,BROTO DE BAMBU,01916,Outros produtos e serviços da lavoura temporária
6703301,ABOBORA MOGANGA,01916,Outros produtos e serviços da lavoura temporária
6703302,ABOBORA MOCANGA,01916,Outros produtos e serviços da lavoura temporária
6703303,ABOBORA MORANGA,01916,Outros produtos e serviços da lavoura temporária
6703304,ABOBORA CARNEIRA,01916,Outros produtos e serviços da lavoura temporária
6703305,ABOBORA DE PORCO,01916,Outros produtos e serviços da lavoura temporária
6703306,MORANGA,01916,Outros produtos e serviços da lavoura temporária
6703307,MORANGA JAPONESA,01916,Outros produtos e serviços da lavoura temporária
6703308,MORANGA CABUTIA,01916,Outros produtos e serviços da lavoura temporária
6703309,ABOBORA MORANGUINHA,01916,Outros produtos e serviços da lavoura temporária
6703310,ABOBORA JAPONESA,01916,Outros produtos e serviços da lavoura temporária
6703401,ABOBORA MENINA,01916,Outros produtos e serviços da lavoura temporária
6703402,ABOBORA GRANDE,01916,Outros produtos e serviços da lavoura temporária
6703404,ABOBORA BAIANA,01916,Outros produtos e serviços da lavoura temporária
6703405,ABOBORA VERMELHA,01916,Outros produtos e serviços da lavoura temporária
6703407,ABOBORA MARANHAO,01916,Outros produtos e serviços da lavoura temporária
6703501,ABOBORA MELAO,01916,Outros produtos e serviços da lavoura temporária
6703601,ABOBORA DE AGUA,01916,Outros produtos e serviços da lavoura temporária
6703602,ABOBORA DAGUA VERDE,01916,Outros produtos e serviços da lavoura temporária
6703604,ABOBORA DAGUA,01916,Outros produtos e serviços da lavoura temporária
6703605,ABOBORA DA AGUA,01916,Outros produtos e serviços da lavoura temporária
6703701,ABOBRINHA,01916,Outros produtos e serviços da lavoura temporária
6703702,ABOBRINHA VERDE,01916,Outros produtos e serviços da lavoura temporária
6703703,ABOBRINHA ITALIANA,01916,Outros produtos e serviços da lavoura temporária
6703704,ABOBRINHA BRASILEIRA,01916,Outros produtos e serviços da lavoura temporária
6703705,ABOBORA JAPONESA (ABOBRINHA),01916,Outros produtos e serviços da lavoura temporária
6703706,ABOBORA BAIANINHA (ABOBRINHA),01916,Outros produtos e serviços da lavoura temporária
6703707,CAXI,01916,Outros produtos e serviços da lavoura temporária
6703709,ABOBORA VERDE,01916,Outros produtos e serviços da lavoura temporária
6703801,ABOBORA DE PESCOCO,01916,Outros produtos e serviços da lavoura temporária
6703802,ABOBORA DE CABOCLO,01916,Outros produtos e serviços da lavoura temporária
6703804,ABOBORA JACARE,01916,Outros produtos e serviços da lavoura temporária
6703805,JERIMUM,01916,Outros produtos e serviços da lavoura temporária
6703806,JERIMUM DE LEITE,01916,Outros produtos e serviços da lavoura temporária
6703807,JERIMUM CABOCLO,01916,Outros produtos e serviços da lavoura temporária
6703808,JERIMUM JACAREZINHO,01916,Outros produtos e serviços da lavoura temporária
6703809,ABOBORA CABOCLO,01916,Outros produtos e serviços da lavoura temporária
6703810,ABOBORA DE LEITE,01916,Outros produtos e serviços da lavoura temporária
6703901,ABOBORA,01916,Outros produtos e serviços da lavoura temporária
6703902,ABOBORA COMUM,01916,Outros produtos e serviços da lavoura temporária
6703903,ABOBORA MADURA,01916,Outros produtos e serviços da lavoura temporária
6704001,PEPINO,01916,Outros produtos e serviços da lavoura temporária
6704101,CHUCHU,01916,Outros produtos e serviços da lavoura temporária
6704102,MACHUCHU (CHUCHU),01916,Outros produtos e serviços da lavoura temporária
6704105,MACHUCHO (CHUCHU),01916,Outros produtos e serviços da lavoura temporária
6704201,JILO,01916,Outros produtos e serviços da lavoura temporária
6704202,JILO PAULISTA,01916,Outros produtos e serviços da lavoura temporária
6704204,JILO PRETO,01916,Outros produtos e serviços da lavoura temporária
6704301,MAXIXE,01916,Outros produtos e serviços da lavoura temporária
6704306,PEPININHO (MAXIXE),01916,Outros produtos e serviços da lavoura temporária
6704401,PALMITO IN NATURA,02801,Produtos da exploração florestal e da silvicultura
6704402,PALMITO DOCE IN NATURA,02801,Produtos da exploração florestal e da silvicultura
6704406,PALMITO ACAI IN NATURA,02801,Produtos da exploração florestal e da silvicultura
6704407,PALMITO JUCARA IN NATURA,02801,Produtos da exploração florestal e da silvicultura
6704409,GUARIROBA (PALMITO IN NATURA),02801,Produtos da exploração florestal e da silvicultura
6704410,GUEIROBA (PALMITO IN NATURA),02801,Produtos da exploração florestal e da silvicultura
6704411,GUEROBA (PALMITO IN NATURA),02801,Produtos da exploração florestal e da silvicultura
6704501,PIMENTAO,01916,Outros produtos e serviços da lavoura temporária
6704502,PIMENTAO VERDE,01916,Outros produtos e serviços da lavoura temporária
6704503,PIMENTAO MADURO,01916,Outros produtos e serviços da lavoura temporária
6704504,PIMENTAO AMARELO,01916,Outros produtos e serviços da lavoura temporária
6704505,PIMENTAO VERMELHO,01916,Outros produtos e serviços da lavoura temporária
6704601,PIMENTA MALAGUETA,01916,Outros produtos e serviços da lavoura temporária
6704602,PIMENTA CUMARI IN NATURA,01916,Outros produtos e serviços da lavoura temporária
6704606,PIMENTA BRANCA IN NATURA,01916,Outros produtos e serviços da lavoura temporária
6704608,PIMENTA CHIFRE DE VEADO IN NATURA,01916,Outros produtos e serviços da lavoura temporária
6704701,PIMENTA DE CHEIRO,01916,Outros produtos e serviços da lavoura temporária
6704704,PIMENTA CABACINHA IN NATURA,01916,Outros produtos e serviços da lavoura temporária
6704705,PIMENTA MURUPI IN NATURA,01916,Outros produtos e serviços da lavoura temporária
6704706,PIMENTA BODE IN NATURA,01916,Outros produtos e serviços da lavoura temporária
6704707,PIMENTA DOCE IN NATURA,01916,Outros produtos e serviços da lavoura temporária
6704712,PIMENTA CHEIROSA,01916,Outros produtos e serviços da lavoura temporária
6704803,PIMENTA CUMARI MIUDA IN NATURA,01916,Outros produtos e serviços da lavoura temporária
6704804,PIMENTINHA CUMARI,01916,Outros produtos e serviços da lavoura temporária
6704901,CEBOLINHA BRANCA,01916,Outros produtos e serviços da lavoura temporária
6705001,QUIABO,01916,Outros produtos e serviços da lavoura temporária
6705101,TOMATE,01916,Outros produtos e serviços da lavoura temporária
6705102,TOMATE PAULISTA,01916,Outros produtos e serviços da lavoura temporária
6705103,TOMATE MACA,01916,Outros produtos e serviços da lavoura temporária
6705104,TOMATE PERA,01916,Outros produtos e serviços da lavoura temporária
6705105,TOMATE JAPONES,01916,Outros produtos e serviços da lavoura temporária
6705106,TOMATE VERDE,01916,Outros produtos e serviços da lavoura temporária
6705107,TOMATE CAQUI,01916,Outros produtos e serviços da lavoura temporária
6705108,TOMATE CEREJA,01916,Outros produtos e serviços da lavoura temporária
6705109,TOMATE SALADA,01916,Outros produtos e serviços da lavoura temporária
6705201,VAGEM,01916,Outros produtos e serviços da lavoura temporária
L,VAGEM MANTEIGA,01916,Outros produtos e serviços da lavoura temporária
6705203,FEIJAO VERDE EM VAGEM,01916,Outros produtos e serviços da lavoura temporária
6705204,FEIJAO VAGEM,01916,Outros produtos e serviços da lavoura temporária
6705301,COGUMELO IN NATURA,02801,Produtos da exploração florestal e da silvicultura
6705401,BERINJELA,01916,Outros produtos e serviços da lavoura temporária
6705501,ERVILHA EM VAGEM,01916,Outros produtos e serviços da lavoura temporária
6705502,ERVILHA DE VAGEM,01916,Outros produtos e serviços da lavoura temporária
6705601,CABACA,01916,Outros produtos e serviços da lavoura temporária
6705701,CEBOLA,01916,Outros produtos e serviços da lavoura temporária
6705702,CEBOLA CABECA BRANCA,01916,Outros produtos e serviços da lavoura temporária
6705703,CEBOLA BRANCA,01916,Outros produtos e serviços da lavoura temporária
6705704,CEBOLA ROXA,01916,Outros produtos e serviços da lavoura temporária
6705706,CEBOLA PERA,01916,Outros produtos e serviços da lavoura temporária
6705707,CEBOLA GIGANTE,01916,Outros produtos e serviços da lavoura temporária
6705708,CEBOLA VERMELHA,01916,Outros produtos e serviços da lavoura temporária
6705710,CEBOLA EM CABECA BRANCA,01916,Outros produtos e serviços da lavoura temporária
6705711,CEBOLA ARGENTINA,01916,Outros produtos e serviços da lavoura temporária
6705712,CEBOLA DE CABECA,01916,Outros produtos e serviços da lavoura temporária
6705713,CEBOLA AMARELA,01916,Outros produtos e serviços da lavoura temporária
6705714,CEBOLA NACIONAL,01916,Outros produtos e serviços da lavoura temporária
6705801,CATALONHA,01916,Outros produtos e serviços da lavoura temporária
6705802,CATALONIA,01916,Outros produtos e serviços da lavoura temporária
6705901,COUVE RABANO,01916,Outros produtos e serviços da lavoura temporária
6705904,COLORABA,01916,Outros produtos e serviços da lavoura temporária
6705906,COUVE RABANA,01916,Outros produtos e serviços da lavoura temporária
6706001,NIRA,01916,Outros produtos e serviços da lavoura temporária
6706101,JARDINEIRA (SELETA),10931,"Conservas de frutas, legumes, outros vegetais e sucos de frutas"
6706201,ALHO,01916,Outros produtos e serviços da lavoura temporária
6706202,ALHO ROXO,01916,Outros produtos e serviços da lavoura temporária
6706203,ALHO BRANCO,01916,Outros produtos e serviços da lavoura temporária
6706204,ALHO ARGENTINO,01916,Outros produtos e serviços da lavoura temporária
6706205,ALHO A GRANEL,01916,Outros produtos e serviços da lavoura temporária
6706206,ALHO CABECA,01916,Outros produtos e serviços da lavoura temporária
6706207,ALHO EM CABECA,01916,Outros produtos e serviços da lavoura temporária
6706208,ALHO DESCASCADO,01916,Outros produtos e serviços da lavoura temporária
6706301,ALHO PORRO,01916,Outros produtos e serviços da lavoura temporária
6706401,ABOBORA PAULISTA,01916,Outros produtos e serviços da lavoura temporária
6706501,ABOBORA CABOTIAN,01916,Outros produtos e serviços da lavoura temporária
6706502,ABOBORA CABOTIA,01916,Outros produtos e serviços da lavoura temporária
6706503,ABOBORA CABUTIA,01916,Outros produtos e serviços da lavoura temporária
6706504,ABOBORA CABUTIAN,01916,Outros produtos e serviços da lavoura temporária
6706505,ABOBORA KABUTIA,01916,Outros produtos e serviços da lavoura temporária
6706701,ABOBORA GOIANINHA,01916,Outros produtos e serviços da lavoura temporária
6706801,ABOBORA HIBRIDA,01916,Outros produtos e serviços da lavoura temporária
6706901,ABOBORA SECA,01916,Outros produtos e serviços da lavoura temporária
6707001,ABOBRINHA CAIPIRA,01916,Outros produtos e serviços da lavoura temporária
6707101,ABOBRINHA BRANCA,01916,Outros produtos e serviços da lavoura temporária
6707201,ABOBRINHA MIRIM,01916,Outros produtos e serviços da lavoura temporária
6707301,BROTO DE ALFAFA,01916,Outros produtos e serviços da lavoura temporária
6707402,ALECRIM,01916,Outros produtos e serviços da lavoura temporária
6707601,PIMENTA IN NATURA NAO-DISCRIMINADA,01916,Outros produtos e serviços da lavoura temporária
6707602,PIMENTA IN NATURA (NAO-DISCRIMINADA),01916,Outros produtos e serviços da lavoura temporária
6707603,PIMENTA NAO ESPECIFICADA IN NATURA,01916,Outros produtos e serviços da lavoura temporária
6707801,ALFACE ORGANICA,01916,Outros produtos e serviços da lavoura temporária
6707804,ALFACE AMARGA ORGANICA,01916,Outros produtos e serviços da lavoura temporária
6707805,ALFACE CRESPA ORGANICA,01916,Outros produtos e serviços da lavoura temporária
6707808,ALFACE LISA ORGANICA,01916,Outros produtos e serviços da lavoura temporária
6707809,ALFACE AMERICANA ORGANICA,01916,Outros produtos e serviços da lavoura temporária
6707810,ALFACE HIDROPONICA ORGANICA,01916,Outros produtos e serviços da lavoura temporária
6707811,ALFACE ROXA ORGANICA,01916,Outros produtos e serviços da lavoura temporária
6707812,ALFACE LISA HIDRORGANICA,01916,Outros produtos e serviços da lavoura temporária
6707901,TOMATE ORGANICO,01916,Outros produtos e serviços da lavoura temporária
6707902,TOMATE PAULISTA ORGANICO,01916,Outros produtos e serviços da lavoura temporária
6708001,PIMENTAO ORGANICO,01916,Outros produtos e serviços da lavoura temporária
6708002,PIMENTAO VERDE ORGANICO,01916,Outros produtos e serviços da lavoura temporária
6708003,PIMENTAO MADURO ORGANICO,01916,Outros produtos e serviços da lavoura temporária
6708101,BROCOLIS ORGANICO,01916,Outros produtos e serviços da lavoura temporária
6708201,COUVE ORGANICA,01916,Outros produtos e serviços da lavoura temporária
6708301,HORTELA (MOLHO),01916,Outros produtos e serviços da lavoura temporária
6708302,HORTELA EM FOLHA,01916,Outros produtos e serviços da lavoura temporária
6708401,ESPINAFRE ORGANICO,01916,Outros produtos e serviços da lavoura temporária
6708501,PIMENTA DEDO DE MOCA,01916,Outros produtos e serviços da lavoura temporária
6708601,VAGEM ORGANICA,01916,Outros produtos e serviços da lavoura temporária
6708801,PIMENTA CAMBUCI,01916,Outros produtos e serviços da lavoura temporária
6708901,COLONIA (CAPIM),01916,Outros produtos e serviços da lavoura temporária
6709001,SALSA ORGANICA,01916,Outros produtos e serviços da lavoura temporária
6709101,ALMEIRAO ORGANICO,01916,Outros produtos e serviços da lavoura temporária
6709201,ALFAVACA (MOLHO),01916,Outros produtos e serviços da lavoura temporária
6709301,FOLHA DE CENOURA,01916,Outros produtos e serviços da lavoura temporária
6709401,MANGERICAO,01916,Outros produtos e serviços da lavoura temporária
6709402,MANGERICAO ROXO,01916,Outros produtos e serviços da lavoura temporária
6709501,MANJERONA,10937,Outros produtos alimentares
6709601,CAPIM SANTO,01916,Outros produtos e serviços da lavoura temporária
6709602,CAPIM LIMAO,01916,Outros produtos e serviços da lavoura temporária
6709701,OREGANO (MOLHO),01916,Outros produtos e serviços da lavoura temporária
6709801,RUCULA ORGANICA,01916,Outros produtos e serviços da lavoura temporária
6709901,ASPARGO (IN NATURA),01916,Outros produtos e serviços da lavoura temporária
6710001,FOLHA DE CEBOLA,01916,Outros produtos e serviços da lavoura temporária
6710101,MASTRUZ,01916,Outros produtos e serviços da lavoura temporária
6710102,MENTRUZ,01916,Outros produtos e serviços da lavoura temporária
6710103,MASTRUCO,01916,Outros produtos e serviços da lavoura temporária
6710201,COUVE DE BRUXELAS,01916,Outros produtos e serviços da lavoura temporária
6710301,AGRIAO ORGANICO,01916,Outros produtos e serviços da lavoura temporária
6710401,REPOLHO ORGANICO,01916,Outros produtos e serviços da lavoura temporária
6710501,JILO ORGANICO,01916,Outros produtos e serviços da lavoura temporária
6710601,PEPINO ORGANICO,01916,Outros produtos e serviços da lavoura temporária
6710701,ORA PRO NOBIS,01916,Outros produtos e serviços da lavoura temporária
6710801,CAMOMILA (EM FOLHA),01916,Outros produtos e serviços da lavoura temporária
6710901,CARQUEJA (EM FOLHA),01916,Outros produtos e serviços da lavoura temporária
6800101,BANANA DE AGUA,01919,Outros produtos da lavoura permanente
6800102,BANANA NANICA,01919,Outros produtos da lavoura permanente
6800103,BANANA DA CHINA,01919,Outros produtos da lavoura permanente
6800105,BANANA MANGALO,01919,Outros produtos da lavoura permanente
6800106,BANANA INGLESA,01919,Outros produtos da lavoura permanente
6800107,BANANA TATU,01919,Outros produtos da lavoura permanente
6800108,BANANA PETICA,01919,Outros produtos da lavoura permanente
6800109,BANANA CATARINA,01919,Outros produtos da lavoura permanente
6800110,BANANA CHORONA,01919,Outros produtos da lavoura permanente
6800111,BANANA PEROA,01919,Outros produtos da lavoura permanente
6800112,BANANA CASCA VERDE,01919,Outros produtos da lavoura permanente
6800115,BANANA CATURRA,01919,Outros produtos da lavoura permanente
6800116,BANANA ANA,01919,Outros produtos da lavoura permanente
6800117,BANANA DAGUA,01919,Outros produtos da lavoura permanente
6800201,BANANA PRATA,01919,Outros produtos da lavoura permanente
6800203,BANANA AMARELA,01919,Outros produtos da lavoura permanente
6800205,BANANA BRANCA,01919,Outros produtos da lavoura permanente
6800208,BANANA DA PRATA,01919,Outros produtos da lavoura permanente
6800301,BANANA OURO,01919,Outros produtos da lavoura permanente
6800303,BANANA DOURADA,01919,Outros produtos da lavoura permanente
6800305,BANANA INAJA,01919,Outros produtos da lavoura permanente
6800306,BANANA MARIQUINHA,01919,Outros produtos da lavoura permanente
6800308,BANANA REAL,01919,Outros produtos da lavoura permanente
6800310,BANANINHA,01919,Outros produtos da lavoura permanente
6800311,BANANA CANELA,01919,Outros produtos da lavoura permanente
6800401,BANANA MACA,01919,Outros produtos da lavoura permanente
6800404,BANANA LEITE,01919,Outros produtos da lavoura permanente
6800405,BANANA MACA PAINA,01919,Outros produtos da lavoura permanente
6800407,BANANA PERA,01919,Outros produtos da lavoura permanente
6800501,BANANA FIGO,01919,Outros produtos da lavoura permanente
6800502,BANANA ABOBORA,01919,Outros produtos da lavoura permanente
6800505,BANANA BABONA,01919,Outros produtos da lavoura permanente
6800506,BANANA CACAU,01919,Outros produtos da lavoura permanente
6800507,BANANA CAFE,01919,Outros produtos da lavoura permanente
6800508,BANANA CAIXAO,01919,Outros produtos da lavoura permanente
6800512,BANANA CASCA GROSSA,01919,Outros produtos da lavoura permanente
6800515,BANANA CORUJA,01919,Outros produtos da lavoura permanente
6800521,BANANA MURICI,01919,Outros produtos da lavoura permanente
6800522,BANANA PAO,01919,Outros produtos da lavoura permanente
6800526,BANANA ROSA,01919,Outros produtos da lavoura permanente
6800527,BANANA SAPA,01919,Outros produtos da lavoura permanente
6800529,BANANA TANJA,01919,Outros produtos da lavoura permanente
6800530,BANANA TRES QUINAS,01919,Outros produtos da lavoura permanente
6800532,MASSA DE BANANA,10935,"Produtos derivados do trigo, mandioca ou milho"
6800601,BANANA MARMELO,01919,Outros produtos da lavoura permanente
6800701,BANANA ROXA,01919,Outros produtos da lavoura permanente
6800902,BANANA CURTA,01919,Outros produtos da lavoura permanente
6801001,BANANA DA TERRA,01919,Outros produtos da lavoura permanente
6801002,BANANA PACOVA,01919,Outros produtos da lavoura permanente
6801007,BANANA CHIFRE DE VACA,01919,Outros produtos da lavoura permanente
6801008,BANANA COMPRIDA,01919,Outros produtos da lavoura permanente
6801012,BANANA GRANDE,01919,Outros produtos da lavoura permanente
6801013,BANANA GRANDE AMARELA,01919,Outros produtos da lavoura permanente
6801015,BANANA PACOVI,01919,Outros produtos da lavoura permanente
6801016,BANANA ANGOLA,01919,Outros produtos da lavoura permanente
6801019,BANANA PACOVAN,01919,Outros produtos da lavoura permanente
6801101,BANANA (NAO-ESPECIFICADA),01919,Outros produtos da lavoura permanente
6801102,BANANA NAO-ESPECIFICADA,01919,Outros produtos da lavoura permanente
6801201,LARANJA LIMA,01917,Laranja
6801202,LARANJA DOCINHA,01917,Laranja
6801203,LARANJA SERRA DE AGUA,01917,Laranja
6801204,LARANJA ACUCAR,01917,Laranja
6801205,LARANJA DO CEU,01917,Laranja
6801206,LARANJA DE AGUA,01917,Laranja
6801207,LARANJA CELESTE,01917,Laranja
6801208,LARANJA MIMO,01917,Laranja
6801210,LARANJA MEL,01917,Laranja
6801211,LARANJA PARATI,01917,Laranja
6801212,LARANJA DA ILHA,01917,Laranja
6801213,LARANJA MEL ROSA,01917,Laranja
6801214,LARANJA MIMO DO CEU,01917,Laranja
6801215,LARANJA BAIAO,01917,Laranja
6801301,LARANJA SELETA,01917,Laranja
6801302,LARANJA SELETA DO RIO,01917,Laranja
6801303,LARANJA PAULISTA,01917,Laranja
6801304,LARANJA CAMPISTA,01917,Laranja
6801307,LARANJA FOLHA MURCHA,01917,Laranja
6801310,LARANJA FLOR,01917,Laranja
6801311,LARANJA RUSSA,01917,Laranja
6801313,LARANJA MACA,01917,Laranja
6801401,LARANJA PERA,01917,Laranja
6801402,LARANJA DE NATAL,01917,Laranja
6801403,LARANJA NATAL,01917,Laranja
6801404,LARANJA DE ABRIL,01917,Laranja
6801405,LARANJA ABRIL,01917,Laranja
6801410,LARANJA ACIDA,01917,Laranja
6801411,LARANJA CASCA FINA,01917,Laranja
6801412,LARANJA CITRICA,01917,Laranja
6801413,LARANJA PERA DO RIO,01917,Laranja
6801415,LARANJA CARIOCA,01917,Laranja
6801416,LARANJA COMUM,01917,Laranja
6801501,LARANJA BAHIA,01917,Laranja
6801502,LARANJA DE UMBIGO,01917,Laranja
6801504,LARANJA BAIANINHA,01917,Laranja
6801505,LARANJA TAQUARI,01917,Laranja
6801506,LARANJA CATARINA,01917,Laranja
6801507,LARANJA BANANA,01917,Laranja
6801508,LARANJA VALENCIA,01917,Laranja
6801509,LARANJA VALENCIANA,01917,Laranja
6801701,LARANJA DA TERRA,01917,Laranja
6801702,LARANJA AMARGA,01917,Laranja
6801703,LARANJA AZEDA,01917,Laranja
6801704,LARANJA BRANCA,01917,Laranja
6801707,LARANJA DE DOCE,01917,Laranja
6801801,LARANJA (NAO-ESPECIFICADA),01917,Laranja
6801802,LARANJA NAO-ESPECIFICADA,01917,Laranja
6801901,LIMA,01919,Outros produtos da lavoura permanente
6801902,LIMA DA PERSIA,01919,Outros produtos da lavoura permanente
6801903,LIMA DE BICO,01919,Outros produtos da lavoura permanente
6801904,LIMA COMUM,01919,Outros produtos da lavoura permanente
6802001,LIMAO COMUM,01919,Outros produtos da lavoura permanente
6802002,LIMAO AMARGO,01919,Outros produtos da lavoura permanente
6802003,LIMAO AZEDO,01919,Outros produtos da lavoura permanente
6802004,LIMAO DE MOLHO,01919,Outros produtos da lavoura permanente
6802005,LIMAO SILVESTRE,01919,Outros produtos da lavoura permanente
6802006,LIMAO CHINA,01919,Outros produtos da lavoura permanente
6802007,LIMAO ROSA,01919,Outros produtos da lavoura permanente
6802008,LIMAO PAULISTA,01919,Outros produtos da lavoura permanente
6802009,LIMAO MIRIM,01919,Outros produtos da lavoura permanente
6802010,LIMAO TAITI,01919,Outros produtos da lavoura permanente
6802011,LIMAO CRAVO,01919,Outros produtos da lavoura permanente
6802012,LIMAO BRANCO,01919,Outros produtos da lavoura permanente
6802013,LIMAO HAWAI,01919,Outros produtos da lavoura permanente
6802014,LIMAO CAPETA,01919,Outros produtos da lavoura permanente
6802101,LIMAO GALEGO,01919,Outros produtos da lavoura permanente
6802102,LIMAO VERDADEIRO,01919,Outros produtos da lavoura permanente
6802103,LIMAO VERMELHO,01919,Outros produtos da lavoura permanente
6802104,LIMAO BERGAMOTA,01919,Outros produtos da lavoura permanente
6802105,LIMAO BALAO,01919,Outros produtos da lavoura permanente
6802108,LIMAO VINAGRE,01919,Outros produtos da lavoura permanente
6802201,TANGERINA,01919,Outros produtos da lavoura permanente
6802202,MEXERICA,01919,Outros produtos da lavoura permanente
6802203,MIXIRICA,01919,Outros produtos da lavoura permanente
6802204,MEXERICA RIO,01919,Outros produtos da lavoura permanente
6802206,MEXIRICA MURKOT,01919,Outros produtos da lavoura permanente
6802207,MIXIRICA MURKOT,01919,Outros produtos da lavoura permanente
6802208,MEXIRICA POKAN,01919,Outros produtos da lavoura permanente
6802209,MIXIRICA POKAN,01919,Outros produtos da lavoura permanente
6802210,MEXIRICA CRAVO,01919,Outros produtos da lavoura permanente
6802211,MIXIRICA CRAVO,01919,Outros produtos da lavoura permanente
6802212,TANGERINA POKAN,01919,Outros produtos da lavoura permanente
6802213,TANGERINA CRAVO,01919,Outros produtos da lavoura permanente
6802214,MEXIRICA PERA,01919,Outros produtos da lavoura permanente
6802216,POKAN,01919,Outros produtos da lavoura permanente
6802217,BERGAMOTA,01919,Outros produtos da lavoura permanente
6802218,MIMOSA,01919,Outros produtos da lavoura permanente
6802219,TANGERINA MONGORT,01919,Outros produtos da lavoura permanente
6802220,LARANJA MONGORT,01919,Outros produtos da lavoura permanente
6802221,LARANJA CRAVO,01919,Outros produtos da lavoura permanente
6802222,LARANJA MORGOT,01919,Outros produtos da lavoura permanente
6802223,TANJA,01919,Outros produtos da lavoura permanente
6802224,MEXIRICA CARIOCA,01919,Outros produtos da lavoura permanente
6802226,MEXIRICA MARICOTA,01919,Outros produtos da lavoura permanente
6802227,MARICOTA,01919,Outros produtos da lavoura permanente
6802228,LARANJA POKAN,01919,Outros produtos da lavoura permanente
6802229,MEXIRICA,01919,Outros produtos da lavoura permanente
6802230,MURGOTE (TANGERINA),01919,Outros produtos da lavoura permanente
6802231,MORICOTA,01919,Outros produtos da lavoura permanente
6802301,CIDRA,01919,Outros produtos da lavoura permanente
6802501,CANA DE ACUCAR,01914,Cana-de-açúcar
6802601,ABACAXI,01916,Outros produtos e serviços da lavoura temporária
6802602,ANANAS,01916,Outros produtos e serviços da lavoura temporária
6802603,ABACAXI CAIANO,01916,Outros produtos e serviços da lavoura temporária
6802604,ABACAXI PEROLA,01916,Outros produtos e serviços da lavoura temporária
6802701,ABACATE,01919,Outros produtos da lavoura permanente
6802801,CAQUI,01919,Outros produtos da lavoura permanente
6802802,CAQUI CHOCOLATE,01919,Outros produtos da lavoura permanente
6802803,CAQUI CAFE,01919,Outros produtos da lavoura permanente
6802804,CAQUI DURO,01919,Outros produtos da lavoura permanente
6802805,CAQUI FUJI,01919,Outros produtos da lavoura permanente
6802806,CAQUI MOLE,01919,Outros produtos da lavoura permanente
6802901,FIGO,01919,Outros produtos da lavoura permanente
6803001,MACA,01919,Outros produtos da lavoura permanente
6803002,MACA ACIDA,01919,Outros produtos da lavoura permanente
6803003,MACA DOCE,01919,Outros produtos da lavoura permanente
6803004,MACA BRANCA,01919,Outros produtos da lavoura permanente
6803005,MACA VERDE,01919,Outros produtos da lavoura permanente
6803006,MACA VERMELHA,01919,Outros produtos da lavoura permanente
6803007,MACA ARGENTINA,01919,Outros produtos da lavoura permanente
6803008,MACA NACIONAL,01919,Outros produtos da lavoura permanente
6803009,MACA FUGI,01919,Outros produtos da lavoura permanente
6803010,MACA GALA,01919,Outros produtos da lavoura permanente
6803011,MACA IMPORTADA,01919,Outros produtos da lavoura permanente
6803012,MACA FUJI,01919,Outros produtos da lavoura permanente
6803101,MAMAO,01919,Outros produtos da lavoura permanente
6803102,MAMAO DA INDIA,01919,Outros produtos da lavoura permanente
6803103,MAMAO MACHO,01919,Outros produtos da lavoura permanente
6803104,MAMAO VERDE,01919,Outros produtos da lavoura permanente
6803105,MAMAO HAVAI,01919,Outros produtos da lavoura permanente
6803106,MAMAO DO AMAZONAS,01919,Outros produtos da lavoura permanente
6803107,MAMAO PAPAIA,01919,Outros produtos da lavoura permanente
6803108,PAPAIA,01919,Outros produtos da lavoura permanente
6803109,MAMAO VERMELHO,01919,Outros produtos da lavoura permanente
6803110,MAMAO BAIANO,01919,Outros produtos da lavoura permanente
6803111,MAMAO FORMOSA,01919,Outros produtos da lavoura permanente
6803112,MAMAO JAPONES,01919,Outros produtos da lavoura permanente
6803113,MAMAO PAULISTA,01919,Outros produtos da lavoura permanente
6803114,MAMAO DE CORDA,01919,Outros produtos da lavoura permanente
6803201,MANGA,01919,Outros produtos da lavoura permanente
6803202,MANGA COQUINHO,01919,Outros produtos da lavoura permanente
6803203,MANGA ESPADINHA,01919,Outros produtos da lavoura permanente
6803204,MANGA UBA,01919,Outros produtos da lavoura permanente
6803205,MANGA CORACAO DE BOI,01919,Outros produtos da lavoura permanente
6803207,MANGA ROSINHA,01919,Outros produtos da lavoura permanente
6803208,MANGA ROSA,01919,Outros produtos da lavoura permanente
6803209,MANGA COITE,01919,Outros produtos da lavoura permanente
6803210,MANGA CARLOTINHA,01919,Outros produtos da lavoura permanente
6803211,MANGA ESPADA,01919,Outros produtos da lavoura permanente
6803214,MANGA JASMIM,01919,Outros produtos da lavoura permanente
6803215,MANGUITO,01919,Outros produtos da lavoura permanente
6803216,MANGA BACURI,01919,Outros produtos da lavoura permanente
6803219,MANGA DE FIAPO,01919,Outros produtos da lavoura permanente
6803221,MANGA TOMMY,01919,Outros produtos da lavoura permanente
6803222,MANGA DE CHEIRO,01919,Outros produtos da lavoura permanente
6803223,MANGA DE MESA,01919,Outros produtos da lavoura permanente
6803224,MANGA HADEN,01919,Outros produtos da lavoura permanente
6803225,MANGA PALMER,01919,Outros produtos da lavoura permanente
6803301,MARACUJA,01919,Outros produtos da lavoura permanente
6803308,MARACUJA COMUM,01919,Outros produtos da lavoura permanente
6803309,MARACUJA DOCE,01919,Outros produtos da lavoura permanente
6803310,MARACUJA BRANCO,01919,Outros produtos da lavoura permanente
6803312,MARACUJA PEROBA,01919,Outros produtos da lavoura permanente
6803315,MARACUJA AMARELO,01919,Outros produtos da lavoura permanente
6803318,MARACUJA DE BOI,01919,Outros produtos da lavoura permanente
6803320,MARACUJA GRANDE,01919,Outros produtos da lavoura permanente
6803327,MARACUJA AZEDO,01919,Outros produtos da lavoura permanente
6803328,MARACUJINA EM FRUTO,01919,Outros produtos da lavoura permanente
6803401,MELANCIA,01916,Outros produtos e serviços da lavoura temporária
6803501,MELAO,01916,Outros produtos e serviços da lavoura temporária
6803502,MELAO AMARELO,01916,Outros produtos e serviços da lavoura temporária
6803503,MELAO ESPANHOL,01916,Outros produtos e serviços da lavoura temporária
6803504,MELAO GAUCHO,01916,Outros produtos e serviços da lavoura temporária
6803505,MELAO JAPONES,01916,Outros produtos e serviços da lavoura temporária
6803506,MELAO CAIPIRA,01916,Outros produtos e serviços da lavoura temporária
6803508,MELAO ORANGE,01916,Outros produtos e serviços da lavoura temporária
6803509,MELAO PINGO DE MEL,01916,Outros produtos e serviços da lavoura temporária
6803510,MELAO VALENCIANO,01916,Outros produtos e serviços da lavoura temporária
6803511,MELAO PELE DE SAPO,01916,Outros produtos e serviços da lavoura temporária
6803601,PERA,01919,Outros produtos da lavoura permanente
6803602,PERA DE AGUA,01919,Outros produtos da lavoura permanente
6803603,PERA ACIDA,01919,Outros produtos da lavoura permanente
6803604,PERA DAGUA,01919,Outros produtos da lavoura permanente
6803701,PESSEGO,01919,Outros produtos da lavoura permanente
6803801,FRUTA DE CONDE,01919,Outros produtos da lavoura permanente
6803802,PINHA (FRUTA DE CONDE),01919,Outros produtos da lavoura permanente
6803803,ATA,01919,Outros produtos da lavoura permanente
6803901,UVA,01919,Outros produtos da lavoura permanente
6803902,UVA NIAGARA,01919,Outros produtos da lavoura permanente
6803903,UVA MOSCATEL,01919,Outros produtos da lavoura permanente
6803904,UVA PRETA,01919,Outros produtos da lavoura permanente
6803905,UVA ROSA,01919,Outros produtos da lavoura permanente
6803906,UVA NACIONAL,01919,Outros produtos da lavoura permanente
6803907,UVA VERDE,01919,Outros produtos da lavoura permanente
6803908,UVA ITALIA,01919,Outros produtos da lavoura permanente
6803909,UVA ROXA,01919,Outros produtos da lavoura permanente
6803910,UVA RUBI,01919,Outros produtos da lavoura permanente
6803911,UVA BRANCA,01919,Outros produtos da lavoura permanente
6803912,UVA PASSA,01919,Outros produtos da lavoura permanente
6803913,UVA BENITAKA,01919,Outros produtos da lavoura permanente
6803914,UVA RED GLOBE,01919,Outros produtos da lavoura permanente
6803915,UVA THOMPSON,01919,Outros produtos da lavoura permanente
6804001,JENIPAPO,02801,Produtos da exploração florestal e da silvicultura
6804005,JENIPAPO MANSO,01919,Outros produtos da lavoura permanente
6804101,JACA,01919,Outros produtos da lavoura permanente
6804102,JACA DURA,01919,Outros produtos da lavoura permanente
6804103,JACA DA BAHIA,01919,Outros produtos da lavoura permanente
6804104,JACA MOLE,01919,Outros produtos da lavoura permanente
6804105,JACA MANTEIGA,01919,Outros produtos da lavoura permanente
6804201,GOIABA,01919,Outros produtos da lavoura permanente
6804202,ARACA GUAIABA (GOIABA),01919,Outros produtos da lavoura permanente
6804203,ARACA ACU (GOIABA),01919,Outros produtos da lavoura permanente
6804204,ARACA GOIABA (GOIABA),01919,Outros produtos da lavoura permanente
6804301,AMEIXA,01919,Outros produtos da lavoura permanente
6804302,AMEIXA VERMELHA,01919,Outros produtos da lavoura permanente
6804303,AMEIXA PRETA,01919,Outros produtos da lavoura permanente
6804304,AMEIXA IMPORTADA,01919,Outros produtos da lavoura permanente
6804305,AMEIXA FRESCA,01919,Outros produtos da lavoura permanente
6804401,CAJU,01919,Outros produtos da lavoura permanente
6804501,CEREJA,01919,Outros produtos da lavoura permanente
6804601,CAJA MANGA,01919,Outros produtos da lavoura permanente
6804602,CAJARANA,01919,Outros produtos da lavoura permanente
6804603,CAJA ACU,01919,Outros produtos da lavoura permanente
6804604,CAJA UMBU,01919,Outros produtos da lavoura permanente
6804605,CAJA GRANDE,01919,Outros produtos da lavoura permanente
6804701,TAPEREBA,01919,Outros produtos da lavoura permanente
6804703,CAJA PEQUENO,01919,Outros produtos da lavoura permanente
6804704,CAJA MIRIM,01919,Outros produtos da lavoura permanente
6804801,CARAMBOLA,01919,Outros produtos da lavoura permanente
6804901,JABOTICABA,01919,Outros produtos da lavoura permanente
6804908,JABUTICABA,01919,Outros produtos da lavoura permanente
6805001,GRAVIOLA,01919,Outros produtos da lavoura permanente
6805105,MAROLO,01919,Outros produtos da lavoura permanente
6805201,MORANGO,01916,Outros produtos e serviços da lavoura temporária
6805202,MORANGUINHO,01916,Outros produtos e serviços da lavoura temporária
6805301,JAMBO,01919,Outros produtos da lavoura permanente
6805302,JAMBO ROSA,01919,Outros produtos da lavoura permanente
6805311,JAMBO ROXO,01919,Outros produtos da lavoura permanente
6805401,ATEMOIA,01919,Outros produtos da lavoura permanente
6805501,GROSELHA EM FRUTO,01919,Outros produtos da lavoura permanente
6805601,MANGABA,02801,Produtos da exploração florestal e da silvicultura
6805701,ARACA,01919,Outros produtos da lavoura permanente
6805702,GOIABA ARACA (ARACA),01919,Outros produtos da lavoura permanente
6805803,AMEIXA DO JAPAO (NESPERA),01919,Outros produtos da lavoura permanente
6805804,AMEIXA AMARELA (NESPERA),01919,Outros produtos da lavoura permanente
6805805,AMEIXA JAPONESA (NESPERA),01919,Outros produtos da lavoura permanente
6805901,FRUTA PAO,02801,Produtos da exploração florestal e da silvicultura
6806001,SAPOTI,01919,Outros produtos da lavoura permanente
6806101,UXI,01919,Outros produtos da lavoura permanente
6806201,TAMARINDO,01919,Outros produtos da lavoura permanente
6806301,CACAU,01919,Outros produtos da lavoura permanente
6806401,PITOMBA,02801,Produtos da exploração florestal e da silvicultura
6806501,BACURI,02801,Produtos da exploração florestal e da silvicultura
6806601,INGA,02801,Produtos da exploração florestal e da silvicultura
6806602,INGA CIPO,02801,Produtos da exploração florestal e da silvicultura
6806701,PEQUI,02801,Produtos da exploração florestal e da silvicultura
6806702,PIQUI,02801,Produtos da exploração florestal e da silvicultura
6806704,PIQUIA,02801,Produtos da exploração florestal e da silvicultura
6806801,PITANGA,01919,Outros produtos da lavoura permanente
6806901,CIRIGUELA,01919,Outros produtos da lavoura permanente
6807001,MURICI,02801,Produtos da exploração florestal e da silvicultura
6807101,UMBU,02801,Produtos da exploração florestal e da silvicultura
6807201,BERIBA,02801,Produtos da exploração florestal e da silvicultura
6807202,BIRIBA,01919,Outros produtos da lavoura permanente
6807301,CUPUACU,02801,Produtos da exploração florestal e da silvicultura
6807401,NECTARINA,01919,Outros produtos da lavoura permanente
6807501,MARI,01919,Outros produtos da lavoura permanente
6807601,ROMA,01919,Outros produtos da lavoura permanente
6807701,ACEROLA,01919,Outros produtos da lavoura permanente
6807801,KIWI,01919,Outros produtos da lavoura permanente
6807902,MANGOSTAO,01919,Outros produtos da lavoura permanente
6808001,ABIU,01919,Outros produtos da lavoura permanente
6808101,ABRICO,02801,Produtos da exploração florestal e da silvicultura
6808201,JURUBEBA,01916,Outros produtos e serviços da lavoura temporária
6808302,GRUMIXAMA,01919,Outros produtos da lavoura permanente
6808401,FRUTA (NAO-ESPECIFICADA),01919,Outros produtos da lavoura permanente
6808402,FRUTA NAO-ESPECIFICADA,01919,Outros produtos da lavoura permanente
6808504,UVA PRETA ORGANICA,01919,Outros produtos da lavoura permanente
6808505,UVA ROSA ORGANICA,01919,Outros produtos da lavoura permanente
6808506,UVA NACIONAL ORGANICA,01919,Outros produtos da lavoura permanente
6808510,UVA RUBI ORGANICA,01919,Outros produtos da lavoura permanente
6808511,UVA BRANCA ORGANICA,01919,Outros produtos da lavoura permanente
6808514,UVA RED GLOBE ORGANICA,01919,Outros produtos da lavoura permanente
6808601,MACA ORGANICA,01919,Outros produtos da lavoura permanente
6808605,MACA VERDE ORGANICA,01919,Outros produtos da lavoura permanente
6808607,MACA ARGENTINA ORGANICA,01919,Outros produtos da lavoura permanente
6808608,MACA NACIONAL ORGANICA,01919,Outros produtos da lavoura permanente
6808609,MACA FUGI ORGANICA,01919,Outros produtos da lavoura permanente
6808610,MACA GALA ORGANICA,01919,Outros produtos da lavoura permanente
6808801,MORANGO ORGANICO,01916,Outros produtos e serviços da lavoura temporária
6808802,MORANGUINHO ORGANICO,01916,Outros produtos e serviços da lavoura temporária
6808901,ACEROLA ORGANICA,02801,Produtos da exploração florestal e da silvicultura
6809101,BANANA PRATA ORGANICA,01919,Outros produtos da lavoura permanente
6809201,CAJU ORGANICO,01919,Outros produtos da lavoura permanente
6809301,LIMAO NAO ESPECIFICADO,01919,Outros produtos da lavoura permanente
6809401,CAMBUI,01919,Outros produtos da lavoura permanente
6809501,LARANJA CHAMPAGNE,01917,Laranja
6809502,LARANJA CHAMPANHA,01917,Laranja
6809601,GOIABA ORGANICA,01919,Outros produtos da lavoura permanente
6809701,LARANJA CHINA,01917,Laranja
6809702,LARANJA DA CHINA,01917,Laranja
6809801,BANANA NAO-ESPECIFICADA ORGANICA,01919,Outros produtos da lavoura permanente
6809901,AMORA,01919,Outros produtos da lavoura permanente
6810001,LICHIA,01919,Outros produtos da lavoura permanente
6810101,LIMAO COMUM ORGANICO,01919,Outros produtos da lavoura permanente
6810201,JAMELAO,01919,Outros produtos da lavoura permanente
6900101,ACUCAR REFINADO,10921,Açúcar
6900102,ACUCAR TRIFILTRADO,10921,Açúcar
6900201,ACUCAR CRISTAL,10921,Açúcar
6900202,ACUCAR GRANULADO,10921,Açúcar
6900203,ACUCAR CRISTALIZADO,10921,Açúcar
6900204,ACUCAR GROSSO,10921,Açúcar
6900301,ACUCAR DEMERARA,10921,Açúcar
6900303,ACUCAR AMARELO PRETO,10921,Açúcar
6900304,ACUCAR MASCAVO,10921,Açúcar
6900305,ACUCAR PRETO,10921,Açúcar
6900306,ACUCAR MASCAVADO,10921,Açúcar
6900401,RAPADURA,10921,Açúcar
6900402,ALFENIM DE CANA,10921,Açúcar
6900403,BATIDA (RAPADURA),10921,Açúcar
6900404,RAPADURA COM COCO,10921,Açúcar
6900405,RAPADURA COM LEITE,10921,Açúcar
6900406,RAPADURA COM AMENDOIM,10921,Açúcar
6900501,SORVETE DE QUALQUER SABOR INDUSTRIALIZADO,10916,Outros produtos do laticínio
6900502,PICOLE DE QUALQUER SABOR INDUSTRIALIZADO,10916,Outros produtos do laticínio
6900503,MASSA DE SORVETE,10916,Outros produtos do laticínio
6900504,SORVETE INDUSTRIALIZADO,10916,Outros produtos do laticínio
6900505,PICOLE INDUSTRIALIZADO,10916,Outros produtos do laticínio
6900506,CREMOSINHO (SORVETE),10916,Outros produtos do laticínio
6900601,CHICLETE,10937,Outros produtos alimentares
6900602,MENTEX,10937,Outros produtos alimentares
6900603,BALA,10937,Outros produtos alimentares
6900604,CARAMELO (BALA),10937,Outros produtos alimentares
6900605,DROPS,10937,Outros produtos alimentares
6900606,PASTILHA,10937,Outros produtos alimentares
6900607,PIRULITO,10937,Outros produtos alimentares
6900608,CHICLE,10937,Outros produtos alimentares
6900609,GOMA DE MASCAR,10937,Outros produtos alimentares
6900610,JUJUBA,10937,Outros produtos alimentares
6900611,BALAS,10937,Outros produtos alimentares
6900612,BALAS SORTIDAS,10937,Outros produtos alimentares
6900613,BALINHA,10937,Outros produtos alimentares
6900614,BALA DE GOMA,10937,Outros produtos alimentares
6900701,TABLETE DE CHOCOLATE,10937,Outros produtos alimentares
6900702,BARRA DE CHOCOLATE,10937,Outros produtos alimentares
6900703,CHOCOLATE EM TABLETE,10937,Outros produtos alimentares
6900704,CHOCOLATE EM BARRA,10937,Outros produtos alimentares
6900705,CHOCOLATE BISS (TABLETE),10937,Outros produtos alimentares
6900706,CONFETE,10937,Outros produtos alimentares
6900707,CHOCOLATE BATOM,10937,Outros produtos alimentares
6900708,BATON CHOCOLATE,10937,Outros produtos alimentares
6900709,TUBETE DE CHOCOLATE,10937,Outros produtos alimentares
6900801,CHOCOLATE EM PO DE QUALQUER MARCA,10937,Outros produtos alimentares
6900802,CHOCOLATE EM PO QUICK,10937,Outros produtos alimentares
6900803,CHOCOLATE NESCAU,10937,Outros produtos alimentares
6900805,CHOCOLATE TODDY,10937,Outros produtos alimentares
6900806,CHOCOLATE EM PO TODDY,10937,Outros produtos alimentares
6900807,CHOCOLATE EM PO NESCAU,10937,Outros produtos alimentares
6900808,TODDY INSTANTANEO,10937,Outros produtos alimentares
6900809,QUICK,10937,Outros produtos alimentares
6900810,TODDY VITAMINADO,10937,Outros produtos alimentares
6900811,TODDY,10937,Outros produtos alimentares
6900812,NESCAU,10937,Outros produtos alimentares
6900813,NESCAU VITAMINADO,10937,Outros produtos alimentares
6900815,NESCAU INSTANTANEO,10937,Outros produtos alimentares
6900818,OVOMALTINE,10937,Outros produtos alimentares
6900819,PO ACHOCOLATADO,10937,Outros produtos alimentares
6900820,PO PARA MILK SHAKE,10937,Outros produtos alimentares
6900821,ACHOCOLATADO EM PO,10937,Outros produtos alimentares
6900822,TODDYNHO EM PO,10937,Outros produtos alimentares
6900823,NESQUIK,10937,Outros produtos alimentares
6900901,BOMBOM DE QUALQUER MARCA,10937,Outros produtos alimentares
6900902,BOMBOM CARAMELIZADO DE QUALQUER MARCA,10937,Outros produtos alimentares
6900903,BOMBONS SORTIDOS DE QUALQUER MARCA,10937,Outros produtos alimentares
6900904,TRUFA,10937,Outros produtos alimentares
6900905,BOBOM CASEIRO,10937,Outros produtos alimentares
6901001,GELEIA DE FRUTAS DE QUALQUER MARCA OU SABOR,10931,"Conservas de frutas, legumes, outros vegetais e sucos de frutas"
6901002,MOUSSE DE QUALQUER MARCA (GELEIA),10937,Outros produtos alimentares
6901003,MOUSSE DE QUALQUER SABOR (GELEIA),10937,Outros produtos alimentares
6901004,GELEIA DE DAMASCO,10931,"Conservas de frutas, legumes, outros vegetais e sucos de frutas"
6901101,GELEIA DE MOCOTO,10937,Outros produtos alimentares
6901102,GELEIA DE MOCOTO VITAMINADA,10937,Outros produtos alimentares
6901201,DOCE DE FRUTAS EM PASTA DE QUALQUER SABOR,10931,"Conservas de frutas, legumes, outros vegetais e sucos de frutas"
6901202,PURE DE FRUTAS,10931,"Conservas de frutas, legumes, outros vegetais e sucos de frutas"
6901203,PASTA DE AMENDOIM,10931,"Conservas de frutas, legumes, outros vegetais e sucos de frutas"
6901205,CREME DE AMENDOIM,10931,"Conservas de frutas, legumes, outros vegetais e sucos de frutas"
6901206,MARMELADA,10931,"Conservas de frutas, legumes, outros vegetais e sucos de frutas"
6901207,DOCE DE FRUTAS EM BARRA OU TIJOLO DE QUALQUER SABOR,10931,"Conservas de frutas, legumes, outros vegetais e sucos de frutas"
6901208,CREME DE GOIABA,10931,"Conservas de frutas, legumes, outros vegetais e sucos de frutas"
6901209,FIGADA,10931,"Conservas de frutas, legumes, outros vegetais e sucos de frutas"
6901210,BANANADA (EM BARRA OU TIJOLO),10931,"Conservas de frutas, legumes, outros vegetais e sucos de frutas"
6901211,GOIABADA,10931,"Conservas de frutas, legumes, outros vegetais e sucos de frutas"
6901212,DOCE DE ABOBORA EM PASTA,10931,"Conservas de frutas, legumes, outros vegetais e sucos de frutas"
6901213,DOCE DE MORANGO EM PASTA,10931,"Conservas de frutas, legumes, outros vegetais e sucos de frutas"
6901214,CAJU EM PASTA,10931,"Conservas de frutas, legumes, outros vegetais e sucos de frutas"
6901215,DOCE DE CEREJA EM PASTA,10931,"Conservas de frutas, legumes, outros vegetais e sucos de frutas"
6901216,DOCE DE BATATA MARROM GLACE,10931,"Conservas de frutas, legumes, outros vegetais e sucos de frutas"
6901217,DOCE DE AMEIXA EM PASTA,10931,"Conservas de frutas, legumes, outros vegetais e sucos de frutas"
6901219,DOCE DE CACAU EM PASTA,10937,Outros produtos alimentares
6901220,PASTA DE CACAU,10937,Outros produtos alimentares
6901222,DOCE DE FRUTAS EM TABLETE DE QUALQUER SABOR,10931,"Conservas de frutas, legumes, outros vegetais e sucos de frutas"
6901223,DOCE DE CAJU EM PASTA OU BARRA,10931,"Conservas de frutas, legumes, outros vegetais e sucos de frutas"
6901224,MARIOLA,10931,"Conservas de frutas, legumes, outros vegetais e sucos de frutas"
6901225,DOCE DE FEIJAO EM PASTA,10931,"Conservas de frutas, legumes, outros vegetais e sucos de frutas"
6901226,YOKAN (DOCE DE FEIJAO EM PASTA),10931,"Conservas de frutas, legumes, outros vegetais e sucos de frutas"
6901228,DOCE DE MAMAO EM PASTA,10931,"Conservas de frutas, legumes, outros vegetais e sucos de frutas"
6901229,DOCE DE MINGAU DE MILHO VERDE EM PASTA,10931,"Conservas de frutas, legumes, outros vegetais e sucos de frutas"
6901230,DOCE DE MILHO VERDE EM PASTA,10931,"Conservas de frutas, legumes, outros vegetais e sucos de frutas"
6901231,DOCE DE BANANA EM PASTA OU BARRA,10931,"Conservas de frutas, legumes, outros vegetais e sucos de frutas"
6901232,DOCE DE COCO EM PASTA OU BARRA,10931,"Conservas de frutas, legumes, outros vegetais e sucos de frutas"
6901233,DOCE DE BURITI EM PASTA OU BARRA,10931,"Conservas de frutas, legumes, outros vegetais e sucos de frutas"
6901234,DOCE DE CAJU EM BARRA,10931,"Conservas de frutas, legumes, outros vegetais e sucos de frutas"
6901235,DOCE DE GOIABA EM PASTA OU BARRA,10931,"Conservas de frutas, legumes, outros vegetais e sucos de frutas"
6901236,DOCE DE UVA EM PASTA OU BARRA,10931,"Conservas de frutas, legumes, outros vegetais e sucos de frutas"
6901237,DOCE DE ABOBORA COM COCO,10931,"Conservas de frutas, legumes, outros vegetais e sucos de frutas"
6901239,PATE DE FRUTAS,10931,"Conservas de frutas, legumes, outros vegetais e sucos de frutas"
6901240,BANANADA,10931,"Conservas de frutas, legumes, outros vegetais e sucos de frutas"
6901301,DOCE DE FRUTAS EM CALDA DE QUALQUER SABOR,10931,"Conservas de frutas, legumes, outros vegetais e sucos de frutas"
6901302,FIGO EM CALDA,10931,"Conservas de frutas, legumes, outros vegetais e sucos de frutas"
6901303,AMEIXA EM CALDA,10931,"Conservas de frutas, legumes, outros vegetais e sucos de frutas"
6901304,PESSEGO EM CALDA,10931,"Conservas de frutas, legumes, outros vegetais e sucos de frutas"
6901305,SALADA DE FRUTAS EM CALDA,10931,"Conservas de frutas, legumes, outros vegetais e sucos de frutas"
6901306,ABACAXI EM CALDA,10931,"Conservas de frutas, legumes, outros vegetais e sucos de frutas"
6901309,LARANJA EM CALDA,10931,"Conservas de frutas, legumes, outros vegetais e sucos de frutas"
6901310,CEREJA EM CALDA,10931,"Conservas de frutas, legumes, outros vegetais e sucos de frutas"
6901311,MORANGO EM CALDA,10931,"Conservas de frutas, legumes, outros vegetais e sucos de frutas"
6901312,DOCE DE JACA EM CALDA,10931,"Conservas de frutas, legumes, outros vegetais e sucos de frutas"
6901313,DOCE DE PESSEGO EM CALDA,10931,"Conservas de frutas, legumes, outros vegetais e sucos de frutas"
6901401,DOCE DE FRUTAS CRISTALIZADO DE QUALQUER SABOR,10931,"Conservas de frutas, legumes, outros vegetais e sucos de frutas"
6901402,DOCE DE ABACAXI CRISTALIZADO,10937,Outros produtos alimentares
6901403,DOCE DE LARANJA CRISTALIZADO,10937,Outros produtos alimentares
6901404,DOCE DE FIGO CRISTALIZADO,10937,Outros produtos alimentares
6901405,DOCE DE GOIABA CRISTALIZADO,10937,Outros produtos alimentares
6901406,DOCE DE CAJU CRISTALIZADO,10937,Outros produtos alimentares
6901407,DOCE DE BANANA CRISTALIZADO,10937,Outros produtos alimentares
6901408,FRUTAS CRISTALIZADAS (DOCE),10937,Outros produtos alimentares
6901501,MELADO,10921,Açúcar
6901502,MELADO DE CANA,10921,Açúcar
6901601,MEL DE ABELHA,01921,"Bovinos e outros animais vivos, prods. animal, caça e serv."
6901602,MEL,01921,"Bovinos e outros animais vivos, prods. animal, caça e serv."
6901603,MEL COM ALHO,01921,"Bovinos e outros animais vivos, prods. animal, caça e serv."
6901604,MEL COM PROPOLIS,01921,"Bovinos e outros animais vivos, prods. animal, caça e serv."
6901605,MEL COMPOSTO,01921,"Bovinos e outros animais vivos, prods. animal, caça e serv."
6901606,MEL DE ENGENHO,01921,"Bovinos e outros animais vivos, prods. animal, caça e serv."
6901608,MEL COM AGRIAO,01921,"Bovinos e outros animais vivos, prods. animal, caça e serv."
6901701,GELATINA,10937,Outros produtos alimentares
6901702,GELATINA EM PO,10937,Outros produtos alimentares
6901703,GELATINA EM FOLHA,10937,Outros produtos alimentares
6901801,ADOCANTE ARTIFICIAL,10937,Outros produtos alimentares
6901805,ZERO CAL,10937,Outros produtos alimentares
6901901,GLICOSE DE MILHO,10935,"Produtos derivados do trigo, mandioca ou milho"
6901903,KARO,10935,"Produtos derivados do trigo, mandioca ou milho"
6902001,CREME DE ACUCAR,10937,Outros produtos alimentares
6902002,GLACUCAR,10937,Outros produtos alimentares
6902003,GLACE,10937,Outros produtos alimentares
6902004,MERENGUE,10937,Outros produtos alimentares
6902101,CORANTE DE CAFE,10937,Outros produtos alimentares
6902201,CONFEITOS DE BOLOS E DOCES,10937,Outros produtos alimentares
6902202,CORANTES DE BOLOS E DOCES,10937,Outros produtos alimentares
6902203,CONFEITO DE CHOCOLATE,10937,Outros produtos alimentares
6902204,CONFEITO DE AMENDOIM,10937,Outros produtos alimentares
6902205,CONFEITO NAO-ESPECIFICADO,10937,Outros produtos alimentares
6902206,CONFEITO DE MENTA,10937,Outros produtos alimentares
6902208,CORANTE DE BOLO E DOCE,10937,Outros produtos alimentares
6902209,MARSHMALLOW,10937,Outros produtos alimentares
6902301,SCHIMIER DE CANA,10937,Outros produtos alimentares
6902302,SCHIMIER DE COLONIA,10937,Outros produtos alimentares
6902401,FRUTA SECA OU DESIDRATADA,10931,"Conservas de frutas, legumes, outros vegetais e sucos de frutas"
6902402,PASSA,10931,"Conservas de frutas, legumes, outros vegetais e sucos de frutas"
6902403,AMEIXA SECA OU DESIDRATADA,10931,"Conservas de frutas, legumes, outros vegetais e sucos de frutas"
6902404,TAMARA SECA OU DESIDRATADA,10931,"Conservas de frutas, legumes, outros vegetais e sucos de frutas"
6902405,MACA SECA OU DESIDRATADA,10931,"Conservas de frutas, legumes, outros vegetais e sucos de frutas"
6902406,DAMASCO SECO OU DESIDRATADO,10931,"Conservas de frutas, legumes, outros vegetais e sucos de frutas"
6902412,AMEIXA DESIDRATADA,10931,"Conservas de frutas, legumes, outros vegetais e sucos de frutas"
6902413,TAMARA DESIDRATADA,10931,"Conservas de frutas, legumes, outros vegetais e sucos de frutas"
6902414,MACA DESIDRATADA,10931,"Conservas de frutas, legumes, outros vegetais e sucos de frutas"
6902415,DAMASCO DESIDRATADO,10931,"Conservas de frutas, legumes, outros vegetais e sucos de frutas"
6902419,ABACAXI DESIDRATADO,10931,"Conservas de frutas, legumes, outros vegetais e sucos de frutas"
6902420,BANANA PASSA,10931,"Conservas de frutas, legumes, outros vegetais e sucos de frutas"
6902421,CAJU DESIDRATADO,10931,"Conservas de frutas, legumes, outros vegetais e sucos de frutas"
6902501,SOBREMESA INFANTIL DE QUALQUER MARCA E SABOR,10937,Outros produtos alimentares
6902502,DOCE INFANTIL EM POTE DE QUALQUER MARCA E SABOR,10937,Outros produtos alimentares
6902601,PUDIM DE QUALQUER SABOR,10937,Outros produtos alimentares
6902602,PUDIM DE COCO,10937,Outros produtos alimentares
6902603,PUDIM DE QUEIJO,10937,Outros produtos alimentares
6902604,PUDIM DE LEITE CONDENSADO,10937,Outros produtos alimentares
6902605,PUDIM DE FUBA,10937,Outros produtos alimentares
6902607,DANETTE PUDIM,10937,Outros produtos alimentares
6902608,PUDIM DANETTE,10937,Outros produtos alimentares
6902701,MANJAR,10937,Outros produtos alimentares
6902801,"MISTURA INDUSTRIAL DE DOCE, SORVETE E PUDIM",10937,Outros produtos alimentares
6902802,FLAN EM PO,10937,Outros produtos alimentares
6902803,"PO DE DOCE, SORVETE E PUDIM",10937,Outros produtos alimentares
6902804,PO DE FLAN,10937,Outros produtos alimentares
6902806,PO DE MINGAU DE MILHO VERDE,10937,Outros produtos alimentares
6902807,MASSA PARA MINGAU NAO-ESPECIFICADA,10937,Outros produtos alimentares
6902808,MASSA DOCE NAO-ESPECIFICADA,10937,Outros produtos alimentares
6902809,PO PARA MINGAU NAO-ESPECIFICADO,10937,Outros produtos alimentares
6902810,MOUSSE EM PO,10937,Outros produtos alimentares
6902811,PO PARA SORVETE,10916,Outros produtos do laticínio
6902812,BASE PARA SORVETE,10916,Outros produtos do laticínio
6902813,PO PARA PUDIM,10937,Outros produtos alimentares
6902901,CUSCUZ,10937,Outros produtos alimentares
6902902,CUSCUZ DE TAPIOCA,10937,Outros produtos alimentares
6902904,CUSCUZ DE MANDIOCA,10937,Outros produtos alimentares
6902906,CUSCUZ DE ARROZ,10937,Outros produtos alimentares
6902907,CUSCUZ DE FUBA,10937,Outros produtos alimentares
6902908,CUSCUZ DE MILHO,10937,Outros produtos alimentares
6902909,MASSA DE CUSCUZ,10937,Outros produtos alimentares
6903001,MARIA MOLE,10937,Outros produtos alimentares
6903101,COCADA,10937,Outros produtos alimentares
6903102,QUEBRA QUEIXO,10937,Outros produtos alimentares
6903201,DOCE DE AMENDOIM,10931,"Conservas de frutas, legumes, outros vegetais e sucos de frutas"
6903202,PE DE MOLEQUE,10931,"Conservas de frutas, legumes, outros vegetais e sucos de frutas"
6903203,PACOCA,10931,"Conservas de frutas, legumes, outros vegetais e sucos de frutas"
6903204,TORRAO DE AMENDOIM,10931,"Conservas de frutas, legumes, outros vegetais e sucos de frutas"
6903205,PACOQUINHA DE AMENDOIM,10931,"Conservas de frutas, legumes, outros vegetais e sucos de frutas"
6903206,PACOCA DE CASTANHA DE CAJU,10931,"Conservas de frutas, legumes, outros vegetais e sucos de frutas"
6903207,AMENDOIM CARAMELIZADO,10937,Outros produtos alimentares
6903208,AMENDOIM AMANTEIGADO,10937,Outros produtos alimentares
6903209,AMENDOIM ACHOCOLATADO,10937,Outros produtos alimentares
6903301,AMENDOIM SALGADO,10937,Outros produtos alimentares
6903302,AMENDOIM TORRADO,10937,Outros produtos alimentares
6903303,AMENDOIM APIMENTADO,10937,Outros produtos alimentares
6903304,AMENDOIM COZIDO,10937,Outros produtos alimentares
6903305,AMENDOIM DOCE,10937,Outros produtos alimentares
6903306,AMENDOIM JAPONES,10937,Outros produtos alimentares
6903401,DOCE DE ABOBORA,10931,"Conservas de frutas, legumes, outros vegetais e sucos de frutas"
6903501,DOCE DE BATATA DOCE,10931,"Conservas de frutas, legumes, outros vegetais e sucos de frutas"
6903601,BRIGADEIRO,10937,Outros produtos alimentares
6903602,DOCE DE CHOCOLATE,10937,Outros produtos alimentares
6903603,BOLINHO DE BRIGADEIRO,10937,Outros produtos alimentares
6903701,BOMBA DE QUALQUER TIPO,10937,Outros produtos alimentares
6903801,MIL FOLHAS,10937,Outros produtos alimentares
6903901,QUEIJADINHA,10937,Outros produtos alimentares
6903902,QUEIJADA,10937,Outros produtos alimentares
6904001,DOCE DE QUEIJO,10916,Outros produtos do laticínio
6904101,DOCE A BASE DE OVOS,10937,Outros produtos alimentares
6904102,DOCE DE OVOS COM AMENDOA,10937,Outros produtos alimentares
6904103,SCHIMIER DE OVOS,10937,Outros produtos alimentares
6904104,CACAROLA ITALIANA,10937,Outros produtos alimentares
6904105,QUINDIM,10937,Outros produtos alimentares
6904106,DOCE DE OVOS,10937,Outros produtos alimentares
6904108,FIOS DE OVOS,10937,Outros produtos alimentares
6904201,DOCE A BASE DE LEITE,10916,Outros produtos do laticínio
6904202,PAVE,10937,Outros produtos alimentares
6904203,AMBROSIA,10937,Outros produtos alimentares
6904205,CHANDELE DE QUALQUER SABOR,10916,Outros produtos do laticínio
6904301,DOCE DE LEITE,10916,Outros produtos do laticínio
6904302,MUMU,10916,Outros produtos do laticínio
6904303,DOCE DE LEITE COM AMEIXA,10916,Outros produtos do laticínio
6904304,DOCE DE LEITE COM AMENDOIM,10916,Outros produtos do laticínio
6904305,DOCE DE LEITE COM COCO,10916,Outros produtos do laticínio
6904306,GELEIA DE LEITE,10916,Outros produtos do laticínio
6904401,CANUDINHO RECHEADO,10937,Outros produtos alimentares
6904402,CANUDINHO PARA RECHEAR,10937,Outros produtos alimentares
6904501,SAROLHO,10935,"Produtos derivados do trigo, mandioca ou milho"
6904502,BEIJU,10935,"Produtos derivados do trigo, mandioca ou milho"
6904503,BEIJU DE TAPIOCA,10935,"Produtos derivados do trigo, mandioca ou milho"
6904504,MASSA DE BEIJU,10935,"Produtos derivados do trigo, mandioca ou milho"
6904505,BEIJU DE QUEIJO E PRESUNTO,10935,"Produtos derivados do trigo, mandioca ou milho"
6904506,TAPIOCA (BEIJU),10937,Outros produtos alimentares
6904507,TAPIOCA COM COCO,10935,"Produtos derivados do trigo, mandioca ou milho"
6904508,TAPIOCA DE QUEIJO,10935,"Produtos derivados do trigo, mandioca ou milho"
6904509,BEIJU DE COCO,10937,Outros produtos alimentares
6904510,MAL- CASADO,10937,Outros produtos alimentares
6904601,SCHIMIER DE FRUTA (EXCETO DE CANA),10937,Outros produtos alimentares
6904701,BEIJO DE MOCA,10937,Outros produtos alimentares
6904801,PICOLE ENSACADO,10916,Outros produtos do laticínio
6904802,DINDIM (PICOLE ENSACADO),10916,Outros produtos do laticínio
6904803,SACOLE (PICOLE ENSACADO),10916,Outros produtos do laticínio
6904804,CHUP-CHUP (PICOLE ENSACADO),10916,Outros produtos do laticínio
6904805,PICOLE CASEIRO,10916,Outros produtos do laticínio
6904806,SORVETE CASEIRO,10916,Outros produtos do laticínio
6904807,GELADINHO,10916,Outros produtos do laticínio
6904901,DOCE CONFEITADO DE QUALQUER TIPO,10937,Outros produtos alimentares
6905001,CHURRO,10937,Outros produtos alimentares
6905101,PAMONHA,10937,Outros produtos alimentares
6905201,CHOCOLATE GRANULADO,10937,Outros produtos alimentares
6905301,ADOCANTE NATURAL CONCENTRADO,10937,Outros produtos alimentares
6905401,ALGODAO-DOCE,10937,Outros produtos alimentares
6905501,"COBERTURA DE QUALQUER SABOR (DE SORVETE, ETC.)",10937,Outros produtos alimentares
6905601,CHOCOLATE EM CREME,10937,Outros produtos alimentares
6905602,NUCITA (CHOCOLATE EM CREME),10937,Outros produtos alimentares
6905603,IOIO CREME (CHOCOLATE EM CREME),10937,Outros produtos alimentares
6905604,CREME DE BRIGADEIRO,10937,Outros produtos alimentares
6905605,CREME DE CHOCOLATE,10937,Outros produtos alimentares
6905701,GUARANA EM PO NATURAL,10937,Outros produtos alimentares
6905702,GUARANA NATURAL EM PO,10937,Outros produtos alimentares
6905801,OVO DE PASCOA,10937,Outros produtos alimentares
6905802,COELHINHO DA PASCOA DE CHOCOLATE,10937,Outros produtos alimentares
6905803,CHOCOLATE COELHINHO DA PASCOA,10937,Outros produtos alimentares
6905804,KINDER OVO,10937,Outros produtos alimentares
6905901,TORRONE,10937,Outros produtos alimentares
6905902,DOCE TORRONE,10937,Outros produtos alimentares
6905903,MANDOLATE,10937,Outros produtos alimentares
6906101,PROPOLIS,21001,Produtos farmacêuticos
6906201,GELEIA REAL,21001,Produtos farmacêuticos
6906301,DOCE SIRIO,10937,Outros produtos alimentares
6906401,POLPA DE FRUTA CONGELADA,10931,"Conservas de frutas, legumes, outros vegetais e sucos de frutas"
6906402,MARACUJA EM POLPA,10931,"Conservas de frutas, legumes, outros vegetais e sucos de frutas"
6906403,POLPA DE MARACUJA,10931,"Conservas de frutas, legumes, outros vegetais e sucos de frutas"
6906404,POLPA DE COCO,10931,"Conservas de frutas, legumes, outros vegetais e sucos de frutas"
6906405,MELAO EM POLPA,10931,"Conservas de frutas, legumes, outros vegetais e sucos de frutas"
6906406,POLPA DE ABACAXI,10931,"Conservas de frutas, legumes, outros vegetais e sucos de frutas"
6906407,POLPA DE CAJU,10931,"Conservas de frutas, legumes, outros vegetais e sucos de frutas"
6906408,POLPA DE CUPUACU,10931,"Conservas de frutas, legumes, outros vegetais e sucos de frutas"
6906409,POLPA DE GRAVIOLA,10931,"Conservas de frutas, legumes, outros vegetais e sucos de frutas"
6906410,POLPA DE JENIPAPO,10931,"Conservas de frutas, legumes, outros vegetais e sucos de frutas"
6906411,POLPA DE TANGERINA,10931,"Conservas de frutas, legumes, outros vegetais e sucos de frutas"
6906412,POLPA DE MANGA,10931,"Conservas de frutas, legumes, outros vegetais e sucos de frutas"
6906413,POLPA DE CAJA,10931,"Conservas de frutas, legumes, outros vegetais e sucos de frutas"
6906414,POLPA DE GOIABA,10931,"Conservas de frutas, legumes, outros vegetais e sucos de frutas"
6906415,POLPA DE PITANGA,10931,"Conservas de frutas, legumes, outros vegetais e sucos de frutas"
6906416,POLPA DE MORANGO,10931,"Conservas de frutas, legumes, outros vegetais e sucos de frutas"
6906417,POLPA DE UVA,10931,"Conservas de frutas, legumes, outros vegetais e sucos de frutas"
6906418,POLPA DE ACEROLA,10931,"Conservas de frutas, legumes, outros vegetais e sucos de frutas"
6906419,POLPA DE FRUTA DE MANGABA,10931,"Conservas de frutas, legumes, outros vegetais e sucos de frutas"
6906420,POLPA DE TAMARINDO,10931,"Conservas de frutas, legumes, outros vegetais e sucos de frutas"
6906421,POLPA DE BURITI,10931,"Conservas de frutas, legumes, outros vegetais e sucos de frutas"
6906501,DIET SHAKE,10937,Outros produtos alimentares
6906502,CONCENTRADO ALIMENTAR DIET SHAKE,10937,Outros produtos alimentares
6906601,ACUCAR INDETERMINADO,10921,Açúcar
6906602,ACUCAR,10921,Açúcar
6906603,ACUCAR COMUM,10921,Açúcar
6906701,ACUCAR DE BAUNILHA,10921,Açúcar
6906801,ACUCAR TRITURADO,10921,Açúcar
6906802,ACUCAR MOIDO,10921,Açúcar
6906902,ADOCANTE,10937,Outros produtos alimentares
6906903,ADOCANTE EM PO,10937,Outros produtos alimentares
6906904,ADOCANTE LIQUIDO,10937,Outros produtos alimentares
6907001,ACUCAR LIGHT,10937,Outros produtos alimentares
6907002,ACUCAR REFINADO LIGHT,10937,Outros produtos alimentares
6907101,ADOCANTE DIET,10937,Outros produtos alimentares
6907102,ADOCANTE DIETETICO,10937,Outros produtos alimentares
6907103,ADOCANTE EM PO DIET,10937,Outros produtos alimentares
6907104,ADOCANTE LIQUIDO DIET,10937,Outros produtos alimentares
6907106,ADOCANTE LIQUIDO DIETETICO,10937,Outros produtos alimentares
6907201,BARRA DE CEREAIS,10937,Outros produtos alimentares
6907203,BARRA DE CEREAIS DOCE,10937,Outros produtos alimentares
6907204,BARRA DE CEREAL,10937,Outros produtos alimentares
6907301,SOBREMESA DE QUALQUER TIPO (EXCETO INFANTIL),56001,Serviços  de alimentação
6907401,RABANADA,10937,Outros produtos alimentares
6907501,MILK SHAKE,56001,Serviços  de alimentação
6907502,MILK SHAKE DE MORANGO,56001,Serviços  de alimentação
6907701,DOCE NAO-ESPECIFICADO,10937,Outros produtos alimentares
6907702,DOCE,10937,Outros produtos alimentares
6907801,RECHEIO PARA BOLO,10937,Outros produtos alimentares
6907901,GELEIA DE FRUTAS DE QUALQUER MARCA OU SABOR DIET,10931,"Conservas de frutas, legumes, outros vegetais e sucos de frutas"
6907904,GELEIA DIET,10931,"Conservas de frutas, legumes, outros vegetais e sucos de frutas"
6907905,GELEIA DE FRUTAS DIET,10931,"Conservas de frutas, legumes, outros vegetais e sucos de frutas"
6907910,GELEIA DE FRUTAS DIETETICA,10931,"Conservas de frutas, legumes, outros vegetais e sucos de frutas"
6908101,GELATINA DIET,10937,Outros produtos alimentares
6908102,GELATINA DIETETICA,10937,Outros produtos alimentares
6908401,PASTEIS DE SANTA CLARA,10937,Outros produtos alimentares
6908501,SUSPIRO,10937,Outros produtos alimentares
6908701,ACUCAR CRISTAL ORGANICO,10921,Açúcar
6908803,ACUCAR AMARELO PRETO ORGANICO,10921,Açúcar
6908804,ACUCAR MASCAVO ORGANICO,10921,Açúcar
6908806,ACUCAR MASCAVADO ORGANICO,10921,Açúcar
6908902,ACUCAR ORGANICO,10921,Açúcar
6909001,MEL DE ABELHA ORGANICO,01921,"Bovinos e outros animais vivos, prods. animal, caça e serv."
6909201,DOCE DE FRUTAS EM CALDA DIET,10931,"Conservas de frutas, legumes, outros vegetais e sucos de frutas"
6909203,DOCE DE PESSEGO EM CALDA DIET,10931,"Conservas de frutas, legumes, outros vegetais e sucos de frutas"
6909204,DOCE DE PESSEGO EM CALDA DIETETICO,10931,"Conservas de frutas, legumes, outros vegetais e sucos de frutas"
6909213,GOIABA EM CALDA DIET,10931,"Conservas de frutas, legumes, outros vegetais e sucos de frutas"
6909301,DOCE DE FRUTAS CRISTALIZADO DE QUALQUER SABOR DIET,10931,"Conservas de frutas, legumes, outros vegetais e sucos de frutas"
6909305,DOCE DE GOIABA CRISTALIZADO DIET,10931,"Conservas de frutas, legumes, outros vegetais e sucos de frutas"
6909309,DOCE DE BANANA CRISTALIZADO DIET,10931,"Conservas de frutas, legumes, outros vegetais e sucos de frutas"
6909502,DOCE DIET NAO-ESPECIFICADO,10931,"Conservas de frutas, legumes, outros vegetais e sucos de frutas"
6909504,DOCE DIETETICO NAO-ESPECIFICADO,10931,"Conservas de frutas, legumes, outros vegetais e sucos de frutas"
6909601,SORVETE DE QUALQUER SABOR INDUSTRIALIZADO LIGHT,10916,Outros produtos do laticínio
6909604,SORVETE INDUSTRIALIZADO LIGHT,10916,Outros produtos do laticínio
6909701,SORVETE DE QUALQUER SABOR INDUSTRIALIZADO DIET,10916,Outros produtos do laticínio
6909702,PICOLE DE QUALQUER SABOR INDUSTRIALIZADO DIET,10916,Outros produtos do laticínio
6909703,MASSA DE SORVETE DIET,10916,Outros produtos do laticínio
6909704,SORVETE INDUSTRIALIZADO DIET,10916,Outros produtos do laticínio
6909706,SORVETE DE QUALQUER SABOR INDUSTRIALIZADO DIETETICO,10916,Outros produtos do laticínio
6909801,CHICLETE LIGHT,10937,Outros produtos alimentares
6909803,BALA LIGHT,10937,Outros produtos alimentares
6909805,DROPS LIGHT,10937,Outros produtos alimentares
6909806,PASTILHA LIGHT,10937,Outros produtos alimentares
6909809,GOMA DE MASCAR LIGHT,10937,Outros produtos alimentares
6909811,BALAS LIGHT,10937,Outros produtos alimentares
6909812,BALAS SORTIDAS LIGHT,10937,Outros produtos alimentares
6909901,CHICLETE DIET,10937,Outros produtos alimentares
6909903,BALA DIET,10937,Outros produtos alimentares
6909905,DROPS DIET,10937,Outros produtos alimentares
6909906,PASTILHA DIET,10937,Outros produtos alimentares
6909908,CHICLE DIET,10937,Outros produtos alimentares
6909909,GOMA DE MASCAR DIET,10937,Outros produtos alimentares
6909914,CHICLETE DIETETICO,10937,Outros produtos alimentares
6909919,PASTILHA DIETETICA,10937,Outros produtos alimentares
6909921,CHICLE DIETETICO,10937,Outros produtos alimentares
6909922,GOMA DE MASCAR DIETETICA,10937,Outros produtos alimentares
6909924,BALAS DIETETICAS,10937,Outros produtos alimentares
6910002,BARRA DE CHOCOLATE LIGHT,10937,Outros produtos alimentares
6910003,CHOCOLATE EM TABLETE LIGHT,10937,Outros produtos alimentares
6910102,BARRA DE CHOCOLATE DIET,10937,Outros produtos alimentares
6910104,CHOCOLATE EM BARRA DIET,10937,Outros produtos alimentares
6910107,TABLETE DE CHOCOLATE DIETETICO,10937,Outros produtos alimentares
6910110,CHOCOLATE EM BARRA DIETETICO,10937,Outros produtos alimentares
6910201,CHOCOLATE EM PO DE QUALQUER MARCA LIGHT,10937,Outros produtos alimentares
6910206,CHOCOLATE EM PO TODDY LIGHT,10937,Outros produtos alimentares
6910207,CHOCOLATE EM PO NESCAU LIGHT,10937,Outros produtos alimentares
6910211,TODDY LIGHT,10937,Outros produtos alimentares
6910212,NESCAU LIGHT,10937,Outros produtos alimentares
6910219,PO ACHOCOLATADO LIGHT,10937,Outros produtos alimentares
6910221,ACHOCOLATADO EM PO LIGHT,10937,Outros produtos alimentares
6910301,CHOCOLATE EM PO DE QUALQUER MARCA DIET,10937,Outros produtos alimentares
6910304,CHOCOLATE EM PO MUQUI DIET,10937,Outros produtos alimentares
6910307,CHOCOLATE EM PO NESCAU DIET,10937,Outros produtos alimentares
6910321,ACHOCOLATADO EM PO DIET,10937,Outros produtos alimentares
6910323,CHOCOLATE EM PO DE QUALQUER MARCA DIETETICO,10937,Outros produtos alimentares
6910326,CHOCOLATE EM PO MUQUI DIETETICO,10937,Outros produtos alimentares
6910401,BOMBOM DE QUALQUER MARCA LIGHT,10937,Outros produtos alimentares
6910403,BOMBONS SORTIDOS DE QUALQUER MARCA LIGHT,10937,Outros produtos alimentares
6910405,BOMBOM LIGHT,10937,Outros produtos alimentares
6910501,BOMBOM DE QUALQUER MARCA DIET,10937,Outros produtos alimentares
6910502,BOMBOM CARAMELIZADO DE QUALQUER MARCA DIET,10937,Outros produtos alimentares
6910601,GELEIA DE FRUTAS DE QUALQUER MARCA OU SABOR LIGHT,10931,"Conservas de frutas, legumes, outros vegetais e sucos de frutas"
6910605,GELEIA DE FRUTAS LIGHT,10931,"Conservas de frutas, legumes, outros vegetais e sucos de frutas"
6910702,DOCE DE FRUTAS EM PASTA LIGHT,10931,"Conservas de frutas, legumes, outros vegetais e sucos de frutas"
6910801,PUDIM DE QUALQUER SABOR LIGHT,10937,Outros produtos alimentares
6910807,DANETTE PUDIM LIGHT,10937,Outros produtos alimentares
6910901,PUDIM DE QUALQUER SABOR DIET,10937,Outros produtos alimentares
6910902,PUDIM DE COCO DIET,10937,Outros produtos alimentares
6910904,PUDIM DE LEITE CONDENSADO DIET,10937,Outros produtos alimentares
6911201,DOCE DE LEITE LIGHT,10916,Outros produtos do laticínio
6911301,DOCE DE LEITE DIET,10916,Outros produtos do laticínio
6911405,PICOLE CASEIRO LIGHT,10916,Outros produtos do laticínio
6911901,"COBERTURA DE QUALQUER SABOR (DE SORVETE, ETC.) LIGHT",10937,Outros produtos alimentares
6912401,OVO DE PASCOA DIET,10937,Outros produtos alimentares
6912501,BARRA DE CEREAIS DIET,10937,Outros produtos alimentares
6912502,BARRA DE CEREAIS DOCE DIET,10937,Outros produtos alimentares
6912503,BARRA DE CEREAIS DIETETICA,10937,Outros produtos alimentares
6912504,BARRA DE CEREAIS DOCE DIETETICA,10937,Outros produtos alimentares
6912701,SOBREMESA DE QUALQUER TIPO (EXCETO INFANTIL) DIET,56001,Serviços  de alimentação
6912702,SOBREMESA DE QUALQUER TIPO (EXCETO INFANTIL) DIETETICA,56001,Serviços  de alimentação
6912801,MILK SHAKE DIET,10937,Outros produtos alimentares
6912901,MARIA MOLE DIET,10937,Outros produtos alimentares
6913001,COCADA DIET,10937,Outros produtos alimentares
6913103,PACOCA DIET,10931,"Conservas de frutas, legumes, outros vegetais e sucos de frutas"
6913107,AMENDOIM CARAMELIZADO DIET,10931,"Conservas de frutas, legumes, outros vegetais e sucos de frutas"
6913801,DOCE A BASE DE LEITE DIET,10916,Outros produtos do laticínio
6913901,GELATINA LIGHT,10937,Outros produtos alimentares
6913902,GELATINA EM PO LIGHT,10937,Outros produtos alimentares
6914001,ADOCANTE LIGHT,10937,Outros produtos alimentares
6914002,ADOCANTE EM PO LIGHT,10937,Outros produtos alimentares
6914101,BARRA DE CEREAIS LIGHT,10937,Outros produtos alimentares
6914201,ARROZ CARAMELIZADO,10931,"Conservas de frutas, legumes, outros vegetais e sucos de frutas"
6914301,DOCE DE GERGELIM,10931,"Conservas de frutas, legumes, outros vegetais e sucos de frutas"
6914401,CREME DE AVELA,10931,"Conservas de frutas, legumes, outros vegetais e sucos de frutas"
6914501,ARROZ DOCE,10931,"Conservas de frutas, legumes, outros vegetais e sucos de frutas"
6914601,GLICOSE DE MANDIOCA,10931,"Conservas de frutas, legumes, outros vegetais e sucos de frutas"
6914701,VITAMINA CONCENTRADA (SHAKE),10937,Outros produtos alimentares
6914801,CASQUINHA DE SORVETE,10937,Outros produtos alimentares
7000101,SAL REFINADO,10937,Outros produtos alimentares
7000102,SAL IODADO,10937,Outros produtos alimentares
7000201,SAL GROSSO,10937,Outros produtos alimentares
7000202,SAL TRITURADO,10937,Outros produtos alimentares
7000203,SAL MOIDO,10937,Outros produtos alimentares
7000204,SAL GROSSO TEMPERADO,10937,Outros produtos alimentares
7000301,SAL AMONIACO,10937,Outros produtos alimentares
7000401,TEMPERO MISTO INDUSTRIALIZADO EM PASTA,10937,Outros produtos alimentares
7000402,CONDIMENTO MISTO INDUSTRIALIZADO EM PASTA,10937,Outros produtos alimentares
7000403,SALHO,10937,Outros produtos alimentares
7000404,ALHOSAL,10937,Outros produtos alimentares
7000405,ARISCO,10937,Outros produtos alimentares
7000406,TEMPERO ARISCO,10937,Outros produtos alimentares
7000407,ALHO EM PASTA,10937,Outros produtos alimentares
7000408,MINHOTO ALHO E SAL,10937,Outros produtos alimentares
7000409,PURE DE ALHO,10937,Outros produtos alimentares
7000410,CREME DE ALHO,10937,Outros produtos alimentares
7000411,MASSA DE ALHO,10937,Outros produtos alimentares
7000412,TEMPERO ALHO E SAL,10937,Outros produtos alimentares
7000413,TEMPERO COMPLETO EM PASTA,10937,Outros produtos alimentares
7000501,BICARBONATO DE SODIO,20911,Produtos químicos inorgânicos
7000502,BICARBONATO,20911,Produtos químicos inorgânicos
7000601,FERMENTO EM PO,10937,Outros produtos alimentares
7000602,FERMENTO,10937,Outros produtos alimentares
7000603,FERMENTO BIOLOGICO,10937,Outros produtos alimentares
7000702,AJINOMOTO,10937,Outros produtos alimentares
7000703,REALCADOR DE SABOR,10937,Outros produtos alimentares
7000901,BAUNILHA EM PO,10937,Outros produtos alimentares
7000902,ESSENCIA DE BAUNILHA,10937,Outros produtos alimentares
7001001,CANELA EM PO,10937,Outros produtos alimentares
7001002,CANELA EM PAU,10937,Outros produtos alimentares
7001003,CANELA EM FOLHA,10937,Outros produtos alimentares
7001101,CRAVO (TEMPERO INDUSTRIALIZADO),10937,Outros produtos alimentares
7001102,CRAVO TEMPERADO,10937,Outros produtos alimentares
7001103,CRAVO DA INDIA,10937,Outros produtos alimentares
7001201,COLORAU,10937,Outros produtos alimentares
7001202,COLORIFICO,10937,Outros produtos alimentares
7001204,URUCUM,01919,Outros produtos da lavoura permanente
7001205,COLORAU COM PIMENTA,10937,Outros produtos alimentares
7001301,PAPRIKA,10937,Outros produtos alimentares
7001401,NOZ MOSCADA (TEMPERO INDUSTRIALIZADO),10937,Outros produtos alimentares
7001501,MOSTARDA (TEMPERO INDUSTRIALIZADO),10937,Outros produtos alimentares
7001601,LOURO (TEMPERO INDUSTRIALIZADO),10937,Outros produtos alimentares
7001602,LOURO EM PO,10937,Outros produtos alimentares
7001603,LOURO EM FOLHA,10937,Outros produtos alimentares
7001604,FOLHA DE LOURO,10937,Outros produtos alimentares
7001701,ACAFRAO EM PO,10937,Outros produtos alimentares
7001801,COMINHO EM GRAO,10937,Outros produtos alimentares
7001802,CUMINHO EM GRAO,10937,Outros produtos alimentares
7002001,MOLHO DE TOMATE COM ERVAS,10937,Outros produtos alimentares
7002101,ALFAVACA (TEMPERO INDUSTRIALIZADO),10937,Outros produtos alimentares
7002102,QUIOIO (TEMPERO INDUSTRIALIZADO),10937,Outros produtos alimentares
7002103,MANGERICAO DE MOLHO (TEMPERO INDUSTRIALIZADO),10937,Outros produtos alimentares
7002104,ALFAVACA DE CHEIRO (TEMPERO INDUSTRIALIZADO),10937,Outros produtos alimentares
7002105,MANGERICAO (TEMPERO INDUSTRIALIZADO),10937,Outros produtos alimentares
7002106,ALFAVACA CHEIROSA (TEMPERO INDUSTRIALIZADO),10937,Outros produtos alimentares
7002107,MOLHO DE MANGERICAO,10937,Outros produtos alimentares
7002201,OREGANO (TEMPERO INDUSTRIALIZADO),10937,Outros produtos alimentares
7002202,OREGAO (TEMPERO INDUSTRIALIZADO),10937,Outros produtos alimentares
7002301,HORTELA (TEMPERO INDUSTRIALIZADO),10937,Outros produtos alimentares
7002303,HORTELA DAS HORTAS (TEMPERO INDUSTRIALIZADO),10937,Outros produtos alimentares
7002304,HORTELA COMUM (TEMPERO INDUSTRIALIZADO),10937,Outros produtos alimentares
7002305,LEVANTE (TEMPERO INDUSTRIALIZADO),10937,Outros produtos alimentares
7002308,ALEVANTE (TEMPERO INDUSTRIALIZADO),10937,Outros produtos alimentares
7002401,ALCAPARRA EM CONSERVA,10931,"Conservas de frutas, legumes, outros vegetais e sucos de frutas"
7002501,MANJERONA SECA,01916,Outros produtos e serviços da lavoura temporária
7002504,MANJERONA DESIDRATADA,10937,Outros produtos alimentares
7002601,COENTRO (TEMPERO INDUSTRIALIZADO),10937,Outros produtos alimentares
7002602,COENTRO EM PO,01916,Outros produtos e serviços da lavoura temporária
7002603,SEMENTE DE COENTRO,01916,Outros produtos e serviços da lavoura temporária
7002604,COENTRO EM GRAO,01916,Outros produtos e serviços da lavoura temporária
7002701,ALHO EM PO,10937,Outros produtos alimentares
7002702,ALHO DESIDRATADO,10937,Outros produtos alimentares
7002801,CEBOLA EM PO,10937,Outros produtos alimentares
7002901,CHEIRO VERDE EM PO,10937,Outros produtos alimentares
7003001,PIMENTAO EM PO,01919,Outros produtos da lavoura permanente
7003101,PIMENTA DO REINO EM PO OU EM GRAO,01919,Outros produtos da lavoura permanente
7003102,PIMENTA DO REINO EM PO,01919,Outros produtos da lavoura permanente
7003103,PIMENTA DO REINO EM GRAO,01919,Outros produtos da lavoura permanente
7003104,PIMENTA DO REINO CLARA,01919,Outros produtos da lavoura permanente
7003105,PIMENTA DA INDIA (PIMENTA DO REINO),01919,Outros produtos da lavoura permanente
7003106,PIMENTA DO REINO BRANCA,01919,Outros produtos da lavoura permanente
7003107,PIMENTA DO REINO PRETA,01919,Outros produtos da lavoura permanente
7003108,PIMENTA DO REINO ESCURA,01919,Outros produtos da lavoura permanente
7003109,PIMENTA DO REINO,01919,Outros produtos da lavoura permanente
7003201,PIMENTA DO REINO E COMINHO,10937,Outros produtos alimentares
7003202,COMINHO E PIMENTA DO REINO,10937,Outros produtos alimentares
7003301,VINAGRE DE ALCOOL,10937,Outros produtos alimentares
7003302,VINAGRE DE CANA,10937,Outros produtos alimentares
7003401,VINAGRE DE VINHO,10937,Outros produtos alimentares
7003402,VINAGRE DE UVA,10937,Outros produtos alimentares
7003501,VINAGRE DE MACA,10937,Outros produtos alimentares
7003601,MOLHO DE SOJA,10937,Outros produtos alimentares
7003603,MOLHO JAPONES,10937,Outros produtos alimentares
7003604,SHOYO,10937,Outros produtos alimentares
7003605,TSUQUEMONO,10937,Outros produtos alimentares
7003606,SAKURO,10937,Outros produtos alimentares
7003607,MOLHO SHOYU,10937,Outros produtos alimentares
7003701,MOLHO INGLES,10937,Outros produtos alimentares
7003801,LEITE DE COCO,10931,"Conservas de frutas, legumes, outros vegetais e sucos de frutas"
7003901,MOLHO TARTARO,10937,Outros produtos alimentares
7004001,TEMPERO DE SALADAS,10937,Outros produtos alimentares
7004101,MOLHO DE TUCUPI COM PIMENTA,10937,Outros produtos alimentares
7004102,TUCUPI EM MOLHO COM PIMENTA,10937,Outros produtos alimentares
7004103,TUCUPI COM PIMENTA,10937,Outros produtos alimentares
7004201,MOLHO DE HORTELA,10937,Outros produtos alimentares
7004301,MAIONESE,10937,Outros produtos alimentares
7004302,MAIONESE COM LIMAO,10937,Outros produtos alimentares
7004303,MAIONESE COM ATUM,10937,Outros produtos alimentares
7004304,MAIONESE COM AZEITONA,10937,Outros produtos alimentares
7004305,MOLHO DE MAIONESE,10937,Outros produtos alimentares
7004306,MAIONESE DE QUALQUER SABOR,10937,Outros produtos alimentares
7004307,MAIONESE DE LEITE,10937,Outros produtos alimentares
7004401,CALDO DE GALINHA,10937,Outros produtos alimentares
7004501,CALDO DE CARNE,10937,Outros produtos alimentares
7004502,CALDO DE PICANHA,10937,Outros produtos alimentares
7004601,CURRY,10937,Outros produtos alimentares
7004701,MASSA DE TOMATE,10931,"Conservas de frutas, legumes, outros vegetais e sucos de frutas"
7004702,EXTRATO DE TOMATE,10931,"Conservas de frutas, legumes, outros vegetais e sucos de frutas"
7004704,PURE DE TOMATE,10931,"Conservas de frutas, legumes, outros vegetais e sucos de frutas"
7004705,POLPA DE TOMATE,10931,"Conservas de frutas, legumes, outros vegetais e sucos de frutas"
7004801,MOLHO DE TOMATE,10937,Outros produtos alimentares
7004802,KETCHUP,10937,Outros produtos alimentares
7004803,CATCHUP,10937,Outros produtos alimentares
7004804,CAT-CHUP,10937,Outros produtos alimentares
7004805,KAT-CHUP,10937,Outros produtos alimentares
7004806,MOLHO REFOGADO DE TOMATE,10937,Outros produtos alimentares
7004807,KATCHUP,10937,Outros produtos alimentares
7004901,MOLHO BOLONHESA,10937,Outros produtos alimentares
7004902,MOLHO A BOLONHESA,10937,Outros produtos alimentares
7004903,MOLHO DE TOMATE COM CARNE,10937,Outros produtos alimentares
7004904,MOLHO DE MACARRONADA,10937,Outros produtos alimentares
7005001,MOLHO VEGETAL,10937,Outros produtos alimentares
7005101,MOLHO XADREZ,10937,Outros produtos alimentares
7005201,COMINHO EM PO,10937,Outros produtos alimentares
7005202,CUMINHO EM PO,10937,Outros produtos alimentares
7005301,PIMENTA DO REINO E ALHO EM PO (TEMPERO MISTO EM PO OU EM GRAO),10937,Outros produtos alimentares
7005302,TEMPERO MISTO EM PO,10937,Outros produtos alimentares
7005303,PIMENTA DO REINO EM GRAO E ALHO (TEMPERO MISTO EM PO OU EM GRAO),10937,Outros produtos alimentares
7005304,TEMPERO MISTO EM GRAO,10937,Outros produtos alimentares
7005401,CALDO DE LEGUMES,10937,Outros produtos alimentares
7005601,TEMPERO DE MASSAS,10937,Outros produtos alimentares
7005701,SAL DIET,10937,Outros produtos alimentares
7005703,SAL IODADO DIET,10937,Outros produtos alimentares
7005801,TEMPERO DE FEIJAO,10937,Outros produtos alimentares
7005802,CALDO DE FEIJOADA KNORR,10937,Outros produtos alimentares
7005901,AMACIANTE DE CARNE,10937,Outros produtos alimentares
7006001,FONDOR,10937,Outros produtos alimentares
7006101,PIMENTA EM PO,10937,Outros produtos alimentares
7006301,MASSA DE PEIXE,10914,Pescado industrializado
7006501,ERVILHA FRITA EM PO OU GRAO,10931,"Conservas de frutas, legumes, outros vegetais e sucos de frutas"
7006502,ERVILHA EM PO OU GRAO (FRITA),10937,Outros produtos alimentares
7006602,FAVA PO OU GRAO (FRITA),10937,Outros produtos alimentares
7006701,MOLHO DE MILHO VERDE,10931,"Conservas de frutas, legumes, outros vegetais e sucos de frutas"
7006801,MISSO,10937,Outros produtos alimentares
7006901,SALSA DESIDRATADA,10937,Outros produtos alimentares
7007001,MOLHO DE PIZZA,10937,Outros produtos alimentares
7007002,MOLHO PARA PIZZA,10937,Outros produtos alimentares
7007101,TUCUPI EM CALDO SEM PIMENTA,10937,Outros produtos alimentares
7007102,CALDO DE TUCUPI SEM PIMENTA,10937,Outros produtos alimentares
7007201,MOLHO BRANCO,10937,Outros produtos alimentares
7007301,CALDO DE BACON,10937,Outros produtos alimentares
7007401,CALDO DE CALABREZA,10937,Outros produtos alimentares
7007502,CREME DE QUEIJO,10916,Outros produtos do laticínio
7007503,MOLHO QUATRO QUEIJOS,10916,Outros produtos do laticínio
7007504,PATE DE QUEIJO,10916,Outros produtos do laticínio
7007601,CALDO NAO-ESPECIFICADO,10937,Outros produtos alimentares
7007602,TEMPERO NAO-ESPECIFICADO EM TABLETE,10937,Outros produtos alimentares
7007701,CALDO DE PEIXE,10937,Outros produtos alimentares
7007702,CALDO DE BACALHAU,10937,Outros produtos alimentares
7007801,CALDO DE CAMARAO,10937,Outros produtos alimentares
7007802,CAMARAO EM PO,10914,Pescado industrializado
7007901,CALDO DE TOMATE,10937,Outros produtos alimentares
7008001,MOLHO NAO-ESPECIFICADO,10937,Outros produtos alimentares
7008101,MOLHO DE ALHO,10937,Outros produtos alimentares
7008102,EXTRATO DE ALHO,10937,Outros produtos alimentares
7008201,COALHO,10937,Outros produtos alimentares
7008202,COAGULANTE LIQUIDO,10937,Outros produtos alimentares
7008301,TEMPERO EM PO NAO-ESPECIFICADO,10937,Outros produtos alimentares
7008401,TEMPERO NAO-ESPECIFICADO,10937,Outros produtos alimentares
7008402,CONDIMENTO NAO-ESPECIFICADO,10937,Outros produtos alimentares
7008403,TEMPERO CASEIRO NAO-ESPECIFICADO,10937,Outros produtos alimentares
7008501,SAL AMARGO,10937,Outros produtos alimentares
7008601,SALVIA EM FOLHA (TEMPERO INDUSTRIALIZADO),10937,Outros produtos alimentares
7008701,TOMILHO EM FOLHA (TEMPERO INDUSTRIALIZADO),10937,Outros produtos alimentares
7008801,VINAGRE NAO-ESPECIFICADO,10937,Outros produtos alimentares
7008901,VINAGRE DE ARROZ,10937,Outros produtos alimentares
7009001,VINAGRE DE MILHO,10937,Outros produtos alimentares
7009101,GERGELIM EM PO,10937,Outros produtos alimentares
7009102,GERGELIM EM GRAO,10937,Outros produtos alimentares
7009201,MOLHO DE PIMENTA,10937,Outros produtos alimentares
7009301,MOLHO MADEIRA,10937,Outros produtos alimentares
7009401,MOLHO PARA SALADA,10937,Outros produtos alimentares
7009501,MOLHO AGRIDOCE,10937,Outros produtos alimentares
7009601,MOLHO AO SUGO,10937,Outros produtos alimentares
7009801,MOLHO DE FRANGO,10937,Outros produtos alimentares
7009901,MOLHO PARA CARNE,10937,Outros produtos alimentares
7010101,MOLHO TEMPERADO PARMESAO,10937,Outros produtos alimentares
7010201,CEBOLINHA DESIDRATADA,01916,Outros produtos e serviços da lavoura temporária
7010301,TOMATE SECO,10931,"Conservas de frutas, legumes, outros vegetais e sucos de frutas"
7010302,TOMATE DESIDRATADO,10937,Outros produtos alimentares
7010401,MAIONESE LIGHT,10937,Outros produtos alimentares
7010405,MOLHO DE MAIONESE LIGHT,10937,Outros produtos alimentares
7010406,MAIONESE DE QUALQUER SABOR LIGHT,10937,Outros produtos alimentares
7010501,MOLHO DE SOJA LIGHT,10937,Outros produtos alimentares
7010601,LEITE DE COCO LIGHT,10937,Outros produtos alimentares
7010701,TEMPERO DE SALADAS LIGHT,10937,Outros produtos alimentares
7010702,MOLHO DE SALADAS LIGHT,10937,Outros produtos alimentares
7010901,MOLHO DE TOMATE LIGHT,10937,Outros produtos alimentares
7010903,CATCHUP LIGHT,10937,Outros produtos alimentares
7010906,MOLHO REFOGADO DE TOMATE LIGHT,10937,Outros produtos alimentares
7011001,SAL REFINADO LIGHT,10937,Outros produtos alimentares
7011002,SAL IODADO LIGHT,10937,Outros produtos alimentares
7011101,CALDO DE CEBOLA,10937,Outros produtos alimentares
7011201,CALDO DE COSTELA,10937,Outros produtos alimentares
7011301,CALDO DE MANDIOCA,10937,Outros produtos alimentares
7011401,COCO EM FLOCOS,10937,Outros produtos alimentares
7011402,FLOCOS DE COCO,10937,Outros produtos alimentares
7011501,COAGULANTE LIQUIDO (CLORETO DE MAGNESIO),10937,Outros produtos alimentares
7011601,EMUSTAB (EMULSIFICANTE),10937,Outros produtos alimentares
7011701,PIMENTA CALABRESA,10937,Outros produtos alimentares
7011801,TEMPERO SAZON,10937,Outros produtos alimentares
7011802,SAZON (TEMPERO),10937,Outros produtos alimentares
7011803,SAZON,10937,Outros produtos alimentares
7011901,VINAGRE DE ALCOOL E VINHO (COMPOSTO),10937,Outros produtos alimentares
7011902,AGRIN,10937,Outros produtos alimentares
7012001,CALDO DE ARROZ,10937,Outros produtos alimentares
7012101,TEMPERO NAO-ESPECIFICADO EM PACOTE,10937,Outros produtos alimentares
7012201,TEMPERO MISTO LIQUIDO,10937,Outros produtos alimentares
7012202,TEMPERO LIQUIDO MISTO,10937,Outros produtos alimentares
7012203,TEMPERO LIQUIDO DE CEBOLA E ALHO,10937,Outros produtos alimentares
7012204,TEMPERO LIQUIDO COMPLETO,10937,Outros produtos alimentares
7012301,VINAGRE DE LIMAO,10937,Outros produtos alimentares
7012401,VINAGRE BALSAMICO,10937,Outros produtos alimentares
7012501,CALDO DE PERU,10937,Outros produtos alimentares
7012601,ERVA DOCE (TEMPERO INDUSTRIALIZADO),10937,Outros produtos alimentares
7100101,FILE MIGNON,10911,Carne de bovinos e outros prod. de carne
7100102,FILE SEM MIGNON,10911,Carne de bovinos e outros prod. de carne
7100103,FILE COM MIGNON,10911,Carne de bovinos e outros prod. de carne
7100201,CONTRAFILE,10911,Carne de bovinos e outros prod. de carne
7100202,FILE CURTO,10911,Carne de bovinos e outros prod. de carne
7100203,CHULETA COM OSSO (CONTRAFILE),10911,Carne de bovinos e outros prod. de carne
7100204,FILE ESPECIAL,10911,Carne de bovinos e outros prod. de carne
7100205,BISTECA BOVINA,10911,Carne de bovinos e outros prod. de carne
7100206,CHULETA BOVINA,10911,Carne de bovinos e outros prod. de carne
7100207,PONTA DE CHULETA,10911,Carne de bovinos e outros prod. de carne
7100301,ALCATRA,10911,Carne de bovinos e outros prod. de carne
7100303,MAMINHA,10911,Carne de bovinos e outros prod. de carne
7100304,PICANHA,10911,Carne de bovinos e outros prod. de carne
7100306,ALCATRA BOVINA,10911,Carne de bovinos e outros prod. de carne
7100307,PONTA DE ALCATRA,10911,Carne de bovinos e outros prod. de carne
7100308,ALCATRA COM OSSO,10911,Carne de bovinos e outros prod. de carne
7100309,MIOLO DE ALCATRA,10911,Carne de bovinos e outros prod. de carne
7100401,CHA DE DENTRO,10911,Carne de bovinos e outros prod. de carne
7100402,COXAO MOLE (CHA DE DENTRO),10911,Carne de bovinos e outros prod. de carne
7100403,COXAO DE DENTRO (CHA DE DENTRO),10911,Carne de bovinos e outros prod. de carne
7100404,COXAO MOLE,10911,Carne de bovinos e outros prod. de carne
7100501,PATINHO,10911,Carne de bovinos e outros prod. de carne
7100502,CABECA DE LOMBO (CARNE BOVINA),10911,Carne de bovinos e outros prod. de carne
7100503,BOLA DO PATINHO,10911,Carne de bovinos e outros prod. de carne
7100504,PATINHO COM OSSO,10911,Carne de bovinos e outros prod. de carne
7100601,LAGARTO REDONDO,10911,Carne de bovinos e outros prod. de carne
7100604,POSTA BRANCA,10911,Carne de bovinos e outros prod. de carne
7100605,LAGARTO PAULISTA,10911,Carne de bovinos e outros prod. de carne
7100606,TATU (LAGARTO REDONDO),10911,Carne de bovinos e outros prod. de carne
7100607,PAULISTA,10911,Carne de bovinos e outros prod. de carne
7100608,LOMBO PAULISTA (CARNE BOVINA),10911,Carne de bovinos e outros prod. de carne
7100701,LAGARTO COMUM,10911,Carne de bovinos e outros prod. de carne
7100702,POSTA VERMELHA,10911,Carne de bovinos e outros prod. de carne
7100703,LAGARTO PLANO,10911,Carne de bovinos e outros prod. de carne
7100705,COXAO DE FORA (LAGARTO COMUM),10911,Carne de bovinos e outros prod. de carne
7100706,COXAO DURO (LAGARTO COMUM),10911,Carne de bovinos e outros prod. de carne
7100707,CHA DE FORA,10911,Carne de bovinos e outros prod. de carne
7100708,COXAO DURO,10911,Carne de bovinos e outros prod. de carne
7100709,CHANDANGA BOVINA,10911,Carne de bovinos e outros prod. de carne
7100801,ACEM,10911,Carne de bovinos e outros prod. de carne
7100802,LOMBO BOVINO,10911,Carne de bovinos e outros prod. de carne
7100803,AGULHA (ACEM),10911,Carne de bovinos e outros prod. de carne
7100804,ACEM COM OSSO,10911,Carne de bovinos e outros prod. de carne
7100805,LOMBO BOVINO COM OSSO,10911,Carne de bovinos e outros prod. de carne
7100806,AGULHA COM OSSO,10911,Carne de bovinos e outros prod. de carne
7100807,PONTA DE AGULHA,10911,Carne de bovinos e outros prod. de carne
7100808,MIOLO DE ACEM,10911,Carne de bovinos e outros prod. de carne
7100809,MIOLO DE AGULHA,10911,Carne de bovinos e outros prod. de carne
7100901,PA,10911,Carne de bovinos e outros prod. de carne
7100902,PONTA DA PA,10911,Carne de bovinos e outros prod. de carne
7100903,POSTA GORDA,10911,Carne de bovinos e outros prod. de carne
7100904,MIOLO DA PA,10911,Carne de bovinos e outros prod. de carne
7100905,PALETA,10911,Carne de bovinos e outros prod. de carne
7100906,CRUZ MACHADO,10911,Carne de bovinos e outros prod. de carne
7100907,PALETA COM OSSO,10911,Carne de bovinos e outros prod. de carne
7100908,PA COM OSSO,10911,Carne de bovinos e outros prod. de carne
7100909,MIOLO DE PALETA,10911,Carne de bovinos e outros prod. de carne
7100910,MIOLO DA PALETA,10911,Carne de bovinos e outros prod. de carne
7100911,PA SEM OSSO,10911,Carne de bovinos e outros prod. de carne
7100912,BOLA DA PA,10911,Carne de bovinos e outros prod. de carne
7101001,MUSCULO BOVINO,10911,Carne de bovinos e outros prod. de carne
7101002,MUSCULO DA PA,10911,Carne de bovinos e outros prod. de carne
7101003,MUSCULO DO TRASEIRO,10911,Carne de bovinos e outros prod. de carne
7101005,MUSCULO DO DIANTEIRO,10911,Carne de bovinos e outros prod. de carne
7101006,CHAMBARIL,10911,Carne de bovinos e outros prod. de carne
7101007,CARNE DE PESCOCO,10911,Carne de bovinos e outros prod. de carne
7101008,MARICA,10911,Carne de bovinos e outros prod. de carne
7101009,CARNE MARICA BOVINA,10911,Carne de bovinos e outros prod. de carne
7101010,CARNE DE VAZIO,10911,Carne de bovinos e outros prod. de carne
7101011,VAZIO (CARNE BOVINA),10911,Carne de bovinos e outros prod. de carne
7101012,CARNE BOVINA DO VAZIO,10911,Carne de bovinos e outros prod. de carne
7101013,MUSCULO COM OSSO,10911,Carne de bovinos e outros prod. de carne
7101014,OSSOBUCO,10911,Carne de bovinos e outros prod. de carne
7101101,PEITO BOVINO,10911,Carne de bovinos e outros prod. de carne
7101102,PONTA DE PEITO,10911,Carne de bovinos e outros prod. de carne
7101103,MIOLO DE PEITO BOVINO,10911,Carne de bovinos e outros prod. de carne
7101201,CAPA DE FILE,10911,Carne de bovinos e outros prod. de carne
7101202,FRALDINHA (CAPA DE FILE),10911,Carne de bovinos e outros prod. de carne
7101203,ABA DE FILE,10911,Carne de bovinos e outros prod. de carne
7101204,CAPA DE CONTRAFILE,10911,Carne de bovinos e outros prod. de carne
7101205,CAPA DE MIGNON,10911,Carne de bovinos e outros prod. de carne
7101301,COSTELA BOVINA,10911,Carne de bovinos e outros prod. de carne
7101302,CARNE CHUPA MOLHO,10911,Carne de bovinos e outros prod. de carne
7101303,MATAMBRE,10911,Carne de bovinos e outros prod. de carne
7101304,PONTA DE COSTELA,10911,Carne de bovinos e outros prod. de carne
7101305,COSTELA DE BOI,10911,Carne de bovinos e outros prod. de carne
7101401,CARNE MOIDA DE PRIMEIRA,10911,Carne de bovinos e outros prod. de carne
7101402,GUIZADO (CARNE MOIDA DE PRIMEIRA),10911,Carne de bovinos e outros prod. de carne
7101501,CARNE MOIDA DE SEGUNDA,10911,Carne de bovinos e outros prod. de carne
7101502,GUIZADO (CARNE MOIDA DE SEGUNDA),10911,Carne de bovinos e outros prod. de carne
7101601,CARNE BOVINA DE PRIMEIRA,10911,Carne de bovinos e outros prod. de carne
7101602,CARNE BOVINA DE PRIMEIRA COM OSSO,10911,Carne de bovinos e outros prod. de carne
7101701,CARNE BOVINA DE SEGUNDA,10911,Carne de bovinos e outros prod. de carne
7101702,ALCATRINHA COM OSSO (DIANTEIRO DE SEGUNDA),10911,Carne de bovinos e outros prod. de carne
7101703,CARNE BOVINA COM OSSO NAO-ESPECIFICADA,10911,Carne de bovinos e outros prod. de carne
7101705,CONTRA FILE DE SEGUNDA,10911,Carne de bovinos e outros prod. de carne
7101706,FILE DE SEGUNDA,10911,Carne de bovinos e outros prod. de carne
7101707,ALCATRINHA,10911,Carne de bovinos e outros prod. de carne
7101708,CARNE BOVINA DE SEGUNDA COM OSSO,10911,Carne de bovinos e outros prod. de carne
7101801,VISCERA BOVINA NAO-ESPECIFICADA,10911,Carne de bovinos e outros prod. de carne
7101803,FRISSURA BOVINA NAO-ESPECIFICADA,10911,Carne de bovinos e outros prod. de carne
7101804,FISSURA BOVINA NAO-ESPECIFICADA,10911,Carne de bovinos e outros prod. de carne
7101805,MIUDO BOVINO NAO-ESPECIFICADO,10911,Carne de bovinos e outros prod. de carne
7101806,PANELADA (VISCERAS BOVINAS NAO-ESPECIFICADAS),10911,Carne de bovinos e outros prod. de carne
7101901,CORACAO BOVINO,10911,Carne de bovinos e outros prod. de carne
7102001,RIM BOVINO,10911,Carne de bovinos e outros prod. de carne
7102101,PULMAO BOVINO,10911,Carne de bovinos e outros prod. de carne
7102102,BOFE BOVINO,10911,Carne de bovinos e outros prod. de carne
7102103,BOBO BOVINO,10911,Carne de bovinos e outros prod. de carne
7102201,MIOLO BOVINO,10911,Carne de bovinos e outros prod. de carne
7102301,BUCHO BOVINO,10911,Carne de bovinos e outros prod. de carne
7102302,ESTOMAGO BOVINO,10911,Carne de bovinos e outros prod. de carne
7102304,BUCHADA BOVINA,10911,Carne de bovinos e outros prod. de carne
7102401,TRIPA BOVINA,10911,Carne de bovinos e outros prod. de carne
7102402,DOBRADINHA FRESCA,10911,Carne de bovinos e outros prod. de carne
7102403,FATO BOVINO,10911,Carne de bovinos e outros prod. de carne
7102404,FATO CAPRINO,10911,Carne de bovinos e outros prod. de carne
7102405,MONDONGO (TRIPA BOVINA),10911,Carne de bovinos e outros prod. de carne
7102501,FIGADO BOVINO,10911,Carne de bovinos e outros prod. de carne
7102502,FIGADO DE BOI,10911,Carne de bovinos e outros prod. de carne
7102601,CUPIM,10911,Carne de bovinos e outros prod. de carne
7102602,CUPIM BOVINO,10911,Carne de bovinos e outros prod. de carne
7102701,LINGUA BOVINA,10911,Carne de bovinos e outros prod. de carne
7102801,RABADA BOVINA,10911,Carne de bovinos e outros prod. de carne
7102802,RABO BOVINO,10911,Carne de bovinos e outros prod. de carne
7102901,TESTICULO BOVINO,10911,Carne de bovinos e outros prod. de carne
7103001,CABECA BOVINA,10911,Carne de bovinos e outros prod. de carne
7103101,MOCOTO BOVINO,10911,Carne de bovinos e outros prod. de carne
7103102,PE BOVINO,10911,Carne de bovinos e outros prod. de carne
7103103,CORREDOR BOVINO,10911,Carne de bovinos e outros prod. de carne
7103104,BRACO BOVINO,10911,Carne de bovinos e outros prod. de carne
7103105,MAO BOVINA,10911,Carne de bovinos e outros prod. de carne
7103106,PERNA BOVINA,10911,Carne de bovinos e outros prod. de carne
7103107,MAO DE VACA,10911,Carne de bovinos e outros prod. de carne
7103108,CANELA BOVINA,10911,Carne de bovinos e outros prod. de carne
7103201,OSSO BOVINO,10911,Carne de bovinos e outros prod. de carne
7103202,OSSADA BOVINA,10911,Carne de bovinos e outros prod. de carne
7103301,CARRE,10912,Carne de suíno
7103302,CHULETA SUINA,10912,Carne de suíno
7103303,COSTELETA SUINA,10912,Carne de suíno
7103304,PALETA SUINA,10912,Carne de suíno
7103305,BISTECA SUINA,10912,Carne de suíno
7103306,PA SUINA,10912,Carne de suíno
7103401,PERNIL SUINO,10912,Carne de suíno
7103402,COXAO SUINO,10912,Carne de suíno
7103403,QUARTO SUINO,10912,Carne de suíno
7103501,COSTELA SUINA,10912,Carne de suíno
7103502,COSTELINHA SUINA,10912,Carne de suíno
7103503,COSTELA DE PORCO,10912,Carne de suíno
7103504,COSTELINHA DE PORCO,10912,Carne de suíno
7103601,CARNE SUINA COM OSSO NAO-ESPECIFICADA,10912,Carne de suíno
7103701,LOMBO SUINO,10912,Carne de suíno
7103702,LOMBINHO SUINO,10912,Carne de suíno
7103703,LOMBO SUINO RECHEADO E TEMPERADO,10912,Carne de suíno
7103704,COPA SUINA,10912,Carne de suíno
7103705,FILE MIGNON SUINO,10912,Carne de suíno
7103801,TOUCINHO,10911,Carne de bovinos e outros prod. de carne
7103802,TOUCINHO FRESCO,10911,Carne de bovinos e outros prod. de carne
7103803,TOUCINHO DE TORRESMO,10911,Carne de bovinos e outros prod. de carne
7103804,PELE SUINA FRESCA,10911,Carne de bovinos e outros prod. de carne
7103901,VISCERA SUINA NAO-ESPECIFICADA,10911,Carne de bovinos e outros prod. de carne
7103902,FRESSURA SUINA NAO-ESPECIFICADA,10911,Carne de bovinos e outros prod. de carne
7103903,MIUDO SUINO NAO-ESPECIFICADO,10911,Carne de bovinos e outros prod. de carne
7103905,FISSURA SUINA NAO-ESPECIFICADA,10911,Carne de bovinos e outros prod. de carne
7103906,ARRASTO SUINO NAO-ESPECIFICADO,10911,Carne de bovinos e outros prod. de carne
7103907,SARAPATEL SUINO FRESCO,10911,Carne de bovinos e outros prod. de carne
7104001,CORACAO SUINO,10911,Carne de bovinos e outros prod. de carne
7104101,CARNE SUINA NAO-ESPECIFICADA,10912,Carne de suíno
7104102,CARNE DE PORCO NAO ESPECIFICADA,10912,Carne de suíno
7104301,CARNE MOIDA NAO-ESPECIFICADA,10911,Carne de bovinos e outros prod. de carne
7104302,GUIZADO (CARNE MOIDA NAO-ESPECIFICADA),10911,Carne de bovinos e outros prod. de carne
7104401,BUCHO SUINO,10911,Carne de bovinos e outros prod. de carne
7104501,TRIPA SUINA,10911,Carne de bovinos e outros prod. de carne
7104502,FATO SUINO,10911,Carne de bovinos e outros prod. de carne
7104601,FIGADO SUINO,10911,Carne de bovinos e outros prod. de carne
7104701,LINGUA SUINA,10911,Carne de bovinos e outros prod. de carne
7104801,RABO SUINO,10911,Carne de bovinos e outros prod. de carne
7104802,RABINHO SUINO,10911,Carne de bovinos e outros prod. de carne
7104901,CABECA SUINA,10911,Carne de bovinos e outros prod. de carne
7104902,CABECA DE PORCO,10911,Carne de bovinos e outros prod. de carne
7105001,ORELHA SUINA FRESCA,10911,Carne de bovinos e outros prod. de carne
7105103,SARRABULHO,10911,Carne de bovinos e outros prod. de carne
7105201,OSSO SUINO,10911,Carne de bovinos e outros prod. de carne
7105202,OSSADA SUINA,10911,Carne de bovinos e outros prod. de carne
7105203,MOCOTO SUINO,10911,Carne de bovinos e outros prod. de carne
7105204,CARCACA SUINA,10911,Carne de bovinos e outros prod. de carne
7105301,PORCO VIVO,01923,Suínos
7105302,SUINO VIVO,01923,Suínos
7105401,CARNE DE CABRITO,10911,Carne de bovinos e outros prod. de carne
7105402,CARNE DE BODE,10911,Carne de bovinos e outros prod. de carne
7105403,CARNE CAPRINA,10911,Carne de bovinos e outros prod. de carne
7105404,COSTELA DE BODE,10911,Carne de bovinos e outros prod. de carne
7105405,CARNE DE CAPRINO,10911,Carne de bovinos e outros prod. de carne
7105501,CABRITO VIVO,01921,"Bovinos e outros animais vivos, prods. animal, caça e serv."
7105502,BODE VIVO,01921,"Bovinos e outros animais vivos, prods. animal, caça e serv."
7105601,CARNE DE CARNEIRO,10911,Carne de bovinos e outros prod. de carne
7105602,CARNE DE OVELHA,10911,Carne de bovinos e outros prod. de carne
7105603,COSTELA DE CARNEIRO,10911,Carne de bovinos e outros prod. de carne
7105604,COXAO DE CARNEIRO,10911,Carne de bovinos e outros prod. de carne
7105605,CARNE OVINA,10911,Carne de bovinos e outros prod. de carne
7105606,PALETA DE CARNEIRO,10911,Carne de bovinos e outros prod. de carne
7105607,PERNIL DE CARNEIRO,10911,Carne de bovinos e outros prod. de carne
7105608,DIANTEIRO DE CARNEIRO,10911,Carne de bovinos e outros prod. de carne
7105701,CARNEIRO VIVO,01921,"Bovinos e outros animais vivos, prods. animal, caça e serv."
7105801,MOCOTO DE CAPRINO,10911,Carne de bovinos e outros prod. de carne
7105901,CHA BOVINA NAO-ESPECIFICADA,10911,Carne de bovinos e outros prod. de carne
7106001,CARNE SUINA DE PRIMEIRA NAO-ESPECIFICADA,10912,Carne de suíno
7106101,COSTELA NAO-ESPECIFICADA,10911,Carne de bovinos e outros prod. de carne
7106301,PERNIL NAO-ESPECIFICADO,10912,Carne de suíno
7106401,LAGARTO BOVINO NAO-ESPECIFICADO,10911,Carne de bovinos e outros prod. de carne
7106402,LAGARTO RECHEADO,10911,Carne de bovinos e outros prod. de carne
7106501,ALCATRA SUINA,10912,Carne de suíno
7106701,OUTROS ANIMAIS VIVOS,01921,"Bovinos e outros animais vivos, prods. animal, caça e serv."
7106702,VEADO VIVO,01921,"Bovinos e outros animais vivos, prods. animal, caça e serv."
7106703,PACA VIVA,01921,"Bovinos e outros animais vivos, prods. animal, caça e serv."
7106704,TATU VIVO,01921,"Bovinos e outros animais vivos, prods. animal, caça e serv."
7106708,CUTIA VIVA,01921,"Bovinos e outros animais vivos, prods. animal, caça e serv."
7106709,MACACO VIVO,01921,"Bovinos e outros animais vivos, prods. animal, caça e serv."
7106801,CARNE SUINA SEM OSSO NAO-ESPECIFICADA,10912,Carne de suíno
7106802,CARNE SUINA EM BIFE,10912,Carne de suíno
7106901,PASSARINHA BOVINA,10911,Carne de bovinos e outros prod. de carne
7106902,BACO BOVINO,10911,Carne de bovinos e outros prod. de carne
7107002,BACO SUINO,10911,Carne de bovinos e outros prod. de carne
7107101,BRAJOLA,10911,Carne de bovinos e outros prod. de carne
7107103,BIFE ROLE CRU,10911,Carne de bovinos e outros prod. de carne
7107202,BUCHADA DE CARNEIRO,10911,Carne de bovinos e outros prod. de carne
7107204,BUCHADA DE BODE,10911,Carne de bovinos e outros prod. de carne
7107301,LIMPEZA DE CARNE BOVINA,10911,Carne de bovinos e outros prod. de carne
7107302,APARA DE CARNE BOVINA,10911,Carne de bovinos e outros prod. de carne
7107303,MUXIBA (GORDURA BOVINA),10911,Carne de bovinos e outros prod. de carne
7107304,GORDURA BOVINA,10911,Carne de bovinos e outros prod. de carne
7107305,XAXADO BOVINO,10911,Carne de bovinos e outros prod. de carne
7107401,BUCHO NAO-ESPECIFICADO,10911,Carne de bovinos e outros prod. de carne
7107402,BUCHADA NAO-ESPECIFICADA,10911,Carne de bovinos e outros prod. de carne
7107501,SUA SUINA,10911,Carne de bovinos e outros prod. de carne
7107502,ASSUA SUINA,10911,Carne de bovinos e outros prod. de carne
7107601,CARNE DE OUTROS ANIMAIS,10911,Carne de bovinos e outros prod. de carne
7107602,CARNE DE VEADO,10911,Carne de bovinos e outros prod. de carne
7107603,CARNE DE PACA,10911,Carne de bovinos e outros prod. de carne
7107604,CARNE DE TATU,10911,Carne de bovinos e outros prod. de carne
7107607,CARNE DE PREA,10911,Carne de bovinos e outros prod. de carne
7107609,CARNE DE ANTA,10911,Carne de bovinos e outros prod. de carne
7107610,FIGADO DE CARNEIRO,10911,Carne de bovinos e outros prod. de carne
7107611,CARNE DE JACARE,10911,Carne de bovinos e outros prod. de carne
7107612,CARNE DE CUTIA,10911,Carne de bovinos e outros prod. de carne
7107613,CARNE DE JACARE SALGADA,10911,Carne de bovinos e outros prod. de carne
7107614,CARNE DE PORCO SILVESTRE,10911,Carne de bovinos e outros prod. de carne
7107615,CARNE DE CAPIVARA,10911,Carne de bovinos e outros prod. de carne
7107616,CARNE DE MACACO,10911,Carne de bovinos e outros prod. de carne
7107617,CARNE DE COTIA,10911,Carne de bovinos e outros prod. de carne
7107619,CARNE DE QUEIXADA,10911,Carne de bovinos e outros prod. de carne
7107620,CARNE DE COBRA JIBOIA,10911,Carne de bovinos e outros prod. de carne
7107621,CARNE DE PORCO DO MATO,10911,Carne de bovinos e outros prod. de carne
7107622,CARNE DE JABUTI,10911,Carne de bovinos e outros prod. de carne
7107623,CARNE DE PREGUICA,10911,Carne de bovinos e outros prod. de carne
7107624,CARNE DE TAMANDUA,10911,Carne de bovinos e outros prod. de carne
7107625,CARNE DE CUTIARA,10911,Carne de bovinos e outros prod. de carne
7107701,CARNE DE BUFALO,10911,Carne de bovinos e outros prod. de carne
7107801,CARNE DE PRIMEIRA NAO-ESPECIFICADA,10911,Carne de bovinos e outros prod. de carne
7107802,CARNE DE PRIMEIRA COM OSSO NAO-ESPECIFICADA,10911,Carne de bovinos e outros prod. de carne
7107803,BISTECA NAO-ESPECIFICADA,10911,Carne de bovinos e outros prod. de carne
7107804,CHULETA NAO-ESPECIFICADA,10911,Carne de bovinos e outros prod. de carne
7107805,FILE NAO-ESPECIFICADO,10911,Carne de bovinos e outros prod. de carne
7107806,COXAO NAO-ESPECIFICADO,10911,Carne de bovinos e outros prod. de carne
7107901,KIT DE CARNE DE CHURRASCO,10911,Carne de bovinos e outros prod. de carne
7107902,CARNE DE CHURRASCO (KIT),10911,Carne de bovinos e outros prod. de carne
7108101,VISCERA DE CARNEIRO,10911,Carne de bovinos e outros prod. de carne
7108106,FISSURA DE BODE,10911,Carne de bovinos e outros prod. de carne
7108107,MIUDO DE BODE NAO-ESPECIFICADO,10911,Carne de bovinos e outros prod. de carne
7108201,NARIZ SUINO,10911,Carne de bovinos e outros prod. de carne
7108301,PE SUINO FRESCO,10911,Carne de bovinos e outros prod. de carne
7108302,JOELHO SUINO,10911,Carne de bovinos e outros prod. de carne
7108401,PORCO OU LEITAO MORTO EVISCERADO,10912,Carne de suíno
7108402,LEITAO MORTO EVISCERADO,10912,Carne de suíno
7108404,PORCO ABATIDO,10912,Carne de suíno
7108501,APARA DE CARNE SUINA,10912,Carne de suíno
7108601,GARGANTA BOVINA,10911,Carne de bovinos e outros prod. de carne
7108701,CABECA DE BODE,10911,Carne de bovinos e outros prod. de carne
7108702,CABECA DE CARNEIRO,10911,Carne de bovinos e outros prod. de carne
7108901,CARNE NAO-ESPECIFICADA,10911,Carne de bovinos e outros prod. de carne
7108902,CARNE EM BIFE,10911,Carne de bovinos e outros prod. de carne
7109001,CARNE BOVINA SEM OSSO NAO-ESPECIFICADA,10911,Carne de bovinos e outros prod. de carne
7109101,CARNE BOVINA NAO-ESPECIFICADA,10911,Carne de bovinos e outros prod. de carne
7109201,BACO NAO-ESPECIFICADO,10911,Carne de bovinos e outros prod. de carne
7109401,BODE ABATIDO,10911,Carne de bovinos e outros prod. de carne
7109501,BOFE NAO-ESPECIFICADO,10911,Carne de bovinos e outros prod. de carne
7109701,RIM SUINO,10911,Carne de bovinos e outros prod. de carne
7109901,RIM NAO-ESPECIFICADO,10911,Carne de bovinos e outros prod. de carne
7110101,CARNE COM OSSO NAO-ESPECIFICADA,10911,Carne de bovinos e outros prod. de carne
7110201,CARNE BOVINA DE TERCEIRA,10911,Carne de bovinos e outros prod. de carne
7110501,CARNE SUINA DE SEGUNDA NAO-ESPECIFICADA,10912,Carne de suíno
7110601,LOMBO NAO-ESPECIFICADO,10912,Carne de suíno
7110701,CARNE MOIDA DE TERCEIRA,10911,Carne de bovinos e outros prod. de carne
7110801,MUSCULO NAO-ESPECIFICADO,10911,Carne de bovinos e outros prod. de carne
7110901,OSSO NAO-ESPECIFICADO,10911,Carne de bovinos e outros prod. de carne
7110902,OSSADA NAO-ESPECIFICADA,10911,Carne de bovinos e outros prod. de carne
7111001,CARNE DE TERCEIRA NAO-ESPECIFICADA,10911,Carne de bovinos e outros prod. de carne
7111101,CARNE SEM OSSO NAO-ESPECIFICADA,10911,Carne de bovinos e outros prod. de carne
7111201,CARNE DE SEGUNDA SEM OSSO NAO-ESPECIFICADA,10911,Carne de bovinos e outros prod. de carne
7111202,CARNE DE SEGUNDA NAO-ESPECIFICADA,10911,Carne de bovinos e outros prod. de carne
7111401,CONTRAFILE ORGANICO,10911,Carne de bovinos e outros prod. de carne
7111501,ALCATRA ORGANICA,10911,Carne de bovinos e outros prod. de carne
7111506,ALCATRA BOVINA ORGANICA,10911,Carne de bovinos e outros prod. de carne
7111601,CHA DE DENTRO ORGANICA,10911,Carne de bovinos e outros prod. de carne
7111702,CABECA DE LOMBO (CARNE BOVINA) ORGANICA,10911,Carne de bovinos e outros prod. de carne
7111906,COXAO DURO (LAGARTO COMUM) ORGANICO,10911,Carne de bovinos e outros prod. de carne
7112001,CARNE BOVINA DE PRIMEIRA ORGANICA,10911,Carne de bovinos e outros prod. de carne
7112002,CARNE BOVINA DE PRIMEIRA COM OSSO ORGANICA,10911,Carne de bovinos e outros prod. de carne
7112101,PANCETA SUINA,10912,Carne de suíno
7112201,PEIXINHO (LAGARTO DO BRACO),10911,Carne de bovinos e outros prod. de carne
7112301,SANGUE BOVINO,10911,Carne de bovinos e outros prod. de carne
7112401,SUA BOVINA,10911,Carne de bovinos e outros prod. de carne
7200101,PEIXE INTEIRO DE MAR NAO-ESPECIFICADO,02802,"Pesca e aquicultura (peixe, crustáceos e moluscos)"
7200201,PEIXE EM POSTAS DE MAR NAO-ESPECIFICADO,02802,"Pesca e aquicultura (peixe, crustáceos e moluscos)"
7200301,PEIXE EM FILE FRESCO DE MAR NAO-ESPECIFICADO,02802,"Pesca e aquicultura (peixe, crustáceos e moluscos)"
7200401,PEIXE SALGADO DE MAR NAO-ESPECIFICADO,02802,"Pesca e aquicultura (peixe, crustáceos e moluscos)"
7200501,PEIXE EM FILE CONGELADO DE MAR NAO-ESPECIFICADO,02802,"Pesca e aquicultura (peixe, crustáceos e moluscos)"
7201101,PEIXE INTEIRO ANCHOVA,02802,"Pesca e aquicultura (peixe, crustáceos e moluscos)"
7201102,PEIXE INTEIRO ENCHOVA,02802,"Pesca e aquicultura (peixe, crustáceos e moluscos)"
7201201,PEIXE EM POSTAS ANCHOVA,02802,"Pesca e aquicultura (peixe, crustáceos e moluscos)"
7201401,PEIXE SALGADO ANCHOVA,02802,"Pesca e aquicultura (peixe, crustáceos e moluscos)"
7201501,PEIXE EM FILE CONGELADO ANCHOVA,10914,Pescado industrializado
7202101,PEIXE INTEIRO BADEJO,02802,"Pesca e aquicultura (peixe, crustáceos e moluscos)"
7202201,PEIXE EM POSTAS BADEJO,02802,"Pesca e aquicultura (peixe, crustáceos e moluscos)"
7202501,PEIXE EM FILE CONGELADO BADEJO,10914,Pescado industrializado
7203101,PEIXE INTEIRO CORVINA,02802,"Pesca e aquicultura (peixe, crustáceos e moluscos)"
7203104,PEIXE INTEIRO CORVINA BRASILEIRA,02802,"Pesca e aquicultura (peixe, crustáceos e moluscos)"
7203105,PEIXE INTEIRO CORVINA BACALHAU,02802,"Pesca e aquicultura (peixe, crustáceos e moluscos)"
7203106,PEIXE INTEIRO CORVINA DE LINHA,02802,"Pesca e aquicultura (peixe, crustáceos e moluscos)"
7203107,PEIXE INTEIRO CUCURUCA,02802,"Pesca e aquicultura (peixe, crustáceos e moluscos)"
7203109,PEIXE INTEIRO CURURUCA,02802,"Pesca e aquicultura (peixe, crustáceos e moluscos)"
7203112,PEIXE INTEIRO CORVINOTA,02802,"Pesca e aquicultura (peixe, crustáceos e moluscos)"
7203201,PEIXE EM POSTAS CORVINA,02802,"Pesca e aquicultura (peixe, crustáceos e moluscos)"
7203301,PEIXE EM FILE FRESCO CORVINA,02802,"Pesca e aquicultura (peixe, crustáceos e moluscos)"
7203401,PEIXE SALGADO CORVINA,10914,Pescado industrializado
7203501,PEIXE EM FILE CONGELADO CORVINA,10914,Pescado industrializado
7203901,PEIXE CORVINA (FORMA DE COMERCIALIZACAO NAO-DISCRIMINADA),02802,"Pesca e aquicultura (peixe, crustáceos e moluscos)"
7204101,PEIXE INTEIRO CASTANHA,02802,"Pesca e aquicultura (peixe, crustáceos e moluscos)"
7204901,PEIXE CASTANHA (FORMA DE COMERCIALIZACAO NAO-DISCRIMINADA),02802,"Pesca e aquicultura (peixe, crustáceos e moluscos)"
7205101,PEIXE INTEIRO CAVALINHA,02802,"Pesca e aquicultura (peixe, crustáceos e moluscos)"
7205201,PEIXE EM POSTAS CAVALINHA,02802,"Pesca e aquicultura (peixe, crustáceos e moluscos)"
7205401,PEIXE SALGADO CAVALINHA,10914,Pescado industrializado
7205501,PEIXE EM FILE CONGELADO CAVALINHA,10914,Pescado industrializado
7206101,PEIXE INTEIRO CHICHARRO,02802,"Pesca e aquicultura (peixe, crustáceos e moluscos)"
7206201,PEIXE EM POSTAS CHICHARRO,02802,"Pesca e aquicultura (peixe, crustáceos e moluscos)"
7206401,PEIXE SALGADO CHICHARRO,02802,"Pesca e aquicultura (peixe, crustáceos e moluscos)"
7207101,PEIXE INTEIRO RAIA,02802,"Pesca e aquicultura (peixe, crustáceos e moluscos)"
7207102,PEIXE INTEIRO ARRAIA,02802,"Pesca e aquicultura (peixe, crustáceos e moluscos)"
7207108,PEIXE INTEIRO VIOLA,02802,"Pesca e aquicultura (peixe, crustáceos e moluscos)"
7207201,PEIXE EM POSTAS RAIA,02802,"Pesca e aquicultura (peixe, crustáceos e moluscos)"
7208101,PEIXE INTEIRO NAMORADO,02802,"Pesca e aquicultura (peixe, crustáceos e moluscos)"
7208201,PEIXE EM POSTAS NAMORADO,02802,"Pesca e aquicultura (peixe, crustáceos e moluscos)"
7208501,PEIXE EM FILE CONGELADO NAMORADO,10914,Pescado industrializado
7209101,PEIXE INTEIRO PESCADINHA,02802,"Pesca e aquicultura (peixe, crustáceos e moluscos)"
7209106,PEIXE INTEIRO PESCADINHA DO ALTO MAR,02802,"Pesca e aquicultura (peixe, crustáceos e moluscos)"
7209201,PEIXE EM POSTAS PESCADINHA,02802,"Pesca e aquicultura (peixe, crustáceos e moluscos)"
7209401,PEIXE SALGADO PESCADINHA,10914,Pescado industrializado
7209501,PEIXE EM FILE CONGELADO PESCADINHA,10914,Pescado industrializado
7210101,PEIXE INTEIRO TAINHA,02802,"Pesca e aquicultura (peixe, crustáceos e moluscos)"
7210107,PEIXE INTEIRO TAINHA SECA,02802,"Pesca e aquicultura (peixe, crustáceos e moluscos)"
7210108,PEIXE INTEIRO CAMBAO,02802,"Pesca e aquicultura (peixe, crustáceos e moluscos)"
7210118,PEIXE INTEIRO CURIMA,02802,"Pesca e aquicultura (peixe, crustáceos e moluscos)"
7210119,PEIXE INTEIRO SAJUBA,02802,"Pesca e aquicultura (peixe, crustáceos e moluscos)"
7210123,PEIXE INTEIRO TAPIARA,02802,"Pesca e aquicultura (peixe, crustáceos e moluscos)"
7210126,PEIXE INTEIRO SAUNA,02802,"Pesca e aquicultura (peixe, crustáceos e moluscos)"
7210132,PEIXE INTEIRO URIACICA,02802,"Pesca e aquicultura (peixe, crustáceos e moluscos)"
7210201,PEIXE EM POSTAS TAINHA,02802,"Pesca e aquicultura (peixe, crustáceos e moluscos)"
7210301,PEIXE EM FILE FRESCO TAINHA,02802,"Pesca e aquicultura (peixe, crustáceos e moluscos)"
7210401,PEIXE SALGADO TAINHA,10914,Pescado industrializado
7210501,PEIXE EM FILE CONGELADO TAINHA,10914,Pescado industrializado
7211101,PEIXE INTEIRO SARDINHA,02802,"Pesca e aquicultura (peixe, crustáceos e moluscos)"
7211102,PEIXE INTEIRO SARDINHA LAJE,02802,"Pesca e aquicultura (peixe, crustáceos e moluscos)"
7211103,PEIXE INTEIRO SARDINHA CASCUDA,02802,"Pesca e aquicultura (peixe, crustáceos e moluscos)"
7211105,PEIXE INTEIRO SARDINHA BRANCA,02802,"Pesca e aquicultura (peixe, crustáceos e moluscos)"
7211110,PEIXE INTEIRO SARDINHA VERDADEIRA,02802,"Pesca e aquicultura (peixe, crustáceos e moluscos)"
7211111,PEIXE INTEIRO SARDINHA IMPERIAL,02802,"Pesca e aquicultura (peixe, crustáceos e moluscos)"
7211112,PEIXE INTEIRO CHARUTO,02802,"Pesca e aquicultura (peixe, crustáceos e moluscos)"
7211201,PEIXE EM POSTAS SARDINHA,02802,"Pesca e aquicultura (peixe, crustáceos e moluscos)"
7211301,PEIXE EM FILE FRESCO SARDINHA,02802,"Pesca e aquicultura (peixe, crustáceos e moluscos)"
7211401,PEIXE SALGADO SARDINHA,10914,Pescado industrializado
7211501,PEIXE EM FILE CONGELADO SARDINHA,10914,Pescado industrializado
7211601,PEIXE DEFUMADO SARDINHA,10914,Pescado industrializado
7212101,PEIXE INTEIRO VERMELHO,02802,"Pesca e aquicultura (peixe, crustáceos e moluscos)"
7212102,PEIXE INTEIRO ARIACO,02802,"Pesca e aquicultura (peixe, crustáceos e moluscos)"
7212105,PEIXE INTEIRO ARICO,02802,"Pesca e aquicultura (peixe, crustáceos e moluscos)"
7212201,PEIXE EM POSTAS VERMELHO,02802,"Pesca e aquicultura (peixe, crustáceos e moluscos)"
7212301,PEIXE EM FILE FRESCO VERMELHO,10914,Pescado industrializado
7212501,PEIXE EM FILE CONGELADO VERMELHO,10914,Pescado industrializado
7213101,PEIXE INTEIRO CIOBA,02802,"Pesca e aquicultura (peixe, crustáceos e moluscos)"
7213104,PEIXE INTEIRO GUAIUBA,02802,"Pesca e aquicultura (peixe, crustáceos e moluscos)"
7213201,PEIXE EM POSTAS CIOBA,02802,"Pesca e aquicultura (peixe, crustáceos e moluscos)"
7213301,PEIXE EM FILE FRESCO CIOBA,10914,Pescado industrializado
7213501,PEIXE EM FILE CONGELADO CIOBA,10914,Pescado industrializado
7214101,PEIXE INTEIRO BAGRE DE MAR,02802,"Pesca e aquicultura (peixe, crustáceos e moluscos)"
7214104,PEIXE INTEIRO BAGRE AMARELO,02802,"Pesca e aquicultura (peixe, crustáceos e moluscos)"
7214106,PEIXE INTEIRO BAGRE BANDEIRA,02802,"Pesca e aquicultura (peixe, crustáceos e moluscos)"
7214112,PEIXE INTEIRO BANDEIRADA,02802,"Pesca e aquicultura (peixe, crustáceos e moluscos)"
7214115,PEIXE INTEIRO URITINGA,02802,"Pesca e aquicultura (peixe, crustáceos e moluscos)"
7214116,PEIXE INTEIRO BRAGALHAO,02802,"Pesca e aquicultura (peixe, crustáceos e moluscos)"
7214124,PEIXE INTEIRO JURUPIRANGA,02802,"Pesca e aquicultura (peixe, crustáceos e moluscos)"
7214126,PEIXE INTEIRO CANGATA,02802,"Pesca e aquicultura (peixe, crustáceos e moluscos)"
7214128,PEIXE INTEIRO CANGATI,02802,"Pesca e aquicultura (peixe, crustáceos e moluscos)"
7214301,PEIXE EM FILE FRESCO BAGRE DE MAR,02802,"Pesca e aquicultura (peixe, crustáceos e moluscos)"
7214401,PEIXE SALGADO BAGRE DE MAR,10914,Pescado industrializado
7214901,PEIXE BAGRE DE MAR ( FORMA DE COMERCIALIZACAO NAO-DISCRIMINADA),02802,"Pesca e aquicultura (peixe, crustáceos e moluscos)"
7215101,PEIXE INTEIRO CARAPEBA,02802,"Pesca e aquicultura (peixe, crustáceos e moluscos)"
7215105,PEIXE INTEIRO CARATINGA,02802,"Pesca e aquicultura (peixe, crustáceos e moluscos)"
7215106,PEIXE INTEIRO ACARAPEBA DE MAR,02802,"Pesca e aquicultura (peixe, crustáceos e moluscos)"
7215201,PEIXE EM POSTAS CARAPEBA,02802,"Pesca e aquicultura (peixe, crustáceos e moluscos)"
7216101,PEIXE INTEIRO CAVALA,02802,"Pesca e aquicultura (peixe, crustáceos e moluscos)"
7216109,PEIXE INTEIRO SERRA PIMA,02802,"Pesca e aquicultura (peixe, crustáceos e moluscos)"
7216110,PEIXE INTEIRO SOROROCA,02802,"Pesca e aquicultura (peixe, crustáceos e moluscos)"
7216201,PEIXE EM POSTAS CAVALA,02802,"Pesca e aquicultura (peixe, crustáceos e moluscos)"
7216301,PEIXE EM FILE FRESCO CAVALA,02802,"Pesca e aquicultura (peixe, crustáceos e moluscos)"
7216401,PEIXE SALGADO CAVALA,10914,Pescado industrializado
7216501,PEIXE EM FILE CONGELADO CAVALA,10914,Pescado industrializado
7216901,PEIXE CAVALA (FORMA DE COMERCIALIZACAO NAO-DISCRIMINADA),02802,"Pesca e aquicultura (peixe, crustáceos e moluscos)"
7217101,PEIXE INTEIRO GALO,02802,"Pesca e aquicultura (peixe, crustáceos e moluscos)"
7217301,PEIXE EM FILE FRESCO GALO,10914,Pescado industrializado
7217501,PEIXE EM FILE CONGELADO GALO,10914,Pescado industrializado
7218108,PEIXE INTEIRO BIQUARA,02802,"Pesca e aquicultura (peixe, crustáceos e moluscos)"
7218111,PEIXE INTEIRO SAPURUNA,02802,"Pesca e aquicultura (peixe, crustáceos e moluscos)"
7218113,PEIXE INTEIRO XIRA,02802,"Pesca e aquicultura (peixe, crustáceos e moluscos)"
7218118,PEIXE INTEIRO CANGUITO,02802,"Pesca e aquicultura (peixe, crustáceos e moluscos)"
7218120,PEIXE INTEIRO COCORO,02802,"Pesca e aquicultura (peixe, crustáceos e moluscos)"
7219101,PEIXE INTEIRO MANJUBA,02802,"Pesca e aquicultura (peixe, crustáceos e moluscos)"
7219104,PEIXE INTEIRO PITITINGA,02802,"Pesca e aquicultura (peixe, crustáceos e moluscos)"
7219401,PEIXE SALGADO MANJUBA,10914,Pescado industrializado
7219501,PEIXE EM FILE CONGELADO MANJUBA,10914,Pescado industrializado
7220101,PEIXE INTEIRO PAPATERRA,02802,"Pesca e aquicultura (peixe, crustáceos e moluscos)"
7220701,CABECA DE PEIXE PESCADA,02802,"Pesca e aquicultura (peixe, crustáceos e moluscos)"
7221201,PEIXE EM POSTAS DOURADO DE MAR,02802,"Pesca e aquicultura (peixe, crustáceos e moluscos)"
7221301,PEIXE EM FILE FRESCO DOURADO DE MAR,02802,"Pesca e aquicultura (peixe, crustáceos e moluscos)"
7221501,PEIXE EM FILE CONGELADO DOURADO DE MAR,10914,Pescado industrializado
7222101,PEIXE INTEIRO ATUM,02802,"Pesca e aquicultura (peixe, crustáceos e moluscos)"
7222201,PEIXE EM POSTAS ATUM,02802,"Pesca e aquicultura (peixe, crustáceos e moluscos)"
7223101,PEIXE INTEIRO OLHO DE BOI,02802,"Pesca e aquicultura (peixe, crustáceos e moluscos)"
7223106,PEIXE INTEIRO ARABAIANA,02802,"Pesca e aquicultura (peixe, crustáceos e moluscos)"
7224101,PEIXE INTEIRO SERRA,02802,"Pesca e aquicultura (peixe, crustáceos e moluscos)"
7224102,PEIXE INTEIRO SARDA,02802,"Pesca e aquicultura (peixe, crustáceos e moluscos)"
7224201,PEIXE EM POSTAS SERRA,02802,"Pesca e aquicultura (peixe, crustáceos e moluscos)"
7224401,PEIXE SALGADO SERRA,10914,Pescado industrializado
7224901,PEIXE SERRA (FORMA DE COMERCIALIZACAO NAO-DISCRIMINADA),02802,"Pesca e aquicultura (peixe, crustáceos e moluscos)"
7225101,PEIXE INTEIRO PARGO,02802,"Pesca e aquicultura (peixe, crustáceos e moluscos)"
7225201,PEIXE EM POSTAS PARGO,02802,"Pesca e aquicultura (peixe, crustáceos e moluscos)"
7225401,PEIXE SALGADO PARGO,02802,"Pesca e aquicultura (peixe, crustáceos e moluscos)"
7226101,PEIXE INTEIRO RONCADOR,02802,"Pesca e aquicultura (peixe, crustáceos e moluscos)"
7226103,PEIXE INTEIRO CORO,02802,"Pesca e aquicultura (peixe, crustáceos e moluscos)"
7227101,PEIXE INTEIRO PESCADA,02802,"Pesca e aquicultura (peixe, crustáceos e moluscos)"
7227102,PEIXE INTEIRO PESCADA AMARELA,02802,"Pesca e aquicultura (peixe, crustáceos e moluscos)"
7227105,PEIXE INTEIRO PESCADA BRANCA,02802,"Pesca e aquicultura (peixe, crustáceos e moluscos)"
7227119,PEIXE INTEIRO PESCADA GO,02802,"Pesca e aquicultura (peixe, crustáceos e moluscos)"
7227126,PEIXE INTEIRO PESCADA CORVINA,02802,"Pesca e aquicultura (peixe, crustáceos e moluscos)"
7227135,PEIXE INTEIRO BOCA MOLE,02802,"Pesca e aquicultura (peixe, crustáceos e moluscos)"
7227149,PEIXE INTEIRO GO,02802,"Pesca e aquicultura (peixe, crustáceos e moluscos)"
7227201,PEIXE EM POSTAS PESCADA,02802,"Pesca e aquicultura (peixe, crustáceos e moluscos)"
7227301,PEIXE EM FILE FRESCO PESCADA,02802,"Pesca e aquicultura (peixe, crustáceos e moluscos)"
7227401,PEIXE SALGADO PESCADA,10914,Pescado industrializado
7227501,PEIXE EM FILE CONGELADO PESCADA,10914,Pescado industrializado
7227901,PEIXE PESCADA (FORMA DE COMERCIALIZACAO NAO-DISCRIMINADA),02802,"Pesca e aquicultura (peixe, crustáceos e moluscos)"
7227902,PEIXE PESCADA AMARELA (FORMA DE COMERCIALIZACAO NAO-DISCRIMINADA),02802,"Pesca e aquicultura (peixe, crustáceos e moluscos)"
7227903,PEIXE PESCADA BRANCA (FORMA DE COMERCIALIZACAO NAO-DISCRIMINADA),02802,"Pesca e aquicultura (peixe, crustáceos e moluscos)"
7228201,PEIXE EM POSTAS GAROUPA,02802,"Pesca e aquicultura (peixe, crustáceos e moluscos)"
7228401,PEIXE SALGADO GAROUPA,02802,"Pesca e aquicultura (peixe, crustáceos e moluscos)"
7228501,PEIXE EM FILE CONGELADO GAROUPA,10914,Pescado industrializado
7229301,PEIXE EM FILE FRESCO LINGUADO,02802,"Pesca e aquicultura (peixe, crustáceos e moluscos)"
7229501,PEIXE EM FILE CONGELADO LINGUADO,10914,Pescado industrializado
7230101,PEIXE INTEIRO ROBALO,02802,"Pesca e aquicultura (peixe, crustáceos e moluscos)"
7230102,PEIXE INTEIRO CAMURIM BRANCO,02802,"Pesca e aquicultura (peixe, crustáceos e moluscos)"
7230106,PEIXE INTEIRO CAMURIM ACU,02802,"Pesca e aquicultura (peixe, crustáceos e moluscos)"
7230112,PEIXE INTEIRO CAMURI,02802,"Pesca e aquicultura (peixe, crustáceos e moluscos)"
7230116,PEIXE INTEIRO CAMORIM,02802,"Pesca e aquicultura (peixe, crustáceos e moluscos)"
7230201,PEIXE EM POSTAS ROBALO,02802,"Pesca e aquicultura (peixe, crustáceos e moluscos)"
7230301,PEIXE EM FILE FRESCO ROBALO,02802,"Pesca e aquicultura (peixe, crustáceos e moluscos)"
7231101,PEIXE INTEIRO MERO,02802,"Pesca e aquicultura (peixe, crustáceos e moluscos)"
7232104,PEIXE INTEIRO XERERETE,02802,"Pesca e aquicultura (peixe, crustáceos e moluscos)"
7233101,PEIXE INTEIRO ESPADA,02802,"Pesca e aquicultura (peixe, crustáceos e moluscos)"
7233102,PEIXE INTEIRO IMBIRA,02802,"Pesca e aquicultura (peixe, crustáceos e moluscos)"
7233103,PEIXE INTEIRO EMBIRA,02802,"Pesca e aquicultura (peixe, crustáceos e moluscos)"
7233104,PEIXE INTEIRO CATANA,02802,"Pesca e aquicultura (peixe, crustáceos e moluscos)"
7233201,PEIXE EM POSTAS ESPADA,02802,"Pesca e aquicultura (peixe, crustáceos e moluscos)"
7233301,PEIXE EM FILE FRESCO ESPADA,02802,"Pesca e aquicultura (peixe, crustáceos e moluscos)"
7233501,PEIXE EM FILE CONGELADO ESPADA,10914,Pescado industrializado
7234103,PEIXE INTEIRO PRATIQUEIRA,02802,"Pesca e aquicultura (peixe, crustáceos e moluscos)"
7234105,PEIXE INTEIRO CAICA,02802,"Pesca e aquicultura (peixe, crustáceos e moluscos)"
7235101,PEIXE INTEIRO CACAO,02802,"Pesca e aquicultura (peixe, crustáceos e moluscos)"
7235134,PEIXE INTEIRO ANJO,02802,"Pesca e aquicultura (peixe, crustáceos e moluscos)"
7235201,PEIXE EM POSTAS CACAO,02802,"Pesca e aquicultura (peixe, crustáceos e moluscos)"
7235301,PEIXE EM FILE FRESCO CACAO,02802,"Pesca e aquicultura (peixe, crustáceos e moluscos)"
7235501,PEIXE EM FILE CONGELADO CACAO,10914,Pescado industrializado
7236101,PEIXE INTEIRO MERLUZA,02802,"Pesca e aquicultura (peixe, crustáceos e moluscos)"
7236201,PEIXE EM POSTAS MERLUZA,02802,"Pesca e aquicultura (peixe, crustáceos e moluscos)"
7236301,PEIXE EM FILE FRESCO MERLUZA,02802,"Pesca e aquicultura (peixe, crustáceos e moluscos)"
7236401,PEIXE SALGADO MERLUZA,10914,Pescado industrializado
7236501,PEIXE EM FILE CONGELADO MERLUZA,10914,Pescado industrializado
7237104,PEIXE INTEIRO BIJUPIRA,02802,"Pesca e aquicultura (peixe, crustáceos e moluscos)"
7237107,PEIXE INTEIRO REI DOS PEIXES (BEIJUPIRA),02802,"Pesca e aquicultura (peixe, crustáceos e moluscos)"
7238101,PEIXE INTEIRO PAMPO,02802,"Pesca e aquicultura (peixe, crustáceos e moluscos)"
7238118,PEIXE INTEIRO TABUA,02802,"Pesca e aquicultura (peixe, crustáceos e moluscos)"
7239101,PEIXE INTEIRO XAREU,02802,"Pesca e aquicultura (peixe, crustáceos e moluscos)"
7239109,PEIXE INTEIRO CABECUDO,02802,"Pesca e aquicultura (peixe, crustáceos e moluscos)"
7239113,PEIXE INTEIRO GUARACEMA,02802,"Pesca e aquicultura (peixe, crustáceos e moluscos)"
7239901,PEIXE XAREU (FORMA DE COMERCIALIZACAO NAO-DISCRIMINADA),02802,"Pesca e aquicultura (peixe, crustáceos e moluscos)"
7241101,PEIXE INTEIRO CANGULO,02802,"Pesca e aquicultura (peixe, crustáceos e moluscos)"
7241105,PEIXE INTEIRO PEROA,02802,"Pesca e aquicultura (peixe, crustáceos e moluscos)"
7241119,PEIXE INTEIRO PORQUINHO,02802,"Pesca e aquicultura (peixe, crustáceos e moluscos)"
7242101,PEIXE INTEIRO CAMURUPIM,02802,"Pesca e aquicultura (peixe, crustáceos e moluscos)"
7242103,PEIXE INTEIRO PIRAPEMA,02802,"Pesca e aquicultura (peixe, crustáceos e moluscos)"
7242115,PEIXE INTEIRO PERAPEMA,02802,"Pesca e aquicultura (peixe, crustáceos e moluscos)"
7242201,PEIXE EM POSTAS CAMURUPIM,02802,"Pesca e aquicultura (peixe, crustáceos e moluscos)"
7243101,PEIXE INTEIRO GUARAJUBA,02802,"Pesca e aquicultura (peixe, crustáceos e moluscos)"
7243104,PEIXE INTEIRO GARAJUBA,02802,"Pesca e aquicultura (peixe, crustáceos e moluscos)"
7243105,PEIXE INTEIRO GURIJUBA,02802,"Pesca e aquicultura (peixe, crustáceos e moluscos)"
7243201,PEIXE EM POSTAS GUARAJUBA,02802,"Pesca e aquicultura (peixe, crustáceos e moluscos)"
7243401,PEIXE SALGADO GUARAJUBA,10914,Pescado industrializado
7243501,PEIXE EM FILE CONGELADO GUARAJUBA,10914,Pescado industrializado
7244101,PEIXE INTEIRO AGULHA,02802,"Pesca e aquicultura (peixe, crustáceos e moluscos)"
7244201,PEIXE EM POSTAS AGULHA,02802,"Pesca e aquicultura (peixe, crustáceos e moluscos)"
7244401,PEIXE SALGADO AGULHA,10914,Pescado industrializado
7244501,PEIXE EM FILE CONGELADO AGULHA,10914,Pescado industrializado
7245107,PEIXE INTEIRO URUBARANA,02802,"Pesca e aquicultura (peixe, crustáceos e moluscos)"
7246101,PEIXE INTEIRO GUAIVIRA,02802,"Pesca e aquicultura (peixe, crustáceos e moluscos)"
7246103,PEIXE INTEIRO TIBIRO,02802,"Pesca e aquicultura (peixe, crustáceos e moluscos)"
7246110,PEIXE INTEIRO TIMBIRO,02802,"Pesca e aquicultura (peixe, crustáceos e moluscos)"
7246301,PEIXE EM FILE FRESCO GUAIVIRA,02802,"Pesca e aquicultura (peixe, crustáceos e moluscos)"
7247101,PEIXE INTEIRO BICUDA,02802,"Pesca e aquicultura (peixe, crustáceos e moluscos)"
7249101,PEIXE INTEIRO BONITO,02802,"Pesca e aquicultura (peixe, crustáceos e moluscos)"
7249201,PEIXE EM POSTAS BONITO,02802,"Pesca e aquicultura (peixe, crustáceos e moluscos)"
7249401,PEIXE SALGADO BONITO,02802,"Pesca e aquicultura (peixe, crustáceos e moluscos)"
7251101,PEIXE INTEIRO BODIAO,02802,"Pesca e aquicultura (peixe, crustáceos e moluscos)"
7251109,PEIXE INTEIRO BUDIAO,02802,"Pesca e aquicultura (peixe, crustáceos e moluscos)"
7251110,PEIXE INTEIRO BODIAO SABONETE,02802,"Pesca e aquicultura (peixe, crustáceos e moluscos)"
7251401,PEIXE SALGADO BODIAO,10914,Pescado industrializado
7252101,PEIXE INTEIRO PALOMBETA,02802,"Pesca e aquicultura (peixe, crustáceos e moluscos)"
7252103,PEIXE INTEIRO PILOMBETA,02802,"Pesca e aquicultura (peixe, crustáceos e moluscos)"
7252108,PEIXE INTEIRO FAVINHA,02802,"Pesca e aquicultura (peixe, crustáceos e moluscos)"
7252109,PEIXE INTEIRO CAICO,02802,"Pesca e aquicultura (peixe, crustáceos e moluscos)"
7252401,PEIXE SALGADO PALOMBETA,02802,"Pesca e aquicultura (peixe, crustáceos e moluscos)"
7252501,PEIXE EM FILE CONGELADO PALOMBETA,10914,Pescado industrializado
7253501,PEIXE EM FILE CONGELADO MIRAGAIA,10914,Pescado industrializado
7254101,PEIXE INTEIRO REI (PEIXE REI),02802,"Pesca e aquicultura (peixe, crustáceos e moluscos)"
7254201,PEIXE EM POSTAS REI (PEIXE REI),02802,"Pesca e aquicultura (peixe, crustáceos e moluscos)"
7254501,PEIXE EM FILE CONGELADO REI (PEIXE REI),10914,Pescado industrializado
7256201,PEIXE EM POSTAS ALBACORA,02802,"Pesca e aquicultura (peixe, crustáceos e moluscos)"
7257201,PEIXE EM POSTAS CHERNE,02802,"Pesca e aquicultura (peixe, crustáceos e moluscos)"
7258201,PEIXE EM POSTAS AGULHAO,02802,"Pesca e aquicultura (peixe, crustáceos e moluscos)"
7259102,PEIXE INTEIRO SALMAO PEQUENO (SALMONETE),02802,"Pesca e aquicultura (peixe, crustáceos e moluscos)"
7259106,PEIXE INTEIRO SABONETE,02802,"Pesca e aquicultura (peixe, crustáceos e moluscos)"
7259301,PEIXE EM FILE FRESCO SALMONETE,02802,"Pesca e aquicultura (peixe, crustáceos e moluscos)"
7259401,PEIXE SALGADO SALMONETE,02802,"Pesca e aquicultura (peixe, crustáceos e moluscos)"
7259501,PEIXE EM FILE CONGELADO SALMONETE,10914,Pescado industrializado
7260101,CAMARAO,02802,"Pesca e aquicultura (peixe, crustáceos e moluscos)"
7260103,CAMARAO VERMELHO,02802,"Pesca e aquicultura (peixe, crustáceos e moluscos)"
7260106,CAMARAO ROSA,02802,"Pesca e aquicultura (peixe, crustáceos e moluscos)"
7260110,CAMARAO SETE BARBAS,02802,"Pesca e aquicultura (peixe, crustáceos e moluscos)"
7260111,CAMARAO FERRINHO,02802,"Pesca e aquicultura (peixe, crustáceos e moluscos)"
7260117,CAMARAO CINZA,02802,"Pesca e aquicultura (peixe, crustáceos e moluscos)"
7260118,CAMARAO DE AGUA SALGADA,02802,"Pesca e aquicultura (peixe, crustáceos e moluscos)"
7260120,CAMARAO FRESCO,02802,"Pesca e aquicultura (peixe, crustáceos e moluscos)"
7260201,CAMARAO SEM CASCA,10914,Pescado industrializado
7260401,CAMARAO SECO,10914,Pescado industrializado
7260402,CAMARAO SALGADO,10914,Pescado industrializado
7260601,CAMARAO DEFUMADO,10914,Pescado industrializado
7261101,SIRI,02802,"Pesca e aquicultura (peixe, crustáceos e moluscos)"
7261111,SIRI AZUL,02802,"Pesca e aquicultura (peixe, crustáceos e moluscos)"
7261120,BAU (SIRI),10914,Pescado industrializado
7261202,CARNE DE SIRI,10914,Pescado industrializado
7261203,FILE DE SIRI,02802,"Pesca e aquicultura (peixe, crustáceos e moluscos)"
7262101,CARANGUEJO,02802,"Pesca e aquicultura (peixe, crustáceos e moluscos)"
7262103,ARATU,02802,"Pesca e aquicultura (peixe, crustáceos e moluscos)"
7262106,GUAIAMUM,02802,"Pesca e aquicultura (peixe, crustáceos e moluscos)"
7262110,CARANGUEJO CATADO,02802,"Pesca e aquicultura (peixe, crustáceos e moluscos)"
7262111,CARANQUEJO VIVO,02802,"Pesca e aquicultura (peixe, crustáceos e moluscos)"
7262202,CARNE DE CARANGUEJO,10914,Pescado industrializado
7263101,MARISCO,02802,"Pesca e aquicultura (peixe, crustáceos e moluscos)"
7263102,MEXILHAO,02802,"Pesca e aquicultura (peixe, crustáceos e moluscos)"
7263104,SURURU DAS PEDRAS (MARISCO),02802,"Pesca e aquicultura (peixe, crustáceos e moluscos)"
7263105,MACUNIM,02802,"Pesca e aquicultura (peixe, crustáceos e moluscos)"
7263201,MARISCO SEM CASCA,02802,"Pesca e aquicultura (peixe, crustáceos e moluscos)"
7264101,OSTRA,02802,"Pesca e aquicultura (peixe, crustáceos e moluscos)"
7264108,LAMBRETA (OSTRA),02802,"Pesca e aquicultura (peixe, crustáceos e moluscos)"
7265101,LULA,02802,"Pesca e aquicultura (peixe, crustáceos e moluscos)"
7266101,SURURU,02802,"Pesca e aquicultura (peixe, crustáceos e moluscos)"
7266102,SURURU DE ALAGOAS,02802,"Pesca e aquicultura (peixe, crustáceos e moluscos)"
7267104,LAGOSTIM,02802,"Pesca e aquicultura (peixe, crustáceos e moluscos)"
7269102,TARTARUGA DE PENTE,02802,"Pesca e aquicultura (peixe, crustáceos e moluscos)"
7270401,BACALHAU,10914,Pescado industrializado
7271107,PEIXE INTEIRO PEDRA,02802,"Pesca e aquicultura (peixe, crustáceos e moluscos)"
7272103,PEIXE INTEIRO VIUVA,02802,"Pesca e aquicultura (peixe, crustáceos e moluscos)"
7272501,PEIXE EM FILE CONGELADO TIRAVIRA,10914,Pescado industrializado
7273101,OVAS DE PEIXE (QUALQUER ESPECIE),10914,Pescado industrializado
7273401,OVAS DE PEIXE SALGADAS (QUALQUER ESPECIE),02802,"Pesca e aquicultura (peixe, crustáceos e moluscos)"
7274201,POLVO EM POSTAS,02802,"Pesca e aquicultura (peixe, crustáceos e moluscos)"
7275101,PEIXE INTEIRO ABROTE,02802,"Pesca e aquicultura (peixe, crustáceos e moluscos)"
7275301,PEIXE EM FILE FRESCO ABROTE,02802,"Pesca e aquicultura (peixe, crustáceos e moluscos)"
7275501,PEIXE EM FILE CONGELADO ABROTE,10914,Pescado industrializado
7276101,PEIXE INTEIRO PARU,02802,"Pesca e aquicultura (peixe, crustáceos e moluscos)"
7277101,PEIXE INTEIRO PIRUCAIA,02802,"Pesca e aquicultura (peixe, crustáceos e moluscos)"
7278101,PEIXE INTEIRO SAMBUIO,02802,"Pesca e aquicultura (peixe, crustáceos e moluscos)"
7278102,PEIXE INTEIRO SAMBUDA,02802,"Pesca e aquicultura (peixe, crustáceos e moluscos)"
7279101,PEIXE INTEIRO VERDE,02802,"Pesca e aquicultura (peixe, crustáceos e moluscos)"
7280201,PEIXE EM POSTAS SALMAO,02802,"Pesca e aquicultura (peixe, crustáceos e moluscos)"
7280501,PEIXE EM FILE CONGELADO SALMAO,10914,Pescado industrializado
7281101,PEIXE INTEIRO CARAPICU,02802,"Pesca e aquicultura (peixe, crustáceos e moluscos)"
7400101,PEIXE INTEIRO DE AGUA DOCE NAO-ESPECIFICADO,02802,"Pesca e aquicultura (peixe, crustáceos e moluscos)"
7400201,PEIXE EM POSTAS DE AGUA DOCE NAO-ESPECIFICADO,02802,"Pesca e aquicultura (peixe, crustáceos e moluscos)"
7400301,PEIXE EM FILE FRESCO DE AGUA DOCE NAO-ESPECIFICADO,02802,"Pesca e aquicultura (peixe, crustáceos e moluscos)"
7400401,PEIXE SALGADO DE AGUA DOCE NAO-ESPECIFICADO,02802,"Pesca e aquicultura (peixe, crustáceos e moluscos)"
7400501,PEIXE EM FILE CONGELADO DE AGUA DOCE NAO-ESPECIFICADO,10914,Pescado industrializado
7401101,PEIXE INTEIRO TRAIRA,02802,"Pesca e aquicultura (peixe, crustáceos e moluscos)"
7401201,PEIXE EM POSTAS TRAIRA,02802,"Pesca e aquicultura (peixe, crustáceos e moluscos)"
7401301,PEIXE EM FILE FRESCO TRAIRA,02802,"Pesca e aquicultura (peixe, crustáceos e moluscos)"
7401401,PEIXE SALGADO TRAIRA,10914,Pescado industrializado
7401501,PEIXE EM FILE CONGELADO TRAIRA,10914,Pescado industrializado
7402101,PEIXE INTEIRO ACARA,02802,"Pesca e aquicultura (peixe, crustáceos e moluscos)"
7402105,PEIXE INTEIRO ACARAPEBA,02802,"Pesca e aquicultura (peixe, crustáceos e moluscos)"
7402106,PEIXE INTEIRO CARA,02802,"Pesca e aquicultura (peixe, crustáceos e moluscos)"
7402110,PEIXE INTEIRO ACARA ACU,02802,"Pesca e aquicultura (peixe, crustáceos e moluscos)"
7402120,PEIXE INTEIRO CARA TONTO,02802,"Pesca e aquicultura (peixe, crustáceos e moluscos)"
7402124,PEIXE INTEIRO CORRO,02802,"Pesca e aquicultura (peixe, crustáceos e moluscos)"
7402126,PEIXE INTEIRO APAIARI,02802,"Pesca e aquicultura (peixe, crustáceos e moluscos)"
7402127,PEIXE INTEIRO ARARUA,02802,"Pesca e aquicultura (peixe, crustáceos e moluscos)"
7402132,PEIXE INTEIRO PILAPE,02802,"Pesca e aquicultura (peixe, crustáceos e moluscos)"
7402133,PEIXE INTEIRO BARARUA,02802,"Pesca e aquicultura (peixe, crustáceos e moluscos)"
7402134,PEIXE INTEIRO CARA ACU,02802,"Pesca e aquicultura (peixe, crustáceos e moluscos)"
7402201,PEIXE EM POSTAS ACARA,02802,"Pesca e aquicultura (peixe, crustáceos e moluscos)"
7402301,PEIXE EM FILE FRESCO ACARA,02802,"Pesca e aquicultura (peixe, crustáceos e moluscos)"
7402401,PEIXE SALGADO ACARA,10914,Pescado industrializado
7403101,PEIXE INTEIRO LAMBARI,02802,"Pesca e aquicultura (peixe, crustáceos e moluscos)"
7403108,PEIXE INTEIRO MOCINHA,02802,"Pesca e aquicultura (peixe, crustáceos e moluscos)"
7403111,PEIXE INTEIRO TAPIOCA,02802,"Pesca e aquicultura (peixe, crustáceos e moluscos)"
7403112,PEIXE INTEIRO MATUPIRI,02802,"Pesca e aquicultura (peixe, crustáceos e moluscos)"
7403115,PEIXE INTEIRO BRANQUINHA,02802,"Pesca e aquicultura (peixe, crustáceos e moluscos)"
7403116,PEIXE INTEIRO BRANQUINHO,02802,"Pesca e aquicultura (peixe, crustáceos e moluscos)"
7403118,PEIXE INTEIRO PIABINHA,02802,"Pesca e aquicultura (peixe, crustáceos e moluscos)"
7403120,PEIXE INTEIRO PIABA DA LAGOA,02802,"Pesca e aquicultura (peixe, crustáceos e moluscos)"
7403121,PEIXE INTEIRO PIAVUCU,02802,"Pesca e aquicultura (peixe, crustáceos e moluscos)"
7403122,PEIXE INTEIRO PIAVA,02802,"Pesca e aquicultura (peixe, crustáceos e moluscos)"
7403123,PEIXE INTEIRO PIABA,02802,"Pesca e aquicultura (peixe, crustáceos e moluscos)"
7403201,PEIXE EM POSTAS LAMBARI,02802,"Pesca e aquicultura (peixe, crustáceos e moluscos)"
7403301,PEIXE EM FILE FRESCO LAMBARI,02802,"Pesca e aquicultura (peixe, crustáceos e moluscos)"
7403501,PEIXE EM FILE CONGELADO LAMBARI,10914,Pescado industrializado
7404101,PEIXE INTEIRO SURUBIM,02802,"Pesca e aquicultura (peixe, crustáceos e moluscos)"
7404106,PEIXE INTEIRO JIRIPOCA,02802,"Pesca e aquicultura (peixe, crustáceos e moluscos)"
7404109,PEIXE INTEIRO SURUBIM PINTADO,02802,"Pesca e aquicultura (peixe, crustáceos e moluscos)"
7404117,PEIXE INTEIRO PINTADO,02802,"Pesca e aquicultura (peixe, crustáceos e moluscos)"
7404118,PEIXE INTEIRO SURUBI,02802,"Pesca e aquicultura (peixe, crustáceos e moluscos)"
7404119,PEIXE INTEIRO SORUBI,02802,"Pesca e aquicultura (peixe, crustáceos e moluscos)"
7404121,PEIXE INTEIRO SURUMBI,02802,"Pesca e aquicultura (peixe, crustáceos e moluscos)"
7404122,PEIXE INTEIRO CAPARARI,02802,"Pesca e aquicultura (peixe, crustáceos e moluscos)"
7404201,PEIXE EM POSTAS SURUBIM,02802,"Pesca e aquicultura (peixe, crustáceos e moluscos)"
7404301,PEIXE EM FILE FRESCO SURUBIM,02802,"Pesca e aquicultura (peixe, crustáceos e moluscos)"
7404501,PEIXE EM FILE CONGELADO SURUBIM,10914,Pescado industrializado
7404701,CABECA DE PINTADO,02802,"Pesca e aquicultura (peixe, crustáceos e moluscos)"
7404901,PEIXE PINTADO (FORMA DE COMERCIALIZACAO NAO-DISCRIMINADA),02802,"Pesca e aquicultura (peixe, crustáceos e moluscos)"
7406101,PEIXE INTEIRO PIRARUCU,02802,"Pesca e aquicultura (peixe, crustáceos e moluscos)"
7406201,PEIXE EM POSTAS PIRARUCU,02802,"Pesca e aquicultura (peixe, crustáceos e moluscos)"
7406301,PEIXE EM FILE FRESCO PIRARUCU,02802,"Pesca e aquicultura (peixe, crustáceos e moluscos)"
7406401,PEIXE SALGADO PIRARUCU,10914,Pescado industrializado
7406501,PEIXE EM FILE CONGELADO PIRARUCU,10914,Pescado industrializado
7407101,PEIXE INTEIRO ARACU,02802,"Pesca e aquicultura (peixe, crustáceos e moluscos)"
7407105,PEIXE INTEIRO ARACU PINTADO,02802,"Pesca e aquicultura (peixe, crustáceos e moluscos)"
7407201,PEIXE EM POSTAS ARACU,02802,"Pesca e aquicultura (peixe, crustáceos e moluscos)"
7407301,PEIXE EM FILE FRESCO ARACU,02802,"Pesca e aquicultura (peixe, crustáceos e moluscos)"
7407401,PEIXE SALGADO ARACU,02802,"Pesca e aquicultura (peixe, crustáceos e moluscos)"
7408101,PEIXE INTEIRO TILAPIA,02802,"Pesca e aquicultura (peixe, crustáceos e moluscos)"
7408201,PEIXE EM POSTAS TILAPIA,02802,"Pesca e aquicultura (peixe, crustáceos e moluscos)"
7408301,PEIXE EM FILE FRESCO TILAPIA,02802,"Pesca e aquicultura (peixe, crustáceos e moluscos)"
7408401,PEIXE SALGADO TILAPIA,10914,Pescado industrializado
7408501,PEIXE EM FILE CONGELADO TILAPIA,10914,Pescado industrializado
7409101,PEIXE INTEIRO JEJU,02802,"Pesca e aquicultura (peixe, crustáceos e moluscos)"
7409102,PEIXE INTEIRO TRAIRA PIXUNA (JEJU),02802,"Pesca e aquicultura (peixe, crustáceos e moluscos)"
7409103,PEIXE INTEIRO JIJU,02802,"Pesca e aquicultura (peixe, crustáceos e moluscos)"
7410101,PEIXE INTEIRO CURIMATA,02802,"Pesca e aquicultura (peixe, crustáceos e moluscos)"
7410103,PEIXE INTEIRO CURIMATA (RIO),02802,"Pesca e aquicultura (peixe, crustáceos e moluscos)"
7410104,PEIXE INTEIRO CHIRA,02802,"Pesca e aquicultura (peixe, crustáceos e moluscos)"
7410106,PEIXE INTEIRO CORIMBA,02802,"Pesca e aquicultura (peixe, crustáceos e moluscos)"
7410108,PEIXE INTEIRO CURIBATA,02802,"Pesca e aquicultura (peixe, crustáceos e moluscos)"
7410109,PEIXE INTEIRO CURIMBA,02802,"Pesca e aquicultura (peixe, crustáceos e moluscos)"
7410112,PEIXE INTEIRO CRUMATA,02802,"Pesca e aquicultura (peixe, crustáceos e moluscos)"
7410114,PEIXE INTEIRO BAMBA,02802,"Pesca e aquicultura (peixe, crustáceos e moluscos)"
7410201,PEIXE EM POSTAS CURIMATA,02802,"Pesca e aquicultura (peixe, crustáceos e moluscos)"
7410401,PEIXE SALGADO CURIMATA,10914,Pescado industrializado
7410501,PEIXE EM FILE CONGELADO CURIMATA,10914,Pescado industrializado
7410901,PEIXE CURIMATA (FORMA DE COMERCIALIZACAO NAO-DISCRIMINADA),02802,"Pesca e aquicultura (peixe, crustáceos e moluscos)"
7411101,PEIXE INTEIRO TUCUNARE,02802,"Pesca e aquicultura (peixe, crustáceos e moluscos)"
7411102,PEIXE INTEIRO TUCUNARE ACU,02802,"Pesca e aquicultura (peixe, crustáceos e moluscos)"
7411114,PEIXE INTEIRO BURRIQUETA DE RIO (TUCUNARE),02802,"Pesca e aquicultura (peixe, crustáceos e moluscos)"
7411115,PEIXE INTEIRO BURRIQUETE DE RIO (TUCUNARE),02802,"Pesca e aquicultura (peixe, crustáceos e moluscos)"
7411201,PEIXE EM POSTAS TUCUNARE,02802,"Pesca e aquicultura (peixe, crustáceos e moluscos)"
7411401,PEIXE SALGADO TUCUNARE,10914,Pescado industrializado
7411501,PEIXE EM FILE CONGELADO TUCUNARE,10914,Pescado industrializado
7412101,PEIXE INTEIRO ACARI,02802,"Pesca e aquicultura (peixe, crustáceos e moluscos)"
7412102,PEIXE INTEIRO CASCUDO BARBADO,02802,"Pesca e aquicultura (peixe, crustáceos e moluscos)"
7412103,PEIXE INTEIRO CARITO,02802,"Pesca e aquicultura (peixe, crustáceos e moluscos)"
7412105,PEIXE INTEIRO PILATOS,02802,"Pesca e aquicultura (peixe, crustáceos e moluscos)"
7412107,PEIXE INTEIRO BODO,02802,"Pesca e aquicultura (peixe, crustáceos e moluscos)"
7412110,PEIXE INTEIRO CASCUDINHO,02802,"Pesca e aquicultura (peixe, crustáceos e moluscos)"
7412112,PEIXE INTEIRO CASCUDO COMUM,02802,"Pesca e aquicultura (peixe, crustáceos e moluscos)"
7412116,PEIXE INTEIRO ACARI PINTADO,02802,"Pesca e aquicultura (peixe, crustáceos e moluscos)"
7412123,PEIXE INTEIRO ACARI ESPADA,02802,"Pesca e aquicultura (peixe, crustáceos e moluscos)"
7412124,PEIXE INTEIRO ACARI CACHIMBO,02802,"Pesca e aquicultura (peixe, crustáceos e moluscos)"
7412125,PEIXE INTEIRO ACARI BODO,02802,"Pesca e aquicultura (peixe, crustáceos e moluscos)"
7412126,PEIXE INTEIRO CASCUDO,02802,"Pesca e aquicultura (peixe, crustáceos e moluscos)"
7412128,PEIXE INTEIRO BARBUDO,02802,"Pesca e aquicultura (peixe, crustáceos e moluscos)"
7412201,PEIXE EM POSTAS ACARI,02802,"Pesca e aquicultura (peixe, crustáceos e moluscos)"
7412301,PEIXE EM FILE FRESCO ACARI,02802,"Pesca e aquicultura (peixe, crustáceos e moluscos)"
7412401,PEIXE SALGADO ACARI,02802,"Pesca e aquicultura (peixe, crustáceos e moluscos)"
7412502,PEIXE EM FILE CONGELADO CASCUDO,10914,Pescado industrializado
7413101,PEIXE INTEIRO PIRAMUTABA,02802,"Pesca e aquicultura (peixe, crustáceos e moluscos)"
7413103,PEIXE INTEIRO PIRAMUTA,02802,"Pesca e aquicultura (peixe, crustáceos e moluscos)"
7413105,PEIXE INTEIRO BARBA CHATA,02802,"Pesca e aquicultura (peixe, crustáceos e moluscos)"
7413201,PEIXE EM POSTAS PIRAMUTABA,02802,"Pesca e aquicultura (peixe, crustáceos e moluscos)"
7413301,PEIXE EM FILE FRESCO PIRAMUTABA,02802,"Pesca e aquicultura (peixe, crustáceos e moluscos)"
7413401,PEIXE SALGADO PIRAMUTABA,10914,Pescado industrializado
7413501,PEIXE EM FILE CONGELADO PIRAMUTABA,10914,Pescado industrializado
7414101,PEIXE INTEIRO PIAU,02802,"Pesca e aquicultura (peixe, crustáceos e moluscos)"
7414102,PEIXE INTEIRO PIAU VERDADEIRO,02802,"Pesca e aquicultura (peixe, crustáceos e moluscos)"
7414201,PEIXE EM POSTAS PIAU,02802,"Pesca e aquicultura (peixe, crustáceos e moluscos)"
7414301,PEIXE EM FILE FRESCO PIAU,02802,"Pesca e aquicultura (peixe, crustáceos e moluscos)"
7414401,PEIXE SALGADO PIAU,10914,Pescado industrializado
7414501,PEIXE EM FILE CONGELADO PIAU,10914,Pescado industrializado
7416101,PEIXE INTEIRO DOURADO DE AGUA DOCE,02802,"Pesca e aquicultura (peixe, crustáceos e moluscos)"
7416201,PEIXE EM POSTAS DOURADO DE AGUA DOCE,02802,"Pesca e aquicultura (peixe, crustáceos e moluscos)"
7416301,PEIXE EM FILE FRESCO DOURADO DE AGUA DOCE,02802,"Pesca e aquicultura (peixe, crustáceos e moluscos)"
7416401,PEIXE SALGADO DOURADO DE AGUA DOCE,02802,"Pesca e aquicultura (peixe, crustáceos e moluscos)"
7416501,PEIXE EM FILE CONGELADO DOURADO DE AGUA DOCE,10914,Pescado industrializado
7417101,PEIXE INTEIRO TAMOATA,02802,"Pesca e aquicultura (peixe, crustáceos e moluscos)"
7417103,PEIXE INTEIRO TAMBOATA,02802,"Pesca e aquicultura (peixe, crustáceos e moluscos)"
7417105,PEIXE INTEIRO TAMUATA,02802,"Pesca e aquicultura (peixe, crustáceos e moluscos)"
7417106,PEIXE INTEIRO TAMATA,02802,"Pesca e aquicultura (peixe, crustáceos e moluscos)"
7417501,PEIXE EM FILE CONGELADO TAMOATA,10914,Pescado industrializado
7418102,PEIXE INTEIRO LENHA,02802,"Pesca e aquicultura (peixe, crustáceos e moluscos)"
7419101,PEIXE INTEIRO MAPARA,02802,"Pesca e aquicultura (peixe, crustáceos e moluscos)"
7419105,PEIXE INTEIRO MAPARA DE CAMETA,02802,"Pesca e aquicultura (peixe, crustáceos e moluscos)"
7419110,PEIXE INTEIRO MAMPARA,02802,"Pesca e aquicultura (peixe, crustáceos e moluscos)"
7419201,PEIXE EM POSTAS MAPARA,02802,"Pesca e aquicultura (peixe, crustáceos e moluscos)"
7419301,PEIXE EM FILE FRESCO MAPARA,10914,Pescado industrializado
7419501,PEIXE EM FILE CONGELADO MAPARA,10914,Pescado industrializado
7420101,PEIXE INTEIRO PIRANHA,02802,"Pesca e aquicultura (peixe, crustáceos e moluscos)"
7420103,PEIXE INTEIRO PIRANHA VERMELHA,02802,"Pesca e aquicultura (peixe, crustáceos e moluscos)"
7420110,PEIXE INTEIRO PIRANHA BRANCA,02802,"Pesca e aquicultura (peixe, crustáceos e moluscos)"
7420118,PEIXE INTEIRO PIRAMBEBA,02802,"Pesca e aquicultura (peixe, crustáceos e moluscos)"
7420201,PEIXE EM POSTAS PIRANHA,02802,"Pesca e aquicultura (peixe, crustáceos e moluscos)"
7420301,PEIXE EM FILE FRESCO PIRANHA,02802,"Pesca e aquicultura (peixe, crustáceos e moluscos)"
7421101,PEIXE INTEIRO PACU,02802,"Pesca e aquicultura (peixe, crustáceos e moluscos)"
7421106,PEIXE INTEIRO PACU BRANCO,02802,"Pesca e aquicultura (peixe, crustáceos e moluscos)"
7421110,PEIXE INTEIRO PIROSCA,02802,"Pesca e aquicultura (peixe, crustáceos e moluscos)"
7421111,PEIXE INTEIRO PACUTINGA,02802,"Pesca e aquicultura (peixe, crustáceos e moluscos)"
7421120,PEIXE INTEIRO CARANHA,02802,"Pesca e aquicultura (peixe, crustáceos e moluscos)"
7421201,PEIXE EM POSTAS PACU,02802,"Pesca e aquicultura (peixe, crustáceos e moluscos)"
7421301,PEIXE EM FILE FRESCO PACU,02802,"Pesca e aquicultura (peixe, crustáceos e moluscos)"
7421401,PEIXE SALGADO PACU,10914,Pescado industrializado
7421501,PEIXE EM FILE CONGELADO PACU,10914,Pescado industrializado
7422101,PEIXE INTEIRO TAMBAQUI,02802,"Pesca e aquicultura (peixe, crustáceos e moluscos)"
7422103,PEIXE INTEIRO PACU DO AMAZONAS (TAMBAQUI),02802,"Pesca e aquicultura (peixe, crustáceos e moluscos)"
7422201,PEIXE EM POSTAS TAMBAQUI,02802,"Pesca e aquicultura (peixe, crustáceos e moluscos)"
7422301,PEIXE EM FILE FRESCO TAMBAQUI,02802,"Pesca e aquicultura (peixe, crustáceos e moluscos)"
7422401,PEIXE SALGADO TAMBAQUI,10914,Pescado industrializado
7422501,PEIXE EM FILE CONGELADO TAMBAQUI,10914,Pescado industrializado
7422701,CABECA DE PACU,02802,"Pesca e aquicultura (peixe, crustáceos e moluscos)"
7422901,PEIXE TAMBAQUI (FORMA DE COMERCIALIZACAO NAO-DISCRIMINADA),02802,"Pesca e aquicultura (peixe, crustáceos e moluscos)"
7423101,PEIXE INTEIRO ANUJA,02802,"Pesca e aquicultura (peixe, crustáceos e moluscos)"
7423102,PEIXE INTEIRO CACHORRINHO DE PADRE,02802,"Pesca e aquicultura (peixe, crustáceos e moluscos)"
7423104,PEIXE INTEIRO CACHORRO DE PADRE,02802,"Pesca e aquicultura (peixe, crustáceos e moluscos)"
7423118,PEIXE BAGRE DE RIO,02802,"Pesca e aquicultura (peixe, crustáceos e moluscos)"
7423119,PEIXE INTEIRO MANDI,02802,"Pesca e aquicultura (peixe, crustáceos e moluscos)"
7423120,PEIXE INTEIRO JUNDIA,02802,"Pesca e aquicultura (peixe, crustáceos e moluscos)"
7423121,PEIXE INTEIRO BOGA,02802,"Pesca e aquicultura (peixe, crustáceos e moluscos)"
7423123,PEIXE INTEIRO JANDIA,02802,"Pesca e aquicultura (peixe, crustáceos e moluscos)"
7423401,PEIXE SALGADO ANUJA,02802,"Pesca e aquicultura (peixe, crustáceos e moluscos)"
7424101,PEIXE INTEIRO SARDINHA DE AGUA DOCE,02802,"Pesca e aquicultura (peixe, crustáceos e moluscos)"
7424102,PEIXE INTEIRO APAPA,02802,"Pesca e aquicultura (peixe, crustáceos e moluscos)"
7424103,PEIXE INTEIRO SARDINHA GRANDE DE AGUA DOCE,02802,"Pesca e aquicultura (peixe, crustáceos e moluscos)"
7424104,PEIXE INTEIRO SARDINHAO (AGUA DOCE),02802,"Pesca e aquicultura (peixe, crustáceos e moluscos)"
7424105,PEIXE INTEIRO SARDA DE AGUA DOCE,02802,"Pesca e aquicultura (peixe, crustáceos e moluscos)"
7424201,PEIXE EM POSTAS SARDINHA DE AGUA DOCE,02802,"Pesca e aquicultura (peixe, crustáceos e moluscos)"
7424301,PEIXE EM FILE FRESCO SARDINHA DE AGUA DOCE,02802,"Pesca e aquicultura (peixe, crustáceos e moluscos)"
7424401,PEIXE SALGADO SARDINHA DE AGUA DOCE,02802,"Pesca e aquicultura (peixe, crustáceos e moluscos)"
7424501,PEIXE EM FILE CONGELADO SARDINHA DE AGUA DOCE,10914,Pescado industrializado
7425101,PEIXE INTEIRO JARAQUI,02802,"Pesca e aquicultura (peixe, crustáceos e moluscos)"
7425102,PEIXE INTEIRO JERAQUI,02802,"Pesca e aquicultura (peixe, crustáceos e moluscos)"
7425201,PEIXE EM POSTAS JARAQUI,02802,"Pesca e aquicultura (peixe, crustáceos e moluscos)"
7425301,PEIXE EM FILE FRESCO JARAQUI,02802,"Pesca e aquicultura (peixe, crustáceos e moluscos)"
7425401,PEIXE SALGADO JARAQUI,02802,"Pesca e aquicultura (peixe, crustáceos e moluscos)"
7425501,PEIXE EM FILE CONGELADO JARAQUI,10914,Pescado industrializado
7426101,PEIXE INTEIRO CACHORRO,02802,"Pesca e aquicultura (peixe, crustáceos e moluscos)"
7426111,PEIXE INTEIRO SARANHA,02802,"Pesca e aquicultura (peixe, crustáceos e moluscos)"
7426116,PEIXE INTEIRO CUBIU,02802,"Pesca e aquicultura (peixe, crustáceos e moluscos)"
7427101,PEIXE INTEIRO PIABANHA,02802,"Pesca e aquicultura (peixe, crustáceos e moluscos)"
7427102,PEIXE INTEIRO PIRAPITINGA,02802,"Pesca e aquicultura (peixe, crustáceos e moluscos)"
7427301,PEIXE EM FILE FRESCO PIABANHA,02802,"Pesca e aquicultura (peixe, crustáceos e moluscos)"
7427401,PEIXE SALGADO PIABANHA,10914,Pescado industrializado
7428102,PEIXE INTEIRO FILHOTE,02802,"Pesca e aquicultura (peixe, crustáceos e moluscos)"
7428103,PEIXE INTEIRO PIRATINGA (PIRAIBA),02802,"Pesca e aquicultura (peixe, crustáceos e moluscos)"
7428401,PEIXE SALGADO PIRAIBA,02802,"Pesca e aquicultura (peixe, crustáceos e moluscos)"
7429101,PEIXE INTEIRO BACU,02802,"Pesca e aquicultura (peixe, crustáceos e moluscos)"
7429103,PEIXE INTEIRO ARMAU,02802,"Pesca e aquicultura (peixe, crustáceos e moluscos)"
7429109,PEIXE INTEIRO CUIU CUIU,02802,"Pesca e aquicultura (peixe, crustáceos e moluscos)"
7429401,PEIXE SALGADO BACU,10914,Pescado industrializado
7430101,PEIXE INTEIRO PIRARARA,02802,"Pesca e aquicultura (peixe, crustáceos e moluscos)"
7430104,PEIXE INTEIRO CAJARO,02802,"Pesca e aquicultura (peixe, crustáceos e moluscos)"
7431104,PEIXE INTEIRO PIRACURURU,02802,"Pesca e aquicultura (peixe, crustáceos e moluscos)"
7432101,PEIXE INTEIRO DOURADA,02802,"Pesca e aquicultura (peixe, crustáceos e moluscos)"
7432102,PEIXE INTEIRO DOURADA DO AMAZONAS,02802,"Pesca e aquicultura (peixe, crustáceos e moluscos)"
7432103,PEIXE INTEIRO DOIRADA DO AMAZONAS,02802,"Pesca e aquicultura (peixe, crustáceos e moluscos)"
7432104,PEIXE INTEIRO DOIRADA,02802,"Pesca e aquicultura (peixe, crustáceos e moluscos)"
7432201,PEIXE EM POSTAS DOURADA,02802,"Pesca e aquicultura (peixe, crustáceos e moluscos)"
7432301,PEIXE EM FILE FRESCO DOURADA,02802,"Pesca e aquicultura (peixe, crustáceos e moluscos)"
7432401,PEIXE SALGADO DOURADA,10914,Pescado industrializado
7432501,PEIXE EM FILE CONGELADO DOURADA,10914,Pescado industrializado
7432901,PEIXE DOURADA (FORMA DE COMERCIALIZACAO NAO-DISCRIMINADA),02802,"Pesca e aquicultura (peixe, crustáceos e moluscos)"
7433101,PEIXE INTEIRO PIRANAMBU,02802,"Pesca e aquicultura (peixe, crustáceos e moluscos)"
7433107,PEIXE INTEIRO PINTADINHO (DE AGUA DOCE) (PIRANAMBU),02802,"Pesca e aquicultura (peixe, crustáceos e moluscos)"
7433113,PEIXE INTEIRO BARBADO (DE AGUA DOCE) (PIRANAMBU),02802,"Pesca e aquicultura (peixe, crustáceos e moluscos)"
7434201,PEIXE EM POSTAS FIDALGO,02802,"Pesca e aquicultura (peixe, crustáceos e moluscos)"
7434501,PEIXE EM FILE CONGELADO FIDALGO,10914,Pescado industrializado
7434901,PEIXE FIDALGO (FORMA DE COMERCIALIZACAO NAO-DISCRIMINADA),02802,"Pesca e aquicultura (peixe, crustáceos e moluscos)"
7436101,PEIXE INTEIRO MANDUBE,02802,"Pesca e aquicultura (peixe, crustáceos e moluscos)"
7437101,PEIXE INTEIRO PIRAPUTANGA,02802,"Pesca e aquicultura (peixe, crustáceos e moluscos)"
7437102,PEIXE INTEIRO PIRAPITANGA,02802,"Pesca e aquicultura (peixe, crustáceos e moluscos)"
7438101,PEIXE INTEIRO JAU,02802,"Pesca e aquicultura (peixe, crustáceos e moluscos)"
7439101,PEIXE INTEIRO PIAPARA,02802,"Pesca e aquicultura (peixe, crustáceos e moluscos)"
7439201,PEIXE EM POSTAS PIAPARA,02802,"Pesca e aquicultura (peixe, crustáceos e moluscos)"
7439501,PEIXE EM FILE CONGELADO PIAPARA,10914,Pescado industrializado
7440101,PEIXE INTEIRO ARUANA,02802,"Pesca e aquicultura (peixe, crustáceos e moluscos)"
7440106,PEIXE INTEIRO SULAMBA,02802,"Pesca e aquicultura (peixe, crustáceos e moluscos)"
7440201,PEIXE EM POSTAS ARUANA,02802,"Pesca e aquicultura (peixe, crustáceos e moluscos)"
7440401,PEIXE SALGADO ARUANA,02802,"Pesca e aquicultura (peixe, crustáceos e moluscos)"
7443101,CAMARAO DE AGUA DOCE,02802,"Pesca e aquicultura (peixe, crustáceos e moluscos)"
7443107,CAMARAO CASTANHO (AGUA DOCE),02802,"Pesca e aquicultura (peixe, crustáceos e moluscos)"
7443201,CAMARAO DE AGUA DOCE SEM CASCA,02802,"Pesca e aquicultura (peixe, crustáceos e moluscos)"
7443401,CAMARAO DE AGUA DOCE SALGADO,10914,Pescado industrializado
7444101,TRACAJA,02802,"Pesca e aquicultura (peixe, crustáceos e moluscos)"
7444104,TARTARUGA DE AGUA DOCE,02802,"Pesca e aquicultura (peixe, crustáceos e moluscos)"
7445115,PAULISTINHA,02802,"Pesca e aquicultura (peixe, crustáceos e moluscos)"
7446101,PEIXE INTEIRO BAGRE DE AGUA DOCE,02802,"Pesca e aquicultura (peixe, crustáceos e moluscos)"
7446201,PEIXE EM POSTAS BAGRE DE AGUA DOCE,02802,"Pesca e aquicultura (peixe, crustáceos e moluscos)"
7446401,PEIXE SALGADO BAGRE DE AGUA DOCE,10914,Pescado industrializado
7446501,PEIXE EM FILE CONGELADO BAGRE DE AGUA DOCE,10914,Pescado industrializado
7449101,PEIXE INTEIRO TRUTA,02802,"Pesca e aquicultura (peixe, crustáceos e moluscos)"
7449501,PEIXE EM FILE CONGELADO TRUTA,10914,Pescado industrializado
7450401,AVIU SALGADO,10914,Pescado industrializado
7451101,PEIXE INTEIRO MATRINXA,02802,"Pesca e aquicultura (peixe, crustáceos e moluscos)"
7451102,PEIXE INTEIRO MATRINXAO,02802,"Pesca e aquicultura (peixe, crustáceos e moluscos)"
7451103,PEIXE INTEIRO MAMURI,02802,"Pesca e aquicultura (peixe, crustáceos e moluscos)"
7451104,PEIXE INTEIRO JATUARANA,02802,"Pesca e aquicultura (peixe, crustáceos e moluscos)"
7451201,PEIXE EM POSTAS MATRINXA,02802,"Pesca e aquicultura (peixe, crustáceos e moluscos)"
7451501,PEIXE EM FILE CONGELADO MATRINXA,10914,Pescado industrializado
7451901,PEIXE MATRINXA (FORMA DE COMERCIALIZACAO NAO-DISCRIMINADA),02802,"Pesca e aquicultura (peixe, crustáceos e moluscos)"
7453101,PEIXE INTEIRO ARUIRI,02802,"Pesca e aquicultura (peixe, crustáceos e moluscos)"
7454101,PEIXE INTEIRO BAIACU,02802,"Pesca e aquicultura (peixe, crustáceos e moluscos)"
7455101,PEIXE INTEIRO CARPA,02802,"Pesca e aquicultura (peixe, crustáceos e moluscos)"
7455301,PEIXE EM FILE FRESCO CARPA,02802,"Pesca e aquicultura (peixe, crustáceos e moluscos)"
7456101,PEIXE INTEIRO CUJUBA,02802,"Pesca e aquicultura (peixe, crustáceos e moluscos)"
7457101,PEIXE INTEIRO VOADOR,02802,"Pesca e aquicultura (peixe, crustáceos e moluscos)"
7457102,PEIXE INTEIRO FLECHEIRO,02802,"Pesca e aquicultura (peixe, crustáceos e moluscos)"
7459101,PEIXE INTEIRO TRAIRAO,02802,"Pesca e aquicultura (peixe, crustáceos e moluscos)"
7460101,PEIXE INTEIRO CHAPEREMA,02802,"Pesca e aquicultura (peixe, crustáceos e moluscos)"
7600101,PEIXE INTEIRO NAO-ESPECIFICADO,02802,"Pesca e aquicultura (peixe, crustáceos e moluscos)"
7600201,PEIXE EM POSTAS NAO-ESPECIFICADO,02802,"Pesca e aquicultura (peixe, crustáceos e moluscos)"
7600301,PEIXE EM FILE FRESCO NAO-ESPECIFICADO,02802,"Pesca e aquicultura (peixe, crustáceos e moluscos)"
7600401,PEIXE SALGADO NAO-ESPECIFICADO,02802,"Pesca e aquicultura (peixe, crustáceos e moluscos)"
7600402,PEIXE SECO NAO-ESPECIFICADO,02802,"Pesca e aquicultura (peixe, crustáceos e moluscos)"
7600501,PEIXE EM FILE CONGELADO NAO-ESPECIFICADO,10914,Pescado industrializado
7600701,CABECA DE PEIXE,02802,"Pesca e aquicultura (peixe, crustáceos e moluscos)"
7600901,PEIXE NAO-ESPECIFICADO,02802,"Pesca e aquicultura (peixe, crustáceos e moluscos)"
7700101,AZEITONA,10931,"Conservas de frutas, legumes, outros vegetais e sucos de frutas"
7700102,AZEITONA EM CONSERVA,10931,"Conservas de frutas, legumes, outros vegetais e sucos de frutas"
7700103,AZEITONA VERDE,10931,"Conservas de frutas, legumes, outros vegetais e sucos de frutas"
7700104,AZEITONA PRETA,10931,"Conservas de frutas, legumes, outros vegetais e sucos de frutas"
7700105,AZEITONA RECHEADA EN CONSERVA,10931,"Conservas de frutas, legumes, outros vegetais e sucos de frutas"
7700106,AZEITONA SEM CAROCO,10931,"Conservas de frutas, legumes, outros vegetais e sucos de frutas"
7700107,AZEITONA FATIADA EM CONSERVA,10931,"Conservas de frutas, legumes, outros vegetais e sucos de frutas"
7700201,ERVILHA EM CONSERVA,10931,"Conservas de frutas, legumes, outros vegetais e sucos de frutas"
7700202,PETIT POIS,10931,"Conservas de frutas, legumes, outros vegetais e sucos de frutas"
7700301,ERVILHA COM CENOURA EM CONSERVA,10931,"Conservas de frutas, legumes, outros vegetais e sucos de frutas"
7700302,ERVILHA E CENOURA EM CONSERVA,10931,"Conservas de frutas, legumes, outros vegetais e sucos de frutas"
7700401,MILHO VERDE EM CONSERVA,10931,"Conservas de frutas, legumes, outros vegetais e sucos de frutas"
7700402,MILHO EM CONSERVA,10931,"Conservas de frutas, legumes, outros vegetais e sucos de frutas"
7700501,PALMITO EM CONSERVA,10931,"Conservas de frutas, legumes, outros vegetais e sucos de frutas"
7700601,COGUMELO EM CONSERVA,10931,"Conservas de frutas, legumes, outros vegetais e sucos de frutas"
7700602,CHAMPIGNON EM CONSERVA,10931,"Conservas de frutas, legumes, outros vegetais e sucos de frutas"
7700603,FUNGHI SECO,10931,"Conservas de frutas, legumes, outros vegetais e sucos de frutas"
7700701,ASPARGO EM CONSERVA,10931,"Conservas de frutas, legumes, outros vegetais e sucos de frutas"
7700801,CENOURA EM CONSERVA,10931,"Conservas de frutas, legumes, outros vegetais e sucos de frutas"
7700901,REPOLHO EM CONSERVA,10931,"Conservas de frutas, legumes, outros vegetais e sucos de frutas"
7700902,CHUCRUTE,10931,"Conservas de frutas, legumes, outros vegetais e sucos de frutas"
7701001,TOMATE SEM PELE EM CONSERVA,10931,"Conservas de frutas, legumes, outros vegetais e sucos de frutas"
7701002,TOMATE COM PELE EM CONSERVA,10931,"Conservas de frutas, legumes, outros vegetais e sucos de frutas"
7701101,LEGUME NAO-ESPECIFICADO EM CONSERVA,10931,"Conservas de frutas, legumes, outros vegetais e sucos de frutas"
7701102,LEGUME EM CONSERVA NAO-ESPECIFICADO,10931,"Conservas de frutas, legumes, outros vegetais e sucos de frutas"
7701201,SOPA INFANTIL DE QUALQUER SABOR,10937,Outros produtos alimentares
7701202,SOPA INFANTIL COM LEGUMES OU VERDURAS,10937,Outros produtos alimentares
7701203,ALIMENTO INFANTIL CREMOSO (EXCETO SOBREMESA),10937,Outros produtos alimentares
7701206,CREME INFANTIL (EXCETO SOBREMESA),10937,Outros produtos alimentares
7701207,PAPINHA (ALIMENTO INFANTIL),10937,Outros produtos alimentares
7701208,SOPINHA PARA BEBE,10937,Outros produtos alimentares
7701301,SOPA DE LEGUMES EM CONSERVA,10931,"Conservas de frutas, legumes, outros vegetais e sucos de frutas"
7701401,SOPA DESIDRATADA DE QUALQUER SABOR,10937,Outros produtos alimentares
7701402,SOPA EM PACOTE DE QUALQUER SABOR,10937,Outros produtos alimentares
7701403,SOPA CONCENTRADA EM PACOTE DE QUALQUER SABOR,10937,Outros produtos alimentares
7701404,CREME DE CEBOLA (SOPA DESIDRATADA),10937,Outros produtos alimentares
7701405,CREME DE LEGUMES (SOPA DESIDRATADA),10937,Outros produtos alimentares
7701406,YAKISSOBA (SOPA DE LEGUMES DESIDRATADA),10937,Outros produtos alimentares
7701407,CANJA DESIDRATADA,10937,Outros produtos alimentares
7701408,CREME DE ERVILHA (SOPA DESIDRATADA),10937,Outros produtos alimentares
7701409,SOPA DE LEGUMES (SOPA DESIDRATADA),10937,Outros produtos alimentares
7701501,MILHO VERDE COM ERVILHA EM CONSERVA,10937,Outros produtos alimentares
7701502,ERVILHA E MILHO EM CONSERVA,10937,Outros produtos alimentares
7701503,MILHO E ERVILHA EM CONSERVA,10937,Outros produtos alimentares
7701504,ERVILHA E MILHO VERDE EM CONSERVA,10937,Outros produtos alimentares
7701505,MILHO VERDE E ERVILHA EM CONSERVA,10937,Outros produtos alimentares
7701601,PIMENTA MALAGUETA EM CONSERVA,10937,Outros produtos alimentares
7701701,PIMENTA DE CHEIRO EM CONSERVA,10937,Outros produtos alimentares
7701702,PIMENTA BODE EM CONSERVA,10937,Outros produtos alimentares
7701801,PIMENTA NAO-ESPECIFICADA EM CONSERVA,10937,Outros produtos alimentares
7701802,MOLHO DE PIMENTA NAO-ESPECIFICADA,10937,Outros produtos alimentares
7701803,PIMENTA EM CONSERVA NAO-ESPECIFICADA,10937,Outros produtos alimentares
7701901,FEIJOADA EM CONSERVA,10937,Outros produtos alimentares
7701902,FEIJOADA COMPLETA EM CONSERVA,10937,Outros produtos alimentares
7701903,FEIJOADA PRONTA EM CONSERVA,10937,Outros produtos alimentares
7702002,DOBRADINHA COM FEIJAO BRANCO EM CONSERVA,10937,Outros produtos alimentares
7702101,COZIDO EM CONSERVA,10937,Outros produtos alimentares
7702201,PATE DE FIGADO EM CONSERVA,10911,Carne de bovinos e outros prod. de carne
7702301,PATE DE CARNE EM CONSERVA,10911,Carne de bovinos e outros prod. de carne
7702302,PASTA DE CARNE EM CONSERVA,10911,Carne de bovinos e outros prod. de carne
7702303,PATE DE CALABRESA,10911,Carne de bovinos e outros prod. de carne
7702401,PATE DE PRESUNTO EM CONSERVA,10911,Carne de bovinos e outros prod. de carne
7702402,PASTA DE PRESUNTO EM CONSERVA,10911,Carne de bovinos e outros prod. de carne
7702501,PATE DE GALINHA EM CONSERVA,10913,Carne de aves
7702503,PATE DE FRANGO EM CONSERVA,10913,Carne de aves
7702601,CARNE BOVINA EM CONSERVA,10911,Carne de bovinos e outros prod. de carne
7702602,ALMONDEGA EM CONSERVA,10911,Carne de bovinos e outros prod. de carne
7702603,KITUTE BOVINO,10911,Carne de bovinos e outros prod. de carne
7702604,ALMONDEGA AO MOLHO EM CONSERVA,10911,Carne de bovinos e outros prod. de carne
7702607,QUITUTE BOVINO,10911,Carne de bovinos e outros prod. de carne
7702701,CARNE SUINA EM CONSERVA,10911,Carne de bovinos e outros prod. de carne
7702702,FIAMBRADA SUINA,10911,Carne de bovinos e outros prod. de carne
7702704,KITUTE SUINO,10911,Carne de bovinos e outros prod. de carne
7702705,PRESUNTADA,10911,Carne de bovinos e outros prod. de carne
7702706,QUITUTE SUINO,10911,Carne de bovinos e outros prod. de carne
7702707,FIAMBRE,10911,Carne de bovinos e outros prod. de carne
7702708,AFIAMBRADO,10911,Carne de bovinos e outros prod. de carne
7702801,SALSICHA EM CONSERVA,10911,Carne de bovinos e outros prod. de carne
7702901,LINGUICA EM CONSERVA,10911,Carne de bovinos e outros prod. de carne
7703001,PEIXE SARDINHA EM CONSERVA,10914,Pescado industrializado
7703002,SARDINHA EM CONSERVA,10914,Pescado industrializado
7703003,SARDINHA EM LATA,10914,Pescado industrializado
7703101,PEIXE ANCHOVA EM CONSERVA,10914,Pescado industrializado
7703201,PEIXE CORVINA EM CONSERVA,10914,Pescado industrializado
7703202,CORVINA EM CONSERVA,10914,Pescado industrializado
7703301,PEIXE CAVALINHA EM CONSERVA,10914,Pescado industrializado
7703302,CAVALINHA EM CONSERVA,10914,Pescado industrializado
7703401,PEIXE ATUM EM CONSERVA,10914,Pescado industrializado
7703402,ATUM EM CONSERVA,10914,Pescado industrializado
7703403,ATUM RALADO,10914,Pescado industrializado
7703404,ATUM SOLIDO,10914,Pescado industrializado
7703601,CAMARAO EM CONSERVA,10914,Pescado industrializado
7703701,PEPINO EM CONSERVA,10931,"Conservas de frutas, legumes, outros vegetais e sucos de frutas"
7703801,CEBOLA EM CONSERVA,10931,"Conservas de frutas, legumes, outros vegetais e sucos de frutas"
7703901,PATE DE PEIXE EM CONSERVA,10914,Pescado industrializado
7703902,PASTA DE PEIXE EM CONSERVA,10914,Pescado industrializado
7704001,PICLES,10931,"Conservas de frutas, legumes, outros vegetais e sucos de frutas"
7704201,LENTILHA EM CONSERVA,10931,"Conservas de frutas, legumes, outros vegetais e sucos de frutas"
7704301,MORTADELA EM CONSERVA,10911,Carne de bovinos e outros prod. de carne
7704402,ALGA EM CONSERVA,10931,"Conservas de frutas, legumes, outros vegetais e sucos de frutas"
7704501,PEIXE PESCADA EM CONSERVA,10914,Pescado industrializado
7704502,PESCADA EM CONSERVA,10914,Pescado industrializado
7704601,CARNE DE FRANGO EM CONSERVA,10911,Carne de bovinos e outros prod. de carne
7704602,QUITUTE DE FRANGO,10911,Carne de bovinos e outros prod. de carne
7704603,QUITUTE DE FRANGO EM CONSERVA,10911,Carne de bovinos e outros prod. de carne
7704604,CARNE DE GALINHA EM CONSERVA,10911,Carne de bovinos e outros prod. de carne
7704701,PATE DE PERU EM CONSERVA,10913,Carne de aves
7704901,PEIXE TAINHA EM CONSERVA,10914,Pescado industrializado
7705101,FIAMBRE DE CHESTER,10913,Carne de aves
7705102,PRESUNTO DE CHESTER,10913,Carne de aves
7705301,ALICHE,02802,"Pesca e aquicultura (peixe, crustáceos e moluscos)"
7705401,STROGONOFF EM CONSERVA,10937,Outros produtos alimentares
7705402,STROGONOFF ENCARTONADO,10937,Outros produtos alimentares
7705403,STROGONOFF EM PACOTE,10937,Outros produtos alimentares
7705601,CARNE EM CONSERVA NAO-ESPECIFICADA,10911,Carne de bovinos e outros prod. de carne
7705702,PIMENTA CUMARI EM CONSERVA,10931,"Conservas de frutas, legumes, outros vegetais e sucos de frutas"
7705801,ALIMENTO INFANTIL NAO-ESPECIFICADO,10937,Outros produtos alimentares
7705802,NESTLE BABY,10937,Outros produtos alimentares
7705901,KANI KAMA,10914,Pescado industrializado
7706001,SALMAO EM CONSERVA,10914,Pescado industrializado
7706101,SOPA DESIDRATADA DE QUALQUER SABOR LIGHT,10937,Outros produtos alimentares
7706102,SOPA EM PACOTE DE QUALQUER SABOR LIGHT,10937,Outros produtos alimentares
7706103,SOPA CONCENTRADA EM PACOTE DE QUALQUER SABOR LIGHT,10937,Outros produtos alimentares
7706105,CREME DE LEGUMES (SOPA DESIDRATADA) LIGHT,10937,Outros produtos alimentares
7706201,PEIXE SARDINHA EM CONSERVA LIGHT,10914,Pescado industrializado
7706202,SARDINHA EM CONSERVA LIGHT,10914,Pescado industrializado
7706203,SARDINHA EM LATA LIGHT,10914,Pescado industrializado
7706302,ATUM EM CONSERVA LIGHT,10914,Pescado industrializado
7706303,ATUM RALADO LIGHT,10914,Pescado industrializado
7706304,ATUM SOLIDO LIGHT,10914,Pescado industrializado
7706502,PRESUNTO DE CHESTER LIGHT,10913,Carne de aves
7706601,BERINJELA AGRIDOCE,10931,"Conservas de frutas, legumes, outros vegetais e sucos de frutas"
7706701,BETERRABA EM CONSERVA,10931,"Conservas de frutas, legumes, outros vegetais e sucos de frutas"
7706801,LANCHE PEPERI (PRESUNTOS SUINO E DE FRANGO),10913,Carne de aves
7706901,OVO DE CODORNA EM CONSERVA,01924,Aves e ovos
7707001,SELETA DE LEGUMES EM CONSERVA,10931,"Conservas de frutas, legumes, outros vegetais e sucos de frutas"
7707101,PASTA DE AZEITONA,10937,Outros produtos alimentares
7707102,PATE DE AZEITONA,10937,Outros produtos alimentares
7707201,COUVE FLOR EM CONSERVA,10931,"Conservas de frutas, legumes, outros vegetais e sucos de frutas"
7707301,CEBOLINHA CRISTAL EM CONSERVA,10931,"Conservas de frutas, legumes, outros vegetais e sucos de frutas"
7707401,AZEITONA VERDE LIGHT,10931,"Conservas de frutas, legumes, outros vegetais e sucos de frutas"
7707501,SALSICHA VEGETAL EM CONSERVA,10931,"Conservas de frutas, legumes, outros vegetais e sucos de frutas"
7707601,BROCOLIS EM CONSERVA,10931,"Conservas de frutas, legumes, outros vegetais e sucos de frutas"
7800101,FRANGO ABATIDO,10913,Carne de aves
7800102,GALINHA ABATIDA,10913,Carne de aves
7800103,FRANGO INTEIRO,10913,Carne de aves
7800104,FRANGO CAIPIRA,10913,Carne de aves
7800201,FRANGO CONGELADO,10913,Carne de aves
7800202,GALINHA CONGELADA,10913,Carne de aves
7800203,FRANGO TEMPERADO CONGELADO,10913,Carne de aves
7800204,GALINHA TEMPERADA CONGELADA,10913,Carne de aves
7800205,FRANGO RESFRIADO,10913,Carne de aves
7800206,GALINHA RESFRIADA,10913,Carne de aves
7800207,FRANGO CONGELADO TEMPERADO,10913,Carne de aves
7800208,GALINHA CONGELADA TEMPERADA,10913,Carne de aves
7800209,FRANGO INTEIRO CONGELADO,10913,Carne de aves
7800301,PARTE DE GALINHA OU FRANGO NAO-ESPECIFICADA,10913,Carne de aves
7800302,FRANGO EM PEDACOS NAO-ESPECIFICADOS,10913,Carne de aves
7800303,GALINHA EM PEDACOS NAO-ESPECIFICADOS,10913,Carne de aves
7800304,CARNE DE GALINHA OU FRANGO NAO-ESPECIFICADA,10913,Carne de aves
7800305,CARNE DE FRANGO NAO ESPECIFICADA,10913,Carne de aves
7800306,CARNE DE FRANGO DESFIADA,10913,Carne de aves
7800307,FRANGO DESFIADO,10913,Carne de aves
7800401,PEITO DE GALINHA OU FRANGO,10913,Carne de aves
7800402,FILE DE FRANGO,10913,Carne de aves
7800403,PEITO DE FRANGO,10913,Carne de aves
7800404,ESCALOPE DE FRANGO,10913,Carne de aves
7800405,FILE DE PEITO DE FRANGO,10913,Carne de aves
7800406,MEDALHAO DE FRANGO,10913,Carne de aves
7800501,COXA DE GALINHA OU FRANGO,10913,Carne de aves
7800502,SOBRECOXA DE GALINHA OU FRANGO,10913,Carne de aves
7800503,COXA E SOBRECOXA DE GALINHA OU FRANGO,10913,Carne de aves
7800504,COXA DE FRANGO,10913,Carne de aves
7800505,SOBRECOXA DE FRANGO,10913,Carne de aves
7800506,COXA E SOBRECOXA DE FRANGO,10913,Carne de aves
7800601,DORSO DE GALINHA OU FRANGO,10913,Carne de aves
7800602,CARCACA DE GALINHA OU FRANGO,10913,Carne de aves
7800603,DORSO DE FRANGO,10913,Carne de aves
7800604,CARCACA FRANGO,10913,Carne de aves
7800701,ASA DE GALINHA OU FRANGO,10913,Carne de aves
7800702,DRUMETE DE GALINHA OU FRANGO,10913,Carne de aves
7800703,ASA DE FRANGO,10913,Carne de aves
7800704,ASA DE GALINHA,10913,Carne de aves
7800705,ASA DE FRANGO TEMPERADO,10913,Carne de aves
7800706,DRUMETE DE FRANGO,10913,Carne de aves
7800707,COXINHA DA ASA DE GALINHA OU FRANGO,10913,Carne de aves
7800708,ASINHA DE FRANGO,10913,Carne de aves
7800709,COXA DE ASA DE FRANGO,10913,Carne de aves
7800801,PESCOCO DE GALINHA OU FRANGO,10913,Carne de aves
7800802,PESCOCO DE FRANGO,10913,Carne de aves
7800901,PE DE GALINHA OU FRANGO,10913,Carne de aves
7800902,PE DE FRANGO,10913,Carne de aves
7801001,MIUDO DE GALINHA OU FRANGO NAO-ESPECIFICADO,10913,Carne de aves
7801002,MIUDO DE FRANGO NAO-ESPECIFICADO,10913,Carne de aves
7801101,MOELA DE GALINHA OU FRANGO,10913,Carne de aves
7801102,MOELA DE FRANGO,10913,Carne de aves
7801201,CORACAO DE GALINHA OU FRANGO,10913,Carne de aves
7801202,CORACAO DE FRANGO,10913,Carne de aves
7801301,FIGADO DE GALINHA OU FRANGO,10913,Carne de aves
7801302,FIGADO DE FRANGO,10913,Carne de aves
7801401,FRANGO VIVO,01924,Aves e ovos
7801402,GALINHA VIVA,01924,Aves e ovos
7801403,GALINHA EM PE,01924,Aves e ovos
7801404,FRANGO EM PE,01924,Aves e ovos
7801501,PERU ABATIDO,10913,Carne de aves
7801601,PERU CONGELADO,10913,Carne de aves
7801602,PERU TEMPERADO CONGELADO,10913,Carne de aves
7801603,PERU CONGELADO TEMPERADO,10913,Carne de aves
7801702,PERU EM PEDACO NAO-ESPECIFICADO,10913,Carne de aves
7801703,CARNE DE PERU NAO-ESPECIFICADA,10913,Carne de aves
7801801,PEITO DE PERU,10913,Carne de aves
7801802,PEITO DE PERU DEFUMADO,10913,Carne de aves
7801901,COXA DE PERU,10913,Carne de aves
7802002,CARCACA DE PERU,10913,Carne de aves
7802101,ASA DE PERU,10913,Carne de aves
7802201,PERU VIVO,01924,Aves e ovos
7802202,PERU EM PE,10913,Carne de aves
7802301,COXA DE AVE NAO-ESPECIFICADA,10913,Carne de aves
7802401,COXA E SOBRECOXA DE AVE NAO-ESPECIFICADA,10913,Carne de aves
7802501,COXA E ASA DE GALINHA OU FRANGO,10913,Carne de aves
7802502,COXA E ASA DE FRANGO,10913,Carne de aves
7802601,COXA E PEITO DE GALINHA OU FRANGO,10913,Carne de aves
7802602,COXA E PEITO DE FRANGO,10913,Carne de aves
7802701,CHESTER,10913,Carne de aves
7802702,TENDER,10911,Carne de bovinos e outros prod. de carne
7802803,NAMBU VIVO,10913,Carne de aves
7802901,NUGGETS DE FRANGO,10913,Carne de aves
7802902,STEAK DE FRANGO,10913,Carne de aves
7802903,NUGGETS DE GALINHA,10913,Carne de aves
7802904,STEAK DE GALINHA,10913,Carne de aves
7803001,"CODORNA ABATIDA, CONGELADA OU VIVA",10913,Carne de aves
7803002,CODORNA CONGELADA,10913,Carne de aves
7803003,CODORNA VIVA,10913,Carne de aves
7803301,OVO DE GALINHA,01924,Aves e ovos
7803302,OVOS DE GALINHA,01924,Aves e ovos
7803303,OVO DE GALINHA CAIPIRA,01924,Aves e ovos
7803304,OVOS DE GALINHA BRANCO,01924,Aves e ovos
7803305,OVOS DE GALINHA VERMELHO,01924,Aves e ovos
7803401,OVO DE PATA,01924,Aves e ovos
7803501,OVO DE CODORNA,01924,Aves e ovos
7803602,COSTELA E PE DE FRANGO,10913,Carne de aves
7803701,"OUTRA AVE ABATIDA, CONGELADA OU VIVA",10913,Carne de aves
7803702,"GALINHA DE ANGOLA ABATIDA, CONGELADA OU VIVA",10913,Carne de aves
7803703,"CAPOTE ABATIDA, CONGELADA OU VIVA",10913,Carne de aves
7803705,"GANSO ABATIDO, CONGELADO OU VIVO",10913,Carne de aves
7803707,"MUTUM ABATIDO, CONGELADO OU VIVO",10913,Carne de aves
7803708,"AVOANTE ABATIDA, CONGELADA OU VIVA",10913,Carne de aves
7803709,OUTRA AVE CONGELADA,10913,Carne de aves
7803712,GALINHA DE ANGOLA VIVA,01924,Aves e ovos
7803713,CAPOTE CONGELADA,10913,Carne de aves
7803722,MUTUM VIVO,01924,Aves e ovos
7803725,"JACANA ABATIDA, CONGELADA OU VIVA",10913,Carne de aves
7803726,"INAMBU ABATIDA, CONGELADA OU VIVA",10913,Carne de aves
7803727,"GARCA ABATIDA, CONGELADA OU VIVA",10913,Carne de aves
7803728,JACU ABATIDO,10913,Carne de aves
7803729,GALINHA DAGUA,10913,Carne de aves
7803801,OSSO DE GALINHA,10913,Carne de aves
7803901,"PATO ABATIDO, CONGELADO OU VIVO",10913,Carne de aves
7803902,PATO VIVO,01924,Aves e ovos
7803903,PATO EM PE,01924,Aves e ovos
7803904,PATO ABATIDO,10913,Carne de aves
7803905,PATO CONGELADO,10913,Carne de aves
7803906,PARTE DE PATO (NAO-ESPECIFICADA),10913,Carne de aves
7803907,PATO EM PEDACOS (NAO-ESPECIFICADOS),10913,Carne de aves
7803913,CARNE DE PATO NAO-ESPECIFICADA,10913,Carne de aves
7804001,"CABECA DE GALINHA, PATO, PERU, MARRECO, GALINHA DE ANGOLA",10913,Carne de aves
7804101,PESCOCO DE PERU,10913,Carne de aves
7804201,SOBRECOXA NAO-ESPECIFICADA,10913,Carne de aves
7804401,OVO DE TRACAJA,01924,Aves e ovos
7804501,OVO DE PERU,01924,Aves e ovos
7804601,OSSO DE PERU,10913,Carne de aves
7804801,SAMBIQUIRA DE GALINHA OU FRANGO,10913,Carne de aves
7805201,COXA E ASA NAO-ESPECIFICADA,10913,Carne de aves
7805401,PEITO DE PERU LIGHT,10913,Carne de aves
7805501,FRANGO INTEIRO ORGANICO,10913,Carne de aves
7805502,FRANGO ABATIDO ORGANICO,10913,Carne de aves
7805503,GALINHA ABATIDA ORGANICA,10913,Carne de aves
7805504,FRANGO CAIPIRA ORGANICO,10913,Carne de aves
7805601,FRANGO CONGELADO ORGANICO,10913,Carne de aves
7805602,GALINHA CONGELADA ORGANICA,10913,Carne de aves
7805603,FRANGO TEMPERADO CONGELADO ORGANICO,10913,Carne de aves
7805605,FRANGO RESFRIADO ORGANICO,10913,Carne de aves
7805607,FRANGO CONGELADO TEMPERADO ORGANICO,10913,Carne de aves
7805701,PEITO DE FRANGO ORGANICO,10913,Carne de aves
7805702,FILE DE FRANGO ORGANICO,10913,Carne de aves
7805703,FILE DE GALINHA OU FRANGO ORGANICO,10913,Carne de aves
7805801,COXA E SOBRECOXA DE FRANGO ORGANICA,10913,Carne de aves
7805804,COXA DE FRANGO ORGANICA,10913,Carne de aves
7805805,SOBRECOXA DE FRANGO ORGANICA,10913,Carne de aves
7805901,PARTE DE FRANGO ORGANICO NAO-ESPECIFICADA,10913,Carne de aves
7805902,FRANGO EM PEDACOS NAO-ESPECIFICADOS ORGANICO,10913,Carne de aves
7805904,CARNE DE GALINHA OU FRANGO NAO-ESPECIFICADA ORGANICA,10913,Carne de aves
7805905,PARTE DE GALINHA OU FRANGO NAO-ESPECIFICADA ORGANICA,10913,Carne de aves
7806001,"MARRECO ABATIDO, CONGELADO OU VIVO",10913,Carne de aves
7806002,CARNE DE MARRECO,10913,Carne de aves
7806201,CARNE MOIDA DE FRANGO,10913,Carne de aves
7806301,OVO DE GUINE,10913,Carne de aves
7806401,FRANGO ORGANICO INTEIRO,10913,Carne de aves
7806501,OVO DE GALINHA ORGANICO,01924,Aves e ovos
7806601,PELE DE FRANGO,10913,Carne de aves
7806701,OVO DE JACARE,10937,Outros produtos alimentares
7806801,PEITO DE FRANGO LIGHT,10913,Carne de aves
7806901,CARNE DE AVESTRUZ,10913,Carne de aves
7900101,LEITE DE VACA INTEGRAL,01922,Leite de vaca e de outros animais
7900102,LEITE TIPO B INTEGRAL,10915,"Leite resfriado, esterilizado e pasteurizado"
7900103,LEITE TIPO C INTEGRAL,10915,"Leite resfriado, esterilizado e pasteurizado"
7900104,LEITE ESPECIAL INTEGRAL,10915,"Leite resfriado, esterilizado e pasteurizado"
7900105,LEITE LONGA VIDA INTEGRAL,10915,"Leite resfriado, esterilizado e pasteurizado"
7900106,LEITE GLUT LONGA VIDA INTEGRAL,10915,"Leite resfriado, esterilizado e pasteurizado"
7900107,LEITE TIPO A INTEGRAL,10915,"Leite resfriado, esterilizado e pasteurizado"
7900108,LEITE PASTEURIZADO INTEGRAL,10915,"Leite resfriado, esterilizado e pasteurizado"
7900109,LEITE ESTERILIZADO INTEGRAL,10915,"Leite resfriado, esterilizado e pasteurizado"
7900110,LEITE INTEGRAL,10915,"Leite resfriado, esterilizado e pasteurizado"
7900111,LEITE DE VACA PASTEURIZADO INTEGRAL,10915,"Leite resfriado, esterilizado e pasteurizado"
7900112,LEITE TIPO C COMUM,01922,Leite de vaca e de outros animais
7900201,LEITE DE VACA FRESCO,01922,Leite de vaca e de outros animais
7900202,LEITE DA ROCA,01922,Leite de vaca e de outros animais
7900203,LEITE DE VACA IN NATURA,01922,Leite de vaca e de outros animais
7900204,LEITE FRESCO,01922,Leite de vaca e de outros animais
7900205,LEITE IN NATURA,01922,Leite de vaca e de outros animais
7900301,LEITE DE CABRA,10915,"Leite resfriado, esterilizado e pasteurizado"
7900401,LEITE DE BUFALA,10915,"Leite resfriado, esterilizado e pasteurizado"
7900601,LEITE EM PO INTEGRAL,10916,Outros produtos do laticínio
7900602,LEITE EM PO NINHO INTEGRAL,10916,Outros produtos do laticínio
7900603,LEITE EM PO GLORIA INTEGRAL,10916,Outros produtos do laticínio
7900604,LEITE EM PO NINHO INSTANTANEO INTEGRAL,10916,Outros produtos do laticínio
7900605,LEITE EM PO NESTOGENO 2. SEMESTRE INTEGRAL,10916,Outros produtos do laticínio
7900606,LEITE EM PO LACTOGENO INTEGRAL,10916,Outros produtos do laticínio
7900607,LEITE EM PO NANON INTEGRAL,10916,Outros produtos do laticínio
7900608,LEITE EM PO FRIGOR INTEGRAL,10916,Outros produtos do laticínio
7900701,LEITE EM PO DESENGORDURADO,10916,Outros produtos do laticínio
7900704,LEITE EM PO MOCOCA DESENGORDURADO,10916,Outros produtos do laticínio
7900705,LEITE EM PO DESNATADO OU DESENGORDURADO,10916,Outros produtos do laticínio
7900707,LEITE EM PO NESTOGENO 1. SEMESTRE DESENGORDURADO,10916,Outros produtos do laticínio
7900708,LEITE EM PO MOLICO DESENGORDURADO,10916,Outros produtos do laticínio
7900710,LEITE EM PO DESNATADO,10916,Outros produtos do laticínio
7900801,LEITE EM PO NAO-ESPECIFICADO,10916,Outros produtos do laticínio
7900901,LEITE CONDENSADO,10916,Outros produtos do laticínio
7900902,LEITE MOCA,10916,Outros produtos do laticínio
7900903,LEITE BEIJINHO,10916,Outros produtos do laticínio
7900904,MOCA FESTA,10916,Outros produtos do laticínio
7901001,CREME DE LEITE,10916,Outros produtos do laticínio
7901101,CHANTILLY,10916,Outros produtos do laticínio
7901102,CHANTIBON,10916,Outros produtos do laticínio
7901201,IOGURTE DE QUALQUER SABOR,10916,Outros produtos do laticínio
7901202,IOGURTE DANONE,10916,Outros produtos do laticínio
7901203,IOGURTE NATURAL,10916,Outros produtos do laticínio
7901204,DANONE IOGURTE,10916,Outros produtos do laticínio
7901205,DANONINHO,10916,Outros produtos do laticínio
7901206,PETIT SUISSE (IOGURTE),10916,Outros produtos do laticínio
7901207,CHAMBINHO (IOGURTE),10916,Outros produtos do laticínio
7901208,IOGURTE ACTIVIA,10916,Outros produtos do laticínio
7901209,DANONETE,10916,Outros produtos do laticínio
7901210,IOGURTE DESNATADO,10916,Outros produtos do laticínio
7901211,IOGURTE LIQUIDO,10916,Outros produtos do laticínio
7901212,ACTIVIA (IOGURTE),10916,Outros produtos do laticínio
7901301,YAKULT DE QUALQUER SABOR,10916,Outros produtos do laticínio
7901302,LEITE FERMENTADO YAKULT,10916,Outros produtos do laticínio
7901303,BEBIDA LACTEA,10916,Outros produtos do laticínio
7901304,LEITE FERMENTADO,10916,Outros produtos do laticínio
7901305,BEBIDA LACTEA DE QUALQUER SABOR,10916,Outros produtos do laticínio
7901306,BEBIDA LACTEA COM FRUTA,10916,Outros produtos do laticínio
7901307,BEBIDA LACTEA DE FRUTA,10916,Outros produtos do laticínio
7901308,LEITE FERMENTADO COM SUCRILHOS,10916,Outros produtos do laticínio
7901309,LEITE FERMENTADO INTEGRAL,10916,Outros produtos do laticínio
7901401,COALHADA,10916,Outros produtos do laticínio
7901402,COALHADA DESNATADA,10916,Outros produtos do laticínio
7901403,COALHADA COM ABACAXI,10916,Outros produtos do laticínio
7901404,COALHADA COM AMEIXA,10916,Outros produtos do laticínio
7901405,COALHADA COM MORANGO,10916,Outros produtos do laticínio
7901501,MANTEIGA COM OU SEM SAL,10916,Outros produtos do laticínio
7901502,MANTEIGA COM SAL,10916,Outros produtos do laticínio
7901503,MANTEIGA SEM SAL,10916,Outros produtos do laticínio
7901504,MANTEIGA DA TERRA,10916,Outros produtos do laticínio
7901505,MANTEIGA DE GARRAFA,10916,Outros produtos do laticínio
7901506,MANTEIGA DE LEITE,10916,Outros produtos do laticínio
7901507,MANTEIGA,10916,Outros produtos do laticínio
7901508,MANTEIGA CASEIRA,10916,Outros produtos do laticínio
7901509,MANTEIGA DO SERTAO,10916,Outros produtos do laticínio
7901601,MARGARINA VEGETAL COM OU SEM SAL,10932,Óleos e gorduras vegetais e animais
7901602,MARGARINA COM OU SEM SAL,10932,Óleos e gorduras vegetais e animais
7901603,MARGARINA COM SAL,10932,Óleos e gorduras vegetais e animais
7901604,MARGARINA DE MILHO,10932,Óleos e gorduras vegetais e animais
7901605,MARGARINA DE SOJA,10932,Óleos e gorduras vegetais e animais
7901606,MARGARINA SEM SAL,10932,Óleos e gorduras vegetais e animais
7901607,MARGARINA VEGETAL COM SAL,10932,Óleos e gorduras vegetais e animais
7901608,MARGARINA VEGETAL SEM SAL,10932,Óleos e gorduras vegetais e animais
7901609,MARGARINA,10932,Óleos e gorduras vegetais e animais
7901701,QUEIJO PRATO,10916,Outros produtos do laticínio
7901702,QUEIJO TIPO LANCHE,10916,Outros produtos do laticínio
7901703,QUEIJO COLONIAL,10916,Outros produtos do laticínio
7901704,QUEIJO LANCHE,10916,Outros produtos do laticínio
7901705,QUEIJO DE COLONIA,10916,Outros produtos do laticínio
7901706,QUEIJO BOLA,10916,Outros produtos do laticínio
7901801,QUEIJO MUZARELLA,10916,Outros produtos do laticínio
7901802,MUZARELLA,10916,Outros produtos do laticínio
7901803,MUSSARELA,10916,Outros produtos do laticínio
7901804,QUEIJO MUSSARELA,10916,Outros produtos do laticínio
7901805,MUSSARELA FATIADA,10916,Outros produtos do laticínio
7901806,RETALHO DE MUSSARELA,10916,Outros produtos do laticínio
7901807,MUSSARELA DE BUFALA,10916,Outros produtos do laticínio
7901809,QUEIJO DE BUFALA (MUSSARELA),10916,Outros produtos do laticínio
7901901,QUEIJO DO REINO,10916,Outros produtos do laticínio
7901903,QUEIJO CUIA,10916,Outros produtos do laticínio
7902001,QUEIJO DE MINAS,10916,Outros produtos do laticínio
7902002,QUEIJO MINAS,10916,Outros produtos do laticínio
7902003,QUEIJO DE MANTEIGA,10916,Outros produtos do laticínio
7902004,QUECHIMIA,10916,Outros produtos do laticínio
7902005,QUEIJO DE COALHO,10916,Outros produtos do laticínio
7902006,QUEIJO TIPO MINAS,10916,Outros produtos do laticínio
7902007,QUEIJO MINAS CURADO,10916,Outros produtos do laticínio
7902008,QUEIJO CANASTRA,10916,Outros produtos do laticínio
7902009,QUEIJO DE MINAS CURADO,10916,Outros produtos do laticínio
7902010,QUEIJO DO SERRO,10916,Outros produtos do laticínio
7902011,QUEIJO CATIARA,10916,Outros produtos do laticínio
7902012,QUEIJO COALHO,10916,Outros produtos do laticínio
7902013,QUEIJO TIPO ESTEPE,10916,Outros produtos do laticínio
7902101,OUTROS QUEIJOS,10916,Outros produtos do laticínio
7902102,QUEIJO SUICO,10916,Outros produtos do laticínio
7902103,QUEIJO DE TRANCA,10916,Outros produtos do laticínio
7902104,QUEIJO CAVALO,10916,Outros produtos do laticínio
7902105,QUEIJO TIPO GOLDA,10916,Outros produtos do laticínio
7902106,QUEIJO QUARCK,10916,Outros produtos do laticínio
7902108,QUEIJO MAASDAMER,10916,Outros produtos do laticínio
7902110,NUGGET DE QUEIJO,10916,Outros produtos do laticínio
7902111,QUEIJO ESTEPE,10916,Outros produtos do laticínio
7902201,QUEIJO RICOTA,10916,Outros produtos do laticínio
7902301,LEITE DE SOJA COM SABOR,10931,"Conservas de frutas, legumes, outros vegetais e sucos de frutas"
7902303,ADES ORIGINAL,10931,"Conservas de frutas, legumes, outros vegetais e sucos de frutas"
7902304,LEITE DE SOJA INTEGRAL,10931,"Conservas de frutas, legumes, outros vegetais e sucos de frutas"
7902305,LEITE DE SOJA NATURAL,10931,"Conservas de frutas, legumes, outros vegetais e sucos de frutas"
7902306,LEITE DE SOJA,10931,"Conservas de frutas, legumes, outros vegetais e sucos de frutas"
7902307,BEBIDA DE SOJA,10931,"Conservas de frutas, legumes, outros vegetais e sucos de frutas"
7902308,IOGURTE DE SOJA,10931,"Conservas de frutas, legumes, outros vegetais e sucos de frutas"
7902309,SUCO DE SOJA,10931,"Conservas de frutas, legumes, outros vegetais e sucos de frutas"
7902310,TONYU,10931,"Conservas de frutas, legumes, outros vegetais e sucos de frutas"
7902401,QUEIJO PARMEZON,10916,Outros produtos do laticínio
7902402,QUEIJO PARMEZAO,10916,Outros produtos do laticínio
7902403,QUEIJO RALADO,10916,Outros produtos do laticínio
7902404,QUEIJO PARMESAO,10916,Outros produtos do laticínio
7902405,QUEIJO PARMESON,10916,Outros produtos do laticínio
7902501,QUEIJO PROVOLONE,10916,Outros produtos do laticínio
7902601,QUEIJO CAMEMBERT,10916,Outros produtos do laticínio
7902602,QUEIJO ROQUEFORT,10916,Outros produtos do laticínio
7902701,QUEIJO DE MARAJO,10916,Outros produtos do laticínio
7902801,QUEIJO POLENGUINHO,10916,Outros produtos do laticínio
7902802,QUEIJO FUNDIDO,10916,Outros produtos do laticínio
7902803,QUEIJO PASTEURIZADO,10916,Outros produtos do laticínio
7902804,QUEIJO PASTEURIZADO POLENGUINHO,10916,Outros produtos do laticínio
7902805,QUEIJO POLENGUINHO PASTEURIZADO,10916,Outros produtos do laticínio
7902806,QUEIJO ALPESTRE (FUNDIDO),10916,Outros produtos do laticínio
7902901,REQUEIJAO,10916,Outros produtos do laticínio
7902902,QUEIJO CREMOSO,10916,Outros produtos do laticínio
7902903,QUEIJO TIPO CREME,10916,Outros produtos do laticínio
7902905,QUEIJO TIPO DANONINHO,10916,Outros produtos do laticínio
7902906,QUEIJO DANONINHO,10916,Outros produtos do laticínio
7902907,REQUEIJAO CREMOSO,10916,Outros produtos do laticínio
7902908,REQUEIJAO CATUPIRI,10916,Outros produtos do laticínio
7902909,QUEIJO MANTEIGA,10916,Outros produtos do laticínio
7903001,QUEIJO NAO-ESPECIFICADO,10916,Outros produtos do laticínio
7903101,LEITE COM SABOR,10916,Outros produtos do laticínio
7903102,LEITE ACHOCOLATADO,10916,Outros produtos do laticínio
7903103,LEITE LONGA VIDA COM SABOR,10916,Outros produtos do laticínio
7903104,ACHOCOLATADO EM LEITE,10916,Outros produtos do laticínio
7903105,LEITE VITAMINADO,10916,Outros produtos do laticínio
7903106,LEITE VITAMINADO TODDYNHO,10916,Outros produtos do laticínio
7903107,LEITE TODDYNHO,10916,Outros produtos do laticínio
7903108,SUPERLAC,10916,Outros produtos do laticínio
7903109,LEITE AROMATIZADO,10916,Outros produtos do laticínio
7903110,BEBIDA ACHOCOLATADA,10916,Outros produtos do laticínio
7903111,NESCAU LIQUIDO,10916,Outros produtos do laticínio
7903112,TODDYNHO LIQUIDO,10916,Outros produtos do laticínio
7903113,ACHOCOLATADO LIQUIDO,10916,Outros produtos do laticínio
7903201,NATA DOCE OU SALGADA,10916,Outros produtos do laticínio
7903202,NATA COLONIAL,10916,Outros produtos do laticínio
7903203,NATA DOCE,10916,Outros produtos do laticínio
7903204,NATA SALGADA,10916,Outros produtos do laticínio
7903301,QUEIJO GORGONZOLA,10916,Outros produtos do laticínio
7903401,QUEIJO DE SOJA,10937,Outros produtos alimentares
7903402,TOFU,10937,Outros produtos alimentares
7903501,LEITE DE SOJA EM PO,10937,Outros produtos alimentares
7903502,EXTRATO DE SOJA EM PO,10937,Outros produtos alimentares
7903601,LEITE DE VACA DESNATADO,10915,"Leite resfriado, esterilizado e pasteurizado"
7903602,LEITE DE VACA PASTEURIZADO DESNATADO,10915,"Leite resfriado, esterilizado e pasteurizado"
7903603,LEITE DESNATADO DE VACA,10915,"Leite resfriado, esterilizado e pasteurizado"
7903604,LEITE LIGHT DE VACA,10915,"Leite resfriado, esterilizado e pasteurizado"
7903605,LEITE DE VACA LIGHT,10915,"Leite resfriado, esterilizado e pasteurizado"
7903701,LEITE SEMIDESNATADO DE VACA,10915,"Leite resfriado, esterilizado e pasteurizado"
7903702,LEITE DE VACA SEMIDESNATADO,10915,"Leite resfriado, esterilizado e pasteurizado"
7903703,LEITE DE VACA PASTEURIZADO SEMIDESNATADO,10915,"Leite resfriado, esterilizado e pasteurizado"
7903801,LEITE NAO-ESPECIFICADO PASTEURIZADO,10915,"Leite resfriado, esterilizado e pasteurizado"
7903802,LEITE PASTEURIZADO NAO-ESPECIFICADO,10915,"Leite resfriado, esterilizado e pasteurizado"
7903803,LEITE DE VACA PASTEURIZADO NAO ESPECIFICADO,10915,"Leite resfriado, esterilizado e pasteurizado"
7903901,IOGURTE LIGHT,10916,Outros produtos do laticínio
7903902,IOGURTE DANONE LIGHT,10916,Outros produtos do laticínio
7903903,IOGURTE DESNATADO (LIGHT),10916,Outros produtos do laticínio
7903904,IOGURTE DE QUALQUER SABOR LIGHT,10916,Outros produtos do laticínio
7903905,DANONE IOGURTE LIGHT,10916,Outros produtos do laticínio
7903906,CORPUS BREAK LIGHT,10916,Outros produtos do laticínio
7903907,BIO FIBRAS LIQUIDO LIGHT,10916,Outros produtos do laticínio
7904001,IOGURTE DIET,10916,Outros produtos do laticínio
7904002,IOGURTE DANONE DIET,10916,Outros produtos do laticínio
7904003,IOGURTE DE QUALQUER SABOR DIET,10916,Outros produtos do laticínio
7904004,DANONE IOGURTE DIET,10916,Outros produtos do laticínio
7904005,IOGURTE DIETETICO,10916,Outros produtos do laticínio
7904006,IOGURTE DANONE DIETETICO,10916,Outros produtos do laticínio
7904007,IOGURTE DE QUALQUER SABOR DIETETICO,10916,Outros produtos do laticínio
7904008,DANONE IOGURTE DIETETICO,10916,Outros produtos do laticínio
7904102,MARGARINA COM OU SEM SAL DIET,10932,Óleos e gorduras vegetais e animais
7904103,MARGARINA COM SAL DIET,10932,Óleos e gorduras vegetais e animais
7904106,MARGARINA SEM SAL DIET,10932,Óleos e gorduras vegetais e animais
7904109,MARGARINA VEGETAL COM OU SEM SAL DIETETICA,10932,Óleos e gorduras vegetais e animais
7904110,MARGARINA COM OU SEM SAL DIETETICA,10932,Óleos e gorduras vegetais e animais
7904113,MARGARINA DE SOJA DIETETICA,10932,Óleos e gorduras vegetais e animais
7904114,MARGARINA SEM SAL DIETETICA,10932,Óleos e gorduras vegetais e animais
7904115,MARGARINA VEGETAL COM SAL DIETETICA,10932,Óleos e gorduras vegetais e animais
7904201,MARGARINAVEGETAL COM OU SEM SAL LIGHT,10932,Óleos e gorduras vegetais e animais
7904202,MARGARINA COM OU SEM SAL LIGHT,10932,Óleos e gorduras vegetais e animais
7904203,MARGARINA COM SAL LIGHT,10932,Óleos e gorduras vegetais e animais
7904204,MARGARINA DE MILHO LIGHT,10932,Óleos e gorduras vegetais e animais
7904206,MARGARINA SEM SAL LIGHT,10932,Óleos e gorduras vegetais e animais
7904207,MARGARINA VEGETAL COM SAL LIGHT,10932,Óleos e gorduras vegetais e animais
7904301,LEITE DE VACA INTEGRAL ORGANICO,01922,Leite de vaca e de outros animais
7904304,LEITE ESPECIAL INTEGRAL ORGANICO,10915,"Leite resfriado, esterilizado e pasteurizado"
7904305,LEITE LONGA VIDA INTEGRAL ORGANICO,10915,"Leite resfriado, esterilizado e pasteurizado"
7904308,LEITE PASTEURIZADO INTEGRAL ORGANICO,10915,"Leite resfriado, esterilizado e pasteurizado"
7904310,LEITE INTEGRAL ORGANICO,10915,"Leite resfriado, esterilizado e pasteurizado"
7904311,LEITE DE VACA PASTEURIZADO INTEGRAL ORGANICO,10915,"Leite resfriado, esterilizado e pasteurizado"
7904401,LEITE DE VACA FRESCO ORGANICO,01922,Leite de vaca e de outros animais
7904402,LEITE DA ROCA ORGANICO,01922,Leite de vaca e de outros animais
7904403,LEITE DE VACA IN NATURA ORGANICO,01922,Leite de vaca e de outros animais
7904501,LEITE DE VACA DESNATADO ORGANICO,01922,Leite de vaca e de outros animais
7904502,LEITE DE VACA PASTEURIZADO DESNATADO ORGANICO,10915,"Leite resfriado, esterilizado e pasteurizado"
7904503,LEITE DESNATADO DE VACA ORGANICO,10915,"Leite resfriado, esterilizado e pasteurizado"
7904602,LEITE DE VACA SEMIDESNATADO ORGANICO,10915,"Leite resfriado, esterilizado e pasteurizado"
7904701,CREME DE LEITE ORGANICO,10916,Outros produtos do laticínio
7904801,IOGURTE ORGANICO,10916,Outros produtos do laticínio
7904802,IOGURTE DANONE ORGANICO,10916,Outros produtos do laticínio
7904803,IOGURTE DESNATADO ORGANICO,10916,Outros produtos do laticínio
7904804,IOGURTE NATURAL ORGANICO,10916,Outros produtos do laticínio
7904805,DANONE IOGURTE ORGANICO,10916,Outros produtos do laticínio
7904901,IOGURTE ORGANICO LIGHT,10916,Outros produtos do laticínio
7905101,QUEIJO MUZARELLA LIGHT,10916,Outros produtos do laticínio
7905102,MUZARELLA LIGHT,10916,Outros produtos do laticínio
7905103,MUSSARELA LIGHT,10916,Outros produtos do laticínio
7905104,QUEIJO MUSSARELA LIGHT,10916,Outros produtos do laticínio
7905105,MUSSARELA FATIADA LIGHT,10916,Outros produtos do laticínio
7905107,MUSSARELA DE BUFALA LIGHT,10916,Outros produtos do laticínio
7905201,LEITE DE SOJA COM SABOR LIGHT,10931,"Conservas de frutas, legumes, outros vegetais e sucos de frutas"
7905203,ADES LIGHT,10931,"Conservas de frutas, legumes, outros vegetais e sucos de frutas"
7905501,LEITE CONDENSADO DIET,10916,Outros produtos do laticínio
7905601,CREME DE LEITE LIGHT,10916,Outros produtos do laticínio
7905801,CHANTILLY DIET,10916,Outros produtos do laticínio
7905901,QUEIJO PRATO LIGHT,10916,Outros produtos do laticínio
7905902,QUEIJO TIPO LANCHE LIGHT,10916,Outros produtos do laticínio
7906001,QUEIJO DE MINAS LIGHT,10916,Outros produtos do laticínio
7906002,QUEIJO MINAS LIGHT,10916,Outros produtos do laticínio
7906005,QUEIJO DE COALHO LIGHT,10916,Outros produtos do laticínio
7906007,QUEIJO MINAS CURADO LIGHT,10916,Outros produtos do laticínio
7906106,QUEIJO QUARCK LIGHT,10916,Outros produtos do laticínio
7906107,QUEIJO TIPO QUARCK LIGHT,10916,Outros produtos do laticínio
7906201,QUEIJO RICOTA LIGHT,10916,Outros produtos do laticínio
7906303,QUEIJO RALADO LIGHT,10916,Outros produtos do laticínio
7906304,QUEIJO PARMESAO LIGHT,10916,Outros produtos do laticínio
7906401,QUEIJO POLENGUINHO LIGHT,10916,Outros produtos do laticínio
7906404,QUEIJO PASTEURIZADO POLENGUINHO LIGHT,10916,Outros produtos do laticínio
7906501,REQUEIJAO LIGHT,10916,Outros produtos do laticínio
7906502,QUEIJO CREMOSO LIGHT,10916,Outros produtos do laticínio
7906507,REQUEIJAO CREMOSO LIGHT,10916,Outros produtos do laticínio
7906508,REQUEIJAO CATUPIRI LIGHT,10916,Outros produtos do laticínio
7906601,QUEIJO NAO-ESPECIFICADO LIGHT,10916,Outros produtos do laticínio
7906701,LEITE COM SABOR LIGHT,10915,"Leite resfriado, esterilizado e pasteurizado"
7906702,LEITE ACHOCOLATADO LIGHT,10915,"Leite resfriado, esterilizado e pasteurizado"
7906703,LEITE LONGA VIDA COM SABOR LIGHT,10915,"Leite resfriado, esterilizado e pasteurizado"
7906704,ACHOCOLATADO EM LEITE LIGHT,10915,"Leite resfriado, esterilizado e pasteurizado"
7906707,LEITE TODDYNHO LIGHT,10915,"Leite resfriado, esterilizado e pasteurizado"
7906709,LEITE AROMATIZADO LIGHT,10915,"Leite resfriado, esterilizado e pasteurizado"
7906710,BEBIDA ACHOCOLATADA LIGHT,10916,Outros produtos do laticínio
7906804,ACHOCOLATADO EM LEITE DIET,10916,Outros produtos do laticínio
7906901,LEITE DE SOJA EM PO LIGHT,10931,"Conservas de frutas, legumes, outros vegetais e sucos de frutas"
7907001,LEITE EM PO COM SABOR,10916,Outros produtos do laticínio
7907101,MANTEIGA COM OU SEM SAL LIGHT,10916,Outros produtos do laticínio
7907102,MANTEIGA COM SAL LIGHT,10916,Outros produtos do laticínio
7907103,MANTEIGA SEM SAL LIGHT,10916,Outros produtos do laticínio
7907106,MANTEIGA DE LEITE LIGHT,10916,Outros produtos do laticínio
7907201,COALHADA LIGHT,10916,Outros produtos do laticínio
7907301,QUEIJO DE MINAS FRESCAL ORGANICO,10916,Outros produtos do laticínio
7907302,QUEIJO MINAS FRESCAL ORGANICO,10916,Outros produtos do laticínio
7907305,QUEIJO DE COALHO FRESCAL ORGANICO,10916,Outros produtos do laticínio
7907306,QUEIJO TIPO MINAS FRESCAL ORGANICO,10916,Outros produtos do laticínio
7907307,QUEIJO MINAS CURADO FRESCAL ORGANICO,10916,Outros produtos do laticínio
7907308,QUEIJO CANASTRA FRESCAL ORGANICO,10916,Outros produtos do laticínio
7907309,QUEIJO DE MINAS CURADO FRESCAL ORGANICO,10916,Outros produtos do laticínio
7907310,QUEIJO DO SERRO FRESCAL ORGANICO,10916,Outros produtos do laticínio
7907501,CREME DE LEITE DE SOJA,10937,Outros produtos alimentares
7907502,CREME DE SOJA,10937,Outros produtos alimentares
7907601,LEITE FERMENTADO DIET,10916,Outros produtos do laticínio
7907701,LEITE EM PO LIGHT,10916,Outros produtos do laticínio
7907801,QUEIJO CHEDAR,10916,Outros produtos do laticínio
7907802,QUEIJO CHEDDAR,10916,Outros produtos do laticínio
7907803,QUEIJO CHEEDAR,10916,Outros produtos do laticínio
7908001,LEITE DE SOJA EM PO DIET,10916,Outros produtos do laticínio
7908101,QUEIJO BRIE,10916,Outros produtos do laticínio
7908201,QUEIJO COTTAGE,10916,Outros produtos do laticínio
7908301,QUEIJO CHANCLICHE,10916,Outros produtos do laticínio
7908401,QUEIJO GOUDA,10916,Outros produtos do laticínio
7908501,CREAM CHEESE,10916,Outros produtos do laticínio
7908601,BEBIDA LACTEA LIGHT,10916,Outros produtos do laticínio
7908602,LEITE FERMENTADO LIGHT,10916,Outros produtos do laticínio
7908701,NATA DOCE OU SALGADA LIGHT,10916,Outros produtos do laticínio
8000101,PAO FRANCES,10937,Outros produtos alimentares
8000102,PAO DE AGUA,10937,Outros produtos alimentares
8000103,PAO DE HAMBURGUER,10937,Outros produtos alimentares
8000104,BISNAGA,10937,Outros produtos alimentares
8000105,PAO DE SAL,10937,Outros produtos alimentares
8000106,PAO DE TRIGO,10937,Outros produtos alimentares
8000107,PAO CACETINHO,10937,Outros produtos alimentares
8000108,PAO SUICO,10937,Outros produtos alimentares
8000109,PAO CARECA,10937,Outros produtos alimentares
8000110,PAO FILAO,10937,Outros produtos alimentares
8000111,PAO DE SEMOLINA,10937,Outros produtos alimentares
8000112,PAO BENGALA,10937,Outros produtos alimentares
8000113,PAO BISNAGA,10937,Outros produtos alimentares
8000114,BENGALA,10937,Outros produtos alimentares
8000115,PAO SOVADO,10937,Outros produtos alimentares
8000116,PAO SOVADO CABRITO,10937,Outros produtos alimentares
8000117,PAO CAVAQUINHO,10937,Outros produtos alimentares
8000118,PAO FRANCES BISNAGA,10937,Outros produtos alimentares
8000119,PAO DE CHA,10937,Outros produtos alimentares
8000120,PAO PROVENCO,10937,Outros produtos alimentares
8000122,PAO MASSA FINA,10937,Outros produtos alimentares
8000123,PAO VITA SALGADO,10937,Outros produtos alimentares
8000124,PAO CARIOQUINHA,10937,Outros produtos alimentares
8000125,PAO PRESUNTO,10937,Outros produtos alimentares
8000126,PAO DE BANHA,10937,Outros produtos alimentares
8000127,PAO BANQUETE,10937,Outros produtos alimentares
8000128,PAO BAQUETE,10937,Outros produtos alimentares
8000129,PAO BAGUETE,10937,Outros produtos alimentares
8000131,PAO CARTEIRA (SALGADO),10937,Outros produtos alimentares
8000132,PAO SEDA,10937,Outros produtos alimentares
8000133,PAO TABICA,10937,Outros produtos alimentares
8000134,PAO PALITO,10937,Outros produtos alimentares
8000135,PAO SACADURA,10937,Outros produtos alimentares
8000136,PAO BAIANO,10937,Outros produtos alimentares
8000137,PAO MANUAL,10937,Outros produtos alimentares
8000138,MINI PAO,10937,Outros produtos alimentares
8000139,MINI PAO FRANCES,10937,Outros produtos alimentares
8000140,MINI BAGUETE,10937,Outros produtos alimentares
8000141,MINI BENGALA,10937,Outros produtos alimentares
8000142,PAO MASSA GROSSA,10937,Outros produtos alimentares
8000143,PAO PIZZA,10937,Outros produtos alimentares
8000144,PAO RECHEADO (SALGADO),10937,Outros produtos alimentares
8000145,PAO CIABATA,10937,Outros produtos alimentares
8000146,PAO CERVEJINHA,10937,Outros produtos alimentares
8000147,PAO DE CARA,10937,Outros produtos alimentares
8000149,PAO SEDINHA,10937,Outros produtos alimentares
8000150,CHIPA,10937,Outros produtos alimentares
8000151,PAO CHIPA,10937,Outros produtos alimentares
8000152,PAO JACO,10937,Outros produtos alimentares
8000153,PAO CILINDRO,10937,Outros produtos alimentares
8000154,PAO MINEIRO (SALGADO),10937,Outros produtos alimentares
8000155,PAO DE INHAME,10937,Outros produtos alimentares
8000156,PAO CARIOCA,10937,Outros produtos alimentares
8000201,PAO DOCE,10937,Outros produtos alimentares
8000202,PAO ALMOFADINHA,10937,Outros produtos alimentares
8000203,CHINEQUE,10937,Outros produtos alimentares
8000204,PAO DOCE COM COCO,10937,Outros produtos alimentares
8000205,PAO DOCE COMUM,10937,Outros produtos alimentares
8000206,PAO BOLACHAO,10937,Outros produtos alimentares
8000207,PAO DOCE COM CREME,10937,Outros produtos alimentares
8000208,PAO DOCE COM RECHEIO,10937,Outros produtos alimentares
8000209,PAO DOCE SEM COCO,10937,Outros produtos alimentares
8000210,PAO DOCE ESPECIAL,10937,Outros produtos alimentares
8000211,PAO TRANCA COM FAROFA,10937,Outros produtos alimentares
8000212,PAO DOCE CARECA,10937,Outros produtos alimentares
8000213,PAO DE LEITE (PAO DOCE),10937,Outros produtos alimentares
8000214,PAO CARECA DOCE,10937,Outros produtos alimentares
8000215,PAO DOCE DE TRIGO,10937,Outros produtos alimentares
8000216,MASSINHA DOCE (PAO DOCE),10937,Outros produtos alimentares
8000217,PAO DOCE DE LEITE,10937,Outros produtos alimentares
8000218,CHINEQUE COM FAROFA,10937,Outros produtos alimentares
8000219,PAO LANCHE,10937,Outros produtos alimentares
8000220,PAO DE LANCHE,10937,Outros produtos alimentares
8000221,PAO DOCE COM MEL,10937,Outros produtos alimentares
8000222,PAO DOCE COM OVOS,10937,Outros produtos alimentares
8000223,PAO DE COCO,10937,Outros produtos alimentares
8000224,PAO AMANTEIGADO (DOCE),10937,Outros produtos alimentares
8000225,XISBAG,10937,Outros produtos alimentares
8000227,PAO SUPER FOFO,10937,Outros produtos alimentares
8000228,PAO VITA DOCE,10937,Outros produtos alimentares
8000229,PAO DE MEL,10937,Outros produtos alimentares
8000230,PAO CARTEIRA (DOCE),10937,Outros produtos alimentares
8000231,PAO ALEMAO,10937,Outros produtos alimentares
8000232,PAO MANDI,10937,Outros produtos alimentares
8000233,PAO MANDIM,10937,Outros produtos alimentares
8000234,PANETONE,10937,Outros produtos alimentares
8000235,PAO MANTEIGA,10937,Outros produtos alimentares
8000236,PAO RECHEADO (DOCE),10937,Outros produtos alimentares
8000237,BISNAGUINHA,10937,Outros produtos alimentares
8000238,FORROZINHO (PAO DOCE),10937,Outros produtos alimentares
8000239,COLOMBA DE PASCOA,10937,Outros produtos alimentares
8000240,CROISSANT,10937,Outros produtos alimentares
8000241,CHOCOTONE,10937,Outros produtos alimentares
8000242,PAO BISNAGUINHA,10937,Outros produtos alimentares
8000243,PAO MANDINHO,10937,Outros produtos alimentares
8000244,PAO DE CHOCOLATE,10937,Outros produtos alimentares
8000245,PAO AUSTRALIANO (DOCE),10937,Outros produtos alimentares
8000246,PAO FOLHADO,10937,Outros produtos alimentares
8000247,PAO MADRILENHO,10937,Outros produtos alimentares
8000248,PAO CABRITINHO,10937,Outros produtos alimentares
8000301,PAO DE FORMA DE PADARIA (ADOCICADO),10937,Outros produtos alimentares
8000302,PAO DE SANDUICHE DE PADARIA (ADOCICADO),10937,Outros produtos alimentares
8000401,PAO DE FORMA DE PADARIA (SALGADO),10937,Outros produtos alimentares
8000402,PAO DE SANDUICHE DE PADARIA (SALGADO),10937,Outros produtos alimentares
8000501,PAO DE FORMA INDUSTRIALIZADO DE QUALQUER MARCA,10937,Outros produtos alimentares
8000502,PAO SEVEN BOYS,10937,Outros produtos alimentares
8000504,PAO DE FORMA PLUS VITA,10937,Outros produtos alimentares
8000505,PAO DE FORMA DE LEITE PULLMAN,10937,Outros produtos alimentares
8000506,PAO DE FORMA SEVEN BOYS,10937,Outros produtos alimentares
8000507,PAO DE FORMA PETROPOLIS,10937,Outros produtos alimentares
8000508,PAO PLUS VITA,10937,Outros produtos alimentares
8000509,PAO DE CAIXA,10937,Outros produtos alimentares
8000511,PAO RECIFE,10937,Outros produtos alimentares
8000512,PAO ITALIANO,10937,Outros produtos alimentares
8000513,PAO PULLMAN,10937,Outros produtos alimentares
8000515,PAO DE FORMA PULLMAN,10937,Outros produtos alimentares
8000516,PAO DE SANDUICHE INDUSTRIALIZADO DE QUALQUER MARCA,10937,Outros produtos alimentares
8000601,PAO DE ARROZ,10937,Outros produtos alimentares
8000701,PAO DE GLUTEN,10937,Outros produtos alimentares
8000801,PAO DE QUEIJO,10937,Outros produtos alimentares
8000901,PAO DE CACHORRO QUENTE,10937,Outros produtos alimentares
8001001,PAO DE BATATA,10937,Outros produtos alimentares
8001101,PAO DE MILHO,10937,Outros produtos alimentares
8001102,PAO DE FORMA DE MILHO,10937,Outros produtos alimentares
8001103,PAO DE FUBA,10937,Outros produtos alimentares
8001104,PANHOCA DE MILHO,10937,Outros produtos alimentares
8001105,PAO BROTE,10937,Outros produtos alimentares
8001106,BROTE (PAO),10937,Outros produtos alimentares
8001201,PAO DE AIPIM,10937,Outros produtos alimentares
8001203,PAO DE MANDIOCA,10937,Outros produtos alimentares
8001204,PAO DE MACAXEIRA,10937,Outros produtos alimentares
8001301,PAO DE CENTEIO,10937,Outros produtos alimentares
8001302,PAO PRETO,10937,Outros produtos alimentares
8001303,PAO CRIOULO,10937,Outros produtos alimentares
8001401,PAO INTEGRAL,10937,Outros produtos alimentares
8001403,PAO DE GRAHAM,10937,Outros produtos alimentares
8001404,PAO INTEGRAL PLUS VITA,10937,Outros produtos alimentares
8001405,PAO DE FORMA INTEGRAL,10937,Outros produtos alimentares
8001406,PAO BOA VIDA (INTEGRAL),10937,Outros produtos alimentares
8001501,PAO NAO-ESPECIFICADO,10937,Outros produtos alimentares
8001601,PAO CASEIRO,10937,Outros produtos alimentares
8001701,PAO DE AVEIA,10937,Outros produtos alimentares
8001801,PAO DE RABANADA,10937,Outros produtos alimentares
8001802,RABANADA (PAO),10937,Outros produtos alimentares
8001901,TORRADA DE QUALQUER PAO,10937,Outros produtos alimentares
8001902,PAO TORRADO (TORRADA),10937,Outros produtos alimentares
8001903,TORRADA DE QUALQUER TIPO,10937,Outros produtos alimentares
8002001,ROSCA DOCE,10937,Outros produtos alimentares
8002002,ROSQUINHA DOCE,10937,Outros produtos alimentares
8002003,ROSQUINHA DE NATA,10937,Outros produtos alimentares
8002004,ROSCA DE TRIGO DOCE,10937,Outros produtos alimentares
8002005,ROSCA DE NATA,10937,Outros produtos alimentares
8002006,ROSCA DE MILHO,10937,Outros produtos alimentares
8002007,ROSQUINHA AMANTEIGADA,10937,Outros produtos alimentares
8002008,ROSQUINHA DE MILHO,10937,Outros produtos alimentares
8002009,ROSCA DOCE DE TRIGO,10937,Outros produtos alimentares
8002010,ROSCA DE COCO,10937,Outros produtos alimentares
8002011,ROSQUINHA DE COCO,10937,Outros produtos alimentares
8002012,ROSCA DE GLUTEN DOCE,10937,Outros produtos alimentares
8002013,ROSCA AMANTEIGADA,10937,Outros produtos alimentares
8002014,ROSCA DE CHOCOLATE,10937,Outros produtos alimentares
8002101,ROSCA SALGADA,10937,Outros produtos alimentares
8002102,ROSCA SALGADA DE TRIGO,10937,Outros produtos alimentares
8002103,ROSCA DE BATATA,10937,Outros produtos alimentares
8002104,ROSCA DE TRIGO SALGADA,10937,Outros produtos alimentares
8002105,ROSQUINHA DE BATATA,10937,Outros produtos alimentares
8002106,ROSQUINHA SALGADA,10937,Outros produtos alimentares
8002107,ROSCA DE GLUTEN SALGADA,10937,Outros produtos alimentares
8002201,BISCOITO SALGADO,10937,Outros produtos alimentares
8002204,BISCOITO CREAM CRACKER,10937,Outros produtos alimentares
8002205,PRESUNTINHO BISCOITO,10937,Outros produtos alimentares
8002207,BISCOITO DE AGUA,10937,Outros produtos alimentares
8002208,BISCOITO QUEIJINHO,10937,Outros produtos alimentares
8002209,BISCOITO DE COCO SALGADO,10937,Outros produtos alimentares
8002210,BISCOITO DE CAMARAO,10937,Outros produtos alimentares
8002212,BISCOITO DE POLVILHO SALGADO,10937,Outros produtos alimentares
8002213,BISCOITO PRESUNTINHO,10937,Outros produtos alimentares
8002214,BISCOITO INTEGRAL DE AGUA,10937,Outros produtos alimentares
8002215,BISCOITO SALGADO DE COCO,10937,Outros produtos alimentares
8002216,BISCOITO BIT,10937,Outros produtos alimentares
8002218,BISCOITO SALGADINHO,10937,Outros produtos alimentares
8002219,BISCOITO SALGADO DE POLVILHO,10937,Outros produtos alimentares
8002220,BISCOITO CLUB CRACKER,10937,Outros produtos alimentares
8002221,SALGADINHO (BISCOITO),10937,Outros produtos alimentares
8002222,BISCOITO DE AGUA INTEGRAL,10937,Outros produtos alimentares
8002223,QUEIJINHO BISCOITO,10937,Outros produtos alimentares
8002224,BISCOITO ITALIANO,10937,Outros produtos alimentares
8002225,BOLACHA SALGADA,10937,Outros produtos alimentares
8002226,BOLACHA DE AGUA E SAL,10937,Outros produtos alimentares
8002227,CHIPS (SALGADINHOS),10937,Outros produtos alimentares
8002228,CROCK (SALGADINHOS),10937,Outros produtos alimentares
8002230,BACONZITOS,10937,Outros produtos alimentares
8002231,BISCOITO DE AGUA E SAL,10937,Outros produtos alimentares
8002232,BISCOITO CREAM CRACKER INTEGRAL,10937,Outros produtos alimentares
8002233,BISCOITO DE SAL,10937,Outros produtos alimentares
8002234,BISCOITO SALGADO DE MILHO,10937,Outros produtos alimentares
8002235,BISCOITO SALGADO DE PIZZA,10937,Outros produtos alimentares
8002236,BISCOITO SALGADO INTEGRAL,10937,Outros produtos alimentares
8002237,BOLACHA CREAM CRACK,10937,Outros produtos alimentares
8002238,BOLACHA INTEGRAL,10937,Outros produtos alimentares
8002239,BISCOITO DE CEBOLA,10937,Outros produtos alimentares
8002240,BISCOITO DE QUEIJO,10937,Outros produtos alimentares
8002241,BISCOITO AGUA E SAL,10937,Outros produtos alimentares
8002242,BISCOITO CLUB SOCIAL,10937,Outros produtos alimentares
8002243,BISCOITO CLUBE SOCIAL,10937,Outros produtos alimentares
8002244,BOLACHA AGUA E SAL,10937,Outros produtos alimentares
8002245,BOLACHA DE SAL,10937,Outros produtos alimentares
8002246,SALGADINHO DE MILHO,10937,Outros produtos alimentares
8002247,SALGADINHO DE QUEIJO,10937,Outros produtos alimentares
8002248,BISCOITO SALGADO DE GOMA,10937,Outros produtos alimentares
8002249,MENTIRA (BISCOITO SALGADO),10937,Outros produtos alimentares
8002250,BISCOITO RUFFLES SALGADO,10937,Outros produtos alimentares
8002251,BISCOITO PALITO SALGADO,10937,Outros produtos alimentares
8002301,BISCOITO DOCE,10937,Outros produtos alimentares
8002302,CAVACO CHINES,10937,Outros produtos alimentares
8002303,BISCOITO DE MANTEIGA,10937,Outros produtos alimentares
8002304,BOLACHA AMANTEIGADA,10937,Outros produtos alimentares
8002305,SEQUILHO,10937,Outros produtos alimentares
8002306,TARECO,10937,Outros produtos alimentares
8002307,BISCOITO DE GERGELIM,10937,Outros produtos alimentares
8002308,BISCOITO AMANTEIGADO,10937,Outros produtos alimentares
8002309,SOLDA,10937,Outros produtos alimentares
8002310,BISCOITO TOSTINE,10937,Outros produtos alimentares
8002311,TOSTINE (BISCOITO),10937,Outros produtos alimentares
8002312,BOLACHA DE FUBA,10937,Outros produtos alimentares
8002313,BOLACHA DE MANTEIGA,10937,Outros produtos alimentares
8002314,DEDITOS (BISCOITO),10937,Outros produtos alimentares
8002315,BREVIDADE,10937,Outros produtos alimentares
8002316,BISCOITO DE MAIZENA,10937,Outros produtos alimentares
8002317,BOLACHA DE MILHO,10937,Outros produtos alimentares
8002318,SEQUILHO DE MILHO,10937,Outros produtos alimentares
8002320,SEQUILHO DE MAIZENA,10937,Outros produtos alimentares
8002321,BISCOITO DOCE SORTIDO,10937,Outros produtos alimentares
8002322,BISCOITO DE FUBA,10937,Outros produtos alimentares
8002323,BISCOITO DEDITOS,10937,Outros produtos alimentares
8002324,BISCOITO SORTIDO,10937,Outros produtos alimentares
8002325,BISCOITO DE COCO DOCE,10937,Outros produtos alimentares
8002326,BISCOITO CREME,10937,Outros produtos alimentares
8002327,BISCOITO DE MILHO,10937,Outros produtos alimentares
8002328,BISCOITO CHAMPANHE,10937,Outros produtos alimentares
8002329,BISCOITO ROSQUINHA DE COCO,10937,Outros produtos alimentares
8002330,BISCOITO DE QUEIJO DOCE,10937,Outros produtos alimentares
8002331,BISCOITO BROA DE COCO,10937,Outros produtos alimentares
8002332,BISCOITO ROSCA DE COCO,10937,Outros produtos alimentares
8002333,BOLACHA COM LEITE,10937,Outros produtos alimentares
8002334,BOLACHA DOCE,10937,Outros produtos alimentares
8002335,MARIA MALUCA (BOLACHA DOCE),10937,Outros produtos alimentares
8002336,BISCOITO DE CHAMPAGNE,10937,Outros produtos alimentares
8002337,BISCOITO MARIA,10937,Outros produtos alimentares
8002338,BISCOITO DE LEITE,10937,Outros produtos alimentares
8002339,BISCOITO DE COCO,10937,Outros produtos alimentares
8002340,BOLACHA DE COCO,10937,Outros produtos alimentares
8002341,BISCOITO DE CHOCOLATE,10937,Outros produtos alimentares
8002342,BISCOITO DE TAPIOCA,10937,Outros produtos alimentares
8002343,BISCOITO ROSQUINHA DE CHOCOLATE,10937,Outros produtos alimentares
8002344,BISCOITO ROSQUINHA DE LEITE,10937,Outros produtos alimentares
8002345,BOLACHA DE CHOCOLATE,10937,Outros produtos alimentares
8002346,BOLACHA DE LEITE,10937,Outros produtos alimentares
8002347,BOLACHA DE LEITE E MEL,10937,Outros produtos alimentares
8002348,BOLACHA DE MAIZENA,10937,Outros produtos alimentares
8002349,BOLACHAO DOCE,10937,Outros produtos alimentares
8002350,BISCOITO DE NATA,10937,Outros produtos alimentares
8002351,CUECA VIRADA (BISCOITO DOCE),10937,Outros produtos alimentares
8002352,BISCOITO ORELHA DE GATO,10937,Outros produtos alimentares
8002353,BOLACHA PALITO,10937,Outros produtos alimentares
8002354,CAVACO,10937,Outros produtos alimentares
8002355,BISCOITO DE GOMA,10937,Outros produtos alimentares
8002356,BOLACHA DE MEL,10937,Outros produtos alimentares
8002357,MARIA MALUCA,10937,Outros produtos alimentares
8002358,ORELHA DE GATO (BISCOITO DOCE),10937,Outros produtos alimentares
8002359,BOLACHAO DE COCO,10937,Outros produtos alimentares
8002360,BISCOITO PALITO DE CHOCOLATE,10937,Outros produtos alimentares
8002361,BOLACHA DE GOMA,10937,Outros produtos alimentares
8002362,CROSTOLI,10937,Outros produtos alimentares
8002363,MENTIRA DOCE,10937,Outros produtos alimentares
8002401,BISCOITO DE POLVILHO DOCE,10937,Outros produtos alimentares
8002402,BISCOITO DE POLVILHO SEQUILHO,10937,Outros produtos alimentares
8002403,BISCOITO QUEBRA QUEBRA,10937,Outros produtos alimentares
8002404,BISCOITO DE ARARUTA,10937,Outros produtos alimentares
8002406,SEQUILHO DE POLVILHO,10937,Outros produtos alimentares
8002407,BISCOITO DOCE DE POLVILHO,10937,Outros produtos alimentares
8002408,PETA,10937,Outros produtos alimentares
8002409,PETA DE POLVILHO,10937,Outros produtos alimentares
8002410,PETA DE GOMA,10937,Outros produtos alimentares
8002411,PETAS,10937,Outros produtos alimentares
8002501,BOLO DE QUALQUER MARCA E SABOR,10937,Outros produtos alimentares
8002502,ROCAMBOLE,10937,Outros produtos alimentares
8002503,CUCA DE QUALQUER TIPO,10937,Outros produtos alimentares
8002504,FATIA DE BOLO DE QUALQUER SABOR,10937,Outros produtos alimentares
8002505,BOLO DE OVOS,10937,Outros produtos alimentares
8002506,BOLO DE QUEIJO,10937,Outros produtos alimentares
8002507,BOLINHO DE QUEIJO,10937,Outros produtos alimentares
8002601,BOLO DE MILHO,10937,Outros produtos alimentares
8002602,BROA DE MILHO,10937,Outros produtos alimentares
8002603,BROINHA DE MILHO ADOCICADA,10937,Outros produtos alimentares
8002604,AMIDOMIL (BOLINHO),10937,Outros produtos alimentares
8002605,ANGUSOR DE MILHO,10937,Outros produtos alimentares
8002606,BROA DE FUBA,10937,Outros produtos alimentares
8002607,BROINHA DE FUBA,10937,Outros produtos alimentares
8002608,BOLINHO AMIDOMIL,10937,Outros produtos alimentares
8002609,GRUSTOLI (BOLINHO DOCE),10937,Outros produtos alimentares
8002610,BOLINHO DE MILHO,10937,Outros produtos alimentares
8002611,BOLINHO DE FUBA,10937,Outros produtos alimentares
8002612,BOLO DE FUBA,10937,Outros produtos alimentares
8002701,BOLO DE AIPIM,10937,Outros produtos alimentares
8002702,BOLO DE TAPIOCA,10937,Outros produtos alimentares
8002703,BOLO DE MACAXEIRA,10937,Outros produtos alimentares
8002704,BOLO DE GOMA,10937,Outros produtos alimentares
8002707,BROA DE GOMA,10937,Outros produtos alimentares
8002708,BOLO DE MANDIOCA,10937,Outros produtos alimentares
8002801,BOLO DE BATATA DOCE,10937,Outros produtos alimentares
8002901,BOLO DE ARROZ,10937,Outros produtos alimentares
8003001,BOLO DE CENTEIO,10937,Outros produtos alimentares
8003002,BROA DE CENTEIO,10937,Outros produtos alimentares
8003004,BROA PRETA,10937,Outros produtos alimentares
8003301,MISTURAS INDUSTRIAIS DE PAES,10937,Outros produtos alimentares
8003401,"MISTURAS INDUSTRIAIS DE BOLOS, TORTAS, BISCOITOS, ETC.",10937,Outros produtos alimentares
8003402,"MASSAS INDUSTRIAIS DE BOLOS, TORTAS, BISCOITOS, ETC.",10937,Outros produtos alimentares
8003403,MASSA FOLHADA,10937,Outros produtos alimentares
8003404,MASSA PARA BOLO,10937,Outros produtos alimentares
8003405,MASSA DE BOLO,10937,Outros produtos alimentares
8003406,MISTURA DE BOLO,10937,Outros produtos alimentares
8003407,MISTURA PARA BOLO,10937,Outros produtos alimentares
8003408,PREPARO PARA BOLO,10937,Outros produtos alimentares
8003501,TORTAS DOCES DE QUALQUER SABOR,10937,Outros produtos alimentares
8003502,MORENINHA (TORTA),10937,Outros produtos alimentares
8003601,TORTAS SALGADAS DE QUALQUER SABOR,10937,Outros produtos alimentares
8003701,SONHO,10937,Outros produtos alimentares
8003702,FILHOS (BOLINHO DE FARINHA DE TRIGO E OVOS),10937,Outros produtos alimentares
8003801,BOLO DE CHOCOLATE,10937,Outros produtos alimentares
8003901,PAO BRIOCHE,10937,Outros produtos alimentares
8003902,BRIOCHE,10937,Outros produtos alimentares
8003903,PAO DE MASSA FOLHADA,10937,Outros produtos alimentares
8004001,BOLO DE LARANJA,10937,Outros produtos alimentares
8004101,BOLO DE COCO,10937,Outros produtos alimentares
8004201,BOLO DE CENOURA,10937,Outros produtos alimentares
8004301,PAO DE SOJA,10937,Outros produtos alimentares
8004302,PAO DE FORMA DE SOJA,10937,Outros produtos alimentares
8004303,PAO DE SOJA DE FORMA,10937,Outros produtos alimentares
8004401,"PAO DE CENOURA, ALHO, CEBOLA, TORRESMO, ETC.",10937,Outros produtos alimentares
8004402,PAO DE TORRESMO,10937,Outros produtos alimentares
8004403,PAO DE ALHO,10937,Outros produtos alimentares
8004404,PAO DE CEBOLA,10937,Outros produtos alimentares
8004405,PAO DE GERGELIM,10937,Outros produtos alimentares
8004406,PAO COM ERVA FINA,10937,Outros produtos alimentares
8004407,PAO DE ERVA DOCE,10937,Outros produtos alimentares
8004408,PAO DE CALABRESA,10937,Outros produtos alimentares
8004409,PAO DE FRIOS,10937,Outros produtos alimentares
8004410,PAO DE LARANJA,10937,Outros produtos alimentares
8004411,PAO DE PASSAS,10937,Outros produtos alimentares
8004412,PAO DE GOIABA,10937,Outros produtos alimentares
8004501,BROA DE COCO,10937,Outros produtos alimentares
8004502,BROINHA DE COCO,10937,Outros produtos alimentares
8004601,BOLO DE TRIGO,10937,Outros produtos alimentares
8004602,PAO DE LO,10937,Outros produtos alimentares
8004701,BROA,10937,Outros produtos alimentares
8004801,BISCOITO RECHEADO,10937,Outros produtos alimentares
8004802,MIRABEL,10937,Outros produtos alimentares
8004803,BISCOITO RECHEADO TOSTINE,10937,Outros produtos alimentares
8004804,BISCOITO LANCHE MIRABEL,10937,Outros produtos alimentares
8004805,BISCOITO WAFFER,10937,Outros produtos alimentares
8004806,LANCHE MIRABEL,10937,Outros produtos alimentares
8004807,WAFFER (BISCOITO),10937,Outros produtos alimentares
8004808,ROSQUINHA RECHEADA DE QUALQUER SABOR,10937,Outros produtos alimentares
8004809,ALFAJORES (BISCOITO),10937,Outros produtos alimentares
8004810,BOLACHA RECHEADA,10937,Outros produtos alimentares
8004811,BISCOITO CROCANTE,10937,Outros produtos alimentares
8004812,BISCOITO MIRABEL,10937,Outros produtos alimentares
8004813,ROSCA RECHEADA,10937,Outros produtos alimentares
8004814,BISCOITO RECHEADO DE CHOCOLATE,10937,Outros produtos alimentares
8004815,BISCOITO RECHEADO DE MORANGO,10937,Outros produtos alimentares
8004816,CASADINHA (BISCOITO RECHEADO),10937,Outros produtos alimentares
8004817,AMANDITA (BISCOITO RECHEADO),10937,Outros produtos alimentares
8004818,BEM CASADO (BISCOITO RECHEADO),10937,Outros produtos alimentares
8004819,TRAQUINAS (BISCOITO RECHEADO),10937,Outros produtos alimentares
8004901,BISCOITO CASEIRO,10937,Outros produtos alimentares
8004902,BOLACHA CASEIRA,10937,Outros produtos alimentares
8005001,BROINHA,10937,Outros produtos alimentares
8005101,BROA DE LEITE,10937,Outros produtos alimentares
8005201,BISCOITO NAO-ESPECIFICADO,10937,Outros produtos alimentares
8005301,BISCOITO DE POLVILHO NAO-ESPECIFICADO,10937,Outros produtos alimentares
8005401,BOLACHA NAO-ESPECIFICADA,10937,Outros produtos alimentares
8005501,PAO CARTEIRA NAO-ESPECIFICADO,10937,Outros produtos alimentares
8005601,PAO DE FORMA NAO-ESPECIFICADO,10937,Outros produtos alimentares
8005701,PAO DE SANDUICHE NAO-ESPECIFICADO,10937,Outros produtos alimentares
8005801,TORTA NAO-ESPECIFICADA,10937,Outros produtos alimentares
8005901,ROSCA NAO-ESPECIFICADA,10937,Outros produtos alimentares
8005902,ROSQUINHA NAO-ESPECIFICADA,10937,Outros produtos alimentares
8005903,ROSCA DE TRIGO NAO-ESPECIFICADA,10937,Outros produtos alimentares
8006001,ROSCA DE POLVILHO NAO-ESPECIFICADA,10937,Outros produtos alimentares
8006002,ROSQUINHA DE POLVILHO NAO-ESPECIFICADA,10937,Outros produtos alimentares
8006101,CREPE,56001,Serviços  de alimentação
8006201,CASCA PARA TORTA,10937,Outros produtos alimentares
8006301,PAO BOLA,10937,Outros produtos alimentares
8006401,PAO ARABE,10937,Outros produtos alimentares
8006402,PAO SIRIO,10937,Outros produtos alimentares
8006501,PAO DE FORMA INDUSTRIALIZADO DE QUALQUER MARCA DIET,10937,Outros produtos alimentares
8006505,PAO DE FORMA DE LEITE PULLMAN DIET,10937,Outros produtos alimentares
8006510,PAO DE FORMA INDUSTRIALIZADO DIET,10937,Outros produtos alimentares
8006511,PAO DIET (DE FORMA INDUSTRIALIZADO),10937,Outros produtos alimentares
8006512,PAO DIET WICK BOLD,10937,Outros produtos alimentares
8006513,PAO DE FORMA INDUSTRIALIZADO DE QUALQUER MARCA DIETETICO,10937,Outros produtos alimentares
8006517,PAO DE FORMA DE LEITE PULLMAN DIETETICO,10937,Outros produtos alimentares
8006601,PAO DE FORMA INDUSTRIALIZADO DE QUALQUER MARCA LIGHT,10937,Outros produtos alimentares
8006602,PAO SEVEN BOYS LIGHT,10937,Outros produtos alimentares
8006604,PAO DE FORMA PLUS VITA LIGHT,10937,Outros produtos alimentares
8006605,PAO DE FORMA DE LEITE PULLMAN LIGHT,10937,Outros produtos alimentares
8006606,PAO DE FORMA SEVEN BOYS LIGHT,10937,Outros produtos alimentares
8006607,PAO DE FORMA PETROPOLIS LIGHT,10937,Outros produtos alimentares
8006608,PAO PLUS VITA LIGHT,10937,Outros produtos alimentares
8006609,PAO DE CAIXA LIGHT,10937,Outros produtos alimentares
8006610,PAO DE FORMA INDUSTRIALIZADO LIGHT,10937,Outros produtos alimentares
8006701,PAO DE QUEIJO LIGHT,10937,Outros produtos alimentares
8006801,PAO INTEGRAL LIGHT,10937,Outros produtos alimentares
8006803,PAO DE GRAHAM LIGHT,10937,Outros produtos alimentares
8006804,PAO INTEGRAL PLUS VITA LIGHT,10937,Outros produtos alimentares
8006901,TORRADA DE QUALQUER PAO LIGHT,10937,Outros produtos alimentares
8006902,PAO TORRADO (TORRADA) LIGHT,10937,Outros produtos alimentares
8006903,TORRADA DE QUALQUER TIPO LIGHT,10937,Outros produtos alimentares
8007001,TORTAS DOCES DE QUALQUER SABOR LIGHT,10937,Outros produtos alimentares
8007201,TORTAS SALGADAS DE QUALQUER SABOR LIGHT,10937,Outros produtos alimentares
8007501,BOLO DE CHOCOLATE LIGHT,10937,Outros produtos alimentares
8007601,BOLO DE CHOCOLATE DIET,10937,Outros produtos alimentares
8007602,BOLO DE CHOCOLATE DIETETICO,10937,Outros produtos alimentares
8007701,BOLO DE LARANJA LIGHT,10937,Outros produtos alimentares
8007802,BOLO DE LARANJA DIETETICO,10937,Outros produtos alimentares
8008201,BOLO DE CENOURA DIET,10937,Outros produtos alimentares
8008202,BOLO DE CENOURA DIETETICO,10937,Outros produtos alimentares
8008305,BISCOITO WAFFER LIGHT,10937,Outros produtos alimentares
8008309,ALFAJORES (BISCOITO) LIGHT,10937,Outros produtos alimentares
8008311,BISCOITO CROCANTE LIGHT,10937,Outros produtos alimentares
8008401,BISCOITO RECHEADO DIET,10937,Outros produtos alimentares
8008407,WAFFER (BISCOITO) DIET,10937,Outros produtos alimentares
8008409,ALFAJORES (BISCOITO) DIET,10937,Outros produtos alimentares
8008410,BOLACHA RECHEADA DIET,10937,Outros produtos alimentares
8008422,ALFAJORES (BISCOITO) DIETETICO,10937,Outros produtos alimentares
8008501,BISCOITO NAO-ESPECIFICADO LIGHT,10937,Outros produtos alimentares
8008601,BISCOITO NAO-ESPECIFICADO DIET,10937,Outros produtos alimentares
8008701,BOLACHA NAO-ESPECIFICADA LIGHT,10937,Outros produtos alimentares
8008801,BOLACHA NAO-ESPECIFICADA DIET,10937,Outros produtos alimentares
8009101,PAO DE FORMA NAO-ESPECIFICADO LIGHT,10937,Outros produtos alimentares
8009201,PAO DE FORMA NAO-ESPECIFICADO DIET,10937,Outros produtos alimentares
8009301,PAO DE SANDUICHE NAO-ESPECIFICADO LIGHT,10937,Outros produtos alimentares
8009501,TORTA NAO-ESPECIFICADA LIGHT,10937,Outros produtos alimentares
8009601,TORTA NAO-ESPECIFICADA DIET,10937,Outros produtos alimentares
8009702,ROSQUINHA NAO-ESPECIFICADA LIGHT,10937,Outros produtos alimentares
8009703,ROSCA DE TRIGO NAO-ESPECIFICADA LIGHT,10937,Outros produtos alimentares
8009901,PAO ARABE LIGHT,10937,Outros produtos alimentares
8010004,PAO DOCE COM COCO DIET,10937,Outros produtos alimentares
8010013,PAO DE LEITE (PAO DOCE) DIET,10937,Outros produtos alimentares
8010016,MASSINHA DOCE (PAO DOCE) DIET,10937,Outros produtos alimentares
8010018,CHINEQUE COM FAROFA DIET,10937,Outros produtos alimentares
8010019,PAO LANCHE DIET,10937,Outros produtos alimentares
8010031,PAO ALEMAO DIET,10937,Outros produtos alimentares
8010034,PANETONE DIET,10937,Outros produtos alimentares
8010037,BISNAGUINHA DIET,10937,Outros produtos alimentares
8010039,COLOMBA DE PASCOA DIET,10937,Outros produtos alimentares
8010053,PAO DE LEITE (PAO DOCE) DIETETICO,10937,Outros produtos alimentares
8010056,MASSINHA DOCE (PAO DOCE) DIETETICO,10937,Outros produtos alimentares
8010064,PAO AMANTEIGADO (DOCE) DIETETICO,10937,Outros produtos alimentares
8010074,PANETONE DIETETICO,10937,Outros produtos alimentares
8010101,BISCOITO SALGADO LIGHT,10937,Outros produtos alimentares
8010104,BISCOITO CREAM CRACKER LIGHT,10937,Outros produtos alimentares
8010107,BISCOITO DE AGUA LIGHT,10937,Outros produtos alimentares
8010110,BISCOITO DE CAMARAO LIGHT,10937,Outros produtos alimentares
8010114,BISCOITO INTEGRAL DE AGUA LIGHT,10937,Outros produtos alimentares
8010116,BISCOITO BIT LIGHT,10937,Outros produtos alimentares
8010118,BISCOITO SALGADINHO LIGHT,10937,Outros produtos alimentares
8010119,BISCOITO SALGADO DE POLVILHO LIGHT,10937,Outros produtos alimentares
8010120,BISCOITO CLUB CRACKER LIGHT,10937,Outros produtos alimentares
8010121,SALGADINHO (BISCOITO) LIGHT,10937,Outros produtos alimentares
8010123,QUEIJINHO BISCOITO LIGHT,10937,Outros produtos alimentares
8010125,BOLACHA SALGADA LIGHT,10937,Outros produtos alimentares
8010126,BOLACHA DE AGUA E SAL LIGHT,10937,Outros produtos alimentares
8010127,CHIPS (SALGADINHOS) LIGHT,10937,Outros produtos alimentares
8010201,BOLO DE QUALQUER MARCA E SABOR LIGHT,10937,Outros produtos alimentares
8010305,BOLO DE QUALQUER MARCA E SABOR DIETETICO,10937,Outros produtos alimentares
8010401,BISCOITO DOCE LIGHT,10937,Outros produtos alimentares
8010404,BOLACHA AMANTEIGADA LIGHT,10937,Outros produtos alimentares
8010407,BISCOITO DE GERGELIM LIGHT,10937,Outros produtos alimentares
8010408,BISCOITO AMANTEIGADO LIGHT,10937,Outros produtos alimentares
8010413,BOLACHA DE MANTEIGA LIGHT,10937,Outros produtos alimentares
8010416,BISCOITO DE MAIZENA LIGHT,10937,Outros produtos alimentares
8010425,BISCOITO DE COCO DOCE LIGHT,10937,Outros produtos alimentares
8010428,BISCOITO CHAMPANHE LIGHT,10937,Outros produtos alimentares
8010432,BISCOITO ROSCA DE COCO LIGHT,10937,Outros produtos alimentares
8010433,BOLACHA COM LEITE LIGHT,10937,Outros produtos alimentares
8010434,BOLACHA DOCE LIGHT,10937,Outros produtos alimentares
8010438,BISCOITO DE LEITE LIGHT,10937,Outros produtos alimentares
8010501,BISCOITO DOCE DIET,10937,Outros produtos alimentares
8010508,BISCOITO AMANTEIGADO DIET,10937,Outros produtos alimentares
8010534,BOLACHA DOCE DIET,10937,Outros produtos alimentares
8010536,BISCOITO CHAMPAGNE DIET,10937,Outros produtos alimentares
8010537,BISCOITO MARIA DIET,10937,Outros produtos alimentares
8010538,BISCOITO DE LEITE DIET,10937,Outros produtos alimentares
8010544,BOLACHA AMANTEIGADA DIETETICA,10937,Outros produtos alimentares
8010548,BISCOITO AMANTEIGADO DIETETICO,10937,Outros produtos alimentares
8010554,DEDITOS (BISCOITO) DIETETICO,10937,Outros produtos alimentares
8010566,BISCOITO CREME DIETETICO,10937,Outros produtos alimentares
8010576,BISCOITO DE CHAMPAGNE DIETETICO,10937,Outros produtos alimentares
8010577,BISCOITO MARIA DIETETICO,10937,Outros produtos alimentares
8010601,BOLO DE BANANA,10937,Outros produtos alimentares
8010701,BROA DE QUEIJO,10937,Outros produtos alimentares
8010801,PAO DE FORMA NAO ESPECIFICADO LIGHT,10937,Outros produtos alimentares
8010901,PAO PRETO LIGHT,10937,Outros produtos alimentares
8010902,PAO DE CENTEIO LIGHT,10937,Outros produtos alimentares
8011001,AVOADOR,10937,Outros produtos alimentares
8011101,PAO DE LINHO OU LINHACA,10937,Outros produtos alimentares
8011201,PAO FRANCES DIET,10937,Outros produtos alimentares
8011301,PAO DOCE LIGHT,10937,Outros produtos alimentares
8011401,ROSCA DOCE LIGHT,10937,Outros produtos alimentares
8011501,PAO DE SOJA LIGHT,10937,Outros produtos alimentares
8100101,CARNE SECA,10911,Carne de bovinos e outros prod. de carne
8100102,CARNE DE CHARQUE,10911,Carne de bovinos e outros prod. de carne
8100103,JABA,10911,Carne de bovinos e outros prod. de carne
8100104,CHARQUE,10911,Carne de bovinos e outros prod. de carne
8100105,CARNE DE SAL PRESA,10911,Carne de bovinos e outros prod. de carne
8100106,CARNE DO SUL,10911,Carne de bovinos e outros prod. de carne
8100201,CARNE DE SOL,10911,Carne de bovinos e outros prod. de carne
8100202,CARNE DO SERTAO,10911,Carne de bovinos e outros prod. de carne
8100204,CARNE DO SOL,10911,Carne de bovinos e outros prod. de carne
8100301,CARNE BOVINA DEFUMADA,10911,Carne de bovinos e outros prod. de carne
8100401,CARNE BOVINA SALGADA,10911,Carne de bovinos e outros prod. de carne
8100402,FIGADO ALEMAO,10911,Carne de bovinos e outros prod. de carne
8100403,COSTELA BOVINA SALGADA,10911,Carne de bovinos e outros prod. de carne
8100501,CARNE BOVINA DE HAMBURGUER,10911,Carne de bovinos e outros prod. de carne
8100502,HAMBURGUER DE CARNE BOVINA,10911,Carne de bovinos e outros prod. de carne
8100503,CARNE DE HAMBURGUER BOVINA,10911,Carne de bovinos e outros prod. de carne
8100601,CARNE SUINA DEFUMADA,10912,Carne de suíno
8100701,ORELHA DE PORCO DEFUMADA,10911,Carne de bovinos e outros prod. de carne
8100801,LOMBO DE PORCO DEFUMADO,10911,Carne de bovinos e outros prod. de carne
8100802,COPA DE PORCO DEFUMADA,10911,Carne de bovinos e outros prod. de carne
8100901,COSTELA DE PORCO DEFUMADA,10911,Carne de bovinos e outros prod. de carne
8101001,TOUCINHO DE PORCO DEFUMADO,10911,Carne de bovinos e outros prod. de carne
8101002,BACON NO VAREJO,10911,Carne de bovinos e outros prod. de carne
8101003,TOUCINHO DEFUMADO,10911,Carne de bovinos e outros prod. de carne
8101004,BACON EMBALADO,10911,Carne de bovinos e outros prod. de carne
8101005,BACON,10911,Carne de bovinos e outros prod. de carne
8101006,BACON DEFUMADO,10911,Carne de bovinos e outros prod. de carne
8101008,BACON EM RETALHO,10911,Carne de bovinos e outros prod. de carne
8101101,HAMBURGUER DE FRANGO,10913,Carne de aves
8101102,CARNE DE FRANGO DE HAMBURGUER,10913,Carne de aves
8101202,PE DE PORCO DEFUMADO,10911,Carne de bovinos e outros prod. de carne
8101301,CARNE SUINA SALGADA,10912,Carne de suíno
8101401,ORELHA DE PORCO SALGADA,10911,Carne de bovinos e outros prod. de carne
8101501,COSTELA DE PORCO SALGADA,10911,Carne de bovinos e outros prod. de carne
8101601,LOMBO DE PORCO SALGADO,10911,Carne de bovinos e outros prod. de carne
8101602,COPA DE PORCO SALGADA,10911,Carne de bovinos e outros prod. de carne
8101701,PE DE PORCO SALGADO,10911,Carne de bovinos e outros prod. de carne
8101702,CHISPE SALGADO,10911,Carne de bovinos e outros prod. de carne
8101703,CHISPE,10911,Carne de bovinos e outros prod. de carne
8101801,RABO DE PORCO SALGADO,10911,Carne de bovinos e outros prod. de carne
8101901,TOUCINHO DE PORCO SALGADO,10911,Carne de bovinos e outros prod. de carne
8101902,TOUCINHO SALGADO,10911,Carne de bovinos e outros prod. de carne
8102001,VISCERA DE PORCO SALGADA,10911,Carne de bovinos e outros prod. de carne
8102002,MIUDO DE PORCO SALGADO,10911,Carne de bovinos e outros prod. de carne
8102101,SALSICHA NO VAREJO,10911,Carne de bovinos e outros prod. de carne
8102102,SALSICHA EM PACOTE,10911,Carne de bovinos e outros prod. de carne
8102103,SALSICHAO NO VAREJO,10911,Carne de bovinos e outros prod. de carne
8102104,SALSICHAO EM PACOTE,10911,Carne de bovinos e outros prod. de carne
8102201,LINGUICA NO VAREJO,10911,Carne de bovinos e outros prod. de carne
8102202,LINGUICA EM PACOTE,10911,Carne de bovinos e outros prod. de carne
8102203,LINGUICA PARA CHURRASCO,10911,Carne de bovinos e outros prod. de carne
8102204,LINGUICA NAO-ESPECIFICADA,10911,Carne de bovinos e outros prod. de carne
8102205,LINGUICA CALABRESA,10911,Carne de bovinos e outros prod. de carne
8102206,LINGUICA BOVINA,10911,Carne de bovinos e outros prod. de carne
8102207,LINGUICA DE FRANGO,10913,Carne de aves
8102208,LINGUICA SUINA,10911,Carne de bovinos e outros prod. de carne
8102209,LINGUICA DEFUMADA,10911,Carne de bovinos e outros prod. de carne
8102210,LINGUICA MISTA,10911,Carne de bovinos e outros prod. de carne
8102211,LINGUICA TOSCANA,10911,Carne de bovinos e outros prod. de carne
8102212,LINGUICA SUINA DEFUMADA,10911,Carne de bovinos e outros prod. de carne
8102213,CALABRESA (LINGUICA),10911,Carne de bovinos e outros prod. de carne
8102214,LINGUICA DE PERNIL,10911,Carne de bovinos e outros prod. de carne
8102301,RETALHO PARA PIZZA,10911,Carne de bovinos e outros prod. de carne
8102302,QUEIJO E PRESUNTO RETALHADOS PARA PIZZA,10911,Carne de bovinos e outros prod. de carne
8102303,PRESUNTO E QUEIJO RETALHADOS PARA PIZZA,10916,Outros produtos do laticínio
8102304,QUEIJO E PRESUNTO PICADOS,10911,Carne de bovinos e outros prod. de carne
8102401,CHOURICO,10911,Carne de bovinos e outros prod. de carne
8102402,MORCELA,10911,Carne de bovinos e outros prod. de carne
8102403,MORCILHA,10911,Carne de bovinos e outros prod. de carne
8102404,QUEIJO DE PORCO,10911,Carne de bovinos e outros prod. de carne
8102405,MURCILHA,10911,Carne de bovinos e outros prod. de carne
8102501,PAIO,10911,Carne de bovinos e outros prod. de carne
8102502,CODEGUIM,10911,Carne de bovinos e outros prod. de carne
8102601,MORTADELA,10911,Carne de bovinos e outros prod. de carne
8102602,MORTADELA BOVINA,10911,Carne de bovinos e outros prod. de carne
8102603,MORTADELA DE FRANGO,10913,Carne de aves
8102604,MORTADELA SUINA,10912,Carne de suíno
8102605,MORTADELA FATIADA NAO-ESPECIFICADA,10911,Carne de bovinos e outros prod. de carne
8102606,RETALHO DE MORTADELA,10911,Carne de bovinos e outros prod. de carne
8102607,MORTADELA BOLONHESA,10911,Carne de bovinos e outros prod. de carne
8102608,MORTADELA DE CHESTER,10913,Carne de aves
8102609,MORTADELA DE GALINHA,10913,Carne de aves
8102610,MORTADELA DE PERU,10913,Carne de aves
8102611,MORTADELA DEFUMADA,10911,Carne de bovinos e outros prod. de carne
8102612,MORTADELA MISTA,10911,Carne de bovinos e outros prod. de carne
8102701,SALAME,10911,Carne de bovinos e outros prod. de carne
8102702,SALAMINHO,10911,Carne de bovinos e outros prod. de carne
8102703,SALAME DEFUMADO,10911,Carne de bovinos e outros prod. de carne
8102801,BLANQUET DE PERU,10913,Carne de aves
8102802,BLANQUETE DE PERU,10913,Carne de aves
8102901,PRESUNTO DE QUALQUER TIPO,10911,Carne de bovinos e outros prod. de carne
8102902,PRESUNTO DE PERU,10913,Carne de aves
8102903,PRESUNTO DE FRANGO,10913,Carne de aves
8102904,PRESUNTO BOVINO,10911,Carne de bovinos e outros prod. de carne
8103001,HAMBURGUER DE PERU,10913,Carne de aves
8103002,CARNE DE PERU DE HAMBURGUER,10913,Carne de aves
8103101,HAMBURGUER NAO-ESPECIFICADO,10911,Carne de bovinos e outros prod. de carne
8103102,CARNE NAO-ESPECIFICADA DE HAMBURGUER,10911,Carne de bovinos e outros prod. de carne
8103201,PATE DE PRESUNTO EMBUTIDO,10911,Carne de bovinos e outros prod. de carne
8103202,PASTA DE PRESUNTO EMBUTIDA,10911,Carne de bovinos e outros prod. de carne
8103301,PATE DE CARNE EMBUTIDO,10911,Carne de bovinos e outros prod. de carne
8103302,PASTA DE CARNE EMBUTIDA,10911,Carne de bovinos e outros prod. de carne
8103401,PATE DE FIGADO EMBUTIDO,10911,Carne de bovinos e outros prod. de carne
8103402,PASTA DE FIGADO EMBUTIDA,10911,Carne de bovinos e outros prod. de carne
8103501,PATE DE GALINHA EMBUTIDO,10913,Carne de aves
8103502,PASTA DE GALINHA EMBUTIDA,10911,Carne de bovinos e outros prod. de carne
8103601,APRESUNTADO,10911,Carne de bovinos e outros prod. de carne
8103602,APRESUNTADO FATIADO,10911,Carne de bovinos e outros prod. de carne
8103603,RETALHO DE APRESUNTADO,10911,Carne de bovinos e outros prod. de carne
8103702,PATE DE CEBOLA,10931,"Conservas de frutas, legumes, outros vegetais e sucos de frutas"
8103801,PATE DE BERINJELA EM CONSERVA,10931,"Conservas de frutas, legumes, outros vegetais e sucos de frutas"
8103901,PURURUCA DE PORCO,10912,Carne de suíno
8103902,PELE DE PORCO PREPARADA,10911,Carne de bovinos e outros prod. de carne
8104001,PATE NAO-ESPECIFICADO,10911,Carne de bovinos e outros prod. de carne
8104101,CARNE DE AVES DEFUMADA,10913,Carne de aves
8104102,PEITO DE GALINHA DEFUMADO,10913,Carne de aves
8104201,"MASSA DE QUIBE, CROQUETE, SALGADINHO DE PEIXE, ETC.",10911,Carne de bovinos e outros prod. de carne
8104202,MASSA DE QUIBE,10911,Carne de bovinos e outros prod. de carne
8104203,MASSA DE CROQUETE,10911,Carne de bovinos e outros prod. de carne
8104205,QUIBE SEMIPRONTO,10911,Carne de bovinos e outros prod. de carne
8104301,CARNE SALGADA DE FEIJOADA,10911,Carne de bovinos e outros prod. de carne
8104302,MISTURA DE CARNES SALGADAS DE FEIJOADA,10911,Carne de bovinos e outros prod. de carne
8104303,CARNE SALGADA NAO-ESPECIFICADA PARA FEIJOADA,10911,Carne de bovinos e outros prod. de carne
8104401,CARNE BOVINA EMPANADA,10911,Carne de bovinos e outros prod. de carne
8104501,ALMONDEGA CONGELADA DE QUALQUER ANIMAL (CRUA),10911,Carne de bovinos e outros prod. de carne
8104502,ALMONDEGA DE QUALQUER ANIMAL CONGELADA,10911,Carne de bovinos e outros prod. de carne
8104503,ALMONDEGA DE FRANGO CONGELADA,10913,Carne de aves
8104601,CARNE SALGADA NAO-ESPECIFICADA,10911,Carne de bovinos e outros prod. de carne
8104701,ROSBIFE E BIFE A MILANEZA INDUSTRIALIZADO SEMIPRONTO,10911,Carne de bovinos e outros prod. de carne
8104702,BIFE A MILANEZA INDUSTRIALIZADO SEMIPRONTO,10911,Carne de bovinos e outros prod. de carne
8104801,CARNE SALGADA DE OUTROS ANIMAIS,10911,Carne de bovinos e outros prod. de carne
8104802,CARNE DE CAPIVARA SALGADA,10911,Carne de bovinos e outros prod. de carne
8104901,FRANGO EMPANADO,10913,Carne de aves
8104902,NUGGET DE FRANGO EMPANADO,10913,Carne de aves
8104903,FILE DE FRANGO EMPANADO,10913,Carne de aves
8104904,MINI CHICKEN EMPANADO,10913,Carne de aves
8104905,EMPANADO DE FRANGO,10913,Carne de aves
8104906,TEKITOS (CARNE DE FRANGO EMPANADA),10913,Carne de aves
8105001,MORTADELA LIGHT,10911,Carne de bovinos e outros prod. de carne
8105002,MORTADELA BOVINA LIGHT,10911,Carne de bovinos e outros prod. de carne
8105003,MORTADELA DE FRANGO LIGHT,10913,Carne de aves
8105004,MORTADELA SUINA LIGHT,10912,Carne de suíno
8105007,MORTADELA BOLONHESA LIGHT,10911,Carne de bovinos e outros prod. de carne
8105008,MORTADELA DE CHESTER LIGHT,10913,Carne de aves
8105010,MORTADELA DE PERU LIGHT,10913,Carne de aves
8105102,CARNE DE FRANGO DE HAMBURGUER LIGHT,10913,Carne de aves
8105201,SALSICHA NO VAREJO LIGHT,10911,Carne de bovinos e outros prod. de carne
8105202,SALSICHA EM PACOTE LIGHT,10911,Carne de bovinos e outros prod. de carne
8105302,LINGUICA EM PACOTE LIGHT,10911,Carne de bovinos e outros prod. de carne
8105304,LINGUICA NAO-ESPECIFICADA LIGHT,10911,Carne de bovinos e outros prod. de carne
8105305,LINGUICA CALABRESA LIGHT,10911,Carne de bovinos e outros prod. de carne
8105306,LINGUICA BOVINA LIGHT,10911,Carne de bovinos e outros prod. de carne
8105307,LINGUICA DE FRANGO LIGHT,10911,Carne de bovinos e outros prod. de carne
8105308,LINGUICA SUINA LIGHT,10911,Carne de bovinos e outros prod. de carne
8105309,LINGUICA DEFUMADA LIGHT,10911,Carne de bovinos e outros prod. de carne
8105401,SALAME LIGHT,10911,Carne de bovinos e outros prod. de carne
8105402,SALAMINHO LIGHT,10911,Carne de bovinos e outros prod. de carne
8105501,BLANQUET DE PERU LIGHT,10913,Carne de aves
8105602,CARNE DE PERU DE HAMBURGUER LIGHT,10913,Carne de aves
8105701,HAMBURGUER NAO-ESPECIFICADO LIGHT,10911,Carne de bovinos e outros prod. de carne
8105702,CARNE NAO-ESPECIFICADA DE HAMBURGUER LIGHT,10911,Carne de bovinos e outros prod. de carne
8105801,PATE DE PRESUNTO EMBUTIDO LIGHT,10912,Carne de suíno
8106001,PRESUNTO DE FRANGO LIGTH,10913,Carne de aves
8106101,PRESUNTO DE PERU LIGHT,10913,Carne de aves
8106102,PRESUNTO DE PERU DEFUMADO LIGHT,10913,Carne de aves
8106201,PRESUNTO SUINO LIGHT,10912,Carne de suíno
8106202,PRESUNTO SUINO SEM GORDURA,10912,Carne de suíno
8106301,ESPINHACO DE PORCO SALGADO,10912,Carne de suíno
8106302,ESPINHACO SUINO SALGADO,10912,Carne de suíno
8106401,DOBRADINHA SALGADA,10912,Carne de suíno
8106501,RABO SUINO DEFUMADO,10911,Carne de bovinos e outros prod. de carne
8106601,LINGUICA DE SOJA NO VAREJO,10937,Outros produtos alimentares
8106701,GARGANTA SUINA SALGADA,10911,Carne de bovinos e outros prod. de carne
8200101,REFRIGERANTE DE COLA,11001,Bebidas
8200102,COCA COLA,11001,Bebidas
8200103,REFRIGERANTE COCA COLA,11001,Bebidas
8200104,REFRIGERANTE PEPSI,11001,Bebidas
8200105,PEPSI,11001,Bebidas
8200106,PEPSI COLA,11001,Bebidas
8200107,REFRIGERANTE PEPSI COLA,11001,Bebidas
8200201,REFRIGERANTE DE LARANJA,11001,Bebidas
8200202,FANTA LARANJA,11001,Bebidas
8200203,REFRIGERANTE CRUSH,11001,Bebidas
8200207,REFRIGERANTE SUKITA,11001,Bebidas
8200208,SUKITA,11001,Bebidas
8200209,REFRIGERANTE POP LARANJA,11001,Bebidas
8200301,REFRIGERANTE DE GUARANA,11001,Bebidas
8200302,GUARANA,11001,Bebidas
8200305,GUARAVITA,11001,Bebidas
8200306,GUARAVITON,11001,Bebidas
8200307,REFRIGERANTE GUARANA,11001,Bebidas
8200401,REFRIGERANTE DE LIMAO,11001,Bebidas
8200402,REFRIGERANTE SODA LIMONADA,11001,Bebidas
8200403,SODA LIMONADA,11001,Bebidas
8200404,LIMAO REFRIGERANTE,11001,Bebidas
8200405,REFRIGERANTE LIMAO,11001,Bebidas
8200406,REFRIGERANTE SPRIT,11001,Bebidas
8200407,SPRIT REFRIGERANTE,11001,Bebidas
8200408,REFRIGERANTE FANTA LIMAO,11001,Bebidas
8200409,REFRIGERANTE GASOSA,11001,Bebidas
8200410,GASOSA,11001,Bebidas
8200501,REFRIGERANTE DE UVA,11001,Bebidas
8200502,REFRIGERANTE FANTA UVA,11001,Bebidas
8200503,REFRIGERANTE GRAPETE,11001,Bebidas
8200504,GRAPETE,11001,Bebidas
8200505,FANTA UVA,11001,Bebidas
8200506,BEBIDA MISTA DE UVA,11001,Bebidas
8200601,REFRIGERANTE MINEIRINHO,11001,Bebidas
8200602,MINEIRINHO,11001,Bebidas
8200701,REFRIGERANTE DE COLA LIGHT,11001,Bebidas
8200702,COCA COLA LIGHT,11001,Bebidas
8200703,REFRIGERANTE COCA COLA LIGHT,11001,Bebidas
8200801,REFRIGERANTE DE COLA DIET,11001,Bebidas
8200803,PEPSI DIET,11001,Bebidas
8200804,PEPSI COLA DIET,11001,Bebidas
8200805,REFRIGERANTE PEPSI COLA DIET,11001,Bebidas
8200806,REFRIGERANTE DE COLA DIETETICO,11001,Bebidas
8200808,PEPSI DIETETICA,11001,Bebidas
8200809,PEPSI COLA DIETETICA,11001,Bebidas
8200902,MINUANO,11001,Bebidas
8201001,REFRIGERANTE AGUA MINERAL,11001,Bebidas
8201004,AGUA MINERAL,11001,Bebidas
8201005,AGUA MINERAL SEM GAS,11001,Bebidas
8201006,AGUA COM GAS,11001,Bebidas
8201007,AGUA MINERAL COM GAS,11001,Bebidas
8201009,AGUA PURIFICADA,11001,Bebidas
8201010,AGUA MINERAL SABOR LIMAO,11001,Bebidas
8201011,H2O SABOR LIMAO,11001,Bebidas
8201012,AGUA COM GAS E LIMAO,11001,Bebidas
8201013,AGUA COM GAS SABOR LIMAO,11001,Bebidas
8201014,AGUA MINERAL SABOR TANGERINA,11001,Bebidas
8201015,AGUA COM SABOR GASEIFICADA,11001,Bebidas
8201016,AGUA MINERAL SABOR LARANJA,11001,Bebidas
8201101,REFRIGERANTE DE MATE,11001,Bebidas
8201102,REFRIGERANTE MATE COURO,11001,Bebidas
8201103,MATE COURO,11001,Bebidas
8201104,MATE,11001,Bebidas
8201105,MATE LIMAO,11001,Bebidas
8201107,PESSEGO MATE,11001,Bebidas
8201201,REFRIGERANTE BIDU,11001,Bebidas
8201301,REFRIGERANTE JAO,11001,Bebidas
8201501,REFRIGERANTE DE LARANJA LIGHT,11001,Bebidas
8201502,FANTA LARANJA LIGHT,11001,Bebidas
8201505,REFRIGERANTE MIRINDA LIGHT,11001,Bebidas
8201507,REFRIGERANTE SUKITA LIGHT,11001,Bebidas
8201508,SUKITA LIGHT,11001,Bebidas
8201601,REFRIGERANTE DE GUARANA LIGHT,11001,Bebidas
8201602,GUARANA LIGHT,11001,Bebidas
8201801,REFRIGERANTE TUBAINA,11001,Bebidas
8201802,TUBAINA,11001,Bebidas
8202001,CALDO DE CANA,10931,"Conservas de frutas, legumes, outros vegetais e sucos de frutas"
8202002,GARAPA,11001,Bebidas
8202101,AGUA DE COCO,10931,"Conservas de frutas, legumes, outros vegetais e sucos de frutas"
8202201,SUCO DE FRUTA OU VEGETAL ENGARRAFADO,10931,"Conservas de frutas, legumes, outros vegetais e sucos de frutas"
8202202,XAROPE DE FRUTA OU VEGETAL ENGARRAFADO,10931,"Conservas de frutas, legumes, outros vegetais e sucos de frutas"
8202203,XAROPE DE GUARANA,10931,"Conservas de frutas, legumes, outros vegetais e sucos de frutas"
8202204,XAROPE DE GROSELHA,10931,"Conservas de frutas, legumes, outros vegetais e sucos de frutas"
8202301,REFRESCO DE FRUTA ENGARRAFADO,11001,Bebidas
8202302,REFRESCO DE FRUTA ENCARTONADO,11001,Bebidas
8202401,SUCO DE FRUTA OU VEGETAL ARTIFICIAL EM PO,11001,Bebidas
8202402,Q-SUCO,10931,"Conservas de frutas, legumes, outros vegetais e sucos de frutas"
8202403,Q-REFRESKO,10931,"Conservas de frutas, legumes, outros vegetais e sucos de frutas"
8202404,CONCENTRADO DE REFRESCO EM PO,11001,Bebidas
8202405,REFRESCO DE FRUTA ARTIFICIAL EM PO,11001,Bebidas
8202406,PO DE REFRESCO,10931,"Conservas de frutas, legumes, outros vegetais e sucos de frutas"
8202407,REFRESCO ADOCYL EM PO,11001,Bebidas
8202408,REFRESCO EM PO,11001,Bebidas
8202409,SUCO ARTIFICIAL EM PO,10931,"Conservas de frutas, legumes, outros vegetais e sucos de frutas"
8202410,REFRESCO ARTIFICIAL EM PO,10931,"Conservas de frutas, legumes, outros vegetais e sucos de frutas"
8202411,QSUCO,10931,"Conservas de frutas, legumes, outros vegetais e sucos de frutas"
8202412,SUCO EM PO,10931,"Conservas de frutas, legumes, outros vegetais e sucos de frutas"
8202501,CAFE MOIDO,10933,Café beneficiado
8202502,PO DE CAFE,10933,Café beneficiado
8202503,CAFE EM PO,10933,Café beneficiado
8202601,CAFE SOLUVEL,10933,Café beneficiado
8202602,NESCAFE,10933,Café beneficiado
8202701,CHA PRETO,10937,Outros produtos alimentares
8202801,CHA MATE,10937,Outros produtos alimentares
8202803,ERVA MATE,10937,Outros produtos alimentares
8202804,CHIMARRAO,10937,Outros produtos alimentares
8202805,ERVA DE TERERE,10937,Outros produtos alimentares
8202901,ERVA DOCE CHA,10937,Outros produtos alimentares
8202902,CHA DE ERVA DOCE,10937,Outros produtos alimentares
8202903,ANIZ CHA,10937,Outros produtos alimentares
8202904,CHA DE ANIZ,10937,Outros produtos alimentares
8203001,HORTELA CHA,10937,Outros produtos alimentares
8203002,CHA DE HORTELA,10937,Outros produtos alimentares
8203101,CANELA CHA,10937,Outros produtos alimentares
8203102,CHA DE CANELA,10937,Outros produtos alimentares
8203201,CAMOMILA CHA,10937,Outros produtos alimentares
8203202,CHA DE CAMOMILA,10937,Outros produtos alimentares
8203301,ERVA CIDREIRA CHA,10937,Outros produtos alimentares
8203302,CHA DE ERVA CIDREIRA,10937,Outros produtos alimentares
8203303,CHA DE CIDREIRA,10937,Outros produtos alimentares
8203401,LEVEDO DE CERVEJA,11001,Bebidas
8203501,REFRIGERANTE NAO-ESPECIFICADO,11001,Bebidas
8203601,CAFE DE CEVADA,10937,Outros produtos alimentares
8203602,CEVADA CAFE,10937,Outros produtos alimentares
8203603,CEVADA EM PO,10935,"Produtos derivados do trigo, mandioca ou milho"
8203604,CEVADA MOIDA,10935,"Produtos derivados do trigo, mandioca ou milho"
8203701,CAFE EM GRAO,10933,Café beneficiado
8203801,REFRESCO EM SACO PLASTICO,11001,Bebidas
8203802,REFRESCO DE FRUTA EM SACO PLASTICO,11001,Bebidas
8203901,CAFE COM LEITE EM PO,10937,Outros produtos alimentares
8204001,REFRIGERANTE DE MACA LIGHT,11001,Bebidas
8204002,MACA REFRIGERANTE LIGHT,11001,Bebidas
8204101,REFRIGERANTE DE MACA,11001,Bebidas
8204102,MACA REFRIGERANTE,11001,Bebidas
8204104,BEBIDA MISTA DE MACA,10931,"Conservas de frutas, legumes, outros vegetais e sucos de frutas"
8204201,REFRIGERANTE DE TUTI FRUTI,11001,Bebidas
8204202,TUTI FRUTI REFRIGERANTE,11001,Bebidas
8204301,REFRIGERANTE DE TANGERINA,11001,Bebidas
8204302,TANGERINA REFRIGERANTE,11001,Bebidas
8204401,MARCELA CHA,10937,Outros produtos alimentares
8204402,CHA DE MARCELA,10937,Outros produtos alimentares
8204501,CHOCOLATE ENGARRAFADO OU ENCARTONADO,10916,Outros produtos do laticínio
8204502,CHOCOMILK ENGARRAFADO,10916,Outros produtos do laticínio
8204503,CHOCOMILK ENCARTONADO,10916,Outros produtos do laticínio
8204504,CHOCOLATE LIQUIDO,10916,Outros produtos do laticínio
8204601,REFRIGERANTE DE CAJU,11001,Bebidas
8204602,CAJU REFRIGERANTE,11001,Bebidas
8204603,CAJUINA,10931,"Conservas de frutas, legumes, outros vegetais e sucos de frutas"
8204701,SUCO DE FRUTA OU VEGETAL ENCARTONADO,10931,"Conservas de frutas, legumes, outros vegetais e sucos de frutas"
8204703,SUCO DE FRUTA OU VEGETAL EM CAIXA,10931,"Conservas de frutas, legumes, outros vegetais e sucos de frutas"
8204704,XAROPE DE FRUTA OU VEGETAL EM CAIXA,10931,"Conservas de frutas, legumes, outros vegetais e sucos de frutas"
8204801,"GELO EM CUBO, PEDRA, ETC.",10937,Outros produtos alimentares
8204802,GELIKO EM CUBO,10937,Outros produtos alimentares
8204901,REFRIGERANTE AGUA TONICA,11001,Bebidas
8204902,AGUA TONICA,11001,Bebidas
8205001,CAFE DESCAFEINADO,10933,Café beneficiado
8205101,SUCO DE FRUTA OU VEGETAL EM LATA,10931,"Conservas de frutas, legumes, outros vegetais e sucos de frutas"
8205102,XAROPE DE FRUTA OU VEGETAL EM LATA,10931,"Conservas de frutas, legumes, outros vegetais e sucos de frutas"
8205201,CHA DIET,10937,Outros produtos alimentares
8205203,CHA EMAGRECEDOR,10937,Outros produtos alimentares
8205206,CHA EMAGRECEDOR DIET,10937,Outros produtos alimentares
8205301,SUCO DE FRUTA OU VEGETAL EM SACO PLASTICO,10931,"Conservas de frutas, legumes, outros vegetais e sucos de frutas"
8205401,REFRIGERANTE PARAGUAI,11001,Bebidas
8205402,PARAGUAI REFRIGERANTE,11001,Bebidas
8205501,REFRIGERANTE GOIANINHA,11001,Bebidas
8205502,GOIANINHA REFRIGERANTE,11001,Bebidas
8205601,MULTIERVAS CHA,10937,Outros produtos alimentares
8205602,CHA MULTIERVAS,10937,Outros produtos alimentares
8205701,REFRIGERANTE REAL,11001,Bebidas
8205702,REAL REFRIGERANTE,11001,Bebidas
8205801,REFRIGERANTE ENERGETICO,11001,Bebidas
8205802,TAFFMAN E,11001,Bebidas
8205803,GATORADE,11001,Bebidas
8205804,SNAPPLE,11001,Bebidas
8205805,BEBIDA ISOTONICA,11001,Bebidas
8205806,ISOTONICO,11001,Bebidas
8205901,BEBIDA ENERGETICA,11001,Bebidas
8206001,BEBIDA NAO-ALCOOLICA NAO-ESPECIFICADA,11001,Bebidas
8206101,OUTRO CHA,10937,Outros produtos alimentares
8206102,CHA OUTRO,10937,Outros produtos alimentares
8206201,SUCO DE FRUTA OU VEGETAL NAO-ESPECIFICADO,10931,"Conservas de frutas, legumes, outros vegetais e sucos de frutas"
8206301,CHA NAO-ESPECIFICADO,10937,Outros produtos alimentares
8206401,CAFE CAPUCCINO SOLUVEL,10933,Café beneficiado
8206402,CAFE SOLUVEL CAPUCCINO,10933,Café beneficiado
8206502,ARRUDA EM FOLHA,10937,Outros produtos alimentares
8206601,BOLDO CHA,10937,Outros produtos alimentares
8206602,CHA DE BOLDO,10937,Outros produtos alimentares
8206701,REFRIGERANTE CITRICO,11001,Bebidas
8206702,FANTA CITRUS,11001,Bebidas
8206801,REFRIGERANTE DE ABACAXI,11001,Bebidas
8206901,REFRIGERANTE DE ABACAXI COM GUARANA,11001,Bebidas
8207001,REFRIGERANTE DE FRAMBOESA,11001,Bebidas
8207101,REFRIGERANTE DE MORANGO,11001,Bebidas
8207201,REFRIGERANTE DE MARACUJA,11001,Bebidas
8207301,REFRIGERANTE DE GENGIBRE,11001,Bebidas
8207401,REFRIGERANTE DE GUARANA DIET,11001,Bebidas
8207402,GUARANA DIET,11001,Bebidas
8207403,REFRIGERANTE DE GUARANA DIETETICO,11001,Bebidas
8207405,REFRIGERANTE DE GUARANA ZERO,11001,Bebidas
8207406,GUARANA ZERO,11001,Bebidas
8207501,REFRIGERANTE DE LIMAO LIGHT,11001,Bebidas
8207502,REFRIGERANTE SODA LIMONADA LIGHT,11001,Bebidas
8207503,SODA LIMONADA LIGHT,11001,Bebidas
8207504,LIMAO REFRIGERANTE LIGHT,11001,Bebidas
8207601,REFRIGERANTE DE LIMAO DIET,11001,Bebidas
8207602,REFRIGERANTE SPRIT DIET,11001,Bebidas
8207603,SPRIT REFRIGERANTE DIET,11001,Bebidas
8207605,REFRIGERANTE SPRIT DIETETICO,11001,Bebidas
8207606,SPRIT REFRIGERANTE DIETETICO,11001,Bebidas
8207701,REFRIGERANTE DE UVA LIGHT,11001,Bebidas
8207705,FANTA UVA LIGHT,11001,Bebidas
8207801,REFRIGERANTE MINEIRINHO LIGHT,11001,Bebidas
8208001,AGUA POTAVEL,36801,"Água, esgoto, reciclagem e gestão de resíduos"
8208002,AGUA DOCE,36801,"Água, esgoto, reciclagem e gestão de resíduos"
8208003,AGUA DE POCO,36801,"Água, esgoto, reciclagem e gestão de resíduos"
8208101,REFRIGERANTE DE MATE LIGHT,11001,Bebidas
8208106,MATE PESSEGO LIGHT,11001,Bebidas
8208601,CAFE COM LEITE SOLUVEL,10937,Outros produtos alimentares
8208802,TANGERINA REFRIGERANTE LIGHT,11001,Bebidas
8209001,REFRIGERANTE AGUA TONICA LIGHT,11001,Bebidas
8209002,AGUA TONICA LIGHT,11001,Bebidas
8209202,GOIANINHA REFRIGERANTE LIGHT,11001,Bebidas
8209401,REFRIGERANTE CITRICO LIGHT,11001,Bebidas
8209501,REFRIGERANTE DE ABACAXI LIGHT,11001,Bebidas
8209601,REFRIGERANTE DE ABACAXI COM GUARANA LIGHT,11001,Bebidas
8209701,REFRIGERANTE DE FRAMBOESA LIGHT,11001,Bebidas
8210001,REFRIGERANTE DE GENGIBRE LIGHT,11001,Bebidas
8210101,SUCO DE FRUTA OU VEGETAL ORGANICO ENGARRAFADO,10931,"Conservas de frutas, legumes, outros vegetais e sucos de frutas"
8210102,XAROPE DE FRUTA OU VEGETAL ORGANICO ENGARRAFADO,10931,"Conservas de frutas, legumes, outros vegetais e sucos de frutas"
8210203,SUCO DE FRUTA OU VEGETAL ORGANICO EM CAIXA,10931,"Conservas de frutas, legumes, outros vegetais e sucos de frutas"
8210401,SUCO DE FRUTA OU VEGETAL ORGANICO EM SACO PLASTICO,10931,"Conservas de frutas, legumes, outros vegetais e sucos de frutas"
8210501,SUCO DE FRUTA OU VEGETAL ORGANICO NAO-ESPECIFICADO,10931,"Conservas de frutas, legumes, outros vegetais e sucos de frutas"
8210601,CAFE MOIDO ORGANICO,10933,Café beneficiado
8210602,PO DE CAFE ORGANICO,10933,Café beneficiado
8210701,CAFE SOLUVEL ORGANICO,10933,Café beneficiado
8210801,CAFE EM GRAO ORGANICO,10933,Café beneficiado
8211001,SUCO DE FRUTA OU VEGETAL ARTIFICIAL EM PO LIGHT,10931,"Conservas de frutas, legumes, outros vegetais e sucos de frutas"
8211002,Q-SUCO LIGHT,10931,"Conservas de frutas, legumes, outros vegetais e sucos de frutas"
8211004,CONCENTRADO DE REFRESCO EM PO LIGHT,11001,Bebidas
8211005,REFRESCO DE FRUTA ARTIFICIAL EM PO LIGHT,11001,Bebidas
8211006,PO DE REFRESCO LIGHT,11001,Bebidas
8211101,SUCO DE FRUTA OU VEGETAL ARTIFICIAL EM PO DIET,10931,"Conservas de frutas, legumes, outros vegetais e sucos de frutas"
8211102,Q-SUCO DIET,11001,Bebidas
8211104,CONCENTRADO DE REFRESCO EM PO DIET,11001,Bebidas
8211105,REFRESCO DE FRUTA ARTIFICIAL EM PO DIET,11001,Bebidas
8211106,PO DE REFRESCO DIET,11001,Bebidas
8211108,SUCO DE FRUTA OU VEGETAL ARTIFICIAL EM PO DIETETICO,10931,"Conservas de frutas, legumes, outros vegetais e sucos de frutas"
8211111,CONCENTRADO DE REFRESCO EM PO DIETETICO,11001,Bebidas
8211112,REFRESCO DE FRUTA ARTIFICIAL EM PO DIETETICO,11001,Bebidas
8211401,SUCO DE FRUTA OU VEGETAL ENGARRAFADO LIGHT,10931,"Conservas de frutas, legumes, outros vegetais e sucos de frutas"
8211501,SUCO DE FRUTA OU VEGETAL ENGARRAFADO DIET,10931,"Conservas de frutas, legumes, outros vegetais e sucos de frutas"
8211502,XAROPE DE FRUTA OU VEGETAL ENGARRAFADO DIET,10931,"Conservas de frutas, legumes, outros vegetais e sucos de frutas"
8211601,SUCO DE FRUTA OU VEGETAL ENCARTONADO LIGHT,10931,"Conservas de frutas, legumes, outros vegetais e sucos de frutas"
8211603,SUCO DE FRUTA OU VEGETAL EM CAIXA LIGHT,10931,"Conservas de frutas, legumes, outros vegetais e sucos de frutas"
8211701,SUCO DE FRUTA OU VEGETAL ENCARTONADO DIET,10931,"Conservas de frutas, legumes, outros vegetais e sucos de frutas"
8211703,SUCO DE FRUTA OU VEGETAL EM CAIXA DIET,10931,"Conservas de frutas, legumes, outros vegetais e sucos de frutas"
8211705,SUCO DE FRUTA OU VEGETAL ENCARTONADO DIETETICO,10931,"Conservas de frutas, legumes, outros vegetais e sucos de frutas"
8211707,SUCO DE FRUTA OU VEGETAL EM CAIXA DIETETICO,10931,"Conservas de frutas, legumes, outros vegetais e sucos de frutas"
8211801,SUCO DE FRUTA OU VEGETAL EM LATA LIGHT,10931,"Conservas de frutas, legumes, outros vegetais e sucos de frutas"
8212201,SUCO DE FRUTA OU VEGETAL NAO-ESPECIFICADO LIGHT,10931,"Conservas de frutas, legumes, outros vegetais e sucos de frutas"
8212301,SUCO DE FRUTA OU VEGETAL NAO-ESPECIFICADO DIET,10931,"Conservas de frutas, legumes, outros vegetais e sucos de frutas"
8212401,CAFE CAPUCCINO SOLUVEL LIGHT,10933,Café beneficiado
8212501,CAFE CAPUCCINO SOLUVEL DIET,10933,Café beneficiado
8212603,CHA JAPONES LIGHT,11001,Bebidas
8212701,CHA MATE LIGHT,11001,Bebidas
8212801,CHA MATE DIET,11001,Bebidas
8212804,CHA MATE DIETETICO,11001,Bebidas
8212902,AGUA TONICA DIET,11001,Bebidas
8212905,AGUA TONICA DIETETICA,11001,Bebidas
8213001,ERVA MATE ORGANICA,11001,Bebidas
8213003,CHA MATE ORGANICO,11001,Bebidas
8213101,CHA DE LIMAO,10937,Outros produtos alimentares
8213201,CHA DE ALFAZEMA,10937,Outros produtos alimentares
8213301,CHA VERDE,10937,Outros produtos alimentares
8213401,COCA COLA ZERO,11001,Bebidas
8213402,COCA COLA DIET,11001,Bebidas
8213403,REFRIGERANTE COCA COLA ZERO,11001,Bebidas
8213501,CHA DE MACA,11001,Bebidas
8213601,CLOROFILA (SUCO),10931,"Conservas de frutas, legumes, outros vegetais e sucos de frutas"
8213701,CHA DE PESSEGO,11001,Bebidas
8213801,CHA DE SENE,11001,Bebidas
8213901,MATE COURO DIET,11001,Bebidas
8214001,REFRIGERANTE NAO-ESPECIFICADO DIET,11001,Bebidas
8214101,REFRIGERANTE NAO-ESPECIFICADO LIGHT,11001,Bebidas
8214201,CHA DE ENDRO,10937,Outros produtos alimentares
8214301,SUCO DE FRUTA OU VEGETAL EM COPO PLASTICO,10931,"Conservas de frutas, legumes, outros vegetais e sucos de frutas"
8214401,BABOSA EM FOLHA,10937,Outros produtos alimentares
8214501,REFRIGERANTE DE GENGIBRE DIET,11001,Bebidas
8214601,AROMATIZANTE DE BEBIDAS,10937,Outros produtos alimentares
8214602,SABORIZADOR DE LEITE,10937,Outros produtos alimentares
8214701,REFRIGERANTE JESUS,11001,Bebidas
8214801,CHA DE ABACAXI,11001,Bebidas
8214901,CHA DE MORANGO,11001,Bebidas
8215001,REFRIGERANTE GOIANINHA DIET,11001,Bebidas
8215101,CHA DE MALVA,10937,Outros produtos alimentares
8215201,GRAPETE DIET,11001,Bebidas
8215301,CHA DE CARQUEJA,10937,Outros produtos alimentares
8215401,FOLHAS DE AMORA (CHA),10937,Outros produtos alimentares
8215501,REFRIGERANTE DE ABACATE,11001,Bebidas
8215601,REFRIGERANTE DE LARANJA DIET,11001,Bebidas
8300101,CERVEJA,11001,Bebidas
8300102,CERVEJA PRETA,11001,Bebidas
8300103,CERVEJA BRANCA,11001,Bebidas
8300202,CHOPP ESCURO,11001,Bebidas
8300203,CHOPP CLARO,11001,Bebidas
8300204,CHOPE,11001,Bebidas
8300301,AGUARDENTE DE CANA,11001,Bebidas
8300302,CACHACA,11001,Bebidas
8300304,AGUARDENTE DE CANA DE ACUCAR,11001,Bebidas
8300305,PINGA,11001,Bebidas
8300501,BATIDA DE QUALQUER SABOR,11001,Bebidas
8300503,BATIDA DE COCO,11001,Bebidas
8300701,RUM,11001,Bebidas
8300801,VODKA,11001,Bebidas
8300902,GENEBRA,11001,Bebidas
8301001,UISQUE,11001,Bebidas
8301002,WHISKY,11001,Bebidas
8301101,CAMPARI,11001,Bebidas
8301201,CHAMPANHE,11001,Bebidas
8301202,SIDRA CHAMPANHE,11001,Bebidas
8301301,VERMUTE,11001,Bebidas
8301501,MARTINI,11001,Bebidas
8301601,CONHAQUE,11001,Bebidas
8301701,DRINK DREHER,11001,Bebidas
8301901,LICOR DE QUALQUER SABOR,11001,Bebidas
8302301,AGUARDENTE DE ARROZ,11001,Bebidas
8302302,SAQUE,11001,Bebidas
8302401,VINHO DE UVA E OUTROS,11001,Bebidas
8302402,VINHO ROSE,11001,Bebidas
8302403,VINHO TINTO,11001,Bebidas
8302405,VINHO SECO,11001,Bebidas
8302406,VINHO MOSCATEL,11001,Bebidas
8302410,VINHO BRANCO,11001,Bebidas
8302411,JURUBEBA VINHO,11001,Bebidas
8302412,VINHO DE CATUABA,11001,Bebidas
8302413,VINHO SUAVE,11001,Bebidas
8302414,VINHO DE UVA,11001,Bebidas
8302415,VINHO,11001,Bebidas
8302416,CATUABA,56001,Serviços  de alimentação
8302501,AGUARDENTE DE BANANA,11001,Bebidas
8302801,KEEP COOLER,11001,Bebidas
8302901,COQUETEL DE FRUTAS,11001,Bebidas
8303101,CAIPIRINHA,11001,Bebidas
8303201,AGUARDENTE DE CATUABA,11001,Bebidas
8303301,CERVEJA SEM ALCOOL,11001,Bebidas
8303501,BEBIDA ALCOOLICA NAO-ESPECIFICADA,11001,Bebidas
8303603,VINHO TINTO ORGANICO,11001,Bebidas
8303613,VINHO SUAVE ORGANICO,11001,Bebidas
8303701,AGUARDENTE DE CANA ORGANICA,11001,Bebidas
8303702,CACHACA ORGANICA,11001,Bebidas
8303901,AGUARDENTE DE ARROZ ORGANICA,11001,Bebidas
8304501,AGUARDENTE DE MANDIOCA,11001,Bebidas
8304502,CAXIRI (AGUARDENTE DE MANDIOCA),11001,Bebidas
8304601,QUENTAO,11001,Bebidas
8304701,AGUARDENTE DE JALAPA,11001,Bebidas
8400101,AZEITE DE OLIVA,10932,Óleos e gorduras vegetais e animais
8400102,AZEITE IMPORTADO DE OLIVA,10932,Óleos e gorduras vegetais e animais
8400103,AZEITE DOCE,10932,Óleos e gorduras vegetais e animais
8400104,AZEITE TEMPERADO,10932,Óleos e gorduras vegetais e animais
8400105,AZEITE COMPOSTO DE OLIVA E OLEO DE SOJA,10932,Óleos e gorduras vegetais e animais
8400106,AZEITE VERDE,10932,Óleos e gorduras vegetais e animais
8400107,AZEITE EXTRA VIRGEM,10932,Óleos e gorduras vegetais e animais
8400201,AZEITE DE DENDE,10932,Óleos e gorduras vegetais e animais
8400301,OLEO DE SOJA,10932,Óleos e gorduras vegetais e animais
8400401,OLEO DE MILHO,10935,"Produtos derivados do trigo, mandioca ou milho"
8400501,OLEO DE AMENDOIM,10932,Óleos e gorduras vegetais e animais
8400601,OLEO DE ALGODAO,10932,Óleos e gorduras vegetais e animais
8400701,OLEO DE COCO BABACU,10932,Óleos e gorduras vegetais e animais
8400702,OLEO DE BABACU,10932,Óleos e gorduras vegetais e animais
8400801,OLEO DE GIRASSOL,10932,Óleos e gorduras vegetais e animais
8400901,OLEO DE ARROZ,10932,Óleos e gorduras vegetais e animais
8401001,OLEO DE PEIXE,10932,Óleos e gorduras vegetais e animais
8401101,OLEO DE AMENDOA,20931,"Perfumaria, sabões e artigos de limpeza"
8401302,OLEO DE SEMENTE DE UVA,10932,Óleos e gorduras vegetais e animais
8401801,BANHA SUINA,10911,Carne de bovinos e outros prod. de carne
8401802,BANHA DE PORCO,10911,Carne de bovinos e outros prod. de carne
8402001,BANHA VEGETAL,10932,Óleos e gorduras vegetais e animais
8402101,GORDURA SUINA,10911,Carne de bovinos e outros prod. de carne
8402202,GORDURA VEGETAL,10932,Óleos e gorduras vegetais e animais
8402901,OLEO DE CANOLA,10932,Óleos e gorduras vegetais e animais
8403001,BANHA BOVINA,10911,Carne de bovinos e outros prod. de carne
8403101,BANHA NAO-ESPECIFICADA,10911,Carne de bovinos e outros prod. de carne
8403201,OLEO NAO-ESPECIFICADO,10932,Óleos e gorduras vegetais e animais
8403301,AZEITE MISTO DE SOJA E OLIVA,10932,Óleos e gorduras vegetais e animais
8403302,AZEITE MISTO DE OLIVA E SOJA,10932,Óleos e gorduras vegetais e animais
8403303,OLEO COMPOSTO DE SOJA E OLIVA,10932,Óleos e gorduras vegetais e animais
8403401,OLEO DE BANANA,10932,Óleos e gorduras vegetais e animais
8403501,OLEO DE DENDE,10932,Óleos e gorduras vegetais e animais
8403601,OLEO DE COCO NAO-ESPECIFICADO,10932,Óleos e gorduras vegetais e animais
8403701,OLEO DE BURITI,10932,Óleos e gorduras vegetais e animais
8403801,GORDURA HIDROGENADA,10932,Óleos e gorduras vegetais e animais
8403802,GORDURA PARA SORVETE,10932,Óleos e gorduras vegetais e animais
8403901,AZEITE DE COCO BABACU,10932,Óleos e gorduras vegetais e animais
8404001,AZEITE DE SOJA,10932,Óleos e gorduras vegetais e animais
8404101,AZEITE DE GIRASSOL,10932,Óleos e gorduras vegetais e animais
8404201,AZEITE DE MACAUBA,10932,Óleos e gorduras vegetais e animais
8404301,AZEITE DE MAMONA,10932,Óleos e gorduras vegetais e animais
8500101,REFEICAO PRONTA PARA VIAGEM,56001,Serviços  de alimentação
8500102,MARMITA PARA VIAGEM,56001,Serviços  de alimentação
8500103,QUENTINHA PARA VIAGEM,56001,Serviços  de alimentação
8500104,MARMITEX PARA VIAGEM,56001,Serviços  de alimentação
8500105,ALMOCO PARA VIAGEM,56001,Serviços  de alimentação
8500106,ALMOCO EM QUENTINHA PARA VIAGEM,56001,Serviços  de alimentação
8500107,JANTAR PARA VIAGEM,56001,Serviços  de alimentação
8500108,JANTAR EM QUENTINHA PARA VIAGEM,56001,Serviços  de alimentação
8500109,VIANDA PARA VIAGEM,56001,Serviços  de alimentação
8500201,SALGADINHO PARA VIAGEM,56001,Serviços  de alimentação
8500202,PASTEL PARA VIAGEM,56001,Serviços  de alimentação
8500203,CROQUETE PARA VIAGEM,56001,Serviços  de alimentação
8500204,"BOLINHO SALGADO DE CARNE, CAMARAO, ETC. PARA VIAGEM",56001,Serviços  de alimentação
8500205,COXINHA PARA VIAGEM,56001,Serviços  de alimentação
8500206,EMPADA PARA VIAGEM,56001,Serviços  de alimentação
8500207,RIZOLE PARA VIAGEM,56001,Serviços  de alimentação
8500208,PIZZA EM PEDACO PARA VIAGEM,56001,Serviços  de alimentação
8500209,ACARAJE PARA VIAGEM,56001,Serviços  de alimentação
8500210,TORRESMO PARA VIAGEM,56001,Serviços  de alimentação
8500211,QUIBE PARA VIAGEM,56001,Serviços  de alimentação
8500212,ABARA PARA VIAGEM,56001,Serviços  de alimentação
8500213,PACOCA DE CARNE DE SOL PARA VIAGEM,56001,Serviços  de alimentação
8500214,POLENTA FRITA PARA VIAGEM,56001,Serviços  de alimentação
8500216,MACAXEIRA FRITA PARA VIAGEM,56001,Serviços  de alimentação
8500218,POLENTA PARA VIAGEM,56001,Serviços  de alimentação
8500219,"BOLINHO DE CARNE, CAMARAO, ETC. PARA VIAGEM",56001,Serviços  de alimentação
8500222,ESFIRRA PARA VIAGEM,56001,Serviços  de alimentação
8500223,ESFIRRA DE CARNE PARA VIAGEM,56001,Serviços  de alimentação
8500224,ESFIRRA DE QUEIJO PARA VIAGEM,56001,Serviços  de alimentação
8500225,ESFIRRA DE RICOTA PARA VIAGEM,56001,Serviços  de alimentação
8500226,ESFIRRA DE FRANGO PARA VIAGEM,56001,Serviços  de alimentação
8500227,ENROLADINHO PARA VIAGEM,56001,Serviços  de alimentação
8500228,BOLINHO DE AIPIM PARA VIAGEM,56001,Serviços  de alimentação
8500229,EMPADINHA PARA VIAGEM,56001,Serviços  de alimentação
8500230,FOGACCIA DE PRESUNTO E QUEIJO PARA VIAGEM,56001,Serviços  de alimentação
8500231,CASQUINHA DE SIRI,56001,Serviços  de alimentação
8500232,BOLINHO DE BACALHAU PARA VIAGEM,56001,Serviços  de alimentação
8500301,SANDUICHE PARA VIAGEM,56001,Serviços  de alimentação
8500302,CACHORRO QUENTE PARA VIAGEM,56001,Serviços  de alimentação
8500303,HAMBURGUER PARA VIAGEM,56001,Serviços  de alimentação
8500304,CHEESBURGUER PARA VIAGEM,56001,Serviços  de alimentação
8500305,EGGSBURGUER PARA VIAGEM,56001,Serviços  de alimentação
8500306,MISTO-QUENTE OU FRIO PARA VIAGEM,56001,Serviços  de alimentação
8500307,BAURU PARA VIAGEM,56001,Serviços  de alimentação
8500308,AMERICANO PARA VIAGEM,56001,Serviços  de alimentação
8500309,"TORRADA COM QUEIJO, PRESUNTO, OVO, ETC. PARA VIAGEM",56001,Serviços  de alimentação
8500312,MISTO-FRIO PARA VIAGEM,56001,Serviços  de alimentação
8500313,MISTO QUENTE OU FRIO PARA VIAGEM,56001,Serviços  de alimentação
8500314,MISTO FRIO OU FRIO PARA VIAGEM,56001,Serviços  de alimentação
8500315,SANDUICHE DE QUEIJO PRATO PARA VIAGEM,56001,Serviços  de alimentação
8500316,SANDUICHE DE SALAME PARA VIAGEM,56001,Serviços  de alimentação
8500317,SANDUICHE DE PRESUNTO PARA VIAGEM,56001,Serviços  de alimentação
8500318,SANDUICHE DE QUEIJO PRATO COM PRESUNTO PARA VIAGEM,56001,Serviços  de alimentação
8500319,SANDUICHE DE MORTADELA PARA VIAGEM,56001,Serviços  de alimentação
8500320,SANDUICHE DE QUEIJO MINAS PARA VIAGEM,56001,Serviços  de alimentação
8500322,CHEESE TUDO PARA VIAGEM,56001,Serviços  de alimentação
8500323,SANDUICHE NATURAL,56001,Serviços  de alimentação
8500324,CHEESE CREAM,56001,Serviços  de alimentação
8500325,CHEESE DE FILE,56001,Serviços  de alimentação
8500326,CHEESE SALADA,56001,Serviços  de alimentação
8500327,X SALADA,56001,Serviços  de alimentação
8500401,SUCO PARA VIAGEM,56001,Serviços  de alimentação
8500402,SUCO DE ABACAXI PARA VIAGEM,56001,Serviços  de alimentação
8500403,SUCO DE ACEROLA PARA VIAGEM,56001,Serviços  de alimentação
8500404,SUCO DE BETERRABA PARA VIAGEM,56001,Serviços  de alimentação
8500405,SUCO DE CUPUACU PARA VIAGEM,56001,Serviços  de alimentação
8500406,SUCO DE GOIABA PARA VIAGEM,56001,Serviços  de alimentação
8500407,SUCO DE LARANJA PARA VIAGEM,56001,Serviços  de alimentação
8500408,SUCO DE LARANJA COM BANANA PARA VIAGEM,56001,Serviços  de alimentação
8500410,SUCO DE LARANJA E CENOURA PARA VIAGEM,56001,Serviços  de alimentação
8500411,SUCO DE LARANJA CENOURA E BETERRABA PARA VIAGEM,56001,Serviços  de alimentação
8500412,SUCO DE MAMAO PARA VIAGEM,56001,Serviços  de alimentação
8500413,SUCO DE MANGA PARA VIAGEM,56001,Serviços  de alimentação
8500414,SUCO DE MARACUJA PARA VIAGEM,56001,Serviços  de alimentação
8500416,SUCO DE MORANGO PARA VIAGEM,56001,Serviços  de alimentação
8500417,SUCO DE PESSEGO PARA VIAGEM,56001,Serviços  de alimentação
8500418,SUCO DE PESSEGO EM CALDA PARA VIAGEM,56001,Serviços  de alimentação
8500419,SUCO DE MACA PARA VIAGEM,56001,Serviços  de alimentação
8500501,VITAMINA PARA VIAGEM,56001,Serviços  de alimentação
8500502,VITAMINA DE FRUTAS OU VEGETAIS PARA VIAGEM,56001,Serviços  de alimentação
8500503,VITAMINA DE BANANA PARA VIAGEM,56001,Serviços  de alimentação
8500506,VITAMINA DE ABACATE PARA VIAGEM,56001,Serviços  de alimentação
8500508,VITAMINA MISTA PARA VIAGEM,56001,Serviços  de alimentação
8500509,VITAMINA DE MACA PARA VIAGEM,56001,Serviços  de alimentação
8500601,REFRESCO PARA VIAGEM,56001,Serviços  de alimentação
8500604,REFRESCO DE LARANJA PARA VIAGEM,56001,Serviços  de alimentação
8500606,REFRESCO DE LIMAO PARA VIAGEM,56001,Serviços  de alimentação
8500701,ALIMENTO PRONTO CONGELADO PARA VIAGEM,56001,Serviços  de alimentação
8500703,MANDIOCA CONGELADA PARA VIAGEM,56001,Serviços  de alimentação
8500704,AIPIM CONGELADO PARA VIAGEM,56001,Serviços  de alimentação
8500801,"SALADA OU VERDURA COZIDA, EXCETO DE FRUTA PARA VIAGEM",56001,Serviços  de alimentação
8500802,SALADA DE MAIONESE PARA VIAGEM,56001,Serviços  de alimentação
8500804,BERINJELA A MILANESA PARA VIAGEM,56001,Serviços  de alimentação
8500805,MANDIOCA COZIDA PARA VIAGEM,56001,Serviços  de alimentação
8500806,VERDURA FRITA PARA VIAGEM,56001,Serviços  de alimentação
8500807,CARA COZIDO PARA VIAGEM,56001,Serviços  de alimentação
8500901,MASSA PRONTA PARA VIAGEM,56001,Serviços  de alimentação
8500902,"PIZZA, NHOQUE, CANELONI, CAPELETI, FETUTINE, RAVIOLE PARA VIAGEM",56001,Serviços  de alimentação
8500903,PIZZA PRONTA PARA VIAGEM,56001,Serviços  de alimentação
8500904,LAZANHA PRONTA PARA VIAGEM,56001,Serviços  de alimentação
8500905,NHOQUE PRONTO PARA VIAGEM,56001,Serviços  de alimentação
8500907,CAPELETI PRONTO PARA VIAGEM,56001,Serviços  de alimentação
8500908,FETUTINE PRONTO PARA VIAGEM,56001,Serviços  de alimentação
8500909,RAVIOLI PRONTO PARA VIAGEM,56001,Serviços  de alimentação
8500910,CALZONE PRONTO PARA VIAGEM,56001,Serviços  de alimentação
8500911,MASSA CASEIRA PRONTA PARA VIAGEM,56001,Serviços  de alimentação
8500912,MACARRAO PRONTO PARA VIAGEM,56001,Serviços  de alimentação
8500913,PANQUECA PRONTA PARA VIAGEM,56001,Serviços  de alimentação
8500914,PIZZA CALABREZA PARA VIAGEM,56001,Serviços  de alimentação
8500915,PIZZA MUZZARELA PARA VIAGEM,56001,Serviços  de alimentação
8500916,PIZZA PRESUNTO PARA VIAGEM,56001,Serviços  de alimentação
8500917,PIZZA PORTUGUESA,56001,Serviços  de alimentação
8500918,MACARRAO COM MOLHO PARA VIAGEM,56001,Serviços  de alimentação
8500919,MACARRONADA COM QUEIJO,56001,Serviços  de alimentação
8500920,PIZZA PARA VIAGEM,56001,Serviços  de alimentação
8501001,FRANGO ASSADO OU DEFUMADO PARA VIAGEM,56001,Serviços  de alimentação
8501002,GALINHA ASSADA OU DEFUMADA PARA VIAGEM,56001,Serviços  de alimentação
8501003,GALETO ASSADO OU DEFUMADO PARA VIAGEM,56001,Serviços  de alimentação
8501004,GALETO PARA VIAGEM,56001,Serviços  de alimentação
8501005,FRANGO A PASSARINHO PARA VIAGEM,56001,Serviços  de alimentação
8501006,FRANGO DEFUMADO PARA VIAGEM,56001,Serviços  de alimentação
8501007,GALINHA DEFUMADA PARA VIAGEM,56001,Serviços  de alimentação
8501008,GALETO DEFUMADO PARA VIAGEM,56001,Serviços  de alimentação
8501009,ESPETINHO DE FRANGO PARA VIAGEM,56001,Serviços  de alimentação
8501010,COXA E SOBRECOXA DE FRANGO ASSADO PARA VIAGEM,56001,Serviços  de alimentação
8501011,FRANGO ASSADO PARA VIAGEM,56001,Serviços  de alimentação
8501012,CHURRASQUINHO DE FRANGO PARA VIAGEM,56001,Serviços  de alimentação
8501013,FRANGO FRITO PARA VIAGEM,56001,Serviços  de alimentação
8501014,CHURRASCO DE FRANGO PARA VIAGEM,56001,Serviços  de alimentação
8501101,CARNE ASSADA OU BIFE PREPARADO PARA VIAGEM,56001,Serviços  de alimentação
8501102,ESPETINHO DE CARNE PARA VIAGEM,56001,Serviços  de alimentação
8501103,CHURRASQUINHO PARA VIAGEM,56001,Serviços  de alimentação
8501104,COSTELA ASSADA PARA VIAGEM,56001,Serviços  de alimentação
8501105,BIFE PREPARADO PARA VIAGEM,56001,Serviços  de alimentação
8501106,CARNE COZIDA PARA VIAGEM,56001,Serviços  de alimentação
8501107,CARNE DE SOL PREPARADA PARA VIAGEM,56001,Serviços  de alimentação
8501108,BIFE A MILANEZA PARA VIAGEM,56001,Serviços  de alimentação
8501109,CARNE ASSADA PARA VIAGEM,56001,Serviços  de alimentação
8501201,PIPOCA PARA VIAGEM,56001,Serviços  de alimentação
8501202,PIPOCA DOCE OU SALGADA PARA VIAGEM,56001,Serviços  de alimentação
8501203,PIPOCA SALGADA PARA VIAGEM,56001,Serviços  de alimentação
8501204,PIPOCA DE MILHO INDUSTRIALIZADA PARA VIAGEM,56001,Serviços  de alimentação
8501301,CAFE PREPARADO PURO OU COM LEITE PARA VIAGEM,56001,Serviços  de alimentação
8501302,CAFE PREPARADO PURO PARA VIAGEM,56001,Serviços  de alimentação
8501303,CAFE COM LEITE PREPARADO PARA VIAGEM,56001,Serviços  de alimentação
8501304,CAFE TIPO EXPRESSO PARA VIAGEM,56001,Serviços  de alimentação
8501305,CAFE TIPO CAPUCCINO PARA VIAGEM,56001,Serviços  de alimentação
8501401,MILHO VERDE COZIDO PARA VIAGEM,56001,Serviços  de alimentação
8501402,MILHO COZIDO OU ASSADO PARA VIAGEM,56001,Serviços  de alimentação
8501403,MILHO ASSADO PARA VIAGEM,56001,Serviços  de alimentação
8501501,BATATA FRITA PARA VIAGEM,56001,Serviços  de alimentação
8501502,BATATA PALITO PARA VIAGEM,56001,Serviços  de alimentação
8501503,BATATA PALHA PARA VIAGEM,56001,Serviços  de alimentação
8501601,BOLINHO DOCE DE AMENDOIM PARA VIAGEM,56001,Serviços  de alimentação
8501701,PERNIL SUINO ASSADO PARA VIAGEM,56001,Serviços  de alimentação
8501801,PEIXE FRITO PARA VIAGEM,56001,Serviços  de alimentação
8501802,PEIXE ASSADO PARA VIAGEM,56001,Serviços  de alimentação
8501803,PEIXE COZIDO PARA VIAGEM,56001,Serviços  de alimentação
8501901,MUNGUZA PARA VIAGEM,56001,Serviços  de alimentação
8501902,MUNGUNZA PARA VIAGEM,56001,Serviços  de alimentação
8501903,MUNGUNZA PRE-COZIDO PARA VIAGEM,56001,Serviços  de alimentação
8501904,CURAU PARA VIAGEM,56001,Serviços  de alimentação
8501905,MUNGUZA PRE-COZIDO PARA VIAGEM,56001,Serviços  de alimentação
8502001,BOLINHO NAO-ESPECIFICADO PARA VIAGEM,56001,Serviços  de alimentação
8502101,CAMARAO COZIDO PARA VIAGEM,56001,Serviços  de alimentação
8502201,FAROFA PARA VIAGEM,56001,Serviços  de alimentação
8502301,MINGAU PARA VIAGEM,56001,Serviços  de alimentação
8502401,TACACA PARA VIAGEM,56001,Serviços  de alimentação
8502501,BOLINHO DE COCO,56001,Serviços  de alimentação
8502602,PERU COZIDO PARA VIAGEM,56001,Serviços  de alimentação
8502603,PERU DEFUMADO PARA VIAGEM,56001,Serviços  de alimentação
8502701,RISOTO PARA VIAGEM,56001,Serviços  de alimentação
8502801,VATAPA PARA VIAGEM,56001,Serviços  de alimentação
8502901,FAROFA PRONTA EM PACOTE PARA VIAGEM,56001,Serviços  de alimentação
8503001,CARPACCIO PARA VIAGEM,56001,Serviços  de alimentação
8503002,CARPACCIO CONGELADO PARA VIAGEM,56001,Serviços  de alimentação
8503101,BATATA CONGELADA PARA VIAGEM,56001,Serviços  de alimentação
8503102,BATATA COZIDA PARA VIAGEM,56001,Serviços  de alimentação
8503103,BATATA A VACUO PARA VIAGEM,56001,Serviços  de alimentação
8503104,BATATA CONGELADA PARA FRITAR,56001,Serviços  de alimentação
8503201,CALDO PARA VIAGEM,56001,Serviços  de alimentação
8503202,CALDO DE CARNE PARA VIAGEM,56001,Serviços  de alimentação
8503203,CALDO DE FEIJAO PARA VIAGEM,56001,Serviços  de alimentação
8503206,CALDO DE FEIJOADA PARA VIAGEM,56001,Serviços  de alimentação
8503207,CALDO DE FRANGO PARA VIAGEM,56001,Serviços  de alimentação
8503301,BOLINHO DE POLVILHO PARA VIAGEM,56001,Serviços  de alimentação
8503501,BAIAO DE DOIS PARA VIAGEM,56001,Serviços  de alimentação
8503601,LANCHE PARA VIAGEM,56001,Serviços  de alimentação
8503702,CHESTER DEFUMADO PARA VIAGEM,56001,Serviços  de alimentação
8503801,CHURRASCO PARA VIAGEM,56001,Serviços  de alimentação
8503901,BOLINHO DOCE PARA VIAGEM,56001,Serviços  de alimentação
8504001,BOLINHO DE ARROZ PARA VIAGEM,56001,Serviços  de alimentação
8504101,BOLINHO DE COCO PARA VIAGEM,56001,Serviços  de alimentação
8504201,SUSHI PARA VIAGEM,56001,Serviços  de alimentação
8504202,SUSHI PRONTO PARA VIAGEM,56001,Serviços  de alimentação
8504301,BOLINHO DE TAPIOCA PARA VIAGEM,56001,Serviços  de alimentação
8504401,SALADA DE FRUTAS PARA VIAGEM,56001,Serviços  de alimentação
8504501,SOPA PARA VIAGEM,56001,Serviços  de alimentação
8504601,SALGADINHO SEMIPRONTO PARA VIAGEM,56001,Serviços  de alimentação
8504701,SALSICHAO PARA VIAGEM,56001,Serviços  de alimentação
8504702,SALSICHAO ASSADO PARA VIAGEM,56001,Serviços  de alimentação
8504801,SALPICAO PARA VIAGEM,56001,Serviços  de alimentação
8504901,ROSCA NAO-ESPECIFICADA PARA VIAGEM,56001,Serviços  de alimentação
8505001,ARROZ PRONTO PARA VIAGEM,56001,Serviços  de alimentação
8505002,ARROZ COZIDO PARA VIAGEM,56001,Serviços  de alimentação
8505003,ARROZ COLORIDO PARA VIAGEM,56001,Serviços  de alimentação
8505101,CANJICA PARA VIAGEM,56001,Serviços  de alimentação
8505201,CHARUTO DE REPOLHO PARA VIAGEM,56001,Serviços  de alimentação
8505301,SALGADINHO DE PELE (PACOTE) PARA VIAGEM,56001,Serviços  de alimentação
8505401,ARROZ A GREGA PARA VIAGEM,56001,Serviços  de alimentação
8505501,ARRUMADINHO PARA VIAGEM,56001,Serviços  de alimentação
8505701,"CARURU PARA VIAGEM (QUIABO, AMENDOIM, CASTANHA DE CAJU, CAMARAO SECO, ETC.)",56001,Serviços  de alimentação
8505901,EMPADAO PARA VIAGEM,56001,Serviços  de alimentação
8506001,FAROFA DE BANANA PARA VIAGEM,56001,Serviços  de alimentação
8506101,FEIJAO TROPEIRO PARA VIAGEM,56001,Serviços  de alimentação
8506201,GALINHA COM ARROZ PARA VIAGEM,56001,Serviços  de alimentação
8506301,GALINHADA PARA VIAGEM,56001,Serviços  de alimentação
8506401,MOQUECA BAIANA PARA VIAGEM,56001,Serviços  de alimentação
8506601,PIRAO PARA VIAGEM,56001,Serviços  de alimentação
8506701,QUIBEBE PARA VIAGEM,56001,Serviços  de alimentação
8506801,QUICHE PARA VIAGEM,56001,Serviços  de alimentação
8506901,SUFLE PARA VIAGEM,56001,Serviços  de alimentação
8507201,MANICOBA PARA VIAGEM,56001,Serviços  de alimentação
8507601,CHOCOLATE PARA VIAGEM,56001,Serviços  de alimentação
8507801,ACAI COM GRANOLA VIAGEM,56001,Serviços  de alimentação
8507901,SUCO ORGANICO PARA VIAGEM,56001,Serviços  de alimentação
8507902,SUCO DE ABACAXI ORGANICO PARA VIAGEM,56001,Serviços  de alimentação
8507903,SUCO DE ACEROLA ORGANICO PARA VIAGEM,56001,Serviços  de alimentação
8507904,SUCO DE BETERRABA ORGANICO PARA VIAGEM,56001,Serviços  de alimentação
8507905,SUCO DE CUPUACU ORGANICO PARA VIAGEM,56001,Serviços  de alimentação
8507906,SUCO DE GOIABA ORGANICO PARA VIAGEM,56001,Serviços  de alimentação
8507907,SUCO DE LARANJA ORGANICO PARA VIAGEM,56001,Serviços  de alimentação
8507908,SUCO DE LARANJA COM BANANA ORGANICO PARA VIAGEM,56001,Serviços  de alimentação
8507911,SUCO DE LARANJA CENOURA E BETERRABA ORGANICO PARA VIAGEM,56001,Serviços  de alimentação
8507913,SUCO DE MANGA ORGANICO PARA VIAGEM,56001,Serviços  de alimentação
8507914,SUCO DE MARACUJA ORGANICO PARA VIAGEM,56001,Serviços  de alimentação
8507917,SUCO DE PESSEGO ORGANICO PARA VIAGEM,56001,Serviços  de alimentação
8508002,"PIZZA, NHOQUE, CANELONI, CAPELETI, FETUTINE, RAVIOLE LIGHT PARA VIAGEM",56001,Serviços  de alimentação
8508003,PIZZA PRONTA LIGHT PARA VIAGEM,56001,Serviços  de alimentação
8508004,LAZANHA PRONTA LIGHT PARA VIAGEM,56001,Serviços  de alimentação
8508014,PIZZA CALABREZA LIGHT PARA VIAGEM,56001,Serviços  de alimentação
8508015,PIZZA MUZZARELA LIGHT PARA VIAGEM,56001,Serviços  de alimentação
8508016,PIZZA PRESUNTO LIGHT PARA VIAGEM,56001,Serviços  de alimentação
8508101,FAROFA PRONTA LIGHT EM PACOTE PARA VIAGEM,56001,Serviços  de alimentação
8508401,SALADA OU VERDURA CRUA (EXCETO DE FRUTA) PARA VIAGEM,56001,Serviços  de alimentação
8508402,SALADA DE FOLHAS (VERDURAS) PARA VIAGEM,56001,Serviços  de alimentação
8508403,SALADA DE LEGUMES PARA VIAGEM,56001,Serviços  de alimentação
8508501,ESPETINHO DE QUEIJO PARA VIAGEM,56001,Serviços  de alimentação
8508601,FEIJAO PREPARADO PARA VIAGEM,56001,Serviços  de alimentação
8508701,FEIJOADA PARA VIAGEM,56001,Serviços  de alimentação
8508801,LINGUICA ASSADA PARA VIAGEM,56001,Serviços  de alimentação
8509101,CANJA DE GALINHA PARA VIAGEM,56001,Serviços  de alimentação
8509201,YAKISSOBA PARA VIAGEM,56001,Serviços  de alimentação
8509301,RIZOTO PARA VIAGEM,56001,Serviços  de alimentação
8509401,FAMILIA FELIZ PARA VIAGEM (COMIDA JAPONESA),56001,Serviços  de alimentação
8509501,DOBRADINHA PARA VIAGEM,56001,Serviços  de alimentação
8509601,BATATA PALHA LIGTH PARA VIAGEM,56001,Serviços  de alimentação
8509701,CHA PREPARADO PARA VIAGEM,56001,Serviços  de alimentação
8509801,CAFE DA MANHA (VARIOS ALIMENTOS),56001,Serviços  de alimentação
8600101,AGUA SANITARIA,20931,"Perfumaria, sabões e artigos de limpeza"
8600102,CANDIDA,20931,"Perfumaria, sabões e artigos de limpeza"
8600103,Q-BOA,20931,"Perfumaria, sabões e artigos de limpeza"
8600201,ESPONJA DE LIMPEZA,25001,"Produtos de metal, excl. máquinas e equipamentos"
8600202,BOMBRIL,25001,"Produtos de metal, excl. máquinas e equipamentos"
8600203,LIXA DE LIMPEZA DE FOGAO,25001,"Produtos de metal, excl. máquinas e equipamentos"
8600204,ESPONJA DE ACO,25001,"Produtos de metal, excl. máquinas e equipamentos"
8600205,ESPONJA DE NYLON,25001,"Produtos de metal, excl. máquinas e equipamentos"
8600206,LA DE ACO,25001,"Produtos de metal, excl. máquinas e equipamentos"
8600207,BUCHA PARA LIMPEZA,31802,Produtos de industrias diversas
8600208,BUCHA DE LIMPEZA,31802,Produtos de industrias diversas
8600301,ESCOVA DE LIMPEZA,31802,Produtos de industrias diversas
8600303,LIXA DE FOGAO,31802,Produtos de industrias diversas
8600305,CONJUNTO DE ESCOVAS DE MAMADEIRA,31802,Produtos de industrias diversas
8600401,VASSOURA DE QUALQUER TIPO,31802,Produtos de industrias diversas
8600403,VASSOURA DE VASO SANITARIO,31802,Produtos de industrias diversas
8600404,ESCOVAO,31802,Produtos de industrias diversas
8600405,VASSOURINHA,31802,Produtos de industrias diversas
8600406,ESFREGAO,31802,Produtos de industrias diversas
8600407,CABO DE VASSOURA,31802,Produtos de industrias diversas
8600408,ESCOVA SANITARIA,31802,Produtos de industrias diversas
8600501,RODO,31802,Produtos de industrias diversas
8600503,REFIL PARA RODO,22001,Artigos de borracha
8600601,ESPANADOR,31802,Produtos de industrias diversas
8600701,FLANELA,13003,Art. têxteis de uso doméstico e outros têxteis
8600702,PANO DE PO,13003,Art. têxteis de uso doméstico e outros têxteis
8600703,PERFEX,13003,Art. têxteis de uso doméstico e outros têxteis
8600704,PANO DE LIMPEZA DESCARTAVEL,13003,Art. têxteis de uso doméstico e outros têxteis
8600705,PANO DE PIA,13003,Art. têxteis de uso doméstico e outros têxteis
8600801,PANO DE CHAO,13003,Art. têxteis de uso doméstico e outros têxteis
8600802,SACO DE LIMPEZA DE CHAO,13003,Art. têxteis de uso doméstico e outros têxteis
8600803,PANO DE SACO PARA LIMPEZA,22002,Artigos de plástico
8600901,LATA DE LIXO,22002,Artigos de plástico
8600903,LIXEIRA,22002,Artigos de plástico
8600904,CESTO DE LIXO,22002,Artigos de plástico
8600905,RECIPIENTE DE LIXO,22002,Artigos de plástico
8601001,PA DE LIXO,22002,Artigos de plástico
8601101,SACO DE LIXO DE QUALQUER MATERIAL,22002,Artigos de plástico
8601102,SACOLA DE LIXO,22002,Artigos de plástico
8601201,SACOLA DE COMPRA,17002,"Papel, papelão, embalagens e artefatos de papel"
8601202,BOLSA DE COMPRA,17002,"Papel, papelão, embalagens e artefatos de papel"
8601203,SACO DE COMPRA,17002,"Papel, papelão, embalagens e artefatos de papel"
8601301,EMBALAGEM PLASTIFICADA,22002,Artigos de plástico
8601302,ROLOPAC,22002,Artigos de plástico
8601303,MAGIPAC,22002,Artigos de plástico
8601304,SACO PLASTICO PARA EMBALAGEM,22002,Artigos de plástico
8601305,FILME PLASTICO,22002,Artigos de plástico
8601306,FILME PVC,22002,Artigos de plástico
8601401,DESINFETANTE,20931,"Perfumaria, sabões e artigos de limpeza"
8601402,CREOLINA,20931,"Perfumaria, sabões e artigos de limpeza"
8601403,PINHO SOL (DESINFETANTE),20931,"Perfumaria, sabões e artigos de limpeza"
8601501,SOLVENTE,20923,"Tintas, vernizes, esmaltes e lacas"
8601505,REMOVEDOR,20931,"Perfumaria, sabões e artigos de limpeza"
8601506,GLICERINA,20931,"Perfumaria, sabões e artigos de limpeza"
8601601,SODA CAUSTICA,20931,"Perfumaria, sabões e artigos de limpeza"
8601602,DIABO VERDE,20931,"Perfumaria, sabões e artigos de limpeza"
8601603,ACIDO MURIATICO,20911,Produtos químicos inorgânicos
8601701,ALCOOL PARA LIMPEZA,19921,Etanol e outros biocombustíveis
8601702,ALCOOL DE LIMPEZA,19921,Etanol e outros biocombustíveis
8601703,ALCOOL EM GEL,19921,Etanol e outros biocombustíveis
8601704,ALCOOL GEL,19921,Etanol e outros biocombustíveis
8601705,ALCOOL DE CEREAIS,19921,Etanol e outros biocombustíveis
8601706,ALCOOL HIDRATADO,19921,Etanol e outros biocombustíveis
8601801,DETERGENTE,20931,"Perfumaria, sabões e artigos de limpeza"
8601802,LAVA LOUCA,27002,Eletrodomésticos
8601803,REMOVEDOR DE LIMO,20931,"Perfumaria, sabões e artigos de limpeza"
8601804,DESENGORDURANTE,20931,"Perfumaria, sabões e artigos de limpeza"
8601805,REMOVEDOR DE GORDURA,20931,"Perfumaria, sabões e artigos de limpeza"
8601806,DETERGENTE EM PO,20931,"Perfumaria, sabões e artigos de limpeza"
8601807,DETERGENTE LIQUIDO,20931,"Perfumaria, sabões e artigos de limpeza"
8601901,SABAO LIQUIDO,20931,"Perfumaria, sabões e artigos de limpeza"
8602001,SABAO PASTOSO,20931,"Perfumaria, sabões e artigos de limpeza"
8602101,SABAO DE COCO,20931,"Perfumaria, sabões e artigos de limpeza"
8602102,SABAO EM PEDRA,20931,"Perfumaria, sabões e artigos de limpeza"
8602103,SABAO EM BARRA,20931,"Perfumaria, sabões e artigos de limpeza"
8602104,SABAO DE BOLA,20931,"Perfumaria, sabões e artigos de limpeza"
8602105,SABAO EM BOLA,20931,"Perfumaria, sabões e artigos de limpeza"
8602106,SABAO RALADO,20931,"Perfumaria, sabões e artigos de limpeza"
8602107,SABAO EM PASTA,20931,"Perfumaria, sabões e artigos de limpeza"
8602201,SABAO EM PO,20931,"Perfumaria, sabões e artigos de limpeza"
8602301,SAPONACEO,20931,"Perfumaria, sabões e artigos de limpeza"
8602302,SAPOLEO,20931,"Perfumaria, sabões e artigos de limpeza"
8602303,PASTA DE POLIR PANELA,20931,"Perfumaria, sabões e artigos de limpeza"
8602304,SAPOLIO,20931,"Perfumaria, sabões e artigos de limpeza"
8602305,PASTA JOIA,20931,"Perfumaria, sabões e artigos de limpeza"
8602401,ALVEJANTE,20931,"Perfumaria, sabões e artigos de limpeza"
8602403,CONFORT,20931,"Perfumaria, sabões e artigos de limpeza"
8602404,ANIL,20931,"Perfumaria, sabões e artigos de limpeza"
8602405,AMACIANTE DE ROUPA,20931,"Perfumaria, sabões e artigos de limpeza"
8602407,PASSE BEM,20931,"Perfumaria, sabões e artigos de limpeza"
8602408,PRE-LAVAGEM DE QUALQUER MARCA,20931,"Perfumaria, sabões e artigos de limpeza"
8602409,TIRA-MANCHA,20931,"Perfumaria, sabões e artigos de limpeza"
8602410,REMOVEDOR DE MANCHA DE ROUPA,20931,"Perfumaria, sabões e artigos de limpeza"
8602411,AMACIANTE,20931,"Perfumaria, sabões e artigos de limpeza"
8602412,AMACIANTE PARA ROUPA,20931,"Perfumaria, sabões e artigos de limpeza"
8602413,QBOA (ALVEJANTE),20931,"Perfumaria, sabões e artigos de limpeza"
8602414,VANISH,20931,"Perfumaria, sabões e artigos de limpeza"
8602415,LAVA ROUPAS,20931,"Perfumaria, sabões e artigos de limpeza"
8602501,DESODORANTE AMBIENTAL,20931,"Perfumaria, sabões e artigos de limpeza"
8602502,SACHET,20931,"Perfumaria, sabões e artigos de limpeza"
8602503,BOM AR,20931,"Perfumaria, sabões e artigos de limpeza"
8602504,DESODORANTE DE SANITARIO,20931,"Perfumaria, sabões e artigos de limpeza"
8602505,PURIFICADOR DE AR,20931,"Perfumaria, sabões e artigos de limpeza"
8602506,PASTILHA SANITARIA,20931,"Perfumaria, sabões e artigos de limpeza"
8602509,INCENSO,20931,"Perfumaria, sabões e artigos de limpeza"
8602510,HIGIENIZADOR SANITARIO,20931,"Perfumaria, sabões e artigos de limpeza"
8602511,REFIL DE DESINFETANTE SANITARIO,20931,"Perfumaria, sabões e artigos de limpeza"
8602512,AROMATIZANTE,20931,"Perfumaria, sabões e artigos de limpeza"
8602513,ESSENCIA DE EUCALIPTO,20931,"Perfumaria, sabões e artigos de limpeza"
8602514,DESODORIZADOR SANITARIO,20931,"Perfumaria, sabões e artigos de limpeza"
8602515,PEDRA SANITARIA,20931,"Perfumaria, sabões e artigos de limpeza"
8602601,INSETICIDA,20921,Defensivos agrícolas e desinfestantes domissanitários
8602602,AEROSOL SBP,20921,Defensivos agrícolas e desinfestantes domissanitários
8602603,REPELENTE,20921,Defensivos agrícolas e desinfestantes domissanitários
8602604,ESPIRAL DURMA BEM OU OUTRA MARCA,20921,Defensivos agrícolas e desinfestantes domissanitários
8602605,NAFTALINA,20921,Defensivos agrícolas e desinfestantes domissanitários
8602606,REFIL INSETICIDA,20921,Defensivos agrícolas e desinfestantes domissanitários
8602607,ISCA PARA INSETO,20921,Defensivos agrícolas e desinfestantes domissanitários
8602609,SENTINELA ESPIRAL,20921,Defensivos agrícolas e desinfestantes domissanitários
8602701,RATICIDA,20921,Defensivos agrícolas e desinfestantes domissanitários
8602702,VENENO PARA RATO,20921,Defensivos agrícolas e desinfestantes domissanitários
8602703,CHUMBINHO MATA-RATOS,20921,Defensivos agrícolas e desinfestantes domissanitários
8602801,BOMBA DE INSETICIDA,31802,Produtos de industrias diversas
8602901,RATOEIRA,31802,Produtos de industrias diversas
8603001,PALHA DE ACO,25001,"Produtos de metal, excl. máquinas e equipamentos"
8603101,CERA DE ASSOALHO,20931,"Perfumaria, sabões e artigos de limpeza"
8603102,CERA LIQUIDA DE ASSOALHO,20931,"Perfumaria, sabões e artigos de limpeza"
8603201,OLEO DE MOVEL,20931,"Perfumaria, sabões e artigos de limpeza"
8603202,OLEO DE PEROBA,20931,"Perfumaria, sabões e artigos de limpeza"
8603203,LUSTRA MOVEL,20931,"Perfumaria, sabões e artigos de limpeza"
8603301,POLIDOR DE METAL,20931,"Perfumaria, sabões e artigos de limpeza"
8603303,PASTA DE BRILHO,20931,"Perfumaria, sabões e artigos de limpeza"
8603304,LAVINOX,20931,"Perfumaria, sabões e artigos de limpeza"
8603307,LIMPA ALUMINIO,20931,"Perfumaria, sabões e artigos de limpeza"
8603308,BRILHA ALUMINIO,20931,"Perfumaria, sabões e artigos de limpeza"
8603401,GRAXA DE SAPATO,20931,"Perfumaria, sabões e artigos de limpeza"
8603402,CERA DE SAPATO,20931,"Perfumaria, sabões e artigos de limpeza"
8603403,POMADA DE CALCADO,20931,"Perfumaria, sabões e artigos de limpeza"
8603501,ESCOVA DE ROUPA,31802,Produtos de industrias diversas
8603503,ESCOVA DE LAVAR ROUPA,31802,Produtos de industrias diversas
8603504,ESCOVA DE ENGRAXAR SAPATO,31802,Produtos de industrias diversas
8603601,OLEO DE MAQUINA,19916,Outros produtos do refino do petróleo
8603701,PREGADOR DE ROUPA,22002,Artigos de plástico
8603702,PRENDEDOR DE ROUPA,22002,Artigos de plástico
8603801,CORDA DE VARAL,13003,Art. têxteis de uso doméstico e outros têxteis
8603802,CORDA DE ROUPA,13003,Art. têxteis de uso doméstico e outros têxteis
8603901,PAPEL TOALHA,17002,"Papel, papelão, embalagens e artefatos de papel"
8604001,DESENTUPIDOR DE RALO,22001,Artigos de borracha
8604002,DESENTUPIDOR DE PIA,22001,Artigos de borracha
8604101,PALITO,16001,"Produtos de madeira, exclusive móveis"
8604102,PALITOS DE DENTE,16001,"Produtos de madeira, exclusive móveis"
8604103,PALITO DE DENTE,16001,"Produtos de madeira, exclusive móveis"
8604202,SULFATO DE SODIO PARA LIMPEZA DOMESTICA,20931,"Perfumaria, sabões e artigos de limpeza"
8604301,GUARDANAPO DE PAPEL,17002,"Papel, papelão, embalagens e artefatos de papel"
8604401,PRATO OU BANDEJA DE PAPEL ALUMINIZADO OU PLASTICO,17002,"Papel, papelão, embalagens e artefatos de papel"
8604402,EMBALAGEM ALUMINIZADA DE CONGELAMENTO DE ALIMENTOS,25001,"Produtos de metal, excl. máquinas e equipamentos"
8604403,PRATO DESCARTAVEL,17002,"Papel, papelão, embalagens e artefatos de papel"
8604501,SABAO NAO-ESPECIFICADO,20931,"Perfumaria, sabões e artigos de limpeza"
8604601,COADOR DE CAFE DE PAPEL,17002,"Papel, papelão, embalagens e artefatos de papel"
8604602,FILTRO DE CAFE DE PAPEL,17002,"Papel, papelão, embalagens e artefatos de papel"
8604603,FILTRO DE PAPEL,17002,"Papel, papelão, embalagens e artefatos de papel"
8604701,TOALHA DE PAPEL,17002,"Papel, papelão, embalagens e artefatos de papel"
8604801,CANUDINHO DE PAPEL OU PLASTICO,31802,Produtos de industrias diversas
8604901,"FORMA, COPO, ETC. DE PAPEL OU PAPELAO",17002,"Papel, papelão, embalagens e artefatos de papel"
8604902,FORMINHA DE PAPEL,17002,"Papel, papelão, embalagens e artefatos de papel"
8604903,PAPEL DE BALA,17002,"Papel, papelão, embalagens e artefatos de papel"
8604904,COPO DE PAPEL OU PLASTICO,22002,Artigos de plástico
8604905,COPO DESCARTAVEL,22002,Artigos de plástico
8605001,PAPEL ALUMINIO OU ALUMINIZADO,25001,"Produtos de metal, excl. máquinas e equipamentos"
8605003,LIMPA-FOGAO,25001,"Produtos de metal, excl. máquinas e equipamentos"
8605004,PAPEL ALUMINIO PARA FOGAO,25001,"Produtos de metal, excl. máquinas e equipamentos"
8605005,FORRA-FOGAO,25001,"Produtos de metal, excl. máquinas e equipamentos"
8605101,PAPEL ABSORVENTE DE COPA E COZINHA,17002,"Papel, papelão, embalagens e artefatos de papel"
8605201,PAPEL CELOFANE,22002,Artigos de plástico
8605301,FOSFOROS,31802,Produtos de industrias diversas
8605302,CAIXA DE FOSFOROS,31802,Produtos de industrias diversas
8605303,FOSFORO,31802,Produtos de industrias diversas
8605401,VELA DE ILUMINACAO,27001,"Máquinas, aparelhos e materiais elétricos"
8605501,LAMPADA DE QUALQUER TIPO,27001,"Máquinas, aparelhos e materiais elétricos"
8605502,LAMPADA,27001,"Máquinas, aparelhos e materiais elétricos"
8605503,LAMPADA FLUORESCENTE,27001,"Máquinas, aparelhos e materiais elétricos"
8605504,LAMPADA FRIA,27001,"Máquinas, aparelhos e materiais elétricos"
8605505,LAMPADA BRANCA,27001,"Máquinas, aparelhos e materiais elétricos"
8605506,LAMPADA ELETRONICA,27001,"Máquinas, aparelhos e materiais elétricos"
8605507,LAMPADA TIPO ECONOMICA,27001,"Máquinas, aparelhos e materiais elétricos"
8605601,QUEROSENE PARA LIMPEZA,19916,Outros produtos do refino do petróleo
8605701,CARVAO VEGETAL PARA USO DOMESTICO,02801,Produtos da exploração florestal e da silvicultura
8605702,CARVAO PARA USO DOMESTICO,02801,Produtos da exploração florestal e da silvicultura
8605703,CARVAO VEGETAL PARA CHURRASCO,02801,Produtos da exploração florestal e da silvicultura
8605704,CARVAO PARA CHURRASCO,02801,Produtos da exploração florestal e da silvicultura
8605801,GASOLINA PARA LIMPEZA,19912,Gasoálcool
8605901,PILHA,27001,"Máquinas, aparelhos e materiais elétricos"
8606001,CERA DE MOVEIS,20931,"Perfumaria, sabões e artigos de limpeza"
8606103,LIMPA-TAPETE,20931,"Perfumaria, sabões e artigos de limpeza"
8606104,LIMPA-CARPETE,20931,"Perfumaria, sabões e artigos de limpeza"
8606201,TALHER DE PLASTICO,22002,Artigos de plástico
8606202,GARFO DE PLASTICO,22002,Artigos de plástico
8606203,FACA DE PLASTICO,22002,Artigos de plástico
8606204,COLHER DE PLASTICO,22002,Artigos de plástico
8606301,AMONIACO,20931,"Perfumaria, sabões e artigos de limpeza"
8606302,VEJA,20931,"Perfumaria, sabões e artigos de limpeza"
8606303,AJAX,20931,"Perfumaria, sabões e artigos de limpeza"
8606306,MULTILIMPADOR INSTANTANEO,20931,"Perfumaria, sabões e artigos de limpeza"
8606307,CONCENTRADO DE LIMPEZA,20931,"Perfumaria, sabões e artigos de limpeza"
8606308,LIMPADOR INSTANTANEO,20931,"Perfumaria, sabões e artigos de limpeza"
8606309,PULVERIZADOR DE MULTIPLA ACAO,20931,"Perfumaria, sabões e artigos de limpeza"
8606310,LIMPADOR DE MULTIPLA ACAO,20931,"Perfumaria, sabões e artigos de limpeza"
8606311,MULTIUSO,20931,"Perfumaria, sabões e artigos de limpeza"
8606312,LIMPADOR MULTIUSO,20931,"Perfumaria, sabões e artigos de limpeza"
8606401,ANTIMOFO,20931,"Perfumaria, sabões e artigos de limpeza"
8606402,DESUMIDIFICADOR,20931,"Perfumaria, sabões e artigos de limpeza"
8606501,LIMPA-VIDROS,20931,"Perfumaria, sabões e artigos de limpeza"
8606601,LIMPA-FORNO,20931,"Perfumaria, sabões e artigos de limpeza"
8606701,VELA DE ANIVERSARIO,31802,Produtos de industrias diversas
8606801,VAPORIZADOR ELETRICO CONTRA INSETO,20921,Defensivos agrícolas e desinfestantes domissanitários
8606802,REPELENTE ELETRICO DE INSETO,20921,Defensivos agrícolas e desinfestantes domissanitários
8606803,PROTECTOR,27002,Eletrodomésticos
8606901,ESTOPA DE LIMPEZA DA CASA,13001,Fios e fibras têxteis beneficiadas
8607001,ALGODAO DE LIMPEZA,13001,Fios e fibras têxteis beneficiadas
8607101,ANTIFERRUGEM,20931,"Perfumaria, sabões e artigos de limpeza"
8607102,TIRA-FERRUGEM,20931,"Perfumaria, sabões e artigos de limpeza"
8607201,SAQUINHO DE LANCHE DE PLASTICO OU PAPEL,22002,Artigos de plástico
8607202,SACO DE LANCHE DE PLASTICO OU PAPEL,22002,Artigos de plástico
8607303,CORANTE DE CERA PARA ASSOALHO,20931,"Perfumaria, sabões e artigos de limpeza"
8607401,ESFREGADEIRA DE LAVAR ROUPA,22002,Artigos de plástico
8607501,CLORO LIQUIDO DE LIMPEZA DOMESTICA,20931,"Perfumaria, sabões e artigos de limpeza"
8607602,PALITO PARA SORVETE,16001,"Produtos de madeira, exclusive móveis"
8607603,PALITO PARA CHURRASCO,16001,"Produtos de madeira, exclusive móveis"
8607604,ESPETINHO PARA CHURRASCO,16001,"Produtos de madeira, exclusive móveis"
8607605,ESPETO PARA CHURRASCO (MADEIRA),16001,"Produtos de madeira, exclusive móveis"
8607701,SECADOR DE MAQUINA DE LAVAR LOUCA,27002,Eletrodomésticos
8607702,SABAO EM PO DE MAQUINA DE LAVAR LOUCA,20931,"Perfumaria, sabões e artigos de limpeza"
8607901,FILTRO DE PAPEL DE EXAUSTOR,17002,"Papel, papelão, embalagens e artefatos de papel"
8608001,PAPEL MANTEIGA,17002,"Papel, papelão, embalagens e artefatos de papel"
8608201,BALDE,22002,Artigos de plástico
8608301,CARVAO MINERAL,05801,Carvão mineral
8608401,ISQUEIRO PARA FOGAO,25001,"Produtos de metal, excl. máquinas e equipamentos"
8608402,ISQUEIRO DESCARTAVEL PARA FOGAO,25001,"Produtos de metal, excl. máquinas e equipamentos"
8608403,ISQUEIRO PARA ACENDER FOGAO,25001,"Produtos de metal, excl. máquinas e equipamentos"
8608502,GEL FOGOTINI PARA ACENDER CHURRASQUEIRA,19921,Etanol e outros biocombustíveis
8608601,OLEO DE EUCALIPTO,10932,Óleos e gorduras vegetais e animais
8608701,BOBINA DE PLASTICO PARA FREEZER,22002,Artigos de plástico
8608801,FILTRO PARA ASPIRADOR,17002,"Papel, papelão, embalagens e artefatos de papel"
8608901,LUVA DE LIMPEZA DE BORRACHA,22001,Artigos de borracha
8608902,LUVA DE LIMPEZA,22001,Artigos de borracha
8608903,LUVA DE LIMPEZA DE PLASTICO,22002,Artigos de plástico
8608904,AVENTAL DE PLASTICO,22002,Artigos de plástico
8609001,LENHA PARA COMBUSTIVEL DOMESTICO,02801,Produtos da exploração florestal e da silvicultura
8609002,ACHA DE LENHA PARA COMBUSTIVEL DOMESTICO,02801,Produtos da exploração florestal e da silvicultura
8609003,GALHO DE LENHA PARA COMBUSTIVEL DOMESTICO,02801,Produtos da exploração florestal e da silvicultura
8609101,COADOR DE CAFE DE PANO,13003,Art. têxteis de uso doméstico e outros têxteis
8609201,FUNGICIDA,20921,Defensivos agrícolas e desinfestantes domissanitários
8609301,LIMPA CERAMICA,20931,"Perfumaria, sabões e artigos de limpeza"
8609302,LIMPADOR DE CERAMICA,20931,"Perfumaria, sabões e artigos de limpeza"
8609303,LIMPA ARDOSIA,20931,"Perfumaria, sabões e artigos de limpeza"
8609304,LIMPA PISO,20931,"Perfumaria, sabões e artigos de limpeza"
8609305,LIMPADOR DE PISO,20931,"Perfumaria, sabões e artigos de limpeza"
8609501,PEDRA PARA POLIR FOGAO,05802,Minerais não-metálicos
8700101,ALIMENTO DE CAO,10936,Rações balanceadas para animais
8700102,RACAO DE CAO,10936,Rações balanceadas para animais
8700103,ALIMENTO PARA CAO,10936,Rações balanceadas para animais
8700104,RACAO PARA CAO,10936,Rações balanceadas para animais
8700105,BISCOITO CANINO,10936,Rações balanceadas para animais
8700106,OSSO PARA CAO,10911,Carne de bovinos e outros prod. de carne
8700107,BISCOITO PARA CAO,10936,Rações balanceadas para animais
8700201,ALIMENTO DE GATO,10936,Rações balanceadas para animais
8700202,RACAO DE GATO,10936,Rações balanceadas para animais
8700203,ALIMENTO PARA GATO,10936,Rações balanceadas para animais
8700204,RACAO PARA GATO,10936,Rações balanceadas para animais
8700301,ALIMENTO DE PEIXE,10936,Rações balanceadas para animais
8700302,RACAO DE PEIXE,10936,Rações balanceadas para animais
8700303,ALIMENTO PARA PEIXE,10936,Rações balanceadas para animais
8700304,RACAO PARA PEIXE,10936,Rações balanceadas para animais
8700401,ALIMENTO DE BOVINO,10936,Rações balanceadas para animais
8700402,RACAO DE BOVINO,10936,Rações balanceadas para animais
8700403,ALIMENTO PARA BOVINO,10936,Rações balanceadas para animais
8700404,RACAO PARA BOVINO,10936,Rações balanceadas para animais
8700405,FARELO DE TRIGO PARA BOVINO,10936,Rações balanceadas para animais
8700502,RACAO DE EQUINO,10936,Rações balanceadas para animais
8700504,RACAO PARA EQUINO,10936,Rações balanceadas para animais
8700604,RACAO PARA CAPRINO,10936,Rações balanceadas para animais
8700701,ALIMENTO DE GALINHA,10936,Rações balanceadas para animais
8700702,ALIMENTO PARA GALINHA,10936,Rações balanceadas para animais
8700703,RACAO DE GALINHA,10936,Rações balanceadas para animais
8700704,RACAO PARA GALINHA,10936,Rações balanceadas para animais
8700705,MILHO PARA GALINHA,01912,Milho em grão
8700706,ALIMENTO DE FRANGO,10936,Rações balanceadas para animais
8700708,RACAO DE FRANGO,10936,Rações balanceadas para animais
8700709,RACAO PARA FRANGO,10936,Rações balanceadas para animais
8700710,MILHO PARA FRANGO,10936,Rações balanceadas para animais
8700711,RACAO DE PINTO,10936,Rações balanceadas para animais
8700804,RACAO PARA OVINO,10936,Rações balanceadas para animais
8700901,ALIMENTO DE PASSARINHO,10936,Rações balanceadas para animais
8700902,RACAO DE PASSARINHO,10936,Rações balanceadas para animais
8700903,ALIMENTO PARA PASSARINHO,10936,Rações balanceadas para animais
8700904,RACAO PARA PASSARINHO,10936,Rações balanceadas para animais
8700905,SEMENTE DE GIRASSOL,01916,Outros produtos e serviços da lavoura temporária
8700906,ALPISTE,01911,"Arroz, trigo e outros cereais"
8700907,GIRASSOL (SEMENTE),01916,Outros produtos e serviços da lavoura temporária
8700908,PAINCO,01911,"Arroz, trigo e outros cereais"
8701002,RACAO DE COELHO,10936,Rações balanceadas para animais
8701004,RACAO PARA COELHO,10936,Rações balanceadas para animais
8701201,ALIMENTO DE OUTRO ANIMAL,10936,Rações balanceadas para animais
8701202,RACAO DE OUTRO ANIMAL,10936,Rações balanceadas para animais
8701203,ALIMENTO PARA OUTRO ANIMAL,10936,Rações balanceadas para animais
8701204,RACAO PARA OUTRO ANIMAL,10936,Rações balanceadas para animais
8701301,ALIMENTO PARA ANIMAL NAO-ESPECIFICADO,10936,Rações balanceadas para animais
8701302,FARELO DE SOJA PARA ANIMAL NAO-ESPECIFICADO,10936,Rações balanceadas para animais
8701303,FARELO DE ARROZ PARA ANIMAL NAO-ESPECIFICADO,10936,Rações balanceadas para animais
8701304,FARELO DE MILHO PARA OUTRO ANIMAL NAO-ESPECIFICADO,10936,Rações balanceadas para animais
8701309,RACAO NAO-ESPECIFICADA PARA ANIMAL NAO-ESPECIFICADO,10936,Rações balanceadas para animais
8701310,FARELO DE TRIGO PARA ANIMAL NAO ESPECIFICADO,10936,Rações balanceadas para animais
8701311,ARROZ PARA ANIMAL NAO ESPECIFICADO,01911,"Arroz, trigo e outros cereais"
8701401,PRODUTO DE LIMPEZA E HIGIENE DE ANIMAL,20931,"Perfumaria, sabões e artigos de limpeza"
8701403,SHAMPU PARA CAO,20931,"Perfumaria, sabões e artigos de limpeza"
8701501,RACAO PARA SUINO,10936,Rações balanceadas para animais
8701502,RACAO DE PORCO,10936,Rações balanceadas para animais
8800101,FLOR NATURAL,01916,Outros produtos e serviços da lavoura temporária
8800102,ROSA,01916,Outros produtos e serviços da lavoura temporária
8800103,CRAVO,01916,Outros produtos e serviços da lavoura temporária
8800104,MARGARIDA,01916,Outros produtos e serviços da lavoura temporária
8800106,ORQUIDEA,01916,Outros produtos e serviços da lavoura temporária
8800108,FLOR DO CAMPO,01916,Outros produtos e serviços da lavoura temporária
8800109,PALMA,01916,Outros produtos e serviços da lavoura temporária
8800110,COPO DE LEITE,01916,Outros produtos e serviços da lavoura temporária
8800111,CRISANTEMO,01916,Outros produtos e serviços da lavoura temporária
8800112,ARRANJO DE FLORES NATURAIS,01916,Outros produtos e serviços da lavoura temporária
8800113,KALANCHOE,01916,Outros produtos e serviços da lavoura temporária
8800114,CALENDULA,01916,Outros produtos e serviços da lavoura temporária
8800115,VIOLETA,01916,Outros produtos e serviços da lavoura temporária
8800116,MALVA,01916,Outros produtos e serviços da lavoura temporária
8900101,CREME DENTAL E FIO DENTAL,20931,"Perfumaria, sabões e artigos de limpeza"
8900102,FIO DENTAL,20931,"Perfumaria, sabões e artigos de limpeza"
8900103,PASTA DE DENTE,20931,"Perfumaria, sabões e artigos de limpeza"
8900104,GEL DENTAL,20931,"Perfumaria, sabões e artigos de limpeza"
8900105,CREME DENTAL,20931,"Perfumaria, sabões e artigos de limpeza"
8900106,PASTA DENTAL,20931,"Perfumaria, sabões e artigos de limpeza"
8900107,FITA DENTAL,20931,"Perfumaria, sabões e artigos de limpeza"
8900201,ESCOVA DE DENTE,20931,"Perfumaria, sabões e artigos de limpeza"
8900202,ESCOVA DENTAL,20931,"Perfumaria, sabões e artigos de limpeza"
8900301,SABONETE,20931,"Perfumaria, sabões e artigos de limpeza"
8900302,SABONETE LIQUIDO,20931,"Perfumaria, sabões e artigos de limpeza"
8900303,SABONETE EM GEL,20931,"Perfumaria, sabões e artigos de limpeza"
8900401,"SHAMPU, CONDICIONADOR E OUTROS PRODUTOS DE CABELO",20931,"Perfumaria, sabões e artigos de limpeza"
8900402,CREME RINSE,20931,"Perfumaria, sabões e artigos de limpeza"
8900411,AGUA DE QUINA,20931,"Perfumaria, sabões e artigos de limpeza"
8900412,LOCAO DE CABELO,20931,"Perfumaria, sabões e artigos de limpeza"
8900413,RESTAURADOR CAPILAR,20931,"Perfumaria, sabões e artigos de limpeza"
8900414,SHAMPU,20931,"Perfumaria, sabões e artigos de limpeza"
8900415,CREME ENXAGUANTE DE CABELO,20931,"Perfumaria, sabões e artigos de limpeza"
8900416,NEUTROX,20931,"Perfumaria, sabões e artigos de limpeza"
8900417,CREME DE CABELO,20931,"Perfumaria, sabões e artigos de limpeza"
8900420,CONDICIONADOR CAPILAR,20931,"Perfumaria, sabões e artigos de limpeza"
8900421,LOCAO TONICA OU TONIFICANTE CAPILAR,20931,"Perfumaria, sabões e artigos de limpeza"
8900422,OUTROS PRODUTOS DE CABELO,20931,"Perfumaria, sabões e artigos de limpeza"
8900423,CREME DEFINIDOR DE CACHOS,20931,"Perfumaria, sabões e artigos de limpeza"
8900424,SHAMPU E CONDICIONADOR,20931,"Perfumaria, sabões e artigos de limpeza"
8900425,CREME HIDRATANTE CAPILAR,20931,"Perfumaria, sabões e artigos de limpeza"
8900426,HIDRATANTE CAPILAR,20931,"Perfumaria, sabões e artigos de limpeza"
8900427,RECONDICIONADOR CAPILAR,20931,"Perfumaria, sabões e artigos de limpeza"
8900433,XAMPU,20931,"Perfumaria, sabões e artigos de limpeza"
8900434,CREME PARA CABELO,20931,"Perfumaria, sabões e artigos de limpeza"
8900501,DESODORANTE PESSOAL,20931,"Perfumaria, sabões e artigos de limpeza"
8900502,DESODORANTE ANTITRANSPIRANTE,20931,"Perfumaria, sabões e artigos de limpeza"
8900503,DESODORANTE ANTISSEPTICO,20931,"Perfumaria, sabões e artigos de limpeza"
8900601,"CREME, PINCEL E OUTROS PRODUTOS DE BARBA",20931,"Perfumaria, sabões e artigos de limpeza"
8900602,CREME DE BARBEAR,20931,"Perfumaria, sabões e artigos de limpeza"
8900603,PINCEL DE BARBA,31802,Produtos de industrias diversas
8900605,GEL PARA BARBA,20931,"Perfumaria, sabões e artigos de limpeza"
8900606,ESPUMA DE BARBEAR,31802,Produtos de industrias diversas
8900701,LAMINA DE BARBEAR,25001,"Produtos de metal, excl. máquinas e equipamentos"
8900702,GILETE,25001,"Produtos de metal, excl. máquinas e equipamentos"
8900705,PRESTOBARBA,25001,"Produtos de metal, excl. máquinas e equipamentos"
8900706,APARELHO DE BARBEAR DESCARTAVEL,25001,"Produtos de metal, excl. máquinas e equipamentos"
8900707,APARELHO DE BARBA DESCARTAVEL,25001,"Produtos de metal, excl. máquinas e equipamentos"
8900708,ESTOJO DE BARBEAR DESCARTAVEL,25001,"Produtos de metal, excl. máquinas e equipamentos"
8900709,BARBEADOR DESCARTAVEL,25001,"Produtos de metal, excl. máquinas e equipamentos"
8900710,CARGA DE LAMINA DE BARBEAR,25001,"Produtos de metal, excl. máquinas e equipamentos"
8900711,APARELHO DE BARBEAR NAO ELETRICO DESCARTAVEL,27002,Eletrodomésticos
8900712,REFIL PARA APARELHO DE BARBEAR DESCARTAVEL,25001,"Produtos de metal, excl. máquinas e equipamentos"
8900801,ABSORVENTE HIGIENICO,17002,"Papel, papelão, embalagens e artefatos de papel"
8900802,ABSORVENTE FEMININO,17002,"Papel, papelão, embalagens e artefatos de papel"
8900901,LENCO DE PAPEL,17002,"Papel, papelão, embalagens e artefatos de papel"
8900902,LENCO DE BEBE UMEDECIDO,17002,"Papel, papelão, embalagens e artefatos de papel"
8900903,LENCO UMEDECIDO DE BEBE,17002,"Papel, papelão, embalagens e artefatos de papel"
8900904,LENCO DESCARTAVEL,17002,"Papel, papelão, embalagens e artefatos de papel"
8901001,COTONETE DE USO COLETIVO,31802,Produtos de industrias diversas
8901101,PRODUTO DE BANHO,20931,"Perfumaria, sabões e artigos de limpeza"
8901102,SAIS DE BANHO,20931,"Perfumaria, sabões e artigos de limpeza"
8901103,BUCHA DE BANHO,31802,Produtos de industrias diversas
8901104,ESCOVA DE BANHO,31802,Produtos de industrias diversas
8901105,PEDRA POME,31802,Produtos de industrias diversas
8901106,ESPONJA DE BANHO,31802,Produtos de industrias diversas
8901201,PAPEL HIGIENICO,17002,"Papel, papelão, embalagens e artefatos de papel"
8901301,BARBEADOR DE LAMINA,25001,"Produtos de metal, excl. máquinas e equipamentos"
8901401,BUCHA VEGETAL,01916,Outros produtos e serviços da lavoura temporária
8901501,ANTI-SEPTICO BUCAL,21001,Produtos farmacêuticos
8901502,DESODORANTE BUCAL,20931,"Perfumaria, sabões e artigos de limpeza"
