0,1,2,3,4,5
"Tradutor POF2002-2003 - Contas Nacionais, com produtos para consumo final das famílias",,,,,https://github.com/rodrigoesborges/pofesferas/blob/master/tradutores/Tradu_POF_2003xContas-rearrumado-na-mao.xls?raw=true
Cod Pof,Descrição pof,CodAdapt,Descrição Contas,Cod Contas 110,fonte
0700101,AGUA E ESGOTO (DOMICILIO PRINCIPAL),3500,"Eletricidade e gás, água, esgoto e limpeza urbana",040101,
0700102,AGUA E ESGOTO (M3),3500,"Eletricidade e gás, água, esgoto e limpeza urbana",040101,
0700201,ENERGIA ELETRICA (DOMICILIO PRINCIPAL),3500,"Eletricidade e gás, água, esgoto e limpeza urbana",040101,
0700202,ENERGIA ELETRICA (KWH),3500,"Eletricidade e gás, água, esgoto e limpeza urbana",040101,
0700301,GAS ENCANADO (DOMICILIO PRINCIPAL),3500,"Eletricidade e gás, água, esgoto e limpeza urbana",040101,
0700302,GAS ENCANADO (M3),3500,"Eletricidade e gás, água, esgoto e limpeza urbana",040101,
0700401,TELEFONE RESIDENCIAL (GASTO TOTAL)(DOMICILIO PRINCIPAL),6100,Serviços de informação,080101,
0700402,TELEFONE RESIDENCIAL (GASTO TOTAL)(PULSOS),6100,Serviços de informação,080101,
0700501,GAS DE BUJAO (DOMICILIO PRINCIPAL),1991,Gás liquefeito de petróleo,030901,
0700502,GAS DE BUJAO (KG),1991,Gás liquefeito de petróleo,030901,
0700503,GAS DE BUJAO,1991,Gás liquefeito de petróleo,030901,
0700601,AQUISICAO DE AGUA (DOMICILIO PRINCIPAL),1100,Bebidas,030119,
0700602,GARRAFAO DE AGUA (DOMICILIO PRINCIPAL),1100,Bebidas,030119,
0700603,AQUISICAO DE AGUA (LITRO),1100,Bebidas,030119,
0700701,LENHA (COMBUSTIVEL DOMESTICO) (DOMICILIO PRINCIPAL),0280,Produtos da exploração florestal e da silvicultura,010112,
0700702,LENHA (M3),0280,Produtos da exploração florestal e da silvicultura,010112,
0700801,GAS DE BUJAO PARA ILUMINACAO (DOMICILIO PRINCIPAL),1991,Gás liquefeito de petróleo,030901,
0700901,QUEROSENE (COMBUSTIVEL DOMESTICO) (DOMICILIO PRINCIPAL),1991,Outros produtos do refino de petróleo e coque,030906,
0700902,QUEROSENE(COMBUSTIVEL DOMESTICO) (LITRO),1991,Outros produtos do refino de petróleo e coque,030906,
0701001,CARVAO (COMBUSTIVEL DOMESTICO) (DOMICILIO PRINCIPAL),2091,Produtos químicos orgânicos,031102,
0701002,CARVAO (KG),2091,Produtos químicos orgânicos,031102,
0701101,ALCOOL (COMBUSTIVEL DOMESTICO) (DOMICILIO PRINCIPAL),1992,Álcool,031001,
0701201,OLEO DIESEL (COMBUSTIVEL DOMESTICO) (DOMICILIO PRINCIPAL),1991,Óleo diesel,030905,
0701301,TELEFONE RESIDENCIAL (INTERURBANO)(DOMICILIO PRINCIPAL),6100,Serviços de informação,080101,
0701302,TELEFONE RESIDENCIAL (INTERURBANO),6100,Serviços de informação,080101,
0701401,TELEFONE RESIDENCIAL (INTERNACIONAL) (DOMICILIO PRINCIPAL),6100,Serviços de informação,080101,
0701402,TELEFONE RESIDENCIAL (INTERNACIONAL),6100,Serviços de informação,080101,
0701601,"ACESSO A INTERNET (PROVEDOR,A CABO,COMUNICACAO VIA SATELITE)(DOMICILIO PRINCIPAL",6100,Serviços de informação,080101,
0701602,ACESSO A INTERNET (DOMICILIO PRINCIPAL),6100,Serviços de informação,080101,
0701603,TAXA DE INTERNET (DOMICILIO PRINCIPAL),6100,Serviços de informação,080101,
0701604,PROVEDOR DE INTERNET (DOMICILIO PRINCIPAL),6100,Serviços de informação,080101,
0701607,"ACESSO INTERNET (PROVEDOR, A CABO, COMUN. VIA SATELITE)",6100,Serviços de informação,080101,
0701701,TV (ASSINATURA) (DOMICILIO PRINCIPAL),5980,Serviços de informação,080101,
0701702,MENSALIDADE DE TV (ASSINATURA) (DOMICILIO PRINCIPAL),5980,Serviços de informação,080101,
0701703,ASSINATURA DE TV (DOMICILIO PRINCIPAL),5980,Serviços de informação,080101,
0701704,TV (ASSINATURA),5980,Serviços de informação,080101,
0701801,GASOLINA (COMBUSTIVEL DOMESTICO) (DOMICILIO PRINCIPAL),1991,Gasoálcool,030903,
0701802,GASOLINA (LITRO),1991,Gasoálcool,030903,
0701901,RECARGA DE BATERIA (ILUMINACAO DOMICILIAR),7380,Serviços de manutenção e reparação,110101,
0702001,PO DE SERRA,1600,Produtos de madeira - exclusive móveis,030601,
0800101,AZULEJO E PISO,9900,FBKF,FBKF,
0800102,PISO,9900,FBKF,FBKF,
0800104,LAJOTA,9900,FBKF,FBKF,
0800201,"APARELHOS SANITARIOS (PIA,VASO,BIDE,BANHEIRA,ETC.)",9900,FBKF,FBKF,
0800202,BIDE,9900,FBKF,FBKF,
0800203,CONJUNTO SANITARIO,9900,FBKF,FBKF,
0800204,VASO SANITARIO,9900,FBKF,FBKF,
0800205,BANHEIRA,9900,FBKF,FBKF,
0800208,PIA,9900,FBKF,FBKF,
0800209,"APARELHOS SANITARIOS (PIA, VASO, BIDE, BANHEIRA, ETC)",9900,FBKF,FBKF,
0800301,JANELA E PORTA,9900,FBKF,FBKF,
0800302,PORTA,9900,FBKF,FBKF,
0800401,MADEIRA E TACO,9900,FBKF,FBKF,
0800403,CAIBRO,9900,FBKF,FBKF,
0800404,RIPA,1600,Produtos de madeira - exclusive móveis,030601,
0800405,SARRAFO,9900,FBKF,FBKF,
0800501,CIMENTO,4180,Cimento,031901,
0800502,CIMENTO BRANCO,4180,Cimento,031901,
0800503,CIMENTCOLA OU CIMENTOCOLA,4180,Cimento,031901,
0800601,TIJOLO,9900,FBKF,FBKF,
0800602,BLOCO DE CERAMICA,9900,FBKF,FBKF,
0800701,VIDRO,2300,Outros produtos de minerais não-metálicos,032001,
0800801,TINTA,2092,"Tintas, vernizes, esmaltes e lacas",031601,
0800802,VERNIZ,2092,"Tintas, vernizes, esmaltes e lacas",031601,
0800901,MATERIAL DE PINTURA EM GERAL,9900,FBKF,FBKF,
0800902,MASSA CORRIDA PARA PAREDE,9900,FBKF,FBKF,
0800903,CAL,2300,Outros produtos de minerais não-metálicos,032001,
0800904,CAL VIRGEM,2300,Outros produtos de minerais não-metálicos,032001,
0800905,ROLO DE PINTURA,9900,FBKF,FBKF,
0800906,LIXA DE MADEIRA,9900,FBKF,FBKF,
0801001,"TORNEIRA,CANO E MATERIAL HIDRAULICO EM GERAL",9900,FBKF,FBKF,
0801002,CANO,9900,FBKF,FBKF,
0801003,MATERIAL HIDRAULICO,9900,FBKF,FBKF,
0801004,"TORNEIRA, CANO E MATERIAL HIDRAULICO EM GERAL",9900,FBKF,FBKF,
0801101,"FERRAGENS (FECHADURA,FERRO,ARAME,PREGO,ETC.)",9900,FBKF,FBKF,
0801102,FECHADURA,2500,Produtos de metal - exclusive máquinas e equipamento,032301,
0801103,FERRO,9900,FBKF,FBKF,
0801104,ARAME,9900,FBKF,FBKF,
0801105,PREGO,9900,FBKF,FBKF,
0801106,CADEADO,2500,Produtos de metal - exclusive máquinas e equipamento,032301,
0801107,RALO DE ESGOTAMENTO DE AGUA,9900,FBKF,FBKF,
0801108,TELA DE ARAME,9900,FBKF,FBKF,
0801109,TRILHO METALICO,9900,FBKF,FBKF,
0801110,ROLAMENTO PARA PORTA,9900,FBKF,FBKF,
0801111,"FERRAGENS(FECHADURA, FERRO, ARAME, PREGO, ETC)",9900,FBKF,FBKF,
0801201,FIO E MATERIAL ELETRICO EM GERAL,9900,FBKF,FBKF,
0801202,MATERIAL PARA INSTALACAO ELETRICA,9900,FBKF,FBKF,
0801203,FIO PARA INSTALACAO ELETRICA,2700,"Máquinas, aparelhos e materiais elétricos",032701,
0801301,"MAO-DE-OBRA (PEDREIRO,MARCENEIRO,ELETRICISTA,PINTOR,ETC.)",9900,FBKF,FBKF,
0801302,PEDREIRO,9900,FBKF,FBKF,
0801303,MARCENEIRO,9900,FBKF,FBKF,
0801304,ELETRICISTA,9900,FBKF,FBKF,
0801305,PINTOR,9900,FBKF,FBKF,
0801306,"MAO DE OBRA(PEDREIRO,MARCENEIRO,ELETRICISTA,PINTOR,ETC.)",9900,FBKF,FBKF,
0801307,LIMPEZA DE FOSSA,9900,FBKF,FBKF,
0801401,"DEDETIZACAO,DESRATIZACAO,DESINSETIZACAO,ETC.",9900,FBKF,FBKF,
0801403,EXTERMINIO DE INSETOS,9900,FBKF,FBKF,
0801501,"VITRIFICACAO (SINTECO,POLIURETANO,ETC.)",9900,FBKF,FBKF,
0801502,SINTECO,9900,FBKF,FBKF,
0801601,REFORMA OU OBRA POR EMPREITADA,9900,FBKF,FBKF,
0801602,CONSTRUCAO POR EMPREITADA,9900,FBKF,FBKF,
0801604,EMPREITADA,9900,FBKF,FBKF,
0801606,TERRAPLANAGEM (EMPREITADA),9900,FBKF,FBKF,
0801801,"ARTIGOS DE JARDINAGEM (PLANTA,TERRA,SEMENTE,XAXIM,ETC.)",0191,Outros produtos e serviços da lavoura,010106,
0801802,PLANTAS NATURAIS,0191,Outros produtos e serviços da lavoura,010106,
0801803,TERRA VEGETAL,0191,Outros produtos e serviços da lavoura,010106,
0801804,SEMENTES,0191,Outros produtos e serviços da lavoura,010106,
0801805,XAXIM,0191,Outros produtos e serviços da lavoura,010106,
0801806,VASO PARA PLANTA,0191,Outros produtos e serviços da lavoura,010106,
0801807,SUPORTE DE VASO,0191,Outros produtos e serviços da lavoura,010106,
0801808,MUDAS,0191,Outros produtos e serviços da lavoura,010106,
0801810,"ARTIGOS DE JARDINAGEM (PLANTAS, TERRA, SEMENTES, XAXIM, ETC.)",0191,Outros produtos e serviços da lavoura,010106,
0801901,ALUGUEL DE CARRETO PARA MATERIAL DE CONSTRUCAO,9900,FBKF,FBKF,
0801902,FRETE DE MATERIAL DE CONSTRUCAO,9900,FBKF,FBKF,
0801904,RETIRADA DE ENTULHO,9900,FBKF,FBKF,
0801905,CARRETO DE MATERIAL DE CONSTRUCAO,9900,FBKF,FBKF,
0801906,ALUGUEL DE MATERIAL DE CONSTRUCAO,9900,FBKF,FBKF,
0802001,CAIXA DE CORREIO,9900,FBKF,FBKF,
0802101,LAJE PRE-MOLDADA,9900,FBKF,FBKF,
0802102,LAGE PRE-MOLDADA,9900,FBKF,FBKF,
0802201,"AREIA,TERRA,BARRO,SAIBRO,ETC.",9900,FBKF,FBKF,
0802202,ARENOSO,9900,FBKF,FBKF,
0802203,BARRO,9900,FBKF,FBKF,
0802204,SAIBRO,9900,FBKF,FBKF,
0802206,TERRA,9900,FBKF,FBKF,
0802207,ATERRO,9900,FBKF,FBKF,
0802208,CASCALHO,9900,FBKF,FBKF,
0802209,"AREIA, TERRA, BARRO, SAIBRO, ETC.",9900,FBKF,FBKF,
0802301,"PEDRAS (BRITADA,MARROADA,PARALELEPIPEDO,ETC.)",9900,FBKF,FBKF,
0802302,PEDRA BRITADA,9900,FBKF,FBKF,
0802303,BRITA,9900,FBKF,FBKF,
0802304,PO DE PEDRA,9900,FBKF,FBKF,
0802306,PEDRA DE ALICERCE,9900,FBKF,FBKF,
0802307,"PEDRAS (BRITADA, MARROADA, PARALELEPIPEDO, ETC.)",9900,FBKF,FBKF,
0802401,PORTAO,9900,FBKF,FBKF,
0802402,PORTAO DE FERRO,9900,FBKF,FBKF,
0802403,PORTAO ELETRONICO,9900,FBKF,FBKF,
0802601,BASCULANTE,9900,FBKF,FBKF,
0802701,COLA (EXCETO DUREPOX),2092,Produtos e preparados químicos diversos,031701,
0802702,COLA DE MADEIRA,2092,Produtos e preparados químicos diversos,031701,
0802703,COLA SUPER BOND,2092,Produtos e preparados químicos diversos,031701,
0802704,SUPER BOND,2092,Produtos e preparados químicos diversos,031701,
0802705,COLA DE SAPATEIRO,2092,Produtos e preparados químicos diversos,031701,
0802801,ARGAMASSA,2300,Outros produtos de minerais não-metálicos,032001,
0802802,REJUNTE,9900,FBKF,FBKF,
0802901,"TELHAS (BARRO,AMIANTO,FIBRA,ALUMINIO,ETC.)",9900,FBKF,FBKF,
0802902,"TELHAS (BARRO, AMIANTO, FIBRA, ALUMINIO, ETC.)",9900,FBKF,FBKF,
0803001,SOLEIRA E PARAPEITO DE JANELA DE QUALQUER MATERIAL,9900,FBKF,FBKF,
0803002,PARAPEITO DE JANELA DE QUALQUER MATERIAL,9900,FBKF,FBKF,
0803101,PEDRA MARMORE PARA PIA,9900,FBKF,FBKF,
0803102,MARMORE (PEDRA) PARA PIA,9900,FBKF,FBKF,
0803103,BALCAO DE MARMORE PARA PIA,9900,FBKF,FBKF,
0803104,BALCAO DE PIA,9900,FBKF,FBKF,
0803105,BALCAO DE COZINHA,9900,FBKF,FBKF,
0803106,GRANITO (PEDRA) PARA PIA,9900,FBKF,FBKF,
0803107,BALCAO DE GRANITO PARA PIA,9900,FBKF,FBKF,
0803108,BALCAO,9900,FBKF,FBKF,
0803109,PIA DE COZINHA,9900,FBKF,FBKF,
0803201,CAIXA DE AGUA DE QUALQUER MATERIAL,9900,FBKF,FBKF,
0803202,TAMPA DE CAIXA DE AGUA,9900,FBKF,FBKF,
0803203,CAIXA DE AGUA,9900,FBKF,FBKF,
0803301,GRADE DE FERRO,9900,FBKF,FBKF,
0803401,BLOCO DE CIMENTO,9900,FBKF,FBKF,
0803501,BOX DE BANHEIRO DE QUALQUER MATERIAL,9900,FBKF,FBKF,
0803601,TANQUE DE QUALQUER MATERIAL,9900,FBKF,FBKF,
0803701,PORTAL,9900,FBKF,FBKF,
0803801,CAIXA DE LUZ (PADRAO),9900,FBKF,FBKF,
0803901,CAIXA DE DESCARGA,9900,FBKF,FBKF,
0804001,GESSO,0580,Minerais não-metálicos,020303,
0804101,ESPELHO DE BANHEIRO,9900,FBKF,FBKF,
0804201,MANILHA,9900,FBKF,FBKF,
0804301,"PLACA,ANEL,VIGA,PALANQUE,ETC. DE CIMENTO OU CONCRETO",9900,FBKF,FBKF,
0804302,ANEL DE CIMENTO OU CONCRETO,9900,FBKF,FBKF,
0804303,VIGA DE CIMENTO OU CONCRETO,9900,FBKF,FBKF,
0804305,PLACA DE CIMENTO OU CONCRETO,9900,FBKF,FBKF,
0804401,CAIXA DE REGISTRO DE AGUA,9900,FBKF,FBKF,
0804501,MATERIAL PLASTICO PARA COBERTURA,9900,FBKF,FBKF,
0804502,TOLDO PLASTICO,9900,FBKF,FBKF,
0804503,PLASTICO (MATERIAL PARA COBERTURA),9900,FBKF,FBKF,
0804504,TOLDO DE LONA,9900,FBKF,FBKF,
0804601,DUREPOX,9900,FBKF,FBKF,
0804602,EPOX (COLA),9900,FBKF,FBKF,
0804701,CUBA PARA PIA (QUALQUER MATERIAL),9900,FBKF,FBKF,
0804702,PIA (CUBA) DE QUALQUER MATERIAL,9900,FBKF,FBKF,
0804801,CALHA,9900,FBKF,FBKF,
0804901,ESQUADRIA,9900,FBKF,FBKF,
0805101,POSTE (CIMENTO),9900,FBKF,FBKF,
0805202,VENENO CONTRA CUPIM (CUPINICIDA),2100,Defensivos agrícolas,031401,
0805301,PRODUTOS PARA PISCINA,2091,Produtos químicos inorgânicos,031101,
0805302,CLORO PARA PISCINA,2091,Produtos químicos inorgânicos,031101,
0805303,SULFATO DE ALUMINIO PARA PISCINA,2091,Produtos químicos inorgânicos,031101,
0805501,ESCADA CARACOL,9900,FBKF,FBKF,
0805601,IMPERMEABILIZANTE,2092,"Tintas, vernizes, esmaltes e lacas",031601,
0805602,MASSA DE VEDACAO DE TELHA,2092,"Tintas, vernizes, esmaltes e lacas",031601,
0805701,PALHA PARA COBERTURA,1600,Produtos de madeira - exclusive móveis,030601,
0805901,MASSA DE FIXACAO E VEDACAO DE VIDRO,2092,"Tintas, vernizes, esmaltes e lacas",031601,
0806201,CONCRETO USINADO,9900,FBKF,FBKF,
0807301,LIXEIRA METALICA,9900,FBKF,FBKF,
0808001,MANUTENCAO DE JAZIGO,9480,Serviços prestados às famílias,110601,
0808101,EXUMACAO,9480,Serviços prestados às famílias,110601,
0808201,PLACA DE JAZIGO,2500,Produtos de metal - exclusive máquinas e equipamento,032301,
0808301,CONDOMINIO DE JAZIGO,9480,Serviços prestados às famílias,110601,
0808302,TAXA DE CONDOMINIO DE JAZIGO,9480,Serviços prestados às famílias,110601,
0808401,FORRO PARA COBERTURA (INDETERMINADO),9900,FBKF,FBKF,
0808402,FORRO DE GESSO,9900,FBKF,FBKF,
0808403,FORRO DE MADEIRA,9900,FBKF,FBKF,
0808404,FORRO DE PVC,9900,FBKF,FBKF,
0808501,BOIA DE CAIXA DE AGUA,9900,FBKF,FBKF,
0900101,CONSERTO DE MOVEIS,7380,Serviços de manutenção e reparação,110101,
0900102,REFORMA DE MOVEIS,7380,Serviços de manutenção e reparação,110101,
0900201,MANUTENCAO DE MOVEIS,7380,Serviços de manutenção e reparação,110101,
0900301,CONSERTO DE ASPIRADOR DE PO (PECA+MAO-DE-OBRA),7380,Serviços de manutenção e reparação,110101,
0900601,MANUTENCAO DE APARELHOS DOMESTICOS,7380,Serviços de manutenção e reparação,110101,
0900602,MANUTENCAO DE MOTO-BOMBA (POCO ARTESIANO),7380,Serviços de manutenção e reparação,110101,
0900701,CONSERTO DE MOTO-BOMBA (PECA+MAO-DE-OBRA),7380,Serviços de manutenção e reparação,110101,
0900801,CONSERTO DE FERRO ELETRICO (PECA+MAO-DE-OBRA),7380,Serviços de manutenção e reparação,110101,
0900901,MANUTENCAO DE UTENSILIOS DOMESTICOS,7380,Serviços de manutenção e reparação,110101,
0900905,LIMPEZA DE CARPETE,7380,Serviços de manutenção e reparação,110101,
0900906,MANUTENCAO DE UTENSILIOS DOMESTICOS NAO ELETRICOS,7380,Serviços de manutenção e reparação,110101,
0900907,MANUTENCAO DE UTENSILIOS DOMESTICO,7380,Serviços de manutenção e reparação,110101,
0901001,CONSERTO DE FERRO ELETRICO (PECA),7380,Serviços de manutenção e reparação,110101,
0901002,CONSERTO DE FERRO ELETRICO (MAO-DE-OBRA),7380,Serviços de manutenção e reparação,110101,
0901201,CONSERTO DE UTENSILIOS DOMESTICOS (EXCETO ELETRICOS),7380,Serviços de manutenção e reparação,110101,
0901202,CONSERTO DE ANTENA PARABOLICA,7380,Serviços de manutenção e reparação,110101,
0901203,CONSERTO DE TELEFONE,7380,Serviços de manutenção e reparação,110101,
0901204,CONSERTO DE TOLDO,7380,Serviços de manutenção e reparação,110101,
0901205,CONSERTO DE PERSIANA,7380,Serviços de manutenção e reparação,110101,
0901206,CONSERTO DE RECEPTOR DE ANTENA PARABOLICA,7380,Serviços de manutenção e reparação,110101,
0901501,MONTAGEM DE MOVEIS,7380,Serviços de manutenção e reparação,110101,
0902001,CONSERTO DE GELADEIRA OU FREEZER (PECA),7380,Serviços de manutenção e reparação,110101,
0902101,CONSERTO DE GELADEIRA OU FREEZER (MAO-DE-OBRA),7380,Serviços de manutenção e reparação,110101,
0902102,CONSERTO DE GELADEIRA OU FREEZER (MAO DE OBRA),7380,Serviços de manutenção e reparação,110101,
0902201,CONSERTO DE GELADEIRA OU FREEZER (PECA+MAO-DE-OBRA),7380,Serviços de manutenção e reparação,110101,
0902202,CONSERTO DE GELADEIRA OU FREEZER (PECA+MAO DE OBRA),7380,Serviços de manutenção e reparação,110101,
0902301,CONSERTO DE TELEVISAO (PECA),7380,Serviços de manutenção e reparação,110101,
0902401,CONSERTO DE TELEVISAO (MAO-DE-OBRA),7380,Serviços de manutenção e reparação,110101,
0902403,CONSERTO DE TELEVISAO (MAO DE OBRA),7380,Serviços de manutenção e reparação,110101,
0902501,CONSERTO DE TELEVISAO (PECA+MAO-DE-OBRA),7380,Serviços de manutenção e reparação,110101,
0902502,CONSERTO DE TELAO (PECA+MAO-DE-OBRA),7380,Serviços de manutenção e reparação,110101,
0902503,CONSERTO DE TELEVISAO (PECA+MAO DE OBRA),7380,Serviços de manutenção e reparação,110101,
0902601,CONSERTO DE APARELHO SONORO (PECA),7380,Serviços de manutenção e reparação,110101,
0902602,CONSERTO DE RADIO (PECA),7380,Serviços de manutenção e reparação,110101,
0902701,CONSERTO DE APARELHO SONORO (MAO-DE-OBRA),7380,Serviços de manutenção e reparação,110101,
0902702,CONSERTO DE RADIO (MAO-DE-OBRA),7380,Serviços de manutenção e reparação,110101,
0902704,CONSERTO DE APARELHO SONORO (MAO DE OBRA),7380,Serviços de manutenção e reparação,110101,
0902801,CONSERTO DE APARELHO SONORO (PECA+MAO-DE-OBRA),7380,Serviços de manutenção e reparação,110101,
0902802,CONSERTO DE RADIO (PECA+MAO-DE-OBRA),7380,Serviços de manutenção e reparação,110101,
0902803,CONSERTO DE RADIO-RELOGIO (PECA+MAO-DE-OBRA),7380,Serviços de manutenção e reparação,110101,
0902804,CONSERTO DE APARELHO SONORO (PECA+MAO DE OBRA),7380,Serviços de manutenção e reparação,110101,
0902901,CONSERTO DE VIDEOCASSETE (PECA),7380,Serviços de manutenção e reparação,110101,
0903001,CONSERTO DE VIDEOCASSETE (MAO-DE-OBRA),7380,Serviços de manutenção e reparação,110101,
0903101,CONSERTO DE VIDEOCASSETE (PECA+MAO-DE-OBRA),7380,Serviços de manutenção e reparação,110101,
0903201,CONSERTO DE MAQUINA DE LAVAR OU SECAR ROUPA (PECA),7380,Serviços de manutenção e reparação,110101,
0903202,CONSERTO DE MAQUINA DE LAVAR ROUPA (PECA),7380,Serviços de manutenção e reparação,110101,
0903203,CONSERTO DE MAQUINA DE SECAR ROUPA (PECA),7380,Serviços de manutenção e reparação,110101,
0903301,CONSERTO DE MAQUINA DE LAVAR OU SECAR ROUPA (MAO-DE-OBRA),7380,Serviços de manutenção e reparação,110101,
0903302,CONSERTO DE MAQUINA DE LAVAR ROUPA (MAO-DE-OBRA),7380,Serviços de manutenção e reparação,110101,
0903303,CONSERTO DE MAQUINA DE SECAR ROUPA (MAO-DE-OBRA),7380,Serviços de manutenção e reparação,110101,
0903401,CONSERTO DE MAQUINA DE LAVAR OU SECAR ROUPA (PECA+MAO-DE-OBRA),7380,Serviços de manutenção e reparação,110101,
0903402,CONSERTO DE MAQUINA DE LAVAR ROUPA (PECA+MAO-DE-OBRA),7380,Serviços de manutenção e reparação,110101,
0903403,CONSERTO DE MAQUINA DE SECAR ROUPA (PECA+MAO-DE-OBRA),7380,Serviços de manutenção e reparação,110101,
0903501,CONSERTO DE FOGAO (PECA),7380,Serviços de manutenção e reparação,110101,
0903601,CONSERTO DE FOGAO (MAO-DE-OBRA),7380,Serviços de manutenção e reparação,110101,
0903701,CONSERTO DE FOGAO (PECA+MAO-DE-OBRA),7380,Serviços de manutenção e reparação,110101,
0903801,CONSERTO DE AR CONDICIONADO (PECA),7380,Serviços de manutenção e reparação,110101,
0903901,CONSERTO DE AR CONDICIONADO (MAO-DE-OBRA),7380,Serviços de manutenção e reparação,110101,
0904001,CONSERTO DE AR CONDICIONADO (PECA+MAO-DE-OBRA),7380,Serviços de manutenção e reparação,110101,
0904101,CONSERTO DE PORTAO ELETRONICO (PECA),7380,Serviços de manutenção e reparação,110101,
0904201,CONSERTO DE PORTAO ELETRONICO (MAO-DE-OBRA),7380,Serviços de manutenção e reparação,110101,
0904301,CONSERTO DE PORTAO ELETRONICO (PECA+MAO-DE-OBRA),7380,Serviços de manutenção e reparação,110101,
0904401,CONSERTO DE FURADEIRA ELETRICA (PECA),7380,Serviços de manutenção e reparação,110101,
0904501,CONSERTO DE FURADEIRA ELETRICA (MAO-DE-OBRA),7380,Serviços de manutenção e reparação,110101,
0904601,CONSERTO DE FURADEIRA ELETRICA (PECA+MAO-DE-OBRA),7380,Serviços de manutenção e reparação,110101,
0904701,CONSERTO DE AQUECEDOR (PECA+MAO-DE-OBRA),7380,Serviços de manutenção e reparação,110101,
0904801,CONSERTO DE ORGAO ELETRONICO (PECA+MAO-DE-OBRA),7380,Serviços de manutenção e reparação,110101,
0904901,CONSERTO DE SECRETARIA ELETRONICA (PECA+MAO-DE-OBRA),7380,Serviços de manutenção e reparação,110101,
0905001,CONSERTO DE MAQUINA DE COSTURA OU OVERLOCK (PECA),7380,Serviços de manutenção e reparação,110101,
0905101,CONSERTO DE MAQUINA DE COSTURA OU OVERLOCK (MAO-DE-OBRA),7380,Serviços de manutenção e reparação,110101,
0905201,CONSERTO DE MAQUINA DE COSTURA OU OVERLOCK (PECA+MAO-DE-OBRA),7380,Serviços de manutenção e reparação,110101,
0905301,"CONSERTO DE BATEDEIRA DE BOLO,MULTIPROCESSADOR E LIQUIDIFICADOR (PECA)",7380,Serviços de manutenção e reparação,110101,
0905302,CONSERTO DE LIQUIDIFICADOR (PECA),7380,Serviços de manutenção e reparação,110101,
0905401,"CONSERTO DE BATEDEIRA DE BOLO,MULTIPROCESSADOR E LIQUIDIFICADOR (MAO-DE-OBRA)",7380,Serviços de manutenção e reparação,110101,
0905402,CONSERTO DE LIQUIDIFICADOR (MAO-DE-OBRA),7380,Serviços de manutenção e reparação,110101,
0905403,CONSERTO DE MULTIPROCESSADOR (MAO-DE-OBRA),7380,Serviços de manutenção e reparação,110101,
0905501,"CONSERTO DE BATEDEIRA DE BOLO,MULTIPROCESSADOR E LIQUIDIFICADOR (PECA+MAO-DE-OBR",7380,Serviços de manutenção e reparação,110101,
0905502,CONSERTO DE LIQUIDIFICADOR (PECA+MAO-DE-OBRA),7380,Serviços de manutenção e reparação,110101,
0905503,CONSERTO DE MULTIPROCESSADOR (PECA+MAO-DE-OBRA),7380,Serviços de manutenção e reparação,110101,
0905601,CONSERTO DE FORNO ELETRICO (PECA+MAO-DE-OBRA),7380,Serviços de manutenção e reparação,110101,
0905701,CONSERTO DE FILMADORA (PECA+MAO-DE-OBRA),7380,Serviços de manutenção e reparação,110101,
0905801,CONSERTO DE MAQUINA DE LAVAR LOUCAS (MAO-DE-OBRA),7380,Serviços de manutenção e reparação,110101,
0905901,CONSERTO DE RELOGIO DE MESA OU DE PAREDE (PECA+MAO-DE-OBRA),7380,Serviços de manutenção e reparação,110101,
0906001,CONSERTO DE VENTILADOR (PECA+MAO-DE-OBRA),7380,Serviços de manutenção e reparação,110101,
0906002,CONSERTO DE VENTILADOR (PECA),7380,Serviços de manutenção e reparação,110101,
0906101,CONSERTO DE OZONIZADOR E TORNEIRA ELETRICA (PECA+MAO-DE-OBRA),7380,Serviços de manutenção e reparação,110101,
0906201,CONSERTO DE MAQUINA DE LAVAR LOUCAS (PECA),7380,Serviços de manutenção e reparação,110101,
0906301,CONSERTO DE MAQUINA DE LAVAR LOUCAS (PECA+MAO-DE-OBRA),7380,Serviços de manutenção e reparação,110101,
0906501,CONSERTO DE FILMADORA (MAO-DE-OBRA),7380,Serviços de manutenção e reparação,110101,
0906801,CONSERTO DE ENCERADEIRA (PECA+MAO-DE-OBRA),7380,Serviços de manutenção e reparação,110101,
0906901,CONSERTO DE MICROCOMPUTADOR (PECA),7380,Serviços de manutenção e reparação,110101,
0907001,CONSERTO DE MICROCOMPUTADOR (MAO-DE-OBRA),7380,Serviços de manutenção e reparação,110101,
0907101,CONSERTO DE MICROCOMPUTADOR (PECA+MAO-DE-OBRA),7380,Serviços de manutenção e reparação,110101,
0907201,CONSERTO DE CHUVEIRO ELETRICO (PECA),7380,Serviços de manutenção e reparação,110101,
0907301,CONSERTO DE CHUVEIRO ELETRICO (MAO-DE-OBRA),7380,Serviços de manutenção e reparação,110101,
0907401,CONSERTO DE CHUVEIRO ELETRICO (PECA+MAO-DE-OBRA),7380,Serviços de manutenção e reparação,110101,
0907601,CONSERTO DE SECADOR DE CABELOS (MAO-DE-OBRA),7380,Serviços de manutenção e reparação,110101,
0907701,CONSERTO DE SECADOR DE CABELOS (PECA+MAO-DE-OBRA),7380,Serviços de manutenção e reparação,110101,
0907801,CONSERTO DE MAQUINA DE COSTURA (PECA+MAO-DE-OBRA),7380,Serviços de manutenção e reparação,110101,
0907901,CONSERTO DE MICROONDAS (PECA+MAO-DE-OBRA),7380,Serviços de manutenção e reparação,110101,
0908001,CONSERTO DE VIDEOGAME (PECA + MAO-DE-OBRA),7380,Serviços de manutenção e reparação,110101,
0908101,CONSERTO DE CENTRIFUGA (PECA+MAO-DE-OBRA),7380,Serviços de manutenção e reparação,110101,
0908201,CONSERTO DE IMPRESSORA (PECA + MAO-DE-OBRA),7380,Serviços de manutenção e reparação,110101,
0908202,CONSERTO DE IMPRESSORA (PECA),7380,Serviços de manutenção e reparação,110101,
0908301,CONSERTO DE CONTROLE REMOTO,7380,Serviços de manutenção e reparação,110101,
0908401,CONSERTO DE FAX (PECA+MAO-DE-OBRA),7380,Serviços de manutenção e reparação,110101,
0908501,CONSERTO DE DVD (PECA+MAO-DE-OBRA),7380,Serviços de manutenção e reparação,110101,
0908601,REFORMA DE INSTRUMENTO MUSICAL (PECA+MAO-DE-OBRA),7380,Serviços de manutenção e reparação,110101,
1000501,ALUGUEL DO IMOVEL (DOMICILIO PRINCIPAL),6800,Serviços imobiliários e aluguel,100101,
1000502,ALUGUEL DO IMOVEL,6800,Serviços imobiliários e aluguel,100101,
1001001,ALUGUEL DE GARAGEM (DOMICILIO PRINCIPAL),6800,Serviços imobiliários e aluguel,100101,
1001002,ALUGUEL DE GARAGEM,6800,Serviços imobiliários e aluguel,100101,
1001201,CONDOMINIO (DOMICILIO PRINCIPAL),9480,Serviços prestados às famílias,110601,
1001202,CONDOMINIO,9480,Serviços prestados às famílias,110601,
1001401,IMPOSTO PREDIAL (DOMICILIO PRINCIPAL),9800,TAXAS,TAXAS,
1001402,IPTU,9800,TAXAS,TAXAS,
1001403,IMPOSTO PREDIAL,9800,TAXAS,TAXAS,
1001604,"ADICIONAL ALUGUEL IMOVEL (JUROS, MULTA, ETC.)",9800,TAXAS,TAXAS,
1001701,"ADICIONAIS DE PRESTACAO DO IMOVEL (JUROS,MULTA,ETC.) (DOMICILIO PRINCIPAL)",9800,TAXAS,TAXAS,
1001702,JUROS DE PRESTACAO DO IMOVEL (DOMICILIO PRINCIPAL),9800,TAXAS,TAXAS,
1001703,MULTA DE PRESTACAO DO IMOVEL (DOMICILIO PRINCIPAL),9800,TAXAS,TAXAS,
1001802,JUROS DE ALUGUEL DE GARAGEM (DOMICILIO PRINCIPAL),9800,TAXAS,TAXAS,
1001901,"ADICIONAIS DE CONDOMINIO (JUROS,MULTA,ETC.) (DOMICILIO PRINCIPAL)",9800,TAXAS,TAXAS,
1002001,"ADICIONAIS DE IMPOSTO PREDIAL (JUROS,MULTA,ETC.) (DOMICILIO PRINCIPAL)",9800,TAXAS,TAXAS,
1002002,JUROS DE IMPOSTO PREDIAL (DOMICILIO PRINCIPAL),9800,TAXAS,TAXAS,
1002201,IMPOSTO TERRITORIAL RURAL,9800,TAXAS,TAXAS,
1002301,SPU (SERVICO DE PATRIMONIO DA UNIAO),9800,TAXAS,TAXAS,
1002302,SERVICO DE PATRIMONIO DA UNIAO (SPU),9800,TAXAS,TAXAS,
1002401,INCRA,9800,TAXAS,TAXAS,
1200102,IMPOSTO DE TRANSMISSAO DO IMOVEL (AQUISICAO A VISTA) (DOMICILIO PRINCIPAL),9800,TAXAS,TAXAS,
1200301,"LOCACAO DO IMOVEL (CONTRATO,DEPOSITOS DE LOCACAO E CONSERVACAO) (DOMICILIO PRINC",6800,Serviços imobiliários e aluguel,100101,
1200303,DEPOSITOS DE LOCACAO DO IMOVEL (DOMICILIO PRINCIPAL),6800,Serviços imobiliários e aluguel,100101,
1200305,"LOCACAO DE IMOVEL (CONTRATO, DEPOSITO DE LOCACAO E CONSERVACAO, ETC.)",6800,Serviços imobiliários e aluguel,100101,
1200401,MUDANCA (DOMICILIO PRINCIPAL),4900,Transporte de carga,070101,
1200402,MUDANCA,4900,Transporte de carga,070101,
1200501,"SEGUROS SOBRE O IMOVEL (INCENDIO,ROUBO,ETC.) (DOMICILIO PRINCIPAL)",6480,Intermediação financeira e seguros,090101,
1200502,SEGURO CONTRA ROUBO DO IMOVEL (DOMICILIO PRINCIPAL),6480,Intermediação financeira e seguros,090101,
1200503,SEGURO CONTRA INCENDIO DO IMOVEL (DOMICILIO PRINCIPAL),6480,Intermediação financeira e seguros,090101,
1200504,"SEGUROS SOBRE O IMOVEL (INCENDIO, ROUBO, ETC.)",6480,Intermediação financeira e seguros,090101,
1200601,"TAXAS (COLETA DE LIXO,PREVENCAO E EXTINCAO DE INCENDIO,SEGURANCA,ETC.) (DOMICILI",9800,TAXAS,TAXAS,
1200602,TAXA DE COLETA DE LIXO (DOMICILIO PRINCIPAL),9800,TAXAS,TAXAS,
1200603,TAXA DE PREVENCAO E EXTINCAO DE INCENDIO (DOMICILIO PRINCIPAL),9800,TAXAS,TAXAS,
1200604,TAXA DE SEGURANCA (DOMICILIO PRINCIPAL),8000,Serviços prestados às empresas,110301,
1200605,TAXA DE ILUMINACAO PUBLICA (DOMICILIO PRINCIPAL),9800,TAXAS,TAXAS,
1200606,TAXA DE CONSERVACAO URBANA (DOMICILIO PRINCIPAL),9800,TAXAS,TAXAS,
1200607,TAXA DE LIXO (DOMICILIO PRINCIPAL),9800,TAXAS,TAXAS,
1200608,TAXA DE ASFALTAMENTO (DOMICILIO PRINCIPAL),9800,TAXAS,TAXAS,
1200609,ASFALTAMENTO (TAXA) (DOMICILIO PRINCIPAL),9800,TAXAS,TAXAS,
1200610,"TAXAS (COLETA DE LIXO, PREVENCAO E EXTINCAO DE INCENDIO, ETC.)",9800,TAXAS,TAXAS,
1200701,TAXA DE OCUPACAO DO IMOVEL (DOMICILIO PRINCIPAL),6800,Serviços imobiliários e aluguel,100101,
1200702,TAXA DE OCUPACAO DE IMOVEL,6800,Serviços imobiliários e aluguel,100101,
1200801,TAXA DE INSTALACAO DE RELOGIO DE AGUA (DOMICILIO PRINCIPAL),3500,"Eletricidade e gás, água, esgoto e limpeza urbana",040101,
1200802,INSTALACAO DE RELOGIO DE AGUA (TAXA) (DOMICILIO PRINCIPAL),3500,"Eletricidade e gás, água, esgoto e limpeza urbana",040101,
1200803,RELOGIO DE AGUA (TAXA DE INSTALACAO) (DOMICILIO PRINCIPAL),3500,"Eletricidade e gás, água, esgoto e limpeza urbana",040101,
1200804,HIDROMETRO (TAXA DE INSTALACAO) (DOMICILIO PRINCIPAL),3500,"Eletricidade e gás, água, esgoto e limpeza urbana",040101,
1200805,TAXA DE RELIGACAO DE RELOGIO DE AGUA (DOMICILIO PRINCIPAL),3500,"Eletricidade e gás, água, esgoto e limpeza urbana",040101,
1200806,TAXA DE INSTALACAO DE RELOGIO DAGUA,3500,"Eletricidade e gás, água, esgoto e limpeza urbana",040101,
1200901,TAXA DE TRANSFERENCIA DE TELEFONE (DOMICILIO PRINCIPAL),6100,Serviços de informação,080101,
1200902,TRANSFERENCIA DE TELEFONE (TAXA) (DOMICILIO PRINCIPAL),6100,Serviços de informação,080101,
1200903,TAXA DE TRANSFERENCIA DE TELEFONE,6100,Serviços de informação,080101,
1201001,"TAXA DE INSTALACAO DE INTERFONE,TELEFONE (DOMICILIO PRINCIPAL)",6100,Serviços de informação,080101,
1201003,TELEFONE (TAXA DE INSTALACAO) (DOMICILIO PRINCIPAL),6100,Serviços de informação,080101,
1201004,TAXA DE REPARO DE REDE INTERNA DE TELEFONE (DOMICILIO PRINCIPAL),6100,Serviços de informação,080101,
1201201,TAXA DE LIGACAO DE LUZ (DOMICILIO PRINCIPAL),3500,"Eletricidade e gás, água, esgoto e limpeza urbana",040101,
1201202,TAXA DE RELIGACAO DE LUZ (DOMICILIO PRINCIPAL),3500,"Eletricidade e gás, água, esgoto e limpeza urbana",040101,
1201203,TAXA DE INSTALACAO DE POSTE DE ENERGIA ELETRICA,3500,"Eletricidade e gás, água, esgoto e limpeza urbana",040101,
1201301,TAXA DE ISENCAO DE IMPOSTO PREDIAL (DOMICILIO PRINCIPAL),9800,TAXAS,TAXAS,
1201401,TAXA DE VERIFICACAO DE VAZAMENTO DE AGUA (DOMICILIO PRINCIPAL),3500,"Eletricidade e gás, água, esgoto e limpeza urbana",040101,
1201701,TAXA DE UTILIZACAO E MANUTENCAO DE BOMBA DE AGUA,9480,Serviços prestados às famílias,110601,
1201702,UTILIZACAO E MANUTENCAO DE BOMBA DE AGUA (TAXA),9480,Serviços prestados às famílias,110601,
1201802,LINHA TELEFONICA COMUNITARIA (TAXA DE MANUTENCAO),6100,Serviços de informação,080101,
1201902,CERTIDAO DE DIVIDA ATIVA,9800,TAXAS,TAXAS,
1202002,INSTALACAO DE TV A CABO (SERVICO),5980,Serviços de informação,080101,
1202101,TAXA DE ADESAO DE TELEVISAO POR ASSINATURA,5980,Serviços de informação,080101,
1202102,ADESAO DE TELEVISAO POR ASSINATURA (TAXA),5980,Serviços de informação,080101,
1202103,VIGILANCIA ELETRONICA,8000,Serviços prestados às empresas,110301,
1202201,TAXA DE INSTALACAO DE TELEVISAO POR ASSINATURA,5980,Serviços de informação,080101,
1202202,INSTALACAO DE TELEVISAO POR ASSINATURA (TAXA),5980,Serviços de informação,080101,
1202301,TAXA DE INSTALACAO DE INTERNET,6100,Serviços de informação,080101,
1202401,TAXA EXTRA DE CONDOMINIO (REFORMA E MANUTENCAO),9480,Serviços prestados às famílias,110601,
1202402,REFORMA E MANUTENCAO (TAXA EXTRA DE CONDOMINIO),9480,Serviços prestados às famílias,110601,
1202403,TAXA DE REFORMA DE PREDIO (EXTRA DE CONDOMINIO),9480,Serviços prestados às famílias,110601,
1202404,TAXA DE MANUTENCAO DE PREDIO (EXTRA DE CONDOMINIO),9480,Serviços prestados às famílias,110601,
1202405,FUNDO DE RESERVA (EXTRA DE CONDOMINIO),9480,Serviços prestados às famílias,110601,
1202501,CERTIFICADO DE CADASTRO DE IMOVEL,6980,Serviços prestados às empresas,110301,
1300101,AR CONDICIONADO (ALUGUEL),6800,Serviços imobiliários e aluguel,100101,
1300201,TELEFONE RESIDENCIAL (ALUGUEL),6800,Serviços imobiliários e aluguel,100101,
1300202,TELEFONE RESIDENCIAL,6800,Serviços imobiliários e aluguel,100101,
1300301,TELEVISAO (ALUGUEL),6800,Serviços imobiliários e aluguel,100101,
1300302,TELEVISAO,6800,Serviços imobiliários e aluguel,100101,
1300402,VIDEOCASSETE,6800,Serviços imobiliários e aluguel,100101,
1301002,MICROCOMPUTADOR,6800,Serviços imobiliários e aluguel,100101,
1301601,ALUGUEL DE LIXADEIRA ELETRICA,6800,Serviços imobiliários e aluguel,100101,
1301701,KARAOKE OU VIDEOKE (ALUGUEL),9080,Serviços prestados às famílias,110601,
1301801,ALUGUEL DE VIDEOGAME,6800,Serviços imobiliários e aluguel,100101,
1301901,ALUGUEL DE SOM,6800,Serviços imobiliários e aluguel,100101,
1302001,ALUGUEL DE FREEZER,6800,Serviços imobiliários e aluguel,100101,
1302101,ALUGUEL DE CORTADOR DE GRAMA,6800,Serviços imobiliários e aluguel,100101,
1500101,EXAUSTOR,2700,Eletrodomésticos,032501,
1500102,PURIFICADOR DE AR (EXAUSTOR),2700,Eletrodomésticos,032501,
1500201,FOGAO A GAS OU ELETRICO,2700,Eletrodomésticos,032501,
1500301,FOGAO A LENHA,2700,Eletrodomésticos,032501,
1500401,FORNO (ELETRICO),2700,Eletrodomésticos,032501,
1500501,FREEZER,2700,Eletrodomésticos,032501,
1500601,GELADEIRA,2700,Eletrodomésticos,032501,
1500602,FRIGOBAR,2700,Eletrodomésticos,032501,
1500701,MAQUINA DE LAVAR PRATOS,2700,Eletrodomésticos,032501,
1500901,BATEDEIRA DE BOLO,2700,Eletrodomésticos,032501,
1501001,CAFETEIRA ELETRICA,2700,Eletrodomésticos,032501,
1501101,ESPREMEDOR DE FRUTAS ELETRICO,2700,Eletrodomésticos,032501,
1501102,ESPREMEDOR DE FRUTAS (ELETRICO),2700,Eletrodomésticos,032501,
1501201,FACA ELETRICA,2700,Eletrodomésticos,032501,
1501301,GRILL,2700,Eletrodomésticos,032501,
1501401,LIQUIDIFICADOR,2700,Eletrodomésticos,032501,
1501501,MAQUINA DE MOER CARNE (ELETRICA),2700,Eletrodomésticos,032501,
1501601,PURIFICADOR DE AGUA TIPO OZONIZADOR,2700,Eletrodomésticos,032501,
1501602,OZONIZADOR,2700,Eletrodomésticos,032501,
1501701,TORRADEIRA ELETRICA,2700,Eletrodomésticos,032501,
1501801,ASPIRADOR DE PO,2700,Eletrodomésticos,032501,
1501901,ENCERADEIRA,2700,Eletrodomésticos,032501,
1502001,FERRO ELETRICO,2700,Eletrodomésticos,032501,
1502101,MAQUINA DE LAVAR ROUPAS,2700,Eletrodomésticos,032501,
1502201,MAQUINA DE SECAR ROUPAS,2700,Eletrodomésticos,032501,
1502202,CENTRIFUGA (SECAR ROUPA),2700,Eletrodomésticos,032501,
1502301,ANTENA DE TELEVISAO (EXCETO PARABOLICA),2600,Material eletrônico e equipamentos de comunicações,032801,
1502302,ANTENA DE TELEVISAO (NAO PARABOLICA),2600,Material eletrônico e equipamentos de comunicações,032801,
1502401,TELEVISAO EM CORES,2600,Material eletrônico e equipamentos de comunicações,032801,
1502501,TELEVISAO EM PRETO E BRANCO,2600,Material eletrônico e equipamentos de comunicações,032801,
1502601,VIDEOCASSETE,2600,Material eletrônico e equipamentos de comunicações,032801,
1502701,VIDEOCASSETE DVD,2600,Material eletrônico e equipamentos de comunicações,032801,
1502702,DVD,2600,Material eletrônico e equipamentos de comunicações,032801,
1502801,CAIXA DE SOM,2600,Material eletrônico e equipamentos de comunicações,032801,
1502901,CONJUNTO DE SOM ACOPLADO,2600,Material eletrônico e equipamentos de comunicações,032801,
1503001,GRAVADOR E TOCA-FITAS,2600,Material eletrônico e equipamentos de comunicações,032801,
1503003,RADIO GRAVADOR,2600,Material eletrônico e equipamentos de comunicações,032801,
1503004,RADIO TOCA-FITAS,2600,Material eletrônico e equipamentos de comunicações,032801,
1503101,TOCA-DISCOS A LASER,2600,Material eletrônico e equipamentos de comunicações,032801,
1503102,TOCA DISCOS A LAZER,2600,Material eletrônico e equipamentos de comunicações,032801,
1503201,RADIO PORTATIL,2600,Material eletrônico e equipamentos de comunicações,032801,
1503301,RADIO RELOGIO OU DE MESA,2600,Material eletrônico e equipamentos de comunicações,032801,
1503401,AMPLIFICADOR,2600,Material eletrônico e equipamentos de comunicações,032801,
1503701,VIDEOGAME E ACESSORIOS,3180,Móveis e produtos das indústrias diversas,033401,
1503702,VIDEO GAME E ACESSORIOS,3180,Móveis e produtos das indústrias diversas,033401,
1503801,WALKMAN,2600,Material eletrônico e equipamentos de comunicações,032801,
1503901,AR CONDICIONADO,2800,"Máquinas e equipamentos, inclusive manutenção e reparos",032401,
1503902,AR-CONDICIONADO,2800,"Máquinas e equipamentos, inclusive manutenção e reparos",032401,
1504001,AQUECEDOR DE AR,2700,Eletrodomésticos,032501,
1504101,CIRCULADOR DE AR,2700,Eletrodomésticos,032501,
1504201,VENTILADOR,2700,Eletrodomésticos,032501,
1504301,MAQUINA DE COSTURA (A PEDAL),2800,"Máquinas e equipamentos, inclusive manutenção e reparos",032401,
1504401,MAQUINA DE COSTURA (ELETRICA),2800,"Máquinas e equipamentos, inclusive manutenção e reparos",032401,
1504402,MAQUINA DE COSTURA ELETRICA,2800,"Máquinas e equipamentos, inclusive manutenção e reparos",032401,
1504501,MAQUINA DE COSTURA NAO ESPECIFICADA,2800,"Máquinas e equipamentos, inclusive manutenção e reparos",032401,
1504601,AQUECEDOR CENTRAL DE AGUA (ELETRICO),2700,Eletrodomésticos,032501,
1504701,AQUECEDOR DE AGUA (A GAS),2700,Eletrodomésticos,032501,
1504801,BOMBA DE AGUA,2800,"Máquinas e equipamentos, inclusive manutenção e reparos",032401,
1504802,MOTOR DE BOMBA DE AGUA,2800,"Máquinas e equipamentos, inclusive manutenção e reparos",032401,
1504901,CHUVEIRO OU DUCHA ELETRICOS,2700,Eletrodomésticos,032501,
1505001,DISKMAN,2600,Material eletrônico e equipamentos de comunicações,032801,
1505101,SECADOR E MODELADOR DE CABELOS,2700,Eletrodomésticos,032501,
1505102,SECADOR DE CABELOS,2700,Eletrodomésticos,032501,
1505103,MODELADOR DE CABELOS,2700,Eletrodomésticos,032501,
1505201,BARBEADOR ELETRICO,2700,Eletrodomésticos,032501,
1505202,BARBEADOR (ELETRICO),2700,Eletrodomésticos,032501,
1505301,DEPILADOR ELETRICO,2700,Eletrodomésticos,032501,
1505401,KARAOKE,2600,Material eletrônico e equipamentos de comunicações,032801,
1505402,VIDEOKE,2600,Material eletrônico e equipamentos de comunicações,032801,
1505501,GRAVADOR DE CD,2600,Material eletrônico e equipamentos de comunicações,032801,
1505601,REGULADOR DE VOLTAGEM,2700,"Máquinas, aparelhos e materiais elétricos",032701,
1505701,RECEPTOR DE TV A CABO,2600,Material eletrônico e equipamentos de comunicações,032801,
1505702,APARELHO RECEPTOR DE TV A CABO,2600,Material eletrônico e equipamentos de comunicações,032801,
1505801,CENTRIFUGA,2700,Eletrodomésticos,032501,
1505901,TELEFONE-RADIO-RELOGIO,2600,Material eletrônico e equipamentos de comunicações,032801,
1505903,TELEFONE,2600,Material eletrônico e equipamentos de comunicações,032801,
1506001,GRAVADOR DE DVD,2600,Material eletrônico e equipamentos de comunicações,032801,
1506101,PROCESSADOR DE ALIMENTOS (ELETRICO),2700,Eletrodomésticos,032501,
1506103,MULTIPROCESSADOR DE ALIMENTOS (ELETRICO),2700,Eletrodomésticos,032501,
1506104,MULTIPREPARADOR DE ALIMENTOS (ELETRICO),2700,Eletrodomésticos,032501,
1506201,MICROCOMPUTADOR,2600,Máquinas para escritório e equipamentos de informática,032601,
1506202,"COMPUTADOR,COMPONENTES E ACESSORIOS",2600,Máquinas para escritório e equipamentos de informática,032601,
1506401,IMPRESSORA DE MICROCOMPUTADOR,2600,Máquinas para escritório e equipamentos de informática,032601,
1506501,TANQUE DE ROUPA ELETRICO,2700,Eletrodomésticos,032501,
1506502,TANQUINHO ELETRICO,2700,Eletrodomésticos,032501,
1506601,FORNO DE MICROONDAS,2700,Eletrodomésticos,032501,
1506701,APARELHO DE FAX,2600,Material eletrônico e equipamentos de comunicações,032801,
1506702,FAX (APARELHO),2600,Material eletrônico e equipamentos de comunicações,032801,
1507001,SCANER DE COMPUTADOR,2600,Máquinas para escritório e equipamentos de informática,032601,
1507201,NOTEBOOK,2600,Máquinas para escritório e equipamentos de informática,032601,
1507401,SECRETARIA ELETRONICA,2600,Material eletrônico e equipamentos de comunicações,032801,
1507502,BRAUM MINI PINER,2700,Eletrodomésticos,032501,
1507503,WALITTA MIX,2700,Eletrodomésticos,032501,
1507601,BABA ELETRONICA,2600,Material eletrônico e equipamentos de comunicações,032801,
1507701,"ALTO-FALANTE,TWEETHER,MEGAFONE,MICROFONE,ETC.",2600,Material eletrônico e equipamentos de comunicações,032801,
1507704,MICROFONE,2600,Material eletrônico e equipamentos de comunicações,032801,
1507705,"AUTO-FALANTE, TWEETER, MEGAFONE, ETC.",2600,Material eletrônico e equipamentos de comunicações,032801,
1507801,"CONTROLE REMOTO DE TV,SOM,VIDEOCASSETE,ETC.",2600,Material eletrônico e equipamentos de comunicações,032801,
1508101,ACESSORIOS DE IMPRESSORA,2600,Máquinas para escritório e equipamentos de informática,032601,
1508201,ACESSORIOS DE VIDEOCASSETE,2600,Material eletrônico e equipamentos de comunicações,032801,
1508301,FORNO A LENHA,4180,Construção,050101,
1508401,LAVADORA DE ALTA PRESSAO,2700,Eletrodomésticos,032501,
1508501,FORNO A GAS,2700,Eletrodomésticos,032501,
1508601,MASSAGEADOR ELETRICO,2700,Eletrodomésticos,032501,
1508801,MAQUINA DE FAZER PAO,2700,Eletrodomésticos,032501,
1508901,SANDUICHEIRA ELETRICA,2700,Eletrodomésticos,032501,
1509001,VAPORIZADOR ELETRICO (INALADOR),2700,Eletrodomésticos,032501,
1509002,NEBULIZADOR ELETRICO,2700,Eletrodomésticos,032501,
1509101,TELEVISAO E RADIO ACOPLADOS,2600,Material eletrônico e equipamentos de comunicações,032801,
1509201,MAQUINA DE OVERLOCK,2800,"Máquinas e equipamentos, inclusive manutenção e reparos",032401,
1509301,TELEVISAO E VIDEOCASSETE (ACOPLADOS),2600,Material eletrônico e equipamentos de comunicações,032801,
1509401,ANTENA PARABOLICA E EQUIPAMENTOS,2600,Material eletrônico e equipamentos de comunicações,032801,
1509601,WAPORETO,2700,Eletrodomésticos,032501,
1509602,VAPORETO (WAPORETO),2700,Eletrodomésticos,032501,
1509801,SUPORTE ELETRICO PARA GARRAFAO DE AGUA,2700,Eletrodomésticos,032501,
1509901,UMIDIFICADOR DE AR,2700,Eletrodomésticos,032501,
1510101,HOME THEATER,2600,Material eletrônico e equipamentos de comunicações,032801,
1510301,FILTRO ELETRICO,2700,Eletrodomésticos,032501,
1510501,FATIADOR DE ALIMENTOS,2700,Eletrodomésticos,032501,
1510601,PALM TOP,2600,Máquinas para escritório e equipamentos de informática,032601,
1510701,MOTOR DE FREEZER,2700,Eletrodomésticos,032501,
1511001,MAQUINA DE BATER ACAI ELETRICA,2700,Eletrodomésticos,032501,
1511201,MAQUINA DE CORTAR PISO,2800,"Máquinas e equipamentos, inclusive manutenção e reparos",032401,
1511301,MAQUINA DE ALGODAO,2800,"Máquinas e equipamentos, inclusive manutenção e reparos",032401,
1511401,MAQUINA DE CREPE,2700,Eletrodomésticos,032501,
1511501,MAQUINA DE BATER SABAO ELETRICA,2700,Eletrodomésticos,032501,
1511601,MAQUINA DE ESTAMPAR,2800,"Máquinas e equipamentos, inclusive manutenção e reparos",032401,
1511701,MAQUINA DE POLIR,2800,"Máquinas e equipamentos, inclusive manutenção e reparos",032401,
1511801,MAQUINA DE RISCAR CERAMICA,2800,"Máquinas e equipamentos, inclusive manutenção e reparos",032401,
1512001,EASY BOX (APARELHO NAVEGADOR DE INTERNET),2600,Material eletrônico e equipamentos de comunicações,032801,
1512101,FONTE DE ALIMENTACAO DE APARELHO ELETRONICO,2700,"Máquinas, aparelhos e materiais elétricos",032701,
1512201,MEDOR DE CAFE ELETRICO,2700,Eletrodomésticos,032501,
1512301,MOTOR ELETRICO PARA PORTAO,2700,"Máquinas, aparelhos e materiais elétricos",032701,
1512401,PAINEL SOLAR (ENERGIA SOLAR),4180,Construção,050101,
1512501,GERADOR DE ENERGIA,2700,"Máquinas, aparelhos e materiais elétricos",032701,
1512601,APARELHO DE SOLDA,2800,"Máquinas e equipamentos, inclusive manutenção e reparos",032401,
1512801,RETROPROJETOR,2600,Material eletrônico e equipamentos de comunicações,032801,
1600101,ACESSORIOS DE INSTRUMENTOS MUSICAIS,3180,Móveis e produtos das indústrias diversas,033401,
1600501,GUITARRA,3180,Móveis e produtos das indústrias diversas,033401,
1600701,VIOLAO,3180,Móveis e produtos das indústrias diversas,033401,
1600702,CAVAQUINHO,3180,Móveis e produtos das indústrias diversas,033401,
1600801,"BINOCULOS,LUNETA E TELESCOPIO",2600,"Aparelhos/instrumentos médico-hospitalar, medida e óptico",032901,
1600901,FILMADORA,2600,"Aparelhos/instrumentos médico-hospitalar, medida e óptico",032901,
1601101,MAQUINA FOTOGRAFICA,2600,"Aparelhos/instrumentos médico-hospitalar, medida e óptico",032901,
1601401,CALCULADORA MECANICA,2600,Máquinas para escritório e equipamentos de informática,032601,
1601501,CALCULADORA E AGENDA ELETRONICA,2600,Máquinas para escritório e equipamentos de informática,032601,
1601502,CALCULADORA ELETRONICA,2600,Máquinas para escritório e equipamentos de informática,032601,
1601503,AGENDA ELETRONICA,2600,Máquinas para escritório e equipamentos de informática,032601,
1601601,MAQUINA DE ESCREVER (MECANICA),2600,Máquinas para escritório e equipamentos de informática,032601,
1601602,MAQUINA DE ESCREVER MECANICA,2600,Máquinas para escritório e equipamentos de informática,032601,
1601801,BARRACA DE ACAMPAMENTO,1300,Fabricação outros produtos Têxteis,030303,
1601901,CHURRASQUEIRA,2500,Produtos de metal - exclusive máquinas e equipamento,032301,
1602101,LAMPIAO,3180,Móveis e produtos das indústrias diversas,033401,
1602102,LAMPARINA,3180,Móveis e produtos das indústrias diversas,033401,
1602201,APARELHO DE CHA OU CAFE,2300,Outros produtos de minerais não-metálicos,032001,
1602202,CONJUNTO DE CHA (APARELHO),2300,Outros produtos de minerais não-metálicos,032001,
1602301,APARELHO DE JANTAR,2300,Outros produtos de minerais não-metálicos,032001,
1602303,JOGO DE JANTAR (APARELHO),2300,Outros produtos de minerais não-metálicos,032001,
1602401,BAIXELA,2500,Produtos de metal - exclusive máquinas e equipamento,032301,
1602501,BATERIA DE COZINHA,2500,Produtos de metal - exclusive máquinas e equipamento,032301,
1602502,CONJUNTO DE PANELAS (BATERIA),2500,Produtos de metal - exclusive máquinas e equipamento,032301,
1602503,JOGO DE PANELAS (BATERIA),2500,Produtos de metal - exclusive máquinas e equipamento,032301,
1602601,FAQUEIRO,2500,Produtos de metal - exclusive máquinas e equipamento,032301,
1602701,CONJUNTO COMPLETO DE COPOS FINOS OU DE LUXO,2300,Outros produtos de minerais não-metálicos,032001,
1602702,JOGO COMPLETO DE COPOS FINOS OU DE LUXO,2300,Outros produtos de minerais não-metálicos,032001,
1602801,SUPORTE DE TV (GIRATORIO),2500,Produtos de metal - exclusive máquinas e equipamento,032301,
1602901,FILTRO DE AGUA,3180,Móveis e produtos das indústrias diversas,033401,
1602902,FILTRO DE AGUA A VELA,3180,Móveis e produtos das indústrias diversas,033401,
1603001,FERRAMENTAS EM GERAL,2500,Produtos de metal - exclusive máquinas e equipamento,032301,
1603002,"ALICATE E CHAVE (BOCA,ESTRIA,ETC.)",2500,Produtos de metal - exclusive máquinas e equipamento,032301,
1603003,CONJUNTO DE FERRAMENTAS,2500,Produtos de metal - exclusive máquinas e equipamento,032301,
1603004,CAIXA DE FERRAMENTAS,2500,Produtos de metal - exclusive máquinas e equipamento,032301,
1603005,CHAVE DE FENDA,2500,Produtos de metal - exclusive máquinas e equipamento,032301,
1603006,MARTELO,2500,Produtos de metal - exclusive máquinas e equipamento,032301,
1603007,SERRA (MANUAL),2500,Produtos de metal - exclusive máquinas e equipamento,032301,
1603008,ARCO DE SERRA,2500,Produtos de metal - exclusive máquinas e equipamento,032301,
1603009,FURADEIRA (MANUAL),2500,Produtos de metal - exclusive máquinas e equipamento,032301,
1603011,SERROTE,2500,Produtos de metal - exclusive máquinas e equipamento,032301,
1603012,ENXADA,2500,Produtos de metal - exclusive máquinas e equipamento,032301,
1603013,CAVADEIRA,2500,Produtos de metal - exclusive máquinas e equipamento,032301,
1603014,ANCINHO,2500,Produtos de metal - exclusive máquinas e equipamento,032301,
1603018,FOICE,2500,Produtos de metal - exclusive máquinas e equipamento,032301,
1603019,PENEIRA,2500,Produtos de metal - exclusive máquinas e equipamento,032301,
1603020,NIVEL,2500,Produtos de metal - exclusive máquinas e equipamento,032301,
1603023,PONTEIRA (RISCADOR DE CORTAR AZULEJO),2500,Produtos de metal - exclusive máquinas e equipamento,032301,
1603024,CORTADOR DE AZULEJO (RISCADOR),2500,Produtos de metal - exclusive máquinas e equipamento,032301,
1603025,PA (FERRAMENTA),2500,Produtos de metal - exclusive máquinas e equipamento,032301,
1603026,METRO (FERRAMENTA),2500,Produtos de metal - exclusive máquinas e equipamento,032301,
1603027,MARRETA,2500,Produtos de metal - exclusive máquinas e equipamento,032301,
1603028,CHAVE INGLESA,2500,Produtos de metal - exclusive máquinas e equipamento,032301,
1603029,BROCA,2500,Produtos de metal - exclusive máquinas e equipamento,032301,
1603031,PLAINA,2500,Produtos de metal - exclusive máquinas e equipamento,032301,
1603032,FERRO DE SOLDAR,2500,Produtos de metal - exclusive máquinas e equipamento,032301,
1603033,MACARICO DE SOLDAR,2500,Produtos de metal - exclusive máquinas e equipamento,032301,
1603035,LIMA (FERRAMENTA),2500,Produtos de metal - exclusive máquinas e equipamento,032301,
1603037,FORMAO,2500,Produtos de metal - exclusive máquinas e equipamento,032301,
1603038,CARRINHO DE MAO,2500,Produtos de metal - exclusive máquinas e equipamento,032301,
1603040,MACHADO,2500,Produtos de metal - exclusive máquinas e equipamento,032301,
1603041,CHAVE DE TESTE,2500,Produtos de metal - exclusive máquinas e equipamento,032301,
1603042,PISTOLA DE PINTURA,2500,Produtos de metal - exclusive máquinas e equipamento,032301,
1603043,REBITADEIRA,2500,Produtos de metal - exclusive máquinas e equipamento,032301,
1603044,TORNO DE MESA,2500,Produtos de metal - exclusive máquinas e equipamento,032301,
1603045,MORSA,2500,Produtos de metal - exclusive máquinas e equipamento,032301,
1603046,PODAO,2500,Produtos de metal - exclusive máquinas e equipamento,032301,
1603047,LAMINA DE SERRA,2500,Produtos de metal - exclusive máquinas e equipamento,032301,
1603048,SERRA (LAMINA DE ACO),2500,Produtos de metal - exclusive máquinas e equipamento,032301,
1603049,DESEMPENADEIRA,2500,Produtos de metal - exclusive máquinas e equipamento,032301,
1603050,COLHER DE PEDREIRO,2500,Produtos de metal - exclusive máquinas e equipamento,032301,
1603051,JOGO DE FERRAMENTAS,2500,Produtos de metal - exclusive máquinas e equipamento,032301,
1603052,"FERRAMENTAS EM GERAL (MARTELO, ETC.)",2500,Produtos de metal - exclusive máquinas e equipamento,032301,
1603053,BACIA DE ALUMINIO,2500,Produtos de metal - exclusive máquinas e equipamento,032301,
1603101,ACENDEDOR ELETRONICO,3180,Móveis e produtos das indústrias diversas,033401,
1603201,MAQUINA DE COSTURA (MANUAL),2800,"Máquinas e equipamentos, inclusive manutenção e reparos",032401,
1603302,FONE DE OUVIDO,2600,Material eletrônico e equipamentos de comunicações,032801,
1603401,"FURADEIRA,LIXADEIRA,ESMERIL E SERRA ELETRICAS",2800,"Máquinas e equipamentos, inclusive manutenção e reparos",032401,
1603403,LIXADEIRA ELETRICA,2800,"Máquinas e equipamentos, inclusive manutenção e reparos",032401,
1603404,ESMERIL ELETRICO,2800,"Máquinas e equipamentos, inclusive manutenção e reparos",032401,
1603405,"FURADEIRA, LIXADEIRA E SERRA ELETRICA",2800,"Máquinas e equipamentos, inclusive manutenção e reparos",032401,
1603406,SERRA MARMORE,2800,"Máquinas e equipamentos, inclusive manutenção e reparos",032401,
1603801,APARELHO TELEFONICO (NAO CELULAR),2600,Material eletrônico e equipamentos de comunicações,032801,
1603901,LINHA TELEFONICA (RESIDENCIAL),6100,Serviços de informação,080101,
1604001,COMPRA E TRATAMENTO DE ANIMAIS DOMESTICOS,0192,Bovinos e outros animais vivos,010201,
1604002,ANIMAL DOMESTICO (COMPRA),0192,Bovinos e outros animais vivos,010201,
1604003,ANIMAL DOMESTICO (TRATAMENTO),8692,Saúde mercantil,110501,
1604004,VETERINARIO,8692,Saúde mercantil,110501,
1604005,VACINA PARA ANIMAL DOMESTICO,2100,Produtos farmacêuticos,031301,
1604006,INJECAO PARA ANIMAL DOMESTICO,2100,Produtos farmacêuticos,031301,
1604007,MEDICAMENTO PARA ANIMAL DOMESTICO,2100,Produtos farmacêuticos,031301,
1604008,REMEDIO PARA ANIMAIS,2100,Produtos farmacêuticos,031301,
1604009,FORTIFICANTE PARA ANIMAIS,2100,Produtos farmacêuticos,031301,
1604010,TOSA DE PELOS DE ANIMAIS,9480,Serviços prestados às famílias,110601,
1604011,CORTE DE PELOS DE ANIMAIS,9480,Serviços prestados às famílias,110601,
1604101,CARRINHO DE FEIRA,2500,Produtos de metal - exclusive máquinas e equipamento,032301,
1604301,ORGAO E TECLADO,3180,Móveis e produtos das indústrias diversas,033401,
1604302,TECLADO,3180,Móveis e produtos das indústrias diversas,033401,
1604401,ESCADA,2500,Produtos de metal - exclusive máquinas e equipamento,032301,
1604501,LANTERNA DE PILHA,2700,"Máquinas, aparelhos e materiais elétricos",032701,
1604701,TABUA DE PASSAR ROUPA,1600,Produtos de madeira - exclusive móveis,030601,
1604801,INTERFONE,2600,Material eletrônico e equipamentos de comunicações,032801,
1604901,MAQUINAS AGRICOLAS DE PEQUENO PORTE,2800,"Máquinas e equipamentos, inclusive manutenção e reparos",032401,
1604903,PULVERIZADOR DE AGROTOXICO,2800,"Máquinas e equipamentos, inclusive manutenção e reparos",032401,
1604909,MOTOSSERRA,2800,"Máquinas e equipamentos, inclusive manutenção e reparos",032401,
1604910,COMPRESSOR DE AR,2800,"Máquinas e equipamentos, inclusive manutenção e reparos",032401,
1604911,CORTADOR DE GRAMA,2800,"Máquinas e equipamentos, inclusive manutenção e reparos",032401,
1605001,GELAGUA (PARA GARRAFAO DE AGUA),2700,Eletrodomésticos,032501,
1605002,BEBEDOURO (AGUA GELADA),2700,Eletrodomésticos,032501,
1605701,BALANCA PARA PESSOA,2800,"Máquinas e equipamentos, inclusive manutenção e reparos",032401,
1606102,MAQUINA PARA MASSAS (CILINDROS),2500,Produtos de metal - exclusive máquinas e equipamento,032301,
1606105,CILINDROS PARA MASSAS,2500,Produtos de metal - exclusive máquinas e equipamento,032301,
1606201,RELOGIO DESPERTADOR,2600,"Aparelhos/instrumentos médico-hospitalar, medida e óptico",032901,
1606501,AQUECEDOR DE AGUA (ELETRICO),2700,Eletrodomésticos,032501,
1607001,BALANCA PARA ALIMENTOS,2800,"Máquinas e equipamentos, inclusive manutenção e reparos",032401,
1607101,ARTIGOS DE LONA OU PLASTICO PARA ACAMPAMENTO,1300,Fabricação outros produtos Têxteis,030303,
1607103,LONA OU PLASTICO PARA ACAMPAMENTO,1300,Fabricação outros produtos Têxteis,030303,
1607104,SACO DE DORMIR,1300,Fabricação outros produtos Têxteis,030303,
1608201,CAFETEIRA (EXCETO ELETRICA),2500,Produtos de metal - exclusive máquinas e equipamento,032301,
1609001,"OUTROS INSTRUMENTOS MUSICAIS (ACORDEAO,FLAUTA,GAITA,BATERIA,CONTRABAIXO,ETC.)",3180,Móveis e produtos das indústrias diversas,033401,
1609003,FLAUTA,3180,Móveis e produtos das indústrias diversas,033401,
1609004,GAITA,3180,Móveis e produtos das indústrias diversas,033401,
1609005,BATERIA MUSICAL,3180,Móveis e produtos das indústrias diversas,033401,
1609007,CONTRABAIXO,3180,Móveis e produtos das indústrias diversas,033401,
1609010,SAXOFONE,3180,Móveis e produtos das indústrias diversas,033401,
1609011,TROMBONE,3180,Móveis e produtos das indústrias diversas,033401,
1609301,BINA (IDENTIFICADOR DE TELEFONE),2600,Material eletrônico e equipamentos de comunicações,032801,
1609601,APARELHO PARA FONDUE,2500,Produtos de metal - exclusive máquinas e equipamento,032301,
1609701,APARELHO TELEFONICO COM BINA,2600,Material eletrônico e equipamentos de comunicações,032801,
1609801,APARELHO E LINHA TELEFONICA,6100,Serviços de informação,080101,
1609901,CORDA PARA INSTRUMENTOS MUSICAIS,3180,Móveis e produtos das indústrias diversas,033401,
1610001,BLOQUEADOR DE CHAMADAS,2600,Material eletrônico e equipamentos de comunicações,032801,
1610101,CENTRAL TELEFONICA,2600,Material eletrônico e equipamentos de comunicações,032801,
1610201,ANTENA TELEFONICA,2600,Material eletrônico e equipamentos de comunicações,032801,
1610301,TRENA METRICA,2500,Produtos de metal - exclusive máquinas e equipamento,032301,
1610401,SUPORTE PARA FORNO,3180,Móveis e produtos das indústrias diversas,033401,
1610501,ACESSORIOS PARA MAQUINA FOTOGRAFICA,2600,"Aparelhos/instrumentos médico-hospitalar, medida e óptico",032901,
1610601,FOTOMETRO,2600,"Aparelhos/instrumentos médico-hospitalar, medida e óptico",032901,
1610801,FERRO A CARVAO,2500,Produtos de metal - exclusive máquinas e equipamento,032301,
1610901,FOGAREIRO,2700,Eletrodomésticos,032501,
1611001,FORNO DE TORRAR FARINHA,2700,Eletrodomésticos,032501,
1611101,FOGAO PARA CAMPING,2700,Eletrodomésticos,032501,
1611201,JOGO DE PORCELANA,2300,Outros produtos de minerais não-metálicos,032001,
1611301,MAQUINA DE BATER ACAI MANUAL,2700,Eletrodomésticos,032501,
1611501,MAQUINA DE MOER MILHO MANUAL,2700,Eletrodomésticos,032501,
1611601,BATERIA DE FILMADORA,2700,"Máquinas, aparelhos e materiais elétricos",032701,
1700101,ARCA COM OU SEM VITRINA OU ORATORIO,3180,Móveis e produtos das indústrias diversas,033401,
1700102,ARCA COM OU SEM VITRINE OU ORATORIO,3180,Móveis e produtos das indústrias diversas,033401,
1700201,CADEIRA (SALA),3180,Móveis e produtos das indústrias diversas,033401,
1700202,CADEIRA (ESTAR E JANTAR),3180,Móveis e produtos das indústrias diversas,033401,
1700301,CARRINHO DE CHA OU DE BEBIDAS,3180,Móveis e produtos das indústrias diversas,033401,
1700401,CRISTALEIRA OU VITRINE,3180,Móveis e produtos das indústrias diversas,033401,
1700501,CONJUNTO ESTOFADO,3180,Móveis e produtos das indústrias diversas,033401,
1700601,CONJUNTO ESTOFADO E MESINHA(S),3180,Móveis e produtos das indústrias diversas,033401,
1700701,ESTANTE,3180,Móveis e produtos das indústrias diversas,033401,
1700702,RACK,3180,Móveis e produtos das indústrias diversas,033401,
1700703,ARMARIO EMBUTIDO (SALA),3180,Móveis e produtos das indústrias diversas,033401,
1700801,MESA E CADEIRAS (SALA),3180,Móveis e produtos das indústrias diversas,033401,
1700802,MESA E CADEIRAS (ESTAR E JANTAR),3180,Móveis e produtos das indústrias diversas,033401,
1700901,POLTRONA,3180,Móveis e produtos das indústrias diversas,033401,
1701001,SOFA OU SOFA CAMA,3180,Móveis e produtos das indústrias diversas,033401,
1701101,"MESA PARA TV,SOM,VIDEO,COMPUTADOR,MICROCOMPUTADOR",3180,Móveis e produtos das indústrias diversas,033401,
1701102,MESA PARA TV,3180,Móveis e produtos das indústrias diversas,033401,
1701103,MESA PARA SOM,3180,Móveis e produtos das indústrias diversas,033401,
1701105,MESA PARA COMPUTADOR,3180,Móveis e produtos das indústrias diversas,033401,
1701106,MESA PARA MICROCOMPUTADOR,3180,Móveis e produtos das indústrias diversas,033401,
1701107,"MESA PARA TV, SOM, VIDEO E MICROCOMPUTADOR",3180,Móveis e produtos das indústrias diversas,033401,
1701201,PORTA-JORNAL E REVISTA,3180,Móveis e produtos das indústrias diversas,033401,
1701301,CADEIRA DE BALANCO,3180,Móveis e produtos das indústrias diversas,033401,
1701401,MESINHA DE CENTRO,3180,Móveis e produtos das indústrias diversas,033401,
1701501,MESA (SALA),3180,Móveis e produtos das indústrias diversas,033401,
1701502,TAMPO DE MESA (SALA) (QUALQUER MATERIAL),3180,Móveis e produtos das indústrias diversas,033401,
1701503,BASE PARA MESA (SALA) (QUALQUER MATERIAL),3180,Móveis e produtos das indústrias diversas,033401,
1701504,MESA (ESTAR E JANTAR),3180,Móveis e produtos das indústrias diversas,033401,
1701701,BAR (SALA),3180,Móveis e produtos das indústrias diversas,033401,
1701702,BARZINHO (SALA),3180,Móveis e produtos das indústrias diversas,033401,
1701703,BAR,3180,Móveis e produtos das indústrias diversas,033401,
1701801,BALCAO,4180,Construção,050101,
1702001,"ARMARIO SIMPLES,DUPLEX OU EMBUTIDO (QUARTO)",3180,Móveis e produtos das indústrias diversas,033401,
1702002,"ARMARIO SIMPLES, DUPLEX OU EMBUTIDO",3180,Móveis e produtos das indústrias diversas,033401,
1702101,"DORMITORIO COMPLETO (ARMARIO,CAMA,MESINHA,ETC.)",3180,Móveis e produtos das indústrias diversas,033401,
1702102,"DORMITORIO COMPLETO(ARMARIO,CAMA,ETC.)",3180,Móveis e produtos das indústrias diversas,033401,
1702201,"BICAMA,BELICHE OU TRILICHE",3180,Móveis e produtos das indústrias diversas,033401,
1702202,BELICHE,3180,Móveis e produtos das indústrias diversas,033401,
1702203,TRILICHE,3180,Móveis e produtos das indústrias diversas,033401,
1702204,"BICAMA, BELICHE OU TRILICHE",3180,Móveis e produtos das indústrias diversas,033401,
1702301,CAMA (ADULTO),3180,Móveis e produtos das indústrias diversas,033401,
1702302,CAMA,3180,Móveis e produtos das indústrias diversas,033401,
1702401,COLCHAO (ADULTO),3180,Móveis e produtos das indústrias diversas,033401,
1702402,COLCHAO,3180,Móveis e produtos das indústrias diversas,033401,
1702501,COMODA (QUARTO ADULTO),3180,Móveis e produtos das indústrias diversas,033401,
1702502,COMODA,3180,Móveis e produtos das indústrias diversas,033401,
1702601,CONSOLE,3180,Móveis e produtos das indústrias diversas,033401,
1702701,PENTEADEIRA,3180,Móveis e produtos das indústrias diversas,033401,
1702901,MESINHA DE CABECEIRA (QUARTO ADULTO),3180,Móveis e produtos das indústrias diversas,033401,
1702902,MESINHA DE CABECEIRA,3180,Móveis e produtos das indústrias diversas,033401,
1702903,CRIADO MUDO,3180,Móveis e produtos das indústrias diversas,033401,
1703101,CABIDE DE PE,3180,Móveis e produtos das indústrias diversas,033401,
1703201,BAU (QUARTO ADULTO),3180,Móveis e produtos das indústrias diversas,033401,
1703301,DIVISORIA (QUARTO ADULTO),3180,Móveis e produtos das indústrias diversas,033401,
1703401,CADEIRA (QUARTO ADULTO),3180,Móveis e produtos das indústrias diversas,033401,
1703501,BANCO (SALA),3180,Móveis e produtos das indústrias diversas,033401,
1703601,MOVEL DE SAPATOS,3180,Móveis e produtos das indústrias diversas,033401,
1703602,SAPATARIA (MOVEL PARA SAPATOS),3180,Móveis e produtos das indústrias diversas,033401,
1703702,GABINETE (MOVEL PARA MAQUINA DE COSTURA),3180,Móveis e produtos das indústrias diversas,033401,
1704001,ARMARIO (COPA E COZINHA),3180,Móveis e produtos das indústrias diversas,033401,
1704002,GABINETE DE PIA (COPA E COZINHA),3180,Móveis e produtos das indústrias diversas,033401,
1704101,"ARMARIO,MESA E CADEIRAS (COPA E COZINHA)",3180,Móveis e produtos das indústrias diversas,033401,
1704102,"ARMARIO, MESA E CADEIRAS",3180,Móveis e produtos das indústrias diversas,033401,
1704201,BANCO (COPA E COZINHA),3180,Móveis e produtos das indústrias diversas,033401,
1704202,BANCO,3180,Móveis e produtos das indústrias diversas,033401,
1704301,BUFE (MOVEL DE COPA E COZINHA),3180,Móveis e produtos das indústrias diversas,033401,
1704401,MESA E CADEIRAS (COPA E COZINHA),3180,Móveis e produtos das indústrias diversas,033401,
1704501,MESA (COPA E COZINHA),3180,Móveis e produtos das indústrias diversas,033401,
1704601,CADEIRA (COPA E COZINHA),3180,Móveis e produtos das indústrias diversas,033401,
1706001,ARMARIO (MOVEIS INFANTIS),3180,Móveis e produtos das indústrias diversas,033401,
1706002,ARMARIO INFANTIL,3180,Móveis e produtos das indústrias diversas,033401,
1706101,"ARMARIO,CAMA E MESINHA DE CABECEIRA (MOVEIS INFANTIS)",3180,Móveis e produtos das indústrias diversas,033401,
1706102,ARMARIO CAMA E MESINHA DE CABECEIRA,3180,Móveis e produtos das indústrias diversas,033401,
1706201,BEBE-CONFORTO,3180,Móveis e produtos das indústrias diversas,033401,
1706202,BEBE CONFORTO,3180,Móveis e produtos das indústrias diversas,033401,
1706301,BERCO,3180,Móveis e produtos das indústrias diversas,033401,
1706401,CADEIRA ALTA DE REFEICAO,3180,Móveis e produtos das indústrias diversas,033401,
1706501,CAMA (MOVEL INFANTIL),3180,Móveis e produtos das indústrias diversas,033401,
1706502,CAMA INFANTIL,3180,Móveis e produtos das indústrias diversas,033401,
1706601,CARRINHO DE BEBE E GONDOLA,3180,Móveis e produtos das indústrias diversas,033401,
1706701,COLCHAO (INFANTIL),3180,Móveis e produtos das indústrias diversas,033401,
1706702,COLCHAO INFANTIL,3180,Móveis e produtos das indústrias diversas,033401,
1706901,CERCADO,3180,Móveis e produtos das indústrias diversas,033401,
1706902,CERCADO DE CRIANCA,3180,Móveis e produtos das indústrias diversas,033401,
1707201,PROTETOR DE BERCO,1300,Fabricação outros produtos Têxteis,030303,
1707202,ALMOFADA (PROTETOR DE BERCO),1300,Fabricação outros produtos Têxteis,030303,
1707401,BANHEIRA COM TROCA-FRALDAS,2200,Artigos de plástico,031802,
1707501,ANDADOR,3180,Móveis e produtos das indústrias diversas,033401,
1707601,CADEIRINHA (INFANTIL),3180,Móveis e produtos das indústrias diversas,033401,
1707602,CADEIRA PEQUENA (INFANTIL),3180,Móveis e produtos das indústrias diversas,033401,
1707603,CADEIRINHA,3180,Móveis e produtos das indústrias diversas,033401,
1707701,COMODA (QUARTO INFANTIL),3180,Móveis e produtos das indústrias diversas,033401,
1707702,COMODA INFANTIL,3180,Móveis e produtos das indústrias diversas,033401,
1707801,ESTANTE (QUARTO INFANTIL),3180,Móveis e produtos das indústrias diversas,033401,
1708001,"BANCO (JARDIM,VARANDA,ETC.)",3180,Móveis e produtos das indústrias diversas,033401,
1708002,"BANCO (JARDIM, VARANDA, ETC.)",3180,Móveis e produtos das indústrias diversas,033401,
1708101,"CADEIRA (JARDIM,VARANDA,ETC.)",3180,Móveis e produtos das indústrias diversas,033401,
1708102,"CADEIRA (JARDIM, VARANDA, ETC.)",3180,Móveis e produtos das indústrias diversas,033401,
1708201,GUARDA-SOL,3180,Móveis e produtos das indústrias diversas,033401,
1708301,"MESA (JARDIM,VARANDA,ETC.)",3180,Móveis e produtos das indústrias diversas,033401,
1708401,"MESA COM CADEIRAS (JARDIM,VARANDA,ETC.)",3180,Móveis e produtos das indústrias diversas,033401,
1708402,"MESA COM CADEIRAS (JARDIM, VARANDA, ETC.)",3180,Móveis e produtos das indústrias diversas,033401,
1708501,REDE DE ADULTO E CRIANCA,1300,Fabricação outros produtos Têxteis,030303,
1708601,ESPREGUICADEIRA,3180,Móveis e produtos das indústrias diversas,033401,
1708701,PISCINA DE PLASTICO,3180,Móveis e produtos das indústrias diversas,033401,
1708702,PISCINA DE FIBRA,3180,Móveis e produtos das indústrias diversas,033401,
1708801,ESCRIVANINHA,3180,Móveis e produtos das indústrias diversas,033401,
1708802,BUREAU,3180,Móveis e produtos das indústrias diversas,033401,
1708901,MESA DE TELEFONE,3180,Móveis e produtos das indústrias diversas,033401,
1708902,"MESINHA DE TELEFONE,VENTILADOR,ETC.",3180,Móveis e produtos das indústrias diversas,033401,
1709001,ARMARIO DE BANHEIRO (NAO PLASTICO),3180,Móveis e produtos das indústrias diversas,033401,
1709101,ESTEIRA DE DORMIR,1600,Produtos de madeira - exclusive móveis,030601,
1709201,COLCHONETE,3180,Móveis e produtos das indústrias diversas,033401,
1709301,CESTA DE VIME,3180,Móveis e produtos das indústrias diversas,033401,
1709401,PRATELEIRA,3180,Móveis e produtos das indústrias diversas,033401,
1709402,CANTONEIRA (PRATELEIRA),3180,Móveis e produtos das indústrias diversas,033401,
1709501,ARMARIO NAO ESPECIFICADO,3180,Móveis e produtos das indústrias diversas,033401,
1709601,CADEIRA NAO ESPECIFICADA,3180,Móveis e produtos das indústrias diversas,033401,
1709801,MESA E CADEIRAS NAO ESPECIFICADAS,3180,Móveis e produtos das indústrias diversas,033401,
1709901,MESA NAO ESPECIFICADA,3180,Móveis e produtos das indústrias diversas,033401,
1710001,CADEIRA PARA COMPUTADOR,3180,Móveis e produtos das indústrias diversas,033401,
1710101,MESINHA E CADEIRAS (MOVEIS INFANTIS),3180,Móveis e produtos das indústrias diversas,033401,
1710201,MOVEIS PARA SALA,3180,Móveis e produtos das indústrias diversas,033401,
1710301,MOVEIS PARA ESCRITORIO,3180,Móveis e produtos das indústrias diversas,033401,
1710401,GABINETE DE PIA (BANHEIRO),3180,Móveis e produtos das indústrias diversas,033401,
1710501,MESINHA INFANTIL,3180,Móveis e produtos das indústrias diversas,033401,
1710601,APARADOR,3180,Móveis e produtos das indústrias diversas,033401,
1710701,BALCAO PARA PASSAR ROUPA,3180,Móveis e produtos das indústrias diversas,033401,
1710801,MESA E BANCOS NAO ESPECIFICADOS,3180,Móveis e produtos das indústrias diversas,033401,
1710901,MOVEIS DE COPA E COZINHA NAO ESPECIFICADOS,3180,Móveis e produtos das indústrias diversas,033401,
1711001,MOVEIS DE QUARTO NAO ESPECIFICADOS,3180,Móveis e produtos das indústrias diversas,033401,
1711101,MOVEIS NAO ESPECIFICADOS,3180,Móveis e produtos das indústrias diversas,033401,
1711301,GAVETEIRO,3180,Móveis e produtos das indústrias diversas,033401,
1711401,GUARDA LOUCA,3180,Móveis e produtos das indústrias diversas,033401,
1711501,LAVANDERIA PLANEJADA,3180,Móveis e produtos das indústrias diversas,033401,
1711601,MOVEIS DE QUARTO INFANTIL NAO ESPECIFICADOS,3180,Móveis e produtos das indústrias diversas,033401,
1711701,BIOMBO,1600,Produtos de madeira - exclusive móveis,030601,
1711801,ARQUIVO DE ACO,3180,Móveis e produtos das indústrias diversas,033401,
1800101,CARPETE,1300,Fabricação outros produtos Têxteis,030303,
1800201,TAPECARIA,1300,Fabricação outros produtos Têxteis,030303,
1800301,TAPETE DE SALA OU QUARTO,1300,Fabricação outros produtos Têxteis,030303,
1800501,TAPETE DE BANHEIRO (TECIDO),1300,Fabricação outros produtos Têxteis,030303,
1805001,ALMOFADA,1300,Fabricação outros produtos Têxteis,030303,
1805002,CAPA DE ALMOFADA,1300,Fabricação outros produtos Têxteis,030303,
1805003,CAPA PARA SOFA,1300,Fabricação outros produtos Têxteis,030303,
1805101,CORTINA PRONTA (EXCETO DE PLASTICO),1300,Fabricação outros produtos Têxteis,030303,
1805301,"LUMINARIA,ABAJUR,LUSTRE,GLOBO,ETC.",2700,"Máquinas, aparelhos e materiais elétricos",032701,
1805302,ABAJUR,2700,"Máquinas, aparelhos e materiais elétricos",032701,
1805303,LUSTRE,2700,"Máquinas, aparelhos e materiais elétricos",032701,
1805305,"LUMINARIA, ABAJUR, LUSTRE, GLOBO, ETC",2700,"Máquinas, aparelhos e materiais elétricos",032701,
1805401,PECA DE LOUCA (DECORACAO),2300,Outros produtos de minerais não-metálicos,032001,
1805402,LOUCA (PECA DE DECORACAO),2300,Outros produtos de minerais não-metálicos,032001,
1805403,PECA DE LOUCA,2300,Outros produtos de minerais não-metálicos,032001,
1805501,PECA DE METAL (EXCETO PRATA) (DECORACAO),2500,Produtos de metal - exclusive máquinas e equipamento,032301,
1805503,PECA DE METAL (EXCETO PRATA),2500,Produtos de metal - exclusive máquinas e equipamento,032301,
1805603,PECA DE PRATA,3180,Móveis e produtos das indústrias diversas,033401,
1805701,ESPELHO,2300,Outros produtos de minerais não-metálicos,032001,
1805801,"QUADRO OU MOLDURA DE QUADRO,POSTER,PORTA-RETRATO,ETC.",1600,Produtos de madeira - exclusive móveis,030601,
1805802,TELA A OLEO,1600,Produtos de madeira - exclusive móveis,030601,
1805803,MOLDURA DE QUADRO OU FOTO,1600,Produtos de madeira - exclusive móveis,030601,
1805805,POSTER,1600,Produtos de madeira - exclusive móveis,030601,
1805806,PORTA-RETRATO,1600,Produtos de madeira - exclusive móveis,030601,
1805807,"QUADRO OU MOLDURA DE QUADRO, PORTA-RETRATO, ETC",1600,Produtos de madeira - exclusive móveis,030601,
1805901,RELOGIO DE MESA OU PAREDE,2600,"Aparelhos/instrumentos médico-hospitalar, medida e óptico",032901,
1805902,RELOGIO DE PAREDE,2600,"Aparelhos/instrumentos médico-hospitalar, medida e óptico",032901,
1806001,PERSIANAS,2200,Artigos de plástico,031802,
1806101,PAPEL DE PAREDE,1700,"Papel e papelão, embalagens e artefatos",030702,
1806201,PUFE,1300,Fabricação outros produtos Têxteis,030303,
1806301,AQUARIO ORNAMENTAL E EQUIPAMENTOS,3180,Móveis e produtos das indústrias diversas,033401,
1806302,EQUIPAMENTOS DE AQUARIO ORNAMENTAL,3180,Móveis e produtos das indústrias diversas,033401,
1806401,PECA DE CERAMICA (DECORACAO),2300,Outros produtos de minerais não-metálicos,032001,
1806402,CERAMICA (PECA DE DECORACAO),2300,Outros produtos de minerais não-metálicos,032001,
1806403,PECA DE CERAMICA,2300,Outros produtos de minerais não-metálicos,032001,
1806404,VELA DECORATIVA,3180,Móveis e produtos das indústrias diversas,033401,
1806601,PECA DE GESSO (DECORACAO),2300,Outros produtos de minerais não-metálicos,032001,
1806602,GESSO (PECA DE DECORACAO),2300,Outros produtos de minerais não-metálicos,032001,
1806603,PECA DE GESSO,2300,Outros produtos de minerais não-metálicos,032001,
1806701,GAIOLA,1600,Produtos de madeira - exclusive móveis,030601,
1806801,PECA DE MADEIRA (DECORACAO),1600,Produtos de madeira - exclusive móveis,030601,
1806802,MADEIRA (PECA DE DECORACAO),1600,Produtos de madeira - exclusive móveis,030601,
1806803,PECA DE MADEIRA,1600,Produtos de madeira - exclusive móveis,030601,
1806901,ENFEITE DE BERCO,1300,Fabricação outros produtos Têxteis,030303,
1806902,MOBILE (ENFEITE DE BERCO),1300,Fabricação outros produtos Têxteis,030303,
1807001,PECA DE CRISTAL (DECORACAO),2300,Outros produtos de minerais não-metálicos,032001,
1807002,CRISTAL (PECA DE DECORACAO),2300,Outros produtos de minerais não-metálicos,032001,
1807003,PECA DE CRISTAL,2300,Outros produtos de minerais não-metálicos,032001,
1807201,BIBELO DE QUALQUER MATERIAL,3180,Móveis e produtos das indústrias diversas,033401,
1807202,BONEQUINHOS DE QUALQUER MATERIAL (DECORACAO),3180,Móveis e produtos das indústrias diversas,033401,
1807204,ARTESANATO DECORATIVO,3180,Móveis e produtos das indústrias diversas,033401,
1807301,PECA DE PORCELANA (DECORACAO),2300,Outros produtos de minerais não-metálicos,032001,
1807302,PORCELANA (PECA DE DECORACAO),2300,Outros produtos de minerais não-metálicos,032001,
1807401,PECA DE VIDRO (DECORACAO),2300,Outros produtos de minerais não-metálicos,032001,
1807402,VIDRO (PECA DE DECORACAO),2300,Outros produtos de minerais não-metálicos,032001,
1807403,PECA DE VIDRO,2300,Outros produtos de minerais não-metálicos,032001,
1807501,CINZEIRO,2300,Outros produtos de minerais não-metálicos,032001,
1807601,ENFEITES DE ARVORE DE NATAL,3180,Móveis e produtos das indústrias diversas,033401,
1807602,ARVORE DE NATAL (ARTIFICIAL),3180,Móveis e produtos das indústrias diversas,033401,
1807603,ENFEITES DE NATAL,3180,Móveis e produtos das indústrias diversas,033401,
1807604,ENFEITES DIVERSOS,3180,Móveis e produtos das indústrias diversas,033401,
1807701,PECA DE PALHA (DECORACAO),1600,Produtos de madeira - exclusive móveis,030601,
1807902,"BUZIOS,CONCHAS (DECORACAO)",3180,Móveis e produtos das indústrias diversas,033401,
1808001,SUPORTE DE BIBLIA,1600,Produtos de madeira - exclusive móveis,030601,
1808201,PECA DE PLASTICO OU RESINA (DECORACAO),2200,Artigos de plástico,031802,
1808202,PLASTICO OU RESINA (PECA DE DECORACAO),2200,Artigos de plástico,031802,
1808203,PECA DE RESINA OU PLASTICO (DECORACAO),2200,Artigos de plástico,031802,
1808401,PECA DE CORDA (DECORACAO),1600,Produtos de madeira - exclusive móveis,030601,
1808501,PECA DE PEDRA SABAO (DECORACAO),2300,Outros produtos de minerais não-metálicos,032001,
1808701,PECA DE TECIDO (DECORACAO),1300,Fabricação outros produtos Têxteis,030303,
1808901,BANDO,1300,Fabricação outros produtos Têxteis,030303,
1809001,FLORES ARTIFICIAIS,3180,Móveis e produtos das indústrias diversas,033401,
1809003,FORMAS DE CONFECCAO DE FLORES ARTIFICIAIS,3180,Móveis e produtos das indústrias diversas,033401,
1809101,PORTA-JOIAS,1600,Produtos de madeira - exclusive móveis,030601,
1809201,CAIXINHA DE MUSICA,3180,Móveis e produtos das indústrias diversas,033401,
1809301,PECA DE AGATA OU ESMALTADA,2500,Produtos de metal - exclusive máquinas e equipamento,032301,
1809401,PORTA-LAPISEIRA,3180,Móveis e produtos das indústrias diversas,033401,
1809501,PORTA-CD,2200,Artigos de plástico,031802,
1900101,EMPREGADO,9480,Serviços domésticos,110701,
1900201,COZINHEIRO,9480,Serviços domésticos,110701,
1900301,FAXINEIRO,9700,Serviços domésticos,110701,
1900401,BABA,9700,Serviços domésticos,110701,
1900501,JARDINEIRO,9700,Serviços domésticos,110701,
1900601,MOTORISTA,9700,Serviços domésticos,110701,
1900701,VIGIA,8000,Serviços prestados às empresas,110301,
1900702,ZELADOR,9700,Serviços domésticos,110701,
1900801,ARRUMADEIRA,9700,Serviços domésticos,110701,
1901101,CASEIRO,9700,Serviços domésticos,110701,
1901201,ACOMPANHANTE,9700,Serviços domésticos,110701,
1901301,LAVADEIRA,9700,Serviços domésticos,110701,
1901401,AJUDANTE DE COZINHA,9700,Serviços domésticos,110701,
1901501,PASSADEIRA (EMPREGADA),9700,Serviços domésticos,110701,
1901701,LAVADEIRA E PASSADEIRA,9700,Serviços domésticos,110701,
1901702,PASSADEIRA E LAVADEIRA,9700,Serviços domésticos,110701,
1901801,GARCOM,5500,Serviços de alojamento e alimentação,110201,
1901901,CARREGADOR DE AGUA,9480,Serviços prestados às famílias,110601,
1902001,LIMPADOR DE TERRENO (CAPINADOR),9480,Serviços prestados às famílias,110601,
1902002,CAPINADOR (LIMPADOR DE TERRENO),9480,Serviços prestados às famílias,110601,
1902101,LIMPADOR DE PISCINA,7380,Serviços prestados às empresas,110301,
1902102,LAVADOR DE PISCINA,7380,Serviços prestados às empresas,110301,
1902201,LAVADOR DE CARRO,9480,Serviços prestados às famílias,110601,
1902301,BISCATEIRO (SERVICOS DIVERSOS),9480,Serviços prestados às famílias,110601,
1902501,ENFERMEIRA (SERVICO DOMESTICO),8692,Saúde mercantil,110501,
1902601,CARREGADOR DE LENHA,9480,Serviços prestados às famílias,110601,
1902701,TRATADOR DE ANIMAIS,9480,Serviços prestados às famílias,110601,
1905101,EMPREGADO (INSS),9800,TAXAS,TAXAS,
1905201,COZINHEIRO (INSS),9800,TAXAS,TAXAS,
1905301,FAXINEIRO (INSS),9800,TAXAS,TAXAS,
1905401,BABA (INSS),9800,TAXAS,TAXAS,
1906101,CASEIRO (INSS),9800,TAXAS,TAXAS,
1907501,ENFERMEIRA (SERVICO DOMESTICO) (INSS),9800,TAXAS,TAXAS,
2200101,"CORREIO (CARTA,SELO,ETC.)",5280,Correio,070103,
2200102,CARTA,5280,Correio,070103,
2200103,TELEGRAMA COMUM,5280,Correio,070103,
2200104,SELO,5280,Correio,070103,
2200109,CAIXA POSTAL,5280,Correio,070103,
2200111,FAX SIMILE,5280,Correio,070103,
2200112,"CORREIO (CARTAS,SELOS,ETC.)",5280,Correio,070103,
2200201,TELEFONE PUBLICO,6100,Serviços de informação,080101,
2200202,FICHA TELEFONICA,6100,Serviços de informação,080101,
2200203,"LIGACAO URBANA,INTERURBANA,INTERNACIONAL,DDD",6100,Serviços de informação,080101,
2200301,TELEGRAMA FONADO,5280,Correio,070103,
2200401,TELEMENSAGEM,6100,Serviços prestados às empresas,110301,
2200501,ACESSO A INTERNET (DESPESA INDIVIDUAL),6100,Serviços de informação,080101,
2200502,INTERNET (ACESSO) (DESPESA INDIVIDUAL),6100,Serviços de informação,080101,
2200504,SALA DE INTERNET (DESPESA INDIVIDUAL),6100,Serviços de informação,080101,
2300101,ONIBUS URBANO CONVENCIONAL,4900,Transporte de passageiro,070102,
2300102,ONIBUS URBANO CONVENCIONAL (SEM AR-CONDICIONADO),4900,Transporte de passageiro,070102,
2300103,ONIBUS URBANO CONVENCIONAL (COM AR-CONDICIONADO),4900,Transporte de passageiro,070102,
2300104,ONIBUS MUNICIPAL RURAL-URBANO,4900,Transporte de passageiro,070102,
2300201,TREM,4900,Transporte de passageiro,070102,
2300301,TAXI,4900,Transporte de passageiro,070102,
2300302,AUTOMOVEL DE ALUGUEL (TAXI),4900,Transporte de passageiro,070102,
2300401,METRO,4900,Transporte de passageiro,070102,
2300501,BARCA,5000,Transporte de passageiro,070102,
2300502,BARCO (TRANSPORTE),5000,Transporte de passageiro,070102,
2300503,BOTE,5000,Transporte de passageiro,070102,
2300504,CANOA,5000,Transporte de passageiro,070102,
2300505,CANOA MOTORIZADA,5000,Transporte de passageiro,070102,
2300506,CATRAIA (BARCO PEQUENO) (AP),5000,Transporte de passageiro,070102,
2300507,CATAMARA (BA),5000,Transporte de passageiro,070102,
2300601,ALCOOL (COMBUSTIVEL DE VEICULO),1992,Álcool,031001,
2300602,ALCOOL(COMBUSTIVEL DE VEICULO),1992,Álcool,031001,
2300701,GASOLINA COMUM,1991,Gasoálcool,030903,
2300801,ESTACIONAMENTO,4900,Transporte de carga,070101,
2300802,FLANELINHA,4900,Transporte de carga,070101,
2300803,ESTACIONAMENTO SHOPPING,4900,Transporte de carga,070101,
2300901,PEDAGIO,4900,Transporte de carga,070101,
2301001,INTEGRACAO ONIBUS-METRO,4900,Transporte de passageiro,070102,
2301101,INTEGRACAO TREM-METRO,4900,Transporte de passageiro,070102,
2301201,ESTACIONAMENTO-METRO,4900,Transporte de carga,070101,
2301301,OLEO DIESEL,1991,Óleo diesel,030905,
2301401,"BONDE,BONDINHO",4900,Transporte de passageiro,070102,
2301501,PLANO INCLINADO,4900,Transporte de passageiro,070102,
2301502,ELEVADOR,4900,Transporte de passageiro,070102,
2301601,INTEGRACAO TREM-ONIBUS,4900,Transporte de passageiro,070102,
2301701,QUEROSENE (COMBUSTIVEL DE VEICULO),1991,Outros produtos do refino de petróleo e coque,030906,
2301801,GAS VEICULAR,1991,Outros produtos do refino de petróleo e coque,030906,
2301802,BUJAO DE GAS COMUM,1991,Gás liquefeito de petróleo,030901,
2301901,LAVAGEM (SEM LUBRIFICACAO),4900,Transporte de carga,070101,
2301902,LAVA A JATO,2800,"Máquinas e equipamentos, inclusive manutenção e reparos",032401,
2301903,LAVA-JATO,2800,"Máquinas e equipamentos, inclusive manutenção e reparos",032401,
2301904,LAVAGEM(SEM LUBRIFICACAO),4900,Transporte de carga,070101,
2301905,ASPIRAR PO DO VEICULO,4900,Transporte de carga,070101,
2301906,LAVAGEM COMPLETA,4900,Transporte de carga,070101,
2302001,ONIBUS INTERMUNICIPAL CONVENCIONAL,4900,Transporte de passageiro,070102,
2302002,ONIBUS INTERMUNICIPAL CONVENCIONAL (SEM AR-CONDICIONADO),4900,Transporte de passageiro,070102,
2302003,ONIBUS INTERMUNICIPAL CONVENCIONAL (COM AR-CONDICIONADO),4900,Transporte de passageiro,070102,
2302004,ONIBUS INTERMUNICIPAL - URBANO/RURAL,4900,Transporte de passageiro,070102,
2302005,TRANSPORTE INTERMUNICIPAL ESPECIAL,4900,Transporte de passageiro,070102,
2302101,ONIBUS INTERESTADUAL,4900,Transporte de passageiro,070102,
2302102,ONIBUS INTERESTADUAL (CONVENCIONAL),4900,Transporte de passageiro,070102,
2302103,ONIBUS INTERESTADUAL (EXECUTIVO),4900,Transporte de passageiro,070102,
2302104,ONIBUS INTERESTADUAL (LEITO),4900,Transporte de passageiro,070102,
2302201,AEROBARCO,5000,Transporte de passageiro,070102,
2302301,TRANSPORTE ALTERNATIVO,4900,Transporte de passageiro,070102,
2302302,LOTADA (TRANSPORTE ALTERNATIVO),4900,Transporte de passageiro,070102,
2302303,KOMBEIRO (TRANSPORTE ALTERNATIVO),4900,Transporte de passageiro,070102,
2302304,VAN (TRANSPORTE ALTERNATIVO),4900,Transporte de passageiro,070102,
2302305,CAMINHAO,4900,Transporte de passageiro,070102,
2302306,CAMIONETE,4900,Transporte de passageiro,070102,
2302401,FERRY-BOAT,5000,Transporte de passageiro,070102,
2302501,BANHEIRO PUBLICO,4900,Transporte de carga,070101,
2302601,MOTO-TAXI,4900,Transporte de passageiro,070102,
2302602,TAXI-MOTO,4900,Transporte de passageiro,070102,
2302603,ALUGUEL DE MOTO (TAXI),4900,Transporte de passageiro,070102,
2302701,ONIBUS INTERMUNICIPAL ESPECIAL,4900,Transporte de passageiro,070102,
2302801,GASOLINA ESPECIAL,1991,Gasoálcool,030903,
2302802,GASOLINA ADITIVADA,1991,Gasoálcool,030903,
2302901,ONIBUS URBANO ESPECIAL,4900,Transporte de passageiro,070102,
2303001,BALSA,5000,Transporte de passageiro,070102,
2303101,AVIAO,5100,Transporte de passageiro,070102,
2303201,BICICLETA,3000,Outros equipamentos de transporte,033301,
2303401,FRETE DE VEICULO,6800,Serviços imobiliários e aluguel,100101,
2400101,ALMOCO E JANTAR A PESO (REFEICAO),5500,Serviços de alojamento e alimentação,110201,
2400103,JANTAR A PESO (REFEICAO),5500,Serviços de alojamento e alimentação,110201,
2400104,ALMOCO A PESO (REFEICAO),5500,Serviços de alojamento e alimentação,110201,
2400105,ALMOCO A PESO E REFRIGERANTE,5500,Serviços de alojamento e alimentação,110201,
2400106,ALMOCO A PESO E SUCO,5500,Serviços de alojamento e alimentação,110201,
2400201,"LEITE,CAFE COM LEITE,CHOCOLATE,ETC.",5500,Serviços de alojamento e alimentação,110201,
2400202,"LEITE, CAFE C/ LEITE, CHOCOLATE, ETC",5500,Serviços de alojamento e alimentação,110201,
2400301,PAO COM OU SEM MANTEIGA,5500,Serviços de alojamento e alimentação,110201,
2400302,PAO COM MANTEIGA,5500,Serviços de alojamento e alimentação,110201,
2400303,PAO DE QUEIJO,5500,Serviços de alojamento e alimentação,110201,
2400304,PAO DOCE,5500,Serviços de alojamento e alimentação,110201,
2400401,SANDUICHE,5500,Serviços de alojamento e alimentação,110201,
2400402,CACHORRO QUENTE,5500,Serviços de alojamento e alimentação,110201,
2400403,CHEESBURGUER,5500,Serviços de alojamento e alimentação,110201,
2400404,BAURU,5500,Serviços de alojamento e alimentação,110201,
2400406,"TORRADA COM QUEIJO,PRESUNTO,OVO,ETC.",5500,Serviços de alojamento e alimentação,110201,
2400407,HAMBURGUER,5500,Serviços de alojamento e alimentação,110201,
2400408,EGGSBURGUER,5500,Serviços de alojamento e alimentação,110201,
2400409,MISTO-QUENTE OU FRIO,5500,Serviços de alojamento e alimentação,110201,
2400410,SANDUICHE E SUCO,5500,Serviços de alojamento e alimentação,110201,
2400411,CHEES - TUDO,5500,Serviços de alojamento e alimentação,110201,
2400412,SANDUICHE (NATURAL),5500,Serviços de alojamento e alimentação,110201,
2400501,CAFEZINHO,5500,Serviços de alojamento e alimentação,110201,
2400502,CAFE TIPO EXPRESSO,5500,Serviços de alojamento e alimentação,110201,
2400503,CAFE TIPO CAPUCCINO,5500,Serviços de alojamento e alimentação,110201,
2400601,REFRIGERANTE DE COLA,5500,Serviços de alojamento e alimentação,110201,
2400602,COCA-COLA,5500,Serviços de alojamento e alimentação,110201,
2400701,VITAMINA,5500,Serviços de alojamento e alimentação,110201,
2400702,VITAMINA DE FRUTAS OU VEGETAIS,5500,Serviços de alojamento e alimentação,110201,
2400801,"BALA,CHICLETE,DOCE,SORVETE,CHOCOLATE EM BARRA,PICOLE,ETC.",5500,Serviços de alojamento e alimentação,110201,
2400802,CHICLETE,5500,Serviços de alojamento e alimentação,110201,
2400803,DOCE,5500,Serviços de alojamento e alimentação,110201,
2400804,SORVETE,5500,Serviços de alojamento e alimentação,110201,
2400805,CHOCOLATE EM BARRA,5500,Serviços de alojamento e alimentação,110201,
2400806,PIPOCA,5500,Serviços de alojamento e alimentação,110201,
2400807,BOLO QUALQUER,5500,Serviços de alojamento e alimentação,110201,
2400808,AMENDOIM SALGADO OU DOCE,5500,Serviços de alojamento e alimentação,110201,
2400809,DINDIM (SACOLE),5500,Serviços de alojamento e alimentação,110201,
2400810,TORTA DOCE,5500,Serviços de alojamento e alimentação,110201,
2400811,BROA,5500,Serviços de alojamento e alimentação,110201,
2400812,SONHO,5500,Serviços de alojamento e alimentação,110201,
2400813,RAPADURA,5500,Serviços de alojamento e alimentação,110201,
2400815,BROA DE FUBA,5500,Serviços de alojamento e alimentação,110201,
2400816,"BALA, CHICLETE, DOCE, ETC.",5500,Serviços de alojamento e alimentação,110201,
2400817,BOMBOM,5500,Serviços de alojamento e alimentação,110201,
2400818,BANANA FRITA/MEL,5500,Serviços de alojamento e alimentação,110201,
2400819,CASAROLA (PAO),5500,Serviços de alojamento e alimentação,110201,
2400820,PICOLE,5500,Serviços de alojamento e alimentação,110201,
2400821,CHURRO,5500,Serviços de alojamento e alimentação,110201,
2400822,PUDIM,5500,Serviços de alojamento e alimentação,110201,
2400823,COCADA,5500,Serviços de alojamento e alimentação,110201,
2400824,ALGODAO-DOCE,5500,Serviços de alojamento e alimentação,110201,
2400825,ARROZ - DOCE,5500,Serviços de alojamento e alimentação,110201,
2400826,BOLINHO-DOCE,5500,Serviços de alojamento e alimentação,110201,
2400827,BARRA DE CEREAL,5500,Serviços de alojamento e alimentação,110201,
2400901,AGUARDENTE,5500,Serviços de alojamento e alimentação,110201,
2401001,CERVEJA,5500,Serviços de alojamento e alimentação,110201,
2401002,CERVEJA CARACU,5500,Serviços de alojamento e alimentação,110201,
2401101,OUTRAS BEBIDAS ALCOOLICAS,5500,Serviços de alojamento e alimentação,110201,
2401102,WHISKY,5500,Serviços de alojamento e alimentação,110201,
2401103,VODICA,5500,Serviços de alojamento e alimentação,110201,
2401104,VINHO,5500,Serviços de alojamento e alimentação,110201,
2401105,CACHACA,5500,Serviços de alojamento e alimentação,110201,
2401106,CAIPIRINHA,5500,Serviços de alojamento e alimentação,110201,
2401107,CONHAQUE,5500,Serviços de alojamento e alimentação,110201,
2401201,CHOPP,5500,Serviços de alojamento e alimentação,110201,
2401202,CHOPE,5500,Serviços de alojamento e alimentação,110201,
2401301,IOGURTE,5500,Serviços de alojamento e alimentação,110201,
2401302,IOGURTE DE SABORES,5500,Serviços de alojamento e alimentação,110201,
2401401,FRUTA,5500,Serviços de alojamento e alimentação,110201,
2401402,BANANA,5500,Serviços de alojamento e alimentação,110201,
2401403,LARANJA,5500,Serviços de alojamento e alimentação,110201,
2401404,MACA,5500,Serviços de alojamento e alimentação,110201,
2401405,MANGA,5500,Serviços de alojamento e alimentação,110201,
2401501,SALADA DE FRUTAS,5500,Serviços de alojamento e alimentação,110201,
2401601,ESPIGA DE MILHO ASSADA OU COZIDA,5500,Serviços de alojamento e alimentação,110201,
2401602,MILHO ASSADO OU COZIDO,5500,Serviços de alojamento e alimentação,110201,
2401701,TACACA,5500,Serviços de alojamento e alimentação,110201,
2401801,BISCOITO DOCE,5500,Serviços de alojamento e alimentação,110201,
2401802,BOLACHA DOCE,5500,Serviços de alojamento e alimentação,110201,
2401803,BISCOITO WEFFER,5500,Serviços de alojamento e alimentação,110201,
2401901,TAPIOCA (BEIJU),5500,Serviços de alojamento e alimentação,110201,
2402001,ACAI (EMULSAO),5500,Serviços de alojamento e alimentação,110201,
2402101,"CALDO (CARNE,FEIJAO,MOCOTO,ETC.)",5500,Serviços de alojamento e alimentação,110201,
2402102,CALDO DE CARURU,5500,Serviços de alojamento e alimentação,110201,
2402201,CHA PREPARADO,5500,Serviços de alojamento e alimentação,110201,
2402202,CHA MATE,5500,Serviços de alojamento e alimentação,110201,
2402401,TOMATE,5500,Serviços de alojamento e alimentação,110201,
2402501,MINGAU,5500,Serviços de alojamento e alimentação,110201,
2402601,CUSCUZ,5500,Serviços de alojamento e alimentação,110201,
2402701,CANJICA,5500,Serviços de alojamento e alimentação,110201,
2402702,MUNGUNZA,5500,Serviços de alojamento e alimentação,110201,
2402703,MUGUNZA,5500,Serviços de alojamento e alimentação,110201,
2402704,CURAU DE MILHO,5500,Serviços de alojamento e alimentação,110201,
2402801,YAKULT,5500,Serviços de alojamento e alimentação,110201,
2403001,PAMONHA,5500,Serviços de alojamento e alimentação,110201,
2403101,REFRIGERANTE ENERGETICO (QUALQUER SABOR),5500,Serviços de alojamento e alimentação,110201,
2403102,TAFFMAN E,5500,Serviços de alojamento e alimentação,110201,
2403201,AGUA COMUM (SACO),5500,Serviços de alojamento e alimentação,110201,
2403401,FARINHA LACTEA,5500,Serviços de alojamento e alimentação,110201,
2403601,MAMY (LEITE DE SOJA COM SABOR - LIQUIDO),5500,Serviços de alojamento e alimentação,110201,
2403701,LANCHE,5500,Serviços de alojamento e alimentação,110201,
2403702,ACARAJE E REFRIGERANTE,5500,Serviços de alojamento e alimentação,110201,
2403703,"SANDUICHE, BATATA FRITA E REFRIGERANTE",5500,Serviços de alojamento e alimentação,110201,
2403704,"SANDUICHE, SALGADO E REFRIGERANTE",5500,Serviços de alojamento e alimentação,110201,
2403705,SALGADO E REFRIGERANTE,5500,Serviços de alojamento e alimentação,110201,
2403706,SALGADO E SUCO,5500,Serviços de alojamento e alimentação,110201,
2403707,SALGADO E CERVEJA,5500,Serviços de alojamento e alimentação,110201,
2403709,SANDUICHE E REFRIGERANTE,5500,Serviços de alojamento e alimentação,110201,
2403710,SANDUICHE E REFRESCO,5500,Serviços de alojamento e alimentação,110201,
2403711,BOLO E REFRIGERANTE,5500,Serviços de alojamento e alimentação,110201,
2403712,SALGADO E VITAMINA,5500,Serviços de alojamento e alimentação,110201,
2403713,SANDUICHE E SUCO,5500,Serviços de alojamento e alimentação,110201,
2403714,BOLACHA E SUCO,5500,Serviços de alojamento e alimentação,110201,
2403715,SALGADO E REFRESCO,5500,Serviços de alojamento e alimentação,110201,
2403801,ABARA,5500,Serviços de alojamento e alimentação,110201,
2403901,TODDYNHO,5500,Serviços de alojamento e alimentação,110201,
2403902,LEITE VITAMINADO TODDYNHO,5500,Serviços de alojamento e alimentação,110201,
2403903,LEITE ACHOCOLATADO TODDYNHO,5500,Serviços de alojamento e alimentação,110201,
2403904,ACHOCOLATADO,5500,Serviços de alojamento e alimentação,110201,
2404001,MILK SHAKE,5500,Serviços de alojamento e alimentação,110201,
2404101,ALMOCO E JANTAR A LA CARTE (REFEICAO),5500,Serviços de alojamento e alimentação,110201,
2404102,JANTAR A LA CARTE (REFEICAO),5500,Serviços de alojamento e alimentação,110201,
2404103,ALMOCO E JANTAR ( A LA CARTE ),5500,Serviços de alojamento e alimentação,110201,
2404104,ALMOCO E JANTAR COM BEBIDAS (A LA CARTE),5500,Serviços de alojamento e alimentação,110201,
2404105,ALMOCO E JANTAR (MASSA),5500,Serviços de alojamento e alimentação,110201,
2404106,ALMOCO E JANTAR MAIS CAFE (A LA CARTE),5500,Serviços de alojamento e alimentação,110201,
2404201,ALMOCO E JANTAR FAST FOOD (REFEICAO),5500,Serviços de alojamento e alimentação,110201,
2404202,JANTAR FAST FOOD (REFEICAO),5500,Serviços de alojamento e alimentação,110201,
2404203,ALMOCO E JANTAR ( FAST FOOD ),5500,Serviços de alojamento e alimentação,110201,
2404301,SALGADINHO,5500,Serviços de alojamento e alimentação,110201,
2404302,PASTEL,5500,Serviços de alojamento e alimentação,110201,
2404303,CROQUETE,5500,Serviços de alojamento e alimentação,110201,
2404304,"BOLINHO SALGADO (CARNE,CAMARAO,ETC.)",5500,Serviços de alojamento e alimentação,110201,
2404305,COXINHA,5500,Serviços de alojamento e alimentação,110201,
2404306,EMPADA,5500,Serviços de alojamento e alimentação,110201,
2404307,RIZOLE,5500,Serviços de alojamento e alimentação,110201,
2404308,PIZZA EM PEDACO,5500,Serviços de alojamento e alimentação,110201,
2404309,TIRA-GOSTO,5500,Serviços de alojamento e alimentação,110201,
2404310,QUEIJO,5500,Serviços de alojamento e alimentação,110201,
2404311,ACARAJE,5500,Serviços de alojamento e alimentação,110201,
2404312,OVO COZIDO,5500,Serviços de alojamento e alimentação,110201,
2404313,CHURRASQUINHO (ESPETINHO),5500,Serviços de alojamento e alimentação,110201,
2404314,PEIXE FRITO,5500,Serviços de alojamento e alimentação,110201,
2404315,SALGADINHO EM PACOTE,5500,Serviços de alojamento e alimentação,110201,
2404316,BATATA FRITA,5500,Serviços de alojamento e alimentação,110201,
2404317,CARANGUEJO,5500,Serviços de alojamento e alimentação,110201,
2404318,REQUEIJAO,5500,Serviços de alojamento e alimentação,110201,
2404319,SALAME,5500,Serviços de alojamento e alimentação,110201,
2404321,SALGADINHO DE MILHO,5500,Serviços de alojamento e alimentação,110201,
2404322,PORCAO DE CARNE,5500,Serviços de alojamento e alimentação,110201,
2404323,CARNE (PORCAO),5500,Serviços de alojamento e alimentação,110201,
2404324,CASTANHA DE CAJU (SAQUINHO),5500,Serviços de alojamento e alimentação,110201,
2404325,FRIOS (SALGADINHO),5500,Serviços de alojamento e alimentação,110201,
2404326,MILHOPAN (CHIPS),5500,Serviços de alojamento e alimentação,110201,
2404327,ESPETINHO DE CARNE,5500,Serviços de alojamento e alimentação,110201,
2404328,PEIXE ASSADO,5500,Serviços de alojamento e alimentação,110201,
2404330,ANGU A BAIANA,5500,Serviços de alojamento e alimentação,110201,
2404331,SOPA QUALQUER TIPO,5500,Serviços de alojamento e alimentação,110201,
2404337,ENROLADINHO,5500,Serviços de alojamento e alimentação,110201,
2404338,QUIBE,5500,Serviços de alojamento e alimentação,110201,
2404339,ESFIRRA,5500,Serviços de alojamento e alimentação,110201,
2404340,COMPLEMENTO ALIMENTAR,5500,Serviços de alojamento e alimentação,110201,
2404341,CREPE,5500,Serviços de alojamento e alimentação,110201,
2404342,TORTA SALGADA,5500,Serviços de alojamento e alimentação,110201,
2404401,REFRIGERANTE DE GUARANA,5500,Serviços de alojamento e alimentação,110201,
2404402,GUARANA,5500,Serviços de alojamento e alimentação,110201,
2404501,REFRIGERANTE DE OUTROS SABORES,5500,Serviços de alojamento e alimentação,110201,
2404502,REFRIGERANTE DE UVA,5500,Serviços de alojamento e alimentação,110201,
2404503,REFRIGERANTE DE LARANJA,5500,Serviços de alojamento e alimentação,110201,
2404504,REFRIGERANTE DE LIMAO,5500,Serviços de alojamento e alimentação,110201,
2404601,REFRIGERANTE AGUA MINERAL,5500,Serviços de alojamento e alimentação,110201,
2404602,AGUA MINERAL,5500,Serviços de alojamento e alimentação,110201,
2404701,SUCO,5500,Serviços de alojamento e alimentação,110201,
2404702,SUCO DE FRUTAS OU VEGETAIS,5500,Serviços de alojamento e alimentação,110201,
2404703,CALDO DE CANA,5500,Serviços de alojamento e alimentação,110201,
2404704,CAJUINA (SUCO),5500,Serviços de alojamento e alimentação,110201,
2404801,REFRESCO,5500,Serviços de alojamento e alimentação,110201,
2404802,REFRESCO DE FRUTAS,5500,Serviços de alojamento e alimentação,110201,
2404901,AGUA DE COCO,5500,Serviços de alojamento e alimentação,110201,
2404902,COCO VERDE (AGUA DE COCO),5500,Serviços de alojamento e alimentação,110201,
2405001,BISCOITO SALGADO,5500,Serviços de alojamento e alimentação,110201,
2405002,BOLACHA SALGADA,5500,Serviços de alojamento e alimentação,110201,
2405101,ALMOCO ESCOLAR,5500,Serviços de alojamento e alimentação,110201,
2405102,ALMOCO EM ESCOLA,5500,Serviços de alojamento e alimentação,110201,
2405201,JANTAR ESCOLAR,5500,Serviços de alojamento e alimentação,110201,
2405202,JANTAR EM ESCOLA,5500,Serviços de alojamento e alimentação,110201,
2405301,LANCHE ESCOLAR,5500,Serviços de alojamento e alimentação,110201,
2405302,LANCHE EM ESCOLA,5500,Serviços de alojamento e alimentação,110201,
2405303,MERENDA EM ESCOLA,5500,Serviços de alojamento e alimentação,110201,
2405304,MERENDA ESCOLAR,5500,Serviços de alojamento e alimentação,110201,
2405401,CAFE ESCOLAR,5500,Serviços de alojamento e alimentação,110201,
2405501,ALMOCO E JANTAR (TIPO INDETERMINADO),5500,Serviços de alojamento e alimentação,110201,
2405502,CHURRASCO E BEBIDAS,5500,Serviços de alojamento e alimentação,110201,
2405503,ALMOCO E SUCO (TIPO INDETERMINADO),5500,Serviços de alojamento e alimentação,110201,
2405504,ALMOCO E JANTAR (PRATO FEITO),5500,Serviços de alojamento e alimentação,110201,
2405505,ALMOCO E JANTAR (QUENTINHA),5500,Serviços de alojamento e alimentação,110201,
2405506,ALMOCO E JANTAR (MARMITA),5500,Serviços de alojamento e alimentação,110201,
2405507,ALMOCO E JANTAR (BANDEIJAO),5500,Serviços de alojamento e alimentação,110201,
2405508,ALMOCO E JANTAR - CASEIRO,5500,Serviços de alojamento e alimentação,110201,
2405509,ALMOCO NO TRABALHO,5500,Serviços de alojamento e alimentação,110201,
2405510,ALMOCO NO SERVICO,5500,Serviços de alojamento e alimentação,110201,
2405511,ALMOCO NA IGREJA,5500,Serviços de alojamento e alimentação,110201,
2405601,CAFE DA MANHA,5500,Serviços de alojamento e alimentação,110201,
2405602,CAFE COM PAO,5500,Serviços de alojamento e alimentação,110201,
2405603,CAFE TIPO COLONIAL,5500,Serviços de alojamento e alimentação,110201,
2405604,CAFE E BOLO,5500,Serviços de alojamento e alimentação,110201,
2405605,CAFE E BISCOITO,5500,Serviços de alojamento e alimentação,110201,
2405606,CAFE E SALGADO,5500,Serviços de alojamento e alimentação,110201,
2405701,BEBIDAS E APERITIVO (PORCAO),5500,Serviços de alojamento e alimentação,110201,
2405702,CERVEJA E PORCAO,5500,Serviços de alojamento e alimentação,110201,
2405801,VATAPA - PORCAO,5500,Serviços de alojamento e alimentação,110201,
2405901,TONICA,5500,Serviços de alojamento e alimentação,110201,
2406001,REFRIGERANTE (NAO ESPECIFICADO),5500,Serviços de alojamento e alimentação,110201,
2406101,SOBREMESA,5500,Serviços de alojamento e alimentação,110201,
2500101,CIGARRO,1200,Produtos do fumo,030201,
2500301,CHARUTO,1200,Produtos do fumo,030201,
2500401,CIGARRILHA,1200,Produtos do fumo,030201,
2500501,FUMO DESFIADO,1200,Produtos do fumo,030201,
2500502,FUMO DESFIADO PARA CIGARRO,1200,Produtos do fumo,030201,
2500503,FUMO DESFIADO PARA CACHIMBO,1200,Produtos do fumo,030201,
2500701,FOSFORO (FUMANTE),3180,Móveis e produtos das indústrias diversas,033401,
2500702,FOSFORO,3180,Móveis e produtos das indústrias diversas,033401,
2500901,PITEIRA,3180,Móveis e produtos das indústrias diversas,033401,
2501001,FLUIDO DE ISQUEIRO,3180,Móveis e produtos das indústrias diversas,033401,
2501101,GAS DE ISQUEIRO,3180,Móveis e produtos das indústrias diversas,033401,
2501201,PEDRA DE ISQUEIRO,3180,Móveis e produtos das indústrias diversas,033401,
2501301,FUMO DE ROLO,1200,Produtos do fumo,030201,
2501401,RAPE,1200,Produtos do fumo,030201,
2501501,CIGARRO DE PALHA,1200,Produtos do fumo,030201,
2501601,PALHA PARA CIGARRO,1200,Produtos do fumo,030201,
2501602,PAPEL DE CIGARRO,1700,"Papel e papelão, embalagens e artefatos",030702,
2501701,MACONHA,1200,ILEGAL,ILEGAL,
2501702,CIGARRO DE MACONHA,1200,ILEGAL,ILEGAL,
2501801,COCAINA,1200,ILEGAL,ILEGAL,
2501901,LANCA-PERFUME,1200,ILEGAL,ILEGAL,
2600101,LOTECA,9480,Serviços prestados às famílias,110601,
2600102,LOTERIA ESPORTIVA,9480,Serviços prestados às famílias,110601,
2600201,LOTERIA FEDERAL E ESTADUAL,9480,Serviços prestados às famílias,110601,
2600301,LOTOMANIA,9480,Serviços prestados às famílias,110601,
2600401,JOGO DO BICHO,9480,Serviços prestados às famílias,110601,
2600501,CORRIDA DE CAVALOS,9480,Serviços prestados às famílias,110601,
2600601,BRIGA DE GALOS,9480,Serviços prestados às famílias,110601,
2600701,JOGO DE CARTAS,9480,Serviços prestados às famílias,110601,
2600702,JOGO DE DOMINO (APOSTA),9480,Serviços prestados às famílias,110601,
2600801,OUTROS JOGOS E APOSTAS,9480,Serviços prestados às famílias,110601,
2600802,SINUCA (APOSTA),9480,Serviços prestados às famílias,110601,
2600803,CHAMADA DA SORTE,9480,Serviços prestados às famílias,110601,
2600804,APOSTAS EM JOGO DE FUTEBOL (BOLAO),9480,Serviços prestados às famílias,110601,
2600805,JOGO DE DADOS (APOSTA),9480,Serviços prestados às famílias,110601,
2600901,RIFA,9480,Serviços prestados às famílias,110601,
2601001,BINGO,9480,Serviços prestados às famílias,110601,
2601201,SENA,9480,Serviços prestados às famílias,110601,
2601301,TELESENA,9480,Serviços prestados às famílias,110601,
2601401,RASPADINHA,9480,Serviços prestados às famílias,110601,
2601501,PAPATUDO,9480,Serviços prestados às famílias,110601,
2601601,QUINA,9480,Serviços prestados às famílias,110601,
2601701,SUPERSENA,9480,Serviços prestados às famílias,110601,
2601801,MEGASENA,9480,Serviços prestados às famílias,110601,
2601901,TOTO-BOLA,9480,Serviços prestados às famílias,110601,
2602101,DUPLA SENA,9480,Serviços prestados às famílias,110601,
2603101,MAQUINA DE CACA NIQUEL,9480,Serviços prestados às famílias,110601,
2700101,JORNAL,1800,"Jornais, revistas, discos e outros produtos gravados",030801,
2700201,REVISTA INFANTIL,1800,"Jornais, revistas, discos e outros produtos gravados",030801,
2700301,OUTRAS REVISTAS,1800,"Jornais, revistas, discos e outros produtos gravados",030801,
2700303,REVISTA ESPORTIVA,1800,"Jornais, revistas, discos e outros produtos gravados",030801,
2700304,REVISTA DE MODA,1800,"Jornais, revistas, discos e outros produtos gravados",030801,
2700305,REVISTA MASCULINA,1800,"Jornais, revistas, discos e outros produtos gravados",030801,
2700306,REVISTA DE CULINARIA,1800,"Jornais, revistas, discos e outros produtos gravados",030801,
2700307,REVISTA INFORMATIVA,1800,"Jornais, revistas, discos e outros produtos gravados",030801,
2700401,ALBUM E FIGURINHAS,1800,"Jornais, revistas, discos e outros produtos gravados",030801,
2700402,FIGURINHAS DE ALBUM,1800,"Jornais, revistas, discos e outros produtos gravados",030801,
2700501,FOLHETO,1800,"Jornais, revistas, discos e outros produtos gravados",030801,
2700601,CRUZADINHA (PALAVRA CRUZADA),1800,"Jornais, revistas, discos e outros produtos gravados",030801,
2800101,CINEMA,9080,Serviços prestados às famílias,110601,
2800201,TEATRO,9080,Serviços prestados às famílias,110601,
2800202,DANCA CLASSICA,9080,Serviços prestados às famílias,110601,
2800301,FUTEBOL,9080,Serviços prestados às famílias,110601,
2800401,"VOLEIBOL,BASQUETEBOL,ETC.",9080,Serviços prestados às famílias,110601,
2800402,BASQUETEBOL,9080,Serviços prestados às famílias,110601,
2800403,FUTEBOL DE SALAO,9080,Serviços prestados às famílias,110601,
2800404,CORRIDA AUTOMOBILISTICA,9080,Serviços prestados às famílias,110601,
2800405,TENIS (INGRESSO),9080,Serviços prestados às famílias,110601,
2800501,CLUBE (MENSALIDADE E TAXA),9080,Serviços prestados às famílias,110601,
2800502,VIDEOCLUBE (TAXA),9080,Serviços prestados às famílias,110601,
2800503,ASSOCIACAO RECREATIVA (MENSALIDADE E TAXA),9080,Serviços prestados às famílias,110601,
2800504,CLUBE ( MENSALIDADE E TAXA ),9080,Serviços prestados às famílias,110601,
2800601,DISCO DE VINIL,1800,"Jornais, revistas, discos e outros produtos gravados",030801,
2800701,FILME E FLASH DESCARTAVEL,2092,Produtos e preparados químicos diversos,031701,
2800801,REVELACAO E COPIA,5800,Serviços prestados às empresas,110301,
2800802,COPIA DE FILME,5800,Serviços prestados às empresas,110301,
2800901,ALUGUEL DE FITA DE VIDEOCASSETE,6800,Serviços imobiliários e aluguel,100101,
2800902,ALUGUEL DE FITA VIDEOCASSETE,6800,Serviços imobiliários e aluguel,100101,
2801001,FITA DE VIDEOCASSETE GRAVADA,1800,"Jornais, revistas, discos e outros produtos gravados",030801,
2801101,SHOW,9080,Serviços prestados às famílias,110601,
2801201,PARQUE DE DIVERSOES,9080,Serviços prestados às famílias,110601,
2801203,FESTA JUNINA (INGRESSO),9080,Serviços prestados às famílias,110601,
2801204,INGRESSO EM FESTA JUNINA,9080,Serviços prestados às famílias,110601,
2801205,QUERMESSE (INGRESSO),9080,Serviços prestados às famílias,110601,
2801206,INGRESSO EM QUERMESSE,9080,Serviços prestados às famílias,110601,
2801301,JARDIM ZOOLOGICO,9080,Serviços prestados às famílias,110601,
2801401,MUSEU,9080,Serviços prestados às famílias,110601,
2801501,JOGOS ELETRONICOS (FICHA),9480,Serviços prestados às famílias,110601,
2801502,FLIPERAMA (FICHA),9480,Serviços prestados às famílias,110601,
2801503,VIDEOGAME (FICHA),9480,Serviços prestados às famílias,110601,
2801504,VIDEOGAME (ALUGUEL DA HORA),9480,Serviços prestados às famílias,110601,
2801601,LOCACAO DE CHARRETE (PASSEIO),9480,Serviços prestados às famílias,110601,
2801602,LOCACAO DE CAVALOS (PASSEIO),9480,Serviços prestados às famílias,110601,
2801607,ALUGUEL DE BOTE (PASSEIO),9480,Serviços prestados às famílias,110601,
2801701,ALUGUEL DE QUADRA E CAMPO,9480,Serviços prestados às famílias,110601,
2801801,EXPOSICAO (INGRESSO),9080,Serviços prestados às famílias,110601,
2801901,CIRCO,9080,Serviços prestados às famílias,110601,
2802001,"BOITE,DANCETERIA E DISCOTECA",9080,Serviços prestados às famílias,110601,
2802002,DANCETERIA,9080,Serviços prestados às famílias,110601,
2802003,DISCOTECA,9080,Serviços prestados às famílias,110601,
2802004,KARAOKE,9080,Serviços prestados às famílias,110601,
2802005,FORRO (INGRESSO),9080,Serviços prestados às famílias,110601,
2802006,INGRESSO DE FORRO,9080,Serviços prestados às famílias,110601,
2802007,BAR (COUVERT ARTISTICO),9480,Serviços prestados às famílias,110601,
2802008,CLUBE (BAILE E FESTA),9080,Serviços prestados às famílias,110601,
2802009,"BOITE, DANCETERIA, DISCOTECA",9080,Serviços prestados às famílias,110601,
2802101,"SINUCA,TOTO E BOLICHE",9480,Serviços prestados às famílias,110601,
2802102,TOTO,9480,Serviços prestados às famílias,110601,
2802103,BOLICHE,9480,Serviços prestados às famílias,110601,
2802104,SINUCA,9480,Serviços prestados às famílias,110601,
2802201,FOGOS E ARTEFATOS JUNINOS,2092,Produtos e preparados químicos diversos,031701,
2802501,MOTEL,5500,Serviços de alojamento e alimentação,110201,
2802601,ALUGUEL DE DVD (CD),6800,Serviços imobiliários e aluguel,100101,
2802602,ALUGUEL DE DVD ( CD ),6800,Serviços imobiliários e aluguel,100101,
2802802,"LOCACAO DE CLUBE,TEATRO,ETC. PARA SHOW",6800,Serviços imobiliários e aluguel,100101,
2802901,PROSTITUTA,9480,Serviços prestados às famílias,110601,
2803001,PIQUENIQUE (TAXA),9480,Serviços prestados às famílias,110601,
2803002,TAXA DE PIQUENIQUE,9480,Serviços prestados às famílias,110601,
2803401,"PISCINA EM PARQUE,RESERVA,ETC.",9480,Serviços prestados às famílias,110601,
2803501,RINHA (INGRESSO),9480,Serviços prestados às famílias,110601,
2803601,RODEIO (INGRESSO),9480,Serviços prestados às famílias,110601,
2803801,SERESTA,9480,Serviços prestados às famílias,110601,
2803901,ALUGUEL DE BRINQUEDO ELETRICO OU ELETRONICO,6800,Serviços imobiliários e aluguel,100101,
2804001,DISCO LASER,1800,"Jornais, revistas, discos e outros produtos gravados",030801,
2804002,COMPACT DISC,1800,"Jornais, revistas, discos e outros produtos gravados",030801,
2804003,CD DE VIDEOGAME,1800,"Jornais, revistas, discos e outros produtos gravados",030801,
2804101,FITA DE VIDEOGAME,3180,Móveis e produtos das indústrias diversas,033401,
2804201,ALUGUEL DE FITA DE VIDEOGAME,6800,Serviços imobiliários e aluguel,100101,
2804202,ALUGUEL FITA VIDEOGAME,6800,Serviços imobiliários e aluguel,100101,
2804301,FITA CASSETE GRAVADA,1800,"Jornais, revistas, discos e outros produtos gravados",030801,
2804401,FITA CASSETE VIRGEM,2092,Produtos e preparados químicos diversos,031701,
2804501,FITA DE VIDEOCASSETE VIRGEM,2092,Produtos e preparados químicos diversos,031701,
2804502,FITA DE FILMADORA,2092,Produtos e preparados químicos diversos,031701,
2804601,ALUGUEL DE COMPACT DISC,6800,Serviços imobiliários e aluguel,100101,
2804602,LOCACAO DE COMPACT DISC,6800,Serviços imobiliários e aluguel,100101,
2804701,CD-ROM (DISCO),1800,"Jornais, revistas, discos e outros produtos gravados",030801,
2804702,COMPACT DISC PARA CD-ROM,1800,"Jornais, revistas, discos e outros produtos gravados",030801,
2804801,DISQUETE PARA COMPUTADOR,2092,Produtos e preparados químicos diversos,031701,
2805001,HOTEL (INGRESSO),5500,Serviços de alojamento e alimentação,110201,
2805101,PESQUE-PAGUE,9480,Serviços prestados às famílias,110601,
2805102,TAXA DE PESCA,9480,Serviços prestados às famílias,110601,
2805103,PESCA PAGA,9480,Serviços prestados às famílias,110601,
2805201,FITA DE IMPRESSORA PARA COMPUTADOR,3180,Móveis e produtos das indústrias diversas,033401,
2805202,CARTUCHO DE IMPRESSORA DE COMPUTADOR,3180,Móveis e produtos das indústrias diversas,033401,
2805301,TITULO DE TURISMO (MENSALIDADE),9480,Serviços prestados às famílias,110601,
2805401,ALUGUEL DE BRINQUEDO NAO ELETRICO OU NAO ELETRONICO,9480,Serviços prestados às famílias,110601,
2805501,TELEFONE CELULAR,6100,Serviços de informação,080101,
2805502,TELEFONE MOVEL,6100,Serviços de informação,080101,
2805504,CARTAO DE TELEFONE CELULAR,6100,Serviços de informação,080101,
2805601,ACADEMIA,9480,Serviços prestados às famílias,110601,
2805602,ACADEMIA DE GINASTICA,9480,Serviços prestados às famílias,110601,
2805603,ACADEMIA DE MUSCULACAO,9480,Serviços prestados às famílias,110601,
2805701,FESTA COMUNITARIA,9800,TRANSF,TRANSF,
2805801,PASSEIO (INGRESSO),9080,Serviços prestados às famílias,110601,
2805901,CARNAVAL (INGRESSO),9480,Serviços prestados às famílias,110601,
2806001,DVD (COMPRA),1800,"Jornais, revistas, discos e outros produtos gravados",030801,
2806101,ALUGUEL DE CADEIRA DE PRAIA,6800,Serviços imobiliários e aluguel,100101,
2900101,ANTIINFECCIOSO,2100,Produtos farmacêuticos,031301,
2900102,ANTIBIOTICO,2100,Produtos farmacêuticos,031301,
2900103,TANDRILAX (ANTIBIOTICO),2100,Produtos farmacêuticos,031301,
2900104,CREME VAGINAL,2100,Produtos farmacêuticos,031301,
2900105,REMEDIO GINECOLOGICO,2100,Produtos farmacêuticos,031301,
2900106,PARA INFECCOES DA BOCA E GARGANTA,2100,Produtos farmacêuticos,031301,
2900107,POMADA VAGINAL,2100,Produtos farmacêuticos,031301,
2900201,ANALGESICO E ANTITERMICO,2100,Produtos farmacêuticos,031301,
2900202,ANTITERMICO,2100,Produtos farmacêuticos,031301,
2900203,GELOL (ANALGESICO),2100,Produtos farmacêuticos,031301,
2900204,PARA CONTUSAO (ANALGESICO),2100,Produtos farmacêuticos,031301,
2900205,PARA ENXAQUECA,2100,Produtos farmacêuticos,031301,
2900206,XILOCAINA,2100,Produtos farmacêuticos,031301,
2900207,ANESTESICO,2100,Produtos farmacêuticos,031301,
2900208,ANALGESICO,2100,Produtos farmacêuticos,031301,
2900209,ANALGESICO E ANTIINFLAMATORIO,2100,Produtos farmacêuticos,031301,
2900301,ANTIINFLAMATORIO E ANTI-REUMATICO,2100,Produtos farmacêuticos,031301,
2900302,PARA SINUSITE (ANTIINFLAMATORIO),2100,Produtos farmacêuticos,031301,
2900303,PARA LABIRINTITE (ANTIINFLAMATORIO),2100,Produtos farmacêuticos,031301,
2900304,ANTI-REUMATICO,2100,Produtos farmacêuticos,031301,
2900305,PARA REUMATISMO,2100,Produtos farmacêuticos,031301,
2900306,ANTIINFLAMATORIO,2100,Produtos farmacêuticos,031301,
2900307,PARA COLUNA,2100,Produtos farmacêuticos,031301,
2900308,CORTICOIDE,2100,Produtos farmacêuticos,031301,
2900401,ANTIGRIPAL E ANTITUSSIGENO,2100,Produtos farmacêuticos,031301,
2900402,ANTITUSSIGENO,2100,Produtos farmacêuticos,031301,
2900403,ANTIGRIPAL,2100,Produtos farmacêuticos,031301,
2900404,ANTIGRIPAL E ANALGESICO,2100,Produtos farmacêuticos,031301,
2900405,ANTIGRIPAL E ANTITERMICO,2100,Produtos farmacêuticos,031301,
2900406,ANTIGRIPAL HOMEOPATICO,2100,Produtos farmacêuticos,031301,
2900407,EXPECTORANTE (XAROPE),2100,Produtos farmacêuticos,031301,
2900408,MEL MEDICINAL (QUALQUER TIPO),2100,Produtos farmacêuticos,031301,
2900501,ANTIALERGICO,2100,Produtos farmacêuticos,031301,
2900502,DESCONGESTIONANTE NASAL,2100,Produtos farmacêuticos,031301,
2900503,ANTIALERGICO HOMEOPATICO,2100,Produtos farmacêuticos,031301,
2900504,DESCONGESTIONANTE NASAL HOMEOPATICO,2100,Produtos farmacêuticos,031301,
2900505,ANTICONGESTIONANTE,2100,Produtos farmacêuticos,031301,
2900506,CREME ANTIALERGICO,2100,Produtos farmacêuticos,031301,
2900507,PASTILHA PARA GARGANTA,2100,Produtos farmacêuticos,031301,
2900601,VASODILATADOR/PRESSAO ARTERIAL,2100,Produtos farmacêuticos,031301,
2900602,PARA PRESSAO ARTERIAL,2100,Produtos farmacêuticos,031301,
2900603,PARA INSUFICIENCIA CARDIOVASCULAR,2100,Produtos farmacêuticos,031301,
2900604,PARA O CORACAO (INSUFICIENCIA CARDIOVASCULAR),2100,Produtos farmacêuticos,031301,
2900701,CALMANTE,2100,Produtos farmacêuticos,031301,
2900702,ANTIDEPRESSIVO,2100,Produtos farmacêuticos,031301,
2900703,ANTI-DEPRESSIVO,2100,Produtos farmacêuticos,031301,
2900704,CALMANTE NATURAL,2100,Produtos farmacêuticos,031301,
2900801,PARA O FIGADO (HEPATICO),2100,Produtos farmacêuticos,031301,
2900802,HEPATICO (PARA O FIGADO),2100,Produtos farmacêuticos,031301,
2900803,PARA HEPATITE,2100,Produtos farmacêuticos,031301,
2900901,PARA OS RINS (RENAL),2100,Produtos farmacêuticos,031301,
2900902,RENAL (PARA OS RINS),2100,Produtos farmacêuticos,031301,
2900903,DIURETICO,2100,Produtos farmacêuticos,031301,
2901001,ANTIACIDO,2100,Produtos farmacêuticos,031301,
2901002,PARA ESTOMAGO,2100,Produtos farmacêuticos,031301,
2901003,ESTOMACAL (PARA ESTOMAGO),2100,Produtos farmacêuticos,031301,
2901004,DIGESTIVO,2100,Produtos farmacêuticos,031301,
2901005,PARA GASTRITE,2100,Produtos farmacêuticos,031301,
2901101,ANTIANEMICO,2100,Produtos farmacêuticos,031301,
2901102,FORTIFICANTE,2100,Produtos farmacêuticos,031301,
2901103,OLEO FORTIFICANTE,2100,Produtos farmacêuticos,031301,
2901201,ANTICONCEPCIONAL,2100,Produtos farmacêuticos,031301,
2901202,PRESERVATIVO FEMININO,2200,Artigos de borracha,031801,
2901301,MODERADOR DE APETITE,2100,Produtos farmacêuticos,031301,
2901303,EMAGRECEDOR,2100,Produtos farmacêuticos,031301,
2901304,ESTIMULANTE DO APETITE,2100,Produtos farmacêuticos,031301,
2901305,COMPLEMENTO ALIMENTAR,2100,Produtos farmacêuticos,031301,
2901401,PARA DIABETES,2100,Produtos farmacêuticos,031301,
2901501,DERMATOLOGICO,2100,Produtos farmacêuticos,031301,
2901502,PARA MICOSE (DERMATOLOGICO),2100,Produtos farmacêuticos,031301,
2901503,ANTIFUNGICO,2100,Produtos farmacêuticos,031301,
2901504,ANTIMICOTICO,2100,Produtos farmacêuticos,031301,
2901505,CREME ANTIMICOTICO,2100,Produtos farmacêuticos,031301,
2901506,CREME DERMATOLOGICO,2100,Produtos farmacêuticos,031301,
2901507,"CREME PARA O CORPO (MAO,PE, ETC.)",2100,Produtos farmacêuticos,031301,
2901508,CREME PARA QUEIMADURAS,2100,Produtos farmacêuticos,031301,
2901509,OLEO DERMATOLOGICO,2100,Produtos farmacêuticos,031301,
2901510,PARA LUPUS,2100,Produtos farmacêuticos,031301,
2901511,POMADA (INDETERMINADA),2100,Produtos farmacêuticos,031301,
2901512,GEL MASSAGEADOR,2100,Produtos farmacêuticos,031301,
2901601,VITAMINA (EXCETO B12),2100,Produtos farmacêuticos,031301,
2901701,QUIMIOTERAPICO,2100,Produtos farmacêuticos,031301,
2901702,PARA QUIMIOTERAPIA,2100,Produtos farmacêuticos,031301,
2901801,ANTIDIARREICO,2100,Produtos farmacêuticos,031301,
2901802,PARA DIARREIA,2100,Produtos farmacêuticos,031301,
2901901,ANTIEPILEPTICO,2100,Produtos farmacêuticos,031301,
2901902,ANTICONVULSIVO,2100,Produtos farmacêuticos,031301,
2901903,PARA CONVULSAO,2100,Produtos farmacêuticos,031301,
2901904,PARA EPILEPSIA,2100,Produtos farmacêuticos,031301,
2901906,RELAXANTE MUSCULAR,2100,Produtos farmacêuticos,031301,
2901907,ANTIEPILETICO,2100,Produtos farmacêuticos,031301,
2902001,ANTI-HELMINTICO (VERMIFUGO),2100,Produtos farmacêuticos,031301,
2902002,PARA VERMES,2100,Produtos farmacêuticos,031301,
2902003,VERMIFUGO,2100,Produtos farmacêuticos,031301,
2902004,ANTIHELMINTICO,2100,Produtos farmacêuticos,031301,
2902005,PARA PROTOZOARIOS,2100,Produtos farmacêuticos,031301,
2902101,PARA GASES,2100,Produtos farmacêuticos,031301,
2902102,LUFTAL (PARA GASES),2100,Produtos farmacêuticos,031301,
2902103,CILIDRON (PARA GASES),2100,Produtos farmacêuticos,031301,
2902104,ANTI-ESPASMODICO,2100,Produtos farmacêuticos,031301,
2902105,ANTICOLICA,2100,Produtos farmacêuticos,031301,
2902106,ANTIESPASMODICO,2100,Produtos farmacêuticos,031301,
2902107,OLEO DOCE (PARA GASES),2100,Produtos farmacêuticos,031301,
2902201,REDUTOR DE COLESTEROL,2100,Produtos farmacêuticos,031301,
2902202,PARA COLESTEROL,2100,Produtos farmacêuticos,031301,
2902301,ANTIOSTEOPOROSE,2100,Produtos farmacêuticos,031301,
2902302,CALCIO PARA OSTEOPOROSE,2100,Produtos farmacêuticos,031301,
2902303,CALCIO (CALCIFICANTE OSSEO),2100,Produtos farmacêuticos,031301,
2902304,PARA OS OSSOS,2100,Produtos farmacêuticos,031301,
2902401,PARA ESTRESSE,2100,Produtos farmacêuticos,031301,
2902402,PARA STRESS,2100,Produtos farmacêuticos,031301,
2902501,ANTIPARKSONIANO,2100,Produtos farmacêuticos,031301,
2902502,PARA O MAL DE PARKINSON,2100,Produtos farmacêuticos,031301,
2902503,PARA SISTEMA NERVOSO,2100,Produtos farmacêuticos,031301,
2902504,NEUROLOGICO,2100,Produtos farmacêuticos,031301,
2902505,PARA MEMORIA,2100,Produtos farmacêuticos,031301,
2902506,PARA TONTURA,2100,Produtos farmacêuticos,031301,
2902507,PARA VERTIGEM,2100,Produtos farmacêuticos,031301,
2902601,LAXANTE E PURGATIVO,2100,Produtos farmacêuticos,031301,
2902602,PARA PRISAO DE VENTRE,2100,Produtos farmacêuticos,031301,
2902603,PURGATIVO,2100,Produtos farmacêuticos,031301,
2902604,LACTO-PURGA,2100,Produtos farmacêuticos,031301,
2902605,PARA INTESTINO,2100,Produtos farmacêuticos,031301,
2902606,INTESTINAL,2100,Produtos farmacêuticos,031301,
2902607,LAXANTE,2100,Produtos farmacêuticos,031301,
2902608,OLEO (LAXATIVO),2100,Produtos farmacêuticos,031301,
2902701,ESTIMULANTE,2100,Produtos farmacêuticos,031301,
2902801,DEPURATIVO SANGUINEO,2100,Produtos farmacêuticos,031301,
2902802,DEPURADOR SANGUINEO,2100,Produtos farmacêuticos,031301,
2902803,DEPURADOR DO SANGUE,2100,Produtos farmacêuticos,031301,
2902804,DEPURATIVO DO SANGUE,2100,Produtos farmacêuticos,031301,
2902901,ANTI-REFLUXIVO GASTRICO,2100,Produtos farmacêuticos,031301,
2902902,PARA REFLUXO GASTRICO,2100,Produtos farmacêuticos,031301,
2902903,PREPULSID (ANTI-REFLUXIVO),2100,Produtos farmacêuticos,031301,
2902904,PARA VOMITO,2100,Produtos farmacêuticos,031301,
2902905,PARA ENJOO,2100,Produtos farmacêuticos,031301,
2902906,PLASIL (PARA ENJOO OU VOMITO),2100,Produtos farmacêuticos,031301,
2903001,PANCREATICO,2100,Produtos farmacêuticos,031301,
2903002,PARA O PANCREAS,2100,Produtos farmacêuticos,031301,
2903101,ANSIOLITICO,2100,Produtos farmacêuticos,031301,
2903201,ANTIASMATICO,2100,Produtos farmacêuticos,031301,
2903202,PARA ASMA,2100,Produtos farmacêuticos,031301,
2903203,AMINOFILINA (ANTIASMATICO),2100,Produtos farmacêuticos,031301,
2903204,AEROFLIN (ANTIASMATICO),2100,Produtos farmacêuticos,031301,
2903205,PARA NEBULIZACAO,2100,Produtos farmacêuticos,031301,
2903301,AMINOACIDO,2100,Produtos farmacêuticos,031301,
2903401,VITAMINA B12,2100,Produtos farmacêuticos,031301,
2903402,COMPLEXO B,2100,Produtos farmacêuticos,031301,
2903403,COMPLEXO VITAMINICO,2100,Produtos farmacêuticos,031301,
2903404,VITAMINA C,2100,Produtos farmacêuticos,031301,
2903501,SORO FISIOLOGICO HIDRATANTE,2100,Produtos farmacêuticos,031301,
2903502,HIDRAFIX,2100,Produtos farmacêuticos,031301,
2903601,REMEDIO PARA VARIZES,2100,Produtos farmacêuticos,031301,
2903602,REMEDIO PARA HEMORROIDAS,2100,Produtos farmacêuticos,031301,
2903603,PARA VARIZES,2100,Produtos farmacêuticos,031301,
2903604,PARA HEMORROIDAS,2100,Produtos farmacêuticos,031301,
2903704,TRATAMENTO AIDS,2100,Produtos farmacêuticos,031301,
2903801,HORMONIO,2100,Produtos farmacêuticos,031301,
2903901,ANTIULCEROSO,2100,Produtos farmacêuticos,031301,
2903902,ANTIULCERA PEPTICA (ESTOMAGO E DUODENO),2100,Produtos farmacêuticos,031301,
2903903,PARA ULCERA PEPTICA (ESTOMAGO E DUODENO),2100,Produtos farmacêuticos,031301,
2904001,REDUTOR DE TRIGLICERIDIO,2100,Produtos farmacêuticos,031301,
2904002,PARA TRIGLICERIDIO,2100,Produtos farmacêuticos,031301,
2904101,ANTINEOPLASICO (TRATAMENTO DE CANCER),2100,Produtos farmacêuticos,031301,
2904102,PARA CANCER,2100,Produtos farmacêuticos,031301,
2904103,ANTINEOPLASICO (TRATAMENTO DE CANCERES),2100,Produtos farmacêuticos,031301,
2904201,ANTIPSICOTICO,2100,Produtos farmacêuticos,031301,
2904202,PARA PSICOSE,2100,Produtos farmacêuticos,031301,
2904301,BRONCODILATADORES,2100,Produtos farmacêuticos,031301,
2904302,PARA BRONQUIOS,2100,Produtos farmacêuticos,031301,
2904303,ANTIBRONQUITE,2100,Produtos farmacêuticos,031301,
2904304,PARA BRONQUITE,2100,Produtos farmacêuticos,031301,
2904401,OTOLOGICOS,2100,Produtos farmacêuticos,031301,
2904501,ANTITIREOIDISMO,2100,Produtos farmacêuticos,031301,
2904502,PARA TIREOIDE,2100,Produtos farmacêuticos,031301,
2904503,PARA TIROIDE,2100,Produtos farmacêuticos,031301,
2904601,VACINAS,2100,Produtos farmacêuticos,031301,
2904603,VACINA ANTI TETANICA,2100,Produtos farmacêuticos,031301,
2904606,VACINA (ANTI-POLIO),2100,Produtos farmacêuticos,031301,
2904608,VACINA ANTIOFIDICO,2100,Produtos farmacêuticos,031301,
2904701,ANTIBACTERIANO,2100,Produtos farmacêuticos,031301,
2904801,PARA EMAGRECER,2100,Produtos farmacêuticos,031301,
2904901,CHA (QUALQUER TIPO),1093,Outros produtos alimentares,030118,
2904902,EXTRATOS (QUALQUER TIPO),1093,Outros produtos alimentares,030118,
2905001,CICATRIZANTE,2100,Produtos farmacêuticos,031301,
2905002,CREME CICATRIZANTE,2100,Produtos farmacêuticos,031301,
2905101,MATERIAL DE CURATIVO,2100,Produtos farmacêuticos,031301,
2905102,ESPARADRAPO,2100,Produtos farmacêuticos,031301,
2905103,GAZE,2100,Produtos farmacêuticos,031301,
2905104,ALGODAO,2100,Produtos farmacêuticos,031301,
2905105,ATADURA,2100,Produtos farmacêuticos,031301,
2905106,ANTI-SEPTICO,2100,Produtos farmacêuticos,031301,
2905107,DESINFETANTE FARMACEUTICO,2100,Produtos farmacêuticos,031301,
2905108,MERCURIO CROMO,2100,Produtos farmacêuticos,031301,
2905109,AGUA OXIGENADA,2100,Produtos farmacêuticos,031301,
2905110,PARA AFTA,2100,Produtos farmacêuticos,031301,
2905111,TINTURA DE ROMA,2100,Produtos farmacêuticos,031301,
2905112,PARA HERPES,2100,Produtos farmacêuticos,031301,
2905113,VIOLETA GENCINANA,2100,Produtos farmacêuticos,031301,
2905114,BAN-DAID,2100,Produtos farmacêuticos,031301,
2905115,FITA ADESIVA PARA CURATIVO,2100,Produtos farmacêuticos,031301,
2905116,MERTHIOLATE,2100,Produtos farmacêuticos,031301,
2905117,AGUA DESTILADA,2100,Produtos farmacêuticos,031301,
2905118,PROTETOR DE JOELHO,2100,Produtos farmacêuticos,031301,
2905119,LUVA CIRURGICA,2200,Artigos de borracha,031801,
2905201,CHUPETA OU BICO,2200,Artigos de borracha,031801,
2905202,BICO,2200,Artigos de borracha,031801,
2905203,CHUCA,2200,Artigos de borracha,031801,
2905301,MAMADEIRA,2200,Artigos de plástico,031802,
2905401,SERINGA,2600,"Aparelhos/instrumentos médico-hospitalar, medida e óptico",032901,
2905501,TERMOMETRO,2600,"Aparelhos/instrumentos médico-hospitalar, medida e óptico",032901,
2905601,VASELINA,1991,Outros produtos do refino de petróleo e coque,030906,
2905701,SOLUCAO DE LENTE DE CONTACTO,2100,Produtos farmacêuticos,031301,
2905702,SORO FISIOLOGICO PARA LENTE DE CONTATO,2100,Produtos farmacêuticos,031301,
2905703,AGUA BORICADA,2100,Produtos farmacêuticos,031301,
2905704,LUBRIFICANTE PARA LENTE DE CONTATO,2100,Produtos farmacêuticos,031301,
2905705,LIQUIDO DE LIMPEZA DE LENTES DE CONTATO,2100,Produtos farmacêuticos,031301,
2905706,LIQUIDO PARA LENTES DE CONTATO,2100,Produtos farmacêuticos,031301,
2905801,SHAMPU MEDICINAL,2093,"Perfumaria, sabões e artigos de limpeza",031501,
2905802,REMEDIO PARA CABELOS (SHAMPU E OUTROS),2093,"Perfumaria, sabões e artigos de limpeza",031501,
2905803,"REMEDIO PARA QUEDA DE CABELOS (SHAMPU,CREME E OUTROS)",2093,"Perfumaria, sabões e artigos de limpeza",031501,
2905901,COREGA,2100,Produtos farmacêuticos,031301,
2905902,FIXADOR DE DENTADURA,2100,Produtos farmacêuticos,031301,
2906001,COTONETES,2100,Produtos farmacêuticos,031301,
2906101,MORDEDOR DE BEBE,2200,Artigos de borracha,031801,
2906104,MORDEDOR DE DENTICAO DE BEBE,2200,Artigos de borracha,031801,
2906201,SABONETE MEDICINAL,2093,"Perfumaria, sabões e artigos de limpeza",031501,
2906202,SABONETE ANTI-PIOLHO,2093,"Perfumaria, sabões e artigos de limpeza",031501,
2906203,SABONETE ANTIALERGICO,2093,"Perfumaria, sabões e artigos de limpeza",031501,
2906204,REMEDIO PARA PIOLHO (SABONETE),2093,"Perfumaria, sabões e artigos de limpeza",031501,
2906301,TESTE DE GRAVIDEZ,2100,Produtos farmacêuticos,031301,
2906401,CANFORA,2100,Produtos farmacêuticos,031301,
2906501,UTENSILIO PARA COLETAR FEZES E URINA,2200,Artigos de plástico,031802,
2906502,RECIPIENTE PARA COLETAR FEZES E URINA,2200,Artigos de plástico,031802,
2906601,BOLSA DE AGUA QUENTE,2200,Artigos de borracha,031801,
2906602,BOLSA TERMICA,2200,Artigos de borracha,031801,
2906701,ENXOFRE,2091,Produtos químicos inorgânicos,031101,
2906801,APLICACAO DE INJECAO,2100,Produtos farmacêuticos,031301,
2907001,BOMBA DE TIRAR LEITE HUMANO,2200,Artigos de plástico,031802,
2907002,BOMBA PARA INALACAO,2200,Artigos de plástico,031802,
2907101,PROTETOR DE SEIO,1400,Artigos do vestuário e acessórios,030401,
2907201,CREME DENTAL MEDICINAL,2100,Produtos farmacêuticos,031301,
2907301,PRESERVATIVO MASCULINO,2200,Artigos de borracha,031801,
2907302,CAMISINHA (PRESERVATIVO MASCULINO),2200,Artigos de borracha,031801,
2907401,OFTALMOLOGICO,2100,Produtos farmacêuticos,031301,
2907402,COLIRIO,2100,Produtos farmacêuticos,031301,
2907403,SOLUCAO OFTALMICA (PARA A VISTA),2100,Produtos farmacêuticos,031301,
2907404,OFTALMOLOGICOS,2100,Produtos farmacêuticos,031301,
2907501,AMONEA,2100,Produtos farmacêuticos,031301,
2907601,"IODO,SALICILATO (PARA MASSAGEM)",2100,Produtos farmacêuticos,031301,
2907602,"SALICILATO,IODO (PARA MASSAGEM)",2100,Produtos farmacêuticos,031301,
2907603,OLEO PARA MASSAGEM,2100,Produtos farmacêuticos,031301,
2907701,GEL REDUTOR DE GORDURA,2093,"Perfumaria, sabões e artigos de limpeza",031501,
2907703,GEL REDUTOR DE CELULITE,2093,"Perfumaria, sabões e artigos de limpeza",031501,
2907704,REDUTOR DE CELULITE (GEL),2093,"Perfumaria, sabões e artigos de limpeza",031501,
2907901,NENE DENTE (MEDICAMENTO PARA GENGIVA),2100,Produtos farmacêuticos,031301,
2908001,OLEO PARA ASSADURA,2100,Produtos farmacêuticos,031301,
2908002,PARA ASSADURA,2100,Produtos farmacêuticos,031301,
2908003,CREME PARA ASSADURA,2100,Produtos farmacêuticos,031301,
2908102,LIQUIDO PARA UROGRAFIA (EXAME),2100,Produtos farmacêuticos,031301,
2908201,MANTEIGA DE CACAU,1093,Outros produtos alimentares,030118,
2908301,BALAS DE GENGIBRE,1093,Outros produtos alimentares,030118,
2908401,ANTIVIROTICO,2100,Produtos farmacêuticos,031301,
2908501,ADESIVOS,2100,Produtos farmacêuticos,031301,
2908502,ADESIVOS ANTITABAGISMO,2100,Produtos farmacêuticos,031301,
2908503,ADESIVOS INTRADERMICOS ( MENOPAUSA),2100,Produtos farmacêuticos,031301,
2908504,ANTITABAGISMO,2100,Produtos farmacêuticos,031301,
2908601,AGULHA DE INJECAO (DESCARTAVEL),2600,"Aparelhos/instrumentos médico-hospitalar, medida e óptico",032901,
2908602,AGULHA DE INJECAO (MEDICAO DE GLICOSE),2600,"Aparelhos/instrumentos médico-hospitalar, medida e óptico",032901,
2908701,ALCOOL (PARA DESINFECCAO),2091,Produtos químicos orgânicos,031102,
2908702,ALCOOL IODADO,2091,Produtos químicos orgânicos,031102,
2908703,ETER,2100,Produtos farmacêuticos,031301,
2908801,ANTI HANSENIASE,2100,Produtos farmacêuticos,031301,
2908901,ANTI HEMORRAGICO,2100,Produtos farmacêuticos,031301,
2909001,ANTI-ABORTIVO,2100,Produtos farmacêuticos,031301,
2909101,ANTI-SEPTICO BUCAL,2100,Produtos farmacêuticos,031301,
2909201,ANTI-CASPA,2100,Produtos farmacêuticos,031301,
2909301,ANTICOAGULANTE,2100,Produtos farmacêuticos,031301,
2909302,COAGULANTE,2100,Produtos farmacêuticos,031301,
2909501,PARA CIRCULACAO,2100,Produtos farmacêuticos,031301,
2909601,PARA TRATAMENTO DO ALCOOLISMO,2100,Produtos farmacêuticos,031301,
2909701,"REPOSITOR ELETROLITICO (CLORETO DE POTASSIO, SODIO ETC.)",2100,Produtos farmacêuticos,031301,
2909901,ODONTOLOGICO,2100,Produtos farmacêuticos,031301,
2910001,FITA PARA MEDICAO DE GLICOSE,2100,Produtos farmacêuticos,031301,
2910101,FITO-HORMONIOS,2100,Produtos farmacêuticos,031301,
2910201,FLORAIS,2100,Produtos farmacêuticos,031301,
2910301,GARRAFADA (QUALQUER TIPO),2100,Produtos farmacêuticos,031301,
2910302,GARRAFADA (QUALQUER TRATAMENTO),2100,Produtos farmacêuticos,031301,
2910303,AGUA MEDICINAL,2100,Produtos farmacêuticos,031301,
2910401,INJECAO (NAO DETERMINADA),2100,Produtos farmacêuticos,031301,
2910601,PARA DORES MUSCULARES,2100,Produtos farmacêuticos,031301,
2910701,REMEDIO HOMEOPATICO (INDETERMINADO),2100,Produtos farmacêuticos,031301,
2910801,REMEDIO HORTOMOLECULAR,2100,Produtos farmacêuticos,031301,
2910902,LOCAO DERMATOLOGICA,2100,Produtos farmacêuticos,031301,
2911001,PARA MENOPAUSA,2100,Produtos farmacêuticos,031301,
2911101,SEDATIVO (MORFINA),2100,Produtos farmacêuticos,031301,
2911201,OLEO INDETERMINADO,2093,"Perfumaria, sabões e artigos de limpeza",031501,
2911301,PARA DOENCAS DOS OSSOS E ARTICULACOES,2100,Produtos farmacêuticos,031301,
2911401,ANTI OSTEOPENIA,2100,Produtos farmacêuticos,031301,
2911501,PARA VITILIGO,2100,Produtos farmacêuticos,031301,
2911601,PARA ACIDO URICO,2100,Produtos farmacêuticos,031301,
2911701,PARA ALZHEIMER,2100,Produtos farmacêuticos,031301,
2911801,PARA DERRAME CEREBRAL,2100,Produtos farmacêuticos,031301,
2911901,PARA DOENCA DE CHAGAS,2100,Produtos farmacêuticos,031301,
2912001,PARA MALARIA,2100,Produtos farmacêuticos,031301,
2912101,PARA O PULMAO,2100,Produtos farmacêuticos,031301,
2912201,PARA PROSTATA,2100,Produtos farmacêuticos,031301,
2912301,PARA TUBERCULOSE,2100,Produtos farmacêuticos,031301,
2912401,PARA PIOLHO,2100,Produtos farmacêuticos,031301,
2912501,PARA VESICULA,2100,Produtos farmacêuticos,031301,
2912601,REMEDIO MANIPULADO (INDETERMINADO),2100,Produtos farmacêuticos,031301,
2912701,SONIFERO,2100,Produtos farmacêuticos,031301,
2912801,SUPOSITORIO,2100,Produtos farmacêuticos,031301,
2912901,UROLOGICO,2100,Produtos farmacêuticos,031301,
2913001,ABSORVENTE GERIATRICO,1700,"Papel e papelão, embalagens e artefatos",030702,
2913101,REMEDIO INDETERMINADO,2100,Produtos farmacêuticos,031301,
2913201,SONDA (QUALQUER TIPO),2100,Produtos farmacêuticos,031301,
3000101,ESCOVA DE CABELOS E PENTE,3180,Móveis e produtos das indústrias diversas,033401,
3000102,PENTE,3180,Móveis e produtos das indústrias diversas,033401,
3000103,ESCOVA DE CABELO,3180,Móveis e produtos das indústrias diversas,033401,
3000201,PERFUME,2093,"Perfumaria, sabões e artigos de limpeza",031501,
3000202,AGUA DE COLONIA,2093,"Perfumaria, sabões e artigos de limpeza",031501,
3000203,LAVANDA,2093,"Perfumaria, sabões e artigos de limpeza",031501,
3000204,LEITE DE COLONIA,2093,"Perfumaria, sabões e artigos de limpeza",031501,
3000205,LEITE DE ROSAS,2093,"Perfumaria, sabões e artigos de limpeza",031501,
3000206,COLONIA,2093,"Perfumaria, sabões e artigos de limpeza",031501,
3000207,LOCAO APOS BARBA,2093,"Perfumaria, sabões e artigos de limpeza",031501,
3000301,TALCO,2093,"Perfumaria, sabões e artigos de limpeza",031501,
3000401,ARTIGOS DE MAQUIAGEM,2093,"Perfumaria, sabões e artigos de limpeza",031501,
3000402,CILIO POSTICO,2093,"Perfumaria, sabões e artigos de limpeza",031501,
3000403,UNHA POSTICA,2093,"Perfumaria, sabões e artigos de limpeza",031501,
3000404,PO COMPACTO,2093,"Perfumaria, sabões e artigos de limpeza",031501,
3000405,PO DE ARROZ,2093,"Perfumaria, sabões e artigos de limpeza",031501,
3000406,LAPIS PARA OLHOS,2093,"Perfumaria, sabões e artigos de limpeza",031501,
3000407,APONTADOR DE LAPIS PARA OS OLHOS,2093,"Perfumaria, sabões e artigos de limpeza",031501,
3000408,BATOM,2093,"Perfumaria, sabões e artigos de limpeza",031501,
3000501,CREME DE PELE E BRONZEADOR,2093,"Perfumaria, sabões e artigos de limpeza",031501,
3000502,BRONZEADOR,2093,"Perfumaria, sabões e artigos de limpeza",031501,
3000503,LOCAO DE PELE,2093,"Perfumaria, sabões e artigos de limpeza",031501,
3000504,MASCARA DE BELEZA,2093,"Perfumaria, sabões e artigos de limpeza",031501,
3000505,CREME PARA MAOS,2093,"Perfumaria, sabões e artigos de limpeza",031501,
3000506,OLEO PARA PELE,2093,"Perfumaria, sabões e artigos de limpeza",031501,
3000507,CREME HIDRATANTE,2093,"Perfumaria, sabões e artigos de limpeza",031501,
3000508,HIDRATANTE (CREME),2093,"Perfumaria, sabões e artigos de limpeza",031501,
3000509,PROTETOR LABIAL,2093,"Perfumaria, sabões e artigos de limpeza",031501,
3000510,PROTETOR SOLAR,2093,"Perfumaria, sabões e artigos de limpeza",031501,
3000511,MANTEIGA DE CACAU,2093,"Perfumaria, sabões e artigos de limpeza",031501,
3000512,BLOQUEADOR SOLAR,2093,"Perfumaria, sabões e artigos de limpeza",031501,
3000513,OLEO DE AMENDOA,2093,"Perfumaria, sabões e artigos de limpeza",031501,
3000514,CREME ANTI-RUGAS,2093,"Perfumaria, sabões e artigos de limpeza",031501,
3000515,CREME DE BARBEAR,2093,"Perfumaria, sabões e artigos de limpeza",031501,
3000516,CREME DE PELE,2093,"Perfumaria, sabões e artigos de limpeza",031501,
3000517,CREME PARA AXILAS,2093,"Perfumaria, sabões e artigos de limpeza",031501,
3000518,CREME PARA O ROSTO,2093,"Perfumaria, sabões e artigos de limpeza",031501,
3000519,CREME PARA OS PES,2093,"Perfumaria, sabões e artigos de limpeza",031501,
3000520,FILTRO SOLAR,2093,"Perfumaria, sabões e artigos de limpeza",031501,
3000521,OLEO DE MASSAGEM,2093,"Perfumaria, sabões e artigos de limpeza",031501,
3000522,CREME DESODORANTE,2093,"Perfumaria, sabões e artigos de limpeza",031501,
3000601,"ESMALTE,BASE,ACETONA,ETC.",2093,"Perfumaria, sabões e artigos de limpeza",031501,
3000602,BASE,2093,"Perfumaria, sabões e artigos de limpeza",031501,
3000603,ACETONA,2093,"Perfumaria, sabões e artigos de limpeza",031501,
3000604,LIXA,2093,"Perfumaria, sabões e artigos de limpeza",031501,
3000605,ESCOVA DE UNHA,2093,"Perfumaria, sabões e artigos de limpeza",031501,
3000606,PAU DE LARANJEIRA,2093,"Perfumaria, sabões e artigos de limpeza",031501,
3000607,RALADOR DE PE,2093,"Perfumaria, sabões e artigos de limpeza",031501,
3000609,"ESMALTE, BASE, ACETONA ETC.",2093,"Perfumaria, sabões e artigos de limpeza",031501,
3000610,SERRINHA DE UNHA,2093,"Perfumaria, sabões e artigos de limpeza",031501,
3000611,LIXA DE PE,2093,"Perfumaria, sabões e artigos de limpeza",031501,
3000612,ESMALTE,2093,"Perfumaria, sabões e artigos de limpeza",031501,
3000701,"GRAMPO,PREGADOR,ETC. DE CABELO",3180,Móveis e produtos das indústrias diversas,033401,
3000702,BOB DE CABELO,3180,Móveis e produtos das indústrias diversas,033401,
3000703,TOUCA DE CABELO,3180,Móveis e produtos das indústrias diversas,033401,
3000704,REDE DE CABELO,3180,Móveis e produtos das indústrias diversas,033401,
3000705,PREGADOR DE CABELO,3180,Móveis e produtos das indústrias diversas,033401,
3000706,PRENDEDOR DE CABELO,3180,Móveis e produtos das indústrias diversas,033401,
3000707,"GRAMPO, PREGADOR ETC. DE CABELO",3180,Móveis e produtos das indústrias diversas,033401,
3000708,TIARA,3180,Móveis e produtos das indústrias diversas,033401,
3000801,"ALICATE,CORTADOR DE UNHA,ETC.",2500,Produtos de metal - exclusive máquinas e equipamento,032301,
3000802,TESOURINHA DE UNHA,2500,Produtos de metal - exclusive máquinas e equipamento,032301,
3000803,CORTADOR DE UNHA,2500,Produtos de metal - exclusive máquinas e equipamento,032301,
3000804,PINCA,2500,Produtos de metal - exclusive máquinas e equipamento,032301,
3000805,ALICATE E CORTADOR DE UNHA,2500,Produtos de metal - exclusive máquinas e equipamento,032301,
3000901,PERUCA,3180,Móveis e produtos das indústrias diversas,033401,
3000902,APLIQUE PARA CABELO,3180,Móveis e produtos das indústrias diversas,033401,
3001001,PRODUTOS DE LIMPEZA DE PELE,2093,"Perfumaria, sabões e artigos de limpeza",031501,
3001002,SABONETE DE LIMPEZA DE PELE,2093,"Perfumaria, sabões e artigos de limpeza",031501,
3001003,SABONETE LIQUIDO DE LIMPEZA DE PELE,2093,"Perfumaria, sabões e artigos de limpeza",031501,
3001301,ESPELHO DE BOLSO,2300,Outros produtos de minerais não-metálicos,032001,
3001401,PORTA-MAQUIAGEM,2200,Artigos de plástico,031802,
3001501,CERA DEPILATORIA,2093,"Perfumaria, sabões e artigos de limpeza",031501,
3001502,CREME DEPILATORIO,2093,"Perfumaria, sabões e artigos de limpeza",031501,
3001503,PAPEL PARA DEPILACAO,2093,"Perfumaria, sabões e artigos de limpeza",031501,
3001601,"ESTOJO (TALCO,SABONETE,ETC.)",2093,"Perfumaria, sabões e artigos de limpeza",031501,
3001602,"TALCO,SABONETE,PERFUME,ETC. (ESTOJO)",2093,"Perfumaria, sabões e artigos de limpeza",031501,
3001603,"ESTOJO ( TALCO, SABONETE, ETC. )",2093,"Perfumaria, sabões e artigos de limpeza",031501,
3001701,PURPURINA,3180,Móveis e produtos das indústrias diversas,033401,
3001801,ESTOJO DE MANICURO,2500,Produtos de metal - exclusive máquinas e equipamento,032301,
3001806,BABADOR (CRIANCA),2500,Produtos de metal - exclusive máquinas e equipamento,032301,
3001901,"ESTOJO (ESPELHO,ESCOVA,PENTE)",3180,Móveis e produtos das indústrias diversas,033401,
3002001,DESODORANTE PARA OS PES,2093,"Perfumaria, sabões e artigos de limpeza",031501,
3002101,APARELHO DE BARBEAR (EXCETO DESCARTAVEL),2500,Produtos de metal - exclusive máquinas e equipamento,032301,
3002102,LAMINA DE BARBEAR,2500,Produtos de metal - exclusive máquinas e equipamento,032301,
3002103,CARTUCHO APARELHO BARBEAR,2500,Produtos de metal - exclusive máquinas e equipamento,032301,
3002201,"ESTOJO (APARELHO DE BARBEAR,SABONETEIRA,PENTE)",2093,"Perfumaria, sabões e artigos de limpeza",031501,
3002202,ESTOJO DE BARBEAR,2093,"Perfumaria, sabões e artigos de limpeza",031501,
3002401,MAQUINA DE CORTAR CABELO,2700,Eletrodomésticos,032501,
3002501,SAIS DE BANHO,2093,"Perfumaria, sabões e artigos de limpeza",031501,
3002601,LEITE HIDRATANTE,2093,"Perfumaria, sabões e artigos de limpeza",031501,
3002701,LENCO DE PAPEL UMEDECIDO,1700,"Papel e papelão, embalagens e artefatos",030702,
3002801,ANTI-TRANSPIRANTE,2093,"Perfumaria, sabões e artigos de limpeza",031501,
3002802,CREME ANTI-TRANSPIRANTE,2093,"Perfumaria, sabões e artigos de limpeza",031501,
3002901,ARTIGOS DE TRATAMENTO DE CABELO,2093,"Perfumaria, sabões e artigos de limpeza",031501,
3002902,REPARADOR DE PONTAS,2093,"Perfumaria, sabões e artigos de limpeza",031501,
3002903,OLEO CAPILAR,2093,"Perfumaria, sabões e artigos de limpeza",031501,
3002904,ALISANTE DE CABELO,2093,"Perfumaria, sabões e artigos de limpeza",031501,
3002905,CHAPINHA DE ALISAR CABELOS,2700,Eletrodomésticos,032501,
3002906,CREME AMACIANTE,2093,"Perfumaria, sabões e artigos de limpeza",031501,
3002907,CREME CAPILAR,2093,"Perfumaria, sabões e artigos de limpeza",031501,
3002908,CREME DE MASSAGEM DE CABELO,2093,"Perfumaria, sabões e artigos de limpeza",031501,
3002909,CREME PARA PENTEAR,2093,"Perfumaria, sabões e artigos de limpeza",031501,
3002910,CREME HIDRATANTE PARA CABELO,2093,"Perfumaria, sabões e artigos de limpeza",031501,
3002911,FIXADOR DE CABELO,2093,"Perfumaria, sabões e artigos de limpeza",031501,
3002912,GEL FIXADOR PARA CABELOS,2093,"Perfumaria, sabões e artigos de limpeza",031501,
3002913,AGUA OXIGENADA (PARA CABELO),2093,"Perfumaria, sabões e artigos de limpeza",031501,
3002914,TINTA PARA CABELO,2093,"Perfumaria, sabões e artigos de limpeza",031501,
3002915,CONDICIONADOR PARA CABELO,2093,"Perfumaria, sabões e artigos de limpeza",031501,
3002916,DESCOLORANTE PARA CABELO,2093,"Perfumaria, sabões e artigos de limpeza",031501,
3003001,ESPUMA DE BARBEAR,3180,Móveis e produtos das indústrias diversas,033401,
3003002,GEL PARA BARBA,2093,"Perfumaria, sabões e artigos de limpeza",031501,
3003101,ESPONJA DE BANHO,2093,"Perfumaria, sabões e artigos de limpeza",031501,
3003201,PORTA-BARBEADOR,3180,Móveis e produtos das indústrias diversas,033401,
3003401,CHAPINHA DE ALISAR CABELOS,2700,Eletrodomésticos,032501,
3100101,BARBEIRO,9480,Serviços prestados às famílias,110601,
3100201,CABELEIREIRO,9480,Serviços prestados às famílias,110601,
3100202,LAVAGEM (CABELEIREIRO),9480,Serviços prestados às famílias,110601,
3100203,MASSAGEM (CABELEIREIRO),9480,Serviços prestados às famílias,110601,
3100204,PENTEADO (CABELEIREIRO),9480,Serviços prestados às famílias,110601,
3100205,TINGIMENTO (CABELEIREIRO),9480,Serviços prestados às famílias,110601,
3100206,ALISAMENTO (CABELEIREIRO),9480,Serviços prestados às famílias,110601,
3100207,SOMBRANCELHA (CABELEIREIRO),9480,Serviços prestados às famílias,110601,
3100208,BANHO DE BRILHO (CABELEIREIRO),9480,Serviços prestados às famílias,110601,
3100209,HIDRATACAO (CABELEIREIRO),9480,Serviços prestados às famílias,110601,
3100210,LUZES (CABELEIREIRO),9480,Serviços prestados às famílias,110601,
3100211,INTERLACE (CABELEIREIRO),9480,Serviços prestados às famílias,110601,
3100212,PERMANENTE (CABELEIREIRO),9480,Serviços prestados às famílias,110601,
3100213,RELAXAMENTO (CABELEIREIRO),9480,Serviços prestados às famílias,110601,
3100301,MANICURO E PEDICURO,9480,Serviços prestados às famílias,110601,
3100302,PEDICURO,9480,Serviços prestados às famílias,110601,
3100303,CALISTA,9480,Serviços prestados às famílias,110601,
3100401,SAPATEIRO,7380,Serviços de manutenção e reparação,110101,
3100402,CONSERTO DE SAPATO,7380,Serviços de manutenção e reparação,110101,
3100403,CONSERTO DE CHINELO,7380,Serviços de manutenção e reparação,110101,
3100404,CONSERTO DE BOLSA,7380,Serviços de manutenção e reparação,110101,
3100406,PALMILHA,7380,Serviços de manutenção e reparação,110101,
3100501,TINTURARIA E LAVANDERIA,9480,Serviços prestados às famílias,110601,
3100502,LAVANDERIA,9480,Serviços prestados às famílias,110601,
3100601,LIMPEZA DE PELE,9480,Serviços prestados às famílias,110601,
3100602,PEELING,9480,Serviços prestados às famílias,110601,
3100701,ENGRAXATE,9480,Serviços prestados às famílias,110601,
3100801,DEPILACAO,9480,Serviços prestados às famílias,110601,
3100802,DESCOLORACAO DE PELOS (BANHO DE LUA),9480,Serviços prestados às famílias,110601,
3100901,ESTETICISTA,9480,Serviços prestados às famílias,110601,
3100902,BANDAGEM (ESTETICISTA),9480,Serviços prestados às famílias,110601,
3101001,"AMOLAGEM DE FACA,TESOURA,ALICATE,ETC.",7380,Serviços de manutenção e reparação,110101,
3101101,MAQUIAGEM,9480,Serviços prestados às famílias,110601,
3101201,MASSAGEM E SAUNA,9480,Serviços prestados às famílias,110601,
3101301,RELOJOEIRO,7380,Serviços de manutenção e reparação,110101,
3101302,CONSERTO DE RELOGIO,7380,Serviços de manutenção e reparação,110101,
3101303,PULSEIRA DE RELOGIO,7380,Serviços de manutenção e reparação,110101,
3101304,PINO DE RELOGIO,7380,Serviços de manutenção e reparação,110101,
3101401,JOALHEIRO,3180,Móveis e produtos das indústrias diversas,033401,
3101402,CONSERTO DE JOIAS,3180,Móveis e produtos das indústrias diversas,033401,
3101403,OURIVES (CONSERTO DE JOIAS),3180,Móveis e produtos das indústrias diversas,033401,
3101501,CONSERTO DE SOMBRINHA,7380,Serviços de manutenção e reparação,110101,
3101601,CONSERTO DE OCULOS,7380,Serviços de manutenção e reparação,110101,
3101701,COSTUREIRA,1400,Artigos do vestuário e acessórios,030401,
3101801,"CONSERTO DE MAQUINA FOTOGRAFICA,FLASH",7380,Serviços de manutenção e reparação,110101,
3101901,PINTURA EM CAMISA,9480,Serviços prestados às famílias,110601,
3102001,CONSERTO DE BRINQUEDOS E EQUIPAMENTOS ESPORTIVOS (EXCETO CACA E PESCA),7380,Serviços de manutenção e reparação,110101,
3102101,"CONSERTO DE EQUIPAMENTOS DE CACA (ARMA DE FOGO,ETC.)",7380,Serviços de manutenção e reparação,110101,
3102301,CHAVEIRO (COPIA DE CHAVE),7380,Serviços de manutenção e reparação,110101,
3102302,COPIA DE CHAVE,7380,Serviços de manutenção e reparação,110101,
3102401,"CONSERTO DE EQUIPAMENTOS DE PESCA (TARRAFA,MOLINETE,ETC.)",7380,Serviços de manutenção e reparação,110101,
3102801,"GRAVACAO DE NOME EM OBJETOS PESSOAIS (CANETA,MEDALHA,ETC.)",7380,Serviços de manutenção e reparação,110101,
3102901,CONSERTO DE CALCULADORA,7380,Serviços de manutenção e reparação,110101,
3103101,CONSERTO DE VIOLAO,7380,Serviços de manutenção e reparação,110101,
3103201,EMOLDURADOR DE QUADRO,1600,Produtos de madeira - exclusive móveis,030601,
3103401,MASSAGEM,9480,Serviços prestados às famílias,110601,
3103501,ALFAIATE,1400,Artigos do vestuário e acessórios,030401,
3103601,BORDADEIRA,1300,Fabricação outros produtos Têxteis,030303,
3103701,CERZIDEIRA,7380,Serviços de manutenção e reparação,110101,
3103801,FOTOGRAFO (EXCETO DE CERIMONIAS FAMILIARES),9480,Serviços prestados às famílias,110601,
3103802,FOTOGRAFIA 3X4,9480,Serviços prestados às famílias,110601,
3103803,FOTOGRAFIA 5X7,9480,Serviços prestados às famílias,110601,
3103901,ENCADERNACAO,1800,"Jornais, revistas, discos e outros produtos gravados",030801,
3104101,TATUAGEM,9480,Serviços prestados às famílias,110601,
3104201,SAUNA,9480,Serviços prestados às famílias,110601,
3104301,BARBA,9480,Serviços prestados às famílias,110601,
3104401,CORTE DE CABELO,9480,Serviços prestados às famílias,110601,
3104402,CORTE DE CABELO (FEMININO),9480,Serviços prestados às famílias,110601,
3104403,CORTE DE CABELO (MASCULINO),9480,Serviços prestados às famílias,110601,
3104501,CONSERTO DE ALICATE,7380,Serviços de manutenção e reparação,110101,
3104601,CONSERTO DE APARELHO CELULAR,7380,Serviços de manutenção e reparação,110101,
3104701,BRONZEAMENTO ARTIFICIAL,9480,Serviços prestados às famílias,110601,
3104801,CORTE DE CABELO E BARBA,9480,Serviços prestados às famílias,110601,
3104901,CROCHETEIRA,1300,Fabricação outros produtos Têxteis,030303,
3105001,TAPECEIRO,1300,Fabricação outros produtos Têxteis,030303,
3105101,TRICOTEIRA,1300,Fabricação outros produtos Têxteis,030303,
3200101,CADERNO,1800,"Jornais, revistas, discos e outros produtos gravados",030801,
3200201,"LAPIS,BORRACHA,CANETA,ETC.",3180,Móveis e produtos das indústrias diversas,033401,
3200202,BORRACHA,3180,Móveis e produtos das indústrias diversas,033401,
3200203,CANETA,3180,Móveis e produtos das indústrias diversas,033401,
3200204,APONTADOR,3180,Móveis e produtos das indústrias diversas,033401,
3200205,ESTOJO ESCOLAR,3180,Móveis e produtos das indústrias diversas,033401,
3200206,CARGA DE CANETA,3180,Móveis e produtos das indústrias diversas,033401,
3200207,"LAPIS, BORRACHA, CANETA, ETC.",3180,Móveis e produtos das indústrias diversas,033401,
3200208,CORRETIVO,3180,Móveis e produtos das indústrias diversas,033401,
3200209,LAPIS DE COR,3180,Móveis e produtos das indústrias diversas,033401,
3200212,PINCEL,3180,Móveis e produtos das indústrias diversas,033401,
3200214,TESOURA ESCOLAR,3180,Móveis e produtos das indústrias diversas,033401,
3200215,TINTA,3180,Móveis e produtos das indústrias diversas,033401,
3200302,PAPEL,1700,"Papel e papelão, embalagens e artefatos",030702,
3200303,CLIPS,2500,Produtos de metal - exclusive máquinas e equipamento,032301,
3200304,GRAMPO DE GRAMPEADOR,2500,Produtos de metal - exclusive máquinas e equipamento,032301,
3200305,GRAMPEADOR,2500,Produtos de metal - exclusive máquinas e equipamento,032301,
3200306,BLOCO DE PAPEL,1800,"Jornais, revistas, discos e outros produtos gravados",030801,
3200307,CARTOLINA,1700,"Papel e papelão, embalagens e artefatos",030702,
3200308,COLA,2092,Produtos e preparados químicos diversos,031701,
3200309,FITA ADESIVA,1700,"Papel e papelão, embalagens e artefatos",030702,
3200310,REGUA,3180,Móveis e produtos das indústrias diversas,033401,
3200311,COMPASSO,3180,Móveis e produtos das indústrias diversas,033401,
3200312,TRANSFERIDOR,3180,Móveis e produtos das indústrias diversas,033401,
3200313,ESQUADRO,3180,Móveis e produtos das indústrias diversas,033401,
3200314,ENVELOPE,1700,"Papel e papelão, embalagens e artefatos",030702,
3200315,BANDEIRINHAS DE FESTA,1700,"Papel e papelão, embalagens e artefatos",030702,
3200316,ENFEITES DE PAREDE DE FESTA,1700,"Papel e papelão, embalagens e artefatos",030702,
3200317,CARTAO DE ANIVERSARIO,1800,"Jornais, revistas, discos e outros produtos gravados",030801,
3200318,CARTAO DE VISITA,1700,"Papel e papelão, embalagens e artefatos",030702,
3200319,CONVITE,1800,"Jornais, revistas, discos e outros produtos gravados",030801,
3200320,CARTAO DE NATAL,1800,"Jornais, revistas, discos e outros produtos gravados",030801,
3200321,GRAFITE,3180,Móveis e produtos das indústrias diversas,033401,
3200322,CONFETE,1700,"Papel e papelão, embalagens e artefatos",030702,
3200325,ETIQUETA,1700,"Papel e papelão, embalagens e artefatos",030702,
3200326,AGENDA,1800,"Jornais, revistas, discos e outros produtos gravados",030801,
3200328,CURRICULUM VITAE,1800,"Jornais, revistas, discos e outros produtos gravados",030801,
3200340,FOLHA PARA FICHARIO,1700,"Papel e papelão, embalagens e artefatos",030702,
3200401,LIVROS NAO DIDATICOS,1800,"Jornais, revistas, discos e outros produtos gravados",030801,
3200402,COLECAO DE LIVROS NAO DIDATICOS,1800,"Jornais, revistas, discos e outros produtos gravados",030801,
3200405,BIBLIA,1800,"Jornais, revistas, discos e outros produtos gravados",030801,
3200406,LIVRO DE CATECISMO,1800,"Jornais, revistas, discos e outros produtos gravados",030801,
3200408,LIVROS NAO-DIDATICOS,1800,"Jornais, revistas, discos e outros produtos gravados",030801,
3200501,ASSINATURA DE PERIODICOS,1800,"Jornais, revistas, discos e outros produtos gravados",030801,
3200502,ASSINATURA DE JORNAL,1800,"Jornais, revistas, discos e outros produtos gravados",030801,
3200503,ASSINATURA DE REVISTA,1800,"Jornais, revistas, discos e outros produtos gravados",030801,
3200601,FOTOCOPIA XEROX,5800,Serviços prestados às empresas,110301,
3200602,XEROX,5800,Serviços prestados às empresas,110301,
3200603,COPIA XEROX,5800,Serviços prestados às empresas,110301,
3200604,"PLASTIFICACAO, ENCADERNACAO",7880,Serviços prestados às empresas,110301,
3200701,ALBUM DE FOTOGRAFIAS (EXCETO DE CERIMONIA FAMILIAR),2200,Artigos de plástico,031802,
3200702,ALBUM DE FOTOGRAFIA,2200,Artigos de plástico,031802,
3200801,PASTA PLASTICA NAO ESCOLAR,2200,Artigos de plástico,031802,
3200901,MASSA DE MODELAR,2092,Produtos e preparados químicos diversos,031701,
3201001,FICHARIO DE CARTAS,2200,Artigos de plástico,031802,
3201002,FICHARIO,2200,Artigos de plástico,031802,
3201101,PASTA SUSPENSA,1700,"Papel e papelão, embalagens e artefatos",030702,
3201201,PRANCHETA,1600,Produtos de madeira - exclusive móveis,030601,
3201301,TRANSPARENCIA,2200,Artigos de plástico,031802,
3201401,GIZ,3180,Móveis e produtos das indústrias diversas,033401,
3201501,"DIGITACAO, IMPRESSAO",5800,Serviços de informação,080101,
3300101,BOLA DE CRIANCA,3180,Móveis e produtos das indústrias diversas,033401,
3300201,"EQUIPAMENTOS ESPORTIVOS (BOLA,RAQUETE,REDE,TORNOZELEIRA,CHUTEIRA,ETC.)",3180,Móveis e produtos das indústrias diversas,033401,
3300202,RAQUETE,3180,Móveis e produtos das indústrias diversas,033401,
3300203,BOLA DE TENIS,3180,Móveis e produtos das indústrias diversas,033401,
3300204,BOLA DE PINGUE-PONGUE,3180,Móveis e produtos das indústrias diversas,033401,
3300205,REDE DE VOLEIBOL,3180,Móveis e produtos das indústrias diversas,033401,
3300206,EQUIPAMENTOS DE ESPORTE,3180,Móveis e produtos das indústrias diversas,033401,
3300208,TORNOZELEIRA,3180,Móveis e produtos das indústrias diversas,033401,
3300209,CHUTEIRA,3180,Móveis e produtos das indústrias diversas,033401,
3300210,OCULOS DE NATACAO,3180,Móveis e produtos das indústrias diversas,033401,
3300211,TOUCA DE NATACAO,3180,Móveis e produtos das indústrias diversas,033401,
3300213,CANELEIRA,3180,Móveis e produtos das indústrias diversas,033401,
3300214,PE-DE-PATO,3180,Móveis e produtos das indústrias diversas,033401,
3300215,BOLA (EXCETO DE CRIANCA),3180,Móveis e produtos das indústrias diversas,033401,
3300217,BOIA DE BRACO,3180,Móveis e produtos das indústrias diversas,033401,
3300218,LUVA DE COURO (PARA GOLEIRO),3180,Móveis e produtos das indústrias diversas,033401,
3300219,EQUIPAMENTOS ESPORTIVOS,3180,Móveis e produtos das indústrias diversas,033401,
3300220,BALDINHO DE PRAIA,3180,Móveis e produtos das indústrias diversas,033401,
3300301,BONECA,3180,Móveis e produtos das indústrias diversas,033401,
3300401,BRINQUEDOS E JOGOS,3180,Móveis e produtos das indústrias diversas,033401,
3300403,JOGO EDUCATIVO,3180,Móveis e produtos das indústrias diversas,033401,
3300404,JOGO DE ADULTO E CRIANCA,3180,Móveis e produtos das indústrias diversas,033401,
3300406,XADREZ,3180,Móveis e produtos das indústrias diversas,033401,
3300407,BARALHO,3180,Móveis e produtos das indústrias diversas,033401,
3300408,QUEBRA-CABECA,3180,Móveis e produtos das indústrias diversas,033401,
3300409,CARRINHO DE BRINQUEDO,3180,Móveis e produtos das indústrias diversas,033401,
3300410,CARRO DE BRINQUEDO,3180,Móveis e produtos das indústrias diversas,033401,
3300412,MESA DE TOTO,3180,Móveis e produtos das indústrias diversas,033401,
3300413,MESA DE PINGUE-PONGUE,3180,Móveis e produtos das indústrias diversas,033401,
3300414,JOGO DE MONTAR,3180,Móveis e produtos das indústrias diversas,033401,
3300415,QUADRO NEGRO,3180,Móveis e produtos das indústrias diversas,033401,
3300416,BEXIGA,3180,Móveis e produtos das indústrias diversas,033401,
3300417,BOLA DE SOPRAR,3180,Móveis e produtos das indústrias diversas,033401,
3300418,BALAO,3180,Móveis e produtos das indústrias diversas,033401,
3300421,MOTO DE BRINQUEDO,3180,Móveis e produtos das indústrias diversas,033401,
3300423,PIPA,3180,Móveis e produtos das indústrias diversas,033401,
3300424,URSO DE PELUCIA,3180,Móveis e produtos das indústrias diversas,033401,
3300425,BICHO DE PELUCIA,3180,Móveis e produtos das indústrias diversas,033401,
3300426,CEROL,3180,Móveis e produtos das indústrias diversas,033401,
3300501,"PATINS,SKATES,VELOCIPEDES",3180,Móveis e produtos das indústrias diversas,033401,
3300502,SKATE,3180,Móveis e produtos das indústrias diversas,033401,
3300503,VELOCIPEDE,3180,Móveis e produtos das indústrias diversas,033401,
3300504,PRANCHA DE SURFE,3180,Móveis e produtos das indústrias diversas,033401,
3300506,BODY BOARDING (PRANCHA DE SURFE),3180,Móveis e produtos das indústrias diversas,033401,
3300507,"PATINS, SKATES, VELOCIPEDES",3180,Móveis e produtos das indústrias diversas,033401,
3300508,PATINETE,3180,Móveis e produtos das indústrias diversas,033401,
3300509,TRICICLO,3180,Móveis e produtos das indústrias diversas,033401,
3300510,ACESSORIOS PARA SKATE,3180,Móveis e produtos das indústrias diversas,033401,
3300601,BARRACA DE PRAIA,3180,Móveis e produtos das indústrias diversas,033401,
3300701,ARMAS DE FOGO (EXCETO DE CACA),2800,"Máquinas e equipamentos, inclusive manutenção e reparos",032401,
3300703,REVOLVER (EXCETO DE CACA),2800,"Máquinas e equipamentos, inclusive manutenção e reparos",032401,
3300704,PISTOLA (EXCETO DE CACA),2800,"Máquinas e equipamentos, inclusive manutenção e reparos",032401,
3300708,MUNICAO DE ARMA DE FOGO (EXCETO DE CACA),2800,"Máquinas e equipamentos, inclusive manutenção e reparos",032401,
3300801,MATERIAL DE CACA E PESCA,3180,Móveis e produtos das indústrias diversas,033401,
3300802,ESPINGARDA DE CACA,2800,"Máquinas e equipamentos, inclusive manutenção e reparos",032401,
3300803,ARMA DE CACA,2800,"Máquinas e equipamentos, inclusive manutenção e reparos",032401,
3300806,MUNICAO DE ARMA DE FOGO (DE CACA),2800,"Máquinas e equipamentos, inclusive manutenção e reparos",032401,
3300807,MATERIAL DE PESCA,3180,Móveis e produtos das indústrias diversas,033401,
3300808,ANZOL,3180,Móveis e produtos das indústrias diversas,033401,
3300809,LINHA DE PESCA,3180,Móveis e produtos das indústrias diversas,033401,
3300811,CHUMBO DE PESCA,3180,Móveis e produtos das indústrias diversas,033401,
3300813,REDE DE PESCA,3180,Móveis e produtos das indústrias diversas,033401,
3300817,VARA DE PESCA,3180,Móveis e produtos das indústrias diversas,033401,
3300818,ISCA ARTIFICIAL DE PESCA,3180,Móveis e produtos das indústrias diversas,033401,
3300819,TARRAFA,3180,Móveis e produtos das indústrias diversas,033401,
3300901,PORTE DE ARMA,9800,TAXAS,TAXAS,
3301001,REGISTRO DE ARMA,9800,TAXAS,TAXAS,
3301101,CADEIRA DE PRAIA,3180,Móveis e produtos das indústrias diversas,033401,
3301201,CELA DE CAVALO (RECREACAO),1500,Preparação do couro e fabricação de artefatos - exclusive calçados,030501,
3301202,REDEA DE CAVALO,3180,Móveis e produtos das indústrias diversas,033401,
3301301,BICICLETA DE GINASTICA,3180,Móveis e produtos das indústrias diversas,033401,
3301303,BICICLETA ERGOMETRICA,3180,Móveis e produtos das indústrias diversas,033401,
3301501,ESTEIRA DE GINASTICA,3180,Móveis e produtos das indústrias diversas,033401,
3301502,ESTEIRA DE CAMINHAR (GINASTICA),3180,Móveis e produtos das indústrias diversas,033401,
3301601,MINIGAME E AGENDA ELETRONICA INFANTIL,3180,Móveis e produtos das indústrias diversas,033401,
3301701,KIT CARNAVALESCO,3180,Móveis e produtos das indústrias diversas,033401,
3301803,CACA E PESCA (LICENCA OU AUTORIZACAO),9800,TAXAS,TAXAS,
3301901,REMO SECO (APARELHO DE GINASTICA),3180,Móveis e produtos das indústrias diversas,033401,
3301902,REMO (APARELHO DE GINASTICA),3180,Móveis e produtos das indústrias diversas,033401,
3302001,SOFTWARE DE JOGO,3180,Móveis e produtos das indústrias diversas,033401,
3302002,SOFT DE JOGO,3180,Móveis e produtos das indústrias diversas,033401,
3302101,ESTEPE (APARELHO DE GINASTICA),3180,Móveis e produtos das indústrias diversas,033401,
3302201,APARELHO DE ABDOMINAL,3180,Móveis e produtos das indústrias diversas,033401,
3302301,APARELHO DE GINASTICA NAO ESPECIFICADO,3180,Móveis e produtos das indústrias diversas,033401,
3302401,APARELHO DE MUSCULACAO,3180,Móveis e produtos das indústrias diversas,033401,
3302501,ARTIGOS PARA PRAIA,3180,Móveis e produtos das indústrias diversas,033401,
3302601,ESTEIRA DE PRAIA,3180,Móveis e produtos das indústrias diversas,033401,
3302701,ESTEIRA MECANICA,3180,Móveis e produtos das indústrias diversas,033401,
3302801,LICENCA DE RADIO AMADOR,9800,TAXAS,TAXAS,
3302901,TROFEU,3180,Móveis e produtos das indústrias diversas,033401,
3303001,ESCUDO DE TIME,3180,Móveis e produtos das indústrias diversas,033401,
3400101,"AGASALHO (CASACO,SUETER,ETC.) (HOMEM)",1300,Fabricação outros produtos Têxteis,030303,
3400102,SUETER (HOMEM),1300,Fabricação outros produtos Têxteis,030303,
3400103,BLUSA DE LA (HOMEM),1300,Fabricação outros produtos Têxteis,030303,
3400104,JAQUETA (HOMEM),1300,Fabricação outros produtos Têxteis,030303,
3400105,PULOVER (HOMEM),1300,Fabricação outros produtos Têxteis,030303,
3400106,CACHECOL (HOMEM),1300,Fabricação outros produtos Têxteis,030303,
3400107,CASACO (HOMEM),1300,Fabricação outros produtos Têxteis,030303,
3400108,"AGASALHO ( CASACO, SUETER, ETC. )",1300,Fabricação outros produtos Têxteis,030303,
3400201,"BERMUDA,CALCAO,SHORT E SUNGA (HOMEM)",1400,Artigos do vestuário e acessórios,030401,
3400202,CALCAO (HOMEM),1400,Artigos do vestuário e acessórios,030401,
3400203,SHORT (HOMEM),1400,Artigos do vestuário e acessórios,030401,
3400204,SUNGA DE PRAIA (HOMEM),1400,Artigos do vestuário e acessórios,030401,
3400205,BERMUDA (HOMEM),1400,Artigos do vestuário e acessórios,030401,
3400206,"BERMUDA CALCAO, SHORT E SUNGA",1400,Artigos do vestuário e acessórios,030401,
3400301,CALCA COMPRIDA (HOMEM),1400,Artigos do vestuário e acessórios,030401,
3400302,CALCA COMPRIDA,1400,Artigos do vestuário e acessórios,030401,
3400401,CAMISA (HOMEM),1400,Artigos do vestuário e acessórios,030401,
3400402,BLUSA (HOMEM),1400,Artigos do vestuário e acessórios,030401,
3400403,BLUSA OU CAMISA (HOMEM),1400,Artigos do vestuário e acessórios,030401,
3400404,CAMISA,1400,Artigos do vestuário e acessórios,030401,
3400501,CAMISETA (HOMEM),1400,Artigos do vestuário e acessórios,030401,
3400502,CAMISETA,1400,Artigos do vestuário e acessórios,030401,
3400601,CONJUNTO ESPORTIVO (HOMEM),1400,Artigos do vestuário e acessórios,030401,
3400602,JOGGING (HOMEM),1400,Artigos do vestuário e acessórios,030401,
3400604,CONJUNTO ESPORTIVO,1400,Artigos do vestuário e acessórios,030401,
3400701,CUECA (HOMEM),1400,Artigos do vestuário e acessórios,030401,
3400702,CUECA,1400,Artigos do vestuário e acessórios,030401,
3400801,GRAVATA (HOMEM),1400,Artigos do vestuário e acessórios,030401,
3400802,GRAVATA,1400,Artigos do vestuário e acessórios,030401,
3400901,LENCO (HOMEM),1400,Artigos do vestuário e acessórios,030401,
3400902,LENCO,1400,Artigos do vestuário e acessórios,030401,
3401003,MACACAO,1400,Artigos do vestuário e acessórios,030401,
3401101,MEIAS (HOMEM),1300,Fabricação outros produtos Têxteis,030303,
3401102,MEIAS,1300,Fabricação outros produtos Têxteis,030303,
3401201,PALETO E BLAZER (HOMEM),1400,Artigos do vestuário e acessórios,030401,
3401202,BLAZER (HOMEM),1400,Artigos do vestuário e acessórios,030401,
3401203,PALETO E BLASER,1400,Artigos do vestuário e acessórios,030401,
3401301,PIJAMA E ROBE (HOMEM),1400,Artigos do vestuário e acessórios,030401,
3401303,ROUPAO (HOMEM),1400,Artigos do vestuário e acessórios,030401,
3401304,ROUPAO DE BANHO (HOMEM),1400,Artigos do vestuário e acessórios,030401,
3401305,PIJAMA E ROBE,1400,Artigos do vestuário e acessórios,030401,
3401401,TERNO (HOMEM),1400,Artigos do vestuário e acessórios,030401,
3401402,TERNO,1400,Artigos do vestuário e acessórios,030401,
3401501,COLETE (HOMEM),1400,Artigos do vestuário e acessórios,030401,
3401601,GORRO (HOMEM),1300,Fabricação outros produtos Têxteis,030303,
3401701,"LUVA DE COURO,MALHA,TECIDO (HOMEM)",1400,Artigos do vestuário e acessórios,030401,
3401801,ALUGUEL DE ROUPA (HOMEM),6800,Serviços imobiliários e aluguel,100101,
3401802,ALUGUEL DE ROUPA,6800,Serviços imobiliários e aluguel,100101,
3401901,FARDAMENTO MILITAR (HOMEM),1400,Artigos do vestuário e acessórios,030401,
3401902,FARDAMENTO MILITAR,1400,Artigos do vestuário e acessórios,030401,
3402001,CAPA DE CHUVA (HOMEM),1400,Artigos do vestuário e acessórios,030401,
3402201,CAMISA (UNIFORME DE ESPORTE) (HOMEM),1400,Artigos do vestuário e acessórios,030401,
3402301,CALCAO (UNIFORME DE ESPORTE) (HOMEM),1400,Artigos do vestuário e acessórios,030401,
3402401,MEIAO (UNIFORME DE ESPORTE) (HOMEM),1300,Fabricação outros produtos Têxteis,030303,
3402501,FANTASIA (HOMEM),1400,Artigos do vestuário e acessórios,030401,
3402601,MACACAO DE MOTOQUEIRO (HOMEM),1400,Artigos do vestuário e acessórios,030401,
3402701,CONJUNTO DE CALCA E CAMISA (HOMEM),1400,Artigos do vestuário e acessórios,030401,
3402702,CONJUNTO DE CALCA E CAMISA,1400,Artigos do vestuário e acessórios,030401,
3402801,CONJUNTO DE SHORT E CAMISA (HOMEM),1400,Artigos do vestuário e acessórios,030401,
3402802,CONJUNTO DE SHORT E CAMISA,1400,Artigos do vestuário e acessórios,030401,
3403001,QUIMONO (HOMEM),1400,Artigos do vestuário e acessórios,030401,
3403101,CONJUNTO DE CALCA E JAQUETA (HOMEM),1400,Artigos do vestuário e acessórios,030401,
3403201,UNIFORME DE TRABALHO (HOMEM),1400,Artigos do vestuário e acessórios,030401,
3403202,UNIFORME DE TRABALHO,1400,Artigos do vestuário e acessórios,030401,
3403401,GUARDA-CHUVA (HOMEM),3180,Móveis e produtos das indústrias diversas,033401,
3403501,CHAPEU (HOMEM),1400,Artigos do vestuário e acessórios,030401,
3403601,BONE E VISEIRA (HOMEM),1400,Artigos do vestuário e acessórios,030401,
3403701,BATA (HOMEM),1400,Artigos do vestuário e acessórios,030401,
3403801,BANDANA (HOMEM),1400,Artigos do vestuário e acessórios,030401,
3500101,"AGASALHO (CASACO,SUETER,ETC.) (MULHER)",1300,Fabricação outros produtos Têxteis,030303,
3500102,CASACO (MULHER),1300,Fabricação outros produtos Têxteis,030303,
3500103,SUETER (MULHER),1300,Fabricação outros produtos Têxteis,030303,
3500104,PULOVER (MULHER),1300,Fabricação outros produtos Têxteis,030303,
3500106,JAQUETA (MULHER),1300,Fabricação outros produtos Têxteis,030303,
3500107,ECHARPE (MULHER),1300,Fabricação outros produtos Têxteis,030303,
3500108,"AGASALHO ( CASACO, SUETER, ETC. )",1300,Fabricação outros produtos Têxteis,030303,
3500109,BLUSA DE LA (MULHER),1300,Fabricação outros produtos Têxteis,030303,
3500110,CHALE (MULHER),1300,Fabricação outros produtos Têxteis,030303,
3500201,BERMUDA E SHORT (MULHER),1400,Artigos do vestuário e acessórios,030401,
3500202,SHORT (MULHER),1400,Artigos do vestuário e acessórios,030401,
3500203,BERMUDA (MULHER),1400,Artigos do vestuário e acessórios,030401,
3500204,BERMUDA E SHORT,1400,Artigos do vestuário e acessórios,030401,
3500301,BLUSA (MULHER),1400,Artigos do vestuário e acessórios,030401,
3500302,BLUSA OU CAMISA (MULHER),1400,Artigos do vestuário e acessórios,030401,
3500303,CAMISA (MULHER),1400,Artigos do vestuário e acessórios,030401,
3500304,BATA (MULHER),1400,Artigos do vestuário e acessórios,030401,
3500305,BLUSA,1400,Artigos do vestuário e acessórios,030401,
3500306,BABY LOOK,1400,Artigos do vestuário e acessórios,030401,
3500401,CALCA COMPRIDA (MULHER),1400,Artigos do vestuário e acessórios,030401,
3500402,CALCA COMPRIDA,1400,Artigos do vestuário e acessórios,030401,
3500501,CALCINHA E SUTIA (MULHER),1400,Artigos do vestuário e acessórios,030401,
3500502,SUTIA (MULHER),1400,Artigos do vestuário e acessórios,030401,
3500503,ANAGUA (MULHER),1400,Artigos do vestuário e acessórios,030401,
3500504,MODELADOR (MULHER),1400,Artigos do vestuário e acessórios,030401,
3500505,CALCINHA E SUTIA,1400,Artigos do vestuário e acessórios,030401,
3500601,CAMISETA E COLLANT (MULHER),1400,Artigos do vestuário e acessórios,030401,
3500602,COLLANT (MULHER),1400,Artigos do vestuário e acessórios,030401,
3500603,MALHA DE GINASTICA (MULHER),1400,Artigos do vestuário e acessórios,030401,
3500604,ROUPA DE GINASTICA (MULHER),1400,Artigos do vestuário e acessórios,030401,
3500605,CAMISETA E COLLANT,1400,Artigos do vestuário e acessórios,030401,
3500701,"CAMISOLA,PIJAMA,ROBE,ETC. (MULHER)",1400,Artigos do vestuário e acessórios,030401,
3500702,PIJAMA (MULHER),1400,Artigos do vestuário e acessórios,030401,
3500703,ROBE (MULHER),1400,Artigos do vestuário e acessórios,030401,
3500704,ROUPAO DE BANHO (MULHER),1400,Artigos do vestuário e acessórios,030401,
3500705,"CAMISOLA, PIJAMA, ROBE, ETC.",1400,Artigos do vestuário e acessórios,030401,
3500706,BABY DOLL,1400,Artigos do vestuário e acessórios,030401,
3500801,CONJUNTO ESPORTIVO (MULHER),1400,Artigos do vestuário e acessórios,030401,
3500802,JOGGING (MULHER),1400,Artigos do vestuário e acessórios,030401,
3500804,CONJUNTO ESPORTIVO,1400,Artigos do vestuário e acessórios,030401,
3500901,LENCO DE CABECA (MULHER),1400,Artigos do vestuário e acessórios,030401,
3500902,LENCO DE CABECA,1400,Artigos do vestuário e acessórios,030401,
3501001,MACACAO (MULHER),1400,Artigos do vestuário e acessórios,030401,
3501002,JARDINEIRA (MULHER),1400,Artigos do vestuário e acessórios,030401,
3501003,MACACAO,1400,Artigos do vestuário e acessórios,030401,
3501101,MAIO E BIQUINI (MULHER),1400,Artigos do vestuário e acessórios,030401,
3501102,BIQUINI (MULHER),1400,Artigos do vestuário e acessórios,030401,
3501103,MAIO E BIQUINI,1400,Artigos do vestuário e acessórios,030401,
3501201,MEIAS (MULHER),1300,Fabricação outros produtos Têxteis,030303,
3501202,MEIA-CALCA (MULHER),1300,Fabricação outros produtos Têxteis,030303,
3501203,MEIAS,1300,Fabricação outros produtos Têxteis,030303,
3501301,SAIA (MULHER),1400,Artigos do vestuário e acessórios,030401,
3501302,SAIA,1400,Artigos do vestuário e acessórios,030401,
3501401,VESTIDO (MULHER),1400,Artigos do vestuário e acessórios,030401,
3501402,VESTIDO,1400,Artigos do vestuário e acessórios,030401,
3501501,LENCINHO (MULHER),1400,Artigos do vestuário e acessórios,030401,
3501601,"LUVA DE COURO,MALHA,TECIDO (MULHER)",1400,Artigos do vestuário e acessórios,030401,
3501801,GORRO (MULHER),1300,Fabricação outros produtos Têxteis,030303,
3501901,ALUGUEL DE ROUPA (MULHER),6800,Serviços imobiliários e aluguel,100101,
3502001,CINTA (MULHER),1400,Artigos do vestuário e acessórios,030401,
3502101,SAIDA DE PRAIA (MULHER),1400,Artigos do vestuário e acessórios,030401,
3502102,CANGA,1400,Artigos do vestuário e acessórios,030401,
3502301,CAPA DE CHUVA (MULHER),1400,Artigos do vestuário e acessórios,030401,
3502401,SLACK (MULHER),1400,Artigos do vestuário e acessórios,030401,
3502501,"VESTIDO DE NOIVA (VESTIDO,GRINALDA) (MULHER)",1400,Artigos do vestuário e acessórios,030401,
3502502,VESTIDO (VESTIMENTO DE NOIVA) (MULHER),1400,Artigos do vestuário e acessórios,030401,
3502503,GRINALDA (VESTIMENTO DE NOIVA) (MULHER),1400,Artigos do vestuário e acessórios,030401,
3502504,ARRANJO DE CABELO (MULHER),1400,Artigos do vestuário e acessórios,030401,
3502505,VESTIDO DE NOIVA,1400,Artigos do vestuário e acessórios,030401,
3502601,CAMISA (UNIFORME DE ESPORTE) (MULHER),1400,Artigos do vestuário e acessórios,030401,
3502701,CALCAO (UNIFORME DE ESPORTE) (MULHER),1400,Artigos do vestuário e acessórios,030401,
3502801,MEIAO (UNIFORME DE ESPORTE) (MULHER),1300,Fabricação outros produtos Têxteis,030303,
3502901,FANTASIA (MULHER),1400,Artigos do vestuário e acessórios,030401,
3503001,BUSTIE (MULHER),1400,Artigos do vestuário e acessórios,030401,
3503301,CONJUNTO DE SAIA E BLUSA (MULHER),1400,Artigos do vestuário e acessórios,030401,
3503302,CONJUNTO DE SAIA E BLUSA,1400,Artigos do vestuário e acessórios,030401,
3503401,CONJUNTO DE SHORT E BLUSA (MULHER),1400,Artigos do vestuário e acessórios,030401,
3503402,CONJUNTO DE BERMUDA E BLUSA (MULHER),1400,Artigos do vestuário e acessórios,030401,
3503403,CONJUNTO DE SHORT E BLUSA,1400,Artigos do vestuário e acessórios,030401,
3503501,BLAZER (MULHER),1400,Artigos do vestuário e acessórios,030401,
3503601,CONJUNTO DE SAIA E BLAZER (MULHER),1400,Artigos do vestuário e acessórios,030401,
3503602,CONJUNTO DE SAIA E BLAZER,1400,Artigos do vestuário e acessórios,030401,
3503701,TERNO OU TERNINHO (MULHER),1400,Artigos do vestuário e acessórios,030401,
3503802,MACAQUINHO (MULHER),1400,Artigos do vestuário e acessórios,030401,
3503901,CONJUNTO DE CALCA E BLUSA (MULHER),1400,Artigos do vestuário e acessórios,030401,
3503902,CONJUNTO DE CALCA E BLUSA,1400,Artigos do vestuário e acessórios,030401,
3504101,CALCA PLASTICA (MULHER),1400,Artigos do vestuário e acessórios,030401,
3504201,UNIFORME DE TRABALHO (MULHER),1400,Artigos do vestuário e acessórios,030401,
3504301,COLETE (MULHER),1400,Artigos do vestuário e acessórios,030401,
3504401,CONJUNTO DE CALCA E JAQUETA (MULHER),1400,Artigos do vestuário e acessórios,030401,
3504501,CONJUNTO DE SAIA E JAQUETA (MULHER),1400,Artigos do vestuário e acessórios,030401,
3504601,QUIMONO (MULHER),1400,Artigos do vestuário e acessórios,030401,
3504801,CALCA DE CAPOEIRA (ABADA) (MULHER),1400,Artigos do vestuário e acessórios,030401,
3505001,SOMBRINHA (MULHER),3180,Móveis e produtos das indústrias diversas,033401,
3505101,CHAPEU (MULHER),1400,Artigos do vestuário e acessórios,030401,
3505201,BONE E VISEIRA (MULHER),1400,Artigos do vestuário e acessórios,030401,
3505202,VISEIRA (MULHER),1400,Artigos do vestuário e acessórios,030401,
3505301,CONJUNTO DE CALCA E BLAZER (MULHER),1400,Artigos do vestuário e acessórios,030401,
3505302,CONJUNTO DE CALCA E BLAZER,1400,Artigos do vestuário e acessórios,030401,
3505401,CONJUNTO DE CASACO E BLUSA (MULHER),1400,Artigos do vestuário e acessórios,030401,
3505501,GUARDA-CHUVA (MULHER),3180,Móveis e produtos das indústrias diversas,033401,
3505601,FARDAMENTO MILITAR (MULHER),1400,Artigos do vestuário e acessórios,030401,
3505701,CALCA (UNIFORME DE ESPORTE) (MULHER),1400,Artigos do vestuário e acessórios,030401,
3505801,FAIXA DE CABECA (MULHER),1400,Artigos do vestuário e acessórios,030401,
3505901,TOP (MULHER),1400,Artigos do vestuário e acessórios,030401,
3506001,SOBRETUDO (MULHER),1400,Artigos do vestuário e acessórios,030401,
3600101,"AGASALHO (CASACO,SUETER,ETC.) (CRIANCA)",1300,Fabricação outros produtos Têxteis,030303,
3600102,SUETER (CRIANCA),1300,Fabricação outros produtos Têxteis,030303,
3600103,JAQUETA (CRIANCA),1300,Fabricação outros produtos Têxteis,030303,
3600106,CASACO (CRIANCA),1300,Fabricação outros produtos Têxteis,030303,
3600107,"AGASALHO ( CASACO, SUETER, ETC. )",1300,Fabricação outros produtos Têxteis,030303,
3600201,BERMUDA E SHORT (CRIANCA),1400,Artigos do vestuário e acessórios,030401,
3600202,SHORT (CRIANCA),1400,Artigos do vestuário e acessórios,030401,
3600203,BERMUDA (CRIANCA),1400,Artigos do vestuário e acessórios,030401,
3600204,BERMUDA E SHORT,1400,Artigos do vestuário e acessórios,030401,
3600301,BLUSA OU CAMISA (CRIANCA),1400,Artigos do vestuário e acessórios,030401,
3600302,CAMISA (CRIANCA),1400,Artigos do vestuário e acessórios,030401,
3600303,BLUSA (CRIANCA),1400,Artigos do vestuário e acessórios,030401,
3600304,BLUSA OU CAMISA,1400,Artigos do vestuário e acessórios,030401,
3600305,CAMISETA (CRIANCA),1400,Artigos do vestuário e acessórios,030401,
3600401,CALCA COMPRIDA (CRIANCA),1400,Artigos do vestuário e acessórios,030401,
3600402,CALCA COMPRIDA,1400,Artigos do vestuário e acessórios,030401,
3600501,"CALCAO,SUNGA,MAIO E BIQUINI (CRIANCA)",1400,Artigos do vestuário e acessórios,030401,
3600502,SUNGA (CRIANCA),1400,Artigos do vestuário e acessórios,030401,
3600503,MAIO (CRIANCA),1400,Artigos do vestuário e acessórios,030401,
3600504,BIQUINI (CRIANCA),1400,Artigos do vestuário e acessórios,030401,
3600505,TANGA (CRIANCA),1400,Artigos do vestuário e acessórios,030401,
3600506,"CALCAO, SUNGA, MAIO E BIQUINI",1400,Artigos do vestuário e acessórios,030401,
3600601,CALCINHA E SUTIA (CRIANCA),1400,Artigos do vestuário e acessórios,030401,
3600602,SUTIA (CRIANCA),1400,Artigos do vestuário e acessórios,030401,
3600603,CALCINHA E SUTIA,1400,Artigos do vestuário e acessórios,030401,
3600604,CALCINHA (CRIANCA),1400,Artigos do vestuário e acessórios,030401,
3600701,CAMISETA E COLLANT (CRIANCA),1400,Artigos do vestuário e acessórios,030401,
3600702,COLLANT (CRIANCA),1400,Artigos do vestuário e acessórios,030401,
3600704,ROUPA DE GINASTICA (CRIANCA),1400,Artigos do vestuário e acessórios,030401,
3600705,CAMISETA E COLLANT,1400,Artigos do vestuário e acessórios,030401,
3600801,"CAMISOLA,PIJAMA,ROBE,ETC. (CRIANCA)",1400,Artigos do vestuário e acessórios,030401,
3600802,PIJAMA (CRIANCA),1400,Artigos do vestuário e acessórios,030401,
3600804,ROUPAO DE BANHO (CRIANCA),1400,Artigos do vestuário e acessórios,030401,
3600805,"CAMISOLA, PIJAMA, ROBE, ETC.",1400,Artigos do vestuário e acessórios,030401,
3600806,BABY DOLL,1400,Artigos do vestuário e acessórios,030401,
3600901,CONJUNTO ESPORTIVO (CRIANCA),1400,Artigos do vestuário e acessórios,030401,
3600902,JOGGING (CRIANCA),1400,Artigos do vestuário e acessórios,030401,
3600904,CONJUNTO DE MOLETON (CRIANCA),1400,Artigos do vestuário e acessórios,030401,
3600905,CONJUNTO ESPORTIVO,1400,Artigos do vestuário e acessórios,030401,
3601001,CUECA (CRIANCA),1400,Artigos do vestuário e acessórios,030401,
3601002,CUECAS,1400,Artigos do vestuário e acessórios,030401,
3601101,FRALDA DESCARTAVEL (CRIANCA),1700,"Papel e papelão, embalagens e artefatos",030702,
3601102,FRALDA DESCARTAVEL,1700,"Papel e papelão, embalagens e artefatos",030702,
3601201,FRALDA DE TECIDO (CRIANCA),1400,Artigos do vestuário e acessórios,030401,
3601202,FRALDA DE TECIDO,1400,Artigos do vestuário e acessórios,030401,
3601301,MACACAO (CRIANCA),1400,Artigos do vestuário e acessórios,030401,
3601302,JARDINEIRA (CRIANCA),1400,Artigos do vestuário e acessórios,030401,
3601303,MACACAO,1400,Artigos do vestuário e acessórios,030401,
3601401,MEIAS (CRIANCA),1300,Fabricação outros produtos Têxteis,030303,
3601402,MEIA-CALCA (CRIANCA),1300,Fabricação outros produtos Têxteis,030303,
3601403,MEIAS,1300,Fabricação outros produtos Têxteis,030303,
3601503,TERNO (CRIANCA),1400,Artigos do vestuário e acessórios,030401,
3601601,SAIA (CRIANCA),1400,Artigos do vestuário e acessórios,030401,
3601602,SAIA,1400,Artigos do vestuário e acessórios,030401,
3601701,VESTIDO (CRIANCA),1400,Artigos do vestuário e acessórios,030401,
3601702,VESTIDO,1400,Artigos do vestuário e acessórios,030401,
3601801,OUTRAS ROUPAS DE BEBE (CRIANCA),1400,Artigos do vestuário e acessórios,030401,
3601802,CALCA PLASTICA (CRIANCA),1400,Artigos do vestuário e acessórios,030401,
3601803,CUEIRO (CRIANCA),1400,Artigos do vestuário e acessórios,030401,
3601804,MANTA (CRIANCA),1400,Artigos do vestuário e acessórios,030401,
3601805,CINTEIRO (CRIANCA),1400,Artigos do vestuário e acessórios,030401,
3601806,BABADOR (CRIANCA),1400,Artigos do vestuário e acessórios,030401,
3601807,CALCA ENXUTA (CRIANCA),1400,Artigos do vestuário e acessórios,030401,
3601808,UMBIGUEIRO (CRIANCA),1400,Artigos do vestuário e acessórios,030401,
3601809,SAPATINHO DE LA OU LINHA (CRIANCA),1400,Artigos do vestuário e acessórios,030401,
3601810,FLANELA PARA BEBE (CRIANCA),1400,Artigos do vestuário e acessórios,030401,
3601811,MIJAOZINHO (CALCA DE MALHA PARA BEBE),1400,Artigos do vestuário e acessórios,030401,
3601812,CONJUNTO PAGAO (CRIANCA),1400,Artigos do vestuário e acessórios,030401,
3601813,CONJUNTINHO PAGAO (CRIANCA),1400,Artigos do vestuário e acessórios,030401,
3601901,LENCO (CRIANCA),1400,Artigos do vestuário e acessórios,030401,
3602201,GORRO (CRIANCA),1300,Fabricação outros produtos Têxteis,030303,
3602301,SAIDA DE PRAIA (CRIANCA),1400,Artigos do vestuário e acessórios,030401,
3602401,"LUVA DE COURO,MALHA,TECIDO (CRIANCA)",1400,Artigos do vestuário e acessórios,030401,
3602501,CONJUNTO DE SHORT E CAMISA (CRIANCA),1400,Artigos do vestuário e acessórios,030401,
3602502,CONJUNTO DE SHORT E CAMISA,1400,Artigos do vestuário e acessórios,030401,
3602601,CAPA DE CHUVA (CRIANCA),1400,Artigos do vestuário e acessórios,030401,
3602701,ALUGUEL DE ROUPA (CRIANCA),6800,Serviços imobiliários e aluguel,100101,
3602801,LENCO DE CABECA (CRIANCA),1400,Artigos do vestuário e acessórios,030401,
3602901,CAMISA (UNIFORME DE ESPORTE) (CRIANCA),1400,Artigos do vestuário e acessórios,030401,
3603001,CALCAO (UNIFORME DE ESPORTE) (CRIANCA),1400,Artigos do vestuário e acessórios,030401,
3603101,MEIAO (UNIFORME DE ESPORTE) (CRIANCA),1300,Fabricação outros produtos Têxteis,030303,
3603201,FANTASIA (CRIANCA),1400,Artigos do vestuário e acessórios,030401,
3603401,CONJUNTO DE SAIA E BLUSA (CRIANCA),1400,Artigos do vestuário e acessórios,030401,
3603402,CONJUNTO DE SAIA E BLUSA,1400,Artigos do vestuário e acessórios,030401,
3603501,CONJUNTO DE CALCA E CAMISA (CRIANCA),1400,Artigos do vestuário e acessórios,030401,
3603502,CONJUNTO DE CALCA E CAMISA,1400,Artigos do vestuário e acessórios,030401,
3603601,QUIMONO (CRIANCA),1400,Artigos do vestuário e acessórios,030401,
3603602,UNIFORME DE JUDO (QUIMONO) (CRIANCA),1400,Artigos do vestuário e acessórios,030401,
3603701,CONJUNTO DE CALCA E JAQUETA (CRIANCA),1400,Artigos do vestuário e acessórios,030401,
3603801,PONCHO DE LA (CRIANCA),1300,Fabricação outros produtos Têxteis,030303,
3603901,MACAQUITO (CRIANCA),1400,Artigos do vestuário e acessórios,030401,
3604001,GRAVATA (CRIANCA),1400,Artigos do vestuário e acessórios,030401,
3604201,COLETE (CRIANCA),1400,Artigos do vestuário e acessórios,030401,
3604501,CONJUNTO DE SAIA E JAQUETA (CRIANCA),1400,Artigos do vestuário e acessórios,030401,
3604601,ENFEITE DE CABELO (CRIANCA),3180,Móveis e produtos das indústrias diversas,033401,
3604602,LACINHO (ENFEITE DE CABELO) (CRIANCA),3180,Móveis e produtos das indústrias diversas,033401,
3604701,GUARDA-CHUVA E SOMBRINHA (CRIANCA),3180,Móveis e produtos das indústrias diversas,033401,
3604702,SOMBRINHA (CRIANCA),3180,Móveis e produtos das indústrias diversas,033401,
3604801,BONE E VISEIRA (CRIANCA),1400,Artigos do vestuário e acessórios,030401,
3604901,ENXOVAL DE BEBE,1400,Artigos do vestuário e acessórios,030401,
3605001,CHAPEU (CRIANCA),1400,Artigos do vestuário e acessórios,030401,
3605101,UNIFORME DE BALE (CRIANCA),1400,Artigos do vestuário e acessórios,030401,
3605201,UNIFORME PARA CORAL DE IGREJA (CRIANCA),1400,Artigos do vestuário e acessórios,030401,
3605301,CONJUNTO DE BERMUDA E BLUSA (CRIANCA),1400,Artigos do vestuário e acessórios,030401,
3700101,ARTIGOS DE ARMARINHO,3180,Móveis e produtos das indústrias diversas,033401,
3700102,LINHA,3180,Móveis e produtos das indústrias diversas,033401,
3700103,ALFINETE,3180,Móveis e produtos das indústrias diversas,033401,
3700104,AGULHA,3180,Móveis e produtos das indústrias diversas,033401,
3700105,BOTAO,3180,Móveis e produtos das indústrias diversas,033401,
3700106,RENDA,3180,Móveis e produtos das indústrias diversas,033401,
3700107,NOVELO,3180,Móveis e produtos das indústrias diversas,033401,
3700108,CARRETEL,3180,Móveis e produtos das indústrias diversas,033401,
3700109,FECHO,3180,Móveis e produtos das indústrias diversas,033401,
3700111,TESOURA,3180,Móveis e produtos das indústrias diversas,033401,
3700112,ELASTICO,3180,Móveis e produtos das indústrias diversas,033401,
3700113,ESTOJO DE COSTURA,3180,Móveis e produtos das indústrias diversas,033401,
3700114,FITA METRICA,3180,Móveis e produtos das indústrias diversas,033401,
3700117,CARRETILHA DE LINHA (CARRETEL DE LINHA DE ARMARINHO),3180,Móveis e produtos das indústrias diversas,033401,
3700118,FITA DE FRALDA (ADESIVA),3180,Móveis e produtos das indústrias diversas,033401,
3700119,FIVELA DE CINTO,3180,Móveis e produtos das indústrias diversas,033401,
3700120,"AGULHA DE TRICO,CROCHE,DE MAQUINA DE COSTURA",3180,Móveis e produtos das indústrias diversas,033401,
3700121,FITA DE TECIDO,3180,Móveis e produtos das indústrias diversas,033401,
3700122,CADARCO,3180,Móveis e produtos das indústrias diversas,033401,
3700123,CORREIA DE CHINELO,3180,Móveis e produtos das indústrias diversas,033401,
3700124,BARBANTE,3180,Móveis e produtos das indústrias diversas,033401,
3700125,CORDAO,3180,Móveis e produtos das indústrias diversas,033401,
3700126,CORDA DE ALGODAO,3180,Móveis e produtos das indústrias diversas,033401,
3700127,PRESILHA DE FRALDA,3180,Móveis e produtos das indústrias diversas,033401,
3700128,LASTEX (ELASTICO),3180,Móveis e produtos das indústrias diversas,033401,
3700129,GUISO,3180,Móveis e produtos das indústrias diversas,033401,
3700201,TECIDOS,1300,Tecelagem,030302,
3700202,PLUMAS,1300,Tecelagem,030302,
3700301,ROUPA DE BANHO,1300,Fabricação outros produtos Têxteis,030303,
3700302,TOALHA DE BANHO,1300,Fabricação outros produtos Têxteis,030303,
3700303,TOALHA INFANTIL DE BANHO,1300,Fabricação outros produtos Têxteis,030303,
3700304,JOGO DE TOALHAS DE BANHO,1300,Fabricação outros produtos Têxteis,030303,
3700305,TOALHA DE ROSTO,1300,Fabricação outros produtos Têxteis,030303,
3700401,ROUPA DE CAMA,1300,Fabricação outros produtos Têxteis,030303,
3700402,LENCOL,1300,Fabricação outros produtos Têxteis,030303,
3700403,MANTA DE CAMA,1300,Fabricação outros produtos Têxteis,030303,
3700404,COBERTOR,1300,Fabricação outros produtos Têxteis,030303,
3700405,FRONHA,1300,Fabricação outros produtos Têxteis,030303,
3700406,COLCHA,1300,Fabricação outros produtos Têxteis,030303,
3700407,EDREDON,1300,Fabricação outros produtos Têxteis,030303,
3700501,ROUPA DE MESA (TECIDO),1300,Fabricação outros produtos Têxteis,030303,
3700502,TOALHA DE MESA (TECIDO),1300,Fabricação outros produtos Têxteis,030303,
3700503,PANO DE PRATO,1300,Fabricação outros produtos Têxteis,030303,
3700504,JOGO DE MESA (TECIDO),1300,Fabricação outros produtos Têxteis,030303,
3700505,JOGO AMERICANO (TECIDO),1300,Fabricação outros produtos Têxteis,030303,
3700506,GUARDANAPO DE MESA (TECIDO),1300,Fabricação outros produtos Têxteis,030303,
3700601,ROUPA DE MESA (PLASTICO),2200,Artigos de plástico,031802,
3700603,TOALHA DE MESA (PLASTICO),2200,Artigos de plástico,031802,
3700801,TINTA DE TECIDO,2092,"Tintas, vernizes, esmaltes e lacas",031601,
3700802,TINTURA DE ROUPA,2092,"Tintas, vernizes, esmaltes e lacas",031601,
3701001,CORTINADO,1300,Fabricação outros produtos Têxteis,030303,
3701002,ACORTINADO,1300,Fabricação outros produtos Têxteis,030303,
3701003,MOSQUITEIRO,1300,Fabricação outros produtos Têxteis,030303,
3701101,"ENCHIMENTO (ALMOFADA,ETC.) .)",2200,Artigos de plástico,031802,
3701103,"PAINA DE ENCHIMENTO DE ALMOFADA,TRAVESSEIRO,ETC.",2200,Artigos de plástico,031802,
3701105,"ENCHIMENTO (ALMOFADA,ETC.)",2200,Artigos de plástico,031802,
3701201,REVESTIMENTO DE TABUA DE PASSAR ROUPA,1300,Fabricação outros produtos Têxteis,030303,
3701301,"AVENTAL,LUVA,ETC. PARA SERVICOS DOMESTICOS",1300,Fabricação outros produtos Têxteis,030303,
3701302,LUVA PARA SERVICOS DOMESTICOS,2200,Artigos de borracha,031801,
3701303,LUVA MULTIUSO,2200,Artigos de borracha,031801,
3701501,PLASTICO,2200,Artigos de plástico,031802,
3701601,LENCOL DESCARTAVEL,1700,"Papel e papelão, embalagens e artefatos",030702,
3701801,NAPA,1300,Fabricação outros produtos Têxteis,030303,
3701901,COURO,1500,Preparação do couro e fabricação de artefatos - exclusive calçados,030501,
3702001,PROTETOR DE COLCHAO,1300,Fabricação outros produtos Têxteis,030303,
3702101,TINTA DE CALCADO,2092,"Tintas, vernizes, esmaltes e lacas",031601,
3702301,TRAVESSEIRO,1300,Fabricação outros produtos Têxteis,030303,
3702401,"ENXOVAL (ROUPAS DE CAMA,MESA,BANHO)",1300,Fabricação outros produtos Têxteis,030303,
3702601,PRENDEDOR DE CHUPETA,3180,Móveis e produtos das indústrias diversas,033401,
3702701,ALCA PARA SUTIA,1400,Artigos do vestuário e acessórios,030401,
3702801,BASTIDOR,3180,Móveis e produtos das indústrias diversas,033401,
3702901,BICO PARA VESTIDO,1400,Artigos do vestuário e acessórios,030401,
3703001,BORDADO INGLES,1300,Fabricação outros produtos Têxteis,030303,
3703101,PROTETOR DE ENDREDON,1300,Fabricação outros produtos Têxteis,030303,
3703201,PROTETOR DE COBERTOR,1300,Fabricação outros produtos Têxteis,030303,
3703301,PROTETOR DE TRAVESSEIRO,1300,Fabricação outros produtos Têxteis,030303,
3703401,COLA PARA TECIDO,2092,Produtos e preparados químicos diversos,031701,
3703501,GOLA,1400,Artigos do vestuário e acessórios,030401,
3703601,LONA,1300,Fabricação outros produtos Têxteis,030303,
3703801,TOALHA DE MAO,1300,Fabricação outros produtos Têxteis,030303,
3703901,TOALHA DE PRAIA,1300,Fabricação outros produtos Têxteis,030303,
3704001,CABIDE,2200,Artigos de plástico,031802,
3704101,CAIXA DE PRESENTE,1700,"Papel e papelão, embalagens e artefatos",030702,
3704201,PAPEL DE PRESENTE,1700,"Papel e papelão, embalagens e artefatos",030702,
3704301,TRILHO DE MESA,1300,Fabricação outros produtos Têxteis,030303,
3704401,FORRACAO DE BOTAO,1400,Artigos do vestuário e acessórios,030401,
3704501,JOGO DE COZINHA (TECIDO),1300,Fabricação outros produtos Têxteis,030303,
3704601,PORTA-FRALDA,3180,Móveis e produtos das indústrias diversas,033401,
3800101,BOLSA E CARTEIRA DE HOMEM,1500,Preparação do couro e fabricação de artefatos - exclusive calçados,030501,
3800102,PASTA DE HOMEM,1500,Preparação do couro e fabricação de artefatos - exclusive calçados,030501,
3800103,MALETA,1500,Preparação do couro e fabricação de artefatos - exclusive calçados,030501,
3800104,CARTEIRA DE HOMEM,1500,Preparação do couro e fabricação de artefatos - exclusive calçados,030501,
3800105,BOLSA DE HOMEM,1500,Preparação do couro e fabricação de artefatos - exclusive calçados,030501,
3800201,BOLSA E CARTEIRA DE MULHER,1500,Preparação do couro e fabricação de artefatos - exclusive calçados,030501,
3800202,CARTEIRA DE MULHER,1500,Preparação do couro e fabricação de artefatos - exclusive calçados,030501,
3800203,BOLSA DE MULHER,1500,Preparação do couro e fabricação de artefatos - exclusive calçados,030501,
3800204,PORTA-CHEQUE (CARTEIRA DE MULHER),1500,Preparação do couro e fabricação de artefatos - exclusive calçados,030501,
3800301,FRASQUEIRA,1500,Preparação do couro e fabricação de artefatos - exclusive calçados,030501,
3800401,VALISE,1500,Preparação do couro e fabricação de artefatos - exclusive calçados,030501,
3800501,MALA,1500,Preparação do couro e fabricação de artefatos - exclusive calçados,030501,
3800601,SANDALIA DE CRIANCA (EXCETO DE BORRACHA OU PLASTICO),1500,Fabricação de calçados,030502,
3800701,SANDALIA DE HOMEM (EXCETO DE BORRACHA OU PLASTICO),1500,Fabricação de calçados,030502,
3800801,SANDALIA DE MULHER (EXCETO DE BORRACHA OU PLASTICO),1500,Fabricação de calçados,030502,
3800901,"SANDALIA DE BORRACHA DE CRIANCA,HOMEM E MULHER",1500,Fabricação de calçados,030502,
3800902,"SANDALIA DE BORRACHA DE CRIANCA, HOMEM E MULHER",1500,Fabricação de calçados,030502,
3801001,SANDALIA E SAPATO DE PLASTICO DE CRIANCA,1500,Fabricação de calçados,030502,
3801002,SAPATO DE PLASTICO DE CRIANCA,1500,Fabricação de calçados,030502,
3801003,SANDALIA E SAPATO PLASTICO (CRIANCA),1500,Fabricação de calçados,030502,
3801101,SANDALIA E SAPATO DE PLASTICO DE MULHER,1500,Fabricação de calçados,030502,
3801102,SAPATO DE PLASTICO DE MULHER,1500,Fabricação de calçados,030502,
3801103,SANDALIA E SAPATO PLASTICO (MULHER),1500,Fabricação de calçados,030502,
3801201,SAPATO E BOTA DE CRIANCA (EXCETO DE PLASTICO),1500,Fabricação de calçados,030502,
3801202,BOTA DE CRIANCA (EXCETO DE PLASTICO),1500,Fabricação de calçados,030502,
3801301,SAPATO E BOTA DE HOMEM,1500,Fabricação de calçados,030502,
3801302,BOTA DE HOMEM,1500,Fabricação de calçados,030502,
3801401,SAPATO E BOTA DE MULHER (EXCETO DE PLASTICO),1500,Fabricação de calçados,030502,
3801402,BOTA DE MULHER (EXCETO DE PLASTICO),1500,Fabricação de calçados,030502,
3801501,TENIS DE CRIANCA,1500,Fabricação de calçados,030502,
3801601,TENIS DE HOMEM E MULHER,1500,Fabricação de calçados,030502,
3801701,CINTO DE HOMEM,1400,Artigos do vestuário e acessórios,030401,
3801801,CINTO DE MULHER,1400,Artigos do vestuário e acessórios,030401,
3801901,CHINELO,1500,Fabricação de calçados,030502,
3801902,PANTUFA,1500,Fabricação de calçados,030502,
3802001,TAMANCO,1500,Fabricação de calçados,030502,
3802101,CINTO DE CRIANCA,1400,Artigos do vestuário e acessórios,030401,
3802301,BOLSA DE CRIANCA,1500,Preparação do couro e fabricação de artefatos - exclusive calçados,030501,
3802302,CARTEIRA DE CRIANCA,1500,Preparação do couro e fabricação de artefatos - exclusive calçados,030501,
3802303,PONCHETE,1500,Preparação do couro e fabricação de artefatos - exclusive calçados,030501,
3802304,POCHETE,1500,Preparação do couro e fabricação de artefatos - exclusive calçados,030501,
3802401,SAPATINHO DE BEBE (EXCETO DE LA),1300,Fabricação outros produtos Têxteis,030303,
3802501,MOCHILA (EXCETO ESCOLAR),1500,Preparação do couro e fabricação de artefatos - exclusive calçados,030501,
3802601,ALPARGATA DE HOMEM,1500,Fabricação de calçados,030502,
3802701,ALPARGATA DE MULHER,1500,Fabricação de calçados,030502,
3802801,ALPARGATA DE CRIANCA,1500,Fabricação de calçados,030502,
3802901,"ALUGUEL DE BOLSA,CALCADO,CINTO,CHAPEU,LUVA,ETC.",6800,Serviços imobiliários e aluguel,100101,
3803001,SAPATILHA,1500,Fabricação de calçados,030502,
3803002,SAPATILHA DE BALE,1500,Fabricação de calçados,030502,
3803201,SANDALIA E SAPATO DE PLASTICO DE HOMEM,1500,Fabricação de calçados,030502,
3803202,SAPATO DE PLASTICO DE HOMEM,1500,Fabricação de calçados,030502,
3803401,BOTA DE PLASTICO DE CRIANCA,1500,Fabricação de calçados,030502,
3803501,PORTA-NIQUEIS,1500,Preparação do couro e fabricação de artefatos - exclusive calçados,030501,
3803601,SACOLA DE BEBE,1500,Preparação do couro e fabricação de artefatos - exclusive calçados,030501,
3803701,SACOLA DE VIAGEM,1500,Preparação do couro e fabricação de artefatos - exclusive calçados,030501,
3803702,BOLSA DE VIAGEM,1500,Preparação do couro e fabricação de artefatos - exclusive calçados,030501,
3803801,"CARRINHO DE CARREGAR MALA,VALISE,ETC.",3000,Outros equipamentos de transporte,033301,
3803901,BOLSA (NAO ESPECIFICADA),1500,Preparação do couro e fabricação de artefatos - exclusive calçados,030501,
3804001,SANDALIA (NAO ESPECIFICADA),1500,Fabricação de calçados,030502,
3804101,SAPATO (NAO ESPECIFICADO),1500,Fabricação de calçados,030502,
3804201,ALPARGATA (NAO ESPECIFICADA),1500,Fabricação de calçados,030502,
3804301,BOTA (NAO ESPECIFICADA),1500,Fabricação de calçados,030502,
3804401,COTURNO,1500,Fabricação de calçados,030502,
3804501,CINTO (NAO ESPECIFICADO),1500,Preparação do couro e fabricação de artefatos - exclusive calçados,030501,
3804601,TENIS (NAO ESPECIFICADO),1500,Fabricação de calçados,030502,
3804701,BOTA DE PLASTICO OU BORRACHA (GENERO NAO ESPECIFICADO),1500,Fabricação de calçados,030502,
3804801,SANDALIA DE PLASTICO,1500,Fabricação de calçados,030502,
3804901,CARTEIRA (NAO ESPECIFICADA),1500,Preparação do couro e fabricação de artefatos - exclusive calçados,030501,
3900101,COPO COMUM DE VIDRO,2300,Outros produtos de minerais não-metálicos,032001,
3900102,CONJUNTO DE COPOS COMUNS DE VIDRO,2300,Outros produtos de minerais não-metálicos,032001,
3900103,COPO DE VIDRO COMUM,2300,Outros produtos de minerais não-metálicos,032001,
3900201,PRATO DE LOUCA,2300,Outros produtos de minerais não-metálicos,032001,
3900202,CONJUNTO DE PRATOS DE LOUCA,2300,Outros produtos de minerais não-metálicos,032001,
3900203,JOGO DE PRATOS DE LOUCA,2300,Outros produtos de minerais não-metálicos,032001,
3900301,TRAVESSA DE VIDRO OU LOUCA,2300,Outros produtos de minerais não-metálicos,032001,
3900401,XICARA COMUM,2300,Outros produtos de minerais não-metálicos,032001,
3900402,CONJUNTO DE XICARAS COMUNS,2300,Outros produtos de minerais não-metálicos,032001,
3900501,OUTROS UTENSILIOS DE VIDRO OU LOUCA,2300,Outros produtos de minerais não-metálicos,032001,
3900502,OUTROS UTENSILIOS VIDRO OU LOUCA,2300,Outros produtos de minerais não-metálicos,032001,
3900601,"FRIGIDEIRA,LEITEIRA,ETC.",2500,Produtos de metal - exclusive máquinas e equipamento,032301,
3900602,PANELA,2500,Produtos de metal - exclusive máquinas e equipamento,032301,
3900603,LEITEIRA,2500,Produtos de metal - exclusive máquinas e equipamento,032301,
3900604,PANELA DE PRESSAO,2500,Produtos de metal - exclusive máquinas e equipamento,032301,
3900605,PIPOQUEIRA (PANELA),2500,Produtos de metal - exclusive máquinas e equipamento,032301,
3900606,"FRIGIDEIRA, LEITEIRA, ETC.",2500,Produtos de metal - exclusive máquinas e equipamento,032301,
3900701,TALHERES,2500,Produtos de metal - exclusive máquinas e equipamento,032301,
3900702,FACA,2500,Produtos de metal - exclusive máquinas e equipamento,032301,
3900703,GARFO,2500,Produtos de metal - exclusive máquinas e equipamento,032301,
3900704,COLHER,2500,Produtos de metal - exclusive máquinas e equipamento,032301,
3900705,CONJUNTO DE COLHERES,2500,Produtos de metal - exclusive máquinas e equipamento,032301,
3900707,CONJUNTO DE FACAS,2500,Produtos de metal - exclusive máquinas e equipamento,032301,
3900709,CONJUNTO DE CONCHAS,2500,Produtos de metal - exclusive máquinas e equipamento,032301,
3900801,OUTROS UTENSILIOS DE METAL,2500,Produtos de metal - exclusive máquinas e equipamento,032301,
3900802,SOCADOR DE CARNE (METAL),2500,Produtos de metal - exclusive máquinas e equipamento,032301,
3900803,CANECA DE METAL,2500,Produtos de metal - exclusive máquinas e equipamento,032301,
3900804,RALADOR DE QUEIJO,2500,Produtos de metal - exclusive máquinas e equipamento,032301,
3900805,ESCORREDOR DE METAL,2500,Produtos de metal - exclusive máquinas e equipamento,032301,
3900806,"ABRIDOR DE GARRAFA,LATA,ETC.",2500,Produtos de metal - exclusive máquinas e equipamento,032301,
3900808,FACAO,2500,Produtos de metal - exclusive máquinas e equipamento,032301,
3900810,PORTA-CONDIMENTO (AVULSO),2500,Produtos de metal - exclusive máquinas e equipamento,032301,
3900811,SUPORTE DE PANELAS,2500,Produtos de metal - exclusive máquinas e equipamento,032301,
3900813,"FORMA DE BOLO,PIZZA,PUDIM,TORTA",2500,Produtos de metal - exclusive máquinas e equipamento,032301,
3900814,PORTA-COPOS,2500,Produtos de metal - exclusive máquinas e equipamento,032301,
3900816,TRIPE DE PANELAS (METAL),2500,Produtos de metal - exclusive máquinas e equipamento,032301,
3900817,BALDE DE ALUMINIO,2500,Produtos de metal - exclusive máquinas e equipamento,032301,
3900818,MARMITA DE ALUMINIO,2500,Produtos de metal - exclusive máquinas e equipamento,032301,
3900819,AGULHA DE DESENTUPIR FOGAO,2500,Produtos de metal - exclusive máquinas e equipamento,032301,
3900822,CONJUNTO DE BACIAS DE ALUMINIO,2500,Produtos de metal - exclusive máquinas e equipamento,032301,
3900823,JOGO DE BACIAS DE ALUMINIO,2500,Produtos de metal - exclusive máquinas e equipamento,032301,
3900824,CONJUNTO DE MARMITAS,2500,Produtos de metal - exclusive máquinas e equipamento,032301,
3900825,JOGO DE MARMITAS,2500,Produtos de metal - exclusive máquinas e equipamento,032301,
3900826,"CONJUNTO DE FORMAS DE BOLO,PIZZA,PUDIM,TORTA",2500,Produtos de metal - exclusive máquinas e equipamento,032301,
3900827,BACIA DE ALUMINIO,2500,Produtos de metal - exclusive máquinas e equipamento,032301,
3900828,BACIA DE ESMALTE,2500,Produtos de metal - exclusive máquinas e equipamento,032301,
3900829,BACIA DE INOX,2500,Produtos de metal - exclusive máquinas e equipamento,032301,
3900901,UTENSILIOS DE PLASTICO,2200,Artigos de plástico,031802,
3900902,BALDE PLASTICO,2200,Artigos de plástico,031802,
3900903,BACIA PLASTICA,2200,Artigos de plástico,031802,
3900904,GARRAFA PLASTICA DE AGUA,2200,Artigos de plástico,031802,
3900905,VASILHAME PLASTICO DE MANTIMENTOS,2200,Artigos de plástico,031802,
3900906,GARRAFAO PLASTICO DE AGUA,2200,Artigos de plástico,031802,
3900908,PORTA-TOALHA DE PLASTICO,2200,Artigos de plástico,031802,
3900909,ARMARIO DE PLASTICO DE BANHEIRO,2200,Artigos de plástico,031802,
3900910,BANHEIRA PLASTICA DE CRIANCA OU BEBE,2200,Artigos de plástico,031802,
3900911,CONJUNTO DE BANHEIRO (PLASTICO),2200,Artigos de plástico,031802,
3900912,CONJUNTO PLASTICO DE BANHEIRO,2200,Artigos de plástico,031802,
3900913,ASSENTO DE VASO SANITARIO,2200,Artigos de plástico,031802,
3900915,TORNEIRA DE FILTRO (PLASTICO),2200,Artigos de plástico,031802,
3900917,VITASUCO (COPO DE LIQUIDIFICADOR),2200,Artigos de plástico,031802,
3900918,ENFEITE DE GELADEIRA (PLASTICO),2200,Artigos de plástico,031802,
3900919,OURINOL (PLASTICO),2200,Artigos de plástico,031802,
3900920,PENICO (PLASTICO),2200,Artigos de plástico,031802,
3900921,SUPORTE DE GARRAFA TERMICA (PLASTICO),2200,Artigos de plástico,031802,
3900922,COPO DE LIQUIDIFICADOR,2200,Artigos de plástico,031802,
3900924,COPO E BASE DE LIQUIDIFICADOR,2200,Artigos de plástico,031802,
3900925,CESTA DE ACRILICO,2200,Artigos de plástico,031802,
3900926,SABONETEIRA PLASTICA,2200,Artigos de plástico,031802,
3900927,SUPORTE PARA PAPEL ALUMINIO (PLASTICO),2200,Artigos de plástico,031802,
3900928,SUPORTE PARA PAPEL HIGIENICO (PLASTICO),2200,Artigos de plástico,031802,
3900929,PRESSURIZADOR DE CHUVEIRO,2200,Artigos de plástico,031802,
3900930,CONJUNTO DE BALDES PLASTICOS,2200,Artigos de plástico,031802,
3900931,CONJUNTO DE BACIAS DE PLASTICO,2200,Artigos de plástico,031802,
3900932,CONJUNTO PLASTICO DE MANTIMENTOS OU CONDIMENTOS,2200,Artigos de plástico,031802,
3900933,JOGO PLASTICO DE MANTIMENTOS OU CONDIMENTOS,2200,Artigos de plástico,031802,
3900934,CONJUNTO PLASTICO DE CONDIMENTOS,2200,Artigos de plástico,031802,
3900935,JOGO PLASTICO DE CONDIMENTOS,2200,Artigos de plástico,031802,
3900936,IMA DE GELADEIRA,3180,Móveis e produtos das indústrias diversas,033401,
3901001,GARRAFA TERMICA,3180,Móveis e produtos das indústrias diversas,033401,
3901101,VELA DE FILTRO,2300,Outros produtos de minerais não-metálicos,032001,
3901201,CAPACHO,1300,Fabricação outros produtos Têxteis,030303,
3901301,CONJUNTO DE LATAS DE MANTIMENTOS,2500,Produtos de metal - exclusive máquinas e equipamento,032301,
3901302,LATA DE MANTIMENTOS,2500,Produtos de metal - exclusive máquinas e equipamento,032301,
3901401,MANGUEIRA DE PLASTICO OU BORRACHA,2200,Artigos de borracha,031801,
3901501,CONJUNTO DE SALADEIRAS,2500,Produtos de metal - exclusive máquinas e equipamento,032301,
3901503,SALADEIRA,2500,Produtos de metal - exclusive máquinas e equipamento,032301,
3901601,UTENSILIOS DE MADEIRA,1600,Produtos de madeira - exclusive móveis,030601,
3901603,TABUA DE CARNE,1600,Produtos de madeira - exclusive móveis,030601,
3901604,SOCADOR DE ALHO (MADEIRA),1600,Produtos de madeira - exclusive móveis,030601,
3901701,"CAPA DE LIQUIDIFICADOR,ENCERADEIRA,MAQUINA DE LAVAR,ETC.",1300,Fabricação outros produtos Têxteis,030303,
3901803,JOGO DE FORMAS DE BARQUETE,2500,Produtos de metal - exclusive máquinas e equipamento,032301,
3901901,COADOR DE TECIDO,1300,Fabricação outros produtos Têxteis,030303,
3902001,BUJAO DE GAS (VAZIO),2500,Produtos de metal - exclusive máquinas e equipamento,032301,
3902002,BUTIJAO DE GAS (VAZIO),2500,Produtos de metal - exclusive máquinas e equipamento,032301,
3902201,UTENSILIOS DE BARRO,2300,Outros produtos de minerais não-metálicos,032001,
3902202,PANELA DE BARRO,2300,Outros produtos de minerais não-metálicos,032001,
3902204,JOGO DE PANELAS DE BARRO,2300,Outros produtos de minerais não-metálicos,032001,
3902301,UTENSILIOS DE ACRILICO,2200,Artigos de plástico,031802,
3902302,ACRILICO (UTENSILIOS),2200,Artigos de plástico,031802,
3902303,COPO DE ACRILICO,2200,Artigos de plástico,031802,
3902401,PRATO DE ESMALTE,2500,Produtos de metal - exclusive máquinas e equipamento,032301,
3902501,UTENSILIOS DE ISOPOR,2200,Artigos de plástico,031802,
3902502,ISOPOR (CAIXA E OUTROS UTENSILIOS),2200,Artigos de plástico,031802,
3902503,PORTA-MAMADEIRA DE ISOPOR,2200,Artigos de plástico,031802,
3902601,PASSADEIRA,1300,Fabricação outros produtos Têxteis,030303,
3902602,TAPETE DE PANO,1300,Fabricação outros produtos Têxteis,030303,
3902801,UTENSILIOS DE BORRACHA,2200,Artigos de borracha,031801,
3902802,CORTINA E TAPETE DE BORRACHA OU PLASTICO,2200,Artigos de borracha,031801,
3902803,TAPETES DE BORRACHA OU PLASTICO,2200,Artigos de borracha,031801,
3903001,CESTO PARA ROUPA,2200,Artigos de plástico,031802,
3903002,SACOLA PARA ROUPA,2200,Artigos de plástico,031802,
3903102,CORTADOR DE VERDURA (APARELHO),2500,Produtos de metal - exclusive máquinas e equipamento,032301,
3903201,CONJUNTO DE ESPETOS DE METAL,2500,Produtos de metal - exclusive máquinas e equipamento,032301,
3903202,JOGO DE ESPETOS DE METAL,2500,Produtos de metal - exclusive máquinas e equipamento,032301,
3903301,FRUTEIRA (INOX),2500,Produtos de metal - exclusive máquinas e equipamento,032301,
3903401,UTENSILIOS DE FIBRA VEGETAL,1600,Produtos de madeira - exclusive móveis,030601,
3903402,PENEIRA DE FIBRA VEGETAL,1600,Produtos de madeira - exclusive móveis,030601,
3903501,BANDEJA (INOX),2500,Produtos de metal - exclusive máquinas e equipamento,032301,
3903601,PORTA-TOALHA DE TECIDO,1300,Fabricação outros produtos Têxteis,030303,
3903701,CONJUNTO DE TECIDO DE BANHEIRO,1300,Fabricação outros produtos Têxteis,030303,
3903702,JOGO DE TECIDO DE BANHEIRO,1300,Fabricação outros produtos Têxteis,030303,
3903801,SAPATEIRA,2200,Artigos de plástico,031802,
3903901,TACA DE SORVETE,2500,Produtos de metal - exclusive máquinas e equipamento,032301,
3903903,CONJUNTO DE TACAS PARA SORVETE,2500,Produtos de metal - exclusive máquinas e equipamento,032301,
3904101,CAPA DE SOFA,1300,Fabricação outros produtos Têxteis,030303,
3904201,JARRA DE CRISTAL,2300,Outros produtos de minerais não-metálicos,032001,
3904301,COPO DE CRISTAL,2300,Outros produtos de minerais não-metálicos,032001,
3904501,CAMISA DE LAMPIAO A GAS,1300,Fabricação outros produtos Têxteis,030303,
3904602,BANDEJA DE PORCELANA (PORTA-BOLO),2300,Outros produtos de minerais não-metálicos,032001,
3904701,EXTENSAO DE FERRO ELETRICO (ESPECIFICO),2700,"Máquinas, aparelhos e materiais elétricos",032701,
3904801,SUPORTE PARA GARRAFAO DE AGUA,2200,Artigos de plástico,031802,
3904802,SUPORTE PARA AGUA MINERAL,2200,Artigos de plástico,031802,
3904901,VARAL (DE APARTAMENTO),2500,Produtos de metal - exclusive máquinas e equipamento,032301,
3904902,VARAL DE CORDINHAS (REGULAVEL),2500,Produtos de metal - exclusive máquinas e equipamento,032301,
3905001,REGISTRO DE FOGAO,2800,"Máquinas e equipamentos, inclusive manutenção e reparos",032401,
3905003,REGISTRO DE BOTIJAO DE GAS,2800,"Máquinas e equipamentos, inclusive manutenção e reparos",032401,
3905004,VALVULA DE BOTIJAO DE GAS,2800,"Máquinas e equipamentos, inclusive manutenção e reparos",032401,
3905101,TACA DE CRISTAL,2300,Outros produtos de minerais não-metálicos,032001,
3905201,"PES PARA GELADEIRA (METAL,LOUCA,ETC.)",2500,Produtos de metal - exclusive máquinas e equipamento,032301,
3905202,"PES DE GELADEIRA (METAL,LOUCA,ETC.)",2500,Produtos de metal - exclusive máquinas e equipamento,032301,
3905301,CONJUNTO DE TRAVESSAS REFRATARIAS (PARA MICROONDAS),2300,Outros produtos de minerais não-metálicos,032001,
3905302,JOGO DE TRAVESSAS REFRATARIAS (PARA MICROONDAS),2300,Outros produtos de minerais não-metálicos,032001,
3905401,BORRACHA DE PANELA DE PRESSAO,2200,Artigos de borracha,031801,
3905501,"CAPA DE SOM,VIDEO",2200,Artigos de plástico,031802,
3905601,BACIA INDETERMINADA,2500,Produtos de metal - exclusive máquinas e equipamento,032301,
3905701,BALDE,2200,Artigos de plástico,031802,
3905801,ASSADEIRA,2500,Produtos de metal - exclusive máquinas e equipamento,032301,
3905901,ACUCAREIRO,2500,Produtos de metal - exclusive máquinas e equipamento,032301,
3906001,BANDEJA,2200,Artigos de plástico,031802,
3906002,CONJUNTO DE BANDEJAS,2200,Artigos de plástico,031802,
3906101,BATEDOR DE OVOS (MANUAL),2500,Produtos de metal - exclusive máquinas e equipamento,032301,
3906201,BULE,2500,Produtos de metal - exclusive máquinas e equipamento,032301,
3906301,CALDEIRAO,2500,Produtos de metal - exclusive máquinas e equipamento,032301,
3906401,CANECA,2200,Artigos de plástico,031802,
3906501,CHALEIRA,2500,Produtos de metal - exclusive máquinas e equipamento,032301,
3906701,CONCHA,2500,Produtos de metal - exclusive máquinas e equipamento,032301,
3906801,CONJUNTO DE CHIMARRAO,3180,Móveis e produtos das indústrias diversas,033401,
3906901,CONJUNTO DE PIREX,2300,Outros produtos de minerais não-metálicos,032001,
3907001,CONJUNTO DE SOBREMESA,2300,Outros produtos de minerais não-metálicos,032001,
3907101,CONJUNTO DE POTES,2300,Outros produtos de minerais não-metálicos,032001,
3907201,COPO DE ALUMINHO,2500,Produtos de metal - exclusive máquinas e equipamento,032301,
3907301,COPO (INOX),2500,Produtos de metal - exclusive máquinas e equipamento,032301,
3907401,CORTADOR DE BOLO,2500,Produtos de metal - exclusive máquinas e equipamento,032301,
3907501,CORTADOR DE PIZZA,2500,Produtos de metal - exclusive máquinas e equipamento,032301,
3907601,CUSCUZEIRA,2500,Produtos de metal - exclusive máquinas e equipamento,032301,
3907701,ESCORREDOR DE ARROZ,2200,Artigos de plástico,031802,
3907801,ESCUMADEIRA,2500,Produtos de metal - exclusive máquinas e equipamento,032301,
3907901,ESPREMEDOR DE METAL,2500,Produtos de metal - exclusive máquinas e equipamento,032301,
3908001,FARINHEIRA,2500,Produtos de metal - exclusive máquinas e equipamento,032301,
3908101,FORMA DE CREPE,2500,Produtos de metal - exclusive máquinas e equipamento,032301,
3908201,FORMA DE GELO,2200,Artigos de plástico,031802,
3908301,FORMA DE PAO,2500,Produtos de metal - exclusive máquinas e equipamento,032301,
3908401,FORMA DE MISTO-QUENTE,2500,Produtos de metal - exclusive máquinas e equipamento,032301,
3908501,FRUTEIRA,2200,Artigos de plástico,031802,
3908601,FUNIL,2500,Produtos de metal - exclusive máquinas e equipamento,032301,
3908701,JARRA,2300,Outros produtos de minerais não-metálicos,032001,
3908801,CONJUNTO DE JARRA E COPOS,2300,Outros produtos de minerais não-metálicos,032001,
3908901,JOGO DE CANECAS,2200,Artigos de plástico,031802,
3909001,GRELHA,2500,Produtos de metal - exclusive máquinas e equipamento,032301,
3909101,JOGO DE TIGELAS,2200,Artigos de plástico,031802,
3909102,TIGELA,2200,Artigos de plástico,031802,
3909201,CESTA DE PALHA,1600,Produtos de madeira - exclusive móveis,030601,
3909401,MANTEIGUEIRA,2200,Artigos de plástico,031802,
3909501,PALITEIRO,2200,Artigos de plástico,031802,
3909601,OMELETEIRA,2500,Produtos de metal - exclusive máquinas e equipamento,032301,
3909701,PAPEIRO,2200,Artigos de plástico,031802,
3909901,"PES PARA FOGAO (METAL, LOUCA, ETC.)",3180,Móveis e produtos das indústrias diversas,033401,
3910001,PILAO,2500,Produtos de metal - exclusive máquinas e equipamento,032301,
3910101,PINCEL DE COZINHA,3180,Móveis e produtos das indústrias diversas,033401,
3910201,"PORTA-OBJETOS (MADEIRA, ACRILICO, LOUCA, METAL, ETC.)",3180,Móveis e produtos das indústrias diversas,033401,
3910301,SALEIRO,2200,Artigos de plástico,031802,
3910401,SUPORTE PARA BUJAO DE GAS,3180,Móveis e produtos das indústrias diversas,033401,
3910501,RALO DE PIA,2500,Produtos de metal - exclusive máquinas e equipamento,032301,
4000101,BIJUTERIA,3180,Móveis e produtos das indústrias diversas,033401,
4000102,COLAR,3180,Móveis e produtos das indústrias diversas,033401,
4000103,PINGENTE,3180,Móveis e produtos das indústrias diversas,033401,
4000104,BRINCO,3180,Móveis e produtos das indústrias diversas,033401,
4000105,BROCHE,3180,Móveis e produtos das indústrias diversas,033401,
4000106,GARGANTILHA,3180,Móveis e produtos das indústrias diversas,033401,
4000107,ANEL,3180,Móveis e produtos das indústrias diversas,033401,
4000201,CACHIMBO,3180,Móveis e produtos das indústrias diversas,033401,
4000401,DECALQUES,1800,"Jornais, revistas, discos e outros produtos gravados",030801,
4000501,OCULOS SEM GRAU,2600,"Aparelhos/instrumentos médico-hospitalar, medida e óptico",032901,
4000502,LENTES DE OCULOS SEM GRAU,2600,"Aparelhos/instrumentos médico-hospitalar, medida e óptico",032901,
4000701,TRANSPORTE DE MERCADORIAS,4900,Transporte de carga,070101,
4000702,TRANSPORTE DE ANIMAIS,4900,Transporte de carga,070101,
4001101,MASCARA DE CARNAVAL,3180,Móveis e produtos das indústrias diversas,033401,
4002201,ADESIVO PLASTICO OU PANFLETO,1800,"Jornais, revistas, discos e outros produtos gravados",030801,
4002202,PANFLETO OU ADESIVO PLASTICO,1800,"Jornais, revistas, discos e outros produtos gravados",030801,
4002601,"BATERIA DE RELOGIO,BRINQUEDO,APARELHO AUDITIVO,ETC.",2700,"Máquinas, aparelhos e materiais elétricos",032701,
4002602,"BATERIA DE RELOGIO, BRINQUEDO",2700,"Máquinas, aparelhos e materiais elétricos",032701,
4002901,PARAFINA,1991,Outros produtos do refino de petróleo e coque,030906,
4003001,CIGARREIRA,3180,Móveis e produtos das indústrias diversas,033401,
4003101,CHAVEIRO,3180,Móveis e produtos das indústrias diversas,033401,
4003201,BOMBA E CUIA OU PORONGO DE CHIMARRAO,3180,Móveis e produtos das indústrias diversas,033401,
4003202,BOMBA DE CHIMARRAO,3180,Móveis e produtos das indústrias diversas,033401,
4003203,CUIA DE CHIMARRAO,3180,Móveis e produtos das indústrias diversas,033401,
4003401,PLASTIFICACAO DE DOCUMENTO,7880,Serviços prestados às empresas,110301,
4003501,"PINCEL,TINTA E VERNIZ PARA PINTURA DE TELA,VASO,ETC.",2092,"Tintas, vernizes, esmaltes e lacas",031601,
4003502,"TINTA PARA PINTURA DE TELA,VASO,ETC.",2092,"Tintas, vernizes, esmaltes e lacas",031601,
4003503,"VERNIZ PARA PINTURA DE TELA,VASO,ETC.",2092,"Tintas, vernizes, esmaltes e lacas",031601,
4003504,TELA PARA PINTURA,3180,Móveis e produtos das indústrias diversas,033401,
4003601,PORTA-OCULOS,1500,Preparação do couro e fabricação de artefatos - exclusive calçados,030501,
4004901,MASCARA PROTETORA (PROTECAO PROFISSIONAL),1400,Artigos do vestuário e acessórios,030401,
4005001,PEDRA DE AMOLAR,2300,Outros produtos de minerais não-metálicos,032001,
4005002,AMOLADOR (PEDRA),2300,Outros produtos de minerais não-metálicos,032001,
4006901,CANIVETE,2500,Produtos de metal - exclusive máquinas e equipamento,032301,
4007101,ISQUEIRO DESCARTAVEL,3180,Móveis e produtos das indústrias diversas,033401,
4007201,ISQUEIRO NAO DESCARTAVEL (DE USO PESSOAL),3180,Móveis e produtos das indústrias diversas,033401,
4007301,ACENDEDOR DE FOGAO,3180,Móveis e produtos das indústrias diversas,033401,
4007401,PRENDEDOR DE GRAVATA,3180,Móveis e produtos das indústrias diversas,033401,
4007501,COFRE,2500,Produtos de metal - exclusive máquinas e equipamento,032301,
4007601,CALENDARIO,1800,"Jornais, revistas, discos e outros produtos gravados",030801,
4100101,ONIBUS URBANO (VIAGEM),4900,Transporte de passageiro,070102,
4100102,ONIBUS URBANO,4900,Transporte de passageiro,070102,
4100201,TREM (VIAGEM),4900,Transporte de passageiro,070102,
4100202,TREM,4900,Transporte de passageiro,070102,
4100301,AVIAO (VIAGEM),5100,Transporte de passageiro,070102,
4100302,AVIAO,4900,Transporte de passageiro,070102,
4100401,NAVIO (VIAGEM),5000,Transporte de passageiro,070102,
4100402,NAVIO,5000,Transporte de passageiro,070102,
4100501,COMBUSTIVEL DE VEICULO (VIAGEM),1991,Gasoálcool,030903,
4100502,COMBUSTIVEL DE VEICULO,1991,Gasoálcool,030903,
4100601,ALIMENTACAO (VIAGEM),5500,Serviços de alojamento e alimentação,110201,
4100602,ALIMENTACAO,5500,Serviços de alojamento e alimentação,110201,
4100603,BEBIDAS,5500,Serviços de alojamento e alimentação,110201,
4100701,HOSPEDAGEM (VIAGEM),5500,Serviços de alojamento e alimentação,110201,
4100703,CAMPING (VIAGEM),5500,Serviços de alojamento e alimentação,110201,
4100705,BARRACA (VIAGEM),5500,Serviços de alojamento e alimentação,110201,
4100706,HOTEL (VIAGEM),5500,Serviços de alojamento e alimentação,110201,
4100708,HOSPEDAGEM,5500,Serviços de alojamento e alimentação,110201,
4100801,EXCURSAO (EXCETO ESCOLAR) (VIAGEM),4900,Transporte de passageiro,070102,
4100902,ESTACIONAMENTO (VIAGEM),4900,Transporte de carga,070101,
4101001,ALUGUEL DE VEICULO (VIAGEM),6800,Serviços imobiliários e aluguel,100101,
4101002,ALUGUEL DE VEICULO,6800,Serviços imobiliários e aluguel,100101,
4101101,TAXI (VIAGEM),4900,Transporte de passageiro,070102,
4101102,TAXI,4900,Transporte de passageiro,070102,
4101201,BARCO (VIAGEM),5000,Transporte de passageiro,070102,
4101202,BARCO,5000,Transporte de passageiro,070102,
4101301,PEDAGIO (VIAGEM),4900,Transporte de carga,070101,
4101302,PEDAGIO,4900,Transporte de carga,070101,
4101401,METRO (VIAGEM),4900,Transporte de passageiro,070102,
4101501,CAMINHAO (VIAGEM),4900,Transporte de passageiro,070102,
4101502,PAU-DE-ARARA (VIAJEM),4900,Transporte de passageiro,070102,
4101601,AUTOMOVEL UTILITARIO (VIAGEM),4900,Transporte de passageiro,070102,
4101602,KOMBI (VIAGEM),4900,Transporte de passageiro,070102,
4101701,COLONIA DE FERIAS (VIAGEM),5500,Serviços de alojamento e alimentação,110201,
4101801,TAXA ALFANDEGARIA (VIAGEM),9800,,TAXAS,
4102001,ONIBUS INTERMUNICIPAL (VIAGEM),4900,Transporte de passageiro,070102,
4102002,ONIBUS INTERMUNICIPAL,4900,Transporte de passageiro,070102,
4102101,ONIBUS INTERNACIONAL (VIAGEM),4900,Transporte de passageiro,070102,
4102102,ONIBUS INTERNACIONAL,4900,Transporte de passageiro,070102,
4102201,ONIBUS INTERESTADUAL (VIAGEM),4900,Transporte de passageiro,070102,
4102202,ONIBUS INTERESTADUAL,4900,Transporte de passageiro,070102,
4102301,FERRY-BOAT (VIAGEM),5000,Transporte de passageiro,070102,
4102501,BALSA,5000,Transporte de passageiro,070102,
4102601,GUIA TURISTICO,4900,Transporte de passageiro,070102,
4200201,CURANDEIRO E CURIOSO,8692,Saúde mercantil,110501,
4200301,PROTESE E APARELHO DENTARIO,2600,"Aparelhos/instrumentos médico-hospitalar, medida e óptico",032901,
4200302,APARELHO ORTODONTICO,2600,"Aparelhos/instrumentos médico-hospitalar, medida e óptico",032901,
4200304,DENTADURA,2600,"Aparelhos/instrumentos médico-hospitalar, medida e óptico",032901,
4200401,TRATAMENTO DENTARIO,8692,Saúde mercantil,110501,
4200402,TRATAMENTO DE CANAL DENTARIO,8692,Saúde mercantil,110501,
4200403,OBTURACAO DENTARIA,8692,Saúde mercantil,110501,
4200404,EXTRACAO DENTARIA,8692,Saúde mercantil,110501,
4200406,MANUTENCAO DE APARELHO DENTARIO,8692,Saúde mercantil,110501,
4200407,MANUTENCAO DE APARELHO ORTODONTICO,8692,Saúde mercantil,110501,
4200408,IMPLANTE DE DENTE,8692,Saúde mercantil,110501,
4200501,"SERVICOS DE CIRURGIA, ANESTESIA E OBSTETRICIA",8692,Saúde mercantil,110501,
4200502,ANESTESISTA PARA CIRURGIA E PARTO,8692,Saúde mercantil,110501,
4200503,OBSTETRA PARA CIRURGIA E PARTO,8692,Saúde mercantil,110501,
4200504,CIRURGIAO PARA OPERACAO E PARTO,8692,Saúde mercantil,110501,
4200505,CIRURGIA (QUALQUER TIPO),8692,Saúde mercantil,110501,
4200506,PROCEDIMENTO CIRURGICO,8692,Saúde mercantil,110501,
4200601,HOSPITALIZACAO,8692,Saúde mercantil,110501,
4200602,INTERNACAO EM PRONTO SOCORRO,8692,Saúde mercantil,110501,
4200604,INTERNACAO EM HOSPITAL,8692,Saúde mercantil,110501,
4200701,ELETRODIAGNOSTICO,8692,Saúde mercantil,110501,
4200702,ULTRASONOGRAFIA,8692,Saúde mercantil,110501,
4200704,ELETROCARDIOGRAMA,8692,Saúde mercantil,110501,
4200705,TOMOGRAFIA,8692,Saúde mercantil,110501,
4200706,ELETROENCEFALOGRAMA,8692,Saúde mercantil,110501,
4200707,ENDOSCOPIA,8692,Saúde mercantil,110501,
4200708,ECOGRAFIA,8692,Saúde mercantil,110501,
4200709,ECOCARDIOGRAMA,8692,Saúde mercantil,110501,
4200710,ECOCARDIOGRAFIA,8692,Saúde mercantil,110501,
4200711,ECOENDOSCOPIA,8692,Saúde mercantil,110501,
4200712,MAMOGRAFIA,8692,Saúde mercantil,110501,
4200713,DENSITOMETRIA OSSEA,8692,Saúde mercantil,110501,
4200714,RESSONANCIA MAGNETICA,8692,Saúde mercantil,110501,
4200801,EXAME DE LABORATORIO,8692,Saúde mercantil,110501,
4200803,EXAME DE FEZES,8692,Saúde mercantil,110501,
4200804,EXAME DE SANGUE,8692,Saúde mercantil,110501,
4200805,EXAME DE URINA,8692,Saúde mercantil,110501,
4200806,EXAME PRE-NUPCIAL,8692,Saúde mercantil,110501,
4200807,BIOPSIA (EM GERAL),8692,Saúde mercantil,110501,
4200808,EXAME OFTALMOLOGICO,8692,Saúde mercantil,110501,
4200809,EXAMES EM GERAL,8692,Saúde mercantil,110501,
4200810,EXAME PRE-NATAL,8692,Saúde mercantil,110501,
4200811,EXAMES PREVENTIVOS,8692,Saúde mercantil,110501,
4200812,EXAME GINECOLOGICO,8692,Saúde mercantil,110501,
4200901,RADIOGRAFIA,8692,Saúde mercantil,110501,
4200902,EXAME RADIOLOGICO,8692,Saúde mercantil,110501,
4201001,"CAUTERIZACAO,CURATIVO,NEBULIZACAO,ETC.",8692,Saúde mercantil,110501,
4201002,VACINACAO,8692,Saúde mercantil,110501,
4201003,TRATAMENTO AMBULATORIAL,8692,Saúde mercantil,110501,
4201004,NEBULIZACAO,8692,Saúde mercantil,110501,
4201005,CURATIVO,8692,Saúde mercantil,110501,
4201006,"CAUTERIZACAO, CURATIVO, NEBULIZACAO ETC.",8692,Saúde mercantil,110501,
4201101,ARMACAO DE OCULOS,2600,"Aparelhos/instrumentos médico-hospitalar, medida e óptico",032901,
4201201,ARTIGOS ORTOPEDICOS E OUTROS,2600,"Aparelhos/instrumentos médico-hospitalar, medida e óptico",032901,
4201202,SAPATO ORTOPEDICO,2600,"Aparelhos/instrumentos médico-hospitalar, medida e óptico",032901,
4201203,MULETA,2600,"Aparelhos/instrumentos médico-hospitalar, medida e óptico",032901,
4201204,CAMA HOSPITALAR,2600,"Aparelhos/instrumentos médico-hospitalar, medida e óptico",032901,
4201205,EQUIPAMENTO DE MASSAGEM,2600,"Aparelhos/instrumentos médico-hospitalar, medida e óptico",032901,
4201206,PALMILHA (ORTOPEDICA),2600,"Aparelhos/instrumentos médico-hospitalar, medida e óptico",032901,
4201207,CADEIRA DE RODAS,2600,"Aparelhos/instrumentos médico-hospitalar, medida e óptico",032901,
4201208,BOTA ORTOPEDICA,2600,"Aparelhos/instrumentos médico-hospitalar, medida e óptico",032901,
4201209,OUTROS ARTIGOS MEDICOS,2600,"Aparelhos/instrumentos médico-hospitalar, medida e óptico",032901,
4201210,SANDALIA ORTOPEDICA,2600,"Aparelhos/instrumentos médico-hospitalar, medida e óptico",032901,
4201211,APARELHO DE SURDEZ,2600,"Aparelhos/instrumentos médico-hospitalar, medida e óptico",032901,
4201213,TORNOZELEIRA ORTOPEDICA,2600,"Aparelhos/instrumentos médico-hospitalar, medida e óptico",032901,
4201214,APARELHO DENTAL GET,2600,"Aparelhos/instrumentos médico-hospitalar, medida e óptico",032901,
4201216,CINTA TERMICA (CORRETIVA),2600,"Aparelhos/instrumentos médico-hospitalar, medida e óptico",032901,
4201217,MEIA ELASTICA (PARA VARIZES),2600,"Aparelhos/instrumentos médico-hospitalar, medida e óptico",032901,
4201218,FRALDA GERIATRICA,2600,"Aparelhos/instrumentos médico-hospitalar, medida e óptico",032901,
4201221,APARELHO DE MEDICAO DE GLICOSE,2600,"Aparelhos/instrumentos médico-hospitalar, medida e óptico",032901,
4201301,ALUGUEL DE APARELHO MEDICO,6800,Serviços imobiliários e aluguel,100101,
4201303,ALUGUEL DE CADEIRA DE RODAS,6800,Serviços imobiliários e aluguel,100101,
4201304,ALUGUEL DE CAMA HOSPITALAR,6800,Serviços imobiliários e aluguel,100101,
4201401,PLANO/SEGURO-SAUDE,6480,Intermediação financeira e seguros,090101,
4201402,FUNDO DE PARTICIPACAO EM PLANO/SEGURO-SAUDE,6480,Intermediação financeira e seguros,090101,
4201403,POUPANCA COMPLEMENTAR DE PLANO/SEGURO-SAUDE,6480,Intermediação financeira e seguros,090101,
4201404,COMPLEMENTACAO DE PLANO/SEGURO-SAUDE,6480,Intermediação financeira e seguros,090101,
4201405,PLANO / SEGURO-SAUDE,6480,Intermediação financeira e seguros,090101,
4201501,OUTROS TRATAMENTOS,8692,Saúde mercantil,110501,
4201502,TRATAMENTO MASSAGISTICO,8692,Saúde mercantil,110501,
4201503,TRATAMENTO DE ENFERMAGEM,8692,Saúde mercantil,110501,
4201504,TRATAMENTO DIETETICO,8692,Saúde mercantil,110501,
4201505,TRATAMENTO ACUPUNTURAL,8692,Saúde mercantil,110501,
4201506,ACUPUNTURA (TRATAMENTO),8692,Saúde mercantil,110501,
4201508,HIDROTERAPIA (TRATAMENTO),8692,Saúde mercantil,110501,
4201601,ENFERMEIRA,8692,Saúde mercantil,110501,
4201602,INSTRUMENTADOR CIRURGICO,8692,Saúde mercantil,110501,
4201701,CONSERTO E REPARO DE ARTIGO E APARELHO MEDICOS,2600,"Aparelhos/instrumentos médico-hospitalar, medida e óptico",032901,
4201801,ACOMPANHANTE DE QUARTO HOSPITALAR,8692,Saúde mercantil,110501,
4201901,AMBULANCIA (REMOCAO),8692,Saúde mercantil,110501,
4202002,APLICACAO DE RAIO LASER,8692,Saúde mercantil,110501,
4202101,EXAMES EM POSTOS OU PROFISSIONAIS VOLANTES,8692,Saúde mercantil,110501,
4202102,PRESSAO ARTERIAL (EM POSTOS OU PROFISSIONAIS VOLANTES),8692,Saúde mercantil,110501,
4202103,EXAME DE PRESSAO ARTERIAL (EM POSTOS OU PROFISSIONAIS VOLANTES),8692,Saúde mercantil,110501,
4202104,VIGILANTES DO PESO (PROFISSIONAIS VOLANTES),8692,Saúde mercantil,110501,
4202501,MENSALIDADE DE CLINICA,8692,Saúde mercantil,110501,
4202701,LENTE DE OCULOS (DE GRAU),2600,"Aparelhos/instrumentos médico-hospitalar, medida e óptico",032901,
4202702,OCULOS DE GRAU (ARMACAO+LENTE),2600,"Aparelhos/instrumentos médico-hospitalar, medida e óptico",032901,
4202801,LENTE DE CONTATO,2600,"Aparelhos/instrumentos médico-hospitalar, medida e óptico",032901,
4202902,TUBO OU CILINDRO DE OXIGENIO (DESPESA COM SAUDE),2091,Produtos químicos inorgânicos,031101,
4203001,EXAME PREVENTIVO DE CANCER,8692,Saúde mercantil,110501,
4203101,PLANO ODONTOLOGICO,6480,Intermediação financeira e seguros,090101,
4203102,PLANO DE ASSISTENCIA ODONTOLOGICA,6480,Intermediação financeira e seguros,090101,
4203201,EXAME ERGOMETRICO,8692,Saúde mercantil,110501,
4203301,EXAME AUDIOMETRICO,8692,Saúde mercantil,110501,
4203402,CRISTALINO (LENTE INTRAOCULAR),2600,"Aparelhos/instrumentos médico-hospitalar, medida e óptico",032901,
4203601,HEMODIALISE,8692,Saúde mercantil,110501,
4203701,CONSULTA MEDICA ODONTOLOGICA,8692,Saúde mercantil,110501,
4203801,CONSULTA MEDICA GINECOLOGICA,8692,Saúde mercantil,110501,
4203901,CONSULTA MEDICA PEDIATRICA,8692,Saúde mercantil,110501,
4204001,CONSULTA MEDICA CARDIOLOGICA,8692,Saúde mercantil,110501,
4204101,CONSULTA MEDICA OFTALMOLOGICA,8692,Saúde mercantil,110501,
4204201,CONSULTA MEDICA ORTOPEDICA,8692,Saúde mercantil,110501,
4204301,CONSULTA MEDICA NEUROLOGICA,8692,Saúde mercantil,110501,
4204401,CONSULTA MEDICA PSIQUIATRICA,8692,Saúde mercantil,110501,
4204501,CONSULTA MEDICA DERMATOLOGICA,8692,Saúde mercantil,110501,
4204601,CONSULTA MEDICA OUTRA,8692,Saúde mercantil,110501,
4204602,CONSULTA MEDICA OUTRAS,8692,Saúde mercantil,110501,
4204603,CONSULTA MEDICA (ALERGISTA),8692,Saúde mercantil,110501,
4204604,CONSULTA MEDICA GASTROENTEROLOGICA,8692,Saúde mercantil,110501,
4204605,CONSULTA MEDICA GERAL,8692,Saúde mercantil,110501,
4204606,CONSULTA MEDICA GERIATRICA,8692,Saúde mercantil,110501,
4204607,CONSULTA MEDICA HOMEOPATICA,8692,Saúde mercantil,110501,
4204608,CONSULTA MEDICA NEFROLOGICA (RENAIS),8692,Saúde mercantil,110501,
4204609,CONSULTA MEDICA NUTRICIONISTA,8692,Saúde mercantil,110501,
4204610,CONSULTA MEDICA OBSTETRICA,8692,Saúde mercantil,110501,
4204611,CONSULTA MEDICA ONCOLOGICA,8692,Saúde mercantil,110501,
4204612,CONSULTA MEDICA OTOLOGICA,8692,Saúde mercantil,110501,
4204613,CONSULTA MEDICA OTORRINO,8692,Saúde mercantil,110501,
4204614,CONSULTA MEDICA PNEUMOLOGICA,8692,Saúde mercantil,110501,
4204615,CONSULTA MEDICA REUMATOLOGICA,8692,Saúde mercantil,110501,
4204701,CONSULTA MEDICA ENDOCRINOLOGICA,8692,Saúde mercantil,110501,
4204801,CONSULTA MEDICA PROTOLOGICA,8692,Saúde mercantil,110501,
4204901,CONSULTA MEDICA UROLOGICA,8692,Saúde mercantil,110501,
4205001,CONSULTA MEDICA ANGIOLOGICA,8692,Saúde mercantil,110501,
4205101,TRATAMENTO PSICOLOGICO,8692,Saúde mercantil,110501,
4205201,TRATAMENTO FISIOTERAPICO,8692,Saúde mercantil,110501,
4205301,TRATAMENTO FONOAUDIOLOGICO,8692,Saúde mercantil,110501,
4205401,TRATAMENTO QUIMIOTERAPICO,8692,Saúde mercantil,110501,
4300101,LUBRIFICACAO (COM OU SEM LAVAGEM),7380,Serviços de manutenção e reparação,110101,
4300201,OLEO LUBRIFICANTE (COMPLEMENTACAO OU TROCA),1991,Outros produtos do refino de petróleo e coque,030906,
4300202,COMPLEMENTACAO DE OLEO LUBRIFICANTE,1991,Outros produtos do refino de petróleo e coque,030906,
4300203,OLEO LUBRIFICANTE DE (COMPLEMENTACAO),1991,Outros produtos do refino de petróleo e coque,030906,
4300204,OLEO LUBRIFICANTE DE (TROCA),1991,Outros produtos do refino de petróleo e coque,030906,
4300205,TROCA DE OLEO LUBRIFICANTE,1991,Outros produtos do refino de petróleo e coque,030906,
4300301,PECA ELETRICA OU MECANICA,7380,Serviços de manutenção e reparação,110101,
4300302,PECA MECANICA,7380,Serviços de manutenção e reparação,110101,
4300401,CAMARA E PNEU,2200,Artigos de borracha,031801,
4300402,PNEU,2200,Artigos de borracha,031801,
4300501,MAO-DE-OBRA DE CONSERTO,7380,Serviços de manutenção e reparação,110101,
4300502,CONSERTO (MAO-DE-OBRA),7380,Serviços de manutenção e reparação,110101,
4300503,MECANICO (MAO-DE-OBRA),7380,Serviços de manutenção e reparação,110101,
4300504,BORRACHEIRO (MAO-DE-OBRA),7380,Serviços de manutenção e reparação,110101,
4300505,INSTALACAO DE SOM (MAO-DE-OBRA),7380,Serviços de manutenção e reparação,110101,
4300506,ALINHAMENTO DE RODAS,7380,Serviços de manutenção e reparação,110101,
4300507,BALANCEAMENTO DE RODAS,7380,Serviços de manutenção e reparação,110101,
4300508,GEOMETRIA DE RODAS,7380,Serviços de manutenção e reparação,110101,
4300509,CONSERTO E REPARO DE VIDRO,7380,Serviços de manutenção e reparação,110101,
4300510,REPARO DE ARRANHOES DE PINTURA,7380,Serviços de manutenção e reparação,110101,
4300601,CONSERTO (PECA+MAO-DE-OBRA),7380,Serviços de manutenção e reparação,110101,
4300602,CONSERTO DE BICICLETA (PECA E MAO DE OBRA),7380,Serviços de manutenção e reparação,110101,
4300604,CONSERTO DE BICICLETA (MAO DE OBRA),7380,Serviços de manutenção e reparação,110101,
4300605,CONSERTO DE BICICLETA,7380,Serviços de manutenção e reparação,110101,
4300701,BATERIA,2700,"Máquinas, aparelhos e materiais elétricos",032701,
4300801,OUTRAS PECAS E ACESSORIOS,7380,Serviços de manutenção e reparação,110101,
4300802,RETROVISOR,7380,Serviços de manutenção e reparação,110101,
4300803,TAPETE,7380,Serviços de manutenção e reparação,110101,
4300804,BORRACHA DE FREIO DE BICICLETA,3000,Outros equipamentos de transporte,033301,
4300805,CABO DE FREIO PARA BICICLETA,3000,Outros equipamentos de transporte,033301,
4300806,PARA-CHOQUE,7380,Serviços de manutenção e reparação,110101,
4300807,ARO DE FAROL,7380,Serviços de manutenção e reparação,110101,
4300808,FAROL,7380,Serviços de manutenção e reparação,110101,
4300809,ALARME E TRANCA,7380,Serviços de manutenção e reparação,110101,
4300810,TRANCA,7380,Serviços de manutenção e reparação,110101,
4300811,ALARME,7380,Serviços de manutenção e reparação,110101,
4300812,ARO PARA BICICLETA CROMADO,3000,Outros equipamentos de transporte,033301,
4300813,ARO E RAIO PARA BICICLETA (CROMADO),3000,Outros equipamentos de transporte,033301,
4300814,RAIO PARA BICICLETA,3000,Outros equipamentos de transporte,033301,
4300815,BOMBA PARA ENCHER PNEU (BICICLETA),3000,Outros equipamentos de transporte,033301,
4300816,CADEIRA DE BICICLETA,3000,Outros equipamentos de transporte,033301,
4300817,BACIA DE BICICLETA,3000,Outros equipamentos de transporte,033301,
4300818,EIXO DE BICICLETA,3000,Outros equipamentos de transporte,033301,
4300819,CORRENTE DE BICICLETA,3000,Outros equipamentos de transporte,033301,
4300820,OUTRAS PECAS E ACESSORIOS PARA BICICLETA,3000,Outros equipamentos de transporte,033301,
4300821,PNEU PARA BICICLETA,3000,Outros equipamentos de transporte,033301,
4300822,CAMARA E PNEU DE BICICLETA,3000,Outros equipamentos de transporte,033301,
4300901,RADIO,2600,Material eletrônico e equipamentos de comunicações,032801,
4301001,TOCA-FITAS,2600,Material eletrônico e equipamentos de comunicações,032801,
4301002,RADIO TOCA-FITAS,2600,Material eletrônico e equipamentos de comunicações,032801,
4301101,AR CONDICIONADO,2800,"Máquinas e equipamentos, inclusive manutenção e reparos",032401,
4301201,ADITIVOS,2092,Produtos e preparados químicos diversos,031701,
4301202,AGUA DESTILADA DE BATERIA,2092,Produtos e preparados químicos diversos,031701,
4301301,REBOQUE,7380,Serviços de manutenção e reparação,110101,
4301302,GUINCHO (REBOQUE),7380,Serviços de manutenção e reparação,110101,
4301501,SHAMPU,2093,"Perfumaria, sabões e artigos de limpeza",031501,
4301601,LIMPA-PARA-BRISA,2700,"Máquinas, aparelhos e materiais elétricos",032701,
4301701,PINTURA (MATERIAL+MAO-DE-OBRA),7380,Serviços de manutenção e reparação,110101,
4301801,CERA,2093,"Perfumaria, sabões e artigos de limpeza",031501,
4301802,POLIDOR,2093,"Perfumaria, sabões e artigos de limpeza",031501,
4301901,CAPACETE DE MOTOQUEIRO,3180,Móveis e produtos das indústrias diversas,033401,
4302001,TINTA,2092,"Tintas, vernizes, esmaltes e lacas",031601,
4302002,TINTA DE PINTURA,2092,"Tintas, vernizes, esmaltes e lacas",031601,
4302101,CARGA DE BATERIA,7380,Serviços de manutenção e reparação,110101,
4302102,RECARGA DE BATERIA,7380,Serviços de manutenção e reparação,110101,
4302501,CARROCERIA DE CAMIONETA,9900,FBKF,FBKF,
4302701,MOTOR DE AUTOMOVEL,2991,"Automóveis, camionetas e utilitários",033001,
4302702,CONVERSAO DE MOTOR P GAS,7380,Serviços de manutenção e reparação,110101,
4302801,MOTOR DE LANCHA,2800,"Máquinas e equipamentos, inclusive manutenção e reparos",032401,
4302901,AMPLIFICADOR,2600,Material eletrônico e equipamentos de comunicações,032801,
4303001,MASSA DE LANTERNAGEM,2092,Produtos e preparados químicos diversos,031701,
4303101,ESTOFAMENTO,3180,Móveis e produtos das indústrias diversas,033401,
4303201,FLUIDO DE FREIO,1991,Outros produtos do refino de petróleo e coque,030906,
4303202,OLEO DE FREIO,1991,Outros produtos do refino de petróleo e coque,030906,
4303301,MOTOR DE MOTOCICLETA,3000,Outros equipamentos de transporte,033301,
4303401,CD PLAYER,2600,Material eletrônico e equipamentos de comunicações,032801,
4303402,COMPACT DISC PLAYER,2600,Material eletrônico e equipamentos de comunicações,032801,
4303501,RADIO COM CD,7380,Serviços de manutenção e reparação,110101,
4303502,CADEIRINHA INFANTIL PARA CARRO,3180,Móveis e produtos das indústrias diversas,033401,
4303601,TRANSPORTE DE VEICULOS,4900,Transporte de carga,070101,
4303701,INSULFILM,7380,Serviços de manutenção e reparação,110101,
4400101,CARTORIO,7880,Serviços prestados às empresas,110301,
4400102,REGISTRO DE IMOVEL,7880,Serviços prestados às empresas,110301,
4400103,CERTIDAO DE CASAMENTO,7880,Serviços prestados às empresas,110301,
4400104,INVENTARIO,7880,Serviços prestados às empresas,110301,
4400105,ATESTADO DE OBITO,7880,Serviços prestados às empresas,110301,
4400106,CERTIDAO DE NASCIMENTO,7880,Serviços prestados às empresas,110301,
4400108,ESCRITURA,7880,Serviços prestados às empresas,110301,
4400109,AUTENTICACAO DE DOCUMENTO,7880,Serviços prestados às empresas,110301,
4400201,ADVOGADO,6980,Serviços prestados às empresas,110301,
4400301,DESPACHANTE,6980,Serviços prestados às empresas,110301,
4400501,DECORADOR,7180,Serviços prestados às empresas,110301,
4400502,SERVICO DE DECORADOR,9480,Serviços prestados às famílias,110601,
4400601,CONTADOR,6980,Serviços prestados às empresas,110301,
4400701,ORGAOS PUBLICOS (TAXAS),9800,TAXAS,TAXAS,
4400702,ATESTADO DE BONS ANTECEDENTES,9800,TAXAS,TAXAS,
4400704,DOCUMENTACAO (EXCETO DE HABILITACAO E DE VEICULO),9800,TAXAS,TAXAS,
4400801,ENGENHEIRO,7180,Serviços prestados às empresas,110301,
4400804,SERVICO DE ENGENHEIRO,9480,Serviços prestados às famílias,110601,
4400901,CORRETOR,6800,Serviços imobiliários e aluguel,100101,
4401002,DATILOGRAFIA COMPUTADORIZADA,7880,Serviços prestados às empresas,110301,
4401003,SERVICO DE DATILOGRAFIA POR COMPUTADOR,7880,Serviços prestados às empresas,110301,
4401101,TOPOGRAFO,7380,Serviços prestados às empresas,110301,
4401102,AGRIMENSOR,7380,Serviços prestados às empresas,110301,
4401201,IMOBILIARIA (COMISSAO),6800,Serviços imobiliários e aluguel,100101,
4401301,FISCALIZACAO DE OBRA (PREFEITURA),9800,TAXAS,TAXAS,
4401501,ANUNCIO CLASSIFICADO,7380,Serviços prestados às empresas,110301,
4402001,TECNICO EM AGRICULTURA,7380,Serviços prestados às empresas,110301,
4405101,ANUIDADE DE CARTAO DE CREDITO,6480,Intermediação financeira e seguros,090101,
4405201,TALAO DE CHEQUES,6480,Intermediação financeira e seguros,090101,
4405301,EXTRATO BANCARIO,6480,Intermediação financeira e seguros,090101,
4405401,CADASTRO BANCARIO,6480,Intermediação financeira e seguros,090101,
4405402,ABERTURA DE CREDITO,6480,Intermediação financeira e seguros,090101,
4405403,TARIFA DE MANUTENCAO DE CHEQUE ESPECIAL,6480,Intermediação financeira e seguros,090101,
4405404,ISSQN (TARIFA DE MANUTENCAO DE CHEQUE ESPECIAL),6480,Intermediação financeira e seguros,090101,
4405405,RENOVACAO DE CHEQUE ESPECIAL,6480,Intermediação financeira e seguros,090101,
4405406,TAXA DE RENOVACAO DE CHEQUE ESPECIAL,6480,Intermediação financeira e seguros,090101,
4405501,TRANSFERENCIA INTERBANCARIA,6480,Intermediação financeira e seguros,090101,
4405601,CARTAO ESPECIAL (TAXA),6480,Intermediação financeira e seguros,090101,
4405701,IMPOSTO SOBRE CHEQUE (CPMF),9800,TAXAS,TAXAS,
4405702,CPMF (IMPOSTO SOBRE CHEQUE),9800,TAXAS,TAXAS,
4405801,TAXA DE SAQUE ELETRONICO,6480,Intermediação financeira e seguros,090101,
4405901,TAXA PARA SUSTAR CHEQUES,6480,Intermediação financeira e seguros,090101,
4405902,TAXA DE DEVOLUCAO DE CHEQUE,6480,Intermediação financeira e seguros,090101,
4406001,JUROS DE CHEQUE ESPECIAL E CARTAO DE CREDITO,6480,Intermediação financeira e seguros,090101,
4406002,JUROS DE CARTAO DE CREDITO,6480,Intermediação financeira e seguros,090101,
4406003,JUROS DE CHEQUE ESPECIAL E CARTAO,6480,Intermediação financeira e seguros,090101,
4406101,ENCARGOS TOTAIS COM SERVICOS BANCARIOS,6480,Intermediação financeira e seguros,090101,
4406102,TARIFAS BANCARIAS (AGREGADO),6480,Intermediação financeira e seguros,090101,
4406103,CESTA BANCARIA (AGREGADO),6480,Intermediação financeira e seguros,090101,
4406201,SEGURO DE CARTAO DE CREDITO,6480,Intermediação financeira e seguros,090101,
4500101,CASAMENTO,9480,Serviços associativos,110602,
4500102,BUFFET (CASAMENTO),5500,Serviços de alojamento e alimentação,110201,
4500103,CONVITE DE CASAMENTO,1800,"Jornais, revistas, discos e outros produtos gravados",030801,
4500105,IGREJA (CASAMENTO),9480,Serviços associativos,110602,
4500106,ALUGUEL DE SALAO (CASAMENTO),9480,Serviços associativos,110602,
4500107,CURSO DE NOIVOS (IGREJA - CASAMENTO),9480,Serviços associativos,110602,
4500201,OUTRAS CERIMONIAS RELIGIOSAS,9480,Serviços associativos,110602,
4500202,BATIZADO,9480,Serviços associativos,110602,
4500203,COMUNHAO,9480,Serviços associativos,110602,
4500205,REUNIAO DE CULTO RELIGIOSO,9800,TAXAS,TAXAS,
4500206,MISSA,9800,TAXAS,TAXAS,
4500301,FUNERAL E ARTIGOS RELIGIOSOS,9480,Serviços prestados às famílias,110601,
4500302,ARTIGO RELIGIOSO,3180,Móveis e produtos das indústrias diversas,033401,
4500304,COROA DE FLORES,9480,Serviços prestados às famílias,110601,
4500305,TAXA DE FUNERARIA,9480,Serviços prestados às famílias,110601,
4500306,CAIXAO,3180,Móveis e produtos das indústrias diversas,033401,
4500307,URNA FUNERARIA,3180,Móveis e produtos das indústrias diversas,033401,
4500308,DESPESAS OUTRAS EM FUNERAL,9480,Serviços prestados às famílias,110601,
4500401,CARTOMANTE,9480,Serviços prestados às famílias,110601,
4500501,FOTOGRAFIAS DE CERIMONIAS (FOTOGRAFO PROFISSIONAL),5980,Serviços prestados às empresas,110301,
4500502,FOTO DE CERIMONIAS (FOTOGRAFO PROFISSIONAL),5980,Serviços prestados às empresas,110301,
4500503,FOTOGRAFIAS DE CERIMONIA,5980,Serviços prestados às empresas,110301,
4500601,ANIVERSARIO (FESTA),9480,Serviços prestados às famílias,110601,
4500603,ALUGUEL DE MESA (ANIVERSARIO FESTA),9480,Serviços prestados às famílias,110601,
4500604,ALUGUEL DE BUFFET (ANIVERSARIO FESTA),9480,Serviços prestados às famílias,110601,
4500605,ALUGUEL DE SALAO (ANIVERSARIO FESTA),9480,Serviços prestados às famílias,110601,
4500701,BAILE (FESTA),9480,Serviços prestados às famílias,110601,
4500702,FESTA (BAILE),9480,Serviços prestados às famílias,110601,
4500801,OUTRAS FESTAS OU RECEPCOES,9480,Serviços prestados às famílias,110601,
4500901,FILMAGEM DE CERIMONIA,9480,Serviços prestados às famílias,110601,
4500902,EDICAO DE FITA,9480,Serviços prestados às famílias,110601,
4501101,COMEMORACAO NATALINA,5500,Serviços de alojamento e alimentação,110201,
4501201,PRESENTES EM GERAL,3180,Móveis e produtos das indústrias diversas,033401,
4501301,FESTA DE ANO NOVO,5500,Serviços de alojamento e alimentação,110201,
4501401,DESPESAS COM FESTAS EM GERAL,5500,Serviços de alojamento e alimentação,110201,
4600201,RELOGIO DE PULSO DE CRIANCA,2600,"Aparelhos/instrumentos médico-hospitalar, medida e óptico",032901,
4600301,RELOGIO DE PULSO DE HOMEM,2600,"Aparelhos/instrumentos médico-hospitalar, medida e óptico",032901,
4600401,RELOGIO DE PULSO DE MULHER,2600,"Aparelhos/instrumentos médico-hospitalar, medida e óptico",032901,
4600801,RELOGIO DE BOLSO,2600,"Aparelhos/instrumentos médico-hospitalar, medida e óptico",032901,
4605101,TELEFONE CELULAR,2600,Material eletrônico e equipamentos de comunicações,032801,
4605102,APARELHO TELEFONICO CELULAR,2600,Material eletrônico e equipamentos de comunicações,032801,
4605103,APARELHO CELULAR (TELEFONE),2600,Material eletrônico e equipamentos de comunicações,032801,
4605201,ACESSORIOS DE DE TELEFONE CELULAR,2600,Material eletrônico e equipamentos de comunicações,032801,
4605202,BATERIA DE TELEFONE CELULAR,2700,"Máquinas, aparelhos e materiais elétricos",032701,
4605203,"ACESSORIO DE TELEFONE CELULAR (BATERIA, ETC.)",2600,Material eletrônico e equipamentos de comunicações,032801,
4605306,"ALUGUEL DE TELEFONE VIRTUAL,PAGERS,MOBI",6100,Serviços de informação,080101,
4700102,IMPOSTO DE TRANSMISSAO (AQUISICAO DE OUTRO IMOVEL A VISTA OU A PRAZO),9800,TAXAS,TAXAS,
4700201,"ALUGUEL DE IMOVEL (CONTRATO DE LOCACAO,DEPOSITOS,ETC.) (OUTROS IMOVEIS)",6800,Serviços imobiliários e aluguel,100101,
4700202,CONTRATO DE LOCACAO (OUTROS IMOVEIS),6800,Serviços imobiliários e aluguel,100101,
4700204,MULTA DE LOCACAO (OUTROS IMOVEIS),6800,Serviços imobiliários e aluguel,100101,
4700205,RESCISAO DE CONTRATO DE ALUGUEL (OUTROS IMOVEIS),6800,Serviços imobiliários e aluguel,100101,
4700206,ALUGUEL DE IMOVEL,6800,Serviços imobiliários e aluguel,100101,
4700207,FIANCA,6800,Serviços imobiliários e aluguel,100101,
4700301,ALUGUEL DE GARAGEM (OUTROS IMOVEIS),6800,Serviços imobiliários e aluguel,100101,
4700302,ALUGUEL DE GARAGEM,6800,Serviços imobiliários e aluguel,100101,
4700401,CONDOMINIO (OUTROS IMOVEIS),9480,Serviços prestados às famílias,110601,
4700402,CONDOMINIO,9480,Serviços prestados às famílias,110601,
4700501,IMPOSTO PREDIAL (OUTROS IMOVEIS),9800,TAXAS,TAXAS,
4700502,IMPOSTO PREDIAL,9800,TAXAS,TAXAS,
4700601,SEGURO CONTRA ROUBO E INCENDIO (OUTROS IMOVEIS),6480,Intermediação financeira e seguros,090101,
4700602,SEGURO CONTRA ROUBO E INCENDIO,6480,Intermediação financeira e seguros,090101,
4700603,SEGURO CONTRA ROUBO E ACIDENTES,6480,Intermediação financeira e seguros,090101,
4700702,LUZ (OUTROS IMOVEIS),3500,"Eletricidade e gás, água, esgoto e limpeza urbana",040101,
4700703,TELEFONE RESIDENCIAL (OUTROS IMOVEIS),6100,Serviços de informação,080101,
4700705,AGUA E ESGOTO (OUTROS IMOVEIS),3500,"Eletricidade e gás, água, esgoto e limpeza urbana",040101,
4700706,GAS DE BUJAO (OUTROS IMOVEIS),1991,Gás liquefeito de petróleo,030901,
4700709,AGUA (CARRO PIPA),3500,"Eletricidade e gás, água, esgoto e limpeza urbana",040101,
4700710,GASOLINA PARA O GERADOR,1991,Gasoálcool,030903,
4700711,INTERNET(OUTROS IMOVEIS),6100,Serviços de informação,080101,
4700712,OLEO DIESEL,1991,Óleo diesel,030905,
4700713,TAXA DE TELEVISAO POR ASSINATURA,5980,Serviços de informação,080101,
4700801,"TAXA (INCENDIO,LIXO,SEGURANCA,ETC.) (OUTROS IMOVEIS)",9800,TAXAS,TAXAS,
4700802,TAXA DE MELHORAMENTOS (OUTROS IMOVEIS),9800,TAXAS,TAXAS,
4700803,TAXA DE SEGURANCA (OUTROS IMOVEIS),9800,TAXAS,TAXAS,
4700804,TAXA DE LIXO (OUTROS IMOVEIS),9800,TAXAS,TAXAS,
4700805,PREVENCAO E EXTINCAO DE INCENDIO (OUTROS IMOVEIS),9800,TAXAS,TAXAS,
4700806,COLETA DE LIXO (OUTROS IMOVEIS),3500,"Eletricidade e gás, água, esgoto e limpeza urbana",040101,
4700807,TAXA DE INSTALACAO DE HIDROMETRO (OUTROS IMOVEIS),3500,"Eletricidade e gás, água, esgoto e limpeza urbana",040101,
4700808,TAXA DE INSTALACAO DE RELOGIO DE AGUA (OUTROS IMOVEIS),3500,"Eletricidade e gás, água, esgoto e limpeza urbana",040101,
4700809,"TAXA (INCENDIO, LIXO, ETC.)",9800,TAXAS,TAXAS,
4700810,ASSOCIACAO DE MORADORES,9800,TRANSF,TRANSF,
4700811,MULTA,9800,TAXAS,TAXAS,
4701001,AQUISICAO DE TITULO DE CLUBE (OUTROS IMOVEIS),9480,Serviços prestados às famílias,110601,
4701004,AQUISICAO DE TITULO DE CLUBE,9480,Serviços prestados às famílias,110601,
4701101,IMPOSTO TERRITORIAL (OUTROS IMOVEIS),9800,TAXAS,TAXAS,
4701102,IMPOSTO TERRITORIAL,9800,TAXAS,TAXAS,
4701201,INCRA (IMPOSTO),9800,TAXAS,TAXAS,
4701301,MUDANCA (OUTROS IMOVEIS),4900,Transporte de carga,070101,
4701302,MUDANCA,4900,Transporte de carga,070101,
4701501,CERTIFICADO DE CADASTRO DE IMOVEL,7880,Serviços prestados às empresas,110301,
4800101,CONSELHO E ASSOCIACAO DE CLASSE,9480,Serviços associativos,110602,
4800102,ASSOCIACAO DE CLASSE,9480,Serviços associativos,110602,
4800103,ASSOCIACAO DE TRABALHADORES,9800,TAXAS,TAXAS,
4800104,CONTRIBUICAO PARA SINDICATO E ASSOCIACAO DE TRABALHADORES (MENSAL),9800,TAXAS,TAXAS,
4800201,"DOACOES (IGREJA,ORFANATO,INSTITUICAO DE CARIDADE,MUSEU,ETC.)",9800,TRANSF,TRANSF,
4800204,DOACAO PARA INSTITUICAO DE CARIDADE,9800,TRANSF,TRANSF,
4800205,DIZIMO PARA IGREJA,9800,TRANSF,TRANSF,
4800206,"DOACOES (IGREJA, ORFANATO, ETC.)",9800,TRANSF,TRANSF,
4800301,CAIXA ESCOLAR (CONTRIBUICAO),9800,TRANSF,TRANSF,
4800302,CONTRIBUICAO PARA CAIXA ESCOLAR,9800,TRANSF,TRANSF,
4800601,PREVIDENCIA PRIVADA ABERTA OU FECHADA,6480,Intermediação financeira e seguros,090101,
4800604,PREVIDENCIA PRIVADA ABERTA E FECHADA,6480,Intermediação financeira e seguros,090101,
4800701,SEGURO DE ACIDENTES PESSOAIS,6480,Intermediação financeira e seguros,090101,
4800801,SEGURO DE VIDA,6480,Intermediação financeira e seguros,090101,
4801101,JUROS E SEGURO DE EMPRESTIMO,6480,Intermediação financeira e seguros,090101,
4801201,PAGAMENTO DE EMPRESTIMO,6480,Intermediação financeira e seguros,090101,
4801202,EMPRESTIMO (PAGAMENTO),6480,Intermediação financeira e seguros,090101,
4801203,CREDITO EDUCATIVO (PAGAMENTO),6480,Intermediação financeira e seguros,090101,
4801204,PAGAMENTO DE CREDITO EDUCATIVO,6480,Intermediação financeira e seguros,090101,
4801401,PAGAMENTO DE ASILO,8692,Saúde mercantil,110501,
4801402,ASILO (PAGAMENTO),8692,Saúde mercantil,110501,
4801501,CARNET DE MERCADORIAS,9800,TAXAS,TAXAS,
4801701,SPC (TAXAS),6480,Serviços prestados às empresas,110301,
4801702,SERVICO DE PROTECAO AO CREDITO (TAXAS),6480,Serviços prestados às empresas,110301,
4801801,"PREVIDENCIA PUBLICA (FEDERAL-IAPAS,ESTADUAL,MUNICIPAL,MILITAR)",9800,CONTRIB,CONTRIB,
4801802,FUNRURAL,6480,Intermediação financeira e seguros,090101,
4801803,SEGURO COLETIVO DE TRABALHO (PREVIDENCIA PUBLICA),9800,CONTRIB,CONTRIB,
4801805,PREVIDENCIA ESTADUAL,9800,CONTRIB,CONTRIB,
4801806,PREVIDENCIA MUNICIPAL,9800,CONTRIB,CONTRIB,
4801807,PREVIDENCIA MILITAR,9800,CONTRIB,CONTRIB,
4801808,PREVIDENCIA FEDERAL,9800,CONTRIB,CONTRIB,
4801809,FUNDO DE PENSAO MILITAR,9800,CONTRIB,CONTRIB,
4801810,PREVIDENCIA PUBLICA,9800,CONTRIB,CONTRIB,
4802002,PECULIO,6480,Intermediação financeira e seguros,090101,
4802201,PAX DOMINNI (AUXILIO FUNERAL),6480,Intermediação financeira e seguros,090101,
4802202,AUXILIO FUNERAL (PAX DOMINNI),6480,Intermediação financeira e seguros,090101,
4802203,ASSOCIACAO DE AJUDA FUNERARIA,6480,Intermediação financeira e seguros,090101,
4802204,ASSOCIACAO POSTUMA,6480,Intermediação financeira e seguros,090101,
4802205,ASSOCIACAO FUNERARIA,6480,Intermediação financeira e seguros,090101,
4802206,CONSORCIO FUNERARIO,6480,Intermediação financeira e seguros,090101,
4802207,TAXA DE CEMITERIO (MANUNTENCAO),9480,Serviços prestados às famílias,110601,
4802208,PLANO DE FUNERAL,6480,Intermediação financeira e seguros,090101,
4802301,MACONARIA,9800,TRANSF,TRANSF,
4802403,CAIXA BENEFICENTE,9800,TRANSF,TRANSF,
4802404,CONSORCIO DE DINHEIRO,9800,TAXAS,TAXAS,
4802405,GREMIO (FUNCIONARIOS DE EMPRESA),9800,TRANSF,TRANSF,
4802406,CONTRIBUICAO PARA GREMIO (FUNCIONARIOS DE EMPRESA),9800,TRANSF,TRANSF,
4802601,CONTRIBUICAO PARA OUTRAS ASSOCIACOES,9800,TRANSF,TRANSF,
4802602,ASSOCIACOES OUTRAS (CONTRIBUICAO),9800,TRANSF,TRANSF,
4802603,COOPERATIVA (MENSALIDADE),9800,TRANSF,TRANSF,
4802701,PAGAMENTO DE TITULO PROTESTADO,9800,TAXAS,TAXAS,
4802801,ALISTAMENTO MILITAR (MULTA),9800,TAXAS,TAXAS,
4802802,MULTA DE ALISTAMENTO MILITAR,9800,TAXAS,TAXAS,
4802901,SEGURO DE BENS MOVEIS (EXCETO DE VEICULOS),6480,Intermediação financeira e seguros,090101,
4803201,JUSTICA DO TRABALHO,9800,,TAXAS,
4803301,PREVIDENCIA PRIVADA ABERTA,6480,Intermediação financeira e seguros,090101,
4803401,PREVIDENCIA PRIVADA FECHADA,6480,Intermediação financeira e seguros,090101,
4803801,COMPLEMENTACAO DO IMPOSTO DE RENDA,9800,TAXAS,TAXAS,
4803802,IMPOSTO DE RENDA DO EXERCICIO ANTERIOR,9800,TAXAS,TAXAS,
4803901,IMPOSTO SINDICAL (ANUAL),9800,TAXAS,TAXAS,
4803902,CONTRIBUICAO SINDICAL (ANUAL),9800,TAXAS,TAXAS,
4804101,TAXA DE INSCRICAO PARA CONCURSO (EMPREGO),9800,TAXAS,TAXAS,
4804102,TAXA DE INSCRICAO PARA CONGRESSO (NAO EDUCACAO),9800,TAXAS,TAXAS,
4804301,CONTRIBUICAO PARA PARTIDO POLITICO,9480,Serviços associativos,110602,
4804401,ALIMENTACAO SUBSIDIADA,5500,Serviços de alojamento e alimentação,110201,
4804402,DESCONTO DE CESTA BASICA,5500,Serviços de alojamento e alimentação,110201,
4804403,DESCONTO DE ALIMENTACAO (ALIMENTACAO SUBSIDIADA),5500,Serviços de alojamento e alimentação,110201,
4804404,DESCONTO ALIMENTACAO,5500,Serviços de alojamento e alimentação,110201,
4804501,TRANSPORTE SUBSIDIADO,4900,Transporte de passageiro,070102,
4804502,DESCONTO TRANSPORTE,4900,Transporte de passageiro,070102,
4804503,DESCONTO DE TRANSPORTE (TRANSPORTE SUBSIDIADO),4900,Transporte de passageiro,070102,
4804601,IMPOSTO SOBRE SERVICOS (ISS) (EVENTUAL),9800,TAXAS,TAXAS,
4804602,ISS (IMPOSTO SOBRE SERVICOS) (EVENTUAL),9800,TAXAS,TAXAS,
4804801,TAXA DE CADASTRAMENTO DO CPF,9800,TAXAS,TAXAS,
4804802,TAXA CARTAO DE PRODUTOR RURAL,9800,TAXAS,TAXAS,
4804803,TAXA PARA DOCUMENTOS PESSOAIS,9800,TAXAS,TAXAS,
4804901,FIANCA (PRESO),9800,TAXAS,TAXAS,
4805001,TAXA DE TRANSFERENCIA DE TELEFONE CELULAR,5980,Serviços de informação,080101,
4900101,CURSO PRE-ESCOLAR,8592,Educação mercantil,110401,
4900201,CURSO SUPLETIVO,8592,Educação mercantil,110401,
4900301,AULA PARTICULAR,8592,Educação mercantil,110401,
4900501,TAXAS ESCOLARES,8592,Educação mercantil,110401,
4900502,TAXA DE MATERIAL ESCOLAR,8592,Educação mercantil,110401,
4900503,TAXA DE EXAME BIOMEDICO,8592,Educação mercantil,110401,
4900505,CERTIFICADO DE CONCLUSAO ESCOLAR,8592,Educação mercantil,110401,
4900506,DOCUMENTACAO ESCOLAR (EMOLUMENTO),8592,Educação mercantil,110401,
4900507,EMOLUMENTO (DESPESA DE DOCUMENTACAO ESCOLAR),8592,Educação mercantil,110401,
4900509,DIPLOMA,8592,Educação mercantil,110401,
4900510,CARTEIRA DE ESTUDANTE,8592,Educação mercantil,110401,
4900511,CADERNETA ESCOLAR,8592,Educação mercantil,110401,
4900512,DECLARACAO ESCOLAR,8592,Educação mercantil,110401,
4900513,CARTAO MAGNETICO ESCOLAR,8592,Educação mercantil,110401,
4900514,CARTAO ESCOLAR MAGNETICO,8592,Educação mercantil,110401,
4900515,"TAXAS ESCOLARES (DIPLOMA, ETC.)",8592,Educação mercantil,110401,
4900601,ASSINATURA DE PERIODICO TECNICO,1800,"Jornais, revistas, discos e outros produtos gravados",030801,
4900701,LIVRO ESCOLAR DE PRIMEIRO E SEGUNDO GRAUS,1800,"Jornais, revistas, discos e outros produtos gravados",030801,
4900702,LIVRO ESCOLAR DE 1º E 2º GRAU,1800,"Jornais, revistas, discos e outros produtos gravados",030801,
4900801,LIVRO E REVISTA TECNICA E OUTROS LIVROS DIDATICOS,1800,"Jornais, revistas, discos e outros produtos gravados",030801,
4900802,LIVRO TECNICO,1800,"Jornais, revistas, discos e outros produtos gravados",030801,
4900803,REVISTA TECNICA,1800,"Jornais, revistas, discos e outros produtos gravados",030801,
4900804,OUTROS LIVROS DIDATICOS,1800,"Jornais, revistas, discos e outros produtos gravados",030801,
4900805,DICIONARIO,1800,"Jornais, revistas, discos e outros produtos gravados",030801,
4900806,APOSTILA,1800,"Jornais, revistas, discos e outros produtos gravados",030801,
4900808,GUIA (MANUAL) DE VESTIBULAR,1800,"Jornais, revistas, discos e outros produtos gravados",030801,
4900809,APOSTILA DE SUPLETIVO,1800,"Jornais, revistas, discos e outros produtos gravados",030801,
4900810,LIVRO PARA-DIDATICO,1800,"Jornais, revistas, discos e outros produtos gravados",030801,
4900811,ENCICLOPEDIA,1800,"Jornais, revistas, discos e outros produtos gravados",030801,
4900812,LIVRO E REVISTA TECNICA,1800,"Jornais, revistas, discos e outros produtos gravados",030801,
4900813,LIVRO PRE ESCOLAR,1800,"Jornais, revistas, discos e outros produtos gravados",030801,
4900814,MATERIAIS DIDATICOS E ESCOLARES,1800,"Jornais, revistas, discos e outros produtos gravados",030801,
4900901,TRANSPORTE ESCOLAR,4900,Transporte de passageiro,070102,
4901001,UNIFORME ESCOLAR,1400,Artigos do vestuário e acessórios,030401,
4901101,CRECHE,8692,Saúde mercantil,110501,
4901201,LOCACAO DE ALOJAMENTO ESTUDANTIL,5500,Serviços de alojamento e alimentação,110201,
4901203,LOCACAO DE VAGA (MORADIA),6800,Serviços imobiliários e aluguel,100101,
4901401,CARNE DE FORMATURA,9480,Serviços prestados às famílias,110601,
4901402,FORMATURA (CARNET),9480,Serviços prestados às famílias,110601,
4901403,COLACAO DE GRAU,9480,Serviços prestados às famílias,110601,
4901404,FESTA ESCOLAR,9480,Serviços prestados às famílias,110601,
4901405,CONVITE DE FORMATURA,9480,Serviços prestados às famílias,110601,
4901406,OUTROS ARTIGOS DE FORMATURA (BECA CHAPEU ETC),9480,Serviços prestados às famílias,110601,
4901501,BERCARIO,8692,Saúde mercantil,110501,
4901601,EXCURSAO ESCOLAR,9480,Serviços prestados às famílias,110601,
4901701,"TAXA DE CONGRESSO,SEMINARIO,ETC. (EDUCACAO)",8592,Educação mercantil,110401,
4901702,CONGRESSO (TAXA DE INSCRICAO) (EDUCACAO),8592,Educação mercantil,110401,
4901703,SEMINARIO (TAXA DE INSCRICAO) (EDUCACAO),8592,Educação mercantil,110401,
4901704,PALESTRA EDUCATIVA (TAXA DE INSCRICAO),8592,Educação mercantil,110401,
4901705,TAXA DE INSCRICAO DE CONGRESSO (EDUCACAO),8592,Educação mercantil,110401,
4901706,TAXA DE INSCRICAO DE SEMINARIO (EDUCACAO),8592,Educação mercantil,110401,
4901707,TAXA DE INSCRICAO DE PALESTRA EDUCATIVA,8592,Educação mercantil,110401,
4901801,ASSOCIACAO DE PAIS E MESTRES (APM),9800,TRANSF,TRANSF,
4901901,PASTA ESCOLAR,2200,Artigos de plástico,031802,
4902001,MERENDEIRA ESCOLAR,2200,Artigos de plástico,031802,
4902002,LANCHEIRA ESCOLAR,2200,Artigos de plástico,031802,
4902003,AGENDA ESCOLAR,2200,Artigos de plástico,031802,
4902101,MOCHILA ESCOLAR,1500,Preparação do couro e fabricação de artefatos - exclusive calçados,030501,
4902201,POS-GRADUACAO (MESTRADO),8592,Educação mercantil,110401,
4902202,CURSO DE POS-GRADUACAO (MESTRADO),8592,Educação mercantil,110401,
4902203,ESPECIALIZACAO (MESTRADO),8592,Educação mercantil,110401,
4902204,CURSO DE ESPECIALIZACAO (MESTRADO),8592,Educação mercantil,110401,
4902205,MESTRADO (CURSO),8592,Educação mercantil,110401,
4902301,CRECHE (DOMICILIO PARTICULAR),8692,Saúde mercantil,110501,
4902401,COLONIA DE FERIAS (EDUCACAO),8592,Educação mercantil,110401,
4902501,INSTRUMENTOS E APARELHOS DE CURSOS EDUCATIVOS,2600,"Aparelhos/instrumentos médico-hospitalar, medida e óptico",032901,
4902502,APARELHOS DE CURSOS EDUCATIVOS,2600,"Aparelhos/instrumentos médico-hospitalar, medida e óptico",032901,
4902506,BUSSOLA,2600,"Aparelhos/instrumentos médico-hospitalar, medida e óptico",032901,
4902507,INSTRUMENTOS CIRURGICOS DE CURSO,2100,Produtos farmacêuticos,031301,
4902508,INSTRUMENTOS DE AULA PRATICA,2100,Produtos farmacêuticos,031301,
4902601,ALIMENTACAO ESCOLAR,5500,Serviços de alojamento e alimentação,110201,
4902602,ALIMENTACAO NA ESCOLA,5500,Serviços de alojamento e alimentação,110201,
4902703,MULTA DE BIBLIOTECA,9480,Serviços prestados às famílias,110601,
4902801,GREMIO ESTUDANTIL,9800,TRANSF,TRANSF,
4903101,CURSO REGULAR DE PRIMEIRO GRAU,8592,Educação mercantil,110401,
4903102,CURSO REGULAR DE 1º GRAU,8592,Educação mercantil,110401,
4903201,CURSO REGULAR DE SEGUNDO GRAU,8592,Educação mercantil,110401,
4903202,CURSO REGULAR DE 2º GRAU,8592,Educação mercantil,110401,
4903301,CURSO REGULAR DE TERCEIRO GRAU,8592,Educação mercantil,110401,
4903302,CURSO REGULAR DE 3º GRAU,8592,Educação mercantil,110401,
4903401,GINASTICA,9480,Serviços prestados às famílias,110601,
4903402,HIDROGINASTICA,9480,Serviços prestados às famílias,110601,
4903501,DATILOGRAFIA,8592,Educação mercantil,110401,
4903601,BALE,8592,Educação mercantil,110401,
4903701,IOGA,9480,Serviços prestados às famílias,110601,
4903801,MUSICA,8592,Educação mercantil,110401,
4903901,INFORMATICA,8592,Educação mercantil,110401,
4904001,OUTROS CURSOS,8592,Educação mercantil,110401,
4904002,"ESCOLINHA OU CURSO (FUTEBOL,VOLEIBOL,LUTAS,BASQUETEBOL,ETC.)",8592,Educação mercantil,110401,
4904003,"CURSO OU ESCOLINHA (FUTEBOL,VOLEIBOL,LUTAS,BASQUETEBOL,ETC.)",8592,Educação mercantil,110401,
4904004,FUTEBOL (ESCOLINHA OU CURSO),8592,Educação mercantil,110401,
4904005,VOLEIBOL (ESCOLINHA OU CURSO),8592,Educação mercantil,110401,
4904006,TENIS (ESCOLINHA OU CURSO),8592,Educação mercantil,110401,
4904007,LUTAS (ESCOLINHA OU CURSO),8592,Educação mercantil,110401,
4904008,BASQUETEBOL (ESCOLINHA OU CURSO),8592,Educação mercantil,110401,
4904009,HANDEBOL (ESCOLINHA OU CURSO),8592,Educação mercantil,110401,
4904010,AUTO-ESCOLA (CURSO),8592,Educação mercantil,110401,
4904011,CURSO DE DIRECAO DE VEICULO,8592,Educação mercantil,110401,
4904012,CURSO DE CABELEIREIRO,8592,Educação mercantil,110401,
4904013,CURSO DE CAPACITACAO,8592,Educação mercantil,110401,
4904014,CURSO DE CORTE E COSTURA,8592,Educação mercantil,110401,
4904015,CURSO DE CULINARIA,8592,Educação mercantil,110401,
4904016,CURSO DE DANCA,8592,Educação mercantil,110401,
4904017,CURSO DE DESENHO,8592,Educação mercantil,110401,
4904018,CURSO DE ELETRECISTA,8592,Educação mercantil,110401,
4904019,CURSO DE ENFERMAGEM,8592,Educação mercantil,110401,
4904020,CURSO DE PINTURA,8592,Educação mercantil,110401,
4904021,CURSO DE SECRETARIADO,8592,Educação mercantil,110401,
4904022,CURSO DE TEATRO,8592,Educação mercantil,110401,
4904023,CURSO DE VIGILANTE,8592,Educação mercantil,110401,
4904024,CURSO PREPARATORIO,8592,Educação mercantil,110401,
4904025,CURSO PROFISSIONALIZANTE,8592,Educação mercantil,110401,
4904026,CURSO TECNICO,8592,Educação mercantil,110401,
4904101,POS-GRADUACAO (DOUTORADO),8592,Educação mercantil,110401,
4904102,CURSO DE POS-GRADUACAO (DOUTORADO),8592,Educação mercantil,110401,
4904103,ESPECIALIZACAO (DOUTORADO),8592,Educação mercantil,110401,
4904104,CURSO DE ESPECIALIZACAO (DOUTORADO),8592,Educação mercantil,110401,
4904105,DOUTORADO (CURSO),8592,Educação mercantil,110401,
4904106,CURSO DE DOUTORADO,8592,Educação mercantil,110401,
4904201,TAXA DE INSCRICAO DE VESTIBULAR,8592,Educação mercantil,110401,
4904202,INSCRICAO DE VESTIBULAR (TAXA),8592,Educação mercantil,110401,
4904301,NATACAO,9480,Serviços prestados às famílias,110601,
4904401,CURSO DE IDIOMA (EXCETO LINGUAFONE),8592,Educação mercantil,110401,
4904402,CURSO DE ESPANHOL,8592,Educação mercantil,110401,
4904403,CURSO DE INGLES,8592,Educação mercantil,110401,
4904405,CURSO DE ITALIANO,8592,Educação mercantil,110401,
4904407,CURSO DE FRANCES,8592,Educação mercantil,110401,
4904408,CURSO DE IDIOMA,8592,Educação mercantil,110401,
4904501,ALUGUEL DE LIVRO DE PRIMEIRO GRAU,6800,Serviços imobiliários e aluguel,100101,
4904601,"TAXA DE INSCRICAO PARA CONCURSO (ESCOLA TECNICA,ETC.)",9800,TAXAS,TAXAS,
4904701,CURSO DE MECANICA EM REFRIGERACAO,8592,Educação mercantil,110401,
4904801,SOFTWARE DE CURSO,1800,"Jornais, revistas, discos e outros produtos gravados",030801,
4904802,SOFT DE CURSO,1800,"Jornais, revistas, discos e outros produtos gravados",030801,
4904803,PROGRAMA COMPUTACIONAL DE CURSO (SOFTWARE),1800,"Jornais, revistas, discos e outros produtos gravados",030801,
4904901,CURSO DE PRIMEIROS SOCORROS,8592,Educação mercantil,110401,
4905001,CURSO PARA EXCEPCIONAL,8592,Educação mercantil,110401,
4905101,PRE-VESTIBULAR,8592,Educação mercantil,110401,
4905201,PRE-TECNICO,8592,Educação mercantil,110401,
4905301,MATRICULA ESCOLAR,8592,Educação mercantil,110401,
4905401,COTA EXTRA ESCOLAR,8592,Educação mercantil,110401,
4905601,ACADEMIA (MUSCULACAO),9480,Serviços prestados às famílias,110601,
4905801,CAPOEIRA,9480,Serviços prestados às famílias,110601,
4905901,CURSO DE ESPECIALIZACAO (EXTENSAO),8592,Educação mercantil,110401,
5000101,EMPLACAMENTO DE AUTOMOVEL,9800,TAXAS,TAXAS,
5000102,LICENCA DE AUTOMOVEL,9800,TAXAS,TAXAS,
5000201,MULTAS,9800,TAXAS,TAXAS,
5000301,SEGURO OBRIGATORIO,6480,Intermediação financeira e seguros,090101,
5000401,IMPOSTO SOBRE PROPRIEDADE DE VEICULOS AUTOMOTORES (IPVA),9800,TAXAS,TAXAS,
5000402,IPVA (IMPOSTO SOBRE PROPRIEDADE DE VEICULOS AUTOMOTORES),9800,TAXAS,TAXAS,
5000403,IMPOSTO SOBRE PROPRIEDADE (IPVA),9800,TAXAS,TAXAS,
5000501,ASSISTENCIA AUTOMOBILISTICA (MENSALIDADE E TAXA),7380,Serviços de manutenção e reparação,110101,
5000503,ASSISTENCIA AUTOMOBILISTICA,7380,Serviços de manutenção e reparação,110101,
5000601,SEGURO VOLUNTARIO DE VEICULO,6480,Intermediação financeira e seguros,090101,
5000602,SEGURO TOTAL DE VEICULO,6480,Intermediação financeira e seguros,090101,
5000603,SEGURO PARCIAL DE VEICULO,6480,Intermediação financeira e seguros,090101,
5000604,SEGURO VOLUNTARIO,6480,Intermediação financeira e seguros,090101,
5000701,VAGA CATIVA DE ESTACIONAMENTO,6800,Serviços imobiliários e aluguel,100101,
5000702,VAGA DE ESTACIONAMENTO DE VEICULO,6800,Serviços imobiliários e aluguel,100101,
5000801,ALUGUEL DE VEICULO,6800,Serviços imobiliários e aluguel,100101,
5000802,ALUGUEL,6800,Serviços imobiliários e aluguel,100101,
5000901,TAXA DE EXPEDIENTE (DETRAN),9800,TAXAS,TAXAS,
5000902,TAXA DE CARTEIRA DE HABILITACAO,9800,TAXAS,TAXAS,
5000903,PERICIA DE VEICULO (TAXA),9800,TAXAS,TAXAS,
5000904,TAXA DE TRANSFERENCIA DE VEICULO,9800,TAXAS,TAXAS,
5000905,TRANSFERENCIA DE VEICULO (TAXA),9800,TAXAS,TAXAS,
5000906,TAXA DE TRANSFERENCIA DE PLACA DE VEICULO,9800,TAXAS,TAXAS,
5000907,TRANSFERENCIA DE PLACA DE VEICULO (TAXA),9800,TAXAS,TAXAS,
5000909,DOCUMENTO UNICO DE TRANSITO,9800,TAXAS,TAXAS,
5000910,DUT (DOCUMENTO UNICO DE TRANSITO),9800,TAXAS,TAXAS,
5000913,BAIXA DE RESERVA DE REGISTRO DE VEICULO,9800,TAXAS,TAXAS,
5000915,EXAME PARA RENOVACAO DE CARTEIRA DE MOTORISTA,9800,TAXAS,TAXAS,
5000916,EXAME PSICOTECNICO DE CARTEIRA DE MOTORISTA,9800,TAXAS,TAXAS,
5000917,TAXA DE DESALIENACAO DE VEICULO,9800,TAXAS,TAXAS,
5000918,TAXA DE LEGISLACAO (DETRAN),9800,TAXAS,TAXAS,
5000919,TAXA DE EXPEDIENTE,9800,TAXAS,TAXAS,
5001201,LEASING DE AUTOMOVEL,6480,Intermediação financeira e seguros,090101,
5001301,EMPLACAMENTO DE CAMINHAO,9800,TAXAS,TAXAS,
5001302,LICENCA DE CAMINHAO,9800,TAXAS,TAXAS,
5001401,EMPLACAMENTO DE MOTO,9800,TAXAS,TAXAS,
5001402,LICENCA DE MOTO,9800,TAXAS,TAXAS,
5001501,EMPLACAMENTO DE EMBARCACAO,9800,TAXAS,TAXAS,
5001502,LICENCA DE EMBARCACAO,9800,TAXAS,TAXAS,
5100101,AUTOMOVEL DE PASSEIO NACIONAL,2991,"Automóveis, camionetas e utilitários",033001,
5100102,CONSORCIO DE AUTOMOVEL,2991,"Automóveis, camionetas e utilitários",033001,
5100201,BARCO,3000,Outros equipamentos de transporte,033301,
5100301,BICICLETA,3000,Outros equipamentos de transporte,033301,
5100401,MOTOCICLETA,3000,Outros equipamentos de transporte,033301,
5100402,CONSORCIO DE MOTOCICLETA,3000,Outros equipamentos de transporte,033301,
5100701,TRAILLER,2991,"Automóveis, camionetas e utilitários",033001,
5101001,AUTOMOVEL UTILITARIO NACIONAL,2991,"Automóveis, camionetas e utilitários",033001,
5101101,CAMINHAO,9900,FBKF,FBKF,
5101201,LANCHA,3000,Outros equipamentos de transporte,033301,
5102001,AUTOMOVEL UTILITARIO IMPORTADO,2991,"Automóveis, camionetas e utilitários",033001,
5102101,AUTOMOVEL DE PASSEIO IMPORTADO,2991,"Automóveis, camionetas e utilitários",033001,
5102201,VEICULO DE TRACAO ANIMAL E ANIMAL DE TRACAO,3000,Outros equipamentos de transporte,033301,
5102202,ANIMAL DE TRACAO,0192,Bovinos e outros animais vivos,010201,
5102501,BARCO A REMO,3000,Outros equipamentos de transporte,033301,
5102502,CANOA A REMO,3000,Outros equipamentos de transporte,033301,
5102503,PIROGA,3000,Outros equipamentos de transporte,033301,
6300101,ARROZ POLIDO,1093,Arroz beneficiado e produtos derivados,030111,
6300102,ARROZ HIBRIDO,1093,Arroz beneficiado e produtos derivados,030111,
6300103,ARROZ BICA CORRIDA,1093,Arroz beneficiado e produtos derivados,030111,
6300104,ARROZ QUIRERA,1093,Arroz beneficiado e produtos derivados,030111,
6300105,ARROZ LISO,1093,Arroz beneficiado e produtos derivados,030111,
6300106,ARROZ MACERADO,1093,Arroz beneficiado e produtos derivados,030111,
6300107,ARROZ PARBOILIZADO,1093,Arroz beneficiado e produtos derivados,030111,
6300108,XEREM DE ARROZ,1093,Arroz beneficiado e produtos derivados,030111,
6300109,ARROZ PARBORIZADO,1093,Arroz beneficiado e produtos derivados,030111,
6300111,ARROZ AGULHA,1093,Arroz beneficiado e produtos derivados,030111,
6300112,ARROZ AGULHINHA,1093,Arroz beneficiado e produtos derivados,030111,
6300113,ARROZ BRANCO,1093,Arroz beneficiado e produtos derivados,030111,
6300114,ARROZ VERMELHO,1093,Arroz beneficiado e produtos derivados,030111,
6300115,ARROZ AMARELO,1093,Arroz beneficiado e produtos derivados,030111,
6300116,ARROZ COLONIAL,1093,Arroz beneficiado e produtos derivados,030111,
6300201,ARROZ INTEGRAL,1093,Arroz beneficiado e produtos derivados,030111,
6300202,ARROZ PILADO,1093,Arroz beneficiado e produtos derivados,030111,
6300203,ARROZ NAO POLIDO,1093,Arroz beneficiado e produtos derivados,030111,
6300204,ARROZ BENEFICIADO,1093,Arroz beneficiado e produtos derivados,030111,
6300301,ARROZ COM CASCA,0191,Arroz em casca,010101,
6300401,AVEIA (EM GRAO),0191,Trigo em grão e outros cereais,010103,
6300402,AVEIA,0191,Trigo em grão e outros cereais,010103,
6300403,MASSA DE AVEIA,1093,Farinha de mandioca e outros,030113,
6300501,ARROZ (NAO ESPECIFICADO),1093,Arroz beneficiado e produtos derivados,030111,
6300601,CEVADA (EM GRAO),0191,Trigo em grão e outros cereais,010103,
6300701,MILHO (EM GRAO),0191,Milho em grão,010102,
6300702,MILHO BRANCO (EM GRAO),0191,Milho em grão,010102,
6300703,MILHO DE CANJICA,1093,"Óleos de milho, amidos e féculas vegetais e rações",030114,
6300704,MILHO CANJIQUINHA,1093,"Óleos de milho, amidos e féculas vegetais e rações",030114,
6300705,MILHO DE PIPOCA,1093,"Óleos de milho, amidos e féculas vegetais e rações",030114,
6300706,CANJIQUINHA (MILHO EM GRAO),1093,"Óleos de milho, amidos e féculas vegetais e rações",030114,
6300707,XEREM DE MILHO,1093,"Óleos de milho, amidos e féculas vegetais e rações",030114,
6300708,QUIRERA DE MILHO,1093,"Óleos de milho, amidos e féculas vegetais e rações",030114,
6300709,CANJICA (MILHO EM GRAO),1093,"Óleos de milho, amidos e féculas vegetais e rações",030114,
6300710,MILHO AMARELO (EM GRAO),0191,Milho em grão,010102,
6300711,MILHO DE MUNGUZA,0191,Milho em grão,010102,
6300712,MILHO ALHO,0191,Milho em grão,010102,
6300713,MILHO SECO,0191,Milho em grão,010102,
6300714,MILHO DE PIPOCA (MICROONDAS),1093,"Óleos de milho, amidos e féculas vegetais e rações",030114,
6300715,PIPOCA DE ARROZ (INDUSTRIALIZADA),1093,"Óleos de milho, amidos e féculas vegetais e rações",030114,
6300716,PIPOCA DE MILHO (INDUSTRIALIZADA),1093,"Óleos de milho, amidos e féculas vegetais e rações",030114,
6300801,MILHO VERDE (EM ESPIGA),0191,Outros produtos e serviços da lavoura,010106,
6300901,TRIGO (EM GRAO),0191,Trigo em grão e outros cereais,010103,
6300902,TRIGO INTEGRAL,0191,Trigo em grão e outros cereais,010103,
6300903,QUIRERA DE TRIGO,0191,Trigo em grão e outros cereais,010103,
6300904,MASSA DE TRIGO,1093,Farinha de trigo e derivados,030112,
6301001,AMENDOIM (EM GRAO) (IN NATURA),0191,Outros produtos e serviços da lavoura,010106,
6301005,AMENDOIM (EM CASCA) (IN NATURA),0191,Outros produtos e serviços da lavoura,010106,
6301006,AMENDOIM,0191,Outros produtos e serviços da lavoura,010106,
6301101,ERVILHA (EM GRAO),0191,Outros produtos e serviços da lavoura,010106,
6301201,FAVA (EM GRAO),0191,Outros produtos e serviços da lavoura,010106,
6301203,FEIJOA (EM GRAO),0191,Outros produtos e serviços da lavoura,010106,
6301204,MANGALO AMARGO (EM GRAO),0191,Outros produtos e serviços da lavoura,010106,
6301205,FEIJAO FAVA (EM GRAO),0191,Outros produtos e serviços da lavoura,010106,
6301301,FEIJAO MANTEIGA,0191,Outros produtos e serviços da lavoura,010106,
6301302,FEIJAO BICO DE OURO,0191,Outros produtos e serviços da lavoura,010106,
6301303,FEIJAO CAETE,0191,Outros produtos e serviços da lavoura,010106,
6301305,FEIJAO GRAO DE OURO,0191,Outros produtos e serviços da lavoura,010106,
6301306,FEIJAO BRANCO,0191,Outros produtos e serviços da lavoura,010106,
6301308,FEIJAO CANARINHO,0191,Outros produtos e serviços da lavoura,010106,
6301309,FEIJAO BOLINHA,0191,Outros produtos e serviços da lavoura,010106,
6301321,FEIJAO DOURADINHO,0191,Outros produtos e serviços da lavoura,010106,
6301401,FEIJAO MULATINHO,0191,Outros produtos e serviços da lavoura,010106,
6301403,FEIJAO PAULISTA,0191,Outros produtos e serviços da lavoura,010106,
6301406,FEIJAO MULATA GORDA,0191,Outros produtos e serviços da lavoura,010106,
6301407,FEIJAO MARROM,0191,Outros produtos e serviços da lavoura,010106,
6301408,FEIJAO MORENINHO,0191,Outros produtos e serviços da lavoura,010106,
6301501,FEIJAO PRETO,0191,Outros produtos e serviços da lavoura,010106,
6301503,FEIJAO FLORESTA NEGRA,0191,Outros produtos e serviços da lavoura,010106,
6301510,FEIJAO BANDINHA (FEIJAO PRETO),0191,Outros produtos e serviços da lavoura,010106,
6301511,FEIJAO CAVALO,0191,Outros produtos e serviços da lavoura,010106,
6301512,FEIJAO DE COR,0191,Outros produtos e serviços da lavoura,010106,
6301601,FEIJAO FRADINHO,0191,Outros produtos e serviços da lavoura,010106,
6301602,FEIJAO MACASSAR,0191,Outros produtos e serviços da lavoura,010106,
6301603,FEIJAO DE CORDA,0191,Outros produtos e serviços da lavoura,010106,
6301604,FEIJAO DE METRO,0191,Outros produtos e serviços da lavoura,010106,
6301607,FEIJAO DE MOITA,0191,Outros produtos e serviços da lavoura,010106,
6301608,FEIJAO QUARENTINHA,0191,Outros produtos e serviços da lavoura,010106,
6301610,FEIJAO CATADOR,0191,Outros produtos e serviços da lavoura,010106,
6301611,FEIJAO MIUDO,0191,Outros produtos e serviços da lavoura,010106,
6301615,FEIJAO PENDANGA,0191,Outros produtos e serviços da lavoura,010106,
6301617,FEIJAO QUARENTA DIAS,0191,Outros produtos e serviços da lavoura,010106,
6301619,FEIJAO DE FRADE,0191,Outros produtos e serviços da lavoura,010106,
6301622,FEIJAO DO RIO,0191,Outros produtos e serviços da lavoura,010106,
6301624,FEIJAO DE RAMA,0191,Outros produtos e serviços da lavoura,010106,
6301625,FEIJAO BAIANO,0191,Outros produtos e serviços da lavoura,010106,
6301626,FEIJAO VINAGRE,0191,Outros produtos e serviços da lavoura,010106,
6301627,FEIJAO SEMPRE VERDE,0191,Outros produtos e serviços da lavoura,010106,
6301628,FEIJAO DE ARRANCA,0191,Outros produtos e serviços da lavoura,010106,
6301629,FEIJAO BAJE PODRE (FEIJAO MACASSAR),0191,Outros produtos e serviços da lavoura,010106,
6301630,FEIJAO BARRIGUDO (FEIJAO DE METRO),0191,Outros produtos e serviços da lavoura,010106,
6301632,FEIJAO CAUPI,0191,Outros produtos e serviços da lavoura,010106,
6301633,FEIJAO DA COLONIA,0191,Outros produtos e serviços da lavoura,010106,
6301634,FEIJAO VERDE,0191,Outros produtos e serviços da lavoura,010106,
6301635,FEIJAO PERUANO,0191,Outros produtos e serviços da lavoura,010106,
6301701,FEIJAO JALO,0191,Outros produtos e serviços da lavoura,010106,
6301702,FEIJAO VERMELHO,0191,Outros produtos e serviços da lavoura,010106,
6301705,FEIJAO GORDO,0191,Outros produtos e serviços da lavoura,010106,
6301707,FEIJAO DO SUL,0191,Outros produtos e serviços da lavoura,010106,
6301901,FEIJAO ROXO,0191,Outros produtos e serviços da lavoura,010106,
6301902,FEIJAO ROCHEDO,0191,Outros produtos e serviços da lavoura,010106,
6301903,FEIJAO BICO ROXO,0191,Outros produtos e serviços da lavoura,010106,
6301907,FEIJAO ROXINHO,0191,Outros produtos e serviços da lavoura,010106,
6301910,FEIJAO RAPE (FEIJAO ROXO),0191,Outros produtos e serviços da lavoura,010106,
6301911,FEIJAO ANAO (FEIJAO ROXO),0191,Outros produtos e serviços da lavoura,010106,
6302101,FEIJAO RAJADO,0191,Outros produtos e serviços da lavoura,010106,
6302104,FEIJAO VERMELHO E BRANCO,0191,Outros produtos e serviços da lavoura,010106,
6302113,FEIJAO CHOCOLATE,0191,Outros produtos e serviços da lavoura,010106,
6302114,FEIJAO CARIOCA,0191,Outros produtos e serviços da lavoura,010106,
6302115,FEIJAO RAJADINHO,0191,Outros produtos e serviços da lavoura,010106,
6302116,FEIJAO CARIOQUINHA,0191,Outros produtos e serviços da lavoura,010106,
6302201,FEIJAO ROSINHA,0191,Outros produtos e serviços da lavoura,010106,
6302204,FEIJAO ROSADO,0191,Outros produtos e serviços da lavoura,010106,
6302301,FEIJAO ENXOFRE,0191,Outros produtos e serviços da lavoura,010106,
6302302,FEIJAO AMARELO,0191,Outros produtos e serviços da lavoura,010106,
6302303,FEIJAO OURO,0191,Outros produtos e serviços da lavoura,010106,
6302305,FEIJAO MINEIRO,0191,Outros produtos e serviços da lavoura,010106,
6302401,FEIJAO PARDO,0191,Outros produtos e serviços da lavoura,010106,
6302508,FEIJAO TERRINHA,0191,Outros produtos e serviços da lavoura,010106,
6302509,FEIJAO CARA SUJA,0191,Outros produtos e serviços da lavoura,010106,
6302511,FEIJAO FIGADO DE GALINHA,0191,Outros produtos e serviços da lavoura,010106,
6302512,FEIJAO IMPERIAL,0191,Outros produtos e serviços da lavoura,010106,
6302602,ANDU,0191,Outros produtos e serviços da lavoura,010106,
6302604,FEIJAO GUANDO,0191,Outros produtos e serviços da lavoura,010106,
6302605,FEIJAO ANDU,0191,Outros produtos e serviços da lavoura,010106,
6302609,FEIJAO GUANDU,0191,Outros produtos e serviços da lavoura,010106,
6302801,GRAO DE BICO,0191,Outros produtos e serviços da lavoura,010106,
6302901,LENTILHA,0191,Outros produtos e serviços da lavoura,010106,
6303001,SOJA (EM GRAO),0191,Soja em grão,010105,
6303002,FEIJAO SOJA,0191,Outros produtos e serviços da lavoura,010106,
6303101,FEIJAO (NAO ESPECIFICADO),0191,Outros produtos e serviços da lavoura,010106,
6303201,SEMENTE DE ABOBORA,0191,Outros produtos e serviços da lavoura,010106,
6303301,ARROZ PRE-COZIDO,1093,Arroz beneficiado e produtos derivados,030111,
6303401,SEMENTE DE LINHACA,0191,Outros produtos e serviços da lavoura,010106,
6303701,ARROZ ESPECIAL (JAPONES),1093,Arroz beneficiado e produtos derivados,030111,
6303702,ARROZ JAPONES (ESPECIAL),1093,Arroz beneficiado e produtos derivados,030111,
6305101,BATATA INGLESA,0191,Outros produtos e serviços da lavoura,010106,
6305102,BATATA DO REINO,0191,Outros produtos e serviços da lavoura,010106,
6305103,BATATA ROSA,0191,Outros produtos e serviços da lavoura,010106,
6305104,BATATA PORTUGUESA,0191,Outros produtos e serviços da lavoura,010106,
6305105,BATATA INGESA ROSA,0191,Outros produtos e serviços da lavoura,010106,
6305106,BATATINHA,0191,Outros produtos e serviços da lavoura,010106,
6305107,BATATA LISA,0191,Outros produtos e serviços da lavoura,010106,
6305108,BATATA HOLANDESA,0191,Outros produtos e serviços da lavoura,010106,
6305109,BATATA BINGE,0191,Outros produtos e serviços da lavoura,010106,
6305201,ARARUTA,0191,Outros produtos e serviços da lavoura,010106,
6305202,MASSA DE ARARUTA,1093,"Óleos de milho, amidos e féculas vegetais e rações",030114,
6305301,BATATA BAROA,0191,Outros produtos e serviços da lavoura,010106,
6305302,BATATA BARONESA,0191,Outros produtos e serviços da lavoura,010106,
6305303,MANDIOQUINHA SALSA (BATATA BAROA),0191,Outros produtos e serviços da lavoura,010106,
6305304,CENOURA AMARELA (BATATA BAROA),0191,Outros produtos e serviços da lavoura,010106,
6305401,BATATA DOCE,0191,Outros produtos e serviços da lavoura,010106,
6305402,BATATA DOCE ROXA,0191,Outros produtos e serviços da lavoura,010106,
6305403,BATATA DA TERRA,0191,Outros produtos e serviços da lavoura,010106,
6305404,BATATA DE ANGOLA,0191,Outros produtos e serviços da lavoura,010106,
6305405,BATATA MASTRUS,0191,Outros produtos e serviços da lavoura,010106,
6305501,INHAME,0191,Outros produtos e serviços da lavoura,010106,
6305504,INHAME CHINES,0191,Outros produtos e serviços da lavoura,010106,
6305505,INHAME DA COSTA,0191,Outros produtos e serviços da lavoura,010106,
6305601,MANDIOCA,0191,Mandioca,010107,
6305602,MANDIOCA DOCE,0191,Mandioca,010107,
6305603,MANDIOCA MANSA,0191,Mandioca,010107,
6305604,MANDIOCA BRANCA,0191,Mandioca,010107,
6305605,MANDIOCA CACAU,0191,Mandioca,010107,
6305609,AIPIM,0191,Mandioca,010107,
6305610,MACAXEIRA,0191,Mandioca,010107,
6305612,AIMPIM,0191,Mandioca,010107,
6305613,MANDIOCA SEM CASCA,0191,Mandioca,010107,
6305614,MASSA DE MACAXEIRA,1093,Farinha de mandioca e outros,030113,
6305701,CARA,0191,Outros produtos e serviços da lavoura,010106,
6305702,CARA INHAME,0191,Outros produtos e serviços da lavoura,010106,
6305703,CARA CHINES,0191,Outros produtos e serviços da lavoura,010106,
6305713,INHAME CARAQUENTO (CARA),0191,Outros produtos e serviços da lavoura,010106,
6305714,INHAME LISO (CARA),0191,Outros produtos e serviços da lavoura,010106,
6305717,BATATA DE RAMA,0191,Outros produtos e serviços da lavoura,010106,
6305718,CARA NAMBU,0191,Outros produtos e serviços da lavoura,010106,
6305901,BATATA AIPO,0191,Outros produtos e serviços da lavoura,010106,
6305902,BATATA SALSA,0191,Outros produtos e serviços da lavoura,010106,
6305905,BATATA CENOURA,0191,Outros produtos e serviços da lavoura,010106,
6305906,BATATA FIUZA,0191,Outros produtos e serviços da lavoura,010106,
6305908,MANDIOQUINHA,0191,Outros produtos e serviços da lavoura,010106,
6306001,RABANETE,0191,Outros produtos e serviços da lavoura,010106,
6306101,BETERRABA,0191,Outros produtos e serviços da lavoura,010106,
6306201,CENOURA,0191,Outros produtos e serviços da lavoura,010106,
6306202,CENOURA VERMELHA,0191,Outros produtos e serviços da lavoura,010106,
6306203,CENOURINHA,0191,Outros produtos e serviços da lavoura,010106,
6306301,NABO,0191,Outros produtos e serviços da lavoura,010106,
6306501,GOBO,0191,Outros produtos e serviços da lavoura,010106,
6306601,ACAFRAO,0191,Outros produtos e serviços da lavoura,010106,
6306701,BATATA NAO ESPECIFICADA,0191,Outros produtos e serviços da lavoura,010106,
6306801,QUIRERA NAO ESPECIFICADA,1093,"Óleos de milho, amidos e féculas vegetais e rações",030114,
6400101,CREME DE ARROZ,1093,Arroz beneficiado e produtos derivados,030111,
6400102,CREME DE ARROZ VITAMINADO,1093,Arroz beneficiado e produtos derivados,030111,
6400103,FARINHA DE ARROZ,1093,Arroz beneficiado e produtos derivados,030111,
6400104,ARROZINA,1093,Arroz beneficiado e produtos derivados,030111,
6400105,MUCILON,1093,Arroz beneficiado e produtos derivados,030111,
6400106,MASSA DE ARROZ,1093,Arroz beneficiado e produtos derivados,030111,
6400107,MUCILON DE ARROZ,1093,Arroz beneficiado e produtos derivados,030111,
6400108,MINGAU DE ARROZ,1093,Arroz beneficiado e produtos derivados,030111,
6400201,FLOCOS DE ARROZ,1093,Arroz beneficiado e produtos derivados,030111,
6400301,FARINHA DE AVEIA,1093,Farinha de mandioca e outros,030113,
6400401,AVEIA EM FLOCOS,1093,Farinha de mandioca e outros,030113,
6400402,FLOCOS DE AVEIA,1093,Farinha de mandioca e outros,030113,
6400403,AVEIA INSTANTANEA,1093,Farinha de mandioca e outros,030113,
6400404,VITAVENA,1093,Farinha de mandioca e outros,030113,
6400501,FARINHA DE CENTEIO,1093,Farinha de mandioca e outros,030113,
6400601,FUBA DE MILHO,1093,"Óleos de milho, amidos e féculas vegetais e rações",030114,
6400602,FUBA,1093,"Óleos de milho, amidos e féculas vegetais e rações",030114,
6400603,FARINHA DE MILHO,1093,"Óleos de milho, amidos e féculas vegetais e rações",030114,
6400604,MILHARINA,1093,"Óleos de milho, amidos e féculas vegetais e rações",030114,
6400605,FLOR DE MILHO,1093,"Óleos de milho, amidos e féculas vegetais e rações",030114,
6400606,SEMOLA DE MILHO,1093,"Óleos de milho, amidos e féculas vegetais e rações",030114,
6400607,MASSA DE MILHO,1093,"Óleos de milho, amidos e féculas vegetais e rações",030114,
6400608,PUBA DE MILHO,1093,"Óleos de milho, amidos e féculas vegetais e rações",030114,
6400609,PUBA DE FUBA,1093,"Óleos de milho, amidos e féculas vegetais e rações",030114,
6400610,MASSA DE CANJICA,1093,"Óleos de milho, amidos e féculas vegetais e rações",030114,
6400611,FECULA DE MILHO,1093,"Óleos de milho, amidos e féculas vegetais e rações",030114,
6400612,MUCILON DE MILHO,1093,"Óleos de milho, amidos e féculas vegetais e rações",030114,
6400613,MILHO MOIDO,1093,"Óleos de milho, amidos e féculas vegetais e rações",030114,
6400614,MINGAU DE MILHO,1093,"Óleos de milho, amidos e féculas vegetais e rações",030114,
6400701,MAIZENA,1093,"Óleos de milho, amidos e féculas vegetais e rações",030114,
6400702,AMIDO DE MILHO,1093,"Óleos de milho, amidos e féculas vegetais e rações",030114,
6400703,GOMA DE MILHO,1093,"Óleos de milho, amidos e féculas vegetais e rações",030114,
6400705,AMIDO DE ARROZ,1093,"Óleos de milho, amidos e féculas vegetais e rações",030114,
6400706,AMIDO DE MANDIOCA,1093,"Óleos de milho, amidos e féculas vegetais e rações",030114,
6400707,MILHENA NUTRIL 5,1093,"Óleos de milho, amidos e féculas vegetais e rações",030114,
6400801,CREMOGEMA,1093,"Óleos de milho, amidos e féculas vegetais e rações",030114,
6400802,VITAMILHO,1093,"Óleos de milho, amidos e féculas vegetais e rações",030114,
6400804,CREME DE MILHO,1093,"Óleos de milho, amidos e féculas vegetais e rações",030114,
6400901,FLOCOS DE MILHO,1093,"Óleos de milho, amidos e féculas vegetais e rações",030114,
6400902,SUCRILHOS,1093,"Óleos de milho, amidos e féculas vegetais e rações",030114,
6400903,CEREAIS MATINAIS EM FLOCOS,1093,"Óleos de milho, amidos e féculas vegetais e rações",030114,
6401001,FARINHA DE TRIGO,1093,Farinha de trigo e derivados,030112,
6401003,SEMOLINA DE TRIGO,1093,Farinha de trigo e derivados,030112,
6401004,FARINHA DE TRIGO COM FERMENTO,1093,Farinha de trigo e derivados,030112,
6401005,FECULA DE TRIGO,1093,Farinha de trigo e derivados,030112,
6401101,FARINHA DE ROSCA,1093,Farinha de mandioca e outros,030113,
6401201,FARINHA DE QUIBE,1093,Farinha de trigo e derivados,030112,
6401202,FARINHA DE TRIGO DE QUIBE,1093,Farinha de trigo e derivados,030112,
6401203,TRIGUILHO,1093,Farinha de trigo e derivados,030112,
6401301,"GERME,GLUTEM E FIBRA DE TRIGO",1093,"Óleos de milho, amidos e féculas vegetais e rações",030114,
6401303,FIBRA DE TRIGO,1093,"Óleos de milho, amidos e féculas vegetais e rações",030114,
6401304,FIBRA DE SOJA,1093,"Óleos de milho, amidos e féculas vegetais e rações",030114,
6401305,FIBRA DE CEREAIS,1093,"Óleos de milho, amidos e féculas vegetais e rações",030114,
6401401,FARINHA DE MANDIOCA,1093,Farinha de mandioca e outros,030113,
6401402,FARINHA DE MANDIOCA CRUA,1093,Farinha de mandioca e outros,030113,
6401403,FARINHA DE MANDIOCA TORRADA,1093,Farinha de mandioca e outros,030113,
6401404,FARINHA DE MANDIOCA BIJU,1093,Farinha de mandioca e outros,030113,
6401405,FARINHA DE MANDIOCA MORENA,1093,Farinha de mandioca e outros,030113,
6401406,FARINHA DE MANDIOCA AMARELA,1093,Farinha de mandioca e outros,030113,
6401407,FARINHA DE MANDIOCA BRANCA,1093,Farinha de mandioca e outros,030113,
6401408,FARINHA DE MANDIOCA MISTURADA,1093,Farinha de mandioca e outros,030113,
6401409,FARINHA DE MANDIOCA COMUM,1093,Farinha de mandioca e outros,030113,
6401410,FARINHA DE COPIOBA,1093,Farinha de mandioca e outros,030113,
6401411,FARINHA DE MESA,1093,Farinha de mandioca e outros,030113,
6401412,FARINHA DE CARIMA,1093,Farinha de mandioca e outros,030113,
6401414,MASSA DE MANDIOCA,1093,Farinha de mandioca e outros,030113,
6401415,FARINHA DE AGUA,1093,Farinha de mandioca e outros,030113,
6401501,FECULA DE MANDIOCA,1093,Farinha de mandioca e outros,030113,
6401502,GOMA DE MANDIOCA,1093,Farinha de mandioca e outros,030113,
6401503,POLVILHO DE MANDIOCA,1093,Farinha de mandioca e outros,030113,
6401504,POLVILHO AZEDO,1093,Farinha de mandioca e outros,030113,
6401505,SAGU DE MANDIOCA,1093,Farinha de mandioca e outros,030113,
6401507,CREME DE MACAXEIRA,1093,Farinha de mandioca e outros,030113,
6401508,GOMA DE TAPIOCA,1093,Farinha de mandioca e outros,030113,
6401509,TAPIOCA (GOMA),1093,Farinha de mandioca e outros,030113,
6401510,FARINHA DE TAPIOCA,1093,Farinha de mandioca e outros,030113,
6401511,FARINHA BEIJU,1093,Farinha de mandioca e outros,030113,
6401512,POLVILHO DOCE,1093,Farinha de mandioca e outros,030113,
6401513,CARIMA (PUBA DE MANDIOCA),1093,Farinha de mandioca e outros,030113,
6401514,PUBA DE MANDIOCA,1093,Farinha de mandioca e outros,030113,
6401515,SAGU (DE MANDIOCA),1093,Farinha de mandioca e outros,030113,
6401516,TAPIOCA DE GOMA (MANDIOCA),1093,Farinha de mandioca e outros,030113,
6401601,FARINHA NAO ESPECIFICADA,1093,Farinha de trigo e derivados,030112,
6401701,FARINHA DE ARARUTA,1093,Farinha de mandioca e outros,030113,
6401801,FECULA DE ARARUTA,1093,"Óleos de milho, amidos e féculas vegetais e rações",030114,
6401802,GOMA DE ARARUTA,1093,"Óleos de milho, amidos e féculas vegetais e rações",030114,
6401901,FARINHA DE SOJA,1093,"Óleo de soja em bruto e tortas, bagaços e farelo de soja",030106,
6402001,FARINHA LACTEA,1093,Produtos do laticínio e sorvetes,030110,
6402002,FARINHA VITAMINADA,1093,Outros produtos alimentares,030118,
6402003,SUSTAGEM,1093,Outros produtos alimentares,030118,
6402007,PROTEINAC,1093,Outros produtos alimentares,030118,
6402008,PROTEINA DE SOJA,1093,Outros produtos alimentares,030118,
6402009,SOJA (PROTEINA),1093,Outros produtos alimentares,030118,
6402010,COMPLEMENTO ALIMENTAR DE QUALQUER SABOR,1093,Outros produtos alimentares,030118,
6402011,COMPOSTO ALIMENTAR DE QUALQUER SABOR,1093,Outros produtos alimentares,030118,
6402101,NESTON,1093,Outros produtos alimentares,030118,
6402102,FLOCOS DE CEREAIS,1093,Outros produtos alimentares,030118,
6402103,ALIMENTOS INFANTIS QUATRO CEREAIS,1093,Outros produtos alimentares,030118,
6402104,EXTRATO DE CEREAIS,1093,Outros produtos alimentares,030118,
6402105,VITAFLOCOS,1093,Outros produtos alimentares,030118,
6402106,MUSLI (FLOCOS DE CEREAL),1093,Outros produtos alimentares,030118,
6402107,MIX DE CEREAIS,1093,Outros produtos alimentares,030118,
6402201,MASSA DE PAO COMUM,1093,Farinha de trigo e derivados,030112,
6402301,MASSA DE PAO DE QUEIJO,1093,Outros produtos alimentares,030118,
6402302,PAO DE QUEIJO SEMIPRONTO,1093,Outros produtos alimentares,030118,
6402401,MASSA DE PIZZA,1093,Outros produtos alimentares,030118,
6402402,PIZZA SEMIPRONTA,1093,Outros produtos alimentares,030118,
6402403,MINI PIZZA,1093,Outros produtos alimentares,030118,
6402601,MASSA DE PASTEL,1093,Farinha de trigo e derivados,030112,
6402602,FILHO (MASSA DE PASTEL),1093,Farinha de trigo e derivados,030112,
6402603,MINI PASTEL,1093,Farinha de trigo e derivados,030112,
6402701,MASSA DE NHOQUE,1093,Outros produtos alimentares,030118,
6402801,MASSA DE RAVIOLE,1093,Outros produtos alimentares,030118,
6402901,MASSA DE LASANHA,1093,Outros produtos alimentares,030118,
6402902,LASANHA SEMIPRONTA,1093,Outros produtos alimentares,030118,
6403001,MASSA DE CANELONE,1093,Outros produtos alimentares,030118,
6403101,MASSA DE CAPELETI,1093,Outros produtos alimentares,030118,
6403201,MACARRAO SEM OVOS,1093,Outros produtos alimentares,030118,
6403202,MACARRAO DE GLUTEN SEM OVOS,1093,Outros produtos alimentares,030118,
6403203,MACARRAO DE SEMOLA SEM OVOS,1093,Outros produtos alimentares,030118,
6403204,MACARRAO DE SEMOLINA SEM OVOS,1093,Outros produtos alimentares,030118,
6403205,MACARRAO DE SOPA SEM OVOS,1093,Outros produtos alimentares,030118,
6403206,MASSA SEM OVOS,1093,Outros produtos alimentares,030118,
6403207,MASSA DE GLUTEN SEM OVOS,1093,Outros produtos alimentares,030118,
6403208,MASSA DE SEMOLA SEM OVOS,1093,Outros produtos alimentares,030118,
6403209,MASSA DE SEMOLINA SEM OVOS,1093,Outros produtos alimentares,030118,
6403210,MASSA DE SOPA SEM OVOS,1093,Outros produtos alimentares,030118,
6403211,TALHARIM SEM OVOS,1093,Outros produtos alimentares,030118,
6403212,SPAGHETTI SEM OVOS,1093,Outros produtos alimentares,030118,
6403213,ESPAGUETE SEM OVOS,1093,Outros produtos alimentares,030118,
6403215,MIOJO,1093,Outros produtos alimentares,030118,
6403216,MACARRAO INSTANTANEO,1093,Outros produtos alimentares,030118,
6403217,MACARRAO PARAFUSO SEM OVOS,1093,Outros produtos alimentares,030118,
6403218,MACARRAO COM ESPINAFRE,1093,Outros produtos alimentares,030118,
6403219,MACARRAO COM CENOURA,1093,Outros produtos alimentares,030118,
6403220,MACARRAO COM MILHO,1093,Outros produtos alimentares,030118,
6403221,MACARRAO INTEGRAL,1093,Outros produtos alimentares,030118,
6403222,MACARRAO PASTEURIZADO,1093,Outros produtos alimentares,030118,
6403223,MACARRAO PICADO,1093,Outros produtos alimentares,030118,
6403224,MACARRAO PRE-COZIDO,1093,Outros produtos alimentares,030118,
6403225,MACARRAO SEM COLESTEROL,1093,Outros produtos alimentares,030118,
6403226,MACARRAO VITAMINADO,1093,Outros produtos alimentares,030118,
6403227,MASSA INSTANTANEA,1093,Outros produtos alimentares,030118,
6403301,MACARRAO COM OVOS,1093,Outros produtos alimentares,030118,
6403302,MACARRAO DE GLUTEN COM OVOS,1093,Outros produtos alimentares,030118,
6403303,MACARRAO DE SEMOLA COM OVOS,1093,Outros produtos alimentares,030118,
6403304,MACARRAO DE SEMOLINA COM OVOS,1093,Outros produtos alimentares,030118,
6403305,MACARRAO DE SOPA COM OVOS,1093,Outros produtos alimentares,030118,
6403306,MASSA COM OVOS,1093,Outros produtos alimentares,030118,
6403307,MASSA DE GLUTEN COM OVOS,1093,Outros produtos alimentares,030118,
6403308,MASSA DE SEMOLA COM OVOS,1093,Outros produtos alimentares,030118,
6403309,MASSA DE SEMOLINA COM OVOS,1093,Outros produtos alimentares,030118,
6403310,MASSA DE SOPA COM OVOS,1093,Outros produtos alimentares,030118,
6403311,TALHARIM COM OVOS,1093,Outros produtos alimentares,030118,
6403312,SPAGHETTI COM OVOS,1093,Outros produtos alimentares,030118,
6403313,ESPAGUETE COM OVOS,1093,Outros produtos alimentares,030118,
6403314,ALETRIA COM OVOS,1093,Outros produtos alimentares,030118,
6403315,MACARRAO PARAFUSO COM OVOS,1093,Outros produtos alimentares,030118,
6403401,MACARRAO (NAO ESPECIFICADO),1093,Outros produtos alimentares,030118,
6403402,MACARRAO CASEIRO,1093,Outros produtos alimentares,030118,
6403403,MACARRAO COM SEMOLA ( NAO ESPECIFICADO),1093,Outros produtos alimentares,030118,
6403404,ESPAGUETE (NAO ESPECIFICADO),1093,Outros produtos alimentares,030118,
6403405,MACARRAO PARAFUSO (NAO ESPECIFICADO),1093,Outros produtos alimentares,030118,
6403406,TALHARIM (NAO ESPECIFICADO),1093,Outros produtos alimentares,030118,
6403407,MASSA DE SEMOLA (NAO ESPECIFICADA),1093,Outros produtos alimentares,030118,
6403408,MASSA DE SOPA (NAO ESPECIFICADA),1093,Outros produtos alimentares,030118,
6403409,MASSA (NAO ESPECIFICADA),1093,Outros produtos alimentares,030118,
6403501,PURE DE BATATA EM CAIXA,1093,"Conservas de frutas, legumes e outros vegetais",030105,
6403601,BIFE VEGETAL,1093,Outros produtos alimentares,030118,
6403602,MASSA DE SOJA (CARNE VEGETAL),1093,Outros produtos alimentares,030118,
6403604,PASTA DE SOJA,1093,Outros produtos alimentares,030118,
6403605,CARNE DE SOJA,1093,Outros produtos alimentares,030118,
6403701,OUTRAS FARINHAS,1093,Farinha de mandioca e outros,030113,
6403702,FARINHA DE AMENDOIM,1093,Farinha de mandioca e outros,030113,
6403703,AMENDOIM MOIDO,1093,Farinha de mandioca e outros,030113,
6403704,FARINHA DE PEIXE,1091,Pescado industrializado,030104,
6403705,FARINHA DE FEIJAO,1093,Farinha de mandioca e outros,030113,
6403706,FARINHA DE BANANA,1093,Farinha de mandioca e outros,030113,
6404201,MASSA DE COXINHA,1093,Farinha de trigo e derivados,030112,
6404202,COXINHA DE FRITAR (MASSA),1093,Farinha de trigo e derivados,030112,
6404303,CALZONE (SEMIPRONTO),1093,Outros produtos alimentares,030118,
6404401,GRANOLA (FLOCOS DE CEREAL),1093,Farinha de mandioca e outros,030113,
6405101,COCO DA BAHIA (SECO OU VERDE),0191,Outros produtos e serviços da lavoura,010106,
6405102,COCO DA PRAIA,0191,Outros produtos e serviços da lavoura,010106,
6405201,COCO RALADO INDUSTRIALIZADO,1093,"Conservas de frutas, legumes e outros vegetais",030105,
6405301,CASTANHA PORTUGUESA,0280,Produtos da exploração florestal e da silvicultura,010112,
6405302,CASTANHA DA EUROPA,0280,Produtos da exploração florestal e da silvicultura,010112,
6405401,PINHAO,0280,Produtos da exploração florestal e da silvicultura,010112,
6405402,PINHAO DO PARANA,0280,Produtos da exploração florestal e da silvicultura,010112,
6405501,AMENDOA,0191,Outros produtos e serviços da lavoura,010106,
6405601,AVELA,0191,Outros produtos e serviços da lavoura,010106,
6405701,CASTANHA DO PARA,0191,Outros produtos e serviços da lavoura,010106,
6405801,CASTANHA DE CAJU,0191,Outros produtos e serviços da lavoura,010106,
6405901,COCO OURICURI,0280,Produtos da exploração florestal e da silvicultura,010112,
6405906,COCO ARICURI,0280,Produtos da exploração florestal e da silvicultura,010112,
6405907,COCO ALICURI,0280,Produtos da exploração florestal e da silvicultura,010112,
6405910,OURICURI,0280,Produtos da exploração florestal e da silvicultura,010112,
6405912,BUTIA (ARICURI),0280,Produtos da exploração florestal e da silvicultura,010112,
6406001,COCO DE BABACU,0280,Produtos da exploração florestal e da silvicultura,010112,
6406002,COCO BABACU,0280,Produtos da exploração florestal e da silvicultura,010112,
6406005,BABACU,0280,Produtos da exploração florestal e da silvicultura,010112,
6406101,COCO DE TUCUM,0280,Produtos da exploração florestal e da silvicultura,010112,
6406211,MACAUBA,0280,Produtos da exploração florestal e da silvicultura,010112,
6406303,DENDE,0191,Outros produtos e serviços da lavoura,010106,
6406501,NOZ (NOGUEIRA),0191,Outros produtos e serviços da lavoura,010106,
6406601,COCO INAJA,0191,Outros produtos e serviços da lavoura,010106,
6406602,COCO ANAJA,0191,Outros produtos e serviços da lavoura,010106,
6406701,ACAI (EMULSAO),0280,Produtos da exploração florestal e da silvicultura,010112,
6406706,ACAI (COCO),0280,Produtos da exploração florestal e da silvicultura,010112,
6406707,JUCARA,0280,Produtos da exploração florestal e da silvicultura,010112,
6406711,ACAI FRUTA,0280,Produtos da exploração florestal e da silvicultura,010112,
6406801,COCO DE PUPUNHA,0280,Produtos da exploração florestal e da silvicultura,010112,
6406805,PUPUNHA,0280,Produtos da exploração florestal e da silvicultura,010112,
6406901,COCO BACABA,0280,Produtos da exploração florestal e da silvicultura,010112,
6406902,BACABA,0280,Produtos da exploração florestal e da silvicultura,010112,
6406909,BACABA (EMULSAO),1093,"Conservas de frutas, legumes e outros vegetais",030105,
6406910,BACABA (CAROCO),0280,Produtos da exploração florestal e da silvicultura,010112,
6407001,CASTANHA DA INDIA,0280,Produtos da exploração florestal e da silvicultura,010112,
6407101,COCO BURITI,0280,Produtos da exploração florestal e da silvicultura,010112,
6407102,MASSA DE BURITI,1093,"Conservas de frutas, legumes e outros vegetais",030105,
6407201,ALIMENTO DE SOJA,1093,Outros produtos alimentares,030118,
6407301,BURITI (EMULSAO / VINHO),0280,Produtos da exploração florestal e da silvicultura,010112,
6407302,VINHO DE BURITI,1100,Bebidas,030119,
6407401,COCO NAO ESPECIFICADO,0191,Outros produtos e serviços da lavoura,010106,
6407501,CASTANHA NAO ESPECIFICADA,0191,Outros produtos e serviços da lavoura,010106,
6500101,ALFACE,0191,Outros produtos e serviços da lavoura,010106,
6500102,ALFACE PAULISTA,0191,Outros produtos e serviços da lavoura,010106,
6500103,ALFACE REPOLHUDA,0191,Outros produtos e serviços da lavoura,010106,
6500104,ALFACE AMARGA,0191,Outros produtos e serviços da lavoura,010106,
6500105,ALFACE CRESPA,0191,Outros produtos e serviços da lavoura,010106,
6500106,ALFACE ROMANA,0191,Outros produtos e serviços da lavoura,010106,
6500107,ALFACE MANTEIGA,0191,Outros produtos e serviços da lavoura,010106,
6500108,ALFACE LISA,0191,Outros produtos e serviços da lavoura,010106,
6500109,ALFACE AMERICANA,0191,Outros produtos e serviços da lavoura,010106,
6500110,ALFACE HIDROPONICA,0191,Outros produtos e serviços da lavoura,010106,
6500201,BERTALHA,0191,Outros produtos e serviços da lavoura,010106,
6500301,CHICORIA,0191,Outros produtos e serviços da lavoura,010106,
6500302,CHICORIA CRESPA,0191,Outros produtos e serviços da lavoura,010106,
6500304,ESCAROLA,0191,Outros produtos e serviços da lavoura,010106,
6500401,COENTRO (VERDURA),0191,Outros produtos e serviços da lavoura,010106,
6500501,COUVE,0191,Outros produtos e serviços da lavoura,010106,
6500502,COUVE MANTEIGA,0191,Outros produtos e serviços da lavoura,010106,
6500504,COUVE PALMITO,0191,Outros produtos e serviços da lavoura,010106,
6500505,COUVE CRESPA,0191,Outros produtos e serviços da lavoura,010106,
6500506,COUVE DE FOLHAS,0191,Outros produtos e serviços da lavoura,010106,
6500601,COUVE FLOR,0191,Outros produtos e serviços da lavoura,010106,
6500701,ESPINAFRE,0191,Outros produtos e serviços da lavoura,010106,
6500801,MOSTARDA (VERDURA),0191,Outros produtos e serviços da lavoura,010106,
6500901,REPOLHO,0191,Outros produtos e serviços da lavoura,010106,
6500902,REPOLHO BRANCO,0191,Outros produtos e serviços da lavoura,010106,
6500903,REPOLHO ROXO,0191,Outros produtos e serviços da lavoura,010106,
6501001,SALSA,0191,Outros produtos e serviços da lavoura,010106,
6501101,CEBOLINHA,0191,Outros produtos e serviços da lavoura,010106,
6501102,CEBOLINHA VERDE,0191,Outros produtos e serviços da lavoura,010106,
6501104,CEBOLA DE TODO O ANO (CEBOLINHA VERDE),0191,Outros produtos e serviços da lavoura,010106,
6501105,CEBOLINHA DESIDRATADA,0191,Outros produtos e serviços da lavoura,010106,
6501201,CHEIRO VERDE,0191,Outros produtos e serviços da lavoura,010106,
6501202,SALSA E CEBOLINHA,0191,Outros produtos e serviços da lavoura,010106,
6501203,COENTRO E CEBOLINHA,0191,Outros produtos e serviços da lavoura,010106,
6501204,TEMPERO VERDE,0191,Outros produtos e serviços da lavoura,010106,
6501301,AGRIAO,0191,Outros produtos e serviços da lavoura,010106,
6501302,AGRIAO COMUM,0191,Outros produtos e serviços da lavoura,010106,
6501304,AGRIAO DE AGUA,0191,Outros produtos e serviços da lavoura,010106,
6501308,AGRIAO HIDROPONICO,0191,Outros produtos e serviços da lavoura,010106,
6501401,TAIOBA,0191,Outros produtos e serviços da lavoura,010106,
6501403,TAIA,0191,Outros produtos e serviços da lavoura,010106,
6501501,ACELGA,0191,Outros produtos e serviços da lavoura,010106,
6501601,ALMEIRAO,0191,Outros produtos e serviços da lavoura,010106,
6501602,RADITE,0191,Outros produtos e serviços da lavoura,010106,
6501702,COUVE BROCOLIS,0191,Outros produtos e serviços da lavoura,010106,
6501704,BROCOLIS,0191,Outros produtos e serviços da lavoura,010106,
6501801,SERRALHA,0191,Outros produtos e serviços da lavoura,010106,
6501901,CARURU,0191,Outros produtos e serviços da lavoura,010106,
6501906,CUXA,0191,Outros produtos e serviços da lavoura,010106,
6501907,VINAGREIRA,0191,Outros produtos e serviços da lavoura,010106,
6501913,CARIRU,0191,Outros produtos e serviços da lavoura,010106,
6502001,RUCULA,0191,Outros produtos e serviços da lavoura,010106,
6502002,RUCOLA,0191,Outros produtos e serviços da lavoura,010106,
6502105,JAMBU (JAMBUACU),0191,Outros produtos e serviços da lavoura,010106,
6502201,LINGUA DE VACA (HORTALICA),0191,Outros produtos e serviços da lavoura,010106,
6502205,JOAO GOMES,0191,Outros produtos e serviços da lavoura,010106,
6502301,ALCACHOFRA,0191,Outros produtos e serviços da lavoura,010106,
6502401,SAMAMBAIA DO CAMPO,0191,Outros produtos e serviços da lavoura,010106,
6502501,BREDO,0191,Outros produtos e serviços da lavoura,010106,
6502601,AIPO,0191,Outros produtos e serviços da lavoura,010106,
6502604,SALSAO (AIPO),0191,Outros produtos e serviços da lavoura,010106,
6502701,COUVE CHINESA,0191,Outros produtos e serviços da lavoura,010106,
6502801,ERVA DOCE,0191,Outros produtos e serviços da lavoura,010106,
6502802,FUNCHO,0191,Outros produtos e serviços da lavoura,010106,
6503004,FOLHA DE MACAXEIRA,0191,Outros produtos e serviços da lavoura,010106,
6503101,BROTO DE FEIJAO,0191,Outros produtos e serviços da lavoura,010106,
6503102,MOYASHI,0191,Outros produtos e serviços da lavoura,010106,
6503301,ABOBORA MOGANGA,0191,Outros produtos e serviços da lavoura,010106,
6503302,ABOBORA MOCANGA,0191,Outros produtos e serviços da lavoura,010106,
6503303,ABOBORA MORANGA,0191,Outros produtos e serviços da lavoura,010106,
6503305,ABOBORA DE PORCO,0191,Outros produtos e serviços da lavoura,010106,
6503306,MORANGA (ABOBORA),0191,Outros produtos e serviços da lavoura,010106,
6503307,MORANGA JAPONESA,0191,Outros produtos e serviços da lavoura,010106,
6503308,MORANGA CABUTIA,0191,Outros produtos e serviços da lavoura,010106,
6503401,ABOBORA MENINA,0191,Outros produtos e serviços da lavoura,010106,
6503404,ABOBORA BAIANA,0191,Outros produtos e serviços da lavoura,010106,
6503405,ABOBORA VERMELHA,0191,Outros produtos e serviços da lavoura,010106,
6503406,ABOBORA DA BAHIA,0191,Outros produtos e serviços da lavoura,010106,
6503501,ABOBORA MELAO,0191,Outros produtos e serviços da lavoura,010106,
6503601,ABOBORA DE AGUA,0191,Outros produtos e serviços da lavoura,010106,
6503602,ABOBORA VERDE,0191,Outros produtos e serviços da lavoura,010106,
6503701,ABOBRINHA,0191,Outros produtos e serviços da lavoura,010106,
6503702,ABOBRINHA VERDE,0191,Outros produtos e serviços da lavoura,010106,
6503703,ABOBRINHA ITALIANA,0191,Outros produtos e serviços da lavoura,010106,
6503704,ABOBRINHA BRASILEIRA,0191,Outros produtos e serviços da lavoura,010106,
6503705,ABOBORA JAPONESA (ABOBRINHA),0191,Outros produtos e serviços da lavoura,010106,
6503706,ABOBORA BAIANINHA (ABOBRINHA),0191,Outros produtos e serviços da lavoura,010106,
6503707,CAXI,0191,Outros produtos e serviços da lavoura,010106,
6503802,ABOBORA DE CABOCLO,0191,Outros produtos e serviços da lavoura,010106,
6503804,ABOBORA JACARE,0191,Outros produtos e serviços da lavoura,010106,
6503805,JERIMUM,0191,Outros produtos e serviços da lavoura,010106,
6503806,JERIMUM DE LEITE,0191,Outros produtos e serviços da lavoura,010106,
6503807,JERIMUM CABOCLO,0191,Outros produtos e serviços da lavoura,010106,
6503808,JERIMUM JACAREZINHO,0191,Outros produtos e serviços da lavoura,010106,
6503901,ABOBORA,0191,Outros produtos e serviços da lavoura,010106,
6503902,ABOBORA COMUM,0191,Outros produtos e serviços da lavoura,010106,
6503903,ABOBORA MADURA,0191,Outros produtos e serviços da lavoura,010106,
6504001,PEPINO,0191,Outros produtos e serviços da lavoura,010106,
6504101,CHUCHU,0191,Outros produtos e serviços da lavoura,010106,
6504102,MACHUCHU (CHUCHU),0191,Outros produtos e serviços da lavoura,010106,
6504103,CAXIXE,0191,Outros produtos e serviços da lavoura,010106,
6504105,MACHUCHO (CHUCHU),0191,Outros produtos e serviços da lavoura,010106,
6504201,JILO,0191,Outros produtos e serviços da lavoura,010106,
6504202,JILO PAULISTA,0191,Outros produtos e serviços da lavoura,010106,
6504203,JILO JAPONES,0191,Outros produtos e serviços da lavoura,010106,
6504204,JILO PRETO,0191,Outros produtos e serviços da lavoura,010106,
6504301,MAXIXE,0191,Outros produtos e serviços da lavoura,010106,
6504401,PALMITO (FRESCO),0280,Produtos da exploração florestal e da silvicultura,010112,
6504406,PALMITO ACAI (FRESCO),0280,Produtos da exploração florestal e da silvicultura,010112,
6504407,PALMITO JUCARA (FRESCO),0280,Produtos da exploração florestal e da silvicultura,010112,
6504409,GUARIROBA (PALMITO FRESCO),0280,Produtos da exploração florestal e da silvicultura,010112,
6504410,GUEIROBA (PALMITO FRESCO),0280,Produtos da exploração florestal e da silvicultura,010112,
6504411,GUEROBA (PALMITO FRESCO),0280,Produtos da exploração florestal e da silvicultura,010112,
6504501,PIMENTAO,0191,Outros produtos e serviços da lavoura,010106,
6504502,PIMENTAO VERDE,0191,Outros produtos e serviços da lavoura,010106,
6504503,PIMENTAO MADURO,0191,Outros produtos e serviços da lavoura,010106,
6504601,PIMENTA MALAGUETA,0191,Outros produtos e serviços da lavoura,010106,
6504606,PIMENTA BRANCA (IN NATURA),0191,Outros produtos e serviços da lavoura,010106,
6504701,PIMENTA DE CHEIRO,0191,Outros produtos e serviços da lavoura,010106,
6504704,PIMENTA CABACINHA (IN NATURA),0191,Outros produtos e serviços da lavoura,010106,
6504706,PIMENTA BODE (IN NATURA),0191,Outros produtos e serviços da lavoura,010106,
6504707,PIMENTA DOCE (IN NATURA),0191,Outros produtos e serviços da lavoura,010106,
6504901,PIMENTA,0191,Outros produtos e serviços da lavoura,010106,
6505001,QUIABO,0191,Outros produtos e serviços da lavoura,010106,
6505101,TOMATE,0191,Outros produtos e serviços da lavoura,010106,
6505102,TOMATE PAULISTA,0191,Outros produtos e serviços da lavoura,010106,
6505103,TOMATE MACA,0191,Outros produtos e serviços da lavoura,010106,
6505104,TOMATE PERA,0191,Outros produtos e serviços da lavoura,010106,
6505105,TOMATE JAPONES,0191,Outros produtos e serviços da lavoura,010106,
6505106,TOMATE VERDE,0191,Outros produtos e serviços da lavoura,010106,
6505107,TOMATE CAQUI,0191,Outros produtos e serviços da lavoura,010106,
6505201,VAGEM,0191,Outros produtos e serviços da lavoura,010106,
6505202,VAGEM MANTEIGA,0191,Outros produtos e serviços da lavoura,010106,
6505203,FEIJAO VERDE EM VAGEM,0191,Outros produtos e serviços da lavoura,010106,
6505301,COGUMELO (FRESCO),0191,Outros produtos e serviços da lavoura,010106,
6505401,BERINJELA,0191,Outros produtos e serviços da lavoura,010106,
6505402,BRINJELA,0191,Outros produtos e serviços da lavoura,010106,
6505501,ERVILHA (EM VAGEM),0191,Outros produtos e serviços da lavoura,010106,
6505502,ERVILHA DE VAGEM,0191,Outros produtos e serviços da lavoura,010106,
6505701,CEBOLA,0191,Outros produtos e serviços da lavoura,010106,
6505702,CEBOLA CABECA BRANCA,0191,Outros produtos e serviços da lavoura,010106,
6505703,CEBOLA BRANCA,0191,Outros produtos e serviços da lavoura,010106,
6505704,CEBOLA ROXA,0191,Outros produtos e serviços da lavoura,010106,
6505705,CEBOLA DO REINO,0191,Outros produtos e serviços da lavoura,010106,
6505706,CEBOLA PERA,0191,Outros produtos e serviços da lavoura,010106,
6505708,CEBOLA VERMELHA,0191,Outros produtos e serviços da lavoura,010106,
6505710,CEBOLA EM CABECA BRANCA,0191,Outros produtos e serviços da lavoura,010106,
6505711,CEBOLA DESIDRATADA,0191,Outros produtos e serviços da lavoura,010106,
6505801,CATALONHA,0191,Outros produtos e serviços da lavoura,010106,
6505802,CATALONIA,0191,Outros produtos e serviços da lavoura,010106,
6506101,JARDINEIRA (SELETA),1093,"Conservas de frutas, legumes e outros vegetais",030105,
6506102,SELETA (JARDINEIRA),1093,"Conservas de frutas, legumes e outros vegetais",030105,
6506201,CEBOLINHA BRANCA,0191,Outros produtos e serviços da lavoura,010106,
6506301,ABOBORA MORANGUINHA,0191,Outros produtos e serviços da lavoura,010106,
6506401,ABOBORA PAULISTA,0191,Outros produtos e serviços da lavoura,010106,
6506501,ABOBORA CABOTIAN,0191,Outros produtos e serviços da lavoura,010106,
6506502,ABOBORA CABOTIA,0191,Outros produtos e serviços da lavoura,010106,
6506503,ABOBORA CABUTIA,0191,Outros produtos e serviços da lavoura,010106,
6506504,ABOBORA CABUTIAN,0191,Outros produtos e serviços da lavoura,010106,
6506505,ABOBORA KABUTIA,0191,Outros produtos e serviços da lavoura,010106,
6506701,ABOBORA GOIANINHA,0191,Outros produtos e serviços da lavoura,010106,
6506801,ABOBORA HIBRIDA,0191,Outros produtos e serviços da lavoura,010106,
6506901,ABOBORA SECA,0191,Outros produtos e serviços da lavoura,010106,
6507001,ABOBRINHA CAIPIRA,0191,Outros produtos e serviços da lavoura,010106,
6507101,ABOBRINHA BRANCA,0191,Outros produtos e serviços da lavoura,010106,
6507301,BROTO DE ALFAFA,0191,Outros produtos e serviços da lavoura,010106,
6507401,ALECRIN,0191,Outros produtos e serviços da lavoura,010106,
6507402,ALECRIM,0191,Outros produtos e serviços da lavoura,010106,
6507501,ALFAZEMA,0191,Outros produtos e serviços da lavoura,010106,
6507601,AZEDINHA,0191,Outros produtos e serviços da lavoura,010106,
6600101,BANANA DE AGUA,0191,Outros produtos e serviços da lavoura,010106,
6600102,BANANA NANICA,0191,Outros produtos e serviços da lavoura,010106,
6600105,BANANA MANGALO,0191,Outros produtos e serviços da lavoura,010106,
6600106,BANANA INGLESA,0191,Outros produtos e serviços da lavoura,010106,
6600109,BANANA CATARINA,0191,Outros produtos e serviços da lavoura,010106,
6600110,BANANA CHORONA,0191,Outros produtos e serviços da lavoura,010106,
6600111,BANANA PEROA,0191,Outros produtos e serviços da lavoura,010106,
6600112,BANANA CASCA VERDE,0191,Outros produtos e serviços da lavoura,010106,
6600115,BANANA CATURRA,0191,Outros produtos e serviços da lavoura,010106,
6600116,BANANA ANA,0191,Outros produtos e serviços da lavoura,010106,
6600201,BANANA PRATA,0191,Outros produtos e serviços da lavoura,010106,
6600203,BANANA AMARELA,0191,Outros produtos e serviços da lavoura,010106,
6600205,BANANA BRANCA,0191,Outros produtos e serviços da lavoura,010106,
6600208,BANANA DA PRATA,0191,Outros produtos e serviços da lavoura,010106,
6600301,BANANA OURO,0191,Outros produtos e serviços da lavoura,010106,
6600308,BANANA REAL,0191,Outros produtos e serviços da lavoura,010106,
6600310,BANANINHA,0191,Outros produtos e serviços da lavoura,010106,
6600401,BANANA MACA,0191,Outros produtos e serviços da lavoura,010106,
6600404,BANANA LEITE,0191,Outros produtos e serviços da lavoura,010106,
6600405,BANANA MACA PAINA,0191,Outros produtos e serviços da lavoura,010106,
6600407,BANANA PERA,0191,Outros produtos e serviços da lavoura,010106,
6600501,BANANA FIGO,0191,Outros produtos e serviços da lavoura,010106,
6600502,BANANA ABOBORA,0191,Outros produtos e serviços da lavoura,010106,
6600505,BANANA BABONA,0191,Outros produtos e serviços da lavoura,010106,
6600506,BANANA CACAU,0191,Outros produtos e serviços da lavoura,010106,
6600507,BANANA CAFE,0191,Outros produtos e serviços da lavoura,010106,
6600508,BANANA CAIXAO,0191,Outros produtos e serviços da lavoura,010106,
6600511,BANANA CASADA,0191,Outros produtos e serviços da lavoura,010106,
6600512,BANANA CASCA GROSSA,0191,Outros produtos e serviços da lavoura,010106,
6600515,BANANA CORUJA,0191,Outros produtos e serviços da lavoura,010106,
6600521,BANANA MURICI,0191,Outros produtos e serviços da lavoura,010106,
6600522,BANANA PAO,0191,Outros produtos e serviços da lavoura,010106,
6600523,BANANA PARA,0191,Outros produtos e serviços da lavoura,010106,
6600527,BANANA SAPA,0191,Outros produtos e serviços da lavoura,010106,
6600530,BANANA TRES QUINAS,0191,Outros produtos e serviços da lavoura,010106,
6600532,MASSA DE BANANA,1093,"Conservas de frutas, legumes e outros vegetais",030105,
6600601,BANANA MARMELO,0191,Outros produtos e serviços da lavoura,010106,
6600701,BANANA ROXA,0191,Outros produtos e serviços da lavoura,010106,
6600706,BANANA VINAGRE,0191,Outros produtos e serviços da lavoura,010106,
6600902,BANANA CURTA,0191,Outros produtos e serviços da lavoura,010106,
6601001,BANANA DA TERRA,0191,Outros produtos e serviços da lavoura,010106,
6601002,BANANA PACOVA,0191,Outros produtos e serviços da lavoura,010106,
6601008,BANANA COMPRIDA,0191,Outros produtos e serviços da lavoura,010106,
6601012,BANANA GRANDE,0191,Outros produtos e serviços da lavoura,010106,
6601013,BANANA GRANDE AMARELA,0191,Outros produtos e serviços da lavoura,010106,
6601015,BANANA PACOVI,0191,Outros produtos e serviços da lavoura,010106,
6601019,BANANA PACOVAN,0191,Outros produtos e serviços da lavoura,010106,
6601101,BANANA (NAO ESPECIFICADA),0191,Outros produtos e serviços da lavoura,010106,
6601201,LARANJA LIMA,0191,Frutas cítricas,010110,
6601202,LARANJA DOCINHA,0191,Frutas cítricas,010110,
6601203,LARANJA SERRA DE AGUA,0191,Frutas cítricas,010110,
6601204,LARANJA ACUCAR,0191,Frutas cítricas,010110,
6601205,LARANJA DO CEU,0191,Frutas cítricas,010110,
6601206,LARANJA DE AGUA,0191,Frutas cítricas,010110,
6601207,LARANJA CELESTE,0191,Frutas cítricas,010110,
6601208,LARANJA MIMO,0191,Frutas cítricas,010110,
6601212,LARANJA DA ILHA,0191,Frutas cítricas,010110,
6601213,LARANJA MEL ROSA,0191,Frutas cítricas,010110,
6601214,LARANJA MIMO DO CEU,0191,Frutas cítricas,010110,
6601301,LARANJA SELETA,0191,Frutas cítricas,010110,
6601303,LARANJA PAULISTA,0191,Frutas cítricas,010110,
6601304,LARANJA CAMPISTA,0191,Frutas cítricas,010110,
6601308,LARANJA ROSA,0191,Frutas cítricas,010110,
6601310,LARANJA FLOR,0191,Frutas cítricas,010110,
6601313,LARANJA MACA,0191,Frutas cítricas,010110,
6601401,LARANJA PERA,0191,Frutas cítricas,010110,
6601402,LARANJA DE NATAL,0191,Frutas cítricas,010110,
6601403,LARANJA NATAL,0191,Frutas cítricas,010110,
6601405,LARANJA ABRIL,0191,Frutas cítricas,010110,
6601410,LARANJA ACIDA,0191,Frutas cítricas,010110,
6601411,LARANJA CASCA FINA,0191,Frutas cítricas,010110,
6601412,LARANJA CITRICA,0191,Frutas cítricas,010110,
6601413,LARANJA PERA DO RIO,0191,Frutas cítricas,010110,
6601415,LARANJA CARIOCA,0191,Frutas cítricas,010110,
6601416,LARANJA COMUM,0191,Frutas cítricas,010110,
6601501,LARANJA BAHIA,0191,Frutas cítricas,010110,
6601502,LARANJA DE UMBIGO,0191,Frutas cítricas,010110,
6601504,LARANJA BAIANINHA,0191,Frutas cítricas,010110,
6601506,LARANJA CATARINA,0191,Frutas cítricas,010110,
6601507,LARANJA BANANA,0191,Frutas cítricas,010110,
6601508,LARANJA VALENCIA,0191,Frutas cítricas,010110,
6601701,LARANJA DA TERRA,0191,Frutas cítricas,010110,
6601703,LARANJA AZEDA,0191,Frutas cítricas,010110,
6601707,LARANJA DE DOCE,0191,Frutas cítricas,010110,
6601801,LARANJA (NAO ESPECIFICADA),0191,Frutas cítricas,010110,
6601901,LIMA,0191,Frutas cítricas,010110,
6601902,LIMA DA PERSIA,0191,Frutas cítricas,010110,
6601904,LIMA COMUM,0191,Frutas cítricas,010110,
6602001,LIMAO COMUM,0191,Frutas cítricas,010110,
6602002,LIMAO AMARGO,0191,Frutas cítricas,010110,
6602003,LIMAO AZEDO,0191,Frutas cítricas,010110,
6602005,LIMAO SILVESTRE,0191,Frutas cítricas,010110,
6602006,LIMAO CHINA,0191,Frutas cítricas,010110,
6602007,LIMAO ROSA,0191,Frutas cítricas,010110,
6602008,LIMAO PAULISTA,0191,Frutas cítricas,010110,
6602009,LIMAO MIRIM,0191,Frutas cítricas,010110,
6602010,LIMAO TAITI,0191,Frutas cítricas,010110,
6602011,LIMAO CRAVO,0191,Frutas cítricas,010110,
6602012,LIMAO BRANCO,0191,Frutas cítricas,010110,
6602013,LIMAO HAWAI,0191,Frutas cítricas,010110,
6602014,LIMAO CAPETA,0191,Frutas cítricas,010110,
6602101,LIMAO GALEGO,0191,Frutas cítricas,010110,
6602102,LIMAO VERDADEIRO,0191,Frutas cítricas,010110,
6602104,LIMAO BERGAMOTA,0191,Frutas cítricas,010110,
6602108,LIMAO VINAGRE,0191,Frutas cítricas,010110,
6602201,TANGERINA,0191,Frutas cítricas,010110,
6602202,MEXERICA,0191,Frutas cítricas,010110,
6602203,MIXIRICA,0191,Frutas cítricas,010110,
6602204,MEXERICA RIO,0191,Frutas cítricas,010110,
6602206,MEXIRICA MURKOT,0191,Frutas cítricas,010110,
6602208,MEXIRICA POKAN,0191,Frutas cítricas,010110,
6602209,MIXIRICA POKAN,0191,Frutas cítricas,010110,
6602210,MEXIRICA CRAVO,0191,Frutas cítricas,010110,
6602211,MIXIRICA CRAVO,0191,Frutas cítricas,010110,
6602212,TANGERINA POKAN,0191,Frutas cítricas,010110,
6602213,TANGERINA CRAVO,0191,Frutas cítricas,010110,
6602214,MEXIRICA PERA,0191,Frutas cítricas,010110,
6602216,POKAN,0191,Frutas cítricas,010110,
6602217,BERGAMOTA,0191,Frutas cítricas,010110,
6602218,MIMOSA,0191,Frutas cítricas,010110,
6602219,TANGERINA MONGORT,0191,Frutas cítricas,010110,
6602220,LARANJA MONGORT,0191,Frutas cítricas,010110,
6602221,LARANJA CRAVO,0191,Frutas cítricas,010110,
6602222,LARANJA MORGOT,0191,Frutas cítricas,010110,
6602223,TANJA,0191,Frutas cítricas,010110,
6602224,MEXIRICA CARIOCA,0191,Frutas cítricas,010110,
6602225,MEXIRICA KAPUTIA,0191,Frutas cítricas,010110,
6602226,MEXIRICA MARICOTA,0191,Frutas cítricas,010110,
6602301,CIDRA,0191,Frutas cítricas,010110,
6602305,GRAPE FRUIT,0191,Outros produtos e serviços da lavoura,010106,
6602501,CANA DE ACUCAR,0191,Cana-de-açúcar,010104,
6602601,ABACAXI,0191,Outros produtos e serviços da lavoura,010106,
6602603,ABACAXI CAIANO,0191,Outros produtos e serviços da lavoura,010106,
6602604,ABACAXI PEROLA,0191,Outros produtos e serviços da lavoura,010106,
6602701,ABACATE,0191,Outros produtos e serviços da lavoura,010106,
6602801,CAQUI,0191,Outros produtos e serviços da lavoura,010106,
6602802,CAQUI CHOCOLATE,0191,Outros produtos e serviços da lavoura,010106,
6602803,CAQUI CAFE,0191,Outros produtos e serviços da lavoura,010106,
6602804,CAQUI DURO,0191,Outros produtos e serviços da lavoura,010106,
6602805,CAQUI FUJI,0191,Outros produtos e serviços da lavoura,010106,
6602901,FIGO,0191,Outros produtos e serviços da lavoura,010106,
6603001,MACA,0191,Outros produtos e serviços da lavoura,010106,
6603002,MACA ACIDA,0191,Outros produtos e serviços da lavoura,010106,
6603003,MACA DOCE,0191,Outros produtos e serviços da lavoura,010106,
6603004,MACA BRANCA,0191,Outros produtos e serviços da lavoura,010106,
6603005,MACA VERDE,0191,Outros produtos e serviços da lavoura,010106,
6603006,MACA VERMELHA,0191,Outros produtos e serviços da lavoura,010106,
6603007,MACA ARGENTINA,0191,Outros produtos e serviços da lavoura,010106,
6603008,MACA NACIONAL,0191,Outros produtos e serviços da lavoura,010106,
6603009,MACA FUGI,0191,Outros produtos e serviços da lavoura,010106,
6603010,MACA GALA,0191,Outros produtos e serviços da lavoura,010106,
6603011,MACA IMPORTADA,0191,Outros produtos e serviços da lavoura,010106,
6603101,MAMAO,0191,Outros produtos e serviços da lavoura,010106,
6603102,MAMAO DA INDIA,0191,Outros produtos e serviços da lavoura,010106,
6603103,MAMAO MACHO,0191,Outros produtos e serviços da lavoura,010106,
6603104,MAMAO VERDE,0191,Outros produtos e serviços da lavoura,010106,
6603105,MAMAO HAVAI,0191,Outros produtos e serviços da lavoura,010106,
6603106,MAMAO DO AMAZONAS,0191,Outros produtos e serviços da lavoura,010106,
6603107,MAMAO PAPAIA,0191,Outros produtos e serviços da lavoura,010106,
6603109,MAMAO VERMELHO,0191,Outros produtos e serviços da lavoura,010106,
6603110,MAMAO BAIANO,0191,Outros produtos e serviços da lavoura,010106,
6603111,MAMAO FORMOSA,0191,Outros produtos e serviços da lavoura,010106,
6603112,MAMAO JAPONES,0191,Outros produtos e serviços da lavoura,010106,
6603113,MAMAO PAULISTA,0191,Outros produtos e serviços da lavoura,010106,
6603201,MANGA,0191,Outros produtos e serviços da lavoura,010106,
6603202,MANGA COQUINHO,0191,Outros produtos e serviços da lavoura,010106,
6603203,MANGA ESPADINHA,0191,Outros produtos e serviços da lavoura,010106,
6603204,MANGA UBA,0191,Outros produtos e serviços da lavoura,010106,
6603205,MANGA CORACAO DE BOI,0191,Outros produtos e serviços da lavoura,010106,
6603206,MANGA ITAMARACA,0191,Outros produtos e serviços da lavoura,010106,
6603208,MANGA ROSA,0191,Outros produtos e serviços da lavoura,010106,
6603209,MANGA COITE,0191,Outros produtos e serviços da lavoura,010106,
6603210,MANGA CARLOTINHA,0191,Outros produtos e serviços da lavoura,010106,
6603211,MANGA ESPADA,0191,Outros produtos e serviços da lavoura,010106,
6603213,MANGA SAPATINHA,0191,Outros produtos e serviços da lavoura,010106,
6603214,MANGA JASMIM,0191,Outros produtos e serviços da lavoura,010106,
6603215,MANGUITO,0191,Outros produtos e serviços da lavoura,010106,
6603220,MANGA OURO,0191,Outros produtos e serviços da lavoura,010106,
6603221,MANGA TOMMY,0191,Outros produtos e serviços da lavoura,010106,
6603224,MANGA HADEN,0191,Outros produtos e serviços da lavoura,010106,
6603225,MANGA PALMER,0191,Outros produtos e serviços da lavoura,010106,
6603301,MARACUJA,0191,Outros produtos e serviços da lavoura,010106,
6603308,MARACUJA COMUM,0191,Outros produtos e serviços da lavoura,010106,
6603309,MARACUJA DOCE,0191,Outros produtos e serviços da lavoura,010106,
6603311,MARACUJA SUSPIRO,0191,Outros produtos e serviços da lavoura,010106,
6603312,MARACUJA PEROBA,0191,Outros produtos e serviços da lavoura,010106,
6603315,MARACUJA AMARELO,0191,Outros produtos e serviços da lavoura,010106,
6603327,MARACUJA AZEDO,0191,Outros produtos e serviços da lavoura,010106,
6603328,MARACUJINA (FRUTO),0191,Outros produtos e serviços da lavoura,010106,
6603329,MARACUJA (POLPA),0191,Outros produtos e serviços da lavoura,010106,
6603401,MELANCIA,0191,Outros produtos e serviços da lavoura,010106,
6603501,MELAO,0191,Outros produtos e serviços da lavoura,010106,
6603502,MELAO AMARELO,0191,Outros produtos e serviços da lavoura,010106,
6603503,MELAO ESPANHOL,0191,Outros produtos e serviços da lavoura,010106,
6603504,MELAO GAUCHO,0191,Outros produtos e serviços da lavoura,010106,
6603505,MELAO JAPONES,0191,Outros produtos e serviços da lavoura,010106,
6603506,MELAO CAIPIRA,0191,Outros produtos e serviços da lavoura,010106,
6603507,MELAO COLONIAL,0191,Outros produtos e serviços da lavoura,010106,
6603508,MELAO ORANGE,0191,Outros produtos e serviços da lavoura,010106,
6603509,MELAO PINGO DE MEL,0191,Outros produtos e serviços da lavoura,010106,
6603510,MELAO VALENCIANO,0191,Outros produtos e serviços da lavoura,010106,
6603601,PERA,0191,Outros produtos e serviços da lavoura,010106,
6603602,PERA DE AGUA,0191,Outros produtos e serviços da lavoura,010106,
6603701,PESSEGO,0191,Outros produtos e serviços da lavoura,010106,
6603801,FRUTA DE CONDE,0191,Outros produtos e serviços da lavoura,010106,
6603802,PINHA (FRUTA DE CONDE),0191,Outros produtos e serviços da lavoura,010106,
6603803,ATA,0191,Outros produtos e serviços da lavoura,010106,
6603901,UVA,0191,Outros produtos e serviços da lavoura,010106,
6603902,UVA NIAGARA,0191,Outros produtos e serviços da lavoura,010106,
6603903,UVA MOSCATEL,0191,Outros produtos e serviços da lavoura,010106,
6603904,UVA PRETA,0191,Outros produtos e serviços da lavoura,010106,
6603905,UVA ROSA,0191,Outros produtos e serviços da lavoura,010106,
6603906,UVA NACIONAL,0191,Outros produtos e serviços da lavoura,010106,
6603907,UVA VERDE,0191,Outros produtos e serviços da lavoura,010106,
6603908,UVA ITALIA,0191,Outros produtos e serviços da lavoura,010106,
6603909,UVA ROXA,0191,Outros produtos e serviços da lavoura,010106,
6603910,UVA RUBI,0191,Outros produtos e serviços da lavoura,010106,
6603911,UVA BRANCA,0191,Outros produtos e serviços da lavoura,010106,
6603912,UVA PASSA,0191,Outros produtos e serviços da lavoura,010106,
6603913,UVA BENITAKA,0191,Outros produtos e serviços da lavoura,010106,
6603914,UVA RED GLOBE,0191,Outros produtos e serviços da lavoura,010106,
6603915,UVA THOMPSON,0191,Outros produtos e serviços da lavoura,010106,
6604001,JENIPAPO,0280,Produtos da exploração florestal e da silvicultura,010112,
6604101,JACA,0191,Outros produtos e serviços da lavoura,010106,
6604102,JACA DURA,0191,Outros produtos e serviços da lavoura,010106,
6604103,JACA DA BAHIA,0191,Outros produtos e serviços da lavoura,010106,
6604104,JACA MOLE,0191,Outros produtos e serviços da lavoura,010106,
6604201,GOIABA,0191,Outros produtos e serviços da lavoura,010106,
6604203,ARACA ACU (GOIABA),0191,Outros produtos e serviços da lavoura,010106,
6604301,AMEIXA,0191,Outros produtos e serviços da lavoura,010106,
6604302,AMEIXA VERMELHA,0191,Outros produtos e serviços da lavoura,010106,
6604303,AMEIXA PRETA,0191,Outros produtos e serviços da lavoura,010106,
6604304,AMEIXA SECA,0191,Outros produtos e serviços da lavoura,010106,
6604305,AMEIXA FRESCA,0191,Outros produtos e serviços da lavoura,010106,
6604306,AMEIXA IMPORTADA,0191,Outros produtos e serviços da lavoura,010106,
6604401,CAJU,0191,Outros produtos e serviços da lavoura,010106,
6604501,CEREJA,0191,Outros produtos e serviços da lavoura,010106,
6604601,CAJA MANGA,0191,Outros produtos e serviços da lavoura,010106,
6604602,CAJARANA,0191,Outros produtos e serviços da lavoura,010106,
6604603,CAJA ACU,0191,Outros produtos e serviços da lavoura,010106,
6604604,CAJA UMBU,0191,Outros produtos e serviços da lavoura,010106,
6604605,CAJA,0191,Outros produtos e serviços da lavoura,010106,
6604701,TAPEREBA,0191,Outros produtos e serviços da lavoura,010106,
6604702,ACAJA (TAPEREBA),0191,Outros produtos e serviços da lavoura,010106,
6604703,CAJA PEQUENO,0191,Outros produtos e serviços da lavoura,010106,
6604704,CAJA MIRIM,0191,Outros produtos e serviços da lavoura,010106,
6604801,CARAMBOLA,0191,Outros produtos e serviços da lavoura,010106,
6604901,JABOTICABA,0191,Outros produtos e serviços da lavoura,010106,
6604908,JABUTICABA,0191,Outros produtos e serviços da lavoura,010106,
6605001,GRAVIOLA,0191,Outros produtos e serviços da lavoura,010106,
6605201,MORANGO,0191,Outros produtos e serviços da lavoura,010106,
6605202,MORANGUINHO,0191,Outros produtos e serviços da lavoura,010106,
6605301,JAMBO,0191,Outros produtos e serviços da lavoura,010106,
6605501,GROSELHA (FRUTA),0191,Outros produtos e serviços da lavoura,010106,
6605505,GROSELHA VERMELHA (FRUTA),0191,Outros produtos e serviços da lavoura,010106,
6605601,MANGABA,0280,Produtos da exploração florestal e da silvicultura,010112,
6605701,ARACA,0191,Outros produtos e serviços da lavoura,010106,
6605702,GOIABA ARACA (ARACA),0191,Outros produtos e serviços da lavoura,010106,
6605801,NESPERA,0191,Outros produtos e serviços da lavoura,010106,
6605802,AMEIXA DO CANADA (NESPERA),0191,Outros produtos e serviços da lavoura,010106,
6605804,AMEIXA AMARELA (NESPERA),0191,Outros produtos e serviços da lavoura,010106,
6605806,NESPERA DO JAPAO,0191,Outros produtos e serviços da lavoura,010106,
6605901,FRUTA PAO,0280,Produtos da exploração florestal e da silvicultura,010112,
6606001,SAPOTI,0191,Outros produtos e serviços da lavoura,010106,
6606101,UXI,0191,Outros produtos e serviços da lavoura,010106,
6606201,TAMARINDO,0191,Outros produtos e serviços da lavoura,010106,
6606202,TAMARINO,0191,Outros produtos e serviços da lavoura,010106,
6606401,PITOMBA,0280,Produtos da exploração florestal e da silvicultura,010112,
6606501,BACURI,0280,Produtos da exploração florestal e da silvicultura,010112,
6606701,PEQUI,0280,Produtos da exploração florestal e da silvicultura,010112,
6606702,PIQUI,0280,Produtos da exploração florestal e da silvicultura,010112,
6606801,PITANGA,0191,Outros produtos e serviços da lavoura,010106,
6606901,CIRIGUELA,0191,Outros produtos e serviços da lavoura,010106,
6607001,MURICI,0280,Produtos da exploração florestal e da silvicultura,010112,
6607101,UMBU,0280,Produtos da exploração florestal e da silvicultura,010112,
6607103,IMBU,0280,Produtos da exploração florestal e da silvicultura,010112,
6607202,BIRIBA,0191,Outros produtos e serviços da lavoura,010106,
6607301,CUPUACU,0280,Produtos da exploração florestal e da silvicultura,010112,
6607401,NECTARINA,0191,Outros produtos e serviços da lavoura,010106,
6607601,ROMA,0191,Outros produtos e serviços da lavoura,010106,
6608601,ACEROLA,0191,Outros produtos e serviços da lavoura,010106,
6608701,KIWI,0191,Outros produtos e serviços da lavoura,010106,
6608901,ABIL( FRUTA),0191,Outros produtos e serviços da lavoura,010106,
6608902,FRUTA (NAO ESPECIFICADA),0191,Outros produtos e serviços da lavoura,010106,
6609001,ABRICO,0280,Produtos da exploração florestal e da silvicultura,010112,
6609101,ATEMOIA (FRUTA),0191,Outros produtos e serviços da lavoura,010106,
6609201,MACADAMIA,0191,Outros produtos e serviços da lavoura,010106,
6609301,TUCUMA,0280,Produtos da exploração florestal e da silvicultura,010112,
6609401,JURUBEBA,0191,Outros produtos e serviços da lavoura,010106,
6700101,ACUCAR REFINADO,1092,Produtos das usinas e do refino de açúcar,030115,
6700102,ACUCAR TRIFILTRADO,1092,Produtos das usinas e do refino de açúcar,030115,
6700114,CONFETE,1093,Outros produtos alimentares,030118,
6700201,ACUCAR CRISTAL,1092,Produtos das usinas e do refino de açúcar,030115,
6700202,ACUCAR GRANULADO,1092,Produtos das usinas e do refino de açúcar,030115,
6700203,ACUCAR CRISTALIZADO,1092,Produtos das usinas e do refino de açúcar,030115,
6700301,ACUCAR DEMERARA,1092,Produtos das usinas e do refino de açúcar,030115,
6700303,ACUCAR AMARELO PRETO,1092,Produtos das usinas e do refino de açúcar,030115,
6700304,ACUCAR MASCAVO,1092,Produtos das usinas e do refino de açúcar,030115,
6700305,ACUCAR PRETO,1092,Produtos das usinas e do refino de açúcar,030115,
6700306,ACUCAR MASCAVADO,1092,Produtos das usinas e do refino de açúcar,030115,
6700401,RAPADURA,1092,Produtos das usinas e do refino de açúcar,030115,
6700403,BATIDA (RAPADURA),1092,Produtos das usinas e do refino de açúcar,030115,
6700404,RAPADURA COM COCO,1092,Produtos das usinas e do refino de açúcar,030115,
6700405,RAPADURA COM LEITE,1092,Produtos das usinas e do refino de açúcar,030115,
6700406,RAPADURA COM AMENDOIM,1092,Produtos das usinas e do refino de açúcar,030115,
6700407,RAPADURA COM CASTANHA,1092,Produtos das usinas e do refino de açúcar,030115,
6700408,RAPADURA COM CAJU,1092,Produtos das usinas e do refino de açúcar,030115,
6700501,SORVETE DE QUALQUER SABOR (INDUSTRIALIZADO),1093,Produtos do laticínio e sorvetes,030110,
6700502,PICOLE DE QUALQUER SABOR (INDUSTRIALIZADO),1093,Produtos do laticínio e sorvetes,030110,
6700503,MASSA DE SORVETE,1093,Produtos do laticínio e sorvetes,030110,
6700601,CHICLETE,1093,Outros produtos alimentares,030118,
6700602,MENTEX,1093,Outros produtos alimentares,030118,
6700603,BALA,1093,Outros produtos alimentares,030118,
6700604,CARAMELO (BALA),1093,Outros produtos alimentares,030118,
6700605,DROPS,1093,Outros produtos alimentares,030118,
6700606,PASTILHA,1093,Outros produtos alimentares,030118,
6700607,PIRULITO,1093,Outros produtos alimentares,030118,
6700608,CHICLE,1093,Outros produtos alimentares,030118,
6700609,GOMA DE MASCAR,1093,Outros produtos alimentares,030118,
6700610,JUJUBA,1093,Outros produtos alimentares,030118,
6700611,BALAS,1093,Outros produtos alimentares,030118,
6700612,BALAS SORTIDAS,1093,Outros produtos alimentares,030118,
6700613,BALINHA,1093,Outros produtos alimentares,030118,
6700701,TABLETE DE CHOCOLATE,1093,Outros produtos alimentares,030118,
6700702,BARRA DE CHOCOLATE,1093,Outros produtos alimentares,030118,
6700703,CHOCOLATE EM TABLETE,1093,Outros produtos alimentares,030118,
6700704,CHOCOLATE EM BARRA,1093,Outros produtos alimentares,030118,
6700705,CHOCOLATE BISS (TABLETE),1093,Outros produtos alimentares,030118,
6700706,CONFEITO DE CHOCOLATE,1093,Outros produtos alimentares,030118,
6700801,CHOCOLATE EM PO DE QUALQUER MARCA,1093,Outros produtos alimentares,030118,
6700802,CHOCOLATE EM PO QUICK,1093,Outros produtos alimentares,030118,
6700803,CHOCOLATE NESCAU,1093,Outros produtos alimentares,030118,
6700804,CHOCOLATE EM PO MUQUI,1093,Outros produtos alimentares,030118,
6700805,CHOCOLATE TODDY,1093,Outros produtos alimentares,030118,
6700806,CHOCOLATE EM PO TODDY,1093,Outros produtos alimentares,030118,
6700807,CHOCOLATE EM PO NESCAU,1093,Outros produtos alimentares,030118,
6700808,TODDY INSTANTANEO,1093,Outros produtos alimentares,030118,
6700809,QUICK,1093,Outros produtos alimentares,030118,
6700810,TODDY VITAMINADO,1093,Outros produtos alimentares,030118,
6700811,TODDY,1093,Outros produtos alimentares,030118,
6700812,NESCAU,1093,Outros produtos alimentares,030118,
6700813,NESCAU VITAMINADO,1093,Outros produtos alimentares,030118,
6700815,NESCAU INSTANTANEO,1093,Outros produtos alimentares,030118,
6700817,QUICK SHAKE,1093,Outros produtos alimentares,030118,
6700818,OVOMALTINE,1093,Outros produtos alimentares,030118,
6700819,PO ACHOCOLATADO,1093,Outros produtos alimentares,030118,
6700820,PO PARA MILK SHAKE,1093,Outros produtos alimentares,030118,
6700821,ACHOCOLATADO EM PO,1093,Outros produtos alimentares,030118,
6700822,TODDYNHO,1093,Produtos do laticínio e sorvetes,030110,
6700901,BOMBOM DE QUALQUER MARCA,1093,Outros produtos alimentares,030118,
6700902,BOMBOM CARAMELIZADO DE QUALQUER MARCA,1093,Outros produtos alimentares,030118,
6700903,BOMBONS SORTIDOS DE QUALQUER MARCA,1093,Outros produtos alimentares,030118,
6700904,TRUFA,1093,Outros produtos alimentares,030118,
6701001,GELEIA DE FRUTAS DE QUALQUER MARCA OU SABOR,1093,"Conservas de frutas, legumes e outros vegetais",030105,
6701002,MOUSSE (GELEIA) DE QUALQUER MARCA,1093,"Conservas de frutas, legumes e outros vegetais",030105,
6701003,MOUSSE (GELEIA) DE QUALQUER SABOR,1093,"Conservas de frutas, legumes e outros vegetais",030105,
6701101,GELEIA DE MOCOTO,1093,Outros produtos alimentares,030118,
6701102,GELEIA DE MOCOTO VITAMINADA,1093,Outros produtos alimentares,030118,
6701201,DOCE DE FRUTAS EM PASTA DE QUALQUER SABOR,1093,"Conservas de frutas, legumes e outros vegetais",030105,
6701203,PASTA DE AMENDOIM,1093,"Conservas de frutas, legumes e outros vegetais",030105,
6701205,CREME DE AMENDOIM,1093,"Conservas de frutas, legumes e outros vegetais",030105,
6701206,MARMELADA,1093,"Conservas de frutas, legumes e outros vegetais",030105,
6701207,DOCE DE FRUTAS EM BARRA OU TIJOLO DE QUALQUER SABOR,1093,"Conservas de frutas, legumes e outros vegetais",030105,
6701208,CREME DE GOIABA,1093,"Conservas de frutas, legumes e outros vegetais",030105,
6701209,FIGADA,1093,"Conservas de frutas, legumes e outros vegetais",030105,
6701210,BANANADA (EM BARRA OU TIJOLO),1093,"Conservas de frutas, legumes e outros vegetais",030105,
6701211,GOIABADA,1093,"Conservas de frutas, legumes e outros vegetais",030105,
6701212,DOCE DE ABOBORA EM PASTA,1093,"Conservas de frutas, legumes e outros vegetais",030105,
6701213,DOCE DE MORANGO EM PASTA,1093,"Conservas de frutas, legumes e outros vegetais",030105,
6701216,DOCE DE BATATA MARROM GLACE,1093,"Conservas de frutas, legumes e outros vegetais",030105,
6701217,DOCE DE AMEIXA EM PASTA,1093,"Conservas de frutas, legumes e outros vegetais",030105,
6701221,CACAU EM PASTA,1093,"Conservas de frutas, legumes e outros vegetais",030105,
6701222,DOCE DE FRUTAS EM TABLETE DE QUALQUER SABOR,1093,"Conservas de frutas, legumes e outros vegetais",030105,
6701223,DOCE DE CAJU EM PASTA OU BARRA,1093,"Conservas de frutas, legumes e outros vegetais",030105,
6701224,MARIOLA,1093,"Conservas de frutas, legumes e outros vegetais",030105,
6701228,DOCE DE MAMAO EM PASTA,1093,"Conservas de frutas, legumes e outros vegetais",030105,
6701229,DOCE DE MINGAU DE MILHO VERDE EM PASTA,1093,"Conservas de frutas, legumes e outros vegetais",030105,
6701230,DOCE DE MILHO VERDE EM PASTA,1093,"Conservas de frutas, legumes e outros vegetais",030105,
6701231,DOCE DE BANANA,1093,"Conservas de frutas, legumes e outros vegetais",030105,
6701232,DOCE DE COCO,1093,"Conservas de frutas, legumes e outros vegetais",030105,
6701233,DOCE DE BURITI,1093,"Conservas de frutas, legumes e outros vegetais",030105,
6701234,DOCE DE CAJU,1093,"Conservas de frutas, legumes e outros vegetais",030105,
6701235,DOCE DE GOIABA,1093,"Conservas de frutas, legumes e outros vegetais",030105,
6701236,DOCE DE UVA,1093,"Conservas de frutas, legumes e outros vegetais",030105,
6701301,DOCE DE FRUTAS EM CALDA DE QUALQUER SABOR,1093,"Conservas de frutas, legumes e outros vegetais",030105,
6701302,FIGO EM CALDA,1093,"Conservas de frutas, legumes e outros vegetais",030105,
6701303,AMEIXA EM CALDA,1093,"Conservas de frutas, legumes e outros vegetais",030105,
6701304,PESSEGO EM CALDA,1093,"Conservas de frutas, legumes e outros vegetais",030105,
6701305,SALADA DE FRUTAS EM CALDA,1093,"Conservas de frutas, legumes e outros vegetais",030105,
6701306,ABACAXI EM CALDA,1093,"Conservas de frutas, legumes e outros vegetais",030105,
6701309,LARANJA EM CALDA,1093,"Conservas de frutas, legumes e outros vegetais",030105,
6701310,CEREJA EM CALDA,1093,"Conservas de frutas, legumes e outros vegetais",030105,
6701311,MORANGO EM CALDA,1093,"Conservas de frutas, legumes e outros vegetais",030105,
6701312,DOCE DIETETICO DE PESSEGO,1093,"Conservas de frutas, legumes e outros vegetais",030105,
6701401,DOCE DE FRUTAS CRISTALIZADO DE QUALQUER SABOR,1093,"Conservas de frutas, legumes e outros vegetais",030105,
6701402,DOCE DE ABACAXI CRISTALIZADO,1093,"Conservas de frutas, legumes e outros vegetais",030105,
6701403,DOCE DE LARANJA CRISTALIZADO,1093,"Conservas de frutas, legumes e outros vegetais",030105,
6701404,DOCE DE FIGO CRISTALIZADO,1093,"Conservas de frutas, legumes e outros vegetais",030105,
6701405,DOCE DE GOIABA CRISTALIZADO,1093,"Conservas de frutas, legumes e outros vegetais",030105,
6701406,DOCE DE CAJU CRISTALIZADO,1093,"Conservas de frutas, legumes e outros vegetais",030105,
6701407,DOCE DE BANANA CRISTALIZADO,1093,"Conservas de frutas, legumes e outros vegetais",030105,
6701501,MELADO,1092,Produtos das usinas e do refino de açúcar,030115,
6701502,MELADO DE CANA,1092,Produtos das usinas e do refino de açúcar,030115,
6701601,MEL DE ABELHA,0192,Bovinos e outros animais vivos,010201,
6701602,MEL,0192,Bovinos e outros animais vivos,010201,
6701603,MEL COM ALHO,0192,Bovinos e outros animais vivos,010201,
6701604,MEL COM PROPOLIS,0192,Bovinos e outros animais vivos,010201,
6701605,MEL COMPOSTO,0192,Bovinos e outros animais vivos,010201,
6701606,MEL DE ENGENHO,0192,Bovinos e outros animais vivos,010201,
6701607,MEL DE ROMA,0192,Bovinos e outros animais vivos,010201,
6701701,GELATINA,1093,Outros produtos alimentares,030118,
6701702,GELATINA DE DIETA,1093,Outros produtos alimentares,030118,
6701703,GELATINA EM PO,1093,Outros produtos alimentares,030118,
6701704,GELATINA DIETETICA,1093,Outros produtos alimentares,030118,
6701705,GELATINA EM FOLHA,1093,Outros produtos alimentares,030118,
6701801,ADOCANTES ARTIFICIAIS,1093,Outros produtos alimentares,030118,
6701804,DEXTROSOL,1093,Outros produtos alimentares,030118,
6701805,SUCARIL,1093,Outros produtos alimentares,030118,
6701806,SACARINA,1093,Outros produtos alimentares,030118,
6701807,ZERO CAL,1093,Outros produtos alimentares,030118,
6701901,GLICOSE DE MILHO,1093,"Óleos de milho, amidos e féculas vegetais e rações",030114,
6701902,GLUCOSE DE MILHO,1093,"Óleos de milho, amidos e féculas vegetais e rações",030114,
6701903,KARO,1093,"Óleos de milho, amidos e féculas vegetais e rações",030114,
6701904,GELEIA DIET,1093,"Óleos de milho, amidos e féculas vegetais e rações",030114,
6702002,GLACUCAR,1092,Produtos das usinas e do refino de açúcar,030115,
6702004,MERENGUE,1092,Produtos das usinas e do refino de açúcar,030115,
6702101,CORANTE DE CAFE,1093,Café solúvel,030117,
6702201,CONFEITOS DE BOLOS E DOCES,1093,Outros produtos alimentares,030118,
6702202,CORANTES DE BOLOS E DOCES,1093,Outros produtos alimentares,030118,
6702302,SCHIMIER DE COLONIA,1093,Outros produtos alimentares,030118,
6702401,FRUTA SECA OU DESIDRATADA (QUALQUER),1093,"Conservas de frutas, legumes e outros vegetais",030105,
6702402,PASSA,1093,"Conservas de frutas, legumes e outros vegetais",030105,
6702403,AMEIXA SECA OU DESIDRATADA,1093,"Conservas de frutas, legumes e outros vegetais",030105,
6702405,MACA SECA OU DESIDRATADA,1093,"Conservas de frutas, legumes e outros vegetais",030105,
6702406,DAMASCO SECO OU DESIDRATADO,1093,"Conservas de frutas, legumes e outros vegetais",030105,
6702407,BANANA SECA OU DESIDRATADA,1093,"Conservas de frutas, legumes e outros vegetais",030105,
6702409,FIGO SECO OU DESIDRATADO,1093,"Conservas de frutas, legumes e outros vegetais",030105,
6702501,SOBREMESAS INFANTIS DE QUALQUER MARCA E SABOR,1093,Outros produtos alimentares,030118,
6702502,DOCES INFANTIS EM POTE DE QUALQUER MARCA E SABOR,1093,Outros produtos alimentares,030118,
6702601,PUDIM DE QUALQUER SABOR,1093,Outros produtos alimentares,030118,
6702602,PUDIM DE COCO,1093,Outros produtos alimentares,030118,
6702604,PUDIM DE LEITE CONDENSADO,1093,Outros produtos alimentares,030118,
6702605,PUDIM DE FUBA,1093,Outros produtos alimentares,030118,
6702606,PUDIM DE LARANJA,1093,Outros produtos alimentares,030118,
6702607,DANETTE (PUDIM),1093,Outros produtos alimentares,030118,
6702701,MANJAR,1093,Outros produtos alimentares,030118,
6702801,"MISTURAS INDUSTRIAIS DE DOCES,SORVETES E PUDINS",1093,Outros produtos alimentares,030118,
6702802,FLAN (MISTURA INDUSTRIAL),1093,Outros produtos alimentares,030118,
6702803,"PO DE DOCES,SORVETES E PUDINS",1093,Outros produtos alimentares,030118,
6702804,PO DE FLAN,1093,Outros produtos alimentares,030118,
6702805,FLAMBY (PO DE PUDIM),1093,Outros produtos alimentares,030118,
6702806,PO DE MINGAU DE MILHO VERDE (DOCE),1093,Outros produtos alimentares,030118,
6702807,MASSA PARA MINGAU (NAO ESPECIFICADA),1093,Outros produtos alimentares,030118,
6702808,MASSA DOCE (NAO ESPECIFICADA),1093,Outros produtos alimentares,030118,
6702809,PO PARA MINGAU (NAO ESPECIFICADO),1093,Outros produtos alimentares,030118,
6702901,CUSCUZ,1093,Outros produtos alimentares,030118,
6702902,CUSCUZ DE TAPIOCA,1093,Outros produtos alimentares,030118,
6702905,CUSCUZ DE GOMA,1093,Outros produtos alimentares,030118,
6702906,CUSCUZ DE ARROZ,1093,Outros produtos alimentares,030118,
6702907,CUSCUZ DE FUBA,1093,Outros produtos alimentares,030118,
6702908,CUSCUZ DE MILHO,1093,Outros produtos alimentares,030118,
6702909,MASSA DE CUSCUZ,1093,Outros produtos alimentares,030118,
6703001,MARIA MOLE,1093,Outros produtos alimentares,030118,
6703101,COCADA,1093,Outros produtos alimentares,030118,
6703102,QUEBRA QUEIXO,1093,Outros produtos alimentares,030118,
6703201,DOCE DE AMENDOIM,1093,"Conservas de frutas, legumes e outros vegetais",030105,
6703202,PE DE MOLEQUE,1093,"Conservas de frutas, legumes e outros vegetais",030105,
6703203,PACOCA (TORRAO DE AMENDOIM),1093,"Conservas de frutas, legumes e outros vegetais",030105,
6703204,DOCES NAO ESPECIFICADO,1093,"Conservas de frutas, legumes e outros vegetais",030105,
6703205,PACOQUINHA DE AMENDOIM,1093,"Conservas de frutas, legumes e outros vegetais",030105,
6703301,AMENDOIM SALGADO,1093,Outros produtos alimentares,030118,
6703302,AMENDOIM CARAMELIZADO,1093,Outros produtos alimentares,030118,
6703303,AMENDOIM AMANTEIGADO,1093,Outros produtos alimentares,030118,
6703304,AMENDOIM TORRADO,1093,Outros produtos alimentares,030118,
6703305,AMENDOIM ACHOCOLATADO,1093,Outros produtos alimentares,030118,
6703306,AMENDOIM APIMENTADO,1093,Outros produtos alimentares,030118,
6703307,AMENDOIM COZIDO,1093,Outros produtos alimentares,030118,
6703401,DOCE DE ABOBORA,1093,"Conservas de frutas, legumes e outros vegetais",030105,
6703501,DOCE DE BATATA DOCE,1093,"Conservas de frutas, legumes e outros vegetais",030105,
6703601,BRIGADEIRO,1093,Outros produtos alimentares,030118,
6703701,BOMBA DE QUALQUER TIPO,1093,Outros produtos alimentares,030118,
6703801,MIL FOLHAS,1093,Outros produtos alimentares,030118,
6703901,QUEIJADINHA,1093,Outros produtos alimentares,030118,
6703902,QUEIJADA,1093,Outros produtos alimentares,030118,
6704001,DOCE DE QUEIJO,1093,Outros produtos alimentares,030118,
6704101,DOCE A BASE DE OVOS,1093,Outros produtos alimentares,030118,
6704105,QUINDIM,1093,Outros produtos alimentares,030118,
6704106,DOCE DE OVOS,1093,Outros produtos alimentares,030118,
6704109,PASTEIS DE SANTA CLARA,1093,Outros produtos alimentares,030118,
6704110,SUSPIRO,1093,Outros produtos alimentares,030118,
6704201,DOCE A BASE DE LEITE,1093,Outros produtos alimentares,030118,
6704202,PAVE,1093,Outros produtos alimentares,030118,
6704203,AMBROSIA,1093,Outros produtos alimentares,030118,
6704204,LEITE GELEIFICADO,1093,Produtos do laticínio e sorvetes,030110,
6704205,DANETE,1093,Produtos do laticínio e sorvetes,030110,
6704206,CHANDELE DE QUALQUER SABOR,1093,Produtos do laticínio e sorvetes,030110,
6704301,DOCE DE LEITE,1093,Outros produtos alimentares,030118,
6704401,CANUDINHO RECHEADO,1093,Outros produtos alimentares,030118,
6704402,CANUDINHO PARA RECHEAR,1093,Outros produtos alimentares,030118,
6704502,BEIJU,1093,Farinha de mandioca e outros,030113,
6704503,TAPIOCA (BEIJU),1093,Farinha de mandioca e outros,030113,
6704504,MASSA DE BEIJU,1093,Farinha de mandioca e outros,030113,
6704601,SCHIMIER DE FRUTAS QUALQUER (EXCETO DE CANA),1093,"Conservas de frutas, legumes e outros vegetais",030105,
6704701,BEIJO DE MOCA,1093,Outros produtos alimentares,030118,
6704801,PICOLE ENSACADO,1093,Produtos do laticínio e sorvetes,030110,
6704802,DINDIM (PICOLE ENSACADO),1093,Produtos do laticínio e sorvetes,030110,
6704803,SACOLE (PICOLE ENSACADO),1093,Produtos do laticínio e sorvetes,030110,
6704804,CHUP-CHUP (SACOLE ENSACADO),1093,Produtos do laticínio e sorvetes,030110,
6704805,PICOLE CASEIRO,1093,Produtos do laticínio e sorvetes,030110,
6704806,SORVETE CASEIRO,1093,Produtos do laticínio e sorvetes,030110,
6704807,GELADINHO,1093,Produtos do laticínio e sorvetes,030110,
6704901,DOCE CONFEITADO DE QUALQUER TIPO,1093,Outros produtos alimentares,030118,
6705001,CHURROS,1093,Outros produtos alimentares,030118,
6705101,PAMONHA,1093,"Óleos de milho, amidos e féculas vegetais e rações",030114,
6705201,CHOCOLATE GRANULADO,1093,Outros produtos alimentares,030118,
6705301,ADOCANTE NATURAL CONCENTRADO,1093,Outros produtos alimentares,030118,
6705302,ADOCANTE CONCENTRADO NATURAL,1093,Outros produtos alimentares,030118,
6705401,ALGODAO-DOCE,1093,Outros produtos alimentares,030118,
6705501,"COBERTURA DE QUALQUER SABOR (DE SORVETE,ETC.)",1093,Produtos do laticínio e sorvetes,030110,
6705601,CHOCOLATE EM CREME,1093,Outros produtos alimentares,030118,
6705602,NUCITA (CHOCOLATE EM CREME),1093,Outros produtos alimentares,030118,
6705603,IOIO CREME (CHOCOLATE EM CREME),1093,Outros produtos alimentares,030118,
6705701,GUARANA EM PO (NATURAL),1093,Outros produtos alimentares,030118,
6705801,OVO DE PASCOA,1093,Outros produtos alimentares,030118,
6705802,COELHINHO DA PASCOA (CHOCOLATE),1093,Outros produtos alimentares,030118,
6705803,CHOCOLATE (COELHINHO DA PASCOA),1093,Outros produtos alimentares,030118,
6705804,KINDER OVO (CHOCOLATE),1093,Outros produtos alimentares,030118,
6705805,COLOMBA DE PASCOA,1093,Outros produtos alimentares,030118,
6705901,TORRONE,1093,Outros produtos alimentares,030118,
6705902,DOCE TORRONE,1093,Outros produtos alimentares,030118,
6706001,ARROZ-DOCE,1093,Outros produtos alimentares,030118,
6706101,PROPOLIS,1093,Outros produtos alimentares,030118,
6706301,DOCE SIRIO,1093,Outros produtos alimentares,030118,
6706401,POLPA DE FRUTA (CONGELADA),1093,"Conservas de frutas, legumes e outros vegetais",030105,
6706501,DIET SHAKE,1093,Outros produtos alimentares,030118,
6706601,ACUCAR (INDETERMINADO),1092,Produtos das usinas e do refino de açúcar,030115,
6706602,ACUCAR,1092,Produtos das usinas e do refino de açúcar,030115,
6706603,ACUCAR COMUM,1092,Produtos das usinas e do refino de açúcar,030115,
6706701,ACUCAR DE BAUNILHA,1092,Produtos das usinas e do refino de açúcar,030115,
6706801,ACUCAR TRITURADO,1092,Produtos das usinas e do refino de açúcar,030115,
6706802,ACUCAR MOIDO,1092,Produtos das usinas e do refino de açúcar,030115,
6706901,ADOCANTE (INDETERMINADO),1093,Outros produtos alimentares,030118,
6706902,ADOCANTE,1093,Outros produtos alimentares,030118,
6706903,ADOCANTE ARTIFICIAL,1093,Outros produtos alimentares,030118,
6706904,ADOCANTE LIQUIDO,1093,Outros produtos alimentares,030118,
6706905,ADOCANTE EM PO,1093,Outros produtos alimentares,030118,
6707001,ACUCAR LIGHT,1093,Outros produtos alimentares,030118,
6707101,ADOCANTE DIETETICO,1093,Outros produtos alimentares,030118,
6707201,BARRA DE CEREAIS,1093,Outros produtos alimentares,030118,
6707301,CONFEITO DE AMENDOIM,1093,Outros produtos alimentares,030118,
6707401,CONFEITO NAO ESPECIFICADO,1093,Outros produtos alimentares,030118,
6707501,CONFEITO DE MENTA,1093,Outros produtos alimentares,030118,
6707601,SOBREMESA DE QUALQUER TIPO (EXCETO INFANTIL),1093,Outros produtos alimentares,030118,
6707701,RABANADA,1093,Outros produtos alimentares,030118,
6707801,MILK SHAKE DE MORANGO,1093,Outros produtos alimentares,030118,
6707901,FRUTOSE,1093,Outros produtos alimentares,030118,
6800101,SAL REFINADO,0580,Minerais não-metálicos,020303,
6800102,SAL IODADO,0580,Minerais não-metálicos,020303,
6800201,SAL GROSSO,0580,Minerais não-metálicos,020303,
6800203,SAL MOIDO,0580,Minerais não-metálicos,020303,
6800301,SAL AMONIACO,0580,Minerais não-metálicos,020303,
6800401,"TEMPERO MISTO INDUSTRIALIZADO (ALHO+SAL,ETC.)",1093,Outros produtos alimentares,030118,
6800402,"CONDIMENTO MISTO INDUSTRIALIZADO (ALHO+SAL,ETC.)",1093,Outros produtos alimentares,030118,
6800403,SALHO,1093,Outros produtos alimentares,030118,
6800404,ALHOSAL,1093,Outros produtos alimentares,030118,
6800405,ARISCO,1093,Outros produtos alimentares,030118,
6800406,TEMPERO ARISCO,1093,Outros produtos alimentares,030118,
6800407,ALHO EM PASTA,1093,Outros produtos alimentares,030118,
6800408,MINHOTO ALHO E SAL,1093,Outros produtos alimentares,030118,
6800409,PURE DE ALHO,1093,Outros produtos alimentares,030118,
6800410,CREME DE ALHO,1093,Outros produtos alimentares,030118,
6800501,BICARBONATO DE SODIO,2091,Produtos químicos inorgânicos,031101,
6800502,BICARBONATO,2091,Produtos químicos inorgânicos,031101,
6800601,FERMENTO EM PO,1093,Outros produtos alimentares,030118,
6800602,FERMENTO,1093,Outros produtos alimentares,030118,
6800603,FERMENTO BIOLOGICO,1093,Outros produtos alimentares,030118,
6800701,GLUTAMATO MONOSSODICO,1093,Outros produtos alimentares,030118,
6800702,AJINOMOTO,1093,Outros produtos alimentares,030118,
6800901,BAUNILHA EM PO,1093,Outros produtos alimentares,030118,
6800902,ESSENCIA DE BAUNILHA,1093,Outros produtos alimentares,030118,
6801001,CANELA EM PO,1093,Outros produtos alimentares,030118,
6801002,CANELA EM PAU,1093,Outros produtos alimentares,030118,
6801003,CANELA EM FOLHA,1093,Outros produtos alimentares,030118,
6801101,CRAVO (CONDIMENTO),1093,Outros produtos alimentares,030118,
6801201,COLORAU,1093,Outros produtos alimentares,030118,
6801202,COLORIFICO,1093,Outros produtos alimentares,030118,
6801203,URUCU (CONDIMENTO),1093,Outros produtos alimentares,030118,
6801301,PAPRIKA,1093,Outros produtos alimentares,030118,
6801401,NOZ MOSCADA (CONDIMENTO),1093,Outros produtos alimentares,030118,
6801501,MOSTARDA (CONDIMENTO),1093,Outros produtos alimentares,030118,
6801601,LOURO,1093,Outros produtos alimentares,030118,
6801602,LOURO EM PO,1093,Outros produtos alimentares,030118,
6801603,LOURO EM FOLHA,1093,Outros produtos alimentares,030118,
6801604,FOLHA DE LOURO,1093,Outros produtos alimentares,030118,
6801701,ACAFRAO EM PO,1093,Outros produtos alimentares,030118,
6801801,COMINHO,1093,Outros produtos alimentares,030118,
6801802,COMINHO EM GRAO,1093,Outros produtos alimentares,030118,
6801803,CUMINHO,1093,Outros produtos alimentares,030118,
6802001,GENGIBRE,1093,Outros produtos alimentares,030118,
6802101,ALFAVACA,0191,Outros produtos e serviços da lavoura,010106,
6802103,MANGERICAO DE MOLHO,0191,Outros produtos e serviços da lavoura,010106,
6802105,MANGERICAO,0191,Outros produtos e serviços da lavoura,010106,
6802201,OREGANO,1093,Outros produtos alimentares,030118,
6802301,HORTELA,0191,Outros produtos e serviços da lavoura,010106,
6802304,HORTELA COMUM,0191,Outros produtos e serviços da lavoura,010106,
6802401,ALCAPARRA,1093,"Conservas de frutas, legumes e outros vegetais",030105,
6802501,MANJERONA,1093,Outros produtos alimentares,030118,
6802504,MANJERONA DESIDRATADA,1093,Outros produtos alimentares,030118,
6802601,COENTRO (CONDIMENTO),0191,Outros produtos e serviços da lavoura,010106,
6802602,COENTRO EM PO,0191,Outros produtos e serviços da lavoura,010106,
6802603,SEMENTE DE COENTRO,0191,Outros produtos e serviços da lavoura,010106,
6802604,COENTRO EM GRAO,0191,Outros produtos e serviços da lavoura,010106,
6802701,ALHO EM PO,1093,Outros produtos alimentares,030118,
6802801,CEBOLA EM PO,1093,Outros produtos alimentares,030118,
6802901,CHEIRO VERDE EM PO,1093,Outros produtos alimentares,030118,
6803101,PIMENTA DO REINO,0191,Outros produtos e serviços da lavoura,010106,
6803102,PIMENTA DO REINO EM PO,0191,Outros produtos e serviços da lavoura,010106,
6803103,PIMENTA DO REINO EM GRAO,0191,Outros produtos e serviços da lavoura,010106,
6803104,PIMENTA DO REINO CLARA,0191,Outros produtos e serviços da lavoura,010106,
6803105,PIMENTA DA INDIA (PIMENTA DO REINO),0191,Outros produtos e serviços da lavoura,010106,
6803107,PIMENTA DO REINO PRETA,0191,Outros produtos e serviços da lavoura,010106,
6803201,PIMENTA DO REINO E COMINHO,1093,Outros produtos alimentares,030118,
6803202,COMINHO E PIMENTA DO REINO,1093,Outros produtos alimentares,030118,
6803301,VINAGRE DE ALCOOL,1093,Outros produtos alimentares,030118,
6803302,VINAGRE DE CANA,1093,Outros produtos alimentares,030118,
6803401,VINAGRE DE VINHO,1093,Outros produtos alimentares,030118,
6803402,VINAGRE DE UVA,1093,Outros produtos alimentares,030118,
6803501,VINAGRE DE MACA,1093,Outros produtos alimentares,030118,
6803601,MOLHO DE SOJA,1093,Outros produtos alimentares,030118,
6803603,MOLHO JAPONES,1093,Outros produtos alimentares,030118,
6803604,SHOYO,1093,Outros produtos alimentares,030118,
6803606,SAKURO,1093,Outros produtos alimentares,030118,
6803701,MOLHO INGLES,1093,Outros produtos alimentares,030118,
6803801,LEITE DE COCO,1093,"Conservas de frutas, legumes e outros vegetais",030105,
6803901,MOLHO TARTARO,1093,Outros produtos alimentares,030118,
6804101,MOLHO DE TUCUPI (COM PIMENTA),1093,Outros produtos alimentares,030118,
6804102,TUCUPI (MOLHO) (COM PIMENTA),1093,Outros produtos alimentares,030118,
6804301,MAIONESE,1093,Outros produtos alimentares,030118,
6804302,MAIONESE COM LIMAO,1093,Outros produtos alimentares,030118,
6804303,MAIONESE COM ATUM,1093,Outros produtos alimentares,030118,
6804304,MAIONESE COM AZEITONA,1093,Outros produtos alimentares,030118,
6804305,MAIONESE LIGHT,1093,Outros produtos alimentares,030118,
6804306,MAIONESE COM QUALQUER SABOR,1093,Outros produtos alimentares,030118,
6804307,MOLHO DE MAIONESE,1093,Outros produtos alimentares,030118,
6804401,CALDO DE GALINHA,1093,Outros produtos alimentares,030118,
6804501,CALDO DE CARNE,1093,Outros produtos alimentares,030118,
6804601,CURRY,1093,Outros produtos alimentares,030118,
6804701,MASSA DE TOMATE,1093,"Conservas de frutas, legumes e outros vegetais",030105,
6804702,EXTRATO DE TOMATE,1093,"Conservas de frutas, legumes e outros vegetais",030105,
6804704,PURE DE TOMATE,1093,"Conservas de frutas, legumes e outros vegetais",030105,
6804705,POLPA DE TOMATE,1093,"Conservas de frutas, legumes e outros vegetais",030105,
6804801,MOLHO DE TOMATE,1093,Outros produtos alimentares,030118,
6804802,KETCHUP,1093,Outros produtos alimentares,030118,
6804803,CATCHUP,1093,Outros produtos alimentares,030118,
6804804,CAT-CHUP,1093,Outros produtos alimentares,030118,
6804805,KAT-CHUP,1093,Outros produtos alimentares,030118,
6804806,MOLHO REFOGADO,1093,Outros produtos alimentares,030118,
6804901,MOLHO BOLONHESA,1093,Outros produtos alimentares,030118,
6804902,MOLHO A BOLONHESA,1093,Outros produtos alimentares,030118,
6804903,MOLHO DE TOMATE COM CARNE,1093,Outros produtos alimentares,030118,
6804904,MOLHO DE MACARRONADA,1093,Outros produtos alimentares,030118,
6805001,ALHO,0191,Outros produtos e serviços da lavoura,010106,
6805002,ALHO ROXO,0191,Outros produtos e serviços da lavoura,010106,
6805003,ALHO BRANCO,0191,Outros produtos e serviços da lavoura,010106,
6805004,ALHO ARGENTINO,0191,Outros produtos e serviços da lavoura,010106,
6805005,ALHO A GRANEL,0191,Outros produtos e serviços da lavoura,010106,
6805006,ALHO CABECA,0191,Outros produtos e serviços da lavoura,010106,
6805007,ALHO EM CABECA,0191,Outros produtos e serviços da lavoura,010106,
6805008,ALHO DESCASCADO,0191,Outros produtos e serviços da lavoura,010106,
6805101,ALHO PORRO,0191,Outros produtos e serviços da lavoura,010106,
6805201,COMINHO EM PO,1093,Outros produtos alimentares,030118,
6805202,CUMINHO EM PO,1093,Outros produtos alimentares,030118,
6805301,PIMENTA DO REINO E ALHO EM PO (TEMPERO MISTO),1093,Outros produtos alimentares,030118,
6805302,TEMPERO MISTO EM PO,1093,Outros produtos alimentares,030118,
6805303,PIMENTA DO REINO EM GRAO E ALHO (TEMPERO MISTO),1093,Outros produtos alimentares,030118,
6805304,TEMPERO MISTO EM GRAO,1093,Outros produtos alimentares,030118,
6805401,CALDO DE LEGUMES,1093,Outros produtos alimentares,030118,
6805701,SAL DIETETICO,0580,Minerais não-metálicos,020303,
6805801,TEMPERO DE FEIJAO (TABLETE),1093,Outros produtos alimentares,030118,
6805901,AMACIANTE DE CARNE,1093,Outros produtos alimentares,030118,
6805902,ZURITA (AMACIANTE DE CARNE),1093,Outros produtos alimentares,030118,
6806001,FONDOR,1093,Outros produtos alimentares,030118,
6806101,PIMENTA EM PO,1093,Outros produtos alimentares,030118,
6806201,TEMPERO DE OMELETE (EM PO),1093,Outros produtos alimentares,030118,
6806202,OMELETE EM PO (TEMPERO),1093,Outros produtos alimentares,030118,
6806301,MASSA DE PEIXE,1091,Pescado industrializado,030104,
6806501,ERVILHA FRITA EM PO OU GRAO,1093,"Conservas de frutas, legumes e outros vegetais",030105,
6806701,MOLHO DE MILHO VERDE,1093,"Conservas de frutas, legumes e outros vegetais",030105,
6806801,MISSO,1093,Outros produtos alimentares,030118,
6806901,SALSA DESIDRATADA,1093,Outros produtos alimentares,030118,
6807001,MOLHO DE PIZZA,1093,Outros produtos alimentares,030118,
6807101,TUCUPI (CALDO) (SEM PIMENTA),1093,Outros produtos alimentares,030118,
6807102,CALDO DE TUCUPI (SEM PIMENTA),1093,Outros produtos alimentares,030118,
6807201,MOLHO BRANCO,1093,Outros produtos alimentares,030118,
6807301,CALDO DE BACON,1093,Outros produtos alimentares,030118,
6807401,CALDO DE CALABREZA,1093,Outros produtos alimentares,030118,
6807502,CREME DE QUEIJO,1093,Outros produtos alimentares,030118,
6807503,MOLHO 4 QUEIJOS,1093,Outros produtos alimentares,030118,
6807601,CALDO NAO ESPECIFICADO,1093,Outros produtos alimentares,030118,
6807602,TEMPERO EM TABLETE,1093,Outros produtos alimentares,030118,
6807701,CALDO DE PEIXE,1093,Outros produtos alimentares,030118,
6807801,CALDO DE CAMARAO,1093,Outros produtos alimentares,030118,
6807901,CALDO DE TOMATE,1093,Outros produtos alimentares,030118,
6808001,MOLHO (NAO ESPECIFICADO),1093,Outros produtos alimentares,030118,
6808002,MOLHO DE ALHO,1093,Outros produtos alimentares,030118,
6808003,MOLHO DE PIMENTA,1093,Outros produtos alimentares,030118,
6808004,MOLHO MADEIRA,1093,Outros produtos alimentares,030118,
6808005,MOLHO PARA SALADA,1093,Outros produtos alimentares,030118,
6808006,MOLHO AGRIDOCE,1093,Outros produtos alimentares,030118,
6808007,MOLHO AO SUGO,1093,Outros produtos alimentares,030118,
6808008,MOLHO BARBECUE,1093,Outros produtos alimentares,030118,
6808009,MOLHO DE FRANGO,1093,Outros produtos alimentares,030118,
6808010,MOLHO PARA CARNE,1093,Outros produtos alimentares,030118,
6808011,MOLHO SIRIO,1093,Outros produtos alimentares,030118,
6808012,MOLHO TEMPERADO PARMESAO,1093,Outros produtos alimentares,030118,
6808013,MOLHO TOMATE COM ERVAS,1093,Outros produtos alimentares,030118,
6808014,MOLHO VEGETAL,1093,Outros produtos alimentares,030118,
6808015,MOLHO XADREZ,1093,Outros produtos alimentares,030118,
6808016,MOLHO DE FUNGHI,1093,Outros produtos alimentares,030118,
6808101,CONDIMENTO NAO ESPECIFICADO,1093,Outros produtos alimentares,030118,
6808201,COALHO,1093,Outros produtos alimentares,030118,
6808301,TEMPERO EM PO (INDETERMINADO),1093,Outros produtos alimentares,030118,
6808401,TEMPERO (NAO ESPECIFICADO),1093,Outros produtos alimentares,030118,
6808501,SAL AMARGO,1093,Outros produtos alimentares,030118,
6808601,SALVIA (CONDIMENTO),1093,Outros produtos alimentares,030118,
6808701,TOMILHO,0191,Outros produtos e serviços da lavoura,010106,
6808801,VINAGRE (NAO ESPECIFICADO),1093,Outros produtos alimentares,030118,
6808901,VINAGRE DE ARROZ,1093,Outros produtos alimentares,030118,
6809001,VINAGRE DE MILHO,1093,Outros produtos alimentares,030118,
6809101,GERGELIM,0191,Outros produtos e serviços da lavoura,010106,
6809201,TEMPERO DE MASSAS,1093,Outros produtos alimentares,030118,
6809301,TEMPERO DE SALADAS,1093,Outros produtos alimentares,030118,
6900101,FILE MIGNON,1091,Abate e preparação de produtos de carne,030101,
6900102,FILE SEM MIGNON,1091,Abate e preparação de produtos de carne,030101,
6900103,FILE COM MIGNON,1091,Abate e preparação de produtos de carne,030101,
6900201,CONTRAFILE,1091,Abate e preparação de produtos de carne,030101,
6900202,FILE CURTO,1091,Abate e preparação de produtos de carne,030101,
6900203,CHULETA COM OSSO (CONTRAFILE),1091,Abate e preparação de produtos de carne,030101,
6900204,FILE ESPECIAL,1091,Abate e preparação de produtos de carne,030101,
6900205,BISTECA DE BOI,1091,Abate e preparação de produtos de carne,030101,
6900206,CHULETA DE BOI,1091,Abate e preparação de produtos de carne,030101,
6900207,PONTA DE CHULETA,1091,Abate e preparação de produtos de carne,030101,
6900301,ALCATRA,1091,Abate e preparação de produtos de carne,030101,
6900302,PONTA DE PATINHO,1091,Abate e preparação de produtos de carne,030101,
6900303,MAMINHA,1091,Abate e preparação de produtos de carne,030101,
6900304,PICANHA,1091,Abate e preparação de produtos de carne,030101,
6900306,ALCATRA BOVINA,1091,Abate e preparação de produtos de carne,030101,
6900307,PONTA DE ALCATRA,1091,Abate e preparação de produtos de carne,030101,
6900308,ALCATRA COM OSSO,1091,Abate e preparação de produtos de carne,030101,
6900309,MIOLO DE ALCATRA,1091,Abate e preparação de produtos de carne,030101,
6900401,CHA DE DENTRO,1091,Abate e preparação de produtos de carne,030101,
6900402,COXAO MOLE (CHA DE DENTRO),1091,Abate e preparação de produtos de carne,030101,
6900403,COXAO DE DENTRO (CHA DE DENTRO),1091,Abate e preparação de produtos de carne,030101,
6900404,CHA DE BOI (NAO ESPECIFICADA),1091,Abate e preparação de produtos de carne,030101,
6900501,PATINHO,1091,Abate e preparação de produtos de carne,030101,
6900502,CABECA DE LOMBO (CARNE DE BOI),1091,Abate e preparação de produtos de carne,030101,
6900503,BOLA DO PATINHO (PATINHO),1091,Abate e preparação de produtos de carne,030101,
6900504,PATINHO COM OSSO,1091,Abate e preparação de produtos de carne,030101,
6900601,LAGARTO REDONDO,1091,Abate e preparação de produtos de carne,030101,
6900603,PAULISTA REDONDO,1091,Abate e preparação de produtos de carne,030101,
6900604,POSTA BRANCA,1091,Abate e preparação de produtos de carne,030101,
6900605,LAGARTO PAULISTA (REDONDO),1091,Abate e preparação de produtos de carne,030101,
6900606,TATU (LAGARTO REDONDO),1091,Abate e preparação de produtos de carne,030101,
6900607,PAULISTA,1091,Abate e preparação de produtos de carne,030101,
6900608,LOMBO PAULISTA (CARNE DE BOI),1091,Abate e preparação de produtos de carne,030101,
6900701,LAGARTO COMUM,1091,Abate e preparação de produtos de carne,030101,
6900702,POSTA VERMELHA,1091,Abate e preparação de produtos de carne,030101,
6900703,LAGARTO PLANO,1091,Abate e preparação de produtos de carne,030101,
6900705,COXAO DE FORA (LAGARTO COMUM),1091,Abate e preparação de produtos de carne,030101,
6900706,COXAO DURO (LAGARTO COMUM),1091,Abate e preparação de produtos de carne,030101,
6900707,CHA DE FORA,1091,Abate e preparação de produtos de carne,030101,
6900801,ACEM,1091,Abate e preparação de produtos de carne,030101,
6900802,LOMBO DE BOI,1091,Abate e preparação de produtos de carne,030101,
6900803,AGULHA (ACEM),1091,Abate e preparação de produtos de carne,030101,
6900804,ACEM COM OSSO,1091,Abate e preparação de produtos de carne,030101,
6900805,LOMBO DE BOI COM OSSO,1091,Abate e preparação de produtos de carne,030101,
6900806,AGULHA COM OSSO,1091,Abate e preparação de produtos de carne,030101,
6900807,PONTA DE AGULHA,1091,Abate e preparação de produtos de carne,030101,
6900808,MIOLO DE ACEM,1091,Abate e preparação de produtos de carne,030101,
6900809,MIOLO DE AGULHA,1091,Abate e preparação de produtos de carne,030101,
6900901,PA,1091,Abate e preparação de produtos de carne,030101,
6900902,PONTA DA PA,1091,Abate e preparação de produtos de carne,030101,
6900903,POSTA GORDA,1091,Abate e preparação de produtos de carne,030101,
6900904,MIOLO DA PA,1091,Abate e preparação de produtos de carne,030101,
6900905,PALETA,1091,Abate e preparação de produtos de carne,030101,
6900906,CRUZ MACHADO,1091,Abate e preparação de produtos de carne,030101,
6900907,PALETA COM OSSO,1091,Abate e preparação de produtos de carne,030101,
6900908,PA COM OSSO,1091,Abate e preparação de produtos de carne,030101,
6901001,MUSCULO DE BOI,1091,Abate e preparação de produtos de carne,030101,
6901002,MUSCULO DA PA,1091,Abate e preparação de produtos de carne,030101,
6901003,MUSCULO DO TRASEIRO,1091,Abate e preparação de produtos de carne,030101,
6901004,GARRAO,1091,Abate e preparação de produtos de carne,030101,
6901005,MUSCULO DO DIANTEIRO,1091,Abate e preparação de produtos de carne,030101,
6901006,CHAMBARIL,1091,Abate e preparação de produtos de carne,030101,
6901007,CARNE DE PESCOCO,1091,Abate e preparação de produtos de carne,030101,
6901009,CARNE MARICA DE BOI,1091,Abate e preparação de produtos de carne,030101,
6901010,CARNE DE VAZIO (CARNE DE BOI),1091,Abate e preparação de produtos de carne,030101,
6901011,VAZIO (CARNE DE BOI),1091,Abate e preparação de produtos de carne,030101,
6901012,CARNE BOVINA DO VAZIO,1091,Abate e preparação de produtos de carne,030101,
6901013,MUSCULO COM OSSO,1091,Abate e preparação de produtos de carne,030101,
6901101,PEITO (DE BOI),1091,Abate e preparação de produtos de carne,030101,
6901102,PONTA DE PEITO,1091,Abate e preparação de produtos de carne,030101,
6901103,PEITO NAO ESPECIFICADO,1091,Abate e preparação de produtos de carne,030101,
6901201,CAPA DE FILE,1091,Abate e preparação de produtos de carne,030101,
6901202,FRALDINHA (CAPA DE FILE),1091,Abate e preparação de produtos de carne,030101,
6901203,ABA DE FILE,1091,Abate e preparação de produtos de carne,030101,
6901204,CAPA DE CONTRAFILE,1091,Abate e preparação de produtos de carne,030101,
6901205,CAPA DE COSTELA,1091,Abate e preparação de produtos de carne,030101,
6901206,CAPA DE COXAO MOLE,1091,Abate e preparação de produtos de carne,030101,
6901301,COSTELA DE BOI,1091,Abate e preparação de produtos de carne,030101,
6901302,CARNE CHUPA MOLHO,1091,Abate e preparação de produtos de carne,030101,
6901304,PONTA DE COSTELA,1091,Abate e preparação de produtos de carne,030101,
6901401,CARNE MOIDA DE PRIMEIRA,1091,Abate e preparação de produtos de carne,030101,
6901402,GUIZADO (CARNE MOIDA) DE PRIMEIRA,1091,Abate e preparação de produtos de carne,030101,
6901501,CARNE MOIDA DE SEGUNDA,1091,Abate e preparação de produtos de carne,030101,
6901502,GUIZADO (CARNE MOIDA) DE SEGUNDA,1091,Abate e preparação de produtos de carne,030101,
6901601,CARNE DE BOI DE PRIMEIRA,1091,Abate e preparação de produtos de carne,030101,
6901602,CARNE DE BOI DE PRIMEIRA COM OSSO,1091,Abate e preparação de produtos de carne,030101,
6901701,CARNE DE BOI DE SEGUNDA,1091,Abate e preparação de produtos de carne,030101,
6901702,ALCATRINHA COM OSSO (DIANTEIRO DE SEGUNDA),1091,Abate e preparação de produtos de carne,030101,
6901703,CARNE BOVINA COM OSSO (NAO ESPECIFICADA),1091,Abate e preparação de produtos de carne,030101,
6901704,CARNE BOVINA MOIDA (NAO ESPECIFICADA),1091,Abate e preparação de produtos de carne,030101,
6901705,CONTRA FILE DE SEGUNDA,1091,Abate e preparação de produtos de carne,030101,
6901707,ALCATRINHA,1091,Abate e preparação de produtos de carne,030101,
6901708,JACARE ( CARNE DE BOI DE SEGUNDA C/ OSSO),1091,Abate e preparação de produtos de carne,030101,
6901801,VISCERAS DE BOI (NAO ESPECIFICADAS),1091,Abate e preparação de produtos de carne,030101,
6901802,FRESSURA DE BOI (NAO ESPECIFICADA),1091,Abate e preparação de produtos de carne,030101,
6901804,FISSURA DE BOI (NAO ESPECIFICADA),1091,Abate e preparação de produtos de carne,030101,
6901805,MIUDOS DE BOI (NAO ESPECIFICADOS),1091,Abate e preparação de produtos de carne,030101,
6901806,PANELADA (VISCERAS DE BOI NAO ESPECIFICADAS),1091,Abate e preparação de produtos de carne,030101,
6901901,CORACAO DE BOI,1091,Abate e preparação de produtos de carne,030101,
6902001,RIM DE BOI,1091,Abate e preparação de produtos de carne,030101,
6902101,PULMAO DE BOI,1091,Abate e preparação de produtos de carne,030101,
6902102,BOFE DE BOI,1091,Abate e preparação de produtos de carne,030101,
6902103,BOBO DE BOI,1091,Abate e preparação de produtos de carne,030101,
6902201,MIOLO DE BOI,1091,Abate e preparação de produtos de carne,030101,
6902301,BUCHO DE BOI,1091,Abate e preparação de produtos de carne,030101,
6902302,ESTOMAGO DE BOI,1091,Abate e preparação de produtos de carne,030101,
6902304,BUCHADA DE BOI,1091,Abate e preparação de produtos de carne,030101,
6902401,TRIPA DE BOI,1091,Abate e preparação de produtos de carne,030101,
6902402,DOBRADINHA FRESCA,1091,Abate e preparação de produtos de carne,030101,
6902403,FATO DE BOI,1091,Abate e preparação de produtos de carne,030101,
6902404,FATO DE CARNEIRO,1091,Abate e preparação de produtos de carne,030101,
6902405,MONDONGO (BOVINO),1091,Abate e preparação de produtos de carne,030101,
6902501,FIGADO DE BOI,1091,Abate e preparação de produtos de carne,030101,
6902601,CUPIM,1091,Abate e preparação de produtos de carne,030101,
6902602,CUPIM DE BOI,1091,Abate e preparação de produtos de carne,030101,
6902701,LINGUA DE BOI,1091,Abate e preparação de produtos de carne,030101,
6902801,RABADA DE BOI,1091,Abate e preparação de produtos de carne,030101,
6902802,RABO DE BOI,1091,Abate e preparação de produtos de carne,030101,
6903001,CABECA DE BOI,1091,Abate e preparação de produtos de carne,030101,
6903101,MOCOTO (DE BOI),1091,Abate e preparação de produtos de carne,030101,
6903102,PE DE BOI,1091,Abate e preparação de produtos de carne,030101,
6903103,CORREDOR DE BOI,1091,Abate e preparação de produtos de carne,030101,
6903104,BRACO DE BOI,1091,Abate e preparação de produtos de carne,030101,
6903105,MAO DE VACA,1091,Abate e preparação de produtos de carne,030101,
6903106,PERNA DE BOI,1091,Abate e preparação de produtos de carne,030101,
6903201,OSSO DE BOI,1091,Abate e preparação de produtos de carne,030101,
6903202,OSSADA DE BOI,1091,Abate e preparação de produtos de carne,030101,
6903301,CARRE DE PORCO,1091,"Carne de suíno fresca, refrigerada ou congelada",030102,
6903302,CHULETA DE PORCO,1091,"Carne de suíno fresca, refrigerada ou congelada",030102,
6903303,COSTELETA DE PORCO,1091,"Carne de suíno fresca, refrigerada ou congelada",030102,
6903304,PALETA DE PORCO,1091,"Carne de suíno fresca, refrigerada ou congelada",030102,
6903305,BISTECA DE PORCO,1091,"Carne de suíno fresca, refrigerada ou congelada",030102,
6903401,PERNIL DE PORCO,1091,"Carne de suíno fresca, refrigerada ou congelada",030102,
6903402,COXAO DE PORCO,1091,"Carne de suíno fresca, refrigerada ou congelada",030102,
6903403,QUARTO DE PORCO,1091,"Carne de suíno fresca, refrigerada ou congelada",030102,
6903501,COSTELA DE PORCO,1091,"Carne de suíno fresca, refrigerada ou congelada",030102,
6903502,COSTELINHA DE PORCO,1091,"Carne de suíno fresca, refrigerada ou congelada",030102,
6903601,CARNE DE PORCO COM OSSO (NAO ESPECIFICADA),1091,"Carne de suíno fresca, refrigerada ou congelada",030102,
6903602,"ARRASTO DE PORCO (VISCERAS,MIUDOS,FRISSURAS)",1091,Abate e preparação de produtos de carne,030101,
6903701,LOMBO DE PORCO,1091,"Carne de suíno fresca, refrigerada ou congelada",030102,
6903702,LOMBINHO DE PORCO,1091,"Carne de suíno fresca, refrigerada ou congelada",030102,
6903703,CARNE DE PORCO SEM OSSO (NAO ESPECIFICADA),1091,"Carne de suíno fresca, refrigerada ou congelada",030102,
6903704,CARNE DE PORCO DE PRIMEIRA (NAO ESPECIFICADA),1091,"Carne de suíno fresca, refrigerada ou congelada",030102,
6903705,LOMBO DE PORCO RECHEADO E TEMPERADO,1091,"Carne de suíno fresca, refrigerada ou congelada",030102,
6903801,TOUCINHO,1091,Abate e preparação de produtos de carne,030101,
6903802,TOUCINHO FRESCO,1091,Abate e preparação de produtos de carne,030101,
6903803,TOUCINHO DE TORRESMO,1091,Abate e preparação de produtos de carne,030101,
6903804,PELE DE PORCO FRESCA,1091,Abate e preparação de produtos de carne,030101,
6903901,VISCERAS DE PORCO (NAO ESPECIFICADAS),1091,Abate e preparação de produtos de carne,030101,
6903902,FRESSURA DE PORCO (NAO ESPECIFICADA),1091,Abate e preparação de produtos de carne,030101,
6903903,MIUDOS DE PORCO (NAO ESPECIFICADOS),1091,Abate e preparação de produtos de carne,030101,
6903905,FISSURA DE PORCO (NAO ESPECIFICADA),1091,Abate e preparação de produtos de carne,030101,
6903906,ARRASTO DE PORCO (VICERAS DE PORCO NAO ESPECIFICADAS),1091,Abate e preparação de produtos de carne,030101,
6903907,"SARAPATEL (VISCERAS,MIUDOS,FRISSURAS FRESCAS DE PORCO)",1091,Abate e preparação de produtos de carne,030101,
6904001,CORACAO DE PORCO,1091,Abate e preparação de produtos de carne,030101,
6904101,CARNE DE PORCO NAO ESPECIFICADA,1091,"Carne de suíno fresca, refrigerada ou congelada",030102,
6904301,CARNE MOIDA NAO ESPECIFICADA,1091,Abate e preparação de produtos de carne,030101,
6904402,ESTOMAGO DE PORCO,1091,Abate e preparação de produtos de carne,030101,
6904501,TRIPA DE PORCO,1091,Abate e preparação de produtos de carne,030101,
6904502,FATO DE PORCO,1091,Abate e preparação de produtos de carne,030101,
6904601,FIGADO DE PORCO,1091,Abate e preparação de produtos de carne,030101,
6904701,LINGUA DE PORCO,1091,Abate e preparação de produtos de carne,030101,
6904801,RABO DE PORCO,1091,Abate e preparação de produtos de carne,030101,
6904901,CABECA DE PORCO,1091,Abate e preparação de produtos de carne,030101,
6905001,ORELHA DE PORCO FRESCA,1091,Abate e preparação de produtos de carne,030101,
6905103,SARRABULHO,1091,Abate e preparação de produtos de carne,030101,
6905201,OSSO DE PORCO,1091,Abate e preparação de produtos de carne,030101,
6905202,OSSADA DE PORCO,1091,Abate e preparação de produtos de carne,030101,
6905203,MOCOTO (DE PORCO),1091,Abate e preparação de produtos de carne,030101,
6905301,PORCO VIVO,0192,Suínos vivos,010203,
6905401,CARNE DE CABRITO,1091,Abate e preparação de produtos de carne,030101,
6905402,CARNE DE BODE,1091,Abate e preparação de produtos de carne,030101,
6905403,CARNE CAPRINA,1091,Abate e preparação de produtos de carne,030101,
6905404,COSTELA DE BODE,1091,Abate e preparação de produtos de carne,030101,
6905503,MIUDOS DE BODE (NAO ESPECIFICADOS),1091,Abate e preparação de produtos de carne,030101,
6905601,CARNE DE CARNEIRO,1091,Abate e preparação de produtos de carne,030101,
6905602,CARNE DE OVELHA,1091,Abate e preparação de produtos de carne,030101,
6905603,COSTELA DE CARNEIRO,1091,Abate e preparação de produtos de carne,030101,
6905604,COXAO DE CARNEIRO,1091,Abate e preparação de produtos de carne,030101,
6906705,COELHO VIVO,0192,Bovinos e outros animais vivos,010201,
6906901,PASSARINHA DE BOI,1091,Abate e preparação de produtos de carne,030101,
6907002,BACO DE PORCO,1091,Abate e preparação de produtos de carne,030101,
6907103,BIFE ROLE (CRU COM INGREDIENTES),1091,Abate e preparação de produtos de carne,030101,
6907104,ROLETA,1091,Abate e preparação de produtos de carne,030101,
6907201,BUCHO DE CARNEIRO,1091,Abate e preparação de produtos de carne,030101,
6907202,BUCHADA DE CARNEIRO,1091,Abate e preparação de produtos de carne,030101,
6907204,BUCHADA DE BODE,1091,Abate e preparação de produtos de carne,030101,
6907205,BUCHO DE BODE,1091,Abate e preparação de produtos de carne,030101,
6907301,LIMPEZA (CARNE DE BOI),1091,Abate e preparação de produtos de carne,030101,
6907302,APARA (CARNE DE BOI),1091,Abate e preparação de produtos de carne,030101,
6907303,MUXIBA (GORDURA DE BOI),1091,Abate e preparação de produtos de carne,030101,
6907304,GORDURA DE BOI (MUXIBA),1091,Abate e preparação de produtos de carne,030101,
6907305,XAXADO DE BOI,1091,Abate e preparação de produtos de carne,030101,
6907401,BUCHO,1091,Abate e preparação de produtos de carne,030101,
6907402,BUCHADA (NAO ESPECIFICADA),1091,Abate e preparação de produtos de carne,030101,
6907501,SUA DE PORCO,1091,Abate e preparação de produtos de carne,030101,
6907502,ASSUA DE PORCO,1091,Abate e preparação de produtos de carne,030101,
6907601,CARNE DE OUTROS ANIMAIS,1091,Abate e preparação de produtos de carne,030101,
6907602,CARNE DE VEADO,1091,Abate e preparação de produtos de carne,030101,
6907603,CARNE DE PACA,1091,Abate e preparação de produtos de carne,030101,
6907604,CARNE DE TATU,1091,Abate e preparação de produtos de carne,030101,
6907610,FIGADO DE CARNEIRO,1091,Abate e preparação de produtos de carne,030101,
6907611,CARNE DE JACARE,1091,Abate e preparação de produtos de carne,030101,
6907612,CARNE DE CUTIA,1091,Abate e preparação de produtos de carne,030101,
6907613,CARNE DE JACARE SALGADA,1091,Abate e preparação de produtos de carne,030101,
6907614,CARNE DE PORCO SILVESTRE,1091,Abate e preparação de produtos de carne,030101,
6907615,CARNE DE CAPIVARA,1091,Abate e preparação de produtos de carne,030101,
6907701,CARNE DE BUFALO,1091,Abate e preparação de produtos de carne,030101,
6907801,LAGARTO RECHEADO,1091,Abate e preparação de produtos de carne,030101,
6907901,KIT DE CARNE DE CHURRASCO,1091,Abate e preparação de produtos de carne,030101,
6907902,CARNE DE CHURRASCO (KIT),1091,Abate e preparação de produtos de carne,030101,
6908001,ESTOMAGO (NAO ESPECIFICADO),1091,Abate e preparação de produtos de carne,030101,
6908101,VISCERAS DE CARNEIRO,1091,Abate e preparação de produtos de carne,030101,
6908102,FRESSURA DE CARNEIRO,1091,Abate e preparação de produtos de carne,030101,
6908103,MIUDOS DE CARNEIRO,1091,Abate e preparação de produtos de carne,030101,
6908106,FISSURA DE BODE,1091,Abate e preparação de produtos de carne,030101,
6908301,PE DE PORCO FRESCO,1091,Abate e preparação de produtos de carne,030101,
6908401,PORCO OU LEITAO MORTO (EVISCERADO),1091,"Carne de suíno fresca, refrigerada ou congelada",030102,
6908402,LEITAO MORTO (EVISCERADO),1091,"Carne de suíno fresca, refrigerada ou congelada",030102,
6908501,APARA (CARNE DE PORCO),1091,Abate e preparação de produtos de carne,030101,
6908502,LIMPEZA (CARNE DE PORCO),1091,Abate e preparação de produtos de carne,030101,
6908601,GARGANTA DE BOI,1091,Abate e preparação de produtos de carne,030101,
6908701,CABECA DE BODE,1091,Abate e preparação de produtos de carne,030101,
6908901,CARNE NAO ESPECIFICADA,1091,Abate e preparação de produtos de carne,030101,
6908902,CARNE DE PRIMEIRA NAO ESPECIFICADA,1091,Abate e preparação de produtos de carne,030101,
6908903,CARNE DE SEGUNDA NAO ESPECIFICADA,1091,Abate e preparação de produtos de carne,030101,
6908904,CARNE DE PRIMEIRA COM OSSO NAO ESPECIFICADA,1091,Abate e preparação de produtos de carne,030101,
6909001,BISTECA NAO ESPECIFICADA,1091,Abate e preparação de produtos de carne,030101,
6909101,CARNE DE BOI NAO ESPECIFICADA,1091,Abate e preparação de produtos de carne,030101,
6909102,CARNE DE BOI SEM OSSO NAO ESPECIFICADA,1091,Abate e preparação de produtos de carne,030101,
6909201,BACO (NAO ESPECIFICADO),1091,Abate e preparação de produtos de carne,030101,
6909301,BODE (NAO ESPECIFICADO),1091,Abate e preparação de produtos de carne,030101,
6909401,BODE ABATIDO,1091,Abate e preparação de produtos de carne,030101,
6909501,BOFE (NAO ESPECIFICADO),1091,Abate e preparação de produtos de carne,030101,
6909601,COSTELA NAO ESPECIFICADA,1091,Abate e preparação de produtos de carne,030101,
6909701,JOELHO DE PORCO,1091,Abate e preparação de produtos de carne,030101,
6909901,CHULETA NAO ESPECIFICADA,1091,Abate e preparação de produtos de carne,030101,
6910001,CARNE EM BIFE,1091,Abate e preparação de produtos de carne,030101,
6910101,CARNE COM OSSO NAO ESPECIFICADA,1091,Abate e preparação de produtos de carne,030101,
6910201,CARNE BOVINA DE TERCEIRA,1091,Abate e preparação de produtos de carne,030101,
6910301,FILE NAO ESPECIFICADO,1091,Abate e preparação de produtos de carne,030101,
6910401,COXAO NAO ESPECIFICADO,1091,Abate e preparação de produtos de carne,030101,
6910501,CARNE DE PORCO DE SEGUNDA,1091,"Carne de suíno fresca, refrigerada ou congelada",030102,
6910601,LOMBO NAO ESPECIFICADO,1091,Abate e preparação de produtos de carne,030101,
6910701,CARNE MOIDA DE TERCEIRA,1091,Abate e preparação de produtos de carne,030101,
6910801,MUSCULO NAO ESPECIFICADO,1091,Abate e preparação de produtos de carne,030101,
6910901,MUSCULO DE PORCO,1091,"Carne de suíno fresca, refrigerada ou congelada",030102,
6911001,CARNE DE BOI DE SEGUNDA COM OSSO,1091,Abate e preparação de produtos de carne,030101,
6911101,CARNE SEM OSSO NAO ESPECIFICADA,1091,Abate e preparação de produtos de carne,030101,
6911201,CARNE DE SEGUNDA SEM OSSO NAO ESPECIFICADA,1091,Abate e preparação de produtos de carne,030101,
6911301,CARNE DE TERCEIRA NAO ESPECIFICADA,1091,Abate e preparação de produtos de carne,030101,
6911401,OSSO NAO ESPECIFICADO,1091,Abate e preparação de produtos de carne,030101,
6911402,OSSADA NAO ESPECIFICADA,1091,Abate e preparação de produtos de carne,030101,
6911501,ORELHA DE PORCO NAO ESPECIFICADA,1091,Abate e preparação de produtos de carne,030101,
6911701,APARA (CARNE NAO ESPECIFICADA),1091,Abate e preparação de produtos de carne,030101,
6911801,RIM NAO ESPECIFICADO,1091,Abate e preparação de produtos de carne,030101,
6911901,RIM DE PORCO,1091,Abate e preparação de produtos de carne,030101,
6912001,RIM DE BODE,1091,Abate e preparação de produtos de carne,030101,
6912101,SANGUE DE CARNEIRO,1091,Abate e preparação de produtos de carne,030101,
6912201,TANAJURA,1091,Abate e preparação de produtos de carne,030101,
6912301,CARCACA DE PORCO,1091,Abate e preparação de produtos de carne,030101,
6912401,CARNE DE PORCO EM BIFE,1091,"Carne de suíno fresca, refrigerada ou congelada",030102,
6912501,ALCATRA DE PORCO,1091,"Carne de suíno fresca, refrigerada ou congelada",030102,
6912601,LAGARTO DE BOI NAO ESPECIFICADO,1091,Abate e preparação de produtos de carne,030101,
6912701,CARNE DE CAPRINO,1091,Abate e preparação de produtos de carne,030101,
6912901,PALETA DE CARNEIRO,1091,Abate e preparação de produtos de carne,030101,
6913001,PERNIL NAO ESPECIFICADO,1091,Abate e preparação de produtos de carne,030101,
6913101,PERNIL DE CARNEIRO,1091,Abate e preparação de produtos de carne,030101,
6913201,ORELHA E PE DE PORCO,1091,Abate e preparação de produtos de carne,030101,
6913401,PORCO ABATIDO,1091,"Carne de suíno fresca, refrigerada ou congelada",030102,
7000101,PEIXE INTEIRO DE MAR (NAO ESPECIFICADO),0192,Pesca e aquicultura,010206,
7000201,PEIXE EM POSTAS DE MAR (NAO ESPECIFICADO),0192,Pesca e aquicultura,010206,
7000301,PEIXE EM FILE FRESCO DE MAR (NAO ESPECIFICADO),0192,Pesca e aquicultura,010206,
7000401,PEIXE SALGADO DE MAR (NAO ESPECIFICADO),1091,Pescado industrializado,030104,
7000501,PEIXE EM FILE CONGELADO DE MAR (NAO ESPECIFICADO),1091,Pescado industrializado,030104,
7001101,PEIXE INTEIRO ANCHOVA,0192,Pesca e aquicultura,010206,
7001102,PEIXE INTEIRO ENCHOVA,0192,Pesca e aquicultura,010206,
7001201,PEIXE EM POSTAS ANCHOVA,0192,Pesca e aquicultura,010206,
7001301,PEIXE EM FILE FRESCO ANCHOVA,0192,Pesca e aquicultura,010206,
7001501,PEIXE EM FILE CONGELADO ANCHOVA,1091,Pescado industrializado,030104,
7002101,PEIXE INTEIRO BADEJO,0192,Pesca e aquicultura,010206,
7002201,PEIXE EM POSTAS BADEJO,0192,Pesca e aquicultura,010206,
7002301,PEIXE EM FILE FRESCO BADEJO,0192,Pesca e aquicultura,010206,
7002501,PEIXE EM FILE CONGELADO BADEJO,1091,Pescado industrializado,030104,
7003101,PEIXE INTEIRO CORVINA,0192,Pesca e aquicultura,010206,
7003104,PEIXE INTEIRO CORVINA BRASILEIRA,0192,Pesca e aquicultura,010206,
7003105,PEIXE INTEIRO CORVINA BACALHAU,0192,Pesca e aquicultura,010206,
7003108,PEIXE INTEIRO CURUCA,0192,Pesca e aquicultura,010206,
7003201,PEIXE EM POSTAS CORVINA,0192,Pesca e aquicultura,010206,
7003301,PEIXE EM FILE FRESCO CORVINA,0192,Pesca e aquicultura,010206,
7003401,PEIXE SALGADO CORVINA,1091,Pescado industrializado,030104,
7003501,PEIXE EM FILE CONGELADO CORVINA,1091,Pescado industrializado,030104,
7003901,PEIXE CORVINA,0192,Pesca e aquicultura,010206,
7004101,PEIXE INTEIRO CASTANHA,0192,Pesca e aquicultura,010206,
7004201,PEIXE EM POSTAS CASTANHA,0192,Pesca e aquicultura,010206,
7004401,PEIXE SALGADO CASTANHA,1091,Pescado industrializado,030104,
7004501,PEIXE EM FILE CONGELADO CASTANHA,1091,Pescado industrializado,030104,
7004901,PEIXE CASTANHA,0192,Pesca e aquicultura,010206,
7005101,PEIXE INTEIRO CAVALINHA,0192,Pesca e aquicultura,010206,
7005103,PEIXE INTEIRO CARAPAU,0192,Pesca e aquicultura,010206,
7005201,PEIXE EM POSTAS CAVALINHA,0192,Pesca e aquicultura,010206,
7005401,PEIXE SALGADO CAVALINHA,1091,Pescado industrializado,030104,
7005501,PEIXE EM FILE CONGELADO CAVALINHA,1091,Pescado industrializado,030104,
7006101,PEIXE INTEIRO CHICHARRO,0192,Pesca e aquicultura,010206,
7006201,PEIXE EM POSTAS CHICHARRO,0192,Pesca e aquicultura,010206,
7007102,PEIXE INTEIRO ARRAIA,0192,Pesca e aquicultura,010206,
7007131,PEIXE EM FILE FRESCO VIOLA,0192,Pesca e aquicultura,010206,
7007201,PEIXE EM POSTAS RAIA,0192,Pesca e aquicultura,010206,
7008101,PEIXE INTEIRO NAMORADO,0192,Pesca e aquicultura,010206,
7008103,PEIXE INTEIRO BATATA,0192,Pesca e aquicultura,010206,
7008201,PEIXE EM POSTAS NAMORADO,0192,Pesca e aquicultura,010206,
7008301,PEIXE EM FILE FRESCO NAMORADO,0192,Pesca e aquicultura,010206,
7009101,PEIXE INTEIRO PESCADINHA,0192,Pesca e aquicultura,010206,
7009201,PEIXE EM POSTAS PESCADINHA,0192,Pesca e aquicultura,010206,
7009301,PEIXE EM FILE FRESCO PESCADINHA,0192,Pesca e aquicultura,010206,
7009401,PEIXE SALGADO PESCADINHA,1091,Pescado industrializado,030104,
7009501,PEIXE EM FILE CONGELADO PESCADINHA,1091,Pescado industrializado,030104,
7100101,PEIXE INTEIRO TAINHA,0192,Pesca e aquicultura,010206,
7100110,PEIXE INTEIRO CACETAO,0192,Pesca e aquicultura,010206,
7100118,PEIXE INTEIRO CURIMA,0192,Pesca e aquicultura,010206,
7100121,PEIXE INTEIRO CURUMA,0192,Pesca e aquicultura,010206,
7100123,PEIXE INTEIRO TAPIARA,0192,Pesca e aquicultura,010206,
7100126,PEIXE INTEIRO SAUNA,0192,Pesca e aquicultura,010206,
7100132,PEIXE INTEIRO URIACICA,0192,Pesca e aquicultura,010206,
7100201,PEIXE EM POSTAS TAINHA,0192,Pesca e aquicultura,010206,
7100301,PEIXE EM FILE FRESCO TAINHA,0192,Pesca e aquicultura,010206,
7100401,PEIXE SALGADO TAINHA,1091,Pescado industrializado,030104,
7100501,PEIXE EM FILE CONGELADO TAINHA,1091,Pescado industrializado,030104,
7101101,PEIXE INTEIRO SARDINHA,0192,Pesca e aquicultura,010206,
7101103,PEIXE INTEIRO SARDINHA CASCUDA,0192,Pesca e aquicultura,010206,
7101105,PEIXE INTEIRO SARDINHA BRANCA,0192,Pesca e aquicultura,010206,
7101106,PEIXE INTEIRO SARDINHA DOURADA,0192,Pesca e aquicultura,010206,
7101110,PEIXE INTEIRO SARDINHA VERDADEIRA,0192,Pesca e aquicultura,010206,
7101111,PEIXE INTEIRO SARDINHA IMPERIAL,0192,Pesca e aquicultura,010206,
7101201,PEIXE EM POSTAS SARDINHA,0192,Pesca e aquicultura,010206,
7101301,PEIXE EM FILE FRESCO SARDINHA,0192,Pesca e aquicultura,010206,
7101401,PEIXE SALGADO SARDINHA,1091,Pescado industrializado,030104,
7101501,PEIXE EM FILE CONGELADO SARDINHA,1091,Pescado industrializado,030104,
7101601,PEIXE DEFUMADO SARDINHA,1091,Pescado industrializado,030104,
7102101,PEIXE INTEIRO VERMELHO,0192,Pesca e aquicultura,010206,
7102102,PEIXE INTEIRO ARIACO,0192,Pesca e aquicultura,010206,
7102103,PEIXE INTEIRO ARIOCO,0192,Pesca e aquicultura,010206,
7102201,PEIXE EM POSTAS VERMELHO,0192,Pesca e aquicultura,010206,
7103101,PEIXE INTEIRO CIOBA,0192,Pesca e aquicultura,010206,
7103104,PEIXE INTEIRO GUAIUBA,0192,Pesca e aquicultura,010206,
7103401,PEIXE SALGADO CIOBA,1091,Pescado industrializado,030104,
7103501,PEIXE EM FILE CONGELADO CIOBA,1091,Pescado industrializado,030104,
7104101,PEIXE INTEIRO BAGRE DE MAR,0192,Pesca e aquicultura,010206,
7104104,PEIXE INTEIRO BAGRE AMARELO,0192,Pesca e aquicultura,010206,
7104105,PEIXE INTEIRO GUARAJUBA (MAR),0192,Pesca e aquicultura,010206,
7104106,PEIXE INTEIRO BAGRE BANDEIRA,0192,Pesca e aquicultura,010206,
7104112,PEIXE INTEIRO BANDEIRADA,0192,Pesca e aquicultura,010206,
7104115,PEIXE INTEIRO URITINGA,0192,Pesca e aquicultura,010206,
7104116,PEIXE INTEIRO BRAGALHAO,0192,Pesca e aquicultura,010206,
7104124,PEIXE INTEIRO JURUPIRANGA,0192,Pesca e aquicultura,010206,
7104125,PEIXE INTEIRO JUJUBA,0192,Pesca e aquicultura,010206,
7104126,PEIXE INTEIRO CANGATA,0192,Pesca e aquicultura,010206,
7104128,PEIXE INTEIRO CANGATI,0192,Pesca e aquicultura,010206,
7104201,PEIXE EM POSTAS BAGRE DE MAR,0192,Pesca e aquicultura,010206,
7104301,PEIXE EM FILE FRESCO BAGRE DE MAR,0192,Pesca e aquicultura,010206,
7104401,PEIXE SALGADO BAGRE DE MAR,1091,Pescado industrializado,030104,
7104901,PEIXE BAGRE DE MAR,0192,Pesca e aquicultura,010206,
7105101,PEIXE INTEIRO CARAPEBA,0192,Pesca e aquicultura,010206,
7105105,PEIXE INTEIRO CARATINGA,0192,Pesca e aquicultura,010206,
7105109,PEIXE INTEIRO MULATINHO,0192,Pesca e aquicultura,010206,
7105501,PEIXE EM FILE CONGELADO CARAPEBA,1091,Pescado industrializado,030104,
7106101,PEIXE INTEIRO CAVALA,0192,Pesca e aquicultura,010206,
7106104,PEIXE INTEIRO CAVALA PERNA DE MOCA,0192,Pesca e aquicultura,010206,
7106110,PEIXE INTEIRO SOROROCA,0192,Pesca e aquicultura,010206,
7106201,PEIXE EM POSTAS CAVALA,0192,Pesca e aquicultura,010206,
7106301,PEIXE EM FILE FRESCO CAVALA,0192,Pesca e aquicultura,010206,
7106401,PEIXE SALGADO CAVALA,1091,Pescado industrializado,030104,
7106901,PEIXE CAVALA,0192,Pesca e aquicultura,010206,
7108101,PEIXE INTEIRO GALO,0192,Pesca e aquicultura,010206,
7108201,PEIXE EM POSTAS GALO,0192,Pesca e aquicultura,010206,
7109108,PEIXE INTEIRO BIQUARA,0192,Pesca e aquicultura,010206,
7109113,PEIXE INTEIRO XIRA,0192,Pesca e aquicultura,010206,
7109115,PEIXE INTEIRO ABIQUARA,0192,Pesca e aquicultura,010206,
7109117,PEIXE INTEIRO CAMBUBA,0192,Pesca e aquicultura,010206,
7109119,PEIXE INTEIRO CAMBIMBA,0192,Pesca e aquicultura,010206,
7200101,PEIXE INTEIRO MANJUBA,0192,Pesca e aquicultura,010206,
7200104,PEIXE INTEIRO PITITINGA,0192,Pesca e aquicultura,010206,
7200401,PEIXE SALGADO MANJUBA,1091,Pescado industrializado,030104,
7201101,PEIXE INTEIRO PAPATERRA,0192,Pesca e aquicultura,010206,
7201301,PEIXE EM FILE FRESCO PAPATERRA,0192,Pesca e aquicultura,010206,
7201501,PEIXE EM FILE CONGELADO PAPATERRA,1091,Pescado industrializado,030104,
7202101,PEIXE INTEIRO DOURADO DE MAR,0192,Pesca e aquicultura,010206,
7202201,PEIXE EM POSTAS DOURADO DE MAR,0192,Pesca e aquicultura,010206,
7202301,PEIXE EM FILE FRESCO DOURADO DE MAR,0192,Pesca e aquicultura,010206,
7202501,PEIXE EM FILE CONGELADO DOURADO DE MAR,1091,Pescado industrializado,030104,
7203101,PEIXE INTEIRO ATUM,0192,Pesca e aquicultura,010206,
7203201,PEIXE EM POSTAS ATUM,0192,Pesca e aquicultura,010206,
7204105,PEIXE INTEIRO URUBAIANA,0192,Pesca e aquicultura,010206,
7205101,PEIXE INTEIRO SERRA,0192,Pesca e aquicultura,010206,
7205102,PEIXE INTEIRO SARDA,0192,Pesca e aquicultura,010206,
7205201,PEIXE EM POSTAS SERRA,0192,Pesca e aquicultura,010206,
7205401,PEIXE SALGADO SERRA,1091,Pescado industrializado,030104,
7205901,PEIXE SERRA,0192,Pesca e aquicultura,010206,
7206101,PEIXE INTEIRO PARGO,0192,Pesca e aquicultura,010206,
7206201,PEIXE EM POSTAS PARGO,0192,Pesca e aquicultura,010206,
7206301,PEIXE EM FILE FRESCO PARGO,0192,Pesca e aquicultura,010206,
7206501,PEIXE EM FILE CONGELADO PARGO,1091,Pescado industrializado,030104,
7207103,PEIXE INTEIRO CORO,0192,Pesca e aquicultura,010206,
7208101,PEIXE INTEIRO PESCADA,0192,Pesca e aquicultura,010206,
7208102,PEIXE INTEIRO PESCADA AMARELA,0192,Pesca e aquicultura,010206,
7208105,PEIXE INTEIRO PESCADA BRANCA,0192,Pesca e aquicultura,010206,
7208119,PEIXE INTEIRO PESCADA GO,0192,Pesca e aquicultura,010206,
7208126,PEIXE INTEIRO PESCADA CORVINA,0192,Pesca e aquicultura,010206,
7208130,PEIXE INTEIRO PESCADA BANANA,0192,Pesca e aquicultura,010206,
7208136,PEIXE INTEIRO RABO SECO,0192,Pesca e aquicultura,010206,
7208144,PEIXE INTEIRO PERNA DE MOCA,0192,Pesca e aquicultura,010206,
7208149,PEIXE INTEIRO GO,0192,Pesca e aquicultura,010206,
7208201,PEIXE EM POSTAS PESCADA,0192,Pesca e aquicultura,010206,
7208301,PEIXE EM FILE FRESCO PESCADA,0192,Pesca e aquicultura,010206,
7208401,PEIXE SALGADO PESCADA,1091,Pescado industrializado,030104,
7208501,PEIXE EM FILE CONGELADO PESCADA,1091,Pescado industrializado,030104,
7208901,PEIXE PESCADA,0192,Pesca e aquicultura,010206,
7208902,PEIXE PESCADA AMARELA,0192,Pesca e aquicultura,010206,
7208903,PEIXE PESCADA BRANCA,0192,Pesca e aquicultura,010206,
7209201,PEIXE EM POSTAS GAROUPA,0192,Pesca e aquicultura,010206,
7300101,PEIXE INTEIRO LINGUADO,0192,Pesca e aquicultura,010206,
7300301,PEIXE EM FILE FRESCO LINGUADO,0192,Pesca e aquicultura,010206,
7301101,PEIXE INTEIRO ROBALO,0192,Pesca e aquicultura,010206,
7301112,PEIXE INTEIRO CAMURI,0192,Pesca e aquicultura,010206,
7301116,PEIXE INTEIRO CAMORIM,0192,Pesca e aquicultura,010206,
7301122,PEIXE INTEIRO BICUDO,0192,Pesca e aquicultura,010206,
7301201,PEIXE EM POSTAS ROBALO,0192,Pesca e aquicultura,010206,
7302101,PEIXE INTEIRO MERO,0192,Pesca e aquicultura,010206,
7302201,PEIXE EM POSTAS MERO,0192,Pesca e aquicultura,010206,
7303101,PEIXE INTEIRO XERELETE,0192,Pesca e aquicultura,010206,
7303104,PEIXE INTEIRO XERERETE,0192,Pesca e aquicultura,010206,
7303112,PEIXE INTEIRO GUARICEMA,0192,Pesca e aquicultura,010206,
7304101,PEIXE INTEIRO ESPADA,0192,Pesca e aquicultura,010206,
7304201,PEIXE EM POSTAS ESPADA,0192,Pesca e aquicultura,010206,
7304401,PEIXE SALGADO ESPADA,1091,Pescado industrializado,030104,
7305101,PEIXE INTEIRO PARATI,0192,Pesca e aquicultura,010206,
7305103,PEIXE INTEIRO PRATIQUEIRA,0192,Pesca e aquicultura,010206,
7305105,PEIXE INTEIRO CAICA,0192,Pesca e aquicultura,010206,
7305111,PEIXE INTEIRO PRATIBU,0192,Pesca e aquicultura,010206,
7306101,PEIXE INTEIRO CACAO,0192,Pesca e aquicultura,010206,
7306111,PEIXE INTEIRO CACAO CAMBEBA,0192,Pesca e aquicultura,010206,
7306134,PEIXE INTEIRO ANJO,0192,Pesca e aquicultura,010206,
7306140,PEIXE INTEIRO CACONETE,0192,Pesca e aquicultura,010206,
7306201,PEIXE EM POSTAS CACAO,0192,Pesca e aquicultura,010206,
7306301,PEIXE EM FILE FRESCO CACAO,0192,Pesca e aquicultura,010206,
7306401,PEIXE SALGADO CACAO,1091,Pescado industrializado,030104,
7306501,PEIXE EM FILE CONGELADO CACAO,1091,Pescado industrializado,030104,
7308101,PEIXE INTEIRO MERLUZA,0192,Pesca e aquicultura,010206,
7308201,PEIXE EM POSTAS MERLUZA,0192,Pesca e aquicultura,010206,
7308301,PEIXE EM FILE FRESCO MERLUZA,0192,Pesca e aquicultura,010206,
7308401,PEIXE SALGADO MERLUZA,1091,Pescado industrializado,030104,
7308501,PEIXE EM FILE CONGELADO MERLUZA,1091,Pescado industrializado,030104,
7400101,PEIXE INTEIRO PAMPO,0192,Pesca e aquicultura,010206,
7401101,PEIXE INTEIRO XAREU,0192,Pesca e aquicultura,010206,
7401113,PEIXE INTEIRO GUARACEMA,0192,Pesca e aquicultura,010206,
7401301,PEIXE EM FILE FRESCO XAREU,0192,Pesca e aquicultura,010206,
7401901,PEIXE XAREU,0192,Pesca e aquicultura,010206,
7403101,PEIXE INTEIRO CANGULO,0192,Pesca e aquicultura,010206,
7403105,PEIXE INTEIRO PEROA,0192,Pesca e aquicultura,010206,
7403112,PEIXE INTEIRO PORCO,0192,Pesca e aquicultura,010206,
7403115,PEIXE INTEIRO ACARAMOCO (CANGULO),0192,Pesca e aquicultura,010206,
7403119,PEIXE INTEIRO PORQUINHO,0192,Pesca e aquicultura,010206,
7403201,PEIXE EM POSTAS CANGULO,0192,Pesca e aquicultura,010206,
7403301,PEIXE EM FILE FRESCO CANGULO,0192,Pesca e aquicultura,010206,
7404101,PEIXE INTEIRO CAMURUPIM,0192,Pesca e aquicultura,010206,
7404114,PEIXE INTEIRO MARIQUITA,0192,Pesca e aquicultura,010206,
7404201,PEIXE EM POSTAS CAMURUPIM,0192,Pesca e aquicultura,010206,
7405101,PEIXE INTEIRO GUARAJUBA,0192,Pesca e aquicultura,010206,
7405104,PEIXE INTEIRO GARAJUBA,0192,Pesca e aquicultura,010206,
7405105,PEIXE INTEIRO GURIJUBA,0192,Pesca e aquicultura,010206,
7405201,PEIXE EM POSTAS GUARAJUBA,0192,Pesca e aquicultura,010206,
7405301,PEIXE EM FILE FRESCO GUARAJUBA,0192,Pesca e aquicultura,010206,
7405401,PEIXE SALGADO GUARAJUBA,1091,Pescado industrializado,030104,
7405501,PEIXE EM FILE CONGELADO GUARAJUBA,1091,Pescado industrializado,030104,
7406101,PEIXE INTEIRO AGULHA,0192,Pesca e aquicultura,010206,
7406102,PEIXE INTEIRO AGULHA PRETA,0192,Pesca e aquicultura,010206,
7406201,PEIXE EM POSTAS AGULHA,0192,Pesca e aquicultura,010206,
7406401,PEIXE SALGADO AGULHA,1091,Pescado industrializado,030104,
7408101,PEIXE INTEIRO GUAIVIRA,0192,Pesca e aquicultura,010206,
7408104,PEIXE INTEIRO TIMBIRA,0192,Pesca e aquicultura,010206,
7409107,PEIXE INTEIRO BARRACUDA,0192,Pesca e aquicultura,010206,
7409201,PEIXE EM POSTAS BICUDA,0192,Pesca e aquicultura,010206,
7409301,PEIXE EM FILE FRESCO BICUDA,0192,Pesca e aquicultura,010206,
7409401,PEIXE SALGADO BICUDA,1091,Pescado industrializado,030104,
7409501,PEIXE EM FILE CONGELADO BICUDA,1091,Pescado industrializado,030104,
7500101,PEIXE INTEIRO TRILHA,0192,Pesca e aquicultura,010206,
7503101,PEIXE INTEIRO BONITO,0192,Pesca e aquicultura,010206,
7503201,PEIXE EM POSTAS BONITO,0192,Pesca e aquicultura,010206,
7504106,PEIXE INTEIRO SARDINHA SAVELHA (SAVELHA),0192,Pesca e aquicultura,010206,
7504401,PEIXE SALGADO SAVELHA,1091,Pescado industrializado,030104,
7505110,PEIXE INTEIRO BODIAO SABONETE,0192,Pesca e aquicultura,010206,
7505401,PEIXE SALGADO BODIAO,1091,Pescado industrializado,030104,
7507101,PEIXE INTEIRO PALOMBETA,0192,Pesca e aquicultura,010206,
7507103,PEIXE INTEIRO PILOMBETA,0192,Pesca e aquicultura,010206,
7507501,PEIXE EM FILE CONGELADO PALOMBETA,1091,Pescado industrializado,030104,
7509301,PEIXE EM FILE FRESCO REI (PEIXE REI),0192,Pesca e aquicultura,010206,
7601101,PEIXE INTEIRO ALBACORA,0192,Pesca e aquicultura,010206,
7601201,PEIXE EM POSTAS ALBACORA,0192,Pesca e aquicultura,010206,
7601501,PEIXE EM FILE CONGELADO ALBACORA,1091,Pescado industrializado,030104,
7604101,PEIXE INTEIRO AGULHAO,0192,Pesca e aquicultura,010206,
7604201,PEIXE EM POSTAS AGULHAO,0192,Pesca e aquicultura,010206,
7605107,PEIXE INTEIRO SARAMUNETE,0192,Pesca e aquicultura,010206,
7605201,PEIXE EM POSTAS SALMONETE,0192,Pesca e aquicultura,010206,
7605301,PEIXE EM FILE FRESCO SALMONETE,0192,Pesca e aquicultura,010206,
7605501,PEIXE EM FILE CONGELADO SALMONETE,1091,Pescado industrializado,030104,
7605601,CABECA DE PEIXE SALGADO (QUALQUER TIPO),1091,Pescado industrializado,030104,
7605701,CABECA DE PEIXE FRESCO (QUALQUER TIPO),0192,Pesca e aquicultura,010206,
7606101,CAMARAO,0192,Pesca e aquicultura,010206,
7606105,CAMARAO LEGITIMO,0192,Pesca e aquicultura,010206,
7606106,CAMARAO ROSA,0192,Pesca e aquicultura,010206,
7606110,CAMARAO SETE BARBAS,0192,Pesca e aquicultura,010206,
7606117,CAMARAO CINZA,0192,Pesca e aquicultura,010206,
7606118,CAMARAO DE AGUA SALGADA,0192,Pesca e aquicultura,010206,
7606119,CAMARAO PISTOLA,0192,Pesca e aquicultura,010206,
7606201,CAMARAO SEM CASCA,1091,Pescado industrializado,030104,
7606401,CAMARAO SECO,1091,Pescado industrializado,030104,
7606402,CAMARAO SALGADO,1091,Pescado industrializado,030104,
7606403,CAMARAO CONGELADO,1091,Pescado industrializado,030104,
7606404,CAMARAO DEFUMADO,1091,Pescado industrializado,030104,
7606405,CAMARAO EM PO,1091,Pescado industrializado,030104,
7607101,SIRI,0192,Pesca e aquicultura,010206,
7608101,CARANGUEJO,0192,Pesca e aquicultura,010206,
7608103,ARATU,0192,Pesca e aquicultura,010206,
7608106,GUAIAMUM,0192,Pesca e aquicultura,010206,
7608110,CARANGUEJO CATADO,0192,Pesca e aquicultura,010206,
7608111,CARANQUEJO VIVO,0192,Pesca e aquicultura,010206,
7608201,CARANGUEJO SEM CASCA,1091,Pescado industrializado,030104,
7608202,CARNE DE CARANGUEJO,1091,Pescado industrializado,030104,
7609101,MARISCO,0192,Pesca e aquicultura,010206,
7609102,MEXILHAO,0192,Pesca e aquicultura,010206,
7609105,MACUNIM,0192,Pesca e aquicultura,010206,
7700101,OSTRA,1091,Pescado industrializado,030104,
7701101,LULA,0192,Pesca e aquicultura,010206,
7702101,SURURU,0192,Pesca e aquicultura,010206,
7702201,SURURU SEM CASCA,1091,Pescado industrializado,030104,
7703101,LAGOSTA,0192,Pesca e aquicultura,010206,
7703301,CABECA DE LAGOSTA,0192,Pesca e aquicultura,010206,
7706401,BACALHAU,1091,Pescado industrializado,030104,
7707103,PEIXE INTEIRO SAGUA,0192,Pesca e aquicultura,010206,
7707107,PEIXE INTEIRO PEDRA,0192,Pesca e aquicultura,010206,
7800101,OVAS DE PEIXE (QUALQUER ESPECIE),1091,Pescado industrializado,030104,
7803501,PEIXE EM FILE CONGELADO ABROTE,1091,Pescado industrializado,030104,
7804101,PEIXE INTEIRO PARU,0192,Pesca e aquicultura,010206,
7806101,PEIXE INTEIRO SAMBUIO,0192,Pesca e aquicultura,010206,
7806102,PEIXE INTEIRO SAMBUDA,0192,Pesca e aquicultura,010206,
7807101,PEIXE INTEIRO VERDE,0192,Pesca e aquicultura,010206,
7808201,PEIXE EM POSTAS SALMAO,0192,Pesca e aquicultura,010206,
8000101,PEIXE INTEIRO DE AGUA DOCE (NAO ESPECIFICADO),0192,Pesca e aquicultura,010206,
8000201,PEIXE EM POSTAS DE AGUA DOCE (NAO ESPECIFICADO),0192,Pesca e aquicultura,010206,
8000301,PEIXE EM FILE FRESCO DE AGUA DOCE (NAO ESPECIFICADO),0192,Pesca e aquicultura,010206,
8000401,PEIXE SALGADO DE AGUA DOCE (NAO ESPECIFICADO),1091,Pescado industrializado,030104,
8000501,PEIXE EM FILE CONGELADO DE AGUA DOCE (NAO ESPECIFICADO),1091,Pescado industrializado,030104,
8001101,PEIXE INTEIRO TRAIRA,0192,Pesca e aquicultura,010206,
8001105,PEIXE INTEIRO TARAIRA,0192,Pesca e aquicultura,010206,
8001110,PEIXE INTEIRO RUBAFO,0192,Pesca e aquicultura,010206,
8001201,PEIXE EM POSTAS TRAIRA,0192,Pesca e aquicultura,010206,
8001301,PEIXE EM FILE FRESCO TRAIRA,0192,Pesca e aquicultura,010206,
8001401,PEIXE SALGADO TRAIRA,1091,Pescado industrializado,030104,
8001501,PEIXE EM FILE CONGELADO TRAIRA,1091,Pescado industrializado,030104,
8002101,PEIXE INTEIRO ACARA,0192,Pesca e aquicultura,010206,
8002106,PEIXE INTEIRO CARA,0192,Pesca e aquicultura,010206,
8002110,PEIXE INTEIRO ACARA ACU,0192,Pesca e aquicultura,010206,
8002114,PEIXE INTEIRO CARA CASCUDO,0192,Pesca e aquicultura,010206,
8002117,PEIXE INTEIRO CARA GUACU,0192,Pesca e aquicultura,010206,
8002123,PEIXE INTEIRO MERERE,0192,Pesca e aquicultura,010206,
8002124,PEIXE INTEIRO CORRO,0192,Pesca e aquicultura,010206,
8002126,PEIXE INTEIRO APAIARI,0192,Pesca e aquicultura,010206,
8002132,PEIXE INTEIRO PILAPE,0192,Pesca e aquicultura,010206,
8002134,CARA ACU,0192,Pesca e aquicultura,010206,
8002201,PEIXE EM POSTAS ACARA,0192,Pesca e aquicultura,010206,
8002301,PEIXE EM FILE FRESCO ACARA,0192,Pesca e aquicultura,010206,
8002401,PEIXE SALGADO ACARA,1091,Pescado industrializado,030104,
8003101,PEIXE INTEIRO LAMBARI,0192,Pesca e aquicultura,010206,
8003103,PEIXE INTEIRO PIABA BRANCA,0192,Pesca e aquicultura,010206,
8003108,PEIXE INTEIRO MOCINHA,0192,Pesca e aquicultura,010206,
8003109,PEIXE INTEIRO TAMBIU,0192,Pesca e aquicultura,010206,
8003111,PEIXE INTEIRO TAPIOCA,0192,Pesca e aquicultura,010206,
8003112,PEIXE INTEIRO MATUPIRI,0192,Pesca e aquicultura,010206,
8003115,PEIXE INTEIRO BRANQUINHA,0192,Pesca e aquicultura,010206,
8003116,PEIXE INTEIRO BRANQUINHO,0192,Pesca e aquicultura,010206,
8003118,PEIXE INTEIRO PIABINHA,0192,Pesca e aquicultura,010206,
8003123,PEIXE INTEIRO PIABA,0192,Pesca e aquicultura,010206,
8003301,PEIXE EM FILE FRESCO LAMBARI,0192,Pesca e aquicultura,010206,
8003401,PEIXE SALGADO LAMBARI,1091,Pescado industrializado,030104,
8004101,PEIXE INTEIRO SURUBIM,0192,Pesca e aquicultura,010206,
8004106,PEIXE INTEIRO JIRIPOCA,0192,Pesca e aquicultura,010206,
8004113,PEIXE INTEIRO JURUPENSEM,0192,Pesca e aquicultura,010206,
8004117,PEIXE INTEIRO PINTADO,0192,Pesca e aquicultura,010206,
8004118,PEIXE INTEIRO SURUBI,0192,Pesca e aquicultura,010206,
8004127,PEIXE INTEIRO BICO DE PATO,0192,Pesca e aquicultura,010206,
8004129,PEIXE INTEIRO CAXARA,0192,Pesca e aquicultura,010206,
8004201,PEIXE EM POSTAS SURUBIM,0192,Pesca e aquicultura,010206,
8004301,PEIXE EM FILE FRESCO SURUBIM,0192,Pesca e aquicultura,010206,
8004401,PEIXE SALGADO SURUBIM,1091,Pescado industrializado,030104,
8004501,PEIXE EM FILE CONGELADO SURUBIM,1091,Pescado industrializado,030104,
8004901,PEIXE PINTADO,0192,Pesca e aquicultura,010206,
8005101,PEIXE INTEIRO JACUNDA,0192,Pesca e aquicultura,010206,
8006101,PEIXE INTEIRO PIRARUCU,0192,Pesca e aquicultura,010206,
8006102,PEIXE INTEIRO PIRACU,0192,Pesca e aquicultura,010206,
8006201,PEIXE EM POSTAS PIRARUCU,0192,Pesca e aquicultura,010206,
8006301,PEIXE EM FILE FRESCO PIRARUCU,0192,Pesca e aquicultura,010206,
8006401,PEIXE SALGADO PIRARUCU,1091,Pescado industrializado,030104,
8006501,PEIXE EM FILE CONGELADO PIRARUCU,1091,Pescado industrializado,030104,
8007101,PEIXE INTEIRO ARACU,0192,Pesca e aquicultura,010206,
8007105,PEIXE INTEIRO ARACU PINTADO,0192,Pesca e aquicultura,010206,
8008101,PEIXE INTEIRO TILAPIA,0192,Pesca e aquicultura,010206,
8008201,PEIXE EM POSTAS TILAPIA,0192,Pesca e aquicultura,010206,
8008301,PEIXE EM FILE FRESCO TILAPIA,0192,Pesca e aquicultura,010206,
8008401,PEIXE SALGADO TILAPIA,1091,Pescado industrializado,030104,
8008501,PEIXE EM FILE CONGELADO TILAPIA,1091,Pescado industrializado,030104,
8009101,PEIXE INTEIRO JEJU,0192,Pesca e aquicultura,010206,
8009102,PEIXE INTEIRO TRAIRA PIXUNA (JEJU),0192,Pesca e aquicultura,010206,
8009103,PEIXE INTEIRO JIJU,0192,Pesca e aquicultura,010206,
8100101,PEIXE INTEIRO CURIMATA,0192,Pesca e aquicultura,010206,
8100102,PEIXE INTEIRO CURIMATAU,0192,Pesca e aquicultura,010206,
8100103,PEIXE INTEIRO CURIMATA (RIO),0192,Pesca e aquicultura,010206,
8100104,PEIXE INTEIRO CHIRA,0192,Pesca e aquicultura,010206,
8100106,PEIXE INTEIRO CORIMBA,0192,Pesca e aquicultura,010206,
8100108,PEIXE INTEIRO CURIBATA,0192,Pesca e aquicultura,010206,
8100109,PEIXE INTEIRO CURIMBA,0192,Pesca e aquicultura,010206,
8100110,PEIXE INTEIRO CURIMBATA,0192,Pesca e aquicultura,010206,
8100112,PEIXE INTEIRO CRUMATA,0192,Pesca e aquicultura,010206,
8100116,PEIXE INTEIRO GERICOIA,0192,Pesca e aquicultura,010206,
8100301,PEIXE EM FILE FRESCO CURIMATA,0192,Pesca e aquicultura,010206,
8100401,PEIXE SALGADO CURIMATA,1091,Pescado industrializado,030104,
8100501,PEIXE EM FILE CONGELADO CURIMATA,1091,Pescado industrializado,030104,
8100901,PEIXE CURIMATA,0192,Pesca e aquicultura,010206,
8101101,PEIXE INTEIRO TUCUNARE,0192,Pesca e aquicultura,010206,
8101105,PEIXE INTEIRO PUNARE,0192,Pesca e aquicultura,010206,
8101113,PEIXE INTEIRO TUCUNARE PINIMA,0192,Pesca e aquicultura,010206,
8101114,PEIXE INTEIRO BURRIQUETA DE RIO (TUCUNARE),0192,Pesca e aquicultura,010206,
8101201,PEIXE EM POSTAS TUCUNARE,0192,Pesca e aquicultura,010206,
8101301,PEIXE EM FILE FRESCO TUCUNARE,0192,Pesca e aquicultura,010206,
8101401,PEIXE SALGADO TUCUNARE,1091,Pescado industrializado,030104,
8101501,PEIXE EM FILE CONGELADO TUCUNARE,1091,Pescado industrializado,030104,
8102101,PEIXE INTEIRO ACARI,0192,Pesca e aquicultura,010206,
8102103,PEIXE INTEIRO CARITO,0192,Pesca e aquicultura,010206,
8102105,PEIXE INTEIRO PILATOS,0192,Pesca e aquicultura,010206,
8102107,PEIXE INTEIRO BODO,0192,Pesca e aquicultura,010206,
8102110,PEIXE INTEIRO CASCUDINHO,0192,Pesca e aquicultura,010206,
8102112,PEIXE INTEIRO CASCUDO COMUM,0192,Pesca e aquicultura,010206,
8102114,PEIXE INTEIRO CARI,0192,Pesca e aquicultura,010206,
8102125,PEIXE INTEIRO ACARI BODO,0192,Pesca e aquicultura,010206,
8102126,PEIXE INTEIRO CASCUDO,0192,Pesca e aquicultura,010206,
8102501,PEIXE EM FILE CONGELADO ACARI,1091,Pescado industrializado,030104,
8103101,PEIXE INTEIRO PIRAMUTABA,0192,Pesca e aquicultura,010206,
8103103,PEIXE INTEIRO PIRAMUTA,0192,Pesca e aquicultura,010206,
8103201,PEIXE EM POSTAS PIRAMUTABA,0192,Pesca e aquicultura,010206,
8103301,PEIXE EM FILE FRESCO PIRAMUTABA,0192,Pesca e aquicultura,010206,
8103401,PEIXE SALGADO PIRAMUTABA,1091,Pescado industrializado,030104,
8103501,PEIXE EM FILE CONGELADO PIRAMUTABA,1091,Pescado industrializado,030104,
8104101,PEIXE INTEIRO PIAU,0192,Pesca e aquicultura,010206,
8104102,PEIXE INTEIRO PIAU VERDADEIRO,0192,Pesca e aquicultura,010206,
8104201,PEIXE EM POSTAS PIAU,0192,Pesca e aquicultura,010206,
8104301,PEIXE EM FILE FRESCO PIAU,0192,Pesca e aquicultura,010206,
8104401,PEIXE SALGADO PIAU,1091,Pescado industrializado,030104,
8104501,PEIXE EM FILE CONGELADO PIAU,1091,Pescado industrializado,030104,
8106101,PEIXE INTEIRO DOURADO DE AGUA DOCE,0192,Pesca e aquicultura,010206,
8106201,PEIXE EM POSTAS DOURADO DE AGUA DOCE,0192,Pesca e aquicultura,010206,
8106301,PEIXE EM FILE FRESCO DOURADO DE AGUA DOCE,0192,Pesca e aquicultura,010206,
8106501,PEIXE EM FILE CONGELADO DOURADO DE AGUA DOCE,1091,Pescado industrializado,030104,
8107101,PEIXE INTEIRO TAMOATA,0192,Pesca e aquicultura,010206,
8107105,PEIXE INTEIRO TAMUATA,0192,Pesca e aquicultura,010206,
8107106,PEIXE INTEIRO TAMATA,0192,Pesca e aquicultura,010206,
8107107,PEIXE INTEIRO CAMBOTA,0192,Pesca e aquicultura,010206,
8109101,PEIXE INTEIRO MAPARA,0192,Pesca e aquicultura,010206,
8109105,PEIXE INTEIRO MAPARA DE CAMETA,0192,Pesca e aquicultura,010206,
8109110,PEIXE INTEIRO MAMPARA,0192,Pesca e aquicultura,010206,
8109501,PEIXE EM FILE CONGELADO MAPARA,1091,Pescado industrializado,030104,
8200101,PEIXE INTEIRO PIRANHA,0192,Pesca e aquicultura,010206,
8200116,PEIXE INTEIRO PIRAMPEBA,0192,Pesca e aquicultura,010206,
8200118,PEIXE INTEIRO PIRAMBEBA,0192,Pesca e aquicultura,010206,
8200201,PEIXE EM POSTAS PIRANHA,0192,Pesca e aquicultura,010206,
8201101,PEIXE INTEIRO PACU,0192,Pesca e aquicultura,010206,
8201105,PEIXE INTEIRO PACU CHATO,0192,Pesca e aquicultura,010206,
8201106,PEIXE INTEIRO PACU BRANCO,0192,Pesca e aquicultura,010206,
8201111,PEIXE INTEIRO PACUTINGA,0192,Pesca e aquicultura,010206,
8201117,PEIXE INTEIRO CAPADINHO,0192,Pesca e aquicultura,010206,
8201120,PEIXE INTEIRO CARANHA,0192,Pesca e aquicultura,010206,
8201201,PEIXE EM POSTAS PACU,0192,Pesca e aquicultura,010206,
8201301,PEIXE EM FILE FRESCO PACU,0192,Pesca e aquicultura,010206,
8201401,PEIXE SALGADO PACU,1091,Pescado industrializado,030104,
8201501,PEIXE EM FILE CONGELADO PACU,1091,Pescado industrializado,030104,
8202101,PEIXE INTEIRO TAMBAQUI,0192,Pesca e aquicultura,010206,
8202102,PEIXE INTEIRO CURUPETE,0192,Pesca e aquicultura,010206,
8202103,PEIXE INTEIRO PACU DO AMAZONAS (TAMBAQUI),0192,Pesca e aquicultura,010206,
8202201,PEIXE EM POSTAS TAMBAQUI,0192,Pesca e aquicultura,010206,
8202301,PEIXE EM FILE FRESCO TAMBAQUI,0192,Pesca e aquicultura,010206,
8202401,PEIXE SALGADO TAMBAQUI,1091,Pescado industrializado,030104,
8202501,PEIXE EM FILE CONGELADO TAMBAQUI,1091,Pescado industrializado,030104,
8202901,PEIXE TAMBAQUI,0192,Pesca e aquicultura,010206,
8203110,PEIXE INTEIRO CUMBACA (DE AGUA DOCE) (ANUJA),0192,Pesca e aquicultura,010206,
8203117,PEIXE INTEIRO LIRIO,0192,Pesca e aquicultura,010206,
8203118,PEIXE BAGRE DE RIO,0192,Pesca e aquicultura,010206,
8203119,PEIXE INTEIRO MANDI,0192,Pesca e aquicultura,010206,
8203120,PEIXE INTEIRO JUNDIA,0192,Pesca e aquicultura,010206,
8203123,PEIXE INTEIRO JANDIA,0192,Pesca e aquicultura,010206,
8204101,PEIXE INTEIRO SARDINHA DE AGUA DOCE,0192,Pesca e aquicultura,010206,
8204102,PEIXE INTEIRO APAPA,0192,Pesca e aquicultura,010206,
8204104,PEIXE INTEIRO SARDINHAO (AGUA DOCE),0192,Pesca e aquicultura,010206,
8204105,PEIXE INTEIRO SARDA DE AGUA DOCE,0192,Pesca e aquicultura,010206,
8204201,PEIXE EM POSTAS SARDINHA DE AGUA DOCE,0192,Pesca e aquicultura,010206,
8204301,PEIXE EM FILE FRESCO SARDINHA DE AGUA DOCE,0192,Pesca e aquicultura,010206,
8204501,PEIXE EM FILE CONGELADO SARDINHA DE AGUA DOCE,1091,Pescado industrializado,030104,
8205101,PEIXE INTEIRO JARAQUI,0192,Pesca e aquicultura,010206,
8205501,PEIXE EM FILE CONGELADO JARAQUI,1091,Pescado industrializado,030104,
8206104,PEIXE INTEIRO PIRAPUCU,0192,Pesca e aquicultura,010206,
8206115,PEIXE INTEIRO CUBIO,0192,Pesca e aquicultura,010206,
8206401,PEIXE SALGADO CACHORRO,1091,Pescado industrializado,030104,
8207101,PEIXE INTEIRO PIABANHA,0192,Pesca e aquicultura,010206,
8207102,PEIXE INTEIRO PIRAPITINGA,0192,Pesca e aquicultura,010206,
8207401,PEIXE SALGADO PIABANHA,1091,Pescado industrializado,030104,
8207601,PEIXE EM FILE FRESCO DE PIRAPITINGA,0192,Pesca e aquicultura,010206,
8208102,PEIXE INTEIRO FILHOTE,0192,Pesca e aquicultura,010206,
8208103,PEIXE INTEIRO PIRATINGA (PIRAIBA),0192,Pesca e aquicultura,010206,
8208201,PEIXE EM POSTAS PIRAIBA,0192,Pesca e aquicultura,010206,
8208301,PEIXE EM FILE FRESCO PIRAIBA,0192,Pesca e aquicultura,010206,
8209101,PEIXE INTEIRO BACU,0192,Pesca e aquicultura,010206,
8209102,PEIXE INTEIRO ABOTOADO,0192,Pesca e aquicultura,010206,
8301101,PEIXE INTEIRO PACAMAO DE AGUA DOCE,0192,Pesca e aquicultura,010206,
8301104,PEIXE INTEIRO PIRACURURU,0192,Pesca e aquicultura,010206,
8301107,PEIXE INTEIRO PACAMA DE AGUA DOCE,0192,Pesca e aquicultura,010206,
8302101,PEIXE INTEIRO DOURADA,0192,Pesca e aquicultura,010206,
8302102,PEIXE INTEIRO DOURADA DO AMAZONAS,0192,Pesca e aquicultura,010206,
8302104,PEIXE INTEIRO DOIRADA,0192,Pesca e aquicultura,010206,
8302201,PEIXE EM POSTAS DOURADA,0192,Pesca e aquicultura,010206,
8302301,PEIXE EM FILE FRESCO DOURADA,0192,Pesca e aquicultura,010206,
8302401,PEIXE SALGADO DOURADA,1091,Pescado industrializado,030104,
8302501,PEIXE EM FILE CONGELADO DOURADA,1091,Pescado industrializado,030104,
8302901,PEIXE DOURADA,0192,Pesca e aquicultura,010206,
8303101,PEIXE INTEIRO PIRANAMBU,0192,Pesca e aquicultura,010206,
8304101,PEIXE INTEIRO FIDALGO,0192,Pesca e aquicultura,010206,
8304901,PEIXE FIDALGO,0192,Pesca e aquicultura,010206,
8305102,PEIXE INTEIRO JATUBARANA,0192,Pesca e aquicultura,010206,
8305201,PEIXE EM POSTAS TABARANA,0192,Pesca e aquicultura,010206,
8306101,PEIXE INTEIRO MANDUBE,0192,Pesca e aquicultura,010206,
8306104,PEIXE INTEIRO MANDUVA,0192,Pesca e aquicultura,010206,
8306301,PEIXE EM FILE FRESCO MANDUBE,0192,Pesca e aquicultura,010206,
8307201,PEIXE EM POSTAS PIRAPUTANGA,0192,Pesca e aquicultura,010206,
8309201,PEIXE EM POSTAS PIAPARA,0192,Pesca e aquicultura,010206,
8400101,PEIXE INTEIRO ARUANA,0192,Pesca e aquicultura,010206,
8400105,PEIXE INTEIRO ARAUANA,0192,Pesca e aquicultura,010206,
8400106,PEIXE INTEIRO SULAMBA,0192,Pesca e aquicultura,010206,
8401201,PEIXE EM POSTAS PIRACANJUBA,0192,Pesca e aquicultura,010206,
8403101,CAMARAO DE AGUA DOCE,0192,Pesca e aquicultura,010206,
8403103,PITU (CAMARAO DE AGUA DOCE),0192,Pesca e aquicultura,010206,
8403107,CAMARAO CASTANHO (AGUA DOCE),0192,Pesca e aquicultura,010206,
8403401,CAMARAO DE AGUA DOCE SALGADO,1091,Pescado industrializado,030104,
8404101,TRACAJA,0192,Pesca e aquicultura,010206,
8404104,TARTARUGA DE AGUA DOCE,0192,Pesca e aquicultura,010206,
8404105,TARTARUGA DO AMAZONAS,0192,Pesca e aquicultura,010206,
8404117,IACA,0192,Pesca e aquicultura,010206,
8405115,PAULISTINHA,0192,Pesca e aquicultura,010206,
8406101,PEIXE INTEIRO BAGRE DE AGUA DOCE,0192,Pesca e aquicultura,010206,
8406201,PEIXE EM POSTAS BAGRE DE AGUA DOCE,0192,Pesca e aquicultura,010206,
8406301,PEIXE EM FILE FRESCO BAGRE DE AGUA DOCE,0192,Pesca e aquicultura,010206,
8406401,PEIXE SALGADO BAGRE DE AGUA DOCE,1091,Pescado industrializado,030104,
8406501,PEIXE EM FILE CONGELADO BAGRE DE AGUA DOCE,1091,Pescado industrializado,030104,
8409201,PEIXE EM POSTAS TRUTA,0192,Pesca e aquicultura,010206,
8500401,AVIU SALGADO,1091,Pescado industrializado,030104,
8501101,PEIXE INTEIRO MATRINXA,0192,Pesca e aquicultura,010206,
8501102,PEIXE INTEIRO MATRINXAO,0192,Pesca e aquicultura,010206,
8501104,PEIXE INTEIRO JATUARANA,0192,Pesca e aquicultura,010206,
8501201,PEIXE EM POSTAS MATRINXA,0192,Pesca e aquicultura,010206,
8501301,PEIXE EM FILE FRESCO MATRINXA,0192,Pesca e aquicultura,010206,
8501501,PEIXE EM FILE CONGELADO MATRINXA,1091,Pescado industrializado,030104,
8501901,PEIXE MATRINXA,0192,Pesca e aquicultura,010206,
8503101,PEIXE INTEIRO ARUIRI,0192,Pesca e aquicultura,010206,
8504101,PEIXE INTEIRO BAIACU,0192,Pesca e aquicultura,010206,
8505101,PEIXE INTEIRO CARPA,0192,Pesca e aquicultura,010206,
8507101,PEIXE INTEIRO VOADOR,0192,Pesca e aquicultura,010206,
8507102,PEIXE INTEIRO FLECHEIRO,0192,Pesca e aquicultura,010206,
8509101,PEIXE INTEIRO TRAIRAO,0192,Pesca e aquicultura,010206,
8510101,PEIXE INTEIRO CHAPEREMA,0192,Pesca e aquicultura,010206,
8999101,PEIXE INTEIRO,0192,Pesca e aquicultura,010206,
8999201,PEIXE EM POSTAS,0192,Pesca e aquicultura,010206,
8999301,PEIXE EM FILE FRESCO,0192,Pesca e aquicultura,010206,
8999401,PEIXE SALGADO,1091,Pescado industrializado,030104,
8999402,PEIXE SECO,1091,Pescado industrializado,030104,
8999501,PEIXE EM FILE CONGELADO,1091,Pescado industrializado,030104,
8999901,PEIXE,0192,Pesca e aquicultura,010206,
9000101,AZEITONA,1093,"Conservas de frutas, legumes e outros vegetais",030105,
9000102,AZEITONA EM CONSERVA,1093,"Conservas de frutas, legumes e outros vegetais",030105,
9000103,AZEITONA VERDE,1093,"Conservas de frutas, legumes e outros vegetais",030105,
9000104,AZEITONA PRETA,1093,"Conservas de frutas, legumes e outros vegetais",030105,
9000201,ERVILHA (PETIT POIS),1093,"Conservas de frutas, legumes e outros vegetais",030105,
9000202,PETIT POIS (ERVILHA),1093,"Conservas de frutas, legumes e outros vegetais",030105,
9000301,ERVILHA COM CENOURA EM CONSERVA,1093,"Conservas de frutas, legumes e outros vegetais",030105,
9000401,MILHO VERDE EM CONSERVA,1093,"Conservas de frutas, legumes e outros vegetais",030105,
9000501,PALMITO EM CONSERVA,1093,"Conservas de frutas, legumes e outros vegetais",030105,
9000601,COGUMELO EM CONSERVA,1093,"Conservas de frutas, legumes e outros vegetais",030105,
9000602,CHAMPIGNON EM CONSERVA,1093,"Conservas de frutas, legumes e outros vegetais",030105,
9000701,ASPARGO EM CONSERVA,1093,"Conservas de frutas, legumes e outros vegetais",030105,
9000902,CHUCRUTE,1093,"Conservas de frutas, legumes e outros vegetais",030105,
9001101,LEGUME (NAO ESPECIFICADO) EM CONSERVA,1093,"Conservas de frutas, legumes e outros vegetais",030105,
9001102,LEGUME (NAO ESPECIFICADO),1093,"Conservas de frutas, legumes e outros vegetais",030105,
9001201,SOPA INFANTIL DE QUALQUER SABOR,1093,Outros produtos alimentares,030118,
9001202,SOPA INFANTIL COM LEGUMES OU VERDURAS,1093,Outros produtos alimentares,030118,
9001203,ALIMENTO INFANTIL CREMOSO (EXCETO SOBREMESA),1093,Outros produtos alimentares,030118,
9001204,ALIMENTO INFANTIL EM PASTA (EXCETO SOBREMESA),1093,Outros produtos alimentares,030118,
9001206,CREME (ALIMENTO INFANTIL) (EXCETO SOBREMESA),1093,Outros produtos alimentares,030118,
9001301,SOPA DE LEGUMES EM CONSERVA,1093,"Conservas de frutas, legumes e outros vegetais",030105,
9001401,SOPA DESIDRATADA DE QUALQUER SABOR,1093,Outros produtos alimentares,030118,
9001402,SOPA EM PACOTE DE QUALQUER SABOR,1093,Outros produtos alimentares,030118,
9001403,SOPA CONCENTRADA EM PACOTE DE QUALQUER SABOR,1093,Outros produtos alimentares,030118,
9001404,CREME DE CEBOLA (SOPA DESIDRATADA),1093,Outros produtos alimentares,030118,
9001405,CREME DE LEGUMES (SOPA DESIDRATADA),1093,Outros produtos alimentares,030118,
9001406,YAKISSOBA (LEGUMES DESIDRATADOS),1093,Outros produtos alimentares,030118,
9001501,MILHO VERDE COM ERVILHA EM CONSERVA,1093,Outros produtos alimentares,030118,
9001601,PIMENTA MALAGUETA EM CONSERVA,1093,Outros produtos alimentares,030118,
9001801,PIMENTA (NAO ESPECIFICADA) EM CONSERVA,1093,Outros produtos alimentares,030118,
9001802,MOLHO DE PIMENTA (NAO ESPECIFICADO),1093,Outros produtos alimentares,030118,
9001901,FEIJOADA EM CONSERVA,1093,Outros produtos alimentares,030118,
9001902,FEIJOADA COMPLETA EM CONSERVA,1093,Outros produtos alimentares,030118,
9001903,FEIJOADA PRONTA,1093,Outros produtos alimentares,030118,
9002002,DOBRADINHA COM FEIJAO BRANCO EM CONSERVA,1093,Outros produtos alimentares,030118,
9002201,PATE DE FIGADO EM CONSERVA,1091,Abate e preparação de produtos de carne,030101,
9002202,PASTA DE FIGADO EM CONSERVA,1091,Abate e preparação de produtos de carne,030101,
9002301,PATE DE CARNE EM CONSERVA,1091,Abate e preparação de produtos de carne,030101,
9002302,PASTA DE CARNE EM CONSERVA,1091,Abate e preparação de produtos de carne,030101,
9002401,PATE DE PRESUNTO EM CONSERVA,1091,Abate e preparação de produtos de carne,030101,
9002402,PASTA DE PRESUNTO EM CONSERVA,1091,Abate e preparação de produtos de carne,030101,
9002501,PATE DE GALINHA EM CONSERVA,1091,"Carne de aves fresca, refrigerada ou congelada",030103,
9002502,PASTA DE GALINHA EM CONSERVA,1091,"Carne de aves fresca, refrigerada ou congelada",030103,
9002601,CARNE DE BOI EM CONSERVA,1091,Abate e preparação de produtos de carne,030101,
9002602,ALMONDEGA EM CONSERVA,1091,Abate e preparação de produtos de carne,030101,
9002603,KITUTE DE BOI,1091,Abate e preparação de produtos de carne,030101,
9002604,ALMONDEGA AO MOLHO EM CONSERVA,1091,Abate e preparação de produtos de carne,030101,
9002607,QUITUTE DE BOI,1091,Abate e preparação de produtos de carne,030101,
9002701,CARNE DE PORCO EM CONSERVA,1091,Abate e preparação de produtos de carne,030101,
9002702,FIAMBRADA DE PORCO,1091,Abate e preparação de produtos de carne,030101,
9002704,KITUTE DE PORCO,1091,Abate e preparação de produtos de carne,030101,
9002705,PRESUNTADA,1091,Abate e preparação de produtos de carne,030101,
9002707,FIAMBRE,1091,Abate e preparação de produtos de carne,030101,
9002708,AFIAMBRADO,1091,Abate e preparação de produtos de carne,030101,
9002801,SALSICHA EM CONSERVA,1091,Abate e preparação de produtos de carne,030101,
9002901,LINGUICA EM CONSERVA,1091,Abate e preparação de produtos de carne,030101,
9003001,PEIXE SARDINHA EM CONSERVA,1091,Pescado industrializado,030104,
9003002,SARDINHA EM CONSERVA,1091,Pescado industrializado,030104,
9003003,SARDINHA EM LATA,1091,Pescado industrializado,030104,
9003102,PEIXE ENCHOVA EM CONSERVA,1091,Pescado industrializado,030104,
9003201,PEIXE CORVINA EM CONSERVA,1091,Pescado industrializado,030104,
9003202,CORVINA EM CONSERVA,1091,Pescado industrializado,030104,
9003301,PEIXE CAVALINHA EM CONSERVA,1091,Pescado industrializado,030104,
9003302,CAVALINHA EM CONSERVA,1091,Pescado industrializado,030104,
9003401,PEIXE ATUM EM CONSERVA,1091,Pescado industrializado,030104,
9003402,ATUM EM CONSERVA,1091,Pescado industrializado,030104,
9003403,ATUM RALADO,1091,Pescado industrializado,030104,
9003404,ATUM SOLIDO,1091,Pescado industrializado,030104,
9003701,PEPINO EM CONSERVA,1093,"Conservas de frutas, legumes e outros vegetais",030105,
9003801,CEBOLA EM CONSERVA,1093,"Conservas de frutas, legumes e outros vegetais",030105,
9003902,PASTA DE PEIXE EM CONSERVA,1091,Pescado industrializado,030104,
9004001,PICLES,1093,"Conservas de frutas, legumes e outros vegetais",030105,
9004101,PEIXE BONITO EM CONSERVA,1091,Pescado industrializado,030104,
9004301,MORTADELA EM CONSERVA,1091,Abate e preparação de produtos de carne,030101,
9004401,ALGAS EM CONSERVA,1093,"Conservas de frutas, legumes e outros vegetais",030105,
9004501,PEIXE PESCADA EM CONSERVA,1091,Pescado industrializado,030104,
9004502,PESCADA EM CONSERVA,1091,Pescado industrializado,030104,
9004601,CARNE DE FRANGO OU GALINHA EM CONSERVA,1091,"Carne de aves fresca, refrigerada ou congelada",030103,
9004602,QUITUTE DE FRANGO OU GALINHA,1091,"Carne de aves fresca, refrigerada ou congelada",030103,
9004701,PATE DE PERU EM CONSERVA,1091,"Carne de aves fresca, refrigerada ou congelada",030103,
9004901,PEIXE TAINHA EM CONSERVA,1091,Pescado industrializado,030104,
9004903,KAMA BOKU (TAINHA EM CONSERVA),1091,Pescado industrializado,030104,
9005101,FIAMBRE DE CHESTER,1091,"Carne de aves fresca, refrigerada ou congelada",030103,
9005102,PRESUNTO DE CHESTER,1091,"Carne de aves fresca, refrigerada ou congelada",030103,
9005401,STROGONOFF EM CONSERVA,1093,Outros produtos alimentares,030118,
9005402,STROGONOFF ENCARTONADO,1093,Outros produtos alimentares,030118,
9005403,STROGONOFF EM PACOTE,1093,Outros produtos alimentares,030118,
9005601,CARNE EM CONSERVA NAO ESPECIFICADA,1091,Abate e preparação de produtos de carne,030101,
9005701,CONSERVA NAO ESPECIFICADA,1093,"Conservas de frutas, legumes e outros vegetais",030105,
9005801,ALIMENTO INFANTIL NAO ESPECIFICADO,1093,Outros produtos alimentares,030118,
9005802,NESTLE BABY,1093,Outros produtos alimentares,030118,
9005901,TOMATE SECO,1093,"Conservas de frutas, legumes e outros vegetais",030105,
9006001,SALMAO EM CONSERVA,1091,Pescado industrializado,030104,
9006101,KANI KAMA,1091,Pescado industrializado,030104,
9100101,FRANGO ABATIDO,1091,"Carne de aves fresca, refrigerada ou congelada",030103,
9100102,GALINHA ABATIDA,1091,"Carne de aves fresca, refrigerada ou congelada",030103,
9100103,FRANGO INTEIRO,1091,"Carne de aves fresca, refrigerada ou congelada",030103,
9100104,FRANGO CAIPIRA,1091,"Carne de aves fresca, refrigerada ou congelada",030103,
9100201,FRANGO CONGELADO,1091,"Carne de aves fresca, refrigerada ou congelada",030103,
9100202,GALINHA CONGELADA,1091,"Carne de aves fresca, refrigerada ou congelada",030103,
9100203,FRANGO TEMPERADO (CONGELADO),1091,"Carne de aves fresca, refrigerada ou congelada",030103,
9100204,GALINHA TEMPERADA (CONGELADA),1091,"Carne de aves fresca, refrigerada ou congelada",030103,
9100205,FRANGO RESFRIADO,1091,"Carne de aves fresca, refrigerada ou congelada",030103,
9100206,GALINHA RESFRIADA,1091,"Carne de aves fresca, refrigerada ou congelada",030103,
9100301,PARTE DE GALINHA OU FRANGO (NAO ESPECIFICADA),1091,"Carne de aves fresca, refrigerada ou congelada",030103,
9100302,FRANGO EM PEDACOS (NAO ESPECIFICADOS),1091,"Carne de aves fresca, refrigerada ou congelada",030103,
9100303,GALINHA EM PEDACOS (NAO ESPECIFICADOS),1091,"Carne de aves fresca, refrigerada ou congelada",030103,
9100304,CARNE DE GALINHA OU FRANGO (NAO ESPECIFICADA),1091,"Carne de aves fresca, refrigerada ou congelada",030103,
9100401,PEITO DE GALINHA OU FRANGO,1091,"Carne de aves fresca, refrigerada ou congelada",030103,
9100402,FILE DE FRANGO,1091,"Carne de aves fresca, refrigerada ou congelada",030103,
9100501,COXA DE GALINHA OU FRANGO,1091,"Carne de aves fresca, refrigerada ou congelada",030103,
9100502,SOBRECOXA DE GALINHA OU FRANGO,1091,"Carne de aves fresca, refrigerada ou congelada",030103,
9100503,COXA E SOBRECOXA DE GALINHA OU FRANGO,1091,"Carne de aves fresca, refrigerada ou congelada",030103,
9100601,DORSO DE GALINHA OU FRANGO,1091,"Carne de aves fresca, refrigerada ou congelada",030103,
9100602,CARCACA DE GALINHA OU FRANGO,1091,"Carne de aves fresca, refrigerada ou congelada",030103,
9100701,ASA DE GALINHA OU FRANGO,1091,"Carne de aves fresca, refrigerada ou congelada",030103,
9100702,DRUMETE (PARTE DA ASA DE GALINHA OU FRANGO),1091,"Carne de aves fresca, refrigerada ou congelada",030103,
9100703,ASA DE FRANGO,1091,"Carne de aves fresca, refrigerada ou congelada",030103,
9100704,ASA DE GALINHA,1091,"Carne de aves fresca, refrigerada ou congelada",030103,
9100705,ASA DE FRANGO TEMPERADO,1091,"Carne de aves fresca, refrigerada ou congelada",030103,
9100801,PESCOCO DE GALINHA OU FRANGO,1091,"Carne de aves fresca, refrigerada ou congelada",030103,
9100901,PE DE GALINHA OU FRANGO,1091,"Carne de aves fresca, refrigerada ou congelada",030103,
9101001,MIUDOS DE GALINHA OU FRANGO (NAO ESPECIFICADOS),1091,"Carne de aves fresca, refrigerada ou congelada",030103,
9101101,MOELA DE GALINHA OU FRANGO,1091,"Carne de aves fresca, refrigerada ou congelada",030103,
9101201,CORACAO DE GALINHA OU FRANGO,1091,"Carne de aves fresca, refrigerada ou congelada",030103,
9101301,FIGADO DE GALINHA OU FRANGO,1091,"Carne de aves fresca, refrigerada ou congelada",030103,
9101401,FRANGO VIVO,0192,Aves vivas,010204,
9101402,GALINHA VIVA,0192,Aves vivas,010204,
9101403,GALINHA EM PE,0192,Aves vivas,010204,
9101404,FRANGO EM PE,0192,Aves vivas,010204,
9101501,PERU ABATIDO,1091,"Carne de aves fresca, refrigerada ou congelada",030103,
9101601,PERU CONGELADO,1091,"Carne de aves fresca, refrigerada ou congelada",030103,
9101602,PERU TEMPERADO CONGELADO,1091,"Carne de aves fresca, refrigerada ou congelada",030103,
9101701,PARTE DE PERU (NAO ESPECIFICADA),1091,"Carne de aves fresca, refrigerada ou congelada",030103,
9101703,CARNE DE PERU (NAO ESPECIFICADA),1091,"Carne de aves fresca, refrigerada ou congelada",030103,
9101801,PEITO DE PERU,1091,"Carne de aves fresca, refrigerada ou congelada",030103,
9101901,COXA DE PERU,1091,"Carne de aves fresca, refrigerada ou congelada",030103,
9102101,ASA DE PERU,1091,"Carne de aves fresca, refrigerada ou congelada",030103,
9102201,PERU VIVO,0192,Aves vivas,010204,
9102301,COXA NAO ESPECIFICADA,1091,"Carne de aves fresca, refrigerada ou congelada",030103,
9102302,FRANGO A PASSARINHO,1091,"Carne de aves fresca, refrigerada ou congelada",030103,
9102401,COXA E SOBRECOXA NAO ESPECIFICADA,1091,"Carne de aves fresca, refrigerada ou congelada",030103,
9102501,COXA E ASA DE GALINHA OU FRANGO,1091,"Carne de aves fresca, refrigerada ou congelada",030103,
9102601,COXA E PEITO DE GALINHA OU FRANGO,1091,"Carne de aves fresca, refrigerada ou congelada",030103,
9102701,CHESTER,1091,"Carne de aves fresca, refrigerada ou congelada",030103,
9102702,TENDER,1091,Abate e preparação de produtos de carne,030101,
9102901,NUGGETS DE FRANGO,1091,"Carne de aves fresca, refrigerada ou congelada",030103,
9102902,STEAK DE FRANGO,1091,"Carne de aves fresca, refrigerada ou congelada",030103,
9103001,"CODORNA ABATIDA,CONGELADA OU VIVA",1091,"Carne de aves fresca, refrigerada ou congelada",030103,
9103101,CANJA DESIDRATADA,1093,Outros produtos alimentares,030118,
9103201,PE E ASA DE GALINHA OU FRANGO,1091,"Carne de aves fresca, refrigerada ou congelada",030103,
9103301,OVO DE GALINHA,0192,Ovos de galinha e de outras aves,010205,
9103401,OVO DE PATA,0192,Ovos de galinha e de outras aves,010205,
9103501,OVO DE CODORNA,0192,Ovos de galinha e de outras aves,010205,
9103601,COSTELA E PE DE GALINHA OU FRANGO,1091,"Carne de aves fresca, refrigerada ou congelada",030103,
9103701,"OUTRAS AVES ABATIDAS,CONGELADAS OU VIVAS",1091,"Carne de aves fresca, refrigerada ou congelada",030103,
9103702,"GALINHA DE ANGOLA ABATIDA,CONGELADA OU VIVA",1091,"Carne de aves fresca, refrigerada ou congelada",030103,
9103703,"CAPOTE ABATIDA,CONGELADA OU VIVA",1091,"Carne de aves fresca, refrigerada ou congelada",030103,
9103706,"POMBO ABATIDO,CONGELADO OU VIVO",1091,"Carne de aves fresca, refrigerada ou congelada",030103,
9103902,PATO VIVO,0192,Aves vivas,010204,
9103904,PATO ABATIDO,1091,"Carne de aves fresca, refrigerada ou congelada",030103,
9103905,PATO CONGELADO,1091,"Carne de aves fresca, refrigerada ou congelada",030103,
9103909,COXA DE PATO,1091,"Carne de aves fresca, refrigerada ou congelada",030103,
9103913,CARNE DE PATO NAO ESPECIFICADA,1091,"Carne de aves fresca, refrigerada ou congelada",030103,
9104001,"CABECA DE GALINHA,PATO,PERU,MARRECO,GALINHA DE ANGOLA",1091,"Carne de aves fresca, refrigerada ou congelada",030103,
9104101,PESCOCO DE PERU,1091,"Carne de aves fresca, refrigerada ou congelada",030103,
9104201,SOBRECOXA NAO ESPECIFICADA,1091,"Carne de aves fresca, refrigerada ou congelada",030103,
9104301,OVO DE MARRECA,0192,Ovos de galinha e de outras aves,010205,
9104401,OVO DE TRACAJA,0192,Ovos de galinha e de outras aves,010205,
9104601,OSSO DE PERU,1091,"Carne de aves fresca, refrigerada ou congelada",030103,
9104701,RIM DE GALINHA,1091,"Carne de aves fresca, refrigerada ou congelada",030103,
9104801,SAMBIQUIRA DE GALINHA OU FRANGO,1091,"Carne de aves fresca, refrigerada ou congelada",030103,
9104901,SAMBIQUIRA DE PERU,1091,"Carne de aves fresca, refrigerada ou congelada",030103,
9105001,SAMBIQUIRA NAO ESPECIFICADA,1091,"Carne de aves fresca, refrigerada ou congelada",030103,
9105101,LEITE DE VACA PASTEURIZADO,1093,"Leite resfriado, esterilizado e pasteurizado",030109,
9105102,LEITE TIPO B,1093,"Leite resfriado, esterilizado e pasteurizado",030109,
9105103,LEITE TIPO C,1093,"Leite resfriado, esterilizado e pasteurizado",030109,
9105104,LEITE ESPECIAL,1093,"Leite resfriado, esterilizado e pasteurizado",030109,
9105105,LEITE LONGA VIDA,1093,"Leite resfriado, esterilizado e pasteurizado",030109,
9105107,LEITE TIPO A,1093,"Leite resfriado, esterilizado e pasteurizado",030109,
9105108,LEITE DESNATADO,1093,"Leite resfriado, esterilizado e pasteurizado",030109,
9105109,LEITE ESTERILIZADO,1093,"Leite resfriado, esterilizado e pasteurizado",030109,
9105110,LEITE INTEGRAL,1093,"Leite resfriado, esterilizado e pasteurizado",030109,
9105111,LEITE PASTEURIZADO,1093,"Leite resfriado, esterilizado e pasteurizado",030109,
9105112,LEITE SEMI DESNATADO,1093,"Leite resfriado, esterilizado e pasteurizado",030109,
9105113,LEITE (NAO ESPECIFICADO),1093,"Leite resfriado, esterilizado e pasteurizado",030109,
9105201,LEITE DE VACA FRESCO (IN NATURA),0192,Leite de vaca e de outros animais,010202,
9105202,LEITE DA ROCA,0192,Leite de vaca e de outros animais,010202,
9105301,LEITE DE CABRA,1093,"Leite resfriado, esterilizado e pasteurizado",030109,
9105401,LEITE DE BUFALA,1093,"Leite resfriado, esterilizado e pasteurizado",030109,
9105601,LEITE EM PO INTEGRAL,1093,Produtos do laticínio e sorvetes,030110,
9105602,LEITE EM PO NINHO INTEGRAL,1093,Produtos do laticínio e sorvetes,030110,
9105603,LEITE EM PO GLORIA (INTEGRAL),1093,Produtos do laticínio e sorvetes,030110,
9105604,LEITE EM PO NINHO INSTANTANEO (INTEGRAL),1093,Produtos do laticínio e sorvetes,030110,
9105605,LEITE EM PO NESTOGENO (2. SEMESTRE) (INTEGRAL),1093,Produtos do laticínio e sorvetes,030110,
9105606,LEITE EM PO LACTOGENO (INTEGRAL),1093,Produtos do laticínio e sorvetes,030110,
9105607,LEITE EM PO NANON (INTEGRAL),1093,Produtos do laticínio e sorvetes,030110,
9105701,LEITE EM PO DESENGORDURADO,1093,Produtos do laticínio e sorvetes,030110,
9105704,LEITE EM PO MOCOCA (DESENGORDURADO),1093,Produtos do laticínio e sorvetes,030110,
9105705,LEITE EM PO DESNATADO (DESENGORDURADO),1093,Produtos do laticínio e sorvetes,030110,
9105706,LEITE EM PO SEMILKO (DESENGORDURADO),1093,Produtos do laticínio e sorvetes,030110,
9105707,LEITE EM PO NESTOGENO (1. SEMESTRE) (DESENGORDURADO),1093,Produtos do laticínio e sorvetes,030110,
9105708,LEITE EM PO MOLICO (DESENGORDURADO),1093,Produtos do laticínio e sorvetes,030110,
9105710,LEITE EM PO DESNATADO,1093,Produtos do laticínio e sorvetes,030110,
9105801,LEITE EM PO (NAO ESPECIFICADO),1093,Produtos do laticínio e sorvetes,030110,
9105901,LEITE CONDENSADO,1093,Produtos do laticínio e sorvetes,030110,
9105902,LEITE MOCA,1093,Produtos do laticínio e sorvetes,030110,
9105903,BEIJINHO,1093,Produtos do laticínio e sorvetes,030110,
9105904,MOCA FESTA,1093,Produtos do laticínio e sorvetes,030110,
9106001,CREME DE LEITE,1093,Produtos do laticínio e sorvetes,030110,
9106101,CHANTILLY,1093,Produtos do laticínio e sorvetes,030110,
9106201,IOGURTE DE QUALQUER SABOR,1093,Produtos do laticínio e sorvetes,030110,
9106202,DANONE (IOGURTE),1093,Produtos do laticínio e sorvetes,030110,
9106203,IOGURTE LIGHT,1093,Produtos do laticínio e sorvetes,030110,
9106204,IOGURTE DIET,1093,Produtos do laticínio e sorvetes,030110,
9106205,IOGURTE DESNATADO,1093,Produtos do laticínio e sorvetes,030110,
9106206,IOGURTE NATURAL,1093,Produtos do laticínio e sorvetes,030110,
9106301,YAKULT DE QUALQUER SABOR,1093,Produtos do laticínio e sorvetes,030110,
9106302,LEITE FERMENTADO (YAKULT),1093,Produtos do laticínio e sorvetes,030110,
9106303,BEBIDA LACTEA,1093,Produtos do laticínio e sorvetes,030110,
9106304,LEITE FERMENTADO,1093,Produtos do laticínio e sorvetes,030110,
9106401,COALHADA,1093,Produtos do laticínio e sorvetes,030110,
9106501,MANTEIGA COM OU SEM SAL,1093,Produtos do laticínio e sorvetes,030110,
9106502,MANTEIGA COM SAL,1093,Produtos do laticínio e sorvetes,030110,
9106503,MANTEIGA SEM SAL,1093,Produtos do laticínio e sorvetes,030110,
9106504,MANTEIGA DA TERRA,1093,Produtos do laticínio e sorvetes,030110,
9106505,MANTEIGA DE GARRAFA,1093,Produtos do laticínio e sorvetes,030110,
9106506,MANTEIGA DE LEITE,1093,Produtos do laticínio e sorvetes,030110,
9106507,MANTEIGA VEGETAL,1093,Produtos do laticínio e sorvetes,030110,
9106508,MANTEIGA DE PORCO,1093,Produtos do laticínio e sorvetes,030110,
9106601,MARGARINA VEGETAL COM OU SEM SAL,1093,Outros óleos e gordura vegetal e animal exclusive milho,030107,
9106602,MARGARINA COM OU SEM SAL,1093,Outros óleos e gordura vegetal e animal exclusive milho,030107,
9106603,MARGARINA DIET COM OU SEM SAL,1093,Outros óleos e gordura vegetal e animal exclusive milho,030107,
9106604,MARGARINA COM SAL,1093,Outros óleos e gordura vegetal e animal exclusive milho,030107,
9106605,MARGARINA DE MILHO,1093,Outros óleos e gordura vegetal e animal exclusive milho,030107,
9106606,MARGARINA DE SOJA,1093,Outros óleos e gordura vegetal e animal exclusive milho,030107,
9106607,MARGARINA LIGHT,1093,Outros óleos e gordura vegetal e animal exclusive milho,030107,
9106608,MARGARINA SEM SAL,1093,Outros óleos e gordura vegetal e animal exclusive milho,030107,
9106701,QUEIJO PRATO,1093,Produtos do laticínio e sorvetes,030110,
9106702,QUEIJO TIPO LANCHE,1093,Produtos do laticínio e sorvetes,030110,
9106703,QUEIJO COLONIAL,1093,Produtos do laticínio e sorvetes,030110,
9106801,QUEIJO MUZARELLA,1093,Produtos do laticínio e sorvetes,030110,
9106802,MUZARELLA,1093,Produtos do laticínio e sorvetes,030110,
9106803,MUSSARELA,1093,Produtos do laticínio e sorvetes,030110,
9106804,QUEIJO MUSSARELA,1093,Produtos do laticínio e sorvetes,030110,
9106805,MUSSARELA FATIADA,1093,Produtos do laticínio e sorvetes,030110,
9106806,RETALHO DE MUSSARELA,1093,Produtos do laticínio e sorvetes,030110,
9106807,MUSSARELA DE BUFALA,1093,Produtos do laticínio e sorvetes,030110,
9106808,MUSSARELA LIGHT,1093,Produtos do laticínio e sorvetes,030110,
9106901,QUEIJO DO REINO,1093,Produtos do laticínio e sorvetes,030110,
9106903,QUEIJO CUIA,1093,Produtos do laticínio e sorvetes,030110,
9107001,QUEIJO DE MINAS,1093,Produtos do laticínio e sorvetes,030110,
9107002,QUEIJO MINAS,1093,Produtos do laticínio e sorvetes,030110,
9107003,QUEIJO DE MANTEIGA,1093,Produtos do laticínio e sorvetes,030110,
9107004,QUECHIMIA,1093,Produtos do laticínio e sorvetes,030110,
9107005,QUEIJO DE COALHO,1093,Produtos do laticínio e sorvetes,030110,
9107006,QUEIJO TIPO MINAS,1093,Produtos do laticínio e sorvetes,030110,
9107007,QUEIJO MINAS CURADO,1093,Produtos do laticínio e sorvetes,030110,
9107008,QUEIJO CANASTRA,1093,Produtos do laticínio e sorvetes,030110,
9107009,QUEIJO DE MINAS CURADO,1093,Produtos do laticínio e sorvetes,030110,
9107010,QUEIJO DO SERRO,1093,Produtos do laticínio e sorvetes,030110,
9107011,QUEIJO CATIARA,1093,Produtos do laticínio e sorvetes,030110,
9107201,QUEIJO RICOTA,1093,Produtos do laticínio e sorvetes,030110,
9107401,QUEIJO PARMEZON,1093,Produtos do laticínio e sorvetes,030110,
9107402,QUEIJO PARMEZAO,1093,Produtos do laticínio e sorvetes,030110,
9107403,QUEIJO RALADO,1093,Produtos do laticínio e sorvetes,030110,
9107501,QUEIJO PROVOLONE,1093,Produtos do laticínio e sorvetes,030110,
9107601,QUEIJO CAMEMBERT,1093,Produtos do laticínio e sorvetes,030110,
9107801,QUEIJO POLENGUINHO,1093,Produtos do laticínio e sorvetes,030110,
9107802,QUEIJO FUNDIDO,1093,Produtos do laticínio e sorvetes,030110,
9107803,QUEIJO PASTEURIZADO,1093,Produtos do laticínio e sorvetes,030110,
9107804,QUEIJO PASTEURIZADO POLENGUINHO,1093,Produtos do laticínio e sorvetes,030110,
9107901,REQUEIJAO,1093,Produtos do laticínio e sorvetes,030110,
9107902,QUEIJO CREMOSO,1093,Produtos do laticínio e sorvetes,030110,
9107903,QUEIJO TIPO CREME,1093,Produtos do laticínio e sorvetes,030110,
9107904,QUEIJO EM PASTA,1093,Produtos do laticínio e sorvetes,030110,
9107905,QUEIJO TIPO DANONINHO,1093,Produtos do laticínio e sorvetes,030110,
9107906,DANONINHO (QUEIJO),1093,Produtos do laticínio e sorvetes,030110,
9107907,REQUEIJAO CREMOSO,1093,Produtos do laticínio e sorvetes,030110,
9107908,QUEIJO CATUPIRI (REQUEIJAO),1093,Produtos do laticínio e sorvetes,030110,
9108001,QUEIJO (NAO ESPECIFICADO),1093,Produtos do laticínio e sorvetes,030110,
9108201,NATA DOCE OU SALGADA,1093,Produtos do laticínio e sorvetes,030110,
9108202,NATA COLONIAL,1093,Produtos do laticínio e sorvetes,030110,
9108501,LEITE DE SOJA EM PO,1093,Outros produtos alimentares,030118,
9108502,NOVOMILK (LEITE DE SOJA) EM PO,1093,Outros produtos alimentares,030118,
9108601,QUEIJO DE SOJA,1093,Outros produtos alimentares,030118,
9108602,TOFU (QUEIJO DE SOJA),1093,Outros produtos alimentares,030118,
9108701,QUEIJO GORGONZOLA,1093,Produtos do laticínio e sorvetes,030110,
9108801,LEITE COM SABOR,1093,Produtos do laticínio e sorvetes,030110,
9108802,LEITE ACHOCOLATADO,1093,Produtos do laticínio e sorvetes,030110,
9108803,LEITE LONGA VIDA COM SABOR,1093,Produtos do laticínio e sorvetes,030110,
9108804,ACHOCOLATADO (LEITE),1093,Produtos do laticínio e sorvetes,030110,
9108805,LEITE VITAMINADO,1093,Produtos do laticínio e sorvetes,030110,
9108806,LEITE VITAMINADO TODDYNHO,1093,Produtos do laticínio e sorvetes,030110,
9108807,TODDYNHO (LEITE ACHOCOLATADO),1093,Produtos do laticínio e sorvetes,030110,
9108809,LEITE AROMATIZADO,1093,Produtos do laticínio e sorvetes,030110,
9108810,BEBIDA ACHOCOLATADA,1093,Produtos do laticínio e sorvetes,030110,
9108811,LEITE EM PO COM SABOR,1093,Produtos do laticínio e sorvetes,030110,
9108901,LEITE DE SOJA COM SABOR (LIQUIDO),1093,Outros produtos alimentares,030118,
9108903,ADES (LEITE DE SOJA LIGHT),1093,Outros produtos alimentares,030118,
9108904,ADES ORIGINAL (LEITE DE SOJA),1093,Outros produtos alimentares,030118,
9109601,OUTROS QUEIJOS,1093,Produtos do laticínio e sorvetes,030110,
9109602,QUEIJO SUICO,1093,Produtos do laticínio e sorvetes,030110,
9109603,QUEIJO DE TRANCA,1093,Produtos do laticínio e sorvetes,030110,
9109604,QUEIJO CAVALO,1093,Produtos do laticínio e sorvetes,030110,
9109605,QUEIJO TIPO GOLDA,1093,Produtos do laticínio e sorvetes,030110,
9109606,QUEIJO QUARCK,1093,Produtos do laticínio e sorvetes,030110,
9109701,AVOANTE (AVE DE MIGRACAO),0192,Aves vivas,010204,
9109801,ROLE DE PERU,1091,"Carne de aves fresca, refrigerada ou congelada",030103,
9109901,COXA E ASA NAO ESPECIFICADA,1091,"Carne de aves fresca, refrigerada ou congelada",030103,
9110001,COXA E ASA DE PERU,1091,"Carne de aves fresca, refrigerada ou congelada",030103,
9110101,PERU EMPANADO,1091,"Carne de aves fresca, refrigerada ou congelada",030103,
9200101,PAO FRANCES,1093,Outros produtos alimentares,030118,
9200102,PAO DE AGUA,1093,Outros produtos alimentares,030118,
9200103,PAO DE HAMBURGUER,1093,Outros produtos alimentares,030118,
9200104,BISNAGA,1093,Outros produtos alimentares,030118,
9200105,PAO DE SAL,1093,Outros produtos alimentares,030118,
9200106,PAO DE TRIGO,1093,Outros produtos alimentares,030118,
9200107,PAO CACETINHO,1093,Outros produtos alimentares,030118,
9200108,PAO SUICO,1093,Outros produtos alimentares,030118,
9200109,PAO CARECA,1093,Outros produtos alimentares,030118,
9200110,PAO FILAO,1093,Outros produtos alimentares,030118,
9200111,PAO DE SEMOLINA,1093,Outros produtos alimentares,030118,
9200112,PAO BENGALA,1093,Outros produtos alimentares,030118,
9200113,PAO BISNAGA,1093,Outros produtos alimentares,030118,
9200114,BENGALA,1093,Outros produtos alimentares,030118,
9200115,PAO SOVADO,1093,Outros produtos alimentares,030118,
9200117,PAO SIRIO,1093,Outros produtos alimentares,030118,
9200118,PAO FRANCES BISNAGA,1093,Outros produtos alimentares,030118,
9200119,PAO DE CHA,1093,Outros produtos alimentares,030118,
9200122,PAO MASSA FINA,1093,Outros produtos alimentares,030118,
9200124,PAO CARIOQUINHA,1093,Outros produtos alimentares,030118,
9200125,PAO PRESUNTO,1093,Outros produtos alimentares,030118,
9200126,PAO DE BANHA,1093,Outros produtos alimentares,030118,
9200127,PAO BANQUETE,1093,Outros produtos alimentares,030118,
9200128,PAO BAQUETE,1093,Outros produtos alimentares,030118,
9200129,PAO BAGUETE,1093,Outros produtos alimentares,030118,
9200130,PAO ARABE,1093,Outros produtos alimentares,030118,
9200131,PAO CARTEIRA (SALGADO),1093,Outros produtos alimentares,030118,
9200132,PAO SEDA,1093,Outros produtos alimentares,030118,
9200133,PAO TABICA,1093,Outros produtos alimentares,030118,
9200134,PAO PALITO,1093,Outros produtos alimentares,030118,
9200136,PAO BAIANO,1093,Outros produtos alimentares,030118,
9200137,PAO MANUAL,1093,Outros produtos alimentares,030118,
9200138,MINI PAO,1093,Outros produtos alimentares,030118,
9200139,MINI PAO FRANCES,1093,Outros produtos alimentares,030118,
9200140,MINI BAGUETE,1093,Outros produtos alimentares,030118,
9200141,MINI BENGALA,1093,Outros produtos alimentares,030118,
9200142,PAO MASSA GROSSA,1093,Outros produtos alimentares,030118,
9200143,PAO PIZZA,1093,Outros produtos alimentares,030118,
9200144,PAO RECHEADO (SALGADO),1093,Outros produtos alimentares,030118,
9200145,PAO CIABATA,1093,Outros produtos alimentares,030118,
9200146,PAO CERVEJINHA,1093,Outros produtos alimentares,030118,
9200147,PAO DE CARA,1093,Outros produtos alimentares,030118,
9200148,PAO PORTUGUES,1093,Outros produtos alimentares,030118,
9200149,PAO SERIDO,1093,Outros produtos alimentares,030118,
9200201,PAO DOCE,1093,Outros produtos alimentares,030118,
9200202,PAO ALMOFADINHA,1093,Outros produtos alimentares,030118,
9200203,CHINEQUE,1093,Outros produtos alimentares,030118,
9200204,PAO DOCE COM COCO,1093,Outros produtos alimentares,030118,
9200205,PAO DOCE COMUM,1093,Outros produtos alimentares,030118,
9200206,PAO BOLACHAO,1093,Outros produtos alimentares,030118,
9200207,PAO DOCE COM CREME,1093,Outros produtos alimentares,030118,
9200208,PAO DOCE COM RECHEIO,1093,Outros produtos alimentares,030118,
9200209,PAO DOCE SEM COCO,1093,Outros produtos alimentares,030118,
9200210,PAO DOCE ESPECIAL,1093,Outros produtos alimentares,030118,
9200211,PAO TRANCA COM FAROFA,1093,Outros produtos alimentares,030118,
9200212,PAO DOCE CARECA,1093,Outros produtos alimentares,030118,
9200213,PAO DE LEITE (PAO DOCE),1093,Outros produtos alimentares,030118,
9200214,PAO CARECA DOCE,1093,Outros produtos alimentares,030118,
9200215,PAO DOCE DE TRIGO,1093,Outros produtos alimentares,030118,
9200216,MASSINHA DOCE (PAO DOCE),1093,Outros produtos alimentares,030118,
9200217,PAO DOCE DE LEITE,1093,Outros produtos alimentares,030118,
9200218,CHINEQUE COM FAROFA,1093,Outros produtos alimentares,030118,
9200219,PAO LANCHE,1093,Outros produtos alimentares,030118,
9200220,PAO DE LANCHE,1093,Outros produtos alimentares,030118,
9200221,PAO DOCE COM MEL,1093,Outros produtos alimentares,030118,
9200223,PAO DE COCO,1093,Outros produtos alimentares,030118,
9200224,PAO AMANTEIGADO (DOCE),1093,Outros produtos alimentares,030118,
9200229,PAO DE MEL,1093,Outros produtos alimentares,030118,
9200230,PAO CARTEIRA (DOCE),1093,Outros produtos alimentares,030118,
9200231,PAO ALEMAO,1093,Outros produtos alimentares,030118,
9200232,PAO MANDI,1093,Outros produtos alimentares,030118,
9200233,PAO MANDIM,1093,Outros produtos alimentares,030118,
9200234,PANETONE,1093,Outros produtos alimentares,030118,
9200235,PAO MANTEIGA,1093,Outros produtos alimentares,030118,
9200236,PAO RECHEADO (DOCE),1093,Outros produtos alimentares,030118,
9200237,BISNAGUINHA,1093,Outros produtos alimentares,030118,
9200238,MINI BAGUETE,1093,Outros produtos alimentares,030118,
9200239,MINI BENGALA,1093,Outros produtos alimentares,030118,
9200301,PAO DE FORMA DE PADARIA (ADOCICADO),1093,Outros produtos alimentares,030118,
9200302,PAO DE SANDUICHE DE PADARIA (ADOCICADO),1093,Outros produtos alimentares,030118,
9200401,PAO DE FORMA DE PADARIA (SALGADO),1093,Outros produtos alimentares,030118,
9200402,PAO DE SANDUICHE DE PADARIA (SALGADO),1093,Outros produtos alimentares,030118,
9200501,PAO DE FORMA INDUSTRIALIZADO DE QUALQUER MARCA,1093,Outros produtos alimentares,030118,
9200502,PAO SEVEN BOYS,1093,Outros produtos alimentares,030118,
9200504,PAO DE FORMA PLUS VITA,1093,Outros produtos alimentares,030118,
9200505,PAO DE FORMA DE LEITE PULLMAN,1093,Outros produtos alimentares,030118,
9200506,PAO DE FORMA SEVEN BOYS,1093,Outros produtos alimentares,030118,
9200507,PAO DE FORMA PETROPOLIS,1093,Outros produtos alimentares,030118,
9200508,PAO PLUS VITA,1093,Outros produtos alimentares,030118,
9200509,PAO DE CAIXA,1093,Outros produtos alimentares,030118,
9200510,PAO INGLES,1093,Outros produtos alimentares,030118,
9200511,PAO RECIFE,1093,Outros produtos alimentares,030118,
9200512,PAO ITALIANO,1093,Outros produtos alimentares,030118,
9200513,PAO PULLMAN,1093,Outros produtos alimentares,030118,
9200515,PAO DE FORMA PULLMAN,1093,Outros produtos alimentares,030118,
9200516,PAO DE SANDUICHE INDUSTRIALIZADO DE QUALQUER MARCA,1093,Outros produtos alimentares,030118,
9200517,PAO DIET (DE FORMA INDUSTRIALIZADO),1093,Outros produtos alimentares,030118,
9200518,PAO DIET WICK BOLD,1093,Outros produtos alimentares,030118,
9200519,PAO LIGHT (DE FORMA INDUSTRIALIZADO),1093,Outros produtos alimentares,030118,
9200701,PAO DE GLUTEN,1093,Outros produtos alimentares,030118,
9200801,PAO DE QUEIJO,1093,Outros produtos alimentares,030118,
9200901,PAO DE CACHORRO QUENTE,1093,Outros produtos alimentares,030118,
9201001,PAO DE BATATA,1093,Outros produtos alimentares,030118,
9201101,PAO DE MILHO,1093,Outros produtos alimentares,030118,
9201102,PAO DE FORMA DE MILHO,1093,Outros produtos alimentares,030118,
9201103,PAO DE FUBA,1093,Outros produtos alimentares,030118,
9201105,PAO BROTE,1093,Outros produtos alimentares,030118,
9201201,PAO DE AIPIM,1093,Outros produtos alimentares,030118,
9201202,PAO DE GOMA,1093,Outros produtos alimentares,030118,
9201203,PAO DE MANDIOCA,1093,Outros produtos alimentares,030118,
9201204,PAO DE MACAXEIRA,1093,Outros produtos alimentares,030118,
9201301,PAO DE CENTEIO,1093,Outros produtos alimentares,030118,
9201302,PAO PRETO,1093,Outros produtos alimentares,030118,
9201303,PAO CRIOULO,1093,Outros produtos alimentares,030118,
9201401,PAO INTEGRAL,1093,Outros produtos alimentares,030118,
9201402,PAO DE GRAHAM PLUS VITA,1093,Outros produtos alimentares,030118,
9201403,PAO DE GRAHAM,1093,Outros produtos alimentares,030118,
9201404,PAO INTEGRAL PLUS VITA,1093,Outros produtos alimentares,030118,
9201501,PAO NAO ESPECIFICADO,1093,Outros produtos alimentares,030118,
9201601,PAO CASEIRO,1093,Outros produtos alimentares,030118,
9201701,PAO DE AVEIA,1093,Outros produtos alimentares,030118,
9201801,PAO DE RABANADA,1093,Outros produtos alimentares,030118,
9201901,TORRADA DE QUALQUER PAO,1093,Outros produtos alimentares,030118,
9201902,PAO TORRADO (TORRADA),1093,Outros produtos alimentares,030118,
9201903,TORRADA DE QUALQUER TIPO,1093,Outros produtos alimentares,030118,
9202001,ROSCA DOCE,1093,Outros produtos alimentares,030118,
9202002,ROSQUINHA DOCE,1093,Outros produtos alimentares,030118,
9202003,ROSQUINHA DE NATA,1093,Outros produtos alimentares,030118,
9202004,ROSCA DE TRIGO DOCE,1093,Outros produtos alimentares,030118,
9202005,ROSCA DE NATA,1093,Outros produtos alimentares,030118,
9202006,ROSCA DE MILHO,1093,Outros produtos alimentares,030118,
9202007,ROSCA RECHEADA,1093,Outros produtos alimentares,030118,
9202008,ROSQUINHA RECHEADA DE QUALQUER SABOR,1093,Outros produtos alimentares,030118,
9202009,ROSCA DOCE DE TRIGO,1093,Outros produtos alimentares,030118,
9202010,ROSCA DE COCO,1093,Outros produtos alimentares,030118,
9202011,ROSQUINHA DE COCO,1093,Outros produtos alimentares,030118,
9202012,ROSCA DE GLUTEN DOCE,1093,Outros produtos alimentares,030118,
9202014,ROSQUINHA AMANTEIGADA,1093,Outros produtos alimentares,030118,
9202015,ROSQUINHA DE MILHO,1093,Outros produtos alimentares,030118,
9202101,ROSCA SALGADA,1093,Outros produtos alimentares,030118,
9202102,ROSCA SALGADA DE TRIGO,1093,Outros produtos alimentares,030118,
9202103,ROSCA DE BATATA,1093,Outros produtos alimentares,030118,
9202104,ROSCA DE TRIGO SALGADA,1093,Outros produtos alimentares,030118,
9202106,ROSQUINHA SALGADA,1093,Outros produtos alimentares,030118,
9202107,ROSCA DE GLUTEN SALGADA,1093,Outros produtos alimentares,030118,
9202201,BISCOITO SALGADO,1093,Outros produtos alimentares,030118,
9202204,BISCOITO CREAM CRACKER,1093,Outros produtos alimentares,030118,
9202206,BISCOITO TIPO ITALIANO,1093,Outros produtos alimentares,030118,
9202207,BISCOITO DE AGUA,1093,Outros produtos alimentares,030118,
9202208,BISCOITO QUEIJINHO,1093,Outros produtos alimentares,030118,
9202209,BISCOITO DE COCO SALGADO,1093,Outros produtos alimentares,030118,
9202210,BISCOITO DE CAMARAO,1093,Outros produtos alimentares,030118,
9202212,BISCOITO DE POLVILHO SALGADO,1093,Outros produtos alimentares,030118,
9202213,BISCOITO PRESUNTINHO,1093,Outros produtos alimentares,030118,
9202214,BISCOITO INTEGRAL DE AGUA,1093,Outros produtos alimentares,030118,
9202215,BISCOITO SALGADO DE COCO,1093,Outros produtos alimentares,030118,
9202216,BISCOITO BIT,1093,Outros produtos alimentares,030118,
9202218,BISCOITO SALGADINHO,1093,Outros produtos alimentares,030118,
9202219,BISCOITO SALGADO DE POLVILHO,1093,Outros produtos alimentares,030118,
9202220,BISCOITO CLUB CRACKER,1093,Outros produtos alimentares,030118,
9202221,SALGADINHO (BISCOITO),1093,Outros produtos alimentares,030118,
9202222,BISCOITO DE AGUA INTEGRAL,1093,Outros produtos alimentares,030118,
9202223,QUEIJINHO BISCOITO,1093,Outros produtos alimentares,030118,
9202224,BISCOITO ITALIANO,1093,Outros produtos alimentares,030118,
9202225,BOLACHA SALGADA,1093,Outros produtos alimentares,030118,
9202226,BOLACHA DE AGUA E SAL,1093,Outros produtos alimentares,030118,
9202227,CHIPS (SALGADINHOS),1093,Outros produtos alimentares,030118,
9202228,CROCK (SALGADINHOS),1093,Outros produtos alimentares,030118,
9202230,SALGADINHO DE PELE (PACOTE),1093,Outros produtos alimentares,030118,
9202231,BACONZITOS,1093,Outros produtos alimentares,030118,
9202301,BISCOITO DOCE,1093,Outros produtos alimentares,030118,
9202303,BISCOITO DE MANTEIGA,1093,Outros produtos alimentares,030118,
9202304,BOLACHA AMANTEIGADA,1093,Outros produtos alimentares,030118,
9202305,SEQUILHO,1093,Outros produtos alimentares,030118,
9202306,TARECO,1093,Outros produtos alimentares,030118,
9202307,BISCOITO DE GERGELIM,1093,Outros produtos alimentares,030118,
9202308,BISCOITO AMANTEIGADO,1093,Outros produtos alimentares,030118,
9202309,SOLDA,1093,Outros produtos alimentares,030118,
9202310,BISCOITO TOSTINE,1093,Outros produtos alimentares,030118,
9202311,TOSTINE (BISCOITO),1093,Outros produtos alimentares,030118,
9202312,BOLACHA DE FUBA,1093,Outros produtos alimentares,030118,
9202313,BOLACHA DE MANTEIGA,1093,Outros produtos alimentares,030118,
9202315,BREVIDADE,1093,Outros produtos alimentares,030118,
9202316,BISCOITO DE MAIZENA,1093,Outros produtos alimentares,030118,
9202317,BOLACHA DE MILHO,1093,Outros produtos alimentares,030118,
9202318,SEQUILHO DE MILHO,1093,Outros produtos alimentares,030118,
9202319,BISCOITO DOCE DE QUEIJO,1093,Outros produtos alimentares,030118,
9202320,SEQUILHO DE MAIZENA,1093,Outros produtos alimentares,030118,
9202321,BISCOITO DOCE SORTIDO,1093,Outros produtos alimentares,030118,
9202322,BISCOITO DE FUBA,1093,Outros produtos alimentares,030118,
9202324,BISCOITO SORTIDO,1093,Outros produtos alimentares,030118,
9202325,MIRABEL,1093,Outros produtos alimentares,030118,
9202326,BISCOITO CREME,1093,Outros produtos alimentares,030118,
9202327,BISCOITO DE MILHO,1093,Outros produtos alimentares,030118,
9202328,BISCOITO RECHEADO TOSTINE,1093,Outros produtos alimentares,030118,
9202329,BISCOITO ROSQUINHA DE COCO,1093,Outros produtos alimentares,030118,
9202330,BISCOITO DE QUEIJO DOCE,1093,Outros produtos alimentares,030118,
9202331,BISCOITO BROA DE COCO,1093,Outros produtos alimentares,030118,
9202332,BISCOITO ROSCA DE COCO,1093,Outros produtos alimentares,030118,
9202333,BISCOITO LANCHE MIRABEL,1093,Outros produtos alimentares,030118,
9202334,BISCOITO WAFFER,1093,Outros produtos alimentares,030118,
9202335,LANCHE MIRABEL,1093,Outros produtos alimentares,030118,
9202336,WAFFER (BISCOITO),1093,Outros produtos alimentares,030118,
9202337,BISCOITO MARIA,1093,Outros produtos alimentares,030118,
9202338,BISCOITO RECHEADO,1093,Outros produtos alimentares,030118,
9202339,BISCOITO MIRABEL,1093,Outros produtos alimentares,030118,
9202340,BISCOITO DE LEITE,1093,Outros produtos alimentares,030118,
9202341,BOLACHA DOCE,1093,Outros produtos alimentares,030118,
9202342,BOLACHA COM LEITE,1093,Outros produtos alimentares,030118,
9202343,CROISSANT,1093,Outros produtos alimentares,030118,
9202344,MARIA MALUCA (BOLACHA DOCE),1093,Outros produtos alimentares,030118,
9202345,ALFAJORES (BISCOITO),1093,Outros produtos alimentares,030118,
9202346,BOLACHA RECHEADA,1093,Outros produtos alimentares,030118,
9202347,BISCOITO CROCANTE,1093,Outros produtos alimentares,030118,
9202348,BISCOITO CHAMPAGNE,1093,Outros produtos alimentares,030118,
9202349,BISCOITO CHAMPANHE,1093,Outros produtos alimentares,030118,
9202350,BISCOITO DE COCO DOCE,1093,Outros produtos alimentares,030118,
9202401,BISCOITO DE POLVILHO DOCE,1093,Outros produtos alimentares,030118,
9202402,BISCOITO DE POLVILHO SEQUILHO,1093,Outros produtos alimentares,030118,
9202403,BISCOITO QUEBRA QUEBRA,1093,Outros produtos alimentares,030118,
9202404,BISCOITO DE ARARUTA,1093,Outros produtos alimentares,030118,
9202406,SEQUILHO DE POLVILHO,1093,Outros produtos alimentares,030118,
9202407,BISCOITO DOCE DE POLVILHO,1093,Outros produtos alimentares,030118,
9202501,BOLO DE QUALQUER MARCA E SABOR,1093,Outros produtos alimentares,030118,
9202502,ROCAMBOLE,1093,Outros produtos alimentares,030118,
9202503,CUCA DE QUALQUER TIPO,1093,Outros produtos alimentares,030118,
9202504,FATIA DE BOLO DE QUALQUER SABOR,1093,Outros produtos alimentares,030118,
9202601,BOLO DE MILHO,1093,Outros produtos alimentares,030118,
9202602,BROA DE MILHO,1093,Outros produtos alimentares,030118,
9202603,BROINHA DE MILHO ADOCICADA,1093,Outros produtos alimentares,030118,
9202604,AMIDOMIL (BOLINHO),1093,Outros produtos alimentares,030118,
9202606,BROA DE FUBA,1093,Outros produtos alimentares,030118,
9202607,BROINHA DE FUBA,1093,Outros produtos alimentares,030118,
9202608,BOLINHO AMIDOMIL,1093,Outros produtos alimentares,030118,
9202609,GRUSTOLI (BOLINHO DOCE),1093,Outros produtos alimentares,030118,
9202701,BOLO DE AIPIM,1093,Outros produtos alimentares,030118,
9202702,BOLO DE TAPIOCA,1093,Outros produtos alimentares,030118,
9202703,BOLO DE MACAXEIRA,1093,Outros produtos alimentares,030118,
9202704,BOLO DE GOMA,1093,Outros produtos alimentares,030118,
9202705,BROA DE MANDIOCA,1093,Outros produtos alimentares,030118,
9202706,BROINHA DE MANDIOCA,1093,Outros produtos alimentares,030118,
9202707,BROA DE GOMA,1093,Outros produtos alimentares,030118,
9202801,BOLO DE BATATA DOCE,1093,Outros produtos alimentares,030118,
9202901,BOLO DE ARROZ,1093,Outros produtos alimentares,030118,
9203002,BROA DE CENTEIO,1093,Outros produtos alimentares,030118,
9203004,BROA PRETA,1093,Outros produtos alimentares,030118,
9203101,BOLO DE CARA,1093,Outros produtos alimentares,030118,
9203201,BOLO DE INHAME,1093,Outros produtos alimentares,030118,
9203301,MISTURAS INDUSTRIAIS DE PAES,1093,Farinha de trigo e derivados,030112,
9203302,MASSAS INDUSTRIAIS DE PAES,1093,Farinha de trigo e derivados,030112,
9203401,"MISTURAS INDUSTRIAIS DE BOLOS,TORTAS,BISCOITOS,ETC.",1093,Farinha de trigo e derivados,030112,
9203402,"MASSAS INDUSTRIAIS DE BOLOS,TORTAS,BISCOITOS,ETC.",1093,Farinha de trigo e derivados,030112,
9203403,MASSA FOLHADA,1093,Farinha de trigo e derivados,030112,
9203404,MASSA PARA BOLO,1093,Farinha de trigo e derivados,030112,
9203501,TORTAS DOCES DE QUALQUER SABOR,1093,Outros produtos alimentares,030118,
9203601,TORTAS SALGADAS DE QUALQUER SABOR,1093,Outros produtos alimentares,030118,
9203701,SONHO,1093,Outros produtos alimentares,030118,
9203702,FILHOS (BOLINHO DE FARINHA DE TRIGO E OVOS),1093,Outros produtos alimentares,030118,
9203801,BOLO DE CHOCOLATE,1093,Outros produtos alimentares,030118,
9203901,PAO BRIOCHE,1093,Outros produtos alimentares,030118,
9203902,BRIOCHE,1093,Outros produtos alimentares,030118,
9203903,PAO DE MASSA FOLHADA,1093,Outros produtos alimentares,030118,
9204001,BOLO DE LARANJA,1093,Outros produtos alimentares,030118,
9204101,BOLO DE COCO,1093,Outros produtos alimentares,030118,
9204201,BOLO DE CENOURA,1093,Outros produtos alimentares,030118,
9204301,PAO DE SOJA,1093,Outros produtos alimentares,030118,
9204302,PAO DE FORMA DE SOJA,1093,Outros produtos alimentares,030118,
9204401,"PAO DE CENOURA,ALHO,CEBOLA,TORRESMO,ETC.",1093,Outros produtos alimentares,030118,
9204402,PAO DE TORRESMO,1093,Outros produtos alimentares,030118,
9204403,PAO DE ALHO,1093,Outros produtos alimentares,030118,
9204404,PAO DE CEBOLA,1093,Outros produtos alimentares,030118,
9204501,BROA DE COCO,1093,Outros produtos alimentares,030118,
9204502,BROINHA DE COCO,1093,Outros produtos alimentares,030118,
9204601,BOLO DE TRIGO,1093,Outros produtos alimentares,030118,
9204701,BROA,1093,Outros produtos alimentares,030118,
9204801,BISCOITO DE COCO,1093,Outros produtos alimentares,030118,
9204802,BOLACHA DE COCO,1093,Outros produtos alimentares,030118,
9204901,BISCOITO CASEIRO,1093,Outros produtos alimentares,030118,
9204902,BOLACHA CASEIRA,1093,Outros produtos alimentares,030118,
9205001,BROINHA,1093,Outros produtos alimentares,030118,
9205101,CARNE SECA,1091,Abate e preparação de produtos de carne,030101,
9205102,CARNE DE CHARQUE,1091,Abate e preparação de produtos de carne,030101,
9205103,JABA,1091,Abate e preparação de produtos de carne,030101,
9205104,CHARQUE,1091,Abate e preparação de produtos de carne,030101,
9205105,CARNE DE SAL PRESA,1091,Abate e preparação de produtos de carne,030101,
9205106,CARNE DO SUL,1091,Abate e preparação de produtos de carne,030101,
9205107,CARNE DO SERTAO,1091,Abate e preparação de produtos de carne,030101,
9205201,CARNE DE SOL,1091,Abate e preparação de produtos de carne,030101,
9205301,CARNE DE BOI DEFUMADA,1091,Abate e preparação de produtos de carne,030101,
9205401,CARNE DE BOI SALGADA,1091,Abate e preparação de produtos de carne,030101,
9205402,FIGADO ALEMAO,1091,Abate e preparação de produtos de carne,030101,
9205501,CARNE DE HAMBURGUER,1091,Abate e preparação de produtos de carne,030101,
9205502,HAMBURGUER DE CARNE,1091,Abate e preparação de produtos de carne,030101,
9205503,HAMBURGUER DE FRANGO,1091,"Carne de aves fresca, refrigerada ou congelada",030103,
9205504,HAMBURGUER DE PERU,1091,"Carne de aves fresca, refrigerada ou congelada",030103,
9205505,HAMBURGUER NAO ESPECIFICADO,1091,Abate e preparação de produtos de carne,030101,
9205601,CARNE DE PORCO DEFUMADA,1091,Abate e preparação de produtos de carne,030101,
9205701,ORELHA DE PORCO DEFUMADA,1091,Abate e preparação de produtos de carne,030101,
9205801,LOMBO DE PORCO DEFUMADO,1091,Abate e preparação de produtos de carne,030101,
9205802,COPA DE PORCO DEFUMADA,1091,Abate e preparação de produtos de carne,030101,
9205901,COSTELA DE PORCO DEFUMADA,1091,Abate e preparação de produtos de carne,030101,
9206001,TOUCINHO DE PORCO DEFUMADO,1091,Abate e preparação de produtos de carne,030101,
9206002,BACON (VAREJO),1091,Abate e preparação de produtos de carne,030101,
9206003,TOUCINHO DEFUMADO,1091,Abate e preparação de produtos de carne,030101,
9206004,BACON (EMBALADO),1091,Abate e preparação de produtos de carne,030101,
9206005,BACON,1091,Abate e preparação de produtos de carne,030101,
9206006,BACON DEFUMADO,1091,Abate e preparação de produtos de carne,030101,
9206007,RETALHO DE BACON,1091,Abate e preparação de produtos de carne,030101,
9206101,BROA DE LEITE,1093,Outros produtos alimentares,030118,
9206202,PE DE PORCO DEFUMADO,1091,Abate e preparação de produtos de carne,030101,
9206301,CARNE DE PORCO SALGADA,1091,Abate e preparação de produtos de carne,030101,
9206401,ORELHA DE PORCO SALGADA,1091,Abate e preparação de produtos de carne,030101,
9206501,COSTELA DE PORCO SALGADA,1091,Abate e preparação de produtos de carne,030101,
9206601,LOMBO DE PORCO SALGADO,1091,Abate e preparação de produtos de carne,030101,
9206701,PE DE PORCO SALGADO,1091,Abate e preparação de produtos de carne,030101,
9206702,CHISPE SALGADO,1091,Abate e preparação de produtos de carne,030101,
9206801,RABO DE PORCO SALGADO,1091,Abate e preparação de produtos de carne,030101,
9206901,TOUCINHO DE PORCO SALGADO,1091,Abate e preparação de produtos de carne,030101,
9206902,TOUCINHO SALGADO,1091,Abate e preparação de produtos de carne,030101,
9207002,MIUDOS DE PORCO SALGADOS,1091,Abate e preparação de produtos de carne,030101,
9207101,SALSICHA (VAREJO),1091,Abate e preparação de produtos de carne,030101,
9207102,SALSICHA (PACOTE),1091,Abate e preparação de produtos de carne,030101,
9207103,SALSICHAO (VAREJO),1091,Abate e preparação de produtos de carne,030101,
9207104,SALSICHAO (PACOTE),1091,Abate e preparação de produtos de carne,030101,
9207201,LINGUICA (VAREJO),1091,Abate e preparação de produtos de carne,030101,
9207202,LINGUICA (PACOTE),1091,Abate e preparação de produtos de carne,030101,
9207203,LINGUICA PARA CHURRASCO,1091,Abate e preparação de produtos de carne,030101,
9207204,LINGUICA (NAO ESPECIFICADA),1091,Abate e preparação de produtos de carne,030101,
9207205,LINGUICA CALABREZA,1091,Abate e preparação de produtos de carne,030101,
9207206,LINGUICA DE BOI,1091,Abate e preparação de produtos de carne,030101,
9207207,LINGUICA DE FRANGO,1091,"Carne de aves fresca, refrigerada ou congelada",030103,
9207208,LINGUICA DE PORCO,1091,Abate e preparação de produtos de carne,030101,
9207209,LINGUICA DEFUMADA,1091,Abate e preparação de produtos de carne,030101,
9207210,LINGUICA MISTA,1091,Abate e preparação de produtos de carne,030101,
9207211,LINGUICA TOSCANA,1091,Abate e preparação de produtos de carne,030101,
9207301,"RETALHO PARA PIZZA (MISTURA DE PRESUNTO,MORTADELA,QUEIJO,ETC.)",1093,Outros produtos alimentares,030118,
9207302,QUEIJO E PRESUNTO (RETALHOS PARA PIZZA),1093,Outros produtos alimentares,030118,
9207303,PRESUNTO E QUEIJO (RETALHOS PARA PIZZA),1093,Outros produtos alimentares,030118,
9207401,CHOURICO,1091,Abate e preparação de produtos de carne,030101,
9207402,MORCELA,1091,Abate e preparação de produtos de carne,030101,
9207403,MORCILHA,1091,Abate e preparação de produtos de carne,030101,
9207404,QUEIJO DE PORCO (MORCELA),1091,Abate e preparação de produtos de carne,030101,
9207501,PAIO,1091,Abate e preparação de produtos de carne,030101,
9207601,MORTADELA,1091,Abate e preparação de produtos de carne,030101,
9207602,MORTADELA DE BOI,1091,Abate e preparação de produtos de carne,030101,
9207603,MORTADELA DE FRANGO,1091,"Carne de aves fresca, refrigerada ou congelada",030103,
9207604,MORTADELA DE PORCO,1091,Abate e preparação de produtos de carne,030101,
9207605,MORTADELA FATIADA (NAO ESPECIFICADA),1091,Abate e preparação de produtos de carne,030101,
9207606,RETALHO DE MORTADELA,1091,Abate e preparação de produtos de carne,030101,
9207607,MORTADELA BOLONHESA,1091,Abate e preparação de produtos de carne,030101,
9207608,MORTADELA DE CHESTER,1091,"Carne de aves fresca, refrigerada ou congelada",030103,
9207609,MORTADELA DE GALINHA,1091,"Carne de aves fresca, refrigerada ou congelada",030103,
9207610,MORTADELA DE PERU,1091,"Carne de aves fresca, refrigerada ou congelada",030103,
9207611,MORTADELA DEFUMADA,1091,Abate e preparação de produtos de carne,030101,
9207612,MORTADELA LIGHT,1091,Abate e preparação de produtos de carne,030101,
9207613,MORTADELA MISTA,1091,Abate e preparação de produtos de carne,030101,
9207701,SALAME,1091,Abate e preparação de produtos de carne,030101,
9207702,SALAMINHO,1091,Abate e preparação de produtos de carne,030101,
9207801,BLANQUET DE PERU,1091,"Carne de aves fresca, refrigerada ou congelada",030103,
9207901,PRESUNTO DE QUALQUER TIPO,1091,Abate e preparação de produtos de carne,030101,
9207902,APRESUNTADO,1091,Abate e preparação de produtos de carne,030101,
9207903,APRESUNTADO FATIADO,1091,Abate e preparação de produtos de carne,030101,
9207904,RETALHO DE APRESUNTADO,1091,Abate e preparação de produtos de carne,030101,
9207905,PRESUNTO DE PERU,1091,"Carne de aves fresca, refrigerada ou congelada",030103,
9207906,PRESUNTO DE FRANGO,1091,"Carne de aves fresca, refrigerada ou congelada",030103,
9207907,PRESUNTO BOVINO,1091,Abate e preparação de produtos de carne,030101,
9208001,BISCOITO NAO ESPECIFICADO,1093,Outros produtos alimentares,030118,
9208101,BISCOITO DE POLVILHO NAO ESPECIFICADO,1093,Outros produtos alimentares,030118,
9208201,PATE DE PRESUNTO EMBUTIDO,1091,Abate e preparação de produtos de carne,030101,
9208202,PASTA DE PRESUNTO EMBUTIDA,1091,Abate e preparação de produtos de carne,030101,
9208301,PATE DE CARNE EMBUTIDO,1091,Abate e preparação de produtos de carne,030101,
9208302,PASTA DE CARNE EMBUTIDA,1091,Abate e preparação de produtos de carne,030101,
9208401,PATE DE FIGADO EMBUTIDO,1091,Abate e preparação de produtos de carne,030101,
9208402,PASTA DE FIGADO EMBUTIDA,1091,Abate e preparação de produtos de carne,030101,
9208501,PATE DE GALINHA EMBUTIDO,1091,"Carne de aves fresca, refrigerada ou congelada",030103,
9208601,BOLACHA NAO ESPECIFICADA,1093,Outros produtos alimentares,030118,
9208701,PAO CARTEIRA NAO ESPECIFICADO,1093,Outros produtos alimentares,030118,
9208801,PAO DE FORMA NAO ESPECIFICADO,1093,Outros produtos alimentares,030118,
9208901,PURURUCA,1091,Abate e preparação de produtos de carne,030101,
9208902,PELE DE PORCO PREPARADA,1091,Abate e preparação de produtos de carne,030101,
9209001,PAO DE SANDUICHE NAO ESPECIFICADO,1093,Outros produtos alimentares,030118,
9209101,CARNE DE AVES DEFUMADA,1091,"Carne de aves fresca, refrigerada ou congelada",030103,
9209201,"MASSA DE QUIBE,CROQUETE,SALGADINHO DE PEIXE,ETC.",1091,Abate e preparação de produtos de carne,030101,
9209202,QUIBE (MASSA),1091,Abate e preparação de produtos de carne,030101,
9209203,CROQUETE (MASSA),1091,Abate e preparação de produtos de carne,030101,
9209204,SALGADINHO DE PEIXE (MASSA),1091,Pescado industrializado,030104,
9209301,CARNE SALGADAS DE FEIJOADA,1091,Abate e preparação de produtos de carne,030101,
9209302,MISTURA DE CARNES SALGADAS DE FEIJOADA,1091,Abate e preparação de produtos de carne,030101,
9209501,ALMONDEGA CONGELADA DE QUALQUER ANIMAL (CRUA),1091,Abate e preparação de produtos de carne,030101,
9209701,"ROSBIFE,BIFE A MILANEZA INDUSTRIALIZADO (SEMIPRONTO)",1091,Abate e preparação de produtos de carne,030101,
9209702,BIFE A MILANEZA INDUSTRIALIZADO (SEMIPRONTO),1091,Abate e preparação de produtos de carne,030101,
9209801,CARNE SALGADA DE OUTROS ANIMAIS,1091,Abate e preparação de produtos de carne,030101,
9209802,CARNE DE CAPIVARA SALGADA,1091,Abate e preparação de produtos de carne,030101,
9209804,CARNE DE BODE SALGADA,1091,Abate e preparação de produtos de carne,030101,
9209901,ORELHA DE GATO (DOCE),1093,Outros produtos alimentares,030118,
9209902,CAVAQUINHO,1091,Abate e preparação de produtos de carne,030101,
9210001,TORTA (NAO ESPECIFICADA),1093,Outros produtos alimentares,030118,
9210101,ROSCA NAO ESPECIFICADA,1093,Outros produtos alimentares,030118,
9210102,ROSQUINHA NAO ESPECIFICADA,1093,Outros produtos alimentares,030118,
9210201,ROSCA DE POLVILHO NAO ESPECIFICADA,1093,Outros produtos alimentares,030118,
9210202,ROSQUINHA DE POLVILHO NAO ESPECIFICADA,1093,Outros produtos alimentares,030118,
9210301,ROSCA DE TRIGO NAO ESPECIFICADA,1093,Outros produtos alimentares,030118,
9210401,RECHEIO PARA BOLO,1093,Outros produtos alimentares,030118,
9210501,CARNE SALGADA NAO ESPECIFICADA,1091,Abate e preparação de produtos de carne,030101,
9210601,CREPE,1093,Outros produtos alimentares,030118,
9210701,CASCA PARA TORTA,1093,Outros produtos alimentares,030118,
9210801,CARNE DE BOI EMPANADA,1091,Abate e preparação de produtos de carne,030101,
9210901,PAO BOLA,1093,Outros produtos alimentares,030118,
9211001,PATE (NAO ESPECIFICADO),1091,Abate e preparação de produtos de carne,030101,
9211101,PATE DE BERINGELA EM CONSERVA,1093,Outros produtos alimentares,030118,
9211201,PATE DE CEBOLA EM CONSERVA,1093,Outros produtos alimentares,030118,
9300101,REFRIGERANTE DE COLA,1100,Bebidas,030119,
9300102,COCA COLA,1100,Bebidas,030119,
9300103,REFRIGERANTE COCA COLA,1100,Bebidas,030119,
9300104,REFRIGERANTE PEPSI,1100,Bebidas,030119,
9300105,PEPSI,1100,Bebidas,030119,
9300106,PEPSI COLA,1100,Bebidas,030119,
9300107,REFRIGERANTE PEPSI COLA,1100,Bebidas,030119,
9300201,REFRIGERANTE DE LARANJA,1100,Bebidas,030119,
9300202,FANTA LARANJA,1100,Bebidas,030119,
9300203,REFRIGERANTE CRUSH,1100,Bebidas,030119,
9300207,REFRIGERANTE SUKITA,1100,Bebidas,030119,
9300208,SUKITA,1100,Bebidas,030119,
9300209,REFRIGERANTE POP LARANJA,1100,Bebidas,030119,
9300301,REFRIGERANTE DE GUARANA,1100,Bebidas,030119,
9300302,GUARANA,1100,Bebidas,030119,
9300304,FRATELLY VITA (REFRIGERANTE),1100,Bebidas,030119,
9300401,REFRIGERANTE DE LIMAO,1100,Bebidas,030119,
9300402,REFRIGERANTE SODA LIMONADA,1100,Bebidas,030119,
9300403,SODA LIMONADA,1100,Bebidas,030119,
9300404,LIMAO (REFRIGERANTE),1100,Bebidas,030119,
9300405,REFRIGERANTE LIMAO,1100,Bebidas,030119,
9300406,REFRIGERANTE SPRIT,1100,Bebidas,030119,
9300407,SPRIT (REFRIGERANTE),1100,Bebidas,030119,
9300408,REFRIGERANTE FANTA LIMAO,1100,Bebidas,030119,
9300501,REFRIGERANTE DE UVA,1100,Bebidas,030119,
9300502,REFRIGERANTE FANTA UVA,1100,Bebidas,030119,
9300503,REFRIGERANTE GRAPETE,1100,Bebidas,030119,
9300505,FANTA UVA,1100,Bebidas,030119,
9300506,FANTA MACA,1100,Bebidas,030119,
9300601,REFRIGERANTE MINEIRINHO,1100,Bebidas,030119,
9300602,MINEIRINHO,1100,Bebidas,030119,
9300902,MINUANO,1100,Bebidas,030119,
9301001,REFRIGERANTE AGUA MINERAL,1100,Bebidas,030119,
9301004,AGUA MINERAL,1100,Bebidas,030119,
9301005,AGUA,1100,Bebidas,030119,
9301006,AGUA COM GAS,1100,Bebidas,030119,
9301007,AGUA MINERAL COM GAS,1100,Bebidas,030119,
9301008,AGUA DOCE,1100,Bebidas,030119,
9301009,AGUA FLUORADA,1100,Bebidas,030119,
9301010,AGUA POTAVEL,1100,Bebidas,030119,
9301011,AGUA PURIFICADA,1100,Bebidas,030119,
9301101,REFRIGERANTE DE MATE,1100,Bebidas,030119,
9301102,REFRIGERANTE MATE COURO,1100,Bebidas,030119,
9301103,MATE COURO,1100,Bebidas,030119,
9301104,MATE,1100,Bebidas,030119,
9301105,MATE LIMAO,1100,Bebidas,030119,
9301106,MATE PESSEGO,1100,Bebidas,030119,
9301301,REFRIGERANTE JAO,1100,Bebidas,030119,
9301801,REFRIGERANTE TUBAINA,1100,Bebidas,030119,
9301802,TUBAINA,1100,Bebidas,030119,
9301901,REFRIGERANTE GASOSA,1100,Bebidas,030119,
9302001,CALDO DE CANA,1092,Produtos das usinas e do refino de açúcar,030115,
9302002,GARAPA,1092,Produtos das usinas e do refino de açúcar,030115,
9302101,AGUA DE COCO,1100,Bebidas,030119,
9302201,SUCO DE FRUTAS OU VEGETAIS (ENGARRAFADO),1093,"Conservas de frutas, legumes e outros vegetais",030105,
9302202,XAROPE DE FRUTAS OU VEGETAIS (ENGARRAFADO),1093,"Conservas de frutas, legumes e outros vegetais",030105,
9302301,REFRESCO DE FRUTAS (ENGARRAFADO),1100,Bebidas,030119,
9302401,SUCO DE FRUTAS OU VEGETAIS ARTIFICIAL (EM PO),1093,"Conservas de frutas, legumes e outros vegetais",030105,
9302402,Q-SUCO,1093,"Conservas de frutas, legumes e outros vegetais",030105,
9302403,Q-REFRESKO,1093,"Conservas de frutas, legumes e outros vegetais",030105,
9302404,CONCENTRADO DE REFRESCO (EM PO),1093,"Conservas de frutas, legumes e outros vegetais",030105,
9302405,REFRESCO DE FRUTAS ARTIFICIAL (EM PO),1093,"Conservas de frutas, legumes e outros vegetais",030105,
9302406,PO DE REFRESCO,1093,"Conservas de frutas, legumes e outros vegetais",030105,
9302407,REFRESCO ADOCYL (EM PO),1093,"Conservas de frutas, legumes e outros vegetais",030105,
9302408,REFRESCO DE FRUTAS (ENCARTONADO),1093,"Conservas de frutas, legumes e outros vegetais",030105,
9302501,CAFE MOIDO,1093,Café torrado e moído,030116,
9302601,CAFE SOLUVEL,1093,Café solúvel,030117,
9302602,NESCAFE,1093,Café solúvel,030117,
9302603,CAFE COM LEITE SOLUVEL,1093,Outros produtos alimentares,030118,
9302701,CHA PRETO,1093,Outros produtos alimentares,030118,
9302702,CHA DA INDIA,1093,Outros produtos alimentares,030118,
9302801,CHA MATE,1093,Outros produtos alimentares,030118,
9302802,MATE (CHA),1093,Outros produtos alimentares,030118,
9302803,ERVA MATE,1093,Outros produtos alimentares,030118,
9302804,CHIMARRAO,1093,Outros produtos alimentares,030118,
9302901,ERVA DOCE (CHA),1093,Outros produtos alimentares,030118,
9302902,CHA DE ERVA DOCE,1093,Outros produtos alimentares,030118,
9302903,ANIZ (CHA),1093,Outros produtos alimentares,030118,
9303001,HORTELA (CHA),1093,Outros produtos alimentares,030118,
9303002,CHA DE HORTELA,1093,Outros produtos alimentares,030118,
9303101,CANELA (CHA),1093,Outros produtos alimentares,030118,
9303102,CHA DE CANELA,1093,Outros produtos alimentares,030118,
9303201,CAMOMILA (CHA),1093,Outros produtos alimentares,030118,
9303202,CHA DE CAMOMILA,1093,Outros produtos alimentares,030118,
9303301,ERVA CIDREIRA (CHA),1093,Outros produtos alimentares,030118,
9303302,CHA DE ERVA CIDREIRA,1093,Outros produtos alimentares,030118,
9303303,BOLDO (CHA),1093,Outros produtos alimentares,030118,
9303401,LEVEDO DE CERVEJA,1100,Bebidas,030119,
9303501,REFRIGERANTE (NAO ESPECIFICADO),1100,Bebidas,030119,
9303601,CAFE DE CEVADA,1093,Farinha de mandioca e outros,030113,
9303602,CEVADA (CAFE),1093,Farinha de mandioca e outros,030113,
9303603,CEVADA EM PO,1093,Farinha de mandioca e outros,030113,
9303701,CAFE EM GRAO,1093,Café torrado e moído,030116,
9303801,REFRESCO EM SACO PLASTICO,1100,Bebidas,030119,
9303901,CAFE COM LEITE EM PO,1093,Outros produtos alimentares,030118,
9304001,"CAFE COMPLETO (CAFE, LEITE, PAO, ETC)",5500,Serviços de alojamento e alimentação,110201,
9304101,REFRIGERANTE DE MACA,1100,Bebidas,030119,
9304102,MACA (REFRIGERANTE),1100,Bebidas,030119,
9304201,REFRIGERANTE DE TUTI FRUTI,1100,Bebidas,030119,
9304202,TUTI FRUTI (REFRIGERANTE),1100,Bebidas,030119,
9304301,REFRIGERANTE DE TANGERINA,1100,Bebidas,030119,
9304402,CHA DE MARCELA,1093,Outros produtos alimentares,030118,
9304501,CHOCOLATE ENGARRAFADO OU ENCARTONADO,1093,Produtos do laticínio e sorvetes,030110,
9304502,CHOCOMILK (CHOCOLATE ENGARRAFADO),1093,Produtos do laticínio e sorvetes,030110,
9304503,CHOCOMILK (CHOCOLATE ENCARTONADO),1093,Produtos do laticínio e sorvetes,030110,
9304601,REFRIGERANTE DE CAJU,1100,Bebidas,030119,
9304602,CAJU (REFRIGERANTE),1100,Bebidas,030119,
9304603,CAJUINA (REFRIGERANTE),1100,Bebidas,030119,
9304701,SUCO DE FRUTAS OU VEGETAIS (ENCARTONADO),1093,"Conservas de frutas, legumes e outros vegetais",030105,
9304703,SUCO DE FRUTAS OU VEGETAIS (EM CAIXA),1093,"Conservas de frutas, legumes e outros vegetais",030105,
9304704,XAROPE DE FRUTAS OU VEGETAIS (EM CAIXA),1093,"Conservas de frutas, legumes e outros vegetais",030105,
9304801,"GELO EM CUBO,PEDRA,ETC.",1093,Outros produtos alimentares,030118,
9304802,GELIKO (GELO EM CUBO),1093,Outros produtos alimentares,030118,
9304901,REFRIGERANTE AGUA TONICA,1100,Bebidas,030119,
9304902,AGUA TONICA,1100,Bebidas,030119,
9305001,CAFE DESCAFEINADO,1093,Café torrado e moído,030116,
9305101,SUCO DE FRUTAS OU VEGETAIS (EM LATA),1093,"Conservas de frutas, legumes e outros vegetais",030105,
9305201,CHA DIETETICO,1093,Outros produtos alimentares,030118,
9305203,CHA EMAGRECEDOR,1093,Outros produtos alimentares,030118,
9305301,SUCO DE FRUTAS OU VEGETAIS (EM SACO PLASTICO),1093,"Conservas de frutas, legumes e outros vegetais",030105,
9305401,REFRIGERANTE PARAGUAI,1100,Bebidas,030119,
9305402,PARAGUAI (REFRIGERANTE),1100,Bebidas,030119,
9305501,REFRIGERANTE GOIANINHA,1100,Bebidas,030119,
9305502,GOIANINHA (REFRIGERANTE),1100,Bebidas,030119,
9305601,MULTIERVAS (CHA),1093,Outros produtos alimentares,030118,
9305602,CHA MULTIERVAS,1093,Outros produtos alimentares,030118,
9305701,REFRIGERANTE REAL,1100,Bebidas,030119,
9305702,REAL (REFRIGERANTE),1100,Bebidas,030119,
9305801,REFRIGERANTE ENERGETICO,1100,Bebidas,030119,
9305802,TAFFMAN E,1100,Bebidas,030119,
9305803,GATORADE,1100,Bebidas,030119,
9305901,BEBIDA ENERGETICA,1100,Bebidas,030119,
9306001,BEBIDA NAO ESPECIFICADA,1100,Bebidas,030119,
9306101,OUTROS CHAS,1093,Outros produtos alimentares,030118,
9306102,CHAS OUTROS,1093,Outros produtos alimentares,030118,
9306201,SUCO DE FRUTAS OU VEGETAIS NAO ESPECIFICADO,5500,Serviços de alojamento e alimentação,110201,
9306301,CHA NAO ESPECIFICADO,1093,Outros produtos alimentares,030118,
9306401,CAFE CAPUCCINO (SOLUVEL),1093,Café solúvel,030117,
9306501,ARRUDA (CHA),1093,Outros produtos alimentares,030118,
9306502,ARRUDA (FOLHA),1093,Outros produtos alimentares,030118,
9306701,REFRIGERANTE CITRICO,1100,Bebidas,030119,
9306702,FANTA CITRUS,1100,Bebidas,030119,
9306801,REFRIGERANTE DE ABACAXI,1100,Bebidas,030119,
9306901,REFRIGERANTE DE ABACAXI COM GUARANA,1100,Bebidas,030119,
9307001,REFRIGERANTE DE FRAMBOESA,1100,Bebidas,030119,
9307101,REFRIGERANTE DE MORANGO,1100,Bebidas,030119,
9307201,REFRIGERANTE DE MARACUJA,1100,Bebidas,030119,
9307301,REFRIGERANTE DE GENGIBRE,1100,Bebidas,030119,
9400101,AZEITE DE OLIVA,1093,Outros óleos e gordura vegetal e animal exclusive milho,030107,
9400102,AZEITE IMPORTADO (DE OLIVA),1093,Outros óleos e gordura vegetal e animal exclusive milho,030107,
9400103,AZEITE,1093,Outros óleos e gordura vegetal e animal exclusive milho,030107,
9400104,AZEITE DE COCO BABACU,1093,Outros óleos e gordura vegetal e animal exclusive milho,030107,
9400105,AZEITE DE SOJA,1093,Outros óleos e gordura vegetal e animal exclusive milho,030107,
9400106,AZEITE DOCE,1093,Outros óleos e gordura vegetal e animal exclusive milho,030107,
9400107,AZEITE DE GIRASSOL,1093,Outros óleos e gordura vegetal e animal exclusive milho,030107,
9400108,AZEITE DE MACAUBA,1093,Outros óleos e gordura vegetal e animal exclusive milho,030107,
9400109,AZEITE DE MAMONA,1093,Outros óleos e gordura vegetal e animal exclusive milho,030107,
9400110,AZEITE MISTO (SOJA E OLIVA),1093,Outros óleos e gordura vegetal e animal exclusive milho,030107,
9400201,AZEITE DE DENDE,1093,Outros óleos e gordura vegetal e animal exclusive milho,030107,
9400301,OLEO DE SOJA,1093,Óleo de soja refinado,030108,
9400401,OLEO DE MILHO,1093,"Óleos de milho, amidos e féculas vegetais e rações",030114,
9400501,OLEO DE AMENDOIM,1093,Outros óleos e gordura vegetal e animal exclusive milho,030107,
9400601,OLEO DE ALGODAO,1093,Outros óleos e gordura vegetal e animal exclusive milho,030107,
9400701,OLEO DE COCO BABACU,1093,Outros óleos e gordura vegetal e animal exclusive milho,030107,
9400702,OLEO DE BABACU,1093,Outros óleos e gordura vegetal e animal exclusive milho,030107,
9400801,OLEO DE GIRASSOL,1093,Outros óleos e gordura vegetal e animal exclusive milho,030107,
9400901,OLEO DE ARROZ,1093,Outros óleos e gordura vegetal e animal exclusive milho,030107,
9401101,OLEO DE AMENDOA,1093,Outros óleos e gordura vegetal e animal exclusive milho,030107,
9401302,OLEO DE SEMENTE DE UVA,1093,Outros óleos e gordura vegetal e animal exclusive milho,030107,
9401504,OLEO DE LICURI,1093,Outros óleos e gordura vegetal e animal exclusive milho,030107,
9401601,OLEO DE PEQUI,1093,Outros óleos e gordura vegetal e animal exclusive milho,030107,
9401801,BANHA DE PORCO,1091,Abate e preparação de produtos de carne,030101,
9402001,BANHA VEGETAL,1093,Outros óleos e gordura vegetal e animal exclusive milho,030107,
9402101,GORDURA DE PORCO,1091,Abate e preparação de produtos de carne,030101,
9402202,GORDURA VEGETAL,1093,Outros óleos e gordura vegetal e animal exclusive milho,030107,
9402601,OLEO DE GERGELIM,1093,Outros óleos e gordura vegetal e animal exclusive milho,030107,
9402701,OLEO DE COCO DA BAHIA,1093,Outros óleos e gordura vegetal e animal exclusive milho,030107,
9402901,OLEO DE GRANOLA,1093,Outros óleos e gordura vegetal e animal exclusive milho,030107,
9402902,OLEO DE CANOLA,1093,Outros óleos e gordura vegetal e animal exclusive milho,030107,
9403001,BANHA DE BOI,1091,Abate e preparação de produtos de carne,030101,
9403101,BANHA,1091,Abate e preparação de produtos de carne,030101,
9403201,OLEO NAO ESPECIFICADO,1093,Outros óleos e gordura vegetal e animal exclusive milho,030107,
9403301,OLEO DE EUCALIPTO,1093,Outros óleos e gordura vegetal e animal exclusive milho,030107,
9403401,OLEO DE BANANA,1093,Outros óleos e gordura vegetal e animal exclusive milho,030107,
9403501,OLEO DE DENDE,1093,Outros óleos e gordura vegetal e animal exclusive milho,030107,
9403601,OLEO DE COCO NAO ESPECIFICADO,1093,Outros óleos e gordura vegetal e animal exclusive milho,030107,
9403701,OLEO DE BURITI,1093,Outros óleos e gordura vegetal e animal exclusive milho,030107,
9403801,GORDURA HIDROGENADA,1093,Outros óleos e gordura vegetal e animal exclusive milho,030107,
9403802,GORDURA PARA SORVETE,1093,Outros óleos e gordura vegetal e animal exclusive milho,030107,
9405101,REFEICOES PRONTAS PARA VIAGEM,5500,Serviços de alojamento e alimentação,110201,
9405102,MARMITA PARA VIAGEM,5500,Serviços de alojamento e alimentação,110201,
9405103,QUENTINHA PARA VIAGEM,5500,Serviços de alojamento e alimentação,110201,
9405104,MARMITEX (QUENTINHA) PARA VIAGEM,5500,Serviços de alojamento e alimentação,110201,
9405105,ALMOCO,5500,Serviços de alojamento e alimentação,110201,
9405106,ALMOCO (QUENTINHA),5500,Serviços de alojamento e alimentação,110201,
9405107,JANTAR,5500,Serviços de alojamento e alimentação,110201,
9405108,JANTAR (QUENTINHA),5500,Serviços de alojamento e alimentação,110201,
9405109,VIANDA (REFEICAO PRONTA),5500,Serviços de alojamento e alimentação,110201,
9405201,SALGADINHOS PARA VIAGEM,5500,Serviços de alojamento e alimentação,110201,
9405202,PASTEL PARA VIAGEM,5500,Serviços de alojamento e alimentação,110201,
9405203,CROQUETE PARA VIAGEM,5500,Serviços de alojamento e alimentação,110201,
9405204,"BOLINHO SALGADO (CARNE,CAMARAO,ETC.) PARA VIAGEM",5500,Serviços de alojamento e alimentação,110201,
9405205,COXINHA PARA VIAGEM,5500,Serviços de alojamento e alimentação,110201,
9405206,EMPADA PARA VIAGEM,5500,Serviços de alojamento e alimentação,110201,
9405207,RIZOLE PARA VIAGEM,5500,Serviços de alojamento e alimentação,110201,
9405208,PIZZA EM PEDACO PARA VIAGEM,5500,Serviços de alojamento e alimentação,110201,
9405209,ACARAJE PARA VIAGEM,5500,Serviços de alojamento e alimentação,110201,
9405210,TORRESMO PARA VIAGEM,5500,Serviços de alojamento e alimentação,110201,
9405211,QUIBE PARA VIAGEM,5500,Serviços de alojamento e alimentação,110201,
9405213,PACOCA DE CARNE DE SOL PARA VIAGEM,5500,Serviços de alojamento e alimentação,110201,
9405214,POLENTA FRITA PARA VIAGEM,5500,Serviços de alojamento e alimentação,110201,
9405216,MACAXEIRA FRITA PARA VIAGEM,5500,Serviços de alojamento e alimentação,110201,
9405301,SANDUICHE PARA VIAGEM,5500,Serviços de alojamento e alimentação,110201,
9405302,CACHORRO QUENTE PARA VIAGEM,5500,Serviços de alojamento e alimentação,110201,
9405303,HAMBURGUER (SANDUICHE) PARA VIAGEM,5500,Serviços de alojamento e alimentação,110201,
9405304,CHEESBURGUER (SANDUICHE) PARA VIAGEM,5500,Serviços de alojamento e alimentação,110201,
9405306,MISTO-QUENTE OU FRIO (SANDUICHE) PARA VIAGEM,5500,Serviços de alojamento e alimentação,110201,
9405307,BAURU (SANDUICHE) PARA VIAGEM,5500,Serviços de alojamento e alimentação,110201,
9405308,AMERICANO (SANDUICHE) PARA VIAGEM,5500,Serviços de alojamento e alimentação,110201,
9405309,"TORRADA COM QUEIJO,PRESUNTO,OVOS,ETC. PARA VIAGEM",5500,Serviços de alojamento e alimentação,110201,
9405401,SUCO PARA VIAGEM,5500,Serviços de alojamento e alimentação,110201,
9405501,VITAMINA PARA VIAGEM,5500,Serviços de alojamento e alimentação,110201,
9405601,REFRESCO PARA VIAGEM,5500,Serviços de alojamento e alimentação,110201,
9405701,ALIMENTOS PRONTOS CONGELADOS PARA VIAGEM,5500,Serviços de alojamento e alimentação,110201,
9405702,CONGELADOS (ALIMENTOS PRONTOS) PARA VIAGEM,5500,Serviços de alojamento e alimentação,110201,
9405703,MANDIOCA CONGELADA,5500,Serviços de alojamento e alimentação,110201,
9405801,SALADAS OU VERDURAS COSIDAS PRONTAS (EXCETO DE FRUTAS) PARA VIAGEM,5500,Serviços de alojamento e alimentação,110201,
9405802,SALADA DE MAIONESE PARA VIAGEM,5500,Serviços de alojamento e alimentação,110201,
9405803,"VERDURAS COSIDAS,FRITAS PARA VIAGEM",5500,Serviços de alojamento e alimentação,110201,
9405805,MANDIOCA COZIDA,5500,Serviços de alojamento e alimentação,110201,
9405901,MASSAS PRONTAS (PREPARADAS PARA CONSUMO) PARA VIAGEM,5500,Serviços de alojamento e alimentação,110201,
9405902,"PIZZA,NHOQUE,CANELONI,CAPELETI,FETUTINE,RAVIOLE PARA VIAGEM (PREPARADOS)",5500,Serviços de alojamento e alimentação,110201,
9405903,PIZZA PRONTA PARA VIAGEM,5500,Serviços de alojamento e alimentação,110201,
9405904,LAZANHA PRONTA PARA VIAGEM,5500,Serviços de alojamento e alimentação,110201,
9405905,NHOQUE PRONTO PARA VIAGEM,5500,Serviços de alojamento e alimentação,110201,
9405907,CAPELETI PRONTO PARA VIAGEM,5500,Serviços de alojamento e alimentação,110201,
9405909,RAVIOLI PRONTO PARA VIAGEM,5500,Serviços de alojamento e alimentação,110201,
9405910,CALZONE PRONTO PARA VIAGEM,5500,Serviços de alojamento e alimentação,110201,
9405911,MASSA CASEIRA,5500,Serviços de alojamento e alimentação,110201,
9405912,MACARRAO PRONTO PARA VIAGEM,5500,Serviços de alojamento e alimentação,110201,
9405913,PANQUECA PRONTA PARA VIAGEM,5500,Serviços de alojamento e alimentação,110201,
9406001,FRANGO ASSADO OU DEFUMADO PARA VIAGEM,5500,Serviços de alojamento e alimentação,110201,
9406002,GALINHA ASSADA OU DEFUMADA PARA VIAGEM,5500,Serviços de alojamento e alimentação,110201,
9406003,GALETO ASSADO OU DEFUMADO PARA VIAGEM,5500,Serviços de alojamento e alimentação,110201,
9406004,GALETO PARA VIAGEM,5500,Serviços de alojamento e alimentação,110201,
9406005,FRANGO A PASSARINHO PARA VIAGEM,5500,Serviços de alojamento e alimentação,110201,
9406101,CARNE ASSADA OU BIFE (DE QUALQUER ANIMAL) PARA VIAGEM,5500,Serviços de alojamento e alimentação,110201,
9406102,CHURRASCO (ESPETO) PARA VIAGEM,5500,Serviços de alojamento e alimentação,110201,
9406103,CHURRASQUINHO (ESPETO) PARA VIAGEM,5500,Serviços de alojamento e alimentação,110201,
9406104,COSTELA ASSADA PARA VIAGEM,5500,Serviços de alojamento e alimentação,110201,
9406105,BIFE PREPARADO PARA VIAGEM,5500,Serviços de alojamento e alimentação,110201,
9406106,CARNE COZIDA PARA VIAGEM,5500,Serviços de alojamento e alimentação,110201,
9406107,CARNE DE SOL PARA VIAGEM,5500,Serviços de alojamento e alimentação,110201,
9406201,PIPOCA DOCE OU SALGADA PARA VIAGEM,5500,Serviços de alojamento e alimentação,110201,
9406301,CAFE PREPARADO PURO OU COM LEITE PARA VIAGEM,5500,Serviços de alojamento e alimentação,110201,
9406401,MILHO VERDE COZIDO PARA VIAGEM,5500,Serviços de alojamento e alimentação,110201,
9406402,MILHO COZIDO OU ASSADO PARA VIAGEM,5500,Serviços de alojamento e alimentação,110201,
9406501,BATATA FRITA PARA VIAGEM,5500,Serviços de alojamento e alimentação,110201,
9406502,BATATA PALITO,5500,Serviços de alojamento e alimentação,110201,
9406503,BATATA PALHA,5500,Serviços de alojamento e alimentação,110201,
9406702,POLENTA (SEMIPRONTA),5500,Serviços de alojamento e alimentação,110201,
9406703,MASSA PARA POLENTA,5500,Serviços de alojamento e alimentação,110201,
9406704,MISTURA PARA POLENTA,5500,Serviços de alojamento e alimentação,110201,
9406801,PEIXE FRITO PARA VIAGEM,5500,Serviços de alojamento e alimentação,110201,
9406802,PEIXE ASSADO,5500,Serviços de alojamento e alimentação,110201,
9406803,PEIXE COZIDO,5500,Serviços de alojamento e alimentação,110201,
9406902,MUNGUNZA PARA VIAGEM,5500,Serviços de alojamento e alimentação,110201,
9406903,CANJICA PARA VIAGEM,5500,Serviços de alojamento e alimentação,110201,
9406904,CURAU PARA VIAGEM,5500,Serviços de alojamento e alimentação,110201,
9406905,MUNGUZA PRE-COZIDO,5500,Serviços de alojamento e alimentação,110201,
9407101,CAMARAO COZIDO PARA VIAGEM,5500,Serviços de alojamento e alimentação,110201,
9407201,FAROFA PARA VIAGEM,5500,Serviços de alojamento e alimentação,110201,
9407301,MINGAU PARA VIAGEM,5500,Serviços de alojamento e alimentação,110201,
9407401,TACACA PARA VIAGEM,5500,Serviços de alojamento e alimentação,110201,
9407414,CATUABA,5500,Serviços de alojamento e alimentação,110201,
9407601,PERU ASSADO OU DEFUMADO PARA VIAGEM,5500,Serviços de alojamento e alimentação,110201,
9407602,PERU COZIDO PARA VIAGEM,5500,Serviços de alojamento e alimentação,110201,
9407701,RISOTO PARA VIAGEM,5500,Serviços de alojamento e alimentação,110201,
9407801,FRANGO EMPANADO,1091,"Carne de aves fresca, refrigerada ou congelada",030103,
9407802,NUGGETS DE FRANGO (EMPANADO),1091,"Carne de aves fresca, refrigerada ou congelada",030103,
9407803,FILE DE FRANGO EMPANADO,1091,"Carne de aves fresca, refrigerada ou congelada",030103,
9407804,MINI CHICKEN,1091,"Carne de aves fresca, refrigerada ou congelada",030103,
9407901,FAROFA PRONTA EM PACOTE (INDUSTRIALIZADA),1093,Outros produtos alimentares,030118,
9408101,BATATA CONGELADA (SEMIPRONTA),1093,"Conservas de frutas, legumes e outros vegetais",030105,
9408102,BATATA COZIDA PARA VIAGEM,5500,Serviços de alojamento e alimentação,110201,
9408103,BATATA A VACUO,1093,"Conservas de frutas, legumes e outros vegetais",030105,
9408201,"CALDO (CARNE,FEIJAO,MOCOTO,ETC.) (PARA VIAGEM)",5500,Serviços de alojamento e alimentação,110201,
9408401,BANANA PARA VIAGEM,5500,Serviços de alojamento e alimentação,110201,
9408501,BAIAO DE DOIS,5500,Serviços de alojamento e alimentação,110201,
9408601,LANCHE,5500,Serviços de alojamento e alimentação,110201,
9408701,CHESTER ASSADO OU DEFUMADO PARA VIAGEM,5500,Serviços de alojamento e alimentação,110201,
9408801,CHURRASCO PARA VIAGEM,5500,Serviços de alojamento e alimentação,110201,
9408901,BOLINHO DOCE PARA VIAGEM,5500,Serviços de alojamento e alimentação,110201,
9409001,BOLINHO NAO ESPECIFICADO PARA VIAGEM,5500,Serviços de alojamento e alimentação,110201,
9409101,BOLINHO DE COCO PARA VIAGEM,5500,Serviços de alojamento e alimentação,110201,
9409201,BOLINHO DE POLVILHO PARA VIAGEM,5500,Serviços de alojamento e alimentação,110201,
9409401,SALADA DE FRUTAS PARA VIAGEM,5500,Serviços de alojamento e alimentação,110201,
9409501,SOPA PARA VIAGEM,5500,Serviços de alojamento e alimentação,110201,
9409601,SALGADINHO SEMIPRONTO,5500,Serviços de alojamento e alimentação,110201,
9409701,SALSICHAO PARA VIAGEM,5500,Serviços de alojamento e alimentação,110201,
9409801,SALPICAO PARA VIAGEM,5500,Serviços de alojamento e alimentação,110201,
9409901,ROSCA NAO ESPECIFICADA PARA VIAGEM,5500,Serviços de alojamento e alimentação,110201,
9410201,CHARUTO DE REPOLHO PRONTO,5500,Serviços de alojamento e alimentação,110201,
9410301,SUSHI,5500,Serviços de alojamento e alimentação,110201,
9410302,SUSHI PRONTO,5500,Serviços de alojamento e alimentação,110201,
9410401,VATAPA PARA VIAGEM,5500,Serviços de alojamento e alimentação,110201,
9410501,PERNIL DE PORCO ASSADO PARA VIAGEM,5500,Serviços de alojamento e alimentação,110201,
9500101,AGUA SANITARIA,2093,"Perfumaria, sabões e artigos de limpeza",031501,
9500102,CANDIDA,2093,"Perfumaria, sabões e artigos de limpeza",031501,
9500103,Q-BOA,2093,"Perfumaria, sabões e artigos de limpeza",031501,
9500201,ESPONJA DE LIMPEZA,2500,Produtos de metal - exclusive máquinas e equipamento,032301,
9500202,BOMBRIL,2500,Produtos de metal - exclusive máquinas e equipamento,032301,
9500203,LIXA DE LIMPEZA DE FOGAO,2500,Produtos de metal - exclusive máquinas e equipamento,032301,
9500204,ESPONJA DE ACO,2500,Produtos de metal - exclusive máquinas e equipamento,032301,
9500205,ESPONJA DE NYLON,2500,Produtos de metal - exclusive máquinas e equipamento,032301,
9500206,LA DE ACO,2500,Produtos de metal - exclusive máquinas e equipamento,032301,
9500301,ESCOVA DE LIMPEZA,3180,Móveis e produtos das indústrias diversas,033401,
9500302,LIMPADOR DE GARRAFA,3180,Móveis e produtos das indústrias diversas,033401,
9500303,LIXA DE FOGAO,3180,Móveis e produtos das indústrias diversas,033401,
9500304,ESCOVA DE MAMADEIRA,3180,Móveis e produtos das indústrias diversas,033401,
9500401,VASSOURA DE QUALQUER TIPO,3180,Móveis e produtos das indústrias diversas,033401,
9500403,VASSOURA DE VASO SANITARIO,3180,Móveis e produtos das indústrias diversas,033401,
9500404,ESCOVAO,3180,Móveis e produtos das indústrias diversas,033401,
9500405,VASSOURINHA,3180,Móveis e produtos das indústrias diversas,033401,
9500406,ESFREGAO,3180,Móveis e produtos das indústrias diversas,033401,
9500407,CABO DE VASSOURA,3180,Móveis e produtos das indústrias diversas,033401,
9500501,RODO,3180,Móveis e produtos das indústrias diversas,033401,
9500502,PUXADOR,3180,Móveis e produtos das indústrias diversas,033401,
9500503,REFIL PARA RODO,2200,Artigos de borracha,031801,
9500601,ESPANADOR,3180,Móveis e produtos das indústrias diversas,033401,
9500701,FLANELA,1300,Fabricação outros produtos Têxteis,030303,
9500702,PANO DE PO,1300,Fabricação outros produtos Têxteis,030303,
9500703,PERFEX,1300,Fabricação outros produtos Têxteis,030303,
9500704,PANO DE LIMPEZA DESCARTAVEL,1300,Fabricação outros produtos Têxteis,030303,
9500705,PANO DE PIA,1300,Fabricação outros produtos Têxteis,030303,
9500801,PANO DE CHAO,1300,Fabricação outros produtos Têxteis,030303,
9500802,SACO DE LIMPEZA DE CHAO,1300,Fabricação outros produtos Têxteis,030303,
9500803,PANO DE SACO (LIMPEZA),1300,Fabricação outros produtos Têxteis,030303,
9500903,LIXEIRA,2200,Artigos de plástico,031802,
9500904,CESTO DE LIXO,2200,Artigos de plástico,031802,
9500905,RECIPIENTE DE LIXO,2200,Artigos de plástico,031802,
9501001,PA DE LIXO,2200,Artigos de plástico,031802,
9501101,SACO DE LIXO DE QUALQUER MATERIAL,2200,Artigos de plástico,031802,
9501102,SACOLA DE LIXO,2200,Artigos de plástico,031802,
9501201,SACOLA DE COMPRA,1700,"Papel e papelão, embalagens e artefatos",030702,
9501202,BOLSA DE COMPRA,1700,"Papel e papelão, embalagens e artefatos",030702,
9501203,SACO DE COMPRA,1700,"Papel e papelão, embalagens e artefatos",030702,
9501301,EMBALAGEM PLASTIFICADA,2200,Artigos de plástico,031802,
9501302,ROLOPAC (EMBALAGEM PLASTICA),2200,Artigos de plástico,031802,
9501304,SACO PLASTICO PARA EMBALAGEM,2200,Artigos de plástico,031802,
9501401,DESINFETANTE,2093,"Perfumaria, sabões e artigos de limpeza",031501,
9501402,CREOLINA,2093,"Perfumaria, sabões e artigos de limpeza",031501,
9501501,SOLVENTE,2092,"Tintas, vernizes, esmaltes e lacas",031601,
9501502,AGUARRAS,2092,"Tintas, vernizes, esmaltes e lacas",031601,
9501504,FAISCA,2092,"Tintas, vernizes, esmaltes e lacas",031601,
9501505,REMOVEDOR,2092,"Tintas, vernizes, esmaltes e lacas",031601,
9501506,GLICERINA,2091,Produtos químicos orgânicos,031102,
9501601,SODA CAUSTICA,2091,Produtos químicos inorgânicos,031101,
9501603,ACIDO MURIATICO,2091,Produtos químicos inorgânicos,031101,
9501701,ALCOOL (MATERIAL DE LIMPEZA),1992,Álcool,031001,
9501702,ALCOOL,1992,Álcool,031001,
9501703,ALCOOL EM GEL,1992,Álcool,031001,
9501704,ALCOOL GEL,1992,Álcool,031001,
9501801,DETERGENTE,2093,"Perfumaria, sabões e artigos de limpeza",031501,
9501802,LAVA LOUCA (DETERGENTE),2093,"Perfumaria, sabões e artigos de limpeza",031501,
9501803,CONCENTRADO DE LIMPEZA (DETERGENTE),2093,"Perfumaria, sabões e artigos de limpeza",031501,
9501804,DESENGORDURANTE (DETERGENTE),2093,"Perfumaria, sabões e artigos de limpeza",031501,
9501901,SABAO LIQUIDO,2093,"Perfumaria, sabões e artigos de limpeza",031501,
9502001,SABAO PASTOSO,2093,"Perfumaria, sabões e artigos de limpeza",031501,
9502101,SABAO DE COCO,2093,"Perfumaria, sabões e artigos de limpeza",031501,
9502102,SABAO EM PEDRA,2093,"Perfumaria, sabões e artigos de limpeza",031501,
9502103,SABAO EM BARRA,2093,"Perfumaria, sabões e artigos de limpeza",031501,
9502104,SABAO DE BOLA,2093,"Perfumaria, sabões e artigos de limpeza",031501,
9502105,SABAO EM BOLA,2093,"Perfumaria, sabões e artigos de limpeza",031501,
9502106,SABAO RALADO,2093,"Perfumaria, sabões e artigos de limpeza",031501,
9502201,SABAO EM PO,2093,"Perfumaria, sabões e artigos de limpeza",031501,
9502301,SAPONACEO,2093,"Perfumaria, sabões e artigos de limpeza",031501,
9502302,SAPOLEO,2093,"Perfumaria, sabões e artigos de limpeza",031501,
9502303,PASTA DE POLIR PANELA,2093,"Perfumaria, sabões e artigos de limpeza",031501,
9502304,SAPOLIO,2093,"Perfumaria, sabões e artigos de limpeza",031501,
9502305,PASTA JOIA,2093,"Perfumaria, sabões e artigos de limpeza",031501,
9502401,ALVEJANTE,2093,"Perfumaria, sabões e artigos de limpeza",031501,
9502403,CONFORT,2093,"Perfumaria, sabões e artigos de limpeza",031501,
9502404,ANIL,2093,"Perfumaria, sabões e artigos de limpeza",031501,
9502405,AMACIANTE DE ROUPA,2093,"Perfumaria, sabões e artigos de limpeza",031501,
9502406,GOMA DE ROUPA,2093,"Perfumaria, sabões e artigos de limpeza",031501,
9502407,PASSE BEM,2093,"Perfumaria, sabões e artigos de limpeza",031501,
9502408,PRE-LAVAGEM DE QUALQUER MARCA,2093,"Perfumaria, sabões e artigos de limpeza",031501,
9502409,TIRA-MANCHA,2093,"Perfumaria, sabões e artigos de limpeza",031501,
9502410,REMOVEDOR DE MANCHA DE ROUPA,2093,"Perfumaria, sabões e artigos de limpeza",031501,
9502411,AMACIANTE,2093,"Perfumaria, sabões e artigos de limpeza",031501,
9502412,AMACIANTE DE ROUPAS,2093,"Perfumaria, sabões e artigos de limpeza",031501,
9502501,DESODORANTE AMBIENTAL,2093,"Perfumaria, sabões e artigos de limpeza",031501,
9502502,SACHET,2093,"Perfumaria, sabões e artigos de limpeza",031501,
9502503,BOM AR (DESODORANTE AMBIENTAL),2093,"Perfumaria, sabões e artigos de limpeza",031501,
9502504,DESODORANTE DE SANITARIO,2093,"Perfumaria, sabões e artigos de limpeza",031501,
9502505,PURIFICADOR DE AR,2093,"Perfumaria, sabões e artigos de limpeza",031501,
9502506,PASTILHA SANITARIA,2093,"Perfumaria, sabões e artigos de limpeza",031501,
9502507,DESODORIZADOR DE GELADEIRA,2093,"Perfumaria, sabões e artigos de limpeza",031501,
9502509,INCENSO,2093,"Perfumaria, sabões e artigos de limpeza",031501,
9502510,HIGIENIZADOR SANITARIO,2093,"Perfumaria, sabões e artigos de limpeza",031501,
9502511,REFIL DE DESINFETANTE SANITARIO,2093,"Perfumaria, sabões e artigos de limpeza",031501,
9502601,INSETICIDA,2100,Defensivos agrícolas,031401,
9502602,AEROSOL SBP (INSETICIDA),2100,Defensivos agrícolas,031401,
9502603,REPELENTE,2100,Defensivos agrícolas,031401,
9502604,ESPIRAL DURMA BEM E OUTRAS MARCAS,2100,Defensivos agrícolas,031401,
9502605,NAFTALINA,2091,Produtos químicos orgânicos,031102,
9502606,REFIL,2100,Defensivos agrícolas,031401,
9502701,RATICIDA,2091,Produtos químicos orgânicos,031102,
9502801,BOMBA DE INSETICIDA,3180,Móveis e produtos das indústrias diversas,033401,
9502901,RATOEIRA,3180,Móveis e produtos das indústrias diversas,033401,
9503001,PALHA DE ACO,2500,Produtos de metal - exclusive máquinas e equipamento,032301,
9503101,CERA DE ASSOALHO,2093,"Perfumaria, sabões e artigos de limpeza",031501,
9503201,OLEO DE MOVEIS,2093,"Perfumaria, sabões e artigos de limpeza",031501,
9503202,OLEO DE PEROBA,2093,"Perfumaria, sabões e artigos de limpeza",031501,
9503203,LUSTRA MOVEIS,2093,"Perfumaria, sabões e artigos de limpeza",031501,
9503301,POLIDOR DE METAIS,2093,"Perfumaria, sabões e artigos de limpeza",031501,
9503303,PASTA DE BRILHO,2093,"Perfumaria, sabões e artigos de limpeza",031501,
9503304,LAVINOX,2093,"Perfumaria, sabões e artigos de limpeza",031501,
9503307,LIMPA ALUMINIO,2093,"Perfumaria, sabões e artigos de limpeza",031501,
9503401,GRAXA DE SAPATO,2093,"Perfumaria, sabões e artigos de limpeza",031501,
9503402,CERA DE SAPATO,2093,"Perfumaria, sabões e artigos de limpeza",031501,
9503403,POMADA DE CALCADO,2093,"Perfumaria, sabões e artigos de limpeza",031501,
9503501,ESCOVA DE ROUPA,3180,Móveis e produtos das indústrias diversas,033401,
9503502,ESCOVA DE SAPATO,3180,Móveis e produtos das indústrias diversas,033401,
9503503,ESCOVA DE LAVAR ROUPA,3180,Móveis e produtos das indústrias diversas,033401,
9503504,ESCOVA DE ENGRAXAR SAPATO,3180,Móveis e produtos das indústrias diversas,033401,
9503601,OLEO DE MAQUINA,1991,Outros produtos do refino de petróleo e coque,030906,
9503701,PREGADOR DE ROUPA,1600,Produtos de madeira - exclusive móveis,030601,
9503801,CORDA DE VARAL,1300,Fabricação outros produtos Têxteis,030303,
9503802,CORDA DE ROUPA,1300,Fabricação outros produtos Têxteis,030303,
9503901,PAPEL TOALHA,1700,"Papel e papelão, embalagens e artefatos",030702,
9504001,DESENTUPIDOR DE RALOS,2200,Artigos de borracha,031801,
9504002,DESENTUPIDOR DE PIA,2200,Artigos de borracha,031801,
9504101,PALITO,1600,Produtos de madeira - exclusive móveis,030601,
9504201,SULFATO DE ALUMINIO (LIMPEZA DOMESTICA),2091,Produtos químicos inorgânicos,031101,
9504301,GUARDANAPO DE PAPEL,1700,"Papel e papelão, embalagens e artefatos",030702,
9504401,"PRATO OU BANDEJA DE PAPEL,ALUMINIZADO OU PLASTICO",1700,"Papel e papelão, embalagens e artefatos",030702,
9504402,EMBALAGEM ALUMINIZADA DE CONGELAMENTO DE ALIMENTOS,2500,Produtos de metal - exclusive máquinas e equipamento,032301,
9504403,PRATO DESCARTAVEL,1700,"Papel e papelão, embalagens e artefatos",030702,
9504404,BOBINA DE PLASTICO PARA FREEZER,2200,Artigos de plástico,031802,
9504501,SABAO NAO ESPECIFICADO,2093,"Perfumaria, sabões e artigos de limpeza",031501,
9504601,COADOR DE CAFE (PAPEL),1700,"Papel e papelão, embalagens e artefatos",030702,
9504602,FILTRO DE CAFE (PAPEL),1700,"Papel e papelão, embalagens e artefatos",030702,
9504603,FILTRO DE PAPEL,1700,"Papel e papelão, embalagens e artefatos",030702,
9504701,TOALHA DE PAPEL,1700,"Papel e papelão, embalagens e artefatos",030702,
9504801,CANUDINHO DE PAPEL OU PLASTICO,3180,Móveis e produtos das indústrias diversas,033401,
9504901,"FORMA,COPO,ETC. DE PAPEL OU PAPELAO",1700,"Papel e papelão, embalagens e artefatos",030702,
9504902,FORMINHA DE PAPEL,1700,"Papel e papelão, embalagens e artefatos",030702,
9504903,PAPEL DE BALA,1700,"Papel e papelão, embalagens e artefatos",030702,
9504904,COPO DE PAPEL OU PLASTICO,1700,"Papel e papelão, embalagens e artefatos",030702,
9504905,COPO DESCARTAVEL,2200,Artigos de plástico,031802,
9505001,PAPEL ALUMINIO OU ALUMINIZADO,1700,"Papel e papelão, embalagens e artefatos",030702,
9505002,FOGAO LIMPO (PAPEL ALUMINIO),1700,"Papel e papelão, embalagens e artefatos",030702,
9505003,LIMPA-FOGAO (PAPEL ALUMINIO),1700,"Papel e papelão, embalagens e artefatos",030702,
9505004,PAPEL ALUMINIO PARA FOGAO,1700,"Papel e papelão, embalagens e artefatos",030702,
9505101,PAPEL ABSORVENTE DE COPA E COZINHA,1700,"Papel e papelão, embalagens e artefatos",030702,
9505201,PAPEL CELOFANE,2200,Artigos de plástico,031802,
9505301,FOSFOROS,3180,Móveis e produtos das indústrias diversas,033401,
9505302,CAIXA DE FOSFOROS,3180,Móveis e produtos das indústrias diversas,033401,
9505401,VELAS DE ILUMINACAO,3180,Móveis e produtos das indústrias diversas,033401,
9505501,LAMPADA DE QUALQUER TIPO,2700,"Máquinas, aparelhos e materiais elétricos",032701,
9505502,LAMPADA,2700,"Máquinas, aparelhos e materiais elétricos",032701,
9505503,LAMPADA FLUORESCENTE,2700,"Máquinas, aparelhos e materiais elétricos",032701,
9505601,QUEROSENE (MATERIAL DE LIMPEZA),1991,Outros produtos do refino de petróleo e coque,030906,
9505701,CARVAO VEGETAL (PARA CHURRASCO),2091,Produtos químicos orgânicos,031102,
9505702,CARVAO (PARA CHURRASCO),2091,Produtos químicos orgânicos,031102,
9505801,GASOLINA (MATERIAL DE LIMPEZA),1991,Outros produtos do refino de petróleo e coque,030906,
9505901,PILHA,2700,"Máquinas, aparelhos e materiais elétricos",032701,
9506001,CERA DE MOVEIS,2093,"Perfumaria, sabões e artigos de limpeza",031501,
9506101,SHAMPU DE CARPETE,2093,"Perfumaria, sabões e artigos de limpeza",031501,
9506104,LIMPA-CARPETE,2093,"Perfumaria, sabões e artigos de limpeza",031501,
9506201,"TALHERES DE PLASTICO (GARFO,FACA,COLHER)",2200,Artigos de plástico,031802,
9506202,GARFO DE PLASTICO,2200,Artigos de plástico,031802,
9506204,COLHER DE PLASTICO,2200,Artigos de plástico,031802,
9506301,AMONIACO,2093,"Perfumaria, sabões e artigos de limpeza",031501,
9506302,VEJA (AMONIACO),2093,"Perfumaria, sabões e artigos de limpeza",031501,
9506303,AJAX (AMONIACO),2093,"Perfumaria, sabões e artigos de limpeza",031501,
9506306,MULTILIMPADOR INSTANTANEO,2093,"Perfumaria, sabões e artigos de limpeza",031501,
9506307,CONCENTRADO DE LIMPEZA (AMONIACO),2093,"Perfumaria, sabões e artigos de limpeza",031501,
9506308,LIMPADOR INSTANTANEO,2093,"Perfumaria, sabões e artigos de limpeza",031501,
9506309,PULVERIZADOR (LIMPADOR DE MULTIPLA ACAO),2093,"Perfumaria, sabões e artigos de limpeza",031501,
9506310,LIMPADOR DE MULTIPLA ACAO,2093,"Perfumaria, sabões e artigos de limpeza",031501,
9506311,MULTIUSO,2093,"Perfumaria, sabões e artigos de limpeza",031501,
9506401,ANTIMOFO,2093,"Perfumaria, sabões e artigos de limpeza",031501,
9506501,LIMPA-VIDROS,2093,"Perfumaria, sabões e artigos de limpeza",031501,
9506601,LIMPA-FORNO,2093,"Perfumaria, sabões e artigos de limpeza",031501,
9506602,EASY OFF (LIMPA-FORNO),2093,"Perfumaria, sabões e artigos de limpeza",031501,
9506701,VELA DE ANIVERSARIO,3180,Móveis e produtos das indústrias diversas,033401,
9506801,VAPORIZADOR ELETRICO (CONTRA INSETOS),2700,Eletrodomésticos,032501,
9506802,REPELENTE DE INSETOS ELETRICO,2700,Eletrodomésticos,032501,
9506803,PROTECTOR,2700,Eletrodomésticos,032501,
9506804,FUMINSECT,2700,Eletrodomésticos,032501,
9506901,ESTOPA DE LIMPEZA DA CASA,1300,Beneficiamento de algodão e de outros têxt e fiação,030301,
9507001,ALGODAO DE LIMPEZA,1300,Beneficiamento de algodão e de outros têxt e fiação,030301,
9507002,ALGODAO,1300,Beneficiamento de algodão e de outros têxt e fiação,030301,
9507102,TIRA-FERRUGEM,2093,"Perfumaria, sabões e artigos de limpeza",031501,
9507201,SAQUINHO DE LANCHE (PLASTICO OU PAPEL),2200,Artigos de plástico,031802,
9507301,ANILINA E TINTA DE ASSOALHO,2092,"Tintas, vernizes, esmaltes e lacas",031601,
9507302,TINTA DE ASSOALHO,2092,"Tintas, vernizes, esmaltes e lacas",031601,
9507501,CLORO LIQUIDO DE LIMPEZA DOMESTICA,2091,Produtos químicos inorgânicos,031101,
9507601,"TALHERES DE MADEIRA (GARFO,ESPETO,ETC.)",1600,Produtos de madeira - exclusive móveis,030601,
9507602,PALITO PARA SORVETE,1600,Produtos de madeira - exclusive móveis,030601,
9507603,PALITO PARA CHURRASCO,1600,Produtos de madeira - exclusive móveis,030601,
9507701,SECADOR DE LOUCA (LIQUIDO DE MAQUINA DE LAVAR LOUCA),2093,"Perfumaria, sabões e artigos de limpeza",031501,
9507702,SECADOR DE LOUCA (SABAO EM PO DE MAQUINA DE LAVAR LOUCA),2093,"Perfumaria, sabões e artigos de limpeza",031501,
9507901,FILTRO DE PAPEL DE EXAUSTOR,1700,"Papel e papelão, embalagens e artefatos",030702,
9507902,FILTRO PARA ASPIRADOR,1700,"Papel e papelão, embalagens e artefatos",030702,
9508001,PAPEL MANTEIGA,1700,"Papel e papelão, embalagens e artefatos",030702,
9508201,BALDE,2200,Artigos de plástico,031802,
9508301,LAMPADA FRIA,2700,"Máquinas, aparelhos e materiais elétricos",032701,
9508302,LAMPADA BRANCA,2700,"Máquinas, aparelhos e materiais elétricos",032701,
9508303,LAMPADA ELETRONICA,2700,"Máquinas, aparelhos e materiais elétricos",032701,
9508304,LAMPADA TIPO ECONOMICA,2700,"Máquinas, aparelhos e materiais elétricos",032701,
9508401,ISQUEIRO (USO DA CASA),3180,Móveis e produtos das indústrias diversas,033401,
9508402,ISQUEIRO,3180,Móveis e produtos das indústrias diversas,033401,
9508403,ISQUEIRO DESCARTAVEL,3180,Móveis e produtos das indústrias diversas,033401,
9508501,FOGOTINI (GEL SOLIDO PARA ACENDER CHURRASQUEIRA),3180,Móveis e produtos das indústrias diversas,033401,
9508601,TAXA DE ENTREGA DE PRODUTOS ALIMENTARES,4900,Transporte de carga,070101,
9509101,ALIMENTOS DE CAES,1093,"Óleos de milho, amidos e féculas vegetais e rações",030114,
9509102,RACAO DE CAES,1093,"Óleos de milho, amidos e féculas vegetais e rações",030114,
9509103,CARNE PARA CAES,1093,"Óleos de milho, amidos e féculas vegetais e rações",030114,
9509104,PELE (ALIMENTACAO PARA CAES),1093,"Óleos de milho, amidos e féculas vegetais e rações",030114,
9509201,"ALIMENTOS DE OUTROS ANIMAIS (PASSAROS,PEIXES,GATOS,COELHOS,ETC.)",1093,"Óleos de milho, amidos e féculas vegetais e rações",030114,
9509202,"RACAO DE OUTROS ANIMAIS (PASSAROS,PEIXES,GATOS,COELHOS,ETC.)",1093,"Óleos de milho, amidos e féculas vegetais e rações",030114,
9509203,SEMENTE DE GIRASSOL (ALIMENTACAO DE PASSAROS),1093,"Óleos de milho, amidos e féculas vegetais e rações",030114,
9509204,FARELO DE SOJA PARA OUTROS ANIMAIS,1093,"Óleo de soja em bruto e tortas, bagaços e farelo de soja",030106,
9509205,FARELO DE ARROZ PARA OUTROS ANIMAIS,1093,Arroz beneficiado e produtos derivados,030111,
9509206,FARELO DE MILHO PARA OUTROS ANIMAIS,1093,"Óleos de milho, amidos e féculas vegetais e rações",030114,
9509207,ALPISTE,1093,"Óleos de milho, amidos e féculas vegetais e rações",030114,
9509209,MILHO (RACAO),1093,"Óleos de milho, amidos e féculas vegetais e rações",030114,
9509210,CALCIO PARA AVES,1093,"Óleos de milho, amidos e féculas vegetais e rações",030114,
9509211,ALFAFA,0191,Outros produtos e serviços da lavoura,010106,
9509212,CAROCO DE ALGODAO,1300,Beneficiamento de algodão e de outros têxt e fiação,030301,
9509213,LEITE PARA ANIMAIS,1093,"Leite resfriado, esterilizado e pasteurizado",030109,
9509301,PRODUTOS DE LIMPEZA E HIGIENE DE ANIMAIS,2093,"Perfumaria, sabões e artigos de limpeza",031501,
9509302,FRONTLINE,2093,"Perfumaria, sabões e artigos de limpeza",031501,
9509303,SHAMPU PARA CAES,2093,"Perfumaria, sabões e artigos de limpeza",031501,
9509401,"OBJETOS DE ANIMAIS (CORRENTE,COLEIRA,GAIOLA,ETC.)",3180,Móveis e produtos das indústrias diversas,033401,
9509402,CORRENTE DE ANIMAIS,3180,Móveis e produtos das indústrias diversas,033401,
9509403,COLEIRA DE ANIMAIS,3180,Móveis e produtos das indústrias diversas,033401,
9509404,GAIOLA DE ANIMAIS,3180,Móveis e produtos das indústrias diversas,033401,
9509901,FLORES NATURAIS (QUALQUER),0191,Outros produtos e serviços da lavoura,010106,
9509902,ROSA,0191,Outros produtos e serviços da lavoura,010106,
9509903,CRAVO,0191,Outros produtos e serviços da lavoura,010106,
9509904,MARGARIDA,0191,Outros produtos e serviços da lavoura,010106,
9509906,ORQUIDEA,0191,Outros produtos e serviços da lavoura,010106,
9509908,FLOR DO CAMPO,0191,Outros produtos e serviços da lavoura,010106,
9509909,PALMA,0191,Outros produtos e serviços da lavoura,010106,
9509910,COPO DE LEITE,0191,Outros produtos e serviços da lavoura,010106,
9509911,CRISANTEMO,0191,Outros produtos e serviços da lavoura,010106,
9509912,ARRANJO DE FLORES NATURAIS,0191,Outros produtos e serviços da lavoura,010106,
9510001,RACAO PARA ANIMAIS NAO ESPECIFICADA,1093,"Óleos de milho, amidos e féculas vegetais e rações",030114,
9510101,REMOVEDOR DE LIMO,2093,"Perfumaria, sabões e artigos de limpeza",031501,
9510201,SULFATO DE SODIO,2091,Produtos químicos inorgânicos,031101,
9510301,REMOVEDOR DE GORDURA,2093,"Perfumaria, sabões e artigos de limpeza",031501,
9510401,REGADOR,2200,Artigos de plástico,031802,
9510501,ISCA PARA INSETO,3180,Móveis e produtos das indústrias diversas,033401,
9510601,CARVAO MINERAL,0580,Carvão mineral,020301,
9510701,CHUMBINHO (MATA-RATOS),2100,Defensivos agrícolas,031401,
9510702,VENENO PARA RATO,2100,Defensivos agrícolas,031401,
9510801,LUVA DE BORRACHA,2200,Artigos de borracha,031801,
9510802,LUVA DE LIMPEZA,2200,Artigos de borracha,031801,
9600101,CREME DENTAL E FIO DENTAL,2093,"Perfumaria, sabões e artigos de limpeza",031501,
9600102,FIO DENTAL,2093,"Perfumaria, sabões e artigos de limpeza",031501,
9600103,PASTA DE DENTE,2093,"Perfumaria, sabões e artigos de limpeza",031501,
9600104,GEL DENTAL,2093,"Perfumaria, sabões e artigos de limpeza",031501,
9600105,CREME DENTAL,2093,"Perfumaria, sabões e artigos de limpeza",031501,
9600201,"ESCOVA DE DENTES (MACIA,MEDIA,DURA)",3180,Móveis e produtos das indústrias diversas,033401,
9600301,SABONETE,2093,"Perfumaria, sabões e artigos de limpeza",031501,
9600401,"XAMPU,CREME RINSE E OUTROS PRODUTOS DE CABELO",2093,"Perfumaria, sabões e artigos de limpeza",031501,
9600402,CREME RINSE,2093,"Perfumaria, sabões e artigos de limpeza",031501,
9600403,BRILHANTINA,2093,"Perfumaria, sabões e artigos de limpeza",031501,
9600405,OLEO DE CABELO,2093,"Perfumaria, sabões e artigos de limpeza",031501,
9600406,TINTURA DE CABELO,2093,"Perfumaria, sabões e artigos de limpeza",031501,
9600407,ALISANTE DE CABELO,2093,"Perfumaria, sabões e artigos de limpeza",031501,
9600408,HENE,2093,"Perfumaria, sabões e artigos de limpeza",031501,
9600409,FIXADOR DE CABELO,2093,"Perfumaria, sabões e artigos de limpeza",031501,
9600410,LAQUE,2093,"Perfumaria, sabões e artigos de limpeza",031501,
9600412,LOCAO DE CABELO,2093,"Perfumaria, sabões e artigos de limpeza",031501,
9600413,RESTAURADOR CAPILAR,2093,"Perfumaria, sabões e artigos de limpeza",031501,
9600414,SHAMPU,2093,"Perfumaria, sabões e artigos de limpeza",031501,
9600415,CREME ENXAGUANTE DE CABELO,2093,"Perfumaria, sabões e artigos de limpeza",031501,
9600416,NEUTROX,2093,"Perfumaria, sabões e artigos de limpeza",031501,
9600417,CREME DE CABELO,2093,"Perfumaria, sabões e artigos de limpeza",031501,
9600419,PRODUTOS DE PINTURA DE CABELO,2093,"Perfumaria, sabões e artigos de limpeza",031501,
9600420,CONDICIONADOR CAPILAR,2093,"Perfumaria, sabões e artigos de limpeza",031501,
9600421,LOCAO TONICA OU TONIFICANTE CAPILAR,2093,"Perfumaria, sabões e artigos de limpeza",031501,
9600422,OUTROS PRODUTOS DE CABELO,2093,"Perfumaria, sabões e artigos de limpeza",031501,
9600423,DEFINIDOR DE CACHOS (CREME SEM ENXAGUE),2093,"Perfumaria, sabões e artigos de limpeza",031501,
9600424,SHAMPU E CONDICIONADOR,2093,"Perfumaria, sabões e artigos de limpeza",031501,
9600425,CREME HIDRATANTE CAPILAR,2093,"Perfumaria, sabões e artigos de limpeza",031501,
9600426,HIDRATANTE CAPILAR,2093,"Perfumaria, sabões e artigos de limpeza",031501,
9600427,RECONDICIONADOR CAPILAR,2093,"Perfumaria, sabões e artigos de limpeza",031501,
9600501,DESODORANTE PESSOAL,2093,"Perfumaria, sabões e artigos de limpeza",031501,
9600502,DESODORANTE ANTI TRANSPIRANTE,2093,"Perfumaria, sabões e artigos de limpeza",031501,
9600601,"CREME,PINCEL E OUTROS PRODUTOS DE BARBA",2093,"Perfumaria, sabões e artigos de limpeza",031501,
9600602,CREME DE BARBEAR,2093,"Perfumaria, sabões e artigos de limpeza",031501,
9600603,PINCEL DE BARBA,3180,Móveis e produtos das indústrias diversas,033401,
9600604,LOCAO POS-BARBA,2093,"Perfumaria, sabões e artigos de limpeza",031501,
9600606,ESPUMA DE BARBEAR,2093,"Perfumaria, sabões e artigos de limpeza",031501,
9600701,LAMINA DE BARBEAR,2500,Produtos de metal - exclusive máquinas e equipamento,032301,
9600702,GILETE,2500,Produtos de metal - exclusive máquinas e equipamento,032301,
9600705,PRESTOBARBA,2500,Produtos de metal - exclusive máquinas e equipamento,032301,
9600706,APARELHO DE BARBEAR DESCARTAVEL,2500,Produtos de metal - exclusive máquinas e equipamento,032301,
9600707,APARELHO DE BARBA DESCARTAVEL,2500,Produtos de metal - exclusive máquinas e equipamento,032301,
9600708,ESTOJO DE BARBEAR DESCARTAVEL,2500,Produtos de metal - exclusive máquinas e equipamento,032301,
9600709,BARBEADOR DESCARTAVEL (APARELHO DE BARBEAR),2500,Produtos de metal - exclusive máquinas e equipamento,032301,
9600710,LAMINA DE BARBEAR- CARGA,2500,Produtos de metal - exclusive máquinas e equipamento,032301,
9600711,APARELHO DE BARBEAR,2500,Produtos de metal - exclusive máquinas e equipamento,032301,
9600712,REFIL PARA APARELHO DE BARBEAR DESCARTAVEL,2500,Produtos de metal - exclusive máquinas e equipamento,032301,
9600713,CARGA DE BARBEADOR ELETRICO,2500,Produtos de metal - exclusive máquinas e equipamento,032301,
9600801,ABSORVENTE HIGIENICO,1700,"Papel e papelão, embalagens e artefatos",030702,
9600802,ABSORVENTE,1700,"Papel e papelão, embalagens e artefatos",030702,
9600901,LENCO DE PAPEL,1700,"Papel e papelão, embalagens e artefatos",030702,
9600902,LENCO DE BEBE (UMEDECIDO),1700,"Papel e papelão, embalagens e artefatos",030702,
9600903,LENCO UMEDECIDO DE BEBE,1700,"Papel e papelão, embalagens e artefatos",030702,
9600904,LENCO DESCARTAVEL,1700,"Papel e papelão, embalagens e artefatos",030702,
9601101,PRODUTOS DE BANHO,2093,"Perfumaria, sabões e artigos de limpeza",031501,
9601102,SAL DE BANHO,2093,"Perfumaria, sabões e artigos de limpeza",031501,
9601103,BUCHA DE BANHO,2093,"Perfumaria, sabões e artigos de limpeza",031501,
9601104,ESCOVA DE BANHO,2093,"Perfumaria, sabões e artigos de limpeza",031501,
9601105,PEDRA POME,2093,"Perfumaria, sabões e artigos de limpeza",031501,
9601106,ESPONJA DE BANHO,2093,"Perfumaria, sabões e artigos de limpeza",031501,
9601201,PAPEL HIGIENICO,1700,"Papel e papelão, embalagens e artefatos",030702,
9601301,BARBEADOR DE LAMINA,2500,Produtos de metal - exclusive máquinas e equipamento,032301,
9601401,SABONETE LIQUIDO,2093,"Perfumaria, sabões e artigos de limpeza",031501,
9601501,HALITOL,2093,"Perfumaria, sabões e artigos de limpeza",031501,
9601502,DESODORANTE BUCAL,2093,"Perfumaria, sabões e artigos de limpeza",031501,
9601503,CEPACOL,2093,"Perfumaria, sabões e artigos de limpeza",031501,
9601504,ANTISEPTICO BUCAL,2093,"Perfumaria, sabões e artigos de limpeza",031501,
9601601,PLAX DENTAL,2093,"Perfumaria, sabões e artigos de limpeza",031501,
9601602,PLAX FLUOR,2093,"Perfumaria, sabões e artigos de limpeza",031501,
9601701,BUCHA VEGETAL,0191,Outros produtos e serviços da lavoura,010106,
9601801,OLEO DE ALMISCAR,2093,"Perfumaria, sabões e artigos de limpeza",031501,
9602001,COTONETES (USO COLETIVO),2100,Produtos farmacêuticos,031301,
9605101,CERVEJA,1100,Bebidas,030119,
9605102,CERVEJA PRETA,1100,Bebidas,030119,
9605103,CERVEJA BRANCA,1100,Bebidas,030119,
9605201,CHOPP,1100,Bebidas,030119,
9605301,AGUARDENTE DE CANA,1100,Bebidas,030119,
9605302,CACHACA,1100,Bebidas,030119,
9605304,AGUARDENTE,1100,Bebidas,030119,
9605305,DUELO (AGUARDENTE DE CANA COM SABOR DE FRUTAS - AP),1100,Bebidas,030119,
9605401,AGUARDENTE DE UVA,1100,Bebidas,030119,
9605501,BATIDA DE QUALQUER SABOR,5500,Serviços de alojamento e alimentação,110201,
9605701,RUM,1100,Bebidas,030119,
9605801,VODKA,1100,Bebidas,030119,
9606001,UISQUE,1100,Bebidas,030119,
9606002,WHISKY,1100,Bebidas,030119,
9606101,CAMPARI,1100,Bebidas,030119,
9606201,CHAMPANHE,1100,Bebidas,030119,
9606202,SIDRA (CHAMPANHE),1100,Bebidas,030119,
9606301,VERMUTE,1100,Bebidas,030119,
9606401,CINZANO,1100,Bebidas,030119,
9606501,MARTINI,1100,Bebidas,030119,
9606601,CONHAQUE,1100,Bebidas,030119,
9606701,DRINK DREHER E OUTROS,1100,Bebidas,030119,
9606901,LICOR DE QUALQUER SABOR,1100,Bebidas,030119,
9607301,AGUARDENTE DE ARROZ,1100,Bebidas,030119,
9607401,VINHO DE UVA E OUTROS,1100,Bebidas,030119,
9607402,VINHO ROSE,1100,Bebidas,030119,
9607403,VINHO TINTO,1100,Bebidas,030119,
9607405,VINHO SECO,1100,Bebidas,030119,
9607406,VINHO MOSCATEL,1100,Bebidas,030119,
9607407,VINHO LICOROSO,1100,Bebidas,030119,
9607409,CAJUINA (VINHO),1100,Bebidas,030119,
9607410,VINHO BRANCO,1100,Bebidas,030119,
9607411,JURUBEBA (VINHO),1100,Bebidas,030119,
9607412,VINHO DE CATUABA,1100,Bebidas,030119,
9607413,VINHO SUAVE,1100,Bebidas,030119,
9607414,VINHO DE UVA,1100,Bebidas,030119,
9607415,VINHO,1100,Bebidas,030119,
9607501,AGUARDENTE DE BANANA,1100,Bebidas,030119,
9607601,AGUARDENTE DE ALCACHOFRA,1100,Bebidas,030119,
9607801,KEEP COOLER,1100,Bebidas,030119,
9607901,COQUETEL DE FRUTAS,5500,Serviços de alojamento e alimentação,110201,
9608001,UNDERBERG,1100,Bebidas,030119,
9608101,CAIPIRINHA,1100,Bebidas,030119,
9608102,BEBIDA ALCOOLICA (NAO ESPECIFICADA),1100,Bebidas,030119,
9608201,AGUARDENTE DE CATUABA,1100,Bebidas,030119,
9608301,CERVEJA SEM ALCOOL,1100,Bebidas,030119,
9909001,CESTA DE PASCOA,1093,Outros produtos alimentares,030118,
9909101,CESTA DE NATAL,1093,Outros produtos alimentares,030118,
9909201,CESTA DE CAFE DA MANHA,1093,Outros produtos alimentares,030118,
