0,1,2,3,4,5,6,7,8,9,10,11,21,23,24,25,26
Ano,Quadro_H,Desc_Quadro,Codigo,Codigo_numero,Desc,,ProcV87,zoom,MelhorChute,Harmo,Descr,,,,,
1995,07,QUADRO 7 - Despesas do Domicilio Principal com Serviços Públicos ou Similares no Periodo de Referência de 90 Dias;,0700,700,DESPESA DO DOMICILIO PRINCIPAL COM SERVIÇOS PUBLICOS OU SIMILARES,,31007,,31007,31007,Outros_servicos_etc,0700,,,,
1995,07,QUADRO 7 - Despesas do Domicilio Principal com Serviços Públicos ou Similares no Periodo de Referência de 90 Dias;,0701,701,AGUA E ESGOTO (DOMICÍLIO PRINCIPAL),,31006,31006,31006,31006,Agua_e_esgoto,0701,,,,
1995,07,QUADRO 7 - Despesas do Domicilio Principal com Serviços Públicos ou Similares no Periodo de Referência de 90 Dias;,0702,702,ENERGIA ELÉTRICA (DOMICÍLIO PRINCIPAL),,31002,,31002,31002,Energia_eletrica,0702,,,,
1995,07,QUADRO 7 - Despesas do Domicilio Principal com Serviços Públicos ou Similares no Periodo de Referência de 90 Dias;,0703,703,GÁS ENCANADO (DOMICÍLIO PRINCIPAL),,31005,31005,31005,31005,Gas_domestico,0703,,,,
1995,07,QUADRO 7 - Despesas do Domicilio Principal com Serviços Públicos ou Similares no Periodo de Referência de 90 Dias;,0704,704,TELELEFONE RESIDENCIAL (DOMICÍLIO PRINCIPAL),,31003,31003,31003,31003,Telefone_fixo,0704,,,,
1995,07,QUADRO 7 - Despesas do Domicilio Principal com Serviços Públicos ou Similares no Periodo de Referência de 90 Dias;,0705,705,GÁS DE BUTIJÃO (DOMICÍLIO PRINCIPAL),,31005,31005,31005,31005,Gas_domestico,0705,,,,
1995,07,QUADRO 7 - Despesas do Domicilio Principal com Serviços Públicos ou Similares no Periodo de Referência de 90 Dias;,0706,706,AQUISIÇÃO D´ÁGUA (DOMICÍLIO PRINCIPAL),,31007,31007,31007,31007,Outros_servicos_etc,0706,,,,
1995,07,QUADRO 7 - Despesas do Domicilio Principal com Serviços Públicos ou Similares no Periodo de Referência de 90 Dias;,0707,707,LENHA E CARVÃO (COMBUSTÍVEIS DOMÉSTICOS) (DOMICÍLIO PRINCIPAL),,31007,31007,31007,31007,Outros_servicos_etc,0707,,,,
1995,07,QUADRO 7 - Despesas do Domicilio Principal com Serviços Públicos ou Similares no Periodo de Referência de 90 Dias;,0708,708,GÁS DE BUTIJÃO PARA ILUMINAÇÃO (DOMICÍLIO PRINCIPAL),,31005,31005,31005,31005,Gas_domestico,0708,,,,
1995,07,QUADRO 7 - Despesas do Domicilio Principal com Serviços Públicos ou Similares no Periodo de Referência de 90 Dias;,0709,709,QUEROSENE (COMBUSTÍVEL DOMESTICO) (DOMICÍLIO PRINCIPAL),,31007,31007,31007,31007,Outros_servicos_etc,0709,,,,
1995,07,QUADRO 7 - Despesas do Domicilio Principal com Serviços Públicos ou Similares no Periodo de Referência de 90 Dias;,0711,711,ALCOOL (COMBUSTÍVEL DOMESTICO) (DOMICÍLIO PRINCIPAL),,31007,31007,31007,31007,Outros_servicos_etc,0711,,,,
1995,07,QUADRO 7 - Despesas do Domicilio Principal com Serviços Públicos ou Similares no Periodo de Referência de 90 Dias;,0712,712,ÓLEO DIESEL (COMBUSTÍVEL DOMESTICO) (DOMICÍLIO PRINCIPAL),,31007,31007,31007,31007,Outros_servicos_etc,0712,,,,
1995,07,QUADRO 7 - Despesas do Domicilio Principal com Serviços Públicos ou Similares no Periodo de Referência de 90 Dias;,0713,713,TELEFONE RESIDENCIAL (CHAMADA INTERURBANA) (DOMICÍLIO PRINCIPAL),,,31003,31003,31003,Telefone_fixo,0713,,,,
1995,07,QUADRO 7 - Despesas do Domicilio Principal com Serviços Públicos ou Similares no Periodo de Referência de 90 Dias;,0714,714,TELEFONE RESIDENCIAL (CHAMADA INTENACIONAL) (DOMICÍLIO PRINCIPAL),,,31003,31003,31003,Telefone_fixo,0714,,,,
1995,07,QUADRO 7 - Despesas do Domicilio Principal com Serviços Públicos ou Similares no Periodo de Referência de 90 Dias;,0715,715,TELEFONE MÓVEL OU CELULAR (DOMICÍLIO PRINCIPAL),,,31004,31004,31004,Telefone_celular,0715,,,,
1995,07,QUADRO 7 - Despesas do Domicilio Principal com Serviços Públicos ou Similares no Periodo de Referência de 90 Dias;,0798,798,AGREGADO 1,,31007,31007,31007,31007,Outros_servicos_etc,0798,,,,
1995,08,"QUADRO 8 - Despesas com Construção, Reforma e Pequenos Reparos de Imóveis, e com Jardinagem no Período de Referência de 90 Dias;",0800,800,"DESPESA COM CONSTRUÇÃO, REFORMA E PEQUENOS REPAROS DE IMÓVEIS E JARDINAGEM",,32001,,32001,32001,Manutencao_do_lar,0800,,,,
1995,08,"QUADRO 8 - Despesas com Construção, Reforma e Pequenos Reparos de Imóveis, e com Jardinagem no Período de Referência de 90 Dias;",0801,801,AZULEJO E PISO,,,32001,32001,32001,Manutencao_do_lar,0801,,,,
1995,08,"QUADRO 8 - Despesas com Construção, Reforma e Pequenos Reparos de Imóveis, e com Jardinagem no Período de Referência de 90 Dias;",0802,802,"PIA, VASO, BIDE, SABONETEIRA E CONJUNTO SANITARIO",,,32001,32001,32001,Manutencao_do_lar,0802,,,,
1995,08,"QUADRO 8 - Despesas com Construção, Reforma e Pequenos Reparos de Imóveis, e com Jardinagem no Período de Referência de 90 Dias;",0803,803,JANELA E PORTA,,,32001,32001,32001,Manutencao_do_lar,0803,,,,
1995,08,"QUADRO 8 - Despesas com Construção, Reforma e Pequenos Reparos de Imóveis, e com Jardinagem no Período de Referência de 90 Dias;",0804,804,MADEIRA E TACO,,,32001,32001,32001,Manutencao_do_lar,0804,,,,
1995,08,"QUADRO 8 - Despesas com Construção, Reforma e Pequenos Reparos de Imóveis, e com Jardinagem no Período de Referência de 90 Dias;",0805,805,CIMENTO,,31001,32001,31001,32001,Manutencao_do_lar,0805,,,,
1995,08,"QUADRO 8 - Despesas com Construção, Reforma e Pequenos Reparos de Imóveis, e com Jardinagem no Período de Referência de 90 Dias;",0806,806,TIJOLO,,,32001,32001,32001,Manutencao_do_lar,0806,,,,
1995,08,"QUADRO 8 - Despesas com Construção, Reforma e Pequenos Reparos de Imóveis, e com Jardinagem no Período de Referência de 90 Dias;",0807,807,VIDRO,,43002,32001,43002,43002,Prestacao_de_imovel,0807,,,,
1995,08,"QUADRO 8 - Despesas com Construção, Reforma e Pequenos Reparos de Imóveis, e com Jardinagem no Período de Referência de 90 Dias;",0808,808,TINTA,,,32001,32001,32001,Manutencao_do_lar,0808,,,,
1995,08,"QUADRO 8 - Despesas com Construção, Reforma e Pequenos Reparos de Imóveis, e com Jardinagem no Período de Referência de 90 Dias;",0809,809,MATERIAL DE PINTURA EM GERAL,,,32001,32001,32001,Manutencao_do_lar,0809,,,,
1995,08,"QUADRO 8 - Despesas com Construção, Reforma e Pequenos Reparos de Imóveis, e com Jardinagem no Período de Referência de 90 Dias;",0810,810,"TORNEIRA, CANO E MATERIAL HIDRÁULICO EM GERAL",,40006,32001,40006,40006,Outras_despesas_diversas,0810,,,,
1995,08,"QUADRO 8 - Despesas com Construção, Reforma e Pequenos Reparos de Imóveis, e com Jardinagem no Período de Referência de 90 Dias;",0811,811,"FERRAGENS (FECHADURA, FERRO, ARAME, PREGO, ETC.)",,,32001,32001,32001,Manutencao_do_lar,0811,,,,
1995,08,"QUADRO 8 - Despesas com Construção, Reforma e Pequenos Reparos de Imóveis, e com Jardinagem no Período de Referência de 90 Dias;",0812,812,FIO E MATERIAL ELÉTRICO EM GERAL,,40006,32001,40006,40006,Outras_despesas_diversas,0812,,,,
1995,08,"QUADRO 8 - Despesas com Construção, Reforma e Pequenos Reparos de Imóveis, e com Jardinagem no Período de Referência de 90 Dias;",0813,813,"MÃO-DE-OBRA (PEDREIRO, MARCENEIRO, ELETRICISTA, ETC.)",,,32001,32001,32001,Manutencao_do_lar,0813,,,,
1995,08,"QUADRO 8 - Despesas com Construção, Reforma e Pequenos Reparos de Imóveis, e com Jardinagem no Período de Referência de 90 Dias;",0814,814,"DEDETIZAÇÃO, DESRATIZAÇÃO, DESINSETIZAÇÃO",,32001,32001,32001,32001,Manutencao_do_lar,0814,,,,
1995,08,"QUADRO 8 - Despesas com Construção, Reforma e Pequenos Reparos de Imóveis, e com Jardinagem no Período de Referência de 90 Dias;",0815,815,"VITRIFICAÇÃO (SINTECO, POLIURETANO, ETC.)",,,32001,32001,32001,Manutencao_do_lar,0815,,,,
1995,08,"QUADRO 8 - Despesas com Construção, Reforma e Pequenos Reparos de Imóveis, e com Jardinagem no Período de Referência de 90 Dias;",0816,816,REFORMA OU OBRA POR EMPREITADA,,,32001,32001,32001,Manutencao_do_lar,0816,,,,
1995,08,"QUADRO 8 - Despesas com Construção, Reforma e Pequenos Reparos de Imóveis, e com Jardinagem no Período de Referência de 90 Dias;",0817,817,"LINCENÇA PARA OBRA, PLANTA, DESEMBARAÇO DE DOCUMENTAÇÃO",,,32001,32001,32001,Manutencao_do_lar,0817,,,,
1995,08,"QUADRO 8 - Despesas com Construção, Reforma e Pequenos Reparos de Imóveis, e com Jardinagem no Período de Referência de 90 Dias;",0818,818,"ARTIGO DE JARDINAGEM (PLANTA, TERRA, SEMENTES, XAXIM, SUPORTE DE VASO)",,,32001,32001,32001,Manutencao_do_lar,0818,,,,
1995,08,"QUADRO 8 - Despesas com Construção, Reforma e Pequenos Reparos de Imóveis, e com Jardinagem no Período de Referência de 90 Dias;",0819,819,ALUGUEL DE CARRETO PARA MATERIAL DE CONSTRUÇÃO,,,32001,32001,32001,Manutencao_do_lar,0819,,,,
1995,08,"QUADRO 8 - Despesas com Construção, Reforma e Pequenos Reparos de Imóveis, e com Jardinagem no Período de Referência de 90 Dias;",0820,820,CAIXA DE CORREIO,,,32001,32001,32001,Manutencao_do_lar,0820,,,,
1995,08,"QUADRO 8 - Despesas com Construção, Reforma e Pequenos Reparos de Imóveis, e com Jardinagem no Período de Referência de 90 Dias;",0821,821,LAJE PRE-MOLDADA,,,32001,32001,32001,Manutencao_do_lar,0821,,,,
1995,08,"QUADRO 8 - Despesas com Construção, Reforma e Pequenos Reparos de Imóveis, e com Jardinagem no Período de Referência de 90 Dias;",0822,822,"AREIA, TERRA, BARRO, SAIBRO, CASCALHO, ETC.",,,32001,32001,32001,Manutencao_do_lar,0822,,,,
1995,08,"QUADRO 8 - Despesas com Construção, Reforma e Pequenos Reparos de Imóveis, e com Jardinagem no Período de Referência de 90 Dias;",0823,823,"PEDRA (BRITADA, MARROADA, PARALELEPÍPEDO, EM PÓ, ETC.)",,,32001,32001,32001,Manutencao_do_lar,0823,,,,
1995,08,"QUADRO 8 - Despesas com Construção, Reforma e Pequenos Reparos de Imóveis, e com Jardinagem no Período de Referência de 90 Dias;",0824,824,PORTÃO,,,32001,32001,32001,Manutencao_do_lar,0824,,,,
1995,08,"QUADRO 8 - Despesas com Construção, Reforma e Pequenos Reparos de Imóveis, e com Jardinagem no Período de Referência de 90 Dias;",0825,825,INPS DE OBRA,,,32001,32001,32001,Manutencao_do_lar,0825,,,,
1995,08,"QUADRO 8 - Despesas com Construção, Reforma e Pequenos Reparos de Imóveis, e com Jardinagem no Período de Referência de 90 Dias;",0826,826,BASCULANTE,,,32001,32001,32001,Manutencao_do_lar,0826,,,,
1995,08,"QUADRO 8 - Despesas com Construção, Reforma e Pequenos Reparos de Imóveis, e com Jardinagem no Período de Referência de 90 Dias;",0827,827,COLA (EXCETO DUREPOX),,,32001,32001,32001,Manutencao_do_lar,0827,,,,
1995,08,"QUADRO 8 - Despesas com Construção, Reforma e Pequenos Reparos de Imóveis, e com Jardinagem no Período de Referência de 90 Dias;",0828,828,ARGAMASSA,,,32001,32001,32001,Manutencao_do_lar,0828,,,,
1995,08,"QUADRO 8 - Despesas com Construção, Reforma e Pequenos Reparos de Imóveis, e com Jardinagem no Período de Referência de 90 Dias;",0829,829,"TELHA (BARRO, AMIANTO, FIBRA, ALUMINIO, ETC.)",,,32001,32001,32001,Manutencao_do_lar,0829,,,,
1995,08,"QUADRO 8 - Despesas com Construção, Reforma e Pequenos Reparos de Imóveis, e com Jardinagem no Período de Referência de 90 Dias;",0830,830,SOLEIRA E PARAPEITO DE JANELA DE QUALQUER.MATERIAL,,,32001,32001,32001,Manutencao_do_lar,0830,,,,
1995,08,"QUADRO 8 - Despesas com Construção, Reforma e Pequenos Reparos de Imóveis, e com Jardinagem no Período de Referência de 90 Dias;",0831,831,PEDRA MÁRMORE PARA PIA,,,32001,32001,32001,Manutencao_do_lar,0831,,,,
1995,08,"QUADRO 8 - Despesas com Construção, Reforma e Pequenos Reparos de Imóveis, e com Jardinagem no Período de Referência de 90 Dias;",0832,832,CAIXA DÀGUA DE QUALQUER MATERIAL,,,32001,32001,32001,Manutencao_do_lar,0832,,,,
1995,08,"QUADRO 8 - Despesas com Construção, Reforma e Pequenos Reparos de Imóveis, e com Jardinagem no Período de Referência de 90 Dias;",0833,833,GRADE DE FERRO,,,32001,32001,32001,Manutencao_do_lar,0833,,,,
1995,08,"QUADRO 8 - Despesas com Construção, Reforma e Pequenos Reparos de Imóveis, e com Jardinagem no Período de Referência de 90 Dias;",0834,834,BLOCO DE CIMENTO,,,32001,32001,32001,Manutencao_do_lar,0834,,,,
1995,08,"QUADRO 8 - Despesas com Construção, Reforma e Pequenos Reparos de Imóveis, e com Jardinagem no Período de Referência de 90 Dias;",0835,835,BOX DE BANHEIRO DE QUALQUER MATERIAL,,,32001,32001,32001,Manutencao_do_lar,0835,,,,
1995,08,"QUADRO 8 - Despesas com Construção, Reforma e Pequenos Reparos de Imóveis, e com Jardinagem no Período de Referência de 90 Dias;",0836,836,TANQUE DE QUALQUER MATERIAL,,,32001,32001,32001,Manutencao_do_lar,0836,,,,
1995,08,"QUADRO 8 - Despesas com Construção, Reforma e Pequenos Reparos de Imóveis, e com Jardinagem no Período de Referência de 90 Dias;",0837,837,PORTAL,,,32001,32001,32001,Manutencao_do_lar,0837,,,,
1995,08,"QUADRO 8 - Despesas com Construção, Reforma e Pequenos Reparos de Imóveis, e com Jardinagem no Período de Referência de 90 Dias;",0838,838,CAIXA DE LUZ (PADRÃO),,,32001,32001,32001,Manutencao_do_lar,0838,,,,
1995,08,"QUADRO 8 - Despesas com Construção, Reforma e Pequenos Reparos de Imóveis, e com Jardinagem no Período de Referência de 90 Dias;",0839,839,CAIXA DE DESCARGA,,,32001,32001,32001,Manutencao_do_lar,0839,,,,
1995,08,"QUADRO 8 - Despesas com Construção, Reforma e Pequenos Reparos de Imóveis, e com Jardinagem no Período de Referência de 90 Dias;",0840,840,GESSO,,,32001,32001,32001,Manutencao_do_lar,0840,,,,
1995,08,"QUADRO 8 - Despesas com Construção, Reforma e Pequenos Reparos de Imóveis, e com Jardinagem no Período de Referência de 90 Dias;",0841,841,ESPELHO DE BANHEIRO,,,32001,32001,32001,Manutencao_do_lar,0841,,,,
1995,08,"QUADRO 8 - Despesas com Construção, Reforma e Pequenos Reparos de Imóveis, e com Jardinagem no Período de Referência de 90 Dias;",0842,842,MANILHA,,,32001,32001,32001,Manutencao_do_lar,0842,,,,
1995,08,"QUADRO 8 - Despesas com Construção, Reforma e Pequenos Reparos de Imóveis, e com Jardinagem no Período de Referência de 90 Dias;",0843,843,"PLACA, ANEL, VIGA, PALANQUE, ETC., DE CIMENTO OU CONCRETO",,,32001,32001,32001,Manutencao_do_lar,0843,,,,
1995,08,"QUADRO 8 - Despesas com Construção, Reforma e Pequenos Reparos de Imóveis, e com Jardinagem no Período de Referência de 90 Dias;",0844,844,CAIXA DE REGISTRO DÀGUA,,,32001,32001,32001,Manutencao_do_lar,0844,,,,
1995,08,"QUADRO 8 - Despesas com Construção, Reforma e Pequenos Reparos de Imóveis, e com Jardinagem no Período de Referência de 90 Dias;",0845,845,MATERIAL PLÁSTICO PARA COBERTURA,,,32001,32001,32001,Manutencao_do_lar,0845,,,,
1995,08,"QUADRO 8 - Despesas com Construção, Reforma e Pequenos Reparos de Imóveis, e com Jardinagem no Período de Referência de 90 Dias;",0846,846,DUREPOX,,,32001,32001,32001,Manutencao_do_lar,0846,,,,
1995,08,"QUADRO 8 - Despesas com Construção, Reforma e Pequenos Reparos de Imóveis, e com Jardinagem no Período de Referência de 90 Dias;",0847,847,CUBA PARA PIA (QUALQUER MATERIAL),,,32001,32001,32001,Manutencao_do_lar,0847,,,,
1995,08,"QUADRO 8 - Despesas com Construção, Reforma e Pequenos Reparos de Imóveis, e com Jardinagem no Período de Referência de 90 Dias;",0848,848,CALHA,,,32001,32001,32001,Manutencao_do_lar,0848,,,,
1995,08,"QUADRO 8 - Despesas com Construção, Reforma e Pequenos Reparos de Imóveis, e com Jardinagem no Período de Referência de 90 Dias;",0849,849,ESQUADRIA,,,32001,32001,32001,Manutencao_do_lar,0849,,,,
1995,08,"QUADRO 8 - Despesas com Construção, Reforma e Pequenos Reparos de Imóveis, e com Jardinagem no Período de Referência de 90 Dias;",0850,850,FÓRMICA (FOLHA),,,32001,32001,32001,Manutencao_do_lar,0850,,,,
1995,08,"QUADRO 8 - Despesas com Construção, Reforma e Pequenos Reparos de Imóveis, e com Jardinagem no Período de Referência de 90 Dias;",0851,851,POSTE (CIMENTO),,,32001,32001,32001,Manutencao_do_lar,0851,,,,
1995,08,"QUADRO 8 - Despesas com Construção, Reforma e Pequenos Reparos de Imóveis, e com Jardinagem no Período de Referência de 90 Dias;",0852,852,CUPINICIDA,,,32001,32001,32001,Manutencao_do_lar,0852,,,,
1995,08,"QUADRO 8 - Despesas com Construção, Reforma e Pequenos Reparos de Imóveis, e com Jardinagem no Período de Referência de 90 Dias;",0853,853,PRODUTOS PARA PISCINA,,,32001,32001,32001,Manutencao_do_lar,0853,,,,
1995,08,"QUADRO 8 - Despesas com Construção, Reforma e Pequenos Reparos de Imóveis, e com Jardinagem no Período de Referência de 90 Dias;",0854,854,BETUME,,,32001,32001,32001,Manutencao_do_lar,0854,,,,
1995,08,"QUADRO 8 - Despesas com Construção, Reforma e Pequenos Reparos de Imóveis, e com Jardinagem no Período de Referência de 90 Dias;",0855,855,ESCADA CARACOL,,,32001,32001,32001,Manutencao_do_lar,0855,,,,
1995,08,"QUADRO 8 - Despesas com Construção, Reforma e Pequenos Reparos de Imóveis, e com Jardinagem no Período de Referência de 90 Dias;",0856,856,IMPERMEABILIZANTE,,,32001,32001,32001,Manutencao_do_lar,0856,,,,
1995,08,"QUADRO 8 - Despesas com Construção, Reforma e Pequenos Reparos de Imóveis, e com Jardinagem no Período de Referência de 90 Dias;",0857,857,PALHA PARA COBERTURA,,,32001,32001,32001,Manutencao_do_lar,0857,,,,
1995,08,"QUADRO 8 - Despesas com Construção, Reforma e Pequenos Reparos de Imóveis, e com Jardinagem no Período de Referência de 90 Dias;",0858,858,ESCADA DE CONCRETO (PRÉ-MOLDADA),,,32001,32001,32001,Manutencao_do_lar,0858,,,,
1995,08,"QUADRO 8 - Despesas com Construção, Reforma e Pequenos Reparos de Imóveis, e com Jardinagem no Período de Referência de 90 Dias;",0859,859,MASSA DE FIXAÇÃO E VEDAÇÃO DE VIDRO,,,32001,32001,32001,Manutencao_do_lar,0859,,,,
1995,08,"QUADRO 8 - Despesas com Construção, Reforma e Pequenos Reparos de Imóveis, e com Jardinagem no Período de Referência de 90 Dias;",0860,860,GRADE DE MADEIRA,,,32001,32001,32001,Manutencao_do_lar,0860,,,,
1995,08,"QUADRO 8 - Despesas com Construção, Reforma e Pequenos Reparos de Imóveis, e com Jardinagem no Período de Referência de 90 Dias;",0861,861,BANDEIRA DE JANELA,,,32001,32001,32001,Manutencao_do_lar,0861,,,,
1995,08,"QUADRO 8 - Despesas com Construção, Reforma e Pequenos Reparos de Imóveis, e com Jardinagem no Período de Referência de 90 Dias;",0862,862,CONCRETO USINADO,,,32001,32001,32001,Manutencao_do_lar,0862,,,,
1995,08,"QUADRO 8 - Despesas com Construção, Reforma e Pequenos Reparos de Imóveis, e com Jardinagem no Período de Referência de 90 Dias;",0863,863,FORMA DE LAJE,,,32001,32001,32001,Manutencao_do_lar,0863,,,,
1995,08,"QUADRO 8 - Despesas com Construção, Reforma e Pequenos Reparos de Imóveis, e com Jardinagem no Período de Referência de 90 Dias;",0864,864,TETO SOLAR,,,32001,32001,32001,Manutencao_do_lar,0864,,,,
1995,08,"QUADRO 8 - Despesas com Construção, Reforma e Pequenos Reparos de Imóveis, e com Jardinagem no Período de Referência de 90 Dias;",0866,866,FOSSA SÉPTICA,,,32001,32001,32001,Manutencao_do_lar,0866,,,,
1995,08,"QUADRO 8 - Despesas com Construção, Reforma e Pequenos Reparos de Imóveis, e com Jardinagem no Período de Referência de 90 Dias;",0867,867,FIXOTAC,,,32001,32001,32001,Manutencao_do_lar,0867,,,,
1995,08,"QUADRO 8 - Despesas com Construção, Reforma e Pequenos Reparos de Imóveis, e com Jardinagem no Período de Referência de 90 Dias;",0868,868,MEIO-FIO DE CALÇADA,,,32001,32001,32001,Manutencao_do_lar,0868,,,,
1995,08,"QUADRO 8 - Despesas com Construção, Reforma e Pequenos Reparos de Imóveis, e com Jardinagem no Período de Referência de 90 Dias;",0869,869,LATA VAZIA (USADA EM CONSTRUÇÃO),,,32001,32001,32001,Manutencao_do_lar,0869,,,,
1995,08,"QUADRO 8 - Despesas com Construção, Reforma e Pequenos Reparos de Imóveis, e com Jardinagem no Período de Referência de 90 Dias;",0870,870,RUFO DE TELHADO,,,32001,32001,32001,Manutencao_do_lar,0870,,,,
1995,08,"QUADRO 8 - Despesas com Construção, Reforma e Pequenos Reparos de Imóveis, e com Jardinagem no Período de Referência de 90 Dias;",0871,871,ÓXIDO DE FERRO (PARA PISO DE CERÂMICA),,,32001,32001,32001,Manutencao_do_lar,0871,,,,
1995,08,"QUADRO 8 - Despesas com Construção, Reforma e Pequenos Reparos de Imóveis, e com Jardinagem no Período de Referência de 90 Dias;",0872,872,CHAMINÉ PRONTA (QUALQUER MATERIAL),,,32001,32001,32001,Manutencao_do_lar,0872,,,,
1995,08,"QUADRO 8 - Despesas com Construção, Reforma e Pequenos Reparos de Imóveis, e com Jardinagem no Período de Referência de 90 Dias;",0873,873,LIXEIRA METÁLICA,,,32001,32001,32001,Manutencao_do_lar,0873,,,,
1995,08,"QUADRO 8 - Despesas com Construção, Reforma e Pequenos Reparos de Imóveis, e com Jardinagem no Período de Referência de 90 Dias;",0898,898,AGREGADO 2,,,32001,32001,32001,Manutencao_do_lar,0898,,,,
1995,09,"QUADRO 9 - Despesas com Consertos e Manutenção de Móveis, Aparelhos, Máquinas e Utensílios de Uso Doméstico no Período de Referência de 90 Dias,",0900,900,"DESPESA COM CONSERTO E MANUTENÇÃO DE MOVEIS, APARELHOS, MAQUINAS E UTENSÍLIOS DOMESTICOS",,31007,,31007,31007,Outros_servicos_etc,0900,,,,
1995,09,"QUADRO 9 - Despesas com Consertos e Manutenção de Móveis, Aparelhos, Máquinas e Utensílios de Uso Doméstico no Período de Referência de 90 Dias,",0901,901,CONSERTO DE MOVEIS,,42001,32005,42001,42001,Imovel_aquisicao,0901,,,,
1995,09,"QUADRO 9 - Despesas com Consertos e Manutenção de Móveis, Aparelhos, Máquinas e Utensílios de Uso Doméstico no Período de Referência de 90 Dias,",0902,902,MANUTENÇÃO DE MOVEIS,,42001,32005,42001,42001,Imovel_aquisicao,0902,,,,
1995,09,"QUADRO 9 - Despesas com Consertos e Manutenção de Móveis, Aparelhos, Máquinas e Utensílios de Uso Doméstico no Período de Referência de 90 Dias,",0903,903,CONSERTO DE ASPIRADOR DE PÓ (PEÇA+MÃO-DE-OBRA),,31001,32005,31001,31001,Aluguel,0903,,,,
1995,09,"QUADRO 9 - Despesas com Consertos e Manutenção de Móveis, Aparelhos, Máquinas e Utensílios de Uso Doméstico no Período de Referência de 90 Dias,",0906,906,MANUTENÇÃO DE APARELHOS DOMÉSTICOS,,31007,32005,31007,31007,Outros_servicos_etc,0906,,,,
1995,09,"QUADRO 9 - Despesas com Consertos e Manutenção de Móveis, Aparelhos, Máquinas e Utensílios de Uso Doméstico no Período de Referência de 90 Dias,",0907,907,CONSERTO DE MOTO-BOMBA (PEÇA+MÃO-DE-OBRA),,31007,32005,31007,31007,Outros_servicos_etc,0907,,,,
1995,09,"QUADRO 9 - Despesas com Consertos e Manutenção de Móveis, Aparelhos, Máquinas e Utensílios de Uso Doméstico no Período de Referência de 90 Dias,",0908,908,CONSERTO DE FERRO ELÉTRICO (PEÇA+MÃO-DE-OBRA),,31007,32005,31007,31007,Outros_servicos_etc,0908,,,,
1995,09,"QUADRO 9 - Despesas com Consertos e Manutenção de Móveis, Aparelhos, Máquinas e Utensílios de Uso Doméstico no Período de Referência de 90 Dias,",0909,909,MANUTENÇÃO DE UTENSÍLIOS DOMÉSTICOS (EXCETO ELÉTRICOS),,31007,32005,31007,31007,Outros_servicos_etc,0909,,,,
1995,09,"QUADRO 9 - Despesas com Consertos e Manutenção de Móveis, Aparelhos, Máquinas e Utensílios de Uso Doméstico no Período de Referência de 90 Dias,",0910,910,CONSERTO DE FERRO ELÉTRICO (PEÇA),,31007,32005,31007,31007,Outros_servicos_etc,0910,,,,
1995,09,"QUADRO 9 - Despesas com Consertos e Manutenção de Móveis, Aparelhos, Máquinas e Utensílios de Uso Doméstico no Período de Referência de 90 Dias,",0912,912,CONSERTO DE UTENSÍLIOS DOMÉSTICOS (EXECETO ELÉTRICO),,,32005,32005,32005,Consertos_de_artigos_do_lar,0912,,,,
1995,09,"QUADRO 9 - Despesas com Consertos e Manutenção de Móveis, Aparelhos, Máquinas e Utensílios de Uso Doméstico no Período de Referência de 90 Dias,",0915,915,MONTAGEM DE MÓVEIS,,,32005,32005,32005,Consertos_de_artigos_do_lar,0915,,,,
1995,09,"QUADRO 9 - Despesas com Consertos e Manutenção de Móveis, Aparelhos, Máquinas e Utensílios de Uso Doméstico no Período de Referência de 90 Dias,",0920,920,CONSERTO DE GELADEIRA OU FREEZER (PEÇA),,,32005,32005,32005,Consertos_de_artigos_do_lar,0920,,,,
1995,09,"QUADRO 9 - Despesas com Consertos e Manutenção de Móveis, Aparelhos, Máquinas e Utensílios de Uso Doméstico no Período de Referência de 90 Dias,",0921,921,CONSERTO DE GELADEIRA OU FREEZER (MÃO-DE-OBRA),,,32005,32005,32005,Consertos_de_artigos_do_lar,0921,,,,
1995,09,"QUADRO 9 - Despesas com Consertos e Manutenção de Móveis, Aparelhos, Máquinas e Utensílios de Uso Doméstico no Período de Referência de 90 Dias,",0922,922,CONSERTO DE GELADADEIRA OU FREEZER (PEÇA+MÃO-DE-OBRA),,,32005,32005,32005,Consertos_de_artigos_do_lar,0922,,,,
1995,09,"QUADRO 9 - Despesas com Consertos e Manutenção de Móveis, Aparelhos, Máquinas e Utensílios de Uso Doméstico no Período de Referência de 90 Dias,",0923,923,CONSERTO DE TELEVISÃO E TELÃO (PEÇA),,,32005,32005,32005,Consertos_de_artigos_do_lar,0923,,,,
1995,09,"QUADRO 9 - Despesas com Consertos e Manutenção de Móveis, Aparelhos, Máquinas e Utensílios de Uso Doméstico no Período de Referência de 90 Dias,",0924,924,CONSERTO DE TELEVISÃO E TELÃO (MÃO-DE-OBRA),,,32005,32005,32005,Consertos_de_artigos_do_lar,0924,,,,
1995,09,"QUADRO 9 - Despesas com Consertos e Manutenção de Móveis, Aparelhos, Máquinas e Utensílios de Uso Doméstico no Período de Referência de 90 Dias,",0925,925,CONSERTO DE TELEVISÃO E TELÃO (PEÇA+MÃO-DE-OBRA),,,32005,32005,32005,Consertos_de_artigos_do_lar,0925,,,,
1995,09,"QUADRO 9 - Despesas com Consertos e Manutenção de Móveis, Aparelhos, Máquinas e Utensílios de Uso Doméstico no Período de Referência de 90 Dias,",0926,926,CONSERTO DE APARELHO SONORO (PEÇA),,,32005,32005,32005,Consertos_de_artigos_do_lar,0926,,,,
1995,09,"QUADRO 9 - Despesas com Consertos e Manutenção de Móveis, Aparelhos, Máquinas e Utensílios de Uso Doméstico no Período de Referência de 90 Dias,",0927,927,CONSERTO DE APARELHO SONORO (MÃO-DE-OBRA),,,32005,32005,32005,Consertos_de_artigos_do_lar,0927,,,,
1995,09,"QUADRO 9 - Despesas com Consertos e Manutenção de Móveis, Aparelhos, Máquinas e Utensílios de Uso Doméstico no Período de Referência de 90 Dias,",0928,928,CONSERTO DE APARELHO SONORO (PEÇA+MÃO-DE-OBRA),,,32005,32005,32005,Consertos_de_artigos_do_lar,0928,,,,
1995,09,"QUADRO 9 - Despesas com Consertos e Manutenção de Móveis, Aparelhos, Máquinas e Utensílios de Uso Doméstico no Período de Referência de 90 Dias,",0929,929,CONSERTO DE VIDEO-CASSETE (PEÇA),,,32005,32005,32005,Consertos_de_artigos_do_lar,0929,,,,
1995,09,"QUADRO 9 - Despesas com Consertos e Manutenção de Móveis, Aparelhos, Máquinas e Utensílios de Uso Doméstico no Período de Referência de 90 Dias,",0930,930,CONSERTO DE VIDEO-CASSETE (MÃO-DE-OBRA),,,32005,32005,32005,Consertos_de_artigos_do_lar,0930,,,,
1995,09,"QUADRO 9 - Despesas com Consertos e Manutenção de Móveis, Aparelhos, Máquinas e Utensílios de Uso Doméstico no Período de Referência de 90 Dias,",0931,931,CONSERTO DE VIDEO-CASSETE (PEÇA+MÃO-DE-OBRA),,,32005,32005,32005,Consertos_de_artigos_do_lar,0931,,,,
1995,09,"QUADRO 9 - Despesas com Consertos e Manutenção de Móveis, Aparelhos, Máquinas e Utensílios de Uso Doméstico no Período de Referência de 90 Dias,",0932,932,CONSERTO DE MAQUINA DE LAVAR OU SECAR ROUPA (PEÇA),,,32005,32005,32005,Consertos_de_artigos_do_lar,0932,,,,
1995,09,"QUADRO 9 - Despesas com Consertos e Manutenção de Móveis, Aparelhos, Máquinas e Utensílios de Uso Doméstico no Período de Referência de 90 Dias,",0933,933,CONSERTO DE MAQUINA DE LAVAR OU SECAR ROUPA (MÃO-DE-OBRA),,,32005,32005,32005,Consertos_de_artigos_do_lar,0933,,,,
1995,09,"QUADRO 9 - Despesas com Consertos e Manutenção de Móveis, Aparelhos, Máquinas e Utensílios de Uso Doméstico no Período de Referência de 90 Dias,",0934,934,CONSERTO DE MAQUINA DE LAVAR OU SECAR ROUPA (PEÇA+MÃO-DE-OBRA),,,32005,32005,32005,Consertos_de_artigos_do_lar,0934,,,,
1995,09,"QUADRO 9 - Despesas com Consertos e Manutenção de Móveis, Aparelhos, Máquinas e Utensílios de Uso Doméstico no Período de Referência de 90 Dias,",0935,935,CONSERTO DE FOGÃO (PEÇA),,,32005,32005,32005,Consertos_de_artigos_do_lar,0935,,,,
1995,09,"QUADRO 9 - Despesas com Consertos e Manutenção de Móveis, Aparelhos, Máquinas e Utensílios de Uso Doméstico no Período de Referência de 90 Dias,",0936,936,CONSERTO DE FOGÃO (MÃO-DE-OBRA),,,32005,32005,32005,Consertos_de_artigos_do_lar,0936,,,,
1995,09,"QUADRO 9 - Despesas com Consertos e Manutenção de Móveis, Aparelhos, Máquinas e Utensílios de Uso Doméstico no Período de Referência de 90 Dias,",0937,937,CONSERTO DE FOGÃO (PEÇA+MÃO-DE-OBRA),,,32005,32005,32005,Consertos_de_artigos_do_lar,0937,,,,
1995,09,"QUADRO 9 - Despesas com Consertos e Manutenção de Móveis, Aparelhos, Máquinas e Utensílios de Uso Doméstico no Período de Referência de 90 Dias,",0938,938,CONSERTO DE AR CONDICIONADO (PEÇA),,,32005,32005,32005,Consertos_de_artigos_do_lar,0938,,,,
1995,09,"QUADRO 9 - Despesas com Consertos e Manutenção de Móveis, Aparelhos, Máquinas e Utensílios de Uso Doméstico no Período de Referência de 90 Dias,",0939,939,CONSERTO DE AR CONDICIONADO (MÃO-DE-OBRA),,,32005,32005,32005,Consertos_de_artigos_do_lar,0939,,,,
1995,09,"QUADRO 9 - Despesas com Consertos e Manutenção de Móveis, Aparelhos, Máquinas e Utensílios de Uso Doméstico no Período de Referência de 90 Dias,",0940,940,CONSERTO DE AR CONDICIONADO (PEÇA+MÃO-DE-OBRA),,,32005,32005,32005,Consertos_de_artigos_do_lar,0940,,,,
1995,09,"QUADRO 9 - Despesas com Consertos e Manutenção de Móveis, Aparelhos, Máquinas e Utensílios de Uso Doméstico no Período de Referência de 90 Dias,",0941,941,CONSERTO DE PORTÃO ELETRÔNICO (PEÇA),,,32005,32005,32005,Consertos_de_artigos_do_lar,0941,,,,
1995,09,"QUADRO 9 - Despesas com Consertos e Manutenção de Móveis, Aparelhos, Máquinas e Utensílios de Uso Doméstico no Período de Referência de 90 Dias,",0942,942,CONSERTO DE PORTÃO ELETRÔNICO (MÃO-DE-OBRA),,,32005,32005,32005,Consertos_de_artigos_do_lar,0942,,,,
1995,09,"QUADRO 9 - Despesas com Consertos e Manutenção de Móveis, Aparelhos, Máquinas e Utensílios de Uso Doméstico no Período de Referência de 90 Dias,",0943,943,CONSERTO DE PORTÃO ELETRÔNICO (PEÇA+MÃO-DE-OBRA),,,32005,32005,32005,Consertos_de_artigos_do_lar,0943,,,,
1995,09,"QUADRO 9 - Despesas com Consertos e Manutenção de Móveis, Aparelhos, Máquinas e Utensílios de Uso Doméstico no Período de Referência de 90 Dias,",0944,944,CONSERTO DE FURADEIRA ELÉTRICA (PEÇA),,,32005,32005,32005,Consertos_de_artigos_do_lar,0944,,,,
1995,09,"QUADRO 9 - Despesas com Consertos e Manutenção de Móveis, Aparelhos, Máquinas e Utensílios de Uso Doméstico no Período de Referência de 90 Dias,",0945,945,CONSERTO DE FURADEIRA ELÉTRICA (MÃO-DE-OBRA),,,32005,32005,32005,Consertos_de_artigos_do_lar,0945,,,,
1995,09,"QUADRO 9 - Despesas com Consertos e Manutenção de Móveis, Aparelhos, Máquinas e Utensílios de Uso Doméstico no Período de Referência de 90 Dias,",0946,946,CONSERTO DE FURADEIRA ELÉTRICA (PEÇA+MÃO-DE-OBRA),,,32005,32005,32005,Consertos_de_artigos_do_lar,0946,,,,
1995,09,"QUADRO 9 - Despesas com Consertos e Manutenção de Móveis, Aparelhos, Máquinas e Utensílios de Uso Doméstico no Período de Referência de 90 Dias,",0947,947,CONSERTO DE AQUECEDOR (PEÇA+MÃO-DE-OBRA),,,32005,32005,32005,Consertos_de_artigos_do_lar,0947,,,,
1995,09,"QUADRO 9 - Despesas com Consertos e Manutenção de Móveis, Aparelhos, Máquinas e Utensílios de Uso Doméstico no Período de Referência de 90 Dias,",0948,948,CONSERTO DE ÓRGÃO ELETRICO (PEÇA+MÃO-DE-OBRA),,,32005,32005,32005,Consertos_de_artigos_do_lar,0948,,,,
1995,09,"QUADRO 9 - Despesas com Consertos e Manutenção de Móveis, Aparelhos, Máquinas e Utensílios de Uso Doméstico no Período de Referência de 90 Dias,",0949,949,CONSERTO DE SECRETARIA ELETRONICA (PEÇA+MÃO-DE-OBRA),,,32005,32005,32005,Consertos_de_artigos_do_lar,0949,,,,
1995,09,"QUADRO 9 - Despesas com Consertos e Manutenção de Móveis, Aparelhos, Máquinas e Utensílios de Uso Doméstico no Período de Referência de 90 Dias,",0950,950,CONSERTO DE MAQUINA.DE COSTURA OU OVERLOCK (PEÇA),,,32005,32005,32005,Consertos_de_artigos_do_lar,0950,,,,
1995,09,"QUADRO 9 - Despesas com Consertos e Manutenção de Móveis, Aparelhos, Máquinas e Utensílios de Uso Doméstico no Período de Referência de 90 Dias,",0951,951,CONSERTO DE MAQUINA DE COSTURA.OU OVERLOCK (MÃO-DE-OBRA),,,32005,32005,32005,Consertos_de_artigos_do_lar,0951,,,,
1995,09,"QUADRO 9 - Despesas com Consertos e Manutenção de Móveis, Aparelhos, Máquinas e Utensílios de Uso Doméstico no Período de Referência de 90 Dias,",0952,952,CONSERTO DE MAQUINA DE.COSTURA OU OVERLOCK (PEÇA+MÃO-DE-OBRA),,,32005,32005,32005,Consertos_de_artigos_do_lar,0952,,,,
1995,09,"QUADRO 9 - Despesas com Consertos e Manutenção de Móveis, Aparelhos, Máquinas e Utensílios de Uso Doméstico no Período de Referência de 90 Dias,",0953,953,"CONSERTO DE BATEDEIRA DE BOLO, MULTIPROCESSADOR E LIQUIDIFICADOR (PEÇA)",,,32005,32005,32005,Consertos_de_artigos_do_lar,0953,,,,
1995,09,"QUADRO 9 - Despesas com Consertos e Manutenção de Móveis, Aparelhos, Máquinas e Utensílios de Uso Doméstico no Período de Referência de 90 Dias,",0954,954,"CONSERTO DE BATEDEIRA DE BOLO, MULTIPROCESSADOR E LIQUIDIFICADOR (MÃO-DE-OBRA)",,,32005,32005,32005,Consertos_de_artigos_do_lar,0954,,,,
1995,09,"QUADRO 9 - Despesas com Consertos e Manutenção de Móveis, Aparelhos, Máquinas e Utensílios de Uso Doméstico no Período de Referência de 90 Dias,",0955,955,"CONSERTO DE BATEDEIRA DE BOLO, MULTIPROCESSADOR E LIQUIDIFICADOR (PEÇA+MÃO-DE-OBRA",,,32005,32005,32005,Consertos_de_artigos_do_lar,0955,,,,
1995,09,"QUADRO 9 - Despesas com Consertos e Manutenção de Móveis, Aparelhos, Máquinas e Utensílios de Uso Doméstico no Período de Referência de 90 Dias,",0956,956,CONSERTO DE FORNO ELÉTRICO (PEÇA+MÃO-DE-OBRA),,,32005,32005,32005,Consertos_de_artigos_do_lar,0956,,,,
1995,09,"QUADRO 9 - Despesas com Consertos e Manutenção de Móveis, Aparelhos, Máquinas e Utensílios de Uso Doméstico no Período de Referência de 90 Dias,",0957,957,CONSERTO DE FILMADORA (PEÇA+MÃO-DE-OBRA),,,32005,32005,32005,Consertos_de_artigos_do_lar,0957,,,,
1995,09,"QUADRO 9 - Despesas com Consertos e Manutenção de Móveis, Aparelhos, Máquinas e Utensílios de Uso Doméstico no Período de Referência de 90 Dias,",0958,958,CONSERTO DE MAQUINA DE LAVAR LOUÇAS (MÃO-DE-OBRA),,,32005,32005,32005,Consertos_de_artigos_do_lar,0958,,,,
1995,09,"QUADRO 9 - Despesas com Consertos e Manutenção de Móveis, Aparelhos, Máquinas e Utensílios de Uso Doméstico no Período de Referência de 90 Dias,",0959,959,CONSERTO DE RELÓGIO DE MESA OU DE PAREDE (PEÇA+MÃO-DE-OBRA),,,32005,32005,32005,Consertos_de_artigos_do_lar,0959,,,,
1995,09,"QUADRO 9 - Despesas com Consertos e Manutenção de Móveis, Aparelhos, Máquinas e Utensílios de Uso Doméstico no Período de Referência de 90 Dias,",0960,960,CONSERTO DE VENTILADOR (PEÇA+MÃO-DE-OBRA),,,32005,32005,32005,Consertos_de_artigos_do_lar,0960,,,,
1995,09,"QUADRO 9 - Despesas com Consertos e Manutenção de Móveis, Aparelhos, Máquinas e Utensílios de Uso Doméstico no Período de Referência de 90 Dias,",0961,961,CONSERTO DE OZONIZADOR E TORNEIRA ELETRICA,,,32005,32005,32005,Consertos_de_artigos_do_lar,0961,,,,
1995,09,"QUADRO 9 - Despesas com Consertos e Manutenção de Móveis, Aparelhos, Máquinas e Utensílios de Uso Doméstico no Período de Referência de 90 Dias,",0962,962,CONSERTO DE MAQUINA DE LAVAR LOUÇAS (PEÇAS),,,32005,32005,32005,Consertos_de_artigos_do_lar,0962,,,,
1995,09,"QUADRO 9 - Despesas com Consertos e Manutenção de Móveis, Aparelhos, Máquinas e Utensílios de Uso Doméstico no Período de Referência de 90 Dias,",0963,963,CONSERTO DE MAQUINA DE LAVAR LOUÇAS (PEÇAS+MÃO-DE-OBRA),,,32005,32005,32005,Consertos_de_artigos_do_lar,0963,,,,
1995,09,"QUADRO 9 - Despesas com Consertos e Manutenção de Móveis, Aparelhos, Máquinas e Utensílios de Uso Doméstico no Período de Referência de 90 Dias,",0964,964,CONSERTO DE FILMADORA (PEÇA),,,32005,32005,32005,Consertos_de_artigos_do_lar,0964,,,,
1995,09,"QUADRO 9 - Despesas com Consertos e Manutenção de Móveis, Aparelhos, Máquinas e Utensílios de Uso Doméstico no Período de Referência de 90 Dias,",0965,965,CONSERTO DE FILMADORA (MÃO-DE-OBRA),,,32005,32005,32005,Consertos_de_artigos_do_lar,0965,,,,
1995,09,"QUADRO 9 - Despesas com Consertos e Manutenção de Móveis, Aparelhos, Máquinas e Utensílios de Uso Doméstico no Período de Referência de 90 Dias,",0966,966,CONSERTO DE ENCERADEIRA (PEÇA),,,32005,32005,32005,Consertos_de_artigos_do_lar,0966,,,,
1995,09,"QUADRO 9 - Despesas com Consertos e Manutenção de Móveis, Aparelhos, Máquinas e Utensílios de Uso Doméstico no Período de Referência de 90 Dias,",0967,967,CONSERTO DE ENCERADEIRA (MÃO-DE-OBRA),,,32005,32005,32005,Consertos_de_artigos_do_lar,0967,,,,
1995,09,"QUADRO 9 - Despesas com Consertos e Manutenção de Móveis, Aparelhos, Máquinas e Utensílios de Uso Doméstico no Período de Referência de 90 Dias,",0968,968,CONSERTO DE ENCERADEIRA (PEÇA+MÃO-DE-OBRA),,,32005,32005,32005,Consertos_de_artigos_do_lar,0968,,,,
1995,09,"QUADRO 9 - Despesas com Consertos e Manutenção de Móveis, Aparelhos, Máquinas e Utensílios de Uso Doméstico no Período de Referência de 90 Dias,",0969,969,CONSERTO DE MICROCOMPUTADOR (PEÇA),,,32005,32005,32005,Consertos_de_artigos_do_lar,0969,,,,
1995,09,"QUADRO 9 - Despesas com Consertos e Manutenção de Móveis, Aparelhos, Máquinas e Utensílios de Uso Doméstico no Período de Referência de 90 Dias,",0970,970,CONSERTO DE MICROCOMPUTADOR (MÃO-DE-OBRA),,,32005,32005,32005,Consertos_de_artigos_do_lar,0970,,,,
1995,09,"QUADRO 9 - Despesas com Consertos e Manutenção de Móveis, Aparelhos, Máquinas e Utensílios de Uso Doméstico no Período de Referência de 90 Dias,",0971,971,CONSERTO DE MICROCOMPUTADOR (PEÇA+MÃO-DE-OBRA),,,32005,32005,32005,Consertos_de_artigos_do_lar,0971,,,,
1995,09,"QUADRO 9 - Despesas com Consertos e Manutenção de Móveis, Aparelhos, Máquinas e Utensílios de Uso Doméstico no Período de Referência de 90 Dias,",0972,972,CONSERTO DE CHUVEIRO ELÉTRICO (PEÇA),,,32005,32005,32005,Consertos_de_artigos_do_lar,0972,,,,
1995,09,"QUADRO 9 - Despesas com Consertos e Manutenção de Móveis, Aparelhos, Máquinas e Utensílios de Uso Doméstico no Período de Referência de 90 Dias,",0973,973,CONSERTO DE CHUVEIRO ELÉTRICO (MÃO-DE-OBRA),,,32005,32005,32005,Consertos_de_artigos_do_lar,0973,,,,
1995,09,"QUADRO 9 - Despesas com Consertos e Manutenção de Móveis, Aparelhos, Máquinas e Utensílios de Uso Doméstico no Período de Referência de 90 Dias,",0974,974,CONSERTO DE CHUVEIRO ELÉTRICO (PEÇA+MÃO-DE-OBRA),,,32005,32005,32005,Consertos_de_artigos_do_lar,0974,,,,
1995,09,"QUADRO 9 - Despesas com Consertos e Manutenção de Móveis, Aparelhos, Máquinas e Utensílios de Uso Doméstico no Período de Referência de 90 Dias,",0975,975,CONSERTO DE SECADOR DE CABELOS (PEÇA),,,32005,32005,32005,Consertos_de_artigos_do_lar,0975,,,,
1995,09,"QUADRO 9 - Despesas com Consertos e Manutenção de Móveis, Aparelhos, Máquinas e Utensílios de Uso Doméstico no Período de Referência de 90 Dias,",0976,976,CONSERTO DE SECADOR DE CABELOS (MÃO-DE-OBRA),,,32005,32005,32005,Consertos_de_artigos_do_lar,0976,,,,
1995,09,"QUADRO 9 - Despesas com Consertos e Manutenção de Móveis, Aparelhos, Máquinas e Utensílios de Uso Doméstico no Período de Referência de 90 Dias,",0977,977,CONSERTO DE SECADOR DE CABELOS (PEÇA+MÃO-DE-OBRA),,,32005,32005,32005,Consertos_de_artigos_do_lar,0977,,,,
1995,09,"QUADRO 9 - Despesas com Consertos e Manutenção de Móveis, Aparelhos, Máquinas e Utensílios de Uso Doméstico no Período de Referência de 90 Dias,",0998,998,AGREGADO 3,,31001,32005,31001,32005,Consertos_de_artigos_do_lar,0998,,,,
1995,10,QUADRO 10 - Despesas do Domicilio Principal com Habitação no Período de Referência de 6 Meses;,1000,1000,DESPESAS DO DOMICÍLIO PRINCIPAL COM HABITAÇÃO,,42002,,42002,32001,Manutencao_do_lar,1000,,,,
1995,10,QUADRO 10 - Despesas do Domicilio Principal com Habitação no Período de Referência de 6 Meses;,1005,1005,ALUGUEL DO IMÓVEL (DOMICÍLIO PRINCIPAL),,42002,31001,42002,31001,Aluguel,1005,,,,
1995,10,QUADRO 10 - Despesas do Domicilio Principal com Habitação no Período de Referência de 6 Meses;,1007,1007,PRESTAÇÃO DO IMÓVEL (DOMICÍLIO PRINCIPAL),,42002,43002,42002,42001,Imovel_aquisicao,1007,,,,
1995,10,QUADRO 10 - Despesas do Domicilio Principal com Habitação no Período de Referência de 6 Meses;,1010,1010,ALUGUEL DE GARAGEM (DOMICÍLIO PRINCIPAL),,42002,31001,42002,31007,Outros_servicos_etc,1010,,,,
1995,10,QUADRO 10 - Despesas do Domicilio Principal com Habitação no Período de Referência de 6 Meses;,1012,1012,CONDOMÍNIO (DOMICÍLIO PRINCIPAL),,42002,,42002,31007,Outros_servicos_etc,1012,,,,
1995,10,QUADRO 10 - Despesas do Domicilio Principal com Habitação no Período de Referência de 6 Meses;,1014,1014,IMPOSTO PREDIAL (DOMICÍLIO PRINCIPAL),,42002,41001,42002,31007,Outros_servicos_etc,1014,,,,
1995,10,QUADRO 10 - Despesas do Domicilio Principal com Habitação no Período de Referência de 6 Meses;,1016,1016,"ADICIONAIS DE ALUGUEL DO IMOVEL (JUROS, MULTA, ETC.) (DOMICÍLIO PRINCIPAL)",,42002,31001,42002,31001,Aluguel,1016,,,,
1995,10,QUADRO 10 - Despesas do Domicilio Principal com Habitação no Período de Referência de 6 Meses;,1017,1017,"ADICIONAIS DE PRESTAÇÃO DO IMOVEL (JUROS, MULTA, ETC.) (DOMICÍLIO PRINCIPAL)",,42002,43002,42002,42001,Imovel_aquisicao,1017,,,,
1995,10,QUADRO 10 - Despesas do Domicilio Principal com Habitação no Período de Referência de 6 Meses;,1018,1018,"ADICIONAIS DE ALUGUEL DE GARAGEM (JUROS, MULTA, ETC.) (DOMICÍLIO PRINCIPAL)",,42002,31001,42002,31007,Outros_servicos_etc,1018,,,,
1995,10,QUADRO 10 - Despesas do Domicilio Principal com Habitação no Período de Referência de 6 Meses;,1019,1019,"ADICIONAIS DE CONDOMÍNIO (JUROS, MULTAS, ETC.) (DOMICÍLIO PRINCIPAL)",,42002,,42002,31007,Outros_servicos_etc,1019,,,,
1995,10,QUADRO 10 - Despesas do Domicilio Principal com Habitação no Período de Referência de 6 Meses;,1020,1020,"ADICIONAIS DE IMPOSTO PREDIAL (JUROS, MULTA, ETC.) (DOMICÍLIO PRINCIPAL)",,42002,,42002,31007,Outros_servicos_etc,1020,,,,
1995,10,QUADRO 10 - Despesas do Domicilio Principal com Habitação no Período de Referência de 6 Meses;,1021,1021,TAXA EXTRA DE CONDOMÍNIO (REFORMA E MANUTENÇÃO DE PREDIO),,42002,,42002,31007,Outros_servicos_etc,1021,,,,
1995,10,QUADRO 10 - Despesas do Domicilio Principal com Habitação no Período de Referência de 6 Meses;,1022,1022,IMPOSTO TERRITORIAL RURAL,,42002,41001,42002,31007,Outros_servicos_etc,1022,,,,
1995,10,QUADRO 10 - Despesas do Domicilio Principal com Habitação no Período de Referência de 6 Meses;,1023,1023,SPU (SERVIÇO DE PATRIMONIO DA UNIÃO),,42002,41001,42002,31007,Outros_servicos_etc,1023,,,,
1995,11,"QUADRO 11 - Despesas com Construção, Reforma e Manutenção de Jazigo no Periodo de Referência de 6 meses;",1100,1100,"DESPESAS COM CONSTRUÇÃO, REFORMA E MANUTENÇÃO DE JAZIGO",,42002,,42002,42002,Imovel_reforma,1100,,,,
1995,11,"QUADRO 11 - Despesas com Construção, Reforma e Manutenção de Jazigo no Periodo de Referência de 6 meses;",1101,1101,CONSTRUÇÃO DE JAZIGO,,42002,,42002,42002,Imovel_reforma,1101,,,,
1995,11,"QUADRO 11 - Despesas com Construção, Reforma e Manutenção de Jazigo no Periodo de Referência de 6 meses;",1102,1102,REFORMA DE JAZIGO,,42002,,42002,42002,Imovel_reforma,1102,,,,
1995,11,"QUADRO 11 - Despesas com Construção, Reforma e Manutenção de Jazigo no Periodo de Referência de 6 meses;",1103,1103,MANUTENÇÃO DE JAZIGO,,42002,,42002,42002,Imovel_reforma,1103,,,,
1995,11,"QUADRO 11 - Despesas com Construção, Reforma e Manutenção de Jazigo no Periodo de Referência de 6 meses;",1104,1104,EXUMAÇÃO,,42002,,42002,42002,Imovel_reforma,1104,,,,
1995,11,"QUADRO 11 - Despesas com Construção, Reforma e Manutenção de Jazigo no Periodo de Referência de 6 meses;",1105,1105,LÁPIDE DE JAZIGO,,42002,,42002,42002,Imovel_reforma,1105,,,,
1995,11,"QUADRO 11 - Despesas com Construção, Reforma e Manutenção de Jazigo no Periodo de Referência de 6 meses;",1106,1106,PLACA DE JAZIGO,,42002,,42002,42002,Imovel_reforma,1106,,,,
1995,11,"QUADRO 11 - Despesas com Construção, Reforma e Manutenção de Jazigo no Periodo de Referência de 6 meses;",1107,1107,CONDOMÍNIO DE JAZIGO,,42002,,42002,42002,Imovel_reforma,1107,,,,
1995,11,"QUADRO 11 - Despesas com Construção, Reforma e Manutenção de Jazigo no Periodo de Referência de 6 meses;",1108,1108,GRAVAÇÃO EM JAZIGO,,42002,,42002,42002,Imovel_reforma,1108,,,,
1995,11,"QUADRO 11 - Despesas com Construção, Reforma e Manutenção de Jazigo no Periodo de Referência de 6 meses;",1109,1109,GAVETA DE JAZIGO,,,,,42002,Imovel_reforma,1109,,,,
1995,11,"QUADRO 11 - Despesas com Construção, Reforma e Manutenção de Jazigo no Periodo de Referência de 6 meses;",1198,1198,AGREGADO 4,,42002,,42002,42002,Imovel_reforma,1198,,,,
1995,12,"QUADRO 12 - Despesas do Domicílio Principal com Outros Serviços de Utilidade Pública e Habitação no Período de Referência de 6 Meses,",1201,1201,"AQUISIÇÃO DE IMOVEL À VISTA (VALOR PAGO, IMPOSTOS DE TRANSMISSÃO, ETC.) (DOMICILIO PRINCIPAL)",Nota: codigo estava errado no arquivo de produtos do IBGE (estava 1021),42002,,42002,42001,Imovel_aquisicao,1202,,,,
1995,12,"QUADRO 12 - Despesas do Domicílio Principal com Outros Serviços de Utilidade Pública e Habitação no Período de Referência de 6 Meses,",1202,1202,"AQUISIÇÃO DO IMOVEL À PRAZO (ENTRADA, PARCELAS, TAXAS, IMPOSTOS, ETC.) (DOMICÍLIO PRINCIPAL)",,32005,42001,32005,42001,Imovel_aquisicao,1203,,,,
1995,12,"QUADRO 12 - Despesas do Domicílio Principal com Outros Serviços de Utilidade Pública e Habitação no Período de Referência de 6 Meses,",1203,1203,LOCAÇÃO DO IMOVEL (DOMICILIO PRINCIPAL),,32005,,32005,31001,Aluguel,1204,,,,
1995,12,"QUADRO 12 - Despesas do Domicílio Principal com Outros Serviços de Utilidade Pública e Habitação no Período de Referência de 6 Meses,",1204,1204,MUDANÇA (DOMICILIO PRINCIPAL),,32005,40006,32005,31007,Outros_servicos_etc,1205,,,,
1995,12,"QUADRO 12 - Despesas do Domicílio Principal com Outros Serviços de Utilidade Pública e Habitação no Período de Referência de 6 Meses,",1205,1205,"SEGUROS SOBRE O IMÓVEL (INCENDIO, ROUBO, ETC.) (DOMICÍLIO PRINCIPAL)",,32005,,32005,31007,Outros_servicos_etc,1206,,,,
1995,12,"QUADRO 12 - Despesas do Domicílio Principal com Outros Serviços de Utilidade Pública e Habitação no Período de Referência de 6 Meses,",1206,1206,"TAXAS (COLETA DE LIXO, PREVENÇÃO E EXTINÇÃO DE INCENDIO, SEGURANÇA, ETC.) (DOMICÍLIO PRINCIPAL)",,32005,,32005,31007,Outros_servicos_etc,1207,,,,
1995,12,"QUADRO 12 - Despesas do Domicílio Principal com Outros Serviços de Utilidade Pública e Habitação no Período de Referência de 6 Meses,",1207,1207,TAXA DE OCUPAÇÃO DO IMOVEL (DOMICILIO PRINCIPAL),,32005,,32005,31007,Outros_servicos_etc,1208,,,,
1995,12,"QUADRO 12 - Despesas do Domicílio Principal com Outros Serviços de Utilidade Pública e Habitação no Período de Referência de 6 Meses,",1208,1208,TAXA DE INSTALAÇÃO DE RELOGIO D´ÁGUA (DOMICÍLIO PRINCIPAL),,32005,,32005,31007,Outros_servicos_etc,1209,,,,
1995,12,"QUADRO 12 - Despesas do Domicílio Principal com Outros Serviços de Utilidade Pública e Habitação no Período de Referência de 6 Meses,",1209,1209,TAXA DE TRANSFERÊNCIA DE TELEFONE (DOMICÍLIO PRINCIPAL),,32005,,32005,31007,Outros_servicos_etc,1210,,,,
1995,12,"QUADRO 12 - Despesas do Domicílio Principal com Outros Serviços de Utilidade Pública e Habitação no Período de Referência de 6 Meses,",1210,1210,"TAXA DE INSTALAÇÃO DE INTERFONE, TELEFONE (DOMICÍLIO PRINCIPAL)",,32005,,32005,31007,Outros_servicos_etc,1211,,,,
1995,12,"QUADRO 12 - Despesas do Domicílio Principal com Outros Serviços de Utilidade Pública e Habitação no Período de Referência de 6 Meses,",1211,1211,TAXA DE MANUTENCÃO DE ELEVADOR (DOMICÍLIO PRINCIPAL),,32005,,32005,31007,Outros_servicos_etc,1212,,,,
1995,12,"QUADRO 12 - Despesas do Domicílio Principal com Outros Serviços de Utilidade Pública e Habitação no Período de Referência de 6 Meses,",1212,1212,TAXA DE LIGAÇÃO DE LUZ (DOMICÍLIO PRINCIPAL),,32005,,32005,31007,Outros_servicos_etc,1213,,,,
1995,12,"QUADRO 12 - Despesas do Domicílio Principal com Outros Serviços de Utilidade Pública e Habitação no Período de Referência de 6 Meses,",1213,1213,TAXA DE ISENÇÃO DE IMPOSTO PREDIAL (DOMICÍLIO PRINCIPAL),,32005,,32005,31007,Outros_servicos_etc,1214,,,,
1995,12,"QUADRO 12 - Despesas do Domicílio Principal com Outros Serviços de Utilidade Pública e Habitação no Período de Referência de 6 Meses,",1214,1214,TAXA DE VERIFICAÇÃO DE VAZAMENTO D´ÁGUA (DOMICÍLIO PRINCIPAL),,32005,,32005,31007,Outros_servicos_etc,1215,,,,
1995,12,"QUADRO 12 - Despesas do Domicílio Principal com Outros Serviços de Utilidade Pública e Habitação no Período de Referência de 6 Meses,",1215,1215,TAXA DE INSTALAÇÃO DE CENTRAL DE GÁS,,32005,,32005,31007,Outros_servicos_etc,1216,,,,
1995,12,"QUADRO 12 - Despesas do Domicílio Principal com Outros Serviços de Utilidade Pública e Habitação no Período de Referência de 6 Meses,",1216,1216,TAXA DE INSCRIÇÃO DE TELEFONE CELULAR,,,,,31007,Outros_servicos_etc,1217,,,,
1995,12,"QUADRO 12 - Despesas do Domicílio Principal com Outros Serviços de Utilidade Pública e Habitação no Período de Referência de 6 Meses,",1217,1217,TAXA DE UTILIZAÇÃO E MANUTENÇÃO DE BOMBA D´ÁGUA,,,,,31007,Outros_servicos_etc,1218,,,,
1995,12,"QUADRO 12 - Despesas do Domicílio Principal com Outros Serviços de Utilidade Pública e Habitação no Período de Referência de 6 Meses,",1218,1218,TAXA DE MANUTENÇÃO DE LINHA TELEFÔNICA COMUNITARIA,,,,,31007,Outros_servicos_etc,1219,,,,
1995,12,"QUADRO 12 - Despesas do Domicílio Principal com Outros Serviços de Utilidade Pública e Habitação no Período de Referência de 6 Meses,",1219,1219,TAXA DE CERTIDÃO DE IMPOSTO (DIVIDA ATIVA),,,,,31007,Outros_servicos_etc,1220,,,,
1995,12,"QUADRO 12 - Despesas do Domicílio Principal com Outros Serviços de Utilidade Pública e Habitação no Período de Referência de 6 Meses,",1220,1220,SERVIÇO DE INSTALAÇÃO DE TV A CABO,,,40006,40006,31007,Outros_servicos_etc,1292,,,,
1995,12,"QUADRO 12 - Despesas do Domicílio Principal com Outros Serviços de Utilidade Pública e Habitação no Período de Referência de 6 Meses,",1292,1292,VALOR DO IMOVEL ADQUIRIDO EM 1ª LOCAÇÃO À VISTA (DOMICILIO PRINCIPAL),,,,,42001,Imovel_aquisicao,1293,,,,
1995,12,"QUADRO 12 - Despesas do Domicílio Principal com Outros Serviços de Utilidade Pública e Habitação no Período de Referência de 6 Meses,",1293,1293,VALOR DO IMOVEL ADQUIRIDO EM 1ª LOCAÇÃO À PRAZO (DOMICILIO PRINCIPAL),,,,,42001,Imovel_aquisicao,1294,,,,
1995,12,"QUADRO 12 - Despesas do Domicílio Principal com Outros Serviços de Utilidade Pública e Habitação no Período de Referência de 6 Meses,",1294,1294,VALOR DO IMOVEL ADQUIRIDO USADO À VISTA (DOMICILIO.PRINCIPAL),,,,,42001,Imovel_aquisicao,1295,,,,
1995,12,"QUADRO 12 - Despesas do Domicílio Principal com Outros Serviços de Utilidade Pública e Habitação no Período de Referência de 6 Meses,",1295,1295,VALOR DO IMOVEL ADQUIRIDO USADO À PRAZO (DOMICILIO PRINCIPAL),,,,,42001,Imovel_aquisicao,1296,,,,
1995,12,"QUADRO 12 - Despesas do Domicílio Principal com Outros Serviços de Utilidade Pública e Habitação no Período de Referência de 6 Meses,",1296,1296,AGREGADO 5,,,,,42001,Imovel_aquisicao,1300,,,,
1995,13,QUADRO 13 - Despesas com Aluguel de Aparelhos e Utilidades de Uso Doméstico no Período de Referência de 6 Meses;,1300,1300,DESPESAS COM ALUGUEL DE APARELHOS E UTILIDADES DE USO DOMESTICO,,40006,,40006,40006,Outras_despesas_diversas,1301,,,,
1995,13,QUADRO 13 - Despesas com Aluguel de Aparelhos e Utilidades de Uso Doméstico no Período de Referência de 6 Meses;,1301,1301,AR CONDICIONADO (ALUGUEL),,40006,40006,40006,40006,Outras_despesas_diversas,1302,,,,
1995,13,QUADRO 13 - Despesas com Aluguel de Aparelhos e Utilidades de Uso Doméstico no Período de Referência de 6 Meses;,1302,1302,TELEFONE RESIDENCIAL (ALUGUEL),,40006,40006,40006,40006,Outras_despesas_diversas,1303,,,,
1995,13,QUADRO 13 - Despesas com Aluguel de Aparelhos e Utilidades de Uso Doméstico no Período de Referência de 6 Meses;,1303,1303,TELEFONE (ALUGUEL),,40006,40006,40006,40006,Outras_despesas_diversas,1304,,,,
1995,13,QUADRO 13 - Despesas com Aluguel de Aparelhos e Utilidades de Uso Doméstico no Período de Referência de 6 Meses;,1304,1304,VIDEOCASSETE (ALUGUEL),,40006,40006,40006,40006,Outras_despesas_diversas,1305,,,,
1995,13,QUADRO 13 - Despesas com Aluguel de Aparelhos e Utilidades de Uso Doméstico no Período de Referência de 6 Meses;,1305,1305,BIP (ALUGUEL),,40006,,40006,40006,Outras_despesas_diversas,1306,,,,
1995,13,QUADRO 13 - Despesas com Aluguel de Aparelhos e Utilidades de Uso Doméstico no Período de Referência de 6 Meses;,1306,1306,MAQUINA DE COSTURA (ALUGUEL),,40006,40006,40006,40006,Outras_despesas_diversas,1307,,,,
1995,13,QUADRO 13 - Despesas com Aluguel de Aparelhos e Utilidades de Uso Doméstico no Período de Referência de 6 Meses;,1307,1307,PIANO (ALUGUEL),,40006,40006,40006,40006,Outras_despesas_diversas,1308,,,,
1995,13,QUADRO 13 - Despesas com Aluguel de Aparelhos e Utilidades de Uso Doméstico no Período de Referência de 6 Meses;,1308,1308,BUTIJÃO DE GÁS (ALUGUEL),,,40006,40006,40006,Outras_despesas_diversas,1309,,,,
1995,13,QUADRO 13 - Despesas com Aluguel de Aparelhos e Utilidades de Uso Doméstico no Período de Referência de 6 Meses;,1309,1309,TELEFONE MOVEL OU CELULAR (ALUGUEL),,,,,40006,Outras_despesas_diversas,1310,,,,
1995,13,QUADRO 13 - Despesas com Aluguel de Aparelhos e Utilidades de Uso Doméstico no Período de Referência de 6 Meses;,1310,1310,MICROCOMPUTADOR (ALUGUEL),,,40006,40006,40006,Outras_despesas_diversas,1311,,,,
1995,13,QUADRO 13 - Despesas com Aluguel de Aparelhos e Utilidades de Uso Doméstico no Período de Referência de 6 Meses;,1311,1311,FILMADORA (ALUGUEL),,,40006,40006,40006,Outras_despesas_diversas,1312,,,,
1995,13,QUADRO 13 - Despesas com Aluguel de Aparelhos e Utilidades de Uso Doméstico no Período de Referência de 6 Meses;,1312,1312,TELÃO (ALUGUEL),,,40006,40006,40006,Outras_despesas_diversas,1313,,,,
1995,13,QUADRO 13 - Despesas com Aluguel de Aparelhos e Utilidades de Uso Doméstico no Período de Referência de 6 Meses;,1313,1313,"TV A CABO (MENSALIDADE, ASSINATURA, ALUGUEL)",,,,,40006,Outras_despesas_diversas,1314,,,,
1995,13,QUADRO 13 - Despesas com Aluguel de Aparelhos e Utilidades de Uso Doméstico no Período de Referência de 6 Meses;,1314,1314,"TELEFONE VIRTUAL - MENSAGEM (MENSALIDADE, ASSINATURA, ALUGUEL)",,,,,40006,Outras_despesas_diversas,1315,,,,
1995,13,QUADRO 13 - Despesas com Aluguel de Aparelhos e Utilidades de Uso Doméstico no Período de Referência de 6 Meses;,1315,1315,ALUGUEL DE MAQUINA DE ESCREVER ELETRICA,,,40006,40006,40006,Outras_despesas_diversas,1316,,,,
1995,13,QUADRO 13 - Despesas com Aluguel de Aparelhos e Utilidades de Uso Doméstico no Período de Referência de 6 Meses;,1316,1316,ALUGUEL DE LIXADEIRA ELETRICA,,,40006,40006,40006,Outras_despesas_diversas,1317,,,,
1995,13,QUADRO 13 - Despesas com Aluguel de Aparelhos e Utilidades de Uso Doméstico no Período de Referência de 6 Meses;,1317,1317,INTERNET,,,40006,40006,40006,Outras_despesas_diversas,1318,,,,
1995,13,QUADRO 13 - Despesas com Aluguel de Aparelhos e Utilidades de Uso Doméstico no Período de Referência de 6 Meses;,1318,1318,ALUGUEL DE VIDEOGAME,,,40006,40006,40006,Outras_despesas_diversas,1319,,,,
1995,13,QUADRO 13 - Despesas com Aluguel de Aparelhos e Utilidades de Uso Doméstico no Período de Referência de 6 Meses;,1319,1319,"TV POR ASSINATURA (MENSALIDADE, ASSINATURA, ALUGUEL) (NÃO A CABO)",,,40006,40006,40006,Outras_despesas_diversas,1398,,,,
1995,13,QUADRO 13 - Despesas com Aluguel de Aparelhos e Utilidades de Uso Doméstico no Período de Referência de 6 Meses;,1398,1398,AGREGADO 6,,40006,40006,40006,40006,Outras_despesas_diversas,1400,,,,
1995,14,"QUADRO 14 - Inventário de Bens Duráveis do Domicílio Principal,",1400,1400,INVENTARIO DE BENS DURAVEIS DO DOMICILIO PRINCIPAL,,88888,,88888,88888,Inventário,1401,,,,
1995,14,"QUADRO 14 - Inventário de Bens Duráveis do Domicílio Principal,",1401,1401,FOGÃO (INVENTÁRIO),,88888,,88888,88888,Inventário,1402,,,,
1995,14,"QUADRO 14 - Inventário de Bens Duráveis do Domicílio Principal,",1402,1402,FREEZER (INVENTÁRIO),,88888,,88888,88888,Inventário,1403,,,,
1995,14,"QUADRO 14 - Inventário de Bens Duráveis do Domicílio Principal,",1403,1403,GELADEIRA (INVENTÁRIO),,88888,,88888,88888,Inventário,1404,,,,
1995,14,"QUADRO 14 - Inventário de Bens Duráveis do Domicílio Principal,",1404,1404,MAQUINA DE LAVAR PRATOS (INVENTÁRIO),,88888,,88888,88888,Inventário,1405,,,,
1995,14,"QUADRO 14 - Inventário de Bens Duráveis do Domicílio Principal,",1405,1405,BATEDEIRA DE BOLO (INVENTÁRIO),,88888,,88888,88888,Inventário,1406,,,,
1995,14,"QUADRO 14 - Inventário de Bens Duráveis do Domicílio Principal,",1406,1406,LIQUIDIFICADOR (INVENTÁRIO),,88888,,88888,88888,Inventário,1407,,,,
1995,14,"QUADRO 14 - Inventário de Bens Duráveis do Domicílio Principal,",1407,1407,TORRADEIRA ELÉTRICA (INVENTÁRIO),,88888,,88888,88888,Inventário,1408,,,,
1995,14,"QUADRO 14 - Inventário de Bens Duráveis do Domicílio Principal,",1408,1408,ASPIRADOR DE PÓ (INVENTÁRIO),,88888,,88888,88888,Inventário,1409,,,,
1995,14,"QUADRO 14 - Inventário de Bens Duráveis do Domicílio Principal,",1409,1409,ENCERADEIRA (INVENTÁRIO),,88888,,88888,88888,Inventário,1410,,,,
1995,14,"QUADRO 14 - Inventário de Bens Duráveis do Domicílio Principal,",1410,1410,FERRO ELÉTRICO (INVENTÁRIO),,88888,,88888,88888,Inventário,1411,,,,
1995,14,"QUADRO 14 - Inventário de Bens Duráveis do Domicílio Principal,",1411,1411,MAQUINA DE LAVAR ROUPA (INVENTÁRIO),,88888,,88888,88888,Inventário,1412,,,,
1995,14,"QUADRO 14 - Inventário de Bens Duráveis do Domicílio Principal,",1412,1412,MAQUINA DE SECAR ROUPA (INVENTÁRIO),,88888,,88888,88888,Inventário,1413,,,,
1995,14,"QUADRO 14 - Inventário de Bens Duráveis do Domicílio Principal,",1413,1413,TELEVISÃO EM CORES (INVENTARIO),,88888,,88888,88888,Inventário,1414,,,,
1995,14,"QUADRO 14 - Inventário de Bens Duráveis do Domicílio Principal,",1414,1414,TELEVISÃO EM PRETO E BRANCO (INVENTARIO),,88888,,88888,88888,Inventário,1415,,,,
1995,14,"QUADRO 14 - Inventário de Bens Duráveis do Domicílio Principal,",1415,1415,CONJUNTO DE SOM ACOPLADO (INVENTARIO),,88888,,88888,88888,Inventário,1416,,,,
1995,14,"QUADRO 14 - Inventário de Bens Duráveis do Domicílio Principal,",1416,1416,GRAVADOR E TOCA-FITAS (INVENTARIO),,88888,,88888,88888,Inventário,1417,,,,
1995,14,"QUADRO 14 - Inventário de Bens Duráveis do Domicílio Principal,",1417,1417,RADIO DE MESA (INVENTARIO),,88888,,88888,88888,Inventário,1418,,,,
1995,14,"QUADRO 14 - Inventário de Bens Duráveis do Domicílio Principal,",1418,1418,RADIO PORTÁTIL (INVENTÁRIO),,88888,,88888,88888,Inventário,1419,,,,
1995,14,"QUADRO 14 - Inventário de Bens Duráveis do Domicílio Principal,",1419,1419,TOCA-DISCOS DE AGULHA (INVENTÁRIO),,88888,,88888,88888,Inventário,1420,,,,
1995,14,"QUADRO 14 - Inventário de Bens Duráveis do Domicílio Principal,",1420,1420,AR CONDICIONADO (INVENTÁRIO),,88888,,88888,88888,Inventário,1421,,,,
1995,14,"QUADRO 14 - Inventário de Bens Duráveis do Domicílio Principal,",1421,1421,VENTILADOR E CIRCULADOR DE AR (INVENTÁRIO),,88888,,88888,88888,Inventário,1422,,,,
1995,14,"QUADRO 14 - Inventário de Bens Duráveis do Domicílio Principal,",1422,1422,MAQUINA DE COSTURA (INVENTÁRIO),,88888,,88888,88888,Inventário,1423,,,,
1995,14,"QUADRO 14 - Inventário de Bens Duráveis do Domicílio Principal,",1423,1423,SECADOR DE CABELOS (INVENTÁRIO),,88888,,88888,88888,Inventário,1424,,,,
1995,14,"QUADRO 14 - Inventário de Bens Duráveis do Domicílio Principal,",1424,1424,AUTOMÓVEL (INVENTÁRIO),,88888,,88888,88888,Inventário,1425,,,,
1995,14,"QUADRO 14 - Inventário de Bens Duráveis do Domicílio Principal,",1425,1425,BICICLETA (INVENTÁRIO),,88888,,88888,88888,Inventário,1426,,,,
1995,14,"QUADRO 14 - Inventário de Bens Duráveis do Domicílio Principal,",1426,1426,MOTOCICLETA (INVENTÁRIO),,88888,,88888,88888,Inventário,1427,,,,
1995,14,"QUADRO 14 - Inventário de Bens Duráveis do Domicílio Principal,",1427,1427,MICROCOMPUTADOR (INVENTÁRIO),,,,,88888,Inventário,1428,,,,
1995,14,"QUADRO 14 - Inventário de Bens Duráveis do Domicílio Principal,",1428,1428,VIDEOCASSETE (INVENTÁRIO),,,,,88888,Inventário,1429,,,,
1995,14,"QUADRO 14 - Inventário de Bens Duráveis do Domicílio Principal,",1429,1429,OZONIZADOR (INVENTÁRIO),,,,,88888,Inventário,1430,,,,
1995,14,"QUADRO 14 - Inventário de Bens Duráveis do Domicílio Principal,",1430,1430,FORMA DE MICROONDAS (INVENTÁRIO),,,,,88888,Inventário,1431,,,,
1995,14,"QUADRO 14 - Inventário de Bens Duráveis do Domicílio Principal,",1431,1431,ANTENA PARABÓLICA (INVENTÁRIO),,,,,88888,Inventário,1432,,,,
1995,14,"QUADRO 14 - Inventário de Bens Duráveis do Domicílio Principal,",1432,1432,TOCA-DISCOS A LASER (INVENTÁRIO),,,,,88888,Inventário,1500,,,,
1995,15,QUADRO 15 - Despesas com Aquisição de Aparelhos e Máquinas de Uso Doméstico no Periodo de Referência de 6 Meses;,1500,1500,DESPESA COM AQUISIÇÃO DE APARELHO E MAQUINAS DE USO DOMESTICO,,88888,,88888,32004,Eletrodomesticos,1501,,,,
1995,15,QUADRO 15 - Despesas com Aquisição de Aparelhos e Máquinas de Uso Doméstico no Periodo de Referência de 6 Meses;,1501,1501,EXAUSTOR,,32004,32004,32004,32004,Eletrodomesticos,1502,,,,
1995,15,QUADRO 15 - Despesas com Aquisição de Aparelhos e Máquinas de Uso Doméstico no Periodo de Referência de 6 Meses;,1502,1502,FOGÃO A GÁS OU ELÉTRICO,,32004,32004,32004,32004,Eletrodomesticos,1503,,,,
1995,15,QUADRO 15 - Despesas com Aquisição de Aparelhos e Máquinas de Uso Doméstico no Periodo de Referência de 6 Meses;,1503,1503,FOGÃO A LENHA,,32004,32004,32004,32004,Eletrodomesticos,1504,,,,
1995,15,QUADRO 15 - Despesas com Aquisição de Aparelhos e Máquinas de Uso Doméstico no Periodo de Referência de 6 Meses;,1504,1504,FORNO ELÉTRICO,,32004,32004,32004,32004,Eletrodomesticos,1505,,,,
1995,15,QUADRO 15 - Despesas com Aquisição de Aparelhos e Máquinas de Uso Doméstico no Periodo de Referência de 6 Meses;,1505,1505,FREEZER,,32004,32004,32004,32004,Eletrodomesticos,1506,,,,
1995,15,QUADRO 15 - Despesas com Aquisição de Aparelhos e Máquinas de Uso Doméstico no Periodo de Referência de 6 Meses;,1506,1506,GELADEIRA,,32004,32004,32004,32004,Eletrodomesticos,1507,,,,
1995,15,QUADRO 15 - Despesas com Aquisição de Aparelhos e Máquinas de Uso Doméstico no Periodo de Referência de 6 Meses;,1507,1507,MAQUINA DE LAVAR PRATOS,,32004,32004,32004,32004,Eletrodomesticos,1508,,,,
1995,15,QUADRO 15 - Despesas com Aquisição de Aparelhos e Máquinas de Uso Doméstico no Periodo de Referência de 6 Meses;,1508,1508,ABRIDOR E AFIADOR ELÉTRICO,,32004,32004,32004,32004,Eletrodomesticos,1509,,,,
1995,15,QUADRO 15 - Despesas com Aquisição de Aparelhos e Máquinas de Uso Doméstico no Periodo de Referência de 6 Meses;,1509,1509,BATEDEIRA DE BOLO,,32004,32004,32004,32004,Eletrodomesticos,1510,,,,
1995,15,QUADRO 15 - Despesas com Aquisição de Aparelhos e Máquinas de Uso Doméstico no Periodo de Referência de 6 Meses;,1510,1510,CAFETEIRA ELÉTRICA,,32004,32004,32004,32004,Eletrodomesticos,1511,,,,
1995,15,QUADRO 15 - Despesas com Aquisição de Aparelhos e Máquinas de Uso Doméstico no Periodo de Referência de 6 Meses;,1511,1511,ESPREMEDOR DE FRUTAS ELÉTRICO,,32004,32004,32004,32004,Eletrodomesticos,1512,,,,
1995,15,QUADRO 15 - Despesas com Aquisição de Aparelhos e Máquinas de Uso Doméstico no Periodo de Referência de 6 Meses;,1512,1512,FACA ELÉTRICA,,32004,32004,32004,32004,Eletrodomesticos,1513,,,,
1995,15,QUADRO 15 - Despesas com Aquisição de Aparelhos e Máquinas de Uso Doméstico no Periodo de Referência de 6 Meses;,1513,1513,GRILL,,32004,32004,32004,32004,Eletrodomesticos,1514,,,,
1995,15,QUADRO 15 - Despesas com Aquisição de Aparelhos e Máquinas de Uso Doméstico no Periodo de Referência de 6 Meses;,1514,1514,LIQUIDIFICADOR,,32004,32004,32004,32004,Eletrodomesticos,1515,,,,
1995,15,QUADRO 15 - Despesas com Aquisição de Aparelhos e Máquinas de Uso Doméstico no Periodo de Referência de 6 Meses;,1515,1515,MÁQUINA DE MOER CARNE (ELÉTRICO),,32004,32004,32004,32004,Eletrodomesticos,1516,,,,
1995,15,QUADRO 15 - Despesas com Aquisição de Aparelhos e Máquinas de Uso Doméstico no Periodo de Referência de 6 Meses;,1516,1516,PURIFICADOR DE ÁGUA (OZONIZADOR),,32004,32004,32004,32004,Eletrodomesticos,1517,,,,
1995,15,QUADRO 15 - Despesas com Aquisição de Aparelhos e Máquinas de Uso Doméstico no Periodo de Referência de 6 Meses;,1517,1517,TORRADEIRA ELÉTRICA,,32004,32004,32004,32004,Eletrodomesticos,1518,,,,
1995,15,QUADRO 15 - Despesas com Aquisição de Aparelhos e Máquinas de Uso Doméstico no Periodo de Referência de 6 Meses;,1518,1518,ASPIRADOR DE PÓ,,32004,32004,32004,32004,Eletrodomesticos,1519,,,,
1995,15,QUADRO 15 - Despesas com Aquisição de Aparelhos e Máquinas de Uso Doméstico no Periodo de Referência de 6 Meses;,1519,1519,ENCERADEIRA,,32004,32004,32004,32004,Eletrodomesticos,1520,,,,
1995,15,QUADRO 15 - Despesas com Aquisição de Aparelhos e Máquinas de Uso Doméstico no Periodo de Referência de 6 Meses;,1520,1520,FERRO ELÉTRICO,,32004,32004,32004,32004,Eletrodomesticos,1521,,,,
1995,15,QUADRO 15 - Despesas com Aquisição de Aparelhos e Máquinas de Uso Doméstico no Periodo de Referência de 6 Meses;,1521,1521,MÁQUINA DE LAVAR ROUPAS,,32004,32004,32004,32004,Eletrodomesticos,1522,,,,
1995,15,QUADRO 15 - Despesas com Aquisição de Aparelhos e Máquinas de Uso Doméstico no Periodo de Referência de 6 Meses;,1522,1522,MÁQUINA DE SECAR ROUPAS,,32004,32004,32004,32004,Eletrodomesticos,1523,,,,
1995,15,QUADRO 15 - Despesas com Aquisição de Aparelhos e Máquinas de Uso Doméstico no Periodo de Referência de 6 Meses;,1523,1523,ANTENA DE TELEVISÃO (EXCETO PARABÓLICA),,32004,32004,32004,32004,Eletrodomesticos,1524,,,,
1995,15,QUADRO 15 - Despesas com Aquisição de Aparelhos e Máquinas de Uso Doméstico no Periodo de Referência de 6 Meses;,1524,1524,TELEVISÃO EM CORES,,32004,32004,32004,32004,Eletrodomesticos,1525,,,,
1995,15,QUADRO 15 - Despesas com Aquisição de Aparelhos e Máquinas de Uso Doméstico no Periodo de Referência de 6 Meses;,1525,1525,TELEVISÃO EM PRETO E BRANCO,,32004,32004,32004,32004,Eletrodomesticos,1526,,,,
1995,15,QUADRO 15 - Despesas com Aquisição de Aparelhos e Máquinas de Uso Doméstico no Periodo de Referência de 6 Meses;,1526,1526,VIDEOCASSETE,,32004,32004,32004,32004,Eletrodomesticos,1527,,,,
1995,15,QUADRO 15 - Despesas com Aquisição de Aparelhos e Máquinas de Uso Doméstico no Periodo de Referência de 6 Meses;,1527,1527,AMPLIFICADOR E SINTONIZADOR (RADIO),,32004,32004,32004,32004,Eletrodomesticos,1528,,,,
1995,15,QUADRO 15 - Despesas com Aquisição de Aparelhos e Máquinas de Uso Doméstico no Periodo de Referência de 6 Meses;,1528,1528,CAIXA DE SOM,,32004,32004,32004,32004,Eletrodomesticos,1529,,,,
1995,15,QUADRO 15 - Despesas com Aquisição de Aparelhos e Máquinas de Uso Doméstico no Periodo de Referência de 6 Meses;,1529,1529,CONJUNTO DE SOM ACOPLADO,,32004,32004,32004,32004,Eletrodomesticos,1530,,,,
1995,15,QUADRO 15 - Despesas com Aquisição de Aparelhos e Máquinas de Uso Doméstico no Periodo de Referência de 6 Meses;,1530,1530,GRAVADOR E TOCA-FITA,,32004,32004,32004,32004,Eletrodomesticos,1531,,,,
1995,15,QUADRO 15 - Despesas com Aquisição de Aparelhos e Máquinas de Uso Doméstico no Periodo de Referência de 6 Meses;,1531,1531,TOCA-DISCOS A LASER,,32004,32004,32004,32004,Eletrodomesticos,1532,,,,
1995,15,QUADRO 15 - Despesas com Aquisição de Aparelhos e Máquinas de Uso Doméstico no Periodo de Referência de 6 Meses;,1532,1532,RADIO PORTATIL,,32004,32004,32004,32004,Eletrodomesticos,1533,,,,
1995,15,QUADRO 15 - Despesas com Aquisição de Aparelhos e Máquinas de Uso Doméstico no Periodo de Referência de 6 Meses;,1533,1533,RADIO RELÓGIO OU DE MESA,,32004,32004,32004,32004,Eletrodomesticos,1534,,,,
1995,15,QUADRO 15 - Despesas com Aquisição de Aparelhos e Máquinas de Uso Doméstico no Periodo de Referência de 6 Meses;,1534,1534,AMPLIFICADOR,,32004,32004,32004,32004,Eletrodomesticos,1535,,,,
1995,15,QUADRO 15 - Despesas com Aquisição de Aparelhos e Máquinas de Uso Doméstico no Periodo de Referência de 6 Meses;,1535,1535,TAPE-DECK,,32004,32004,32004,32004,Eletrodomesticos,1536,,,,
1995,15,QUADRO 15 - Despesas com Aquisição de Aparelhos e Máquinas de Uso Doméstico no Periodo de Referência de 6 Meses;,1536,1536,TOCA-DISCOS DE AGULHA,,32004,32004,32004,32004,Eletrodomesticos,1537,,,,
1995,15,QUADRO 15 - Despesas com Aquisição de Aparelhos e Máquinas de Uso Doméstico no Periodo de Referência de 6 Meses;,1537,1537,VIDEOGAME E ACESSÓRIO,,32004,32004,32004,32004,Eletrodomesticos,1538,,,,
1995,15,QUADRO 15 - Despesas com Aquisição de Aparelhos e Máquinas de Uso Doméstico no Periodo de Referência de 6 Meses;,1538,1538,WALKMAN,,32004,32004,32004,32004,Eletrodomesticos,1539,,,,
1995,15,QUADRO 15 - Despesas com Aquisição de Aparelhos e Máquinas de Uso Doméstico no Periodo de Referência de 6 Meses;,1539,1539,AR CONDICIONADO,,32004,32004,32004,32004,Eletrodomesticos,1540,,,,
1995,15,QUADRO 15 - Despesas com Aquisição de Aparelhos e Máquinas de Uso Doméstico no Periodo de Referência de 6 Meses;,1540,1540,AQUECEDOR DE AR,,32004,32004,32004,32004,Eletrodomesticos,1541,,,,
1995,15,QUADRO 15 - Despesas com Aquisição de Aparelhos e Máquinas de Uso Doméstico no Periodo de Referência de 6 Meses;,1541,1541,CIRCULADOR DE AR,,32004,32004,32004,32004,Eletrodomesticos,1542,,,,
1995,15,QUADRO 15 - Despesas com Aquisição de Aparelhos e Máquinas de Uso Doméstico no Periodo de Referência de 6 Meses;,1542,1542,VENTILADOR,,32004,32004,32004,32004,Eletrodomesticos,1543,,,,
1995,15,QUADRO 15 - Despesas com Aquisição de Aparelhos e Máquinas de Uso Doméstico no Periodo de Referência de 6 Meses;,1543,1543,MÁQUINA DE COSTURA (A PEDAL),,32004,32004,32004,32004,Eletrodomesticos,1544,,,,
1995,15,QUADRO 15 - Despesas com Aquisição de Aparelhos e Máquinas de Uso Doméstico no Periodo de Referência de 6 Meses;,1544,1544,MÁQUINA DE COSTURA (ELÉTRICA),,32004,32004,32004,32004,Eletrodomesticos,1545,,,,
1995,15,QUADRO 15 - Despesas com Aquisição de Aparelhos e Máquinas de Uso Doméstico no Periodo de Referência de 6 Meses;,1545,1545,MÁQUINA DE TRICO,,32004,32004,32004,32004,Eletrodomesticos,1546,,,,
1995,15,QUADRO 15 - Despesas com Aquisição de Aparelhos e Máquinas de Uso Doméstico no Periodo de Referência de 6 Meses;,1546,1546,AQUECEDOR CENTRAL DE ÁGUA (ELÉTRICO),,32004,32004,32004,32004,Eletrodomesticos,1547,,,,
1995,15,QUADRO 15 - Despesas com Aquisição de Aparelhos e Máquinas de Uso Doméstico no Periodo de Referência de 6 Meses;,1547,1547,AQUECEDOR DE ÁGUA (A GÁS),,32004,32004,32004,32004,Eletrodomesticos,1548,,,,
1995,15,QUADRO 15 - Despesas com Aquisição de Aparelhos e Máquinas de Uso Doméstico no Periodo de Referência de 6 Meses;,1548,1548,BOMBA D'ÁGUA (A GÁS),,32004,32004,32004,32004,Eletrodomesticos,1549,,,,
1995,15,QUADRO 15 - Despesas com Aquisição de Aparelhos e Máquinas de Uso Doméstico no Periodo de Referência de 6 Meses;,1549,1549,CHUVEIRO OU DUCHA ELÉTRICOS,,32004,32004,32004,32004,Eletrodomesticos,1550,,,,
1995,15,QUADRO 15 - Despesas com Aquisição de Aparelhos e Máquinas de Uso Doméstico no Periodo de Referência de 6 Meses;,1550,1550,TORNEIRA ELÉTRICA,,32004,32004,32004,32004,Eletrodomesticos,1551,,,,
1995,15,QUADRO 15 - Despesas com Aquisição de Aparelhos e Máquinas de Uso Doméstico no Periodo de Referência de 6 Meses;,1551,1551,SECADOR E MODELADOR DE CABELOS,,32004,32004,32004,32004,Eletrodomesticos,1552,,,,
1995,15,QUADRO 15 - Despesas com Aquisição de Aparelhos e Máquinas de Uso Doméstico no Periodo de Referência de 6 Meses;,1552,1552,BARBEADOR ELÉTRICO,,32004,32004,32004,32004,Eletrodomesticos,1553,,,,
1995,15,QUADRO 15 - Despesas com Aquisição de Aparelhos e Máquinas de Uso Doméstico no Periodo de Referência de 6 Meses;,1553,1553,DEPILADOR ELÉTRICO,,32004,32004,32004,32004,Eletrodomesticos,1554,,,,
1995,15,QUADRO 15 - Despesas com Aquisição de Aparelhos e Máquinas de Uso Doméstico no Periodo de Referência de 6 Meses;,1554,1554,TELEFONE VIRTUAL (MENSAGENS EM VISOR),,32004,32004,32004,32004,Eletrodomesticos,1555,,,,
1995,15,QUADRO 15 - Despesas com Aquisição de Aparelhos e Máquinas de Uso Doméstico no Periodo de Referência de 6 Meses;,1555,1555,GERADOR,,32004,32004,32004,32004,Eletrodomesticos,1556,,,,
1995,15,QUADRO 15 - Despesas com Aquisição de Aparelhos e Máquinas de Uso Doméstico no Periodo de Referência de 6 Meses;,1556,1556,REGULADOR DE VOLTAGEM,,32004,32004,32004,32004,Eletrodomesticos,1557,,,,
1995,15,QUADRO 15 - Despesas com Aquisição de Aparelhos e Máquinas de Uso Doméstico no Periodo de Referência de 6 Meses;,1557,1557,RECEPTOR DE TV A CABO,,32004,32004,32004,32004,Eletrodomesticos,1558,,,,
1995,15,QUADRO 15 - Despesas com Aquisição de Aparelhos e Máquinas de Uso Doméstico no Periodo de Referência de 6 Meses;,1558,1558,CENTRIFUGA,,32004,32004,32004,32004,Eletrodomesticos,1559,,,,
1995,15,QUADRO 15 - Despesas com Aquisição de Aparelhos e Máquinas de Uso Doméstico no Periodo de Referência de 6 Meses;,1559,1559,TELEFONE RADIO-RELÓGIO,,32004,32004,32004,32004,Eletrodomesticos,1560,,,,
1995,15,QUADRO 15 - Despesas com Aquisição de Aparelhos e Máquinas de Uso Doméstico no Periodo de Referência de 6 Meses;,1560,1560,PRENSA DE PASSAR ROUPA (ELÉTRICA),,32004,32004,32004,32004,Eletrodomesticos,1561,,,,
1995,15,QUADRO 15 - Despesas com Aquisição de Aparelhos e Máquinas de Uso Doméstico no Periodo de Referência de 6 Meses;,1561,1561,PROCESSADOR DE ALIMENTOS (ELÉTRICA),,32004,32004,32004,32004,Eletrodomesticos,1562,,,,
1995,15,QUADRO 15 - Despesas com Aquisição de Aparelhos e Máquinas de Uso Doméstico no Periodo de Referência de 6 Meses;,1562,1562,MICROCOMPUTADOR,,32004,32004,32004,32004,Eletrodomesticos,1563,,,,
1995,15,QUADRO 15 - Despesas com Aquisição de Aparelhos e Máquinas de Uso Doméstico no Periodo de Referência de 6 Meses;,1563,1563,IOGURTEIRA,,32004,32004,32004,32004,Eletrodomesticos,1564,,,,
1995,15,QUADRO 15 - Despesas com Aquisição de Aparelhos e Máquinas de Uso Doméstico no Periodo de Referência de 6 Meses;,1564,1564,IMPRESSORA DE MICROCOMPUTADOR,,32004,32004,32004,32004,Eletrodomesticos,1565,,,,
1995,15,QUADRO 15 - Despesas com Aquisição de Aparelhos e Máquinas de Uso Doméstico no Periodo de Referência de 6 Meses;,1565,1565,TANQUE DE ROUPA ELÉTRICO,,32004,32004,32004,32004,Eletrodomesticos,1566,,,,
1995,15,QUADRO 15 - Despesas com Aquisição de Aparelhos e Máquinas de Uso Doméstico no Periodo de Referência de 6 Meses;,1566,1566,FORNO DE MICROONDAS,,32004,32004,32004,32004,Eletrodomesticos,1567,,,,
1995,15,QUADRO 15 - Despesas com Aquisição de Aparelhos e Máquinas de Uso Doméstico no Periodo de Referência de 6 Meses;,1567,1567,APARELHO DE FAX,,32004,32004,32004,32004,Eletrodomesticos,1568,,,,
1995,15,QUADRO 15 - Despesas com Aquisição de Aparelhos e Máquinas de Uso Doméstico no Periodo de Referência de 6 Meses;,1568,1568,FRITADEIRA ELÉTRICA,,32004,32004,32004,32004,Eletrodomesticos,1569,,,,
1995,15,QUADRO 15 - Despesas com Aquisição de Aparelhos e Máquinas de Uso Doméstico no Periodo de Referência de 6 Meses;,1569,1569,SELADORA,,32004,32004,32004,32004,Eletrodomesticos,1571,,,,
1995,15,QUADRO 15 - Despesas com Aquisição de Aparelhos e Máquinas de Uso Doméstico no Periodo de Referência de 6 Meses;,1571,1571,ESTERILIZADOR,,32004,32004,32004,32004,Eletrodomesticos,1572,,,,
1995,15,QUADRO 15 - Despesas com Aquisição de Aparelhos e Máquinas de Uso Doméstico no Periodo de Referência de 6 Meses;,1572,1572,TOUCA ELÉTRICA,,32004,32004,32004,32004,Eletrodomesticos,1573,,,,
1995,15,QUADRO 15 - Despesas com Aquisição de Aparelhos e Máquinas de Uso Doméstico no Periodo de Referência de 6 Meses;,1573,1573,MÁQUINA DE MOER CAFÉ (MANUAL),,32004,32004,32004,32004,Eletrodomesticos,1574,,,,
1995,15,QUADRO 15 - Despesas com Aquisição de Aparelhos e Máquinas de Uso Doméstico no Periodo de Referência de 6 Meses;,1574,1574,SECRETARIA ELETRÔNICA,,32004,32004,32004,32004,Eletrodomesticos,1575,,,,
1995,15,QUADRO 15 - Despesas com Aquisição de Aparelhos e Máquinas de Uso Doméstico no Periodo de Referência de 6 Meses;,1575,1575,TRITURADOR ELÉTRICO,,32004,32004,32004,32004,Eletrodomesticos,1577,,,,
1995,15,QUADRO 15 - Despesas com Aquisição de Aparelhos e Máquinas de Uso Doméstico no Periodo de Referência de 6 Meses;,1577,1577,"ALTO-FALANTE, TWEETHER, MEGAFONE, MICROFONE, ETC.",,32004,32004,32004,32004,Eletrodomesticos,1578,,,,
1995,15,QUADRO 15 - Despesas com Aquisição de Aparelhos e Máquinas de Uso Doméstico no Periodo de Referência de 6 Meses;,1578,1578,"CONTROLE REMOTO DE TV, SOM, VIDEOCASSETE",,32004,32004,32004,32004,Eletrodomesticos,1579,,,,
1995,15,QUADRO 15 - Despesas com Aquisição de Aparelhos e Máquinas de Uso Doméstico no Periodo de Referência de 6 Meses;,1579,1579,BABÁ ELETRÔNICA,,32004,32004,32004,32004,Eletrodomesticos,1580,,,,
1995,15,QUADRO 15 - Despesas com Aquisição de Aparelhos e Máquinas de Uso Doméstico no Periodo de Referência de 6 Meses;,1580,1580,SAUNA RESIDENCIAL,,32004,32004,32004,32004,Eletrodomesticos,1581,,,,
1995,15,QUADRO 15 - Despesas com Aquisição de Aparelhos e Máquinas de Uso Doméstico no Periodo de Referência de 6 Meses;,1581,1581,PIPOQUEIRA ELÉTRICA,,32004,32004,32004,32004,Eletrodomesticos,1583,,,,
1995,15,QUADRO 15 - Despesas com Aquisição de Aparelhos e Máquinas de Uso Doméstico no Periodo de Referência de 6 Meses;,1583,1583,SORVETEIRA ELÉTRICA,,,32004,32004,32004,Eletrodomesticos,1584,,,,
1995,15,QUADRO 15 - Despesas com Aquisição de Aparelhos e Máquinas de Uso Doméstico no Periodo de Referência de 6 Meses;,1584,1584,APARELHO PARA MASCARA FACIAL,,32004,32004,32004,32004,Eletrodomesticos,1585,,,,
1995,15,QUADRO 15 - Despesas com Aquisição de Aparelhos e Máquinas de Uso Doméstico no Periodo de Referência de 6 Meses;,1585,1585,FORNO A GÁS,,32004,32004,32004,32004,Eletrodomesticos,1586,,,,
1995,15,QUADRO 15 - Despesas com Aquisição de Aparelhos e Máquinas de Uso Doméstico no Periodo de Referência de 6 Meses;,1586,1586,MASSAGEADOR ELÉTRICO,,,32004,32004,32004,Eletrodomesticos,1587,,,,
1995,15,QUADRO 15 - Despesas com Aquisição de Aparelhos e Máquinas de Uso Doméstico no Periodo de Referência de 6 Meses;,1587,1587,WATER PEACH,,,32004,32004,32004,Eletrodomesticos,1588,,,,
1995,15,QUADRO 15 - Despesas com Aquisição de Aparelhos e Máquinas de Uso Doméstico no Periodo de Referência de 6 Meses;,1588,1588,CORTADOR DE FRIOS (ELÉTRICO),,,32004,32004,32004,Eletrodomesticos,1589,,,,
1995,15,QUADRO 15 - Despesas com Aquisição de Aparelhos e Máquinas de Uso Doméstico no Periodo de Referência de 6 Meses;,1589,1589,SANDUICHEIRA ELÉTRICA,,,32004,32004,32004,Eletrodomesticos,1590,,,,
1995,15,QUADRO 15 - Despesas com Aquisição de Aparelhos e Máquinas de Uso Doméstico no Periodo de Referência de 6 Meses;,1590,1590,VAPORIZADOR ELÉTRICO (INALADOR),,,32004,32004,32004,Eletrodomesticos,1591,,,,
1995,15,QUADRO 15 - Despesas com Aquisição de Aparelhos e Máquinas de Uso Doméstico no Periodo de Referência de 6 Meses;,1591,1591,TELEVISÃO E RADIO ACOPLADOS,,,32004,32004,32004,Eletrodomesticos,1592,,,,
1995,15,QUADRO 15 - Despesas com Aquisição de Aparelhos e Máquinas de Uso Doméstico no Periodo de Referência de 6 Meses;,1592,1592,RADIOTRANSMISSOR,,,32004,32004,32004,Eletrodomesticos,1593,,,,
1995,15,QUADRO 15 - Despesas com Aquisição de Aparelhos e Máquinas de Uso Doméstico no Periodo de Referência de 6 Meses;,1593,1593,TELEVISÃO E VIDEOCASSETE (ACOPLADOS),,,32004,32004,32004,Eletrodomesticos,1594,,,,
1995,15,QUADRO 15 - Despesas com Aquisição de Aparelhos e Máquinas de Uso Doméstico no Periodo de Referência de 6 Meses;,1594,1594,ANTENA PARABÓLICA E EQUIPAMENTOS,,,32004,32004,32004,Eletrodomesticos,1595,,,,
1995,15,QUADRO 15 - Despesas com Aquisição de Aparelhos e Máquinas de Uso Doméstico no Periodo de Referência de 6 Meses;,1595,1595,MICROSYSTEM (APARELHO DE SOM),,,32004,32004,32004,Eletrodomesticos,1596,,,,
1995,15,QUADRO 15 - Despesas com Aquisição de Aparelhos e Máquinas de Uso Doméstico no Periodo de Referência de 6 Meses;,1596,1596,WAPORETO,,,32004,32004,32004,Eletrodomesticos,1597,,,,
1995,15,QUADRO 15 - Despesas com Aquisição de Aparelhos e Máquinas de Uso Doméstico no Periodo de Referência de 6 Meses;,1597,1597,AGREGADO 7,,,,,32004,Eletrodomesticos,1600,,,,
1995,16,"QUADRO 16 - Despesas com Aquisição de Instrumentos e Acessórios Musicais e Fotográficos, Artigos para Acampamento, Máquinas de Escritório e Utilidades de Uso Doméstico no Período de Referência de 6 Meses;",1600,1600,"DESPESAS COM INSTRUMENTOS E ACESSORIOS MUSICAIS, FOTOGRAFIAS, MAQUINA DE ESCREVER E UTILIDADES DOMESTICAS",,38005,,38005,38005,Outras_recreacao_etc,1601,,,,
1995,16,"QUADRO 16 - Despesas com Aquisição de Instrumentos e Acessórios Musicais e Fotográficos, Artigos para Acampamento, Máquinas de Escritório e Utilidades de Uso Doméstico no Período de Referência de 6 Meses;",1601,1601,ACESSÓRIOS DE INSTRUMENTOS MUSICAIS,,38005,38005,38005,38005,Outras_recreacao_etc,1605,,,,
1995,16,"QUADRO 16 - Despesas com Aquisição de Instrumentos e Acessórios Musicais e Fotográficos, Artigos para Acampamento, Máquinas de Escritório e Utilidades de Uso Doméstico no Período de Referência de 6 Meses;",1605,1605,GUITARRA,,38005,38005,38005,38005,Outras_recreacao_etc,1606,,,,
1995,16,"QUADRO 16 - Despesas com Aquisição de Instrumentos e Acessórios Musicais e Fotográficos, Artigos para Acampamento, Máquinas de Escritório e Utilidades de Uso Doméstico no Período de Referência de 6 Meses;",1606,1606,PIANO,,38005,38005,38005,38005,Outras_recreacao_etc,1607,,,,
1995,16,"QUADRO 16 - Despesas com Aquisição de Instrumentos e Acessórios Musicais e Fotográficos, Artigos para Acampamento, Máquinas de Escritório e Utilidades de Uso Doméstico no Período de Referência de 6 Meses;",1607,1607,VIOLÃO,,38005,38005,38005,38005,Outras_recreacao_etc,1608,,,,
1995,16,"QUADRO 16 - Despesas com Aquisição de Instrumentos e Acessórios Musicais e Fotográficos, Artigos para Acampamento, Máquinas de Escritório e Utilidades de Uso Doméstico no Período de Referência de 6 Meses;",1608,1608,BINÓCULOS,,38005,38005,38005,38005,Outras_recreacao_etc,1609,,,,
1995,16,"QUADRO 16 - Despesas com Aquisição de Instrumentos e Acessórios Musicais e Fotográficos, Artigos para Acampamento, Máquinas de Escritório e Utilidades de Uso Doméstico no Período de Referência de 6 Meses;",1609,1609,FILMADORA,,32004,38005,32004,32004,Eletrodomesticos,1610,,,,
1995,16,"QUADRO 16 - Despesas com Aquisição de Instrumentos e Acessórios Musicais e Fotográficos, Artigos para Acampamento, Máquinas de Escritório e Utilidades de Uso Doméstico no Período de Referência de 6 Meses;",1610,1610,FLASH ELETRÔNICO,,32004,,32004,32004,Eletrodomesticos,1611,,,,
1995,16,"QUADRO 16 - Despesas com Aquisição de Instrumentos e Acessórios Musicais e Fotográficos, Artigos para Acampamento, Máquinas de Escritório e Utilidades de Uso Doméstico no Período de Referência de 6 Meses;",1611,1611,MÁQUINA FOTOGRAFICA,,32004,38005,32004,32004,Eletrodomesticos,1612,,,,
1995,16,"QUADRO 16 - Despesas com Aquisição de Instrumentos e Acessórios Musicais e Fotográficos, Artigos para Acampamento, Máquinas de Escritório e Utilidades de Uso Doméstico no Período de Referência de 6 Meses;",1612,1612,PROJETOR DE FILMES,,32004,,32004,32004,Eletrodomesticos,1613,,,,
1995,16,"QUADRO 16 - Despesas com Aquisição de Instrumentos e Acessórios Musicais e Fotográficos, Artigos para Acampamento, Máquinas de Escritório e Utilidades de Uso Doméstico no Período de Referência de 6 Meses;",1613,1613,PROJETOR DE SLIDES,,32004,,32004,32004,Eletrodomesticos,1614,,,,
1995,16,"QUADRO 16 - Despesas com Aquisição de Instrumentos e Acessórios Musicais e Fotográficos, Artigos para Acampamento, Máquinas de Escritório e Utilidades de Uso Doméstico no Período de Referência de 6 Meses;",1614,1614,CALCULADORA MECANICA,,32004,32004,32004,32004,Eletrodomesticos,1615,,,,
1995,16,"QUADRO 16 - Despesas com Aquisição de Instrumentos e Acessórios Musicais e Fotográficos, Artigos para Acampamento, Máquinas de Escritório e Utilidades de Uso Doméstico no Período de Referência de 6 Meses;",1615,1615,CALCULADORA E AGENDA ELETRÔNICA,,32004,32004,32004,32004,Eletrodomesticos,1616,,,,
1995,16,"QUADRO 16 - Despesas com Aquisição de Instrumentos e Acessórios Musicais e Fotográficos, Artigos para Acampamento, Máquinas de Escritório e Utilidades de Uso Doméstico no Período de Referência de 6 Meses;",1616,1616,MÁQUINA DE ESCREVER (MECÂNICA),,32004,32004,32004,32004,Eletrodomesticos,1617,,,,
1995,16,"QUADRO 16 - Despesas com Aquisição de Instrumentos e Acessórios Musicais e Fotográficos, Artigos para Acampamento, Máquinas de Escritório e Utilidades de Uso Doméstico no Período de Referência de 6 Meses;",1617,1617,MÁQUINA DE ESCREVER (ELÉTRICA),,32004,32004,32004,32004,Eletrodomesticos,1618,,,,
1995,16,"QUADRO 16 - Despesas com Aquisição de Instrumentos e Acessórios Musicais e Fotográficos, Artigos para Acampamento, Máquinas de Escritório e Utilidades de Uso Doméstico no Período de Referência de 6 Meses;",1618,1618,BARRACA DE ACAMPAMENTO,,38005,38005,38005,38005,Outras_recreacao_etc,1619,,,,
1995,16,"QUADRO 16 - Despesas com Aquisição de Instrumentos e Acessórios Musicais e Fotográficos, Artigos para Acampamento, Máquinas de Escritório e Utilidades de Uso Doméstico no Período de Referência de 6 Meses;",1619,1619,CHURRASQUEIRA,,32003,32003,32003,32003,Mobiliarios_e_artigos_do_lar,1620,,,,
1995,16,"QUADRO 16 - Despesas com Aquisição de Instrumentos e Acessórios Musicais e Fotográficos, Artigos para Acampamento, Máquinas de Escritório e Utilidades de Uso Doméstico no Período de Referência de 6 Meses;",1620,1620,FOGAREIRO,,32003,,32003,32003,Mobiliarios_e_artigos_do_lar,1621,,,,
1995,16,"QUADRO 16 - Despesas com Aquisição de Instrumentos e Acessórios Musicais e Fotográficos, Artigos para Acampamento, Máquinas de Escritório e Utilidades de Uso Doméstico no Período de Referência de 6 Meses;",1621,1621,LAMPIÃO,,32003,32003,32003,32003,Mobiliarios_e_artigos_do_lar,1622,,,,
1995,16,"QUADRO 16 - Despesas com Aquisição de Instrumentos e Acessórios Musicais e Fotográficos, Artigos para Acampamento, Máquinas de Escritório e Utilidades de Uso Doméstico no Período de Referência de 6 Meses;",1622,1622,APARELHO DE CHÁ OU CAFÉ,,32003,32003,32003,32003,Mobiliarios_e_artigos_do_lar,1623,,,,
1995,16,"QUADRO 16 - Despesas com Aquisição de Instrumentos e Acessórios Musicais e Fotográficos, Artigos para Acampamento, Máquinas de Escritório e Utilidades de Uso Doméstico no Período de Referência de 6 Meses;",1623,1623,APARELHO DE JANTAR,,32003,32003,32003,32003,Mobiliarios_e_artigos_do_lar,1624,,,,
1995,16,"QUADRO 16 - Despesas com Aquisição de Instrumentos e Acessórios Musicais e Fotográficos, Artigos para Acampamento, Máquinas de Escritório e Utilidades de Uso Doméstico no Período de Referência de 6 Meses;",1624,1624,BAIXELA,,32003,32003,32003,32003,Mobiliarios_e_artigos_do_lar,1625,,,,
1995,16,"QUADRO 16 - Despesas com Aquisição de Instrumentos e Acessórios Musicais e Fotográficos, Artigos para Acampamento, Máquinas de Escritório e Utilidades de Uso Doméstico no Período de Referência de 6 Meses;",1625,1625,BATERIA DE COZINHA,,32003,32003,32003,32003,Mobiliarios_e_artigos_do_lar,1626,,,,
1995,16,"QUADRO 16 - Despesas com Aquisição de Instrumentos e Acessórios Musicais e Fotográficos, Artigos para Acampamento, Máquinas de Escritório e Utilidades de Uso Doméstico no Período de Referência de 6 Meses;",1626,1626,FAQUEIRO,,32003,32003,32003,32003,Mobiliarios_e_artigos_do_lar,1627,,,,
1995,16,"QUADRO 16 - Despesas com Aquisição de Instrumentos e Acessórios Musicais e Fotográficos, Artigos para Acampamento, Máquinas de Escritório e Utilidades de Uso Doméstico no Período de Referência de 6 Meses;",1627,1627,CONJUNTO COMPLETO DE COPOS,,32003,32003,32003,32003,Mobiliarios_e_artigos_do_lar,1628,,,,
1995,16,"QUADRO 16 - Despesas com Aquisição de Instrumentos e Acessórios Musicais e Fotográficos, Artigos para Acampamento, Máquinas de Escritório e Utilidades de Uso Doméstico no Período de Referência de 6 Meses;",1628,1628,CONJUNTO DE LATAS DE MANTIMENTOS OU CONDIMENTOS,,32003,32003,32003,32003,Mobiliarios_e_artigos_do_lar,1629,,,,
1995,16,"QUADRO 16 - Despesas com Aquisição de Instrumentos e Acessórios Musicais e Fotográficos, Artigos para Acampamento, Máquinas de Escritório e Utilidades de Uso Doméstico no Período de Referência de 6 Meses;",1629,1629,FILTRO DE ÁGUA,,32003,32003,32003,32003,Mobiliarios_e_artigos_do_lar,1630,,,,
1995,16,"QUADRO 16 - Despesas com Aquisição de Instrumentos e Acessórios Musicais e Fotográficos, Artigos para Acampamento, Máquinas de Escritório e Utilidades de Uso Doméstico no Período de Referência de 6 Meses;",1630,1630,FERRAMENTAS EM GERAL,,32003,32003,32003,32003,Mobiliarios_e_artigos_do_lar,1631,,,,
1995,16,"QUADRO 16 - Despesas com Aquisição de Instrumentos e Acessórios Musicais e Fotográficos, Artigos para Acampamento, Máquinas de Escritório e Utilidades de Uso Doméstico no Período de Referência de 6 Meses;",1631,1631,ACENDEDOR ELETRÔNICO,,32003,32004,32003,32003,Mobiliarios_e_artigos_do_lar,1632,,,,
1995,16,"QUADRO 16 - Despesas com Aquisição de Instrumentos e Acessórios Musicais e Fotográficos, Artigos para Acampamento, Máquinas de Escritório e Utilidades de Uso Doméstico no Período de Referência de 6 Meses;",1632,1632,MÁQUINA DE COSTURA (MANUAL),,32003,32004,32003,32003,Mobiliarios_e_artigos_do_lar,1633,,,,
1995,16,"QUADRO 16 - Despesas com Aquisição de Instrumentos e Acessórios Musicais e Fotográficos, Artigos para Acampamento, Máquinas de Escritório e Utilidades de Uso Doméstico no Período de Referência de 6 Meses;",1633,1633,HADFONE,,32004,32004,32004,32004,Eletrodomesticos,1634,,,,
1995,16,"QUADRO 16 - Despesas com Aquisição de Instrumentos e Acessórios Musicais e Fotográficos, Artigos para Acampamento, Máquinas de Escritório e Utilidades de Uso Doméstico no Período de Referência de 6 Meses;",1634,1634,"FURADEIRA, LIXADEIRA, ESMERILHADORA, SERRA ELÉTRICA",,32004,32004,32004,32004,Eletrodomesticos,1635,,,,
1995,16,"QUADRO 16 - Despesas com Aquisição de Instrumentos e Acessórios Musicais e Fotográficos, Artigos para Acampamento, Máquinas de Escritório e Utilidades de Uso Doméstico no Período de Referência de 6 Meses;",1635,1635,MÁQUINA DE PRESSÃO PARA BOTÃO,,32003,32003,32003,32003,Mobiliarios_e_artigos_do_lar,1636,,,,
1995,16,"QUADRO 16 - Despesas com Aquisição de Instrumentos e Acessórios Musicais e Fotográficos, Artigos para Acampamento, Máquinas de Escritório e Utilidades de Uso Doméstico no Período de Referência de 6 Meses;",1636,1636,MÁQUINA DE MOER CARNE (MANUAL),,32003,32003,32003,32003,Mobiliarios_e_artigos_do_lar,1637,,,,
1995,16,"QUADRO 16 - Despesas com Aquisição de Instrumentos e Acessórios Musicais e Fotográficos, Artigos para Acampamento, Máquinas de Escritório e Utilidades de Uso Doméstico no Período de Referência de 6 Meses;",1637,1637,EQUALIZADOR,,32003,32004,32003,32003,Mobiliarios_e_artigos_do_lar,1638,,,,
1995,16,"QUADRO 16 - Despesas com Aquisição de Instrumentos e Acessórios Musicais e Fotográficos, Artigos para Acampamento, Máquinas de Escritório e Utilidades de Uso Doméstico no Período de Referência de 6 Meses;",1638,1638,APARELHO TELEFÔNICO (NÃO CELULAR),,32004,32004,32004,32004,Eletrodomesticos,1639,,,,
1995,16,"QUADRO 16 - Despesas com Aquisição de Instrumentos e Acessórios Musicais e Fotográficos, Artigos para Acampamento, Máquinas de Escritório e Utilidades de Uso Doméstico no Período de Referência de 6 Meses;",1639,1639,LINHA TELEFÔNICA (RESIDENCIAL),,32004,42003,32004,32004,Eletrodomesticos,1640,,,,
1995,16,"QUADRO 16 - Despesas com Aquisição de Instrumentos e Acessórios Musicais e Fotográficos, Artigos para Acampamento, Máquinas de Escritório e Utilidades de Uso Doméstico no Período de Referência de 6 Meses;",1640,1640,COMPRA E TRATAMENTO DE ANIMAIS DOMÉSTICOS,,40006,40006,40006,40006,Outras_despesas_diversas,1641,,,,
1995,16,"QUADRO 16 - Despesas com Aquisição de Instrumentos e Acessórios Musicais e Fotográficos, Artigos para Acampamento, Máquinas de Escritório e Utilidades de Uso Doméstico no Período de Referência de 6 Meses;",1641,1641,CARRINHO DE FEIRA,,32003,32003,32003,32003,Mobiliarios_e_artigos_do_lar,1642,,,,
1995,16,"QUADRO 16 - Despesas com Aquisição de Instrumentos e Acessórios Musicais e Fotográficos, Artigos para Acampamento, Máquinas de Escritório e Utilidades de Uso Doméstico no Período de Referência de 6 Meses;",1642,1642,SECADOR DE ROUPA,,32003,32003,32003,32003,Mobiliarios_e_artigos_do_lar,1643,,,,
1995,16,"QUADRO 16 - Despesas com Aquisição de Instrumentos e Acessórios Musicais e Fotográficos, Artigos para Acampamento, Máquinas de Escritório e Utilidades de Uso Doméstico no Período de Referência de 6 Meses;",1643,1643,ORGÃO E TECLADO,,38005,38005,38005,38005,Outras_recreacao_etc,1644,,,,
1995,16,"QUADRO 16 - Despesas com Aquisição de Instrumentos e Acessórios Musicais e Fotográficos, Artigos para Acampamento, Máquinas de Escritório e Utilidades de Uso Doméstico no Período de Referência de 6 Meses;",1644,1644,ESCADA,,32003,32003,32003,32003,Mobiliarios_e_artigos_do_lar,1645,,,,
1995,16,"QUADRO 16 - Despesas com Aquisição de Instrumentos e Acessórios Musicais e Fotográficos, Artigos para Acampamento, Máquinas de Escritório e Utilidades de Uso Doméstico no Período de Referência de 6 Meses;",1645,1645,LANTERNA DE PILHA,,32003,32003,32003,32003,Mobiliarios_e_artigos_do_lar,1646,,,,
1995,16,"QUADRO 16 - Despesas com Aquisição de Instrumentos e Acessórios Musicais e Fotográficos, Artigos para Acampamento, Máquinas de Escritório e Utilidades de Uso Doméstico no Período de Referência de 6 Meses;",1646,1646,MANGUEIRA DE BORRACHA OU PLÁSTICO,,32003,,32003,32003,Mobiliarios_e_artigos_do_lar,1647,,,,
1995,16,"QUADRO 16 - Despesas com Aquisição de Instrumentos e Acessórios Musicais e Fotográficos, Artigos para Acampamento, Máquinas de Escritório e Utilidades de Uso Doméstico no Período de Referência de 6 Meses;",1647,1647,TÁBUA DE PASSAR ROUPA,,32003,32003,32003,32003,Mobiliarios_e_artigos_do_lar,1648,,,,
1995,16,"QUADRO 16 - Despesas com Aquisição de Instrumentos e Acessórios Musicais e Fotográficos, Artigos para Acampamento, Máquinas de Escritório e Utilidades de Uso Doméstico no Período de Referência de 6 Meses;",1648,1648,INTERFONE,,32004,32004,32004,32004,Eletrodomesticos,1649,,,,
1995,16,"QUADRO 16 - Despesas com Aquisição de Instrumentos e Acessórios Musicais e Fotográficos, Artigos para Acampamento, Máquinas de Escritório e Utilidades de Uso Doméstico no Período de Referência de 6 Meses;",1649,1649,MÁQUINA AGRÍCOLA DE PEQUENO PORTE,,32003,32004,32003,32003,Mobiliarios_e_artigos_do_lar,1650,,,,
1995,16,"QUADRO 16 - Despesas com Aquisição de Instrumentos e Acessórios Musicais e Fotográficos, Artigos para Acampamento, Máquinas de Escritório e Utilidades de Uso Doméstico no Período de Referência de 6 Meses;",1650,1650,GELÁGUA (PARA GARRAFÃO D'ÁGUA),,32003,32004,32003,32003,Mobiliarios_e_artigos_do_lar,1651,,,,
1995,16,"QUADRO 16 - Despesas com Aquisição de Instrumentos e Acessórios Musicais e Fotográficos, Artigos para Acampamento, Máquinas de Escritório e Utilidades de Uso Doméstico no Período de Referência de 6 Meses;",1651,1651,LUNETA,,32003,,32003,32003,Mobiliarios_e_artigos_do_lar,1652,,,,
1995,16,"QUADRO 16 - Despesas com Aquisição de Instrumentos e Acessórios Musicais e Fotográficos, Artigos para Acampamento, Máquinas de Escritório e Utilidades de Uso Doméstico no Período de Referência de 6 Meses;",1652,1652,VIBRADOR,,32004,32004,32004,32004,Eletrodomesticos,1653,,,,
1995,16,"QUADRO 16 - Despesas com Aquisição de Instrumentos e Acessórios Musicais e Fotográficos, Artigos para Acampamento, Máquinas de Escritório e Utilidades de Uso Doméstico no Período de Referência de 6 Meses;",1653,1653,CONJUNTO PARA SORVETE,,32003,,32003,32003,Mobiliarios_e_artigos_do_lar,1654,,,,
1995,16,"QUADRO 16 - Despesas com Aquisição de Instrumentos e Acessórios Musicais e Fotográficos, Artigos para Acampamento, Máquinas de Escritório e Utilidades de Uso Doméstico no Período de Referência de 6 Meses;",1654,1654,CONJUNTO DE SALADEIRAS,,32003,,32003,32003,Mobiliarios_e_artigos_do_lar,1655,,,,
1995,16,"QUADRO 16 - Despesas com Aquisição de Instrumentos e Acessórios Musicais e Fotográficos, Artigos para Acampamento, Máquinas de Escritório e Utilidades de Uso Doméstico no Período de Referência de 6 Meses;",1655,1655,CONJUNTO DE FORMAS DE BARQUETE,,32003,,32003,32003,Mobiliarios_e_artigos_do_lar,1656,,,,
1995,16,"QUADRO 16 - Despesas com Aquisição de Instrumentos e Acessórios Musicais e Fotográficos, Artigos para Acampamento, Máquinas de Escritório e Utilidades de Uso Doméstico no Período de Referência de 6 Meses;",1656,1656,CONJUNTO DE PANELAS DE BARRO,,32003,,32003,32003,Mobiliarios_e_artigos_do_lar,1657,,,,
1995,16,"QUADRO 16 - Despesas com Aquisição de Instrumentos e Acessórios Musicais e Fotográficos, Artigos para Acampamento, Máquinas de Escritório e Utilidades de Uso Doméstico no Período de Referência de 6 Meses;",1657,1657,BALANÇA PARA PESSOA,,32004,32004,32004,32004,Eletrodomesticos,1658,,,,
1995,16,"QUADRO 16 - Despesas com Aquisição de Instrumentos e Acessórios Musicais e Fotográficos, Artigos para Acampamento, Máquinas de Escritório e Utilidades de Uso Doméstico no Período de Referência de 6 Meses;",1658,1658,FOTOCOPIADORA,,32004,,32004,32004,Eletrodomesticos,1659,,,,
1995,16,"QUADRO 16 - Despesas com Aquisição de Instrumentos e Acessórios Musicais e Fotográficos, Artigos para Acampamento, Máquinas de Escritório e Utilidades de Uso Doméstico no Período de Referência de 6 Meses;",1659,1659,ANTENA DE RÁDIO (EXCETO DE VEÍCULO),,32003,,32003,32003,Mobiliarios_e_artigos_do_lar,1660,,,,
1995,16,"QUADRO 16 - Despesas com Aquisição de Instrumentos e Acessórios Musicais e Fotográficos, Artigos para Acampamento, Máquinas de Escritório e Utilidades de Uso Doméstico no Período de Referência de 6 Meses;",1660,1660,AQUECEDOR DE MAMADEIRA (ELÉTRICO),,32003,32004,32003,32003,Mobiliarios_e_artigos_do_lar,1661,,,,
1995,16,"QUADRO 16 - Despesas com Aquisição de Instrumentos e Acessórios Musicais e Fotográficos, Artigos para Acampamento, Máquinas de Escritório e Utilidades de Uso Doméstico no Período de Referência de 6 Meses;",1661,1661,APARELHO PARA MASSA (CILINDROS),,32003,32004,32003,32003,Mobiliarios_e_artigos_do_lar,1662,,,,
1995,16,"QUADRO 16 - Despesas com Aquisição de Instrumentos e Acessórios Musicais e Fotográficos, Artigos para Acampamento, Máquinas de Escritório e Utilidades de Uso Doméstico no Período de Referência de 6 Meses;",1662,1662,RELÓGIO DESPERTADOR,,32003,32003,32003,32003,Mobiliarios_e_artigos_do_lar,1663,,,,
1995,16,"QUADRO 16 - Despesas com Aquisição de Instrumentos e Acessórios Musicais e Fotográficos, Artigos para Acampamento, Máquinas de Escritório e Utilidades de Uso Doméstico no Período de Referência de 6 Meses;",1663,1663,ELIMINADOR DE PILHAS,,32003,32004,32003,32003,Mobiliarios_e_artigos_do_lar,1664,,,,
1995,16,"QUADRO 16 - Despesas com Aquisição de Instrumentos e Acessórios Musicais e Fotográficos, Artigos para Acampamento, Máquinas de Escritório e Utilidades de Uso Doméstico no Período de Referência de 6 Meses;",1664,1664,CONJUNTO DE BALDES (QUALQUER MATERIAL),,32003,,32003,32003,Mobiliarios_e_artigos_do_lar,1665,,,,
1995,16,"QUADRO 16 - Despesas com Aquisição de Instrumentos e Acessórios Musicais e Fotográficos, Artigos para Acampamento, Máquinas de Escritório e Utilidades de Uso Doméstico no Período de Referência de 6 Meses;",1665,1665,AQUECEDOR DE ÁGUA (ELÉTRICO),,32003,32004,32003,32003,Mobiliarios_e_artigos_do_lar,1666,,,,
1995,16,"QUADRO 16 - Despesas com Aquisição de Instrumentos e Acessórios Musicais e Fotográficos, Artigos para Acampamento, Máquinas de Escritório e Utilidades de Uso Doméstico no Período de Referência de 6 Meses;",1666,1666,CONJUNTO DE BACIAS DE ALUMÍNIO,,32003,,32003,32003,Mobiliarios_e_artigos_do_lar,1667,,,,
1995,16,"QUADRO 16 - Despesas com Aquisição de Instrumentos e Acessórios Musicais e Fotográficos, Artigos para Acampamento, Máquinas de Escritório e Utilidades de Uso Doméstico no Período de Referência de 6 Meses;",1667,1667,CONJUNTO PLASTICO DE MANTIMENTOS OU CONDIMENTOS,,32003,,32003,32003,Mobiliarios_e_artigos_do_lar,1668,,,,
1995,16,"QUADRO 16 - Despesas com Aquisição de Instrumentos e Acessórios Musicais e Fotográficos, Artigos para Acampamento, Máquinas de Escritório e Utilidades de Uso Doméstico no Período de Referência de 6 Meses;",1668,1668,CONJUNTO COMPOTEIRAS,,32003,,32003,32003,Mobiliarios_e_artigos_do_lar,1669,,,,
1995,16,"QUADRO 16 - Despesas com Aquisição de Instrumentos e Acessórios Musicais e Fotográficos, Artigos para Acampamento, Máquinas de Escritório e Utilidades de Uso Doméstico no Período de Referência de 6 Meses;",1669,1669,CAMPAINHA MUSICAL,,32004,32004,32004,32004,Eletrodomesticos,1670,,,,
1995,16,"QUADRO 16 - Despesas com Aquisição de Instrumentos e Acessórios Musicais e Fotográficos, Artigos para Acampamento, Máquinas de Escritório e Utilidades de Uso Doméstico no Período de Referência de 6 Meses;",1670,1670,BALANÇA PARA ALIMENTOS,,32003,32003,32003,32003,Mobiliarios_e_artigos_do_lar,1671,,,,
1995,16,"QUADRO 16 - Despesas com Aquisição de Instrumentos e Acessórios Musicais e Fotográficos, Artigos para Acampamento, Máquinas de Escritório e Utilidades de Uso Doméstico no Período de Referência de 6 Meses;",1671,1671,ARTIGOS DE LONA OU PLÁSTICOS PAPA ACAMPAMENTO,,38005,38005,38005,38005,Outras_recreacao_etc,1672,,,,
1995,16,"QUADRO 16 - Despesas com Aquisição de Instrumentos e Acessórios Musicais e Fotográficos, Artigos para Acampamento, Máquinas de Escritório e Utilidades de Uso Doméstico no Período de Referência de 6 Meses;",1672,1672,TELEFONE CELULAR,,38002,38002,38002,38002,Celular_e_acessorios,1673,,,,
1995,16,"QUADRO 16 - Despesas com Aquisição de Instrumentos e Acessórios Musicais e Fotográficos, Artigos para Acampamento, Máquinas de Escritório e Utilidades de Uso Doméstico no Período de Referência de 6 Meses;",1673,1673,RAMAL TELEFÔNICO (LINHA COMUNITÁRIA),,32003,42003,32003,32003,Mobiliarios_e_artigos_do_lar,1674,,,,
1995,16,"QUADRO 16 - Despesas com Aquisição de Instrumentos e Acessórios Musicais e Fotográficos, Artigos para Acampamento, Máquinas de Escritório e Utilidades de Uso Doméstico no Período de Referência de 6 Meses;",1674,1674,CONJUNTO DE MARMITAS,,32003,,32003,32003,Mobiliarios_e_artigos_do_lar,1675,,,,
1995,16,"QUADRO 16 - Despesas com Aquisição de Instrumentos e Acessórios Musicais e Fotográficos, Artigos para Acampamento, Máquinas de Escritório e Utilidades de Uso Doméstico no Período de Referência de 6 Meses;",1675,1675,LAVA A JATO,,32003,,32003,32003,Mobiliarios_e_artigos_do_lar,1676,,,,
1995,16,"QUADRO 16 - Despesas com Aquisição de Instrumentos e Acessórios Musicais e Fotográficos, Artigos para Acampamento, Máquinas de Escritório e Utilidades de Uso Doméstico no Período de Referência de 6 Meses;",1676,1676,TELÃO,,32004,32004,32004,32004,Eletrodomesticos,1677,,,,
1995,16,"QUADRO 16 - Despesas com Aquisição de Instrumentos e Acessórios Musicais e Fotográficos, Artigos para Acampamento, Máquinas de Escritório e Utilidades de Uso Doméstico no Período de Referência de 6 Meses;",1677,1677,BATERIA DE TELEFONE CELULAR,,32004,38002,32004,32004,Eletrodomesticos,1678,,,,
1995,16,"QUADRO 16 - Despesas com Aquisição de Instrumentos e Acessórios Musicais e Fotográficos, Artigos para Acampamento, Máquinas de Escritório e Utilidades de Uso Doméstico no Período de Referência de 6 Meses;",1678,1678,MICROSCÓPIO (HOBBY),,38005,38005,38005,38005,Outras_recreacao_etc,1679,,,,
1995,16,"QUADRO 16 - Despesas com Aquisição de Instrumentos e Acessórios Musicais e Fotográficos, Artigos para Acampamento, Máquinas de Escritório e Utilidades de Uso Doméstico no Período de Referência de 6 Meses;",1679,1679,CONJUNTO DE FORMAS PIREX,,32003,,32003,32003,Mobiliarios_e_artigos_do_lar,1680,,,,
1995,16,"QUADRO 16 - Despesas com Aquisição de Instrumentos e Acessórios Musicais e Fotográficos, Artigos para Acampamento, Máquinas de Escritório e Utilidades de Uso Doméstico no Período de Referência de 6 Meses;",1680,1680,MÁQUINA DE SOLDA ELÉTRICA,,32004,,32004,32004,Eletrodomesticos,1682,,,,
1995,16,"QUADRO 16 - Despesas com Aquisição de Instrumentos e Acessórios Musicais e Fotográficos, Artigos para Acampamento, Máquinas de Escritório e Utilidades de Uso Doméstico no Período de Referência de 6 Meses;",1682,1682,CAFETEIRA (EXCETO ELÉTRICA),,32003,32003,32003,32003,Mobiliarios_e_artigos_do_lar,1683,,,,
1995,16,"QUADRO 16 - Despesas com Aquisição de Instrumentos e Acessórios Musicais e Fotográficos, Artigos para Acampamento, Máquinas de Escritório e Utilidades de Uso Doméstico no Período de Referência de 6 Meses;",1683,1683,"CONJUNTO DE FORMAS PARA TORTA, BOLO",,32003,,32003,32003,Mobiliarios_e_artigos_do_lar,1684,,,,
1995,16,"QUADRO 16 - Despesas com Aquisição de Instrumentos e Acessórios Musicais e Fotográficos, Artigos para Acampamento, Máquinas de Escritório e Utilidades de Uso Doméstico no Período de Referência de 6 Meses;",1684,1684,MATERIAL OU INSTRUMENTO PARA REVELAÇÃO FOTOGRAFICA (HOBBY),,32003,,32003,32003,Mobiliarios_e_artigos_do_lar,1688,,,,
1995,16,"QUADRO 16 - Despesas com Aquisição de Instrumentos e Acessórios Musicais e Fotográficos, Artigos para Acampamento, Máquinas de Escritório e Utilidades de Uso Doméstico no Período de Referência de 6 Meses;",1688,1688,JOGO DE FACAS,,32003,,32003,32003,Mobiliarios_e_artigos_do_lar,1689,,,,
1995,16,"QUADRO 16 - Despesas com Aquisição de Instrumentos e Acessórios Musicais e Fotográficos, Artigos para Acampamento, Máquinas de Escritório e Utilidades de Uso Doméstico no Período de Referência de 6 Meses;",1689,1689,AGREGADO 8,,,32003,32003,32003,Mobiliarios_e_artigos_do_lar,1690,,,,
1995,16,"QUADRO 16 - Despesas com Aquisição de Instrumentos e Acessórios Musicais e Fotográficos, Artigos para Acampamento, Máquinas de Escritório e Utilidades de Uso Doméstico no Período de Referência de 6 Meses;",1690,1690,"OUTROS INSTRUMENTOS MUSICAIS (ACORDEÃO, FLAUTA, GAITA, BATERIA, CONTRABAIXO, ETC.)",,,38005,38005,38005,Outras_recreacao_etc,1691,,,,
1995,16,"QUADRO 16 - Despesas com Aquisição de Instrumentos e Acessórios Musicais e Fotográficos, Artigos para Acampamento, Máquinas de Escritório e Utilidades de Uso Doméstico no Período de Referência de 6 Meses;",1691,1691,CONJUNTO DE ESPETOS,,,,,32003,Mobiliarios_e_artigos_do_lar,1692,,,,
1995,16,"QUADRO 16 - Despesas com Aquisição de Instrumentos e Acessórios Musicais e Fotográficos, Artigos para Acampamento, Máquinas de Escritório e Utilidades de Uso Doméstico no Período de Referência de 6 Meses;",1692,1692,CONJUNTO DE TRAVESSAS REFRATARIAS PARA MICROONDAS,,,,,32003,Mobiliarios_e_artigos_do_lar,1693,,,,
1995,16,"QUADRO 16 - Despesas com Aquisição de Instrumentos e Acessórios Musicais e Fotográficos, Artigos para Acampamento, Máquinas de Escritório e Utilidades de Uso Doméstico no Período de Referência de 6 Meses;",1693,1693,BINA (IDENTIFICADOR DE TELEFONE),,,32004,32004,32004,Eletrodomesticos,1694,,,,
1995,16,"QUADRO 16 - Despesas com Aquisição de Instrumentos e Acessórios Musicais e Fotográficos, Artigos para Acampamento, Máquinas de Escritório e Utilidades de Uso Doméstico no Período de Referência de 6 Meses;",1694,1694,COFRE,,,,,32003,Mobiliarios_e_artigos_do_lar,1695,,,,
1995,16,"QUADRO 16 - Despesas com Aquisição de Instrumentos e Acessórios Musicais e Fotográficos, Artigos para Acampamento, Máquinas de Escritório e Utilidades de Uso Doméstico no Período de Referência de 6 Meses;",1695,1695,EXTINTOR DE INCÊNDIO,,,,,32003,Mobiliarios_e_artigos_do_lar,1696,,,,
1995,16,"QUADRO 16 - Despesas com Aquisição de Instrumentos e Acessórios Musicais e Fotográficos, Artigos para Acampamento, Máquinas de Escritório e Utilidades de Uso Doméstico no Período de Referência de 6 Meses;",1696,1696,APARELHO PARA FONDUE,,,32004,32004,32004,Eletrodomesticos,1697,,,,
1995,16,"QUADRO 16 - Despesas com Aquisição de Instrumentos e Acessórios Musicais e Fotográficos, Artigos para Acampamento, Máquinas de Escritório e Utilidades de Uso Doméstico no Período de Referência de 6 Meses;",1697,1697,LINHA TELEFÔNICA (MÓVEL OU CELULAR),,,32004,32004,32004,Eletrodomesticos,1700,,,,
1995,17,QUADRO 17 - Despesas com Aquisição de Móveis no Período de Referência de 6 Meses;,1700,1700,DESPESAS COM AQUISIÇÃO DE MOVEIS,,32003,,32003,32003,Mobiliarios_e_artigos_do_lar,1701,,,,
1995,17,QUADRO 17 - Despesas com Aquisição de Móveis no Período de Referência de 6 Meses;,1701,1701,ARCA COM OU SEM VITRINA OU ORATÓRIO,,32003,32003,32003,32003,Mobiliarios_e_artigos_do_lar,1702,,,,
1995,17,QUADRO 17 - Despesas com Aquisição de Móveis no Período de Referência de 6 Meses;,1702,1702,CADEIRA (SALA),,32003,32003,32003,32003,Mobiliarios_e_artigos_do_lar,1703,,,,
1995,17,QUADRO 17 - Despesas com Aquisição de Móveis no Período de Referência de 6 Meses;,1703,1703,CARRINHO DE CHÁ OU BEBIDAS,,32003,32003,32003,32003,Mobiliarios_e_artigos_do_lar,1704,,,,
1995,17,QUADRO 17 - Despesas com Aquisição de Móveis no Período de Referência de 6 Meses;,1704,1704,CRISTALEIRA OU VITRINE,,32003,32003,32003,32003,Mobiliarios_e_artigos_do_lar,1705,,,,
1995,17,QUADRO 17 - Despesas com Aquisição de Móveis no Período de Referência de 6 Meses;,1705,1705,CONJUNTO ESTOFADO,,32003,32003,32003,32003,Mobiliarios_e_artigos_do_lar,1706,,,,
1995,17,QUADRO 17 - Despesas com Aquisição de Móveis no Período de Referência de 6 Meses;,1706,1706,CONJUNTO ESTOFADO E MESINHA,,32003,32003,32003,32003,Mobiliarios_e_artigos_do_lar,1707,,,,
1995,17,QUADRO 17 - Despesas com Aquisição de Móveis no Período de Referência de 6 Meses;,1707,1707,ESTANTE,,32003,32003,32003,32003,Mobiliarios_e_artigos_do_lar,1708,,,,
1995,17,QUADRO 17 - Despesas com Aquisição de Móveis no Período de Referência de 6 Meses;,1708,1708,MESA E CADEIRA (SALA),,32003,32003,32003,32003,Mobiliarios_e_artigos_do_lar,1709,,,,
1995,17,QUADRO 17 - Despesas com Aquisição de Móveis no Período de Referência de 6 Meses;,1709,1709,POLTRONA,,32003,32003,32003,32003,Mobiliarios_e_artigos_do_lar,1710,,,,
1995,17,QUADRO 17 - Despesas com Aquisição de Móveis no Período de Referência de 6 Meses;,1710,1710,SOFÁ OU SOFÁ CAMA,,32003,32003,32003,32003,Mobiliarios_e_artigos_do_lar,1711,,,,
1995,17,QUADRO 17 - Despesas com Aquisição de Móveis no Período de Referência de 6 Meses;,1711,1711,"MESA DE TV, SOM, VIDEO, COMPUTADOR, MICROCOMPUTADOR",,32003,32003,32003,32003,Mobiliarios_e_artigos_do_lar,1712,,,,
1995,17,QUADRO 17 - Despesas com Aquisição de Móveis no Período de Referência de 6 Meses;,1712,1712,PORTA-JORNAL E REVISTA,,32003,32003,32003,32003,Mobiliarios_e_artigos_do_lar,1713,,,,
1995,17,QUADRO 17 - Despesas com Aquisição de Móveis no Período de Referência de 6 Meses;,1713,1713,CADEIRA DE BALANÇO,,32003,32003,32003,32003,Mobiliarios_e_artigos_do_lar,1714,,,,
1995,17,QUADRO 17 - Despesas com Aquisição de Móveis no Período de Referência de 6 Meses;,1714,1714,MESINHA DE CENTRO,,32003,32003,32003,32003,Mobiliarios_e_artigos_do_lar,1715,,,,
1995,17,QUADRO 17 - Despesas com Aquisição de Móveis no Período de Referência de 6 Meses;,1715,1715,MESA (SALA),,32003,32003,32003,32003,Mobiliarios_e_artigos_do_lar,1716,,,,
1995,17,QUADRO 17 - Despesas com Aquisição de Móveis no Período de Referência de 6 Meses;,1716,1716,BAÚ (SALA),,32003,32003,32003,32003,Mobiliarios_e_artigos_do_lar,1717,,,,
1995,17,QUADRO 17 - Despesas com Aquisição de Móveis no Período de Referência de 6 Meses;,1717,1717,BAR (SALA),,32003,32003,32003,32003,Mobiliarios_e_artigos_do_lar,1718,,,,
1995,17,QUADRO 17 - Despesas com Aquisição de Móveis no Período de Referência de 6 Meses;,1718,1718,CHAPELEIRA,,32003,32003,32003,32003,Mobiliarios_e_artigos_do_lar,1719,,,,
1995,17,QUADRO 17 - Despesas com Aquisição de Móveis no Período de Referência de 6 Meses;,1719,1719,SUPORTE DE TV (GIRATÓRIA),,32003,,32003,32003,Mobiliarios_e_artigos_do_lar,1720,,,,
1995,17,QUADRO 17 - Despesas com Aquisição de Móveis no Período de Referência de 6 Meses;,1720,1720,"ARMÁRIO SIMPLES, DUPLEX OU EMBUTIDO (QUARTO)",,32003,32003,32003,32003,Mobiliarios_e_artigos_do_lar,1721,,,,
1995,17,QUADRO 17 - Despesas com Aquisição de Móveis no Período de Referência de 6 Meses;,1721,1721,"DORMITORIO COMPLETO (ARMARIO, CAMA, MESINHA, ETC.)",,32003,32003,32003,32003,Mobiliarios_e_artigos_do_lar,1722,,,,
1995,17,QUADRO 17 - Despesas com Aquisição de Móveis no Período de Referência de 6 Meses;,1722,1722,"BICAMA, BELICHE, TRILICHE",,32003,32003,32003,32003,Mobiliarios_e_artigos_do_lar,1723,,,,
1995,17,QUADRO 17 - Despesas com Aquisição de Móveis no Período de Referência de 6 Meses;,1723,1723,CAMA (ADULTO),,32003,32003,32003,32003,Mobiliarios_e_artigos_do_lar,1724,,,,
1995,17,QUADRO 17 - Despesas com Aquisição de Móveis no Período de Referência de 6 Meses;,1724,1724,COLCHÃO (ADULTO),,32003,32003,32003,32003,Mobiliarios_e_artigos_do_lar,1725,,,,
1995,17,QUADRO 17 - Despesas com Aquisição de Móveis no Período de Referência de 6 Meses;,1725,1725,CÔMODA (QUARTO ADULTO),,32003,32003,32003,32003,Mobiliarios_e_artigos_do_lar,1726,,,,
1995,17,QUADRO 17 - Despesas com Aquisição de Móveis no Período de Referência de 6 Meses;,1726,1726,CONSOLE,,32003,32003,32003,32003,Mobiliarios_e_artigos_do_lar,1727,,,,
1995,17,QUADRO 17 - Despesas com Aquisição de Móveis no Período de Referência de 6 Meses;,1727,1727,PENTEADEIRA,,32003,32003,32003,32003,Mobiliarios_e_artigos_do_lar,1729,,,,
1995,17,QUADRO 17 - Despesas com Aquisição de Móveis no Período de Referência de 6 Meses;,1729,1729,MESINHA DE CABECEIRA (QUARTO ADULTO),,32003,32003,32003,32003,Mobiliarios_e_artigos_do_lar,1730,,,,
1995,17,QUADRO 17 - Despesas com Aquisição de Móveis no Período de Referência de 6 Meses;,1730,1730,CAMA E MESINHA DE CABECEIRA (QUARTO ADULTO),,32003,32003,32003,32003,Mobiliarios_e_artigos_do_lar,1731,,,,
1995,17,QUADRO 17 - Despesas com Aquisição de Móveis no Período de Referência de 6 Meses;,1731,1731,CABIDE DE PÉ,,32003,32003,32003,32003,Mobiliarios_e_artigos_do_lar,1732,,,,
1995,17,QUADRO 17 - Despesas com Aquisição de Móveis no Período de Referência de 6 Meses;,1732,1732,BAÚ (QUARTO ADULTO),,,32003,32003,32003,Mobiliarios_e_artigos_do_lar,1733,,,,
1995,17,QUADRO 17 - Despesas com Aquisição de Móveis no Período de Referência de 6 Meses;,1733,1733,DIVISÓRIA (QUARTO ADULTO),,,32003,32003,32003,Mobiliarios_e_artigos_do_lar,1734,,,,
1995,17,QUADRO 17 - Despesas com Aquisição de Móveis no Período de Referência de 6 Meses;,1734,1734,CADEIRA (QUARTO ADULTO),,,32003,32003,32003,Mobiliarios_e_artigos_do_lar,1735,,,,
1995,17,QUADRO 17 - Despesas com Aquisição de Móveis no Período de Referência de 6 Meses;,1735,1735,BANCO (SALA),,,32003,32003,32003,Mobiliarios_e_artigos_do_lar,1736,,,,
1995,17,QUADRO 17 - Despesas com Aquisição de Móveis no Período de Referência de 6 Meses;,1736,1736,MÓVEL DE SAPATOS,,,32003,32003,32003,Mobiliarios_e_artigos_do_lar,1737,,,,
1995,17,QUADRO 17 - Despesas com Aquisição de Móveis no Período de Referência de 6 Meses;,1737,1737,MÓVEL PARA MÁQUINA DE COSTURA (GABINETE),,,32003,32003,32003,Mobiliarios_e_artigos_do_lar,1740,,,,
1995,17,QUADRO 17 - Despesas com Aquisição de Móveis no Período de Referência de 6 Meses;,1740,1740,ARMÁRIO (COPA E COZINHA),,32003,32003,32003,32003,Mobiliarios_e_artigos_do_lar,1741,,,,
1995,17,QUADRO 17 - Despesas com Aquisição de Móveis no Período de Referência de 6 Meses;,1741,1741,"ARMÁRIO, MESA E CADEIRAS (COPA E COZINHA)",,32003,32003,32003,32003,Mobiliarios_e_artigos_do_lar,1742,,,,
1995,17,QUADRO 17 - Despesas com Aquisição de Móveis no Período de Referência de 6 Meses;,1742,1742,BANCO (COPA E COZINHA),,32003,32003,32003,32003,Mobiliarios_e_artigos_do_lar,1743,,,,
1995,17,QUADRO 17 - Despesas com Aquisição de Móveis no Período de Referência de 6 Meses;,1743,1743,BUFE (MOVEL DE COPA E COZINHA),,32003,32003,32003,32003,Mobiliarios_e_artigos_do_lar,1744,,,,
1995,17,QUADRO 17 - Despesas com Aquisição de Móveis no Período de Referência de 6 Meses;,1744,1744,MESA E CADEIRA (COPA E COZINHA),,32003,32003,32003,32003,Mobiliarios_e_artigos_do_lar,1745,,,,
1995,17,QUADRO 17 - Despesas com Aquisição de Móveis no Período de Referência de 6 Meses;,1745,1745,MESA (COPA E COZINHA),,32003,32003,32003,32003,Mobiliarios_e_artigos_do_lar,1746,,,,
1995,17,QUADRO 17 - Despesas com Aquisição de Móveis no Período de Referência de 6 Meses;,1746,1746,CADEIRA (COPA E COZINHA),,32003,32003,32003,32003,Mobiliarios_e_artigos_do_lar,1760,,,,
1995,17,QUADRO 17 - Despesas com Aquisição de Móveis no Período de Referência de 6 Meses;,1760,1760,ARMÁRIO (MOVEIS INFANTIS),,32003,32003,32003,32003,Mobiliarios_e_artigos_do_lar,1761,,,,
1995,17,QUADRO 17 - Despesas com Aquisição de Móveis no Período de Referência de 6 Meses;,1761,1761,"ARMÁRIO, CAMA E MESINHA DE CABECEIRA (MOVEIS INFANTIS)",,32003,32003,32003,32003,Mobiliarios_e_artigos_do_lar,1762,,,,
1995,17,QUADRO 17 - Despesas com Aquisição de Móveis no Período de Referência de 6 Meses;,1762,1762,BEBE CONFORTO,,32003,32003,32003,32003,Mobiliarios_e_artigos_do_lar,1763,,,,
1995,17,QUADRO 17 - Despesas com Aquisição de Móveis no Período de Referência de 6 Meses;,1763,1763,BERÇO,,32003,32003,32003,32003,Mobiliarios_e_artigos_do_lar,1764,,,,
1995,17,QUADRO 17 - Despesas com Aquisição de Móveis no Período de Referência de 6 Meses;,1764,1764,CADEIRA ALTA DE REFEIÇÃO,,32003,32003,32003,32003,Mobiliarios_e_artigos_do_lar,1765,,,,
1995,17,QUADRO 17 - Despesas com Aquisição de Móveis no Período de Referência de 6 Meses;,1765,1765,CAMA (MÓVEL INFANTIL),,32003,32003,32003,32003,Mobiliarios_e_artigos_do_lar,1766,,,,
1995,17,QUADRO 17 - Despesas com Aquisição de Móveis no Período de Referência de 6 Meses;,1766,1766,CARRINHO DE BEBE E GONDOLA,,32003,32003,32003,32003,Mobiliarios_e_artigos_do_lar,1767,,,,
1995,17,QUADRO 17 - Despesas com Aquisição de Móveis no Período de Referência de 6 Meses;,1767,1767,COLCHÃO (INFANTIL),,32003,32003,32003,32003,Mobiliarios_e_artigos_do_lar,1769,,,,
1995,17,QUADRO 17 - Despesas com Aquisição de Móveis no Período de Referência de 6 Meses;,1769,1769,CERCADO DE CRIANÇA,,32003,32003,32003,32003,Mobiliarios_e_artigos_do_lar,1770,,,,
1995,17,QUADRO 17 - Despesas com Aquisição de Móveis no Período de Referência de 6 Meses;,1770,1770,CAMA E MESINHA DE CABECEIRA (QUARTO INFANTIL),,32003,,32003,32003,Mobiliarios_e_artigos_do_lar,1771,,,,
1995,17,QUADRO 17 - Despesas com Aquisição de Móveis no Período de Referência de 6 Meses;,1771,1771,MESINHA DE CABECEIRA (QUARTO INFANTIL),,32003,,32003,32003,Mobiliarios_e_artigos_do_lar,1772,,,,
1995,17,QUADRO 17 - Despesas com Aquisição de Móveis no Período de Referência de 6 Meses;,1772,1772,PROTETOR DE BERÇO,,32003,32003,32003,32003,Mobiliarios_e_artigos_do_lar,1773,,,,
1995,17,QUADRO 17 - Despesas com Aquisição de Móveis no Período de Referência de 6 Meses;,1773,1773,BAÚ (QUARTO INFANTIL),,32003,,32003,32003,Mobiliarios_e_artigos_do_lar,1774,,,,
1995,17,QUADRO 17 - Despesas com Aquisição de Móveis no Período de Referência de 6 Meses;,1774,1774,BANHEIRA COM TROCA-FRALDAS,,32003,32003,32003,32003,Mobiliarios_e_artigos_do_lar,1775,,,,
1995,17,QUADRO 17 - Despesas com Aquisição de Móveis no Período de Referência de 6 Meses;,1775,1775,ANDADOR,,32003,32003,32003,32003,Mobiliarios_e_artigos_do_lar,1776,,,,
1995,17,QUADRO 17 - Despesas com Aquisição de Móveis no Período de Referência de 6 Meses;,1776,1776,CADEIRINHA (INFANTIL),,32003,32003,32003,32003,Mobiliarios_e_artigos_do_lar,1777,,,,
1995,17,QUADRO 17 - Despesas com Aquisição de Móveis no Período de Referência de 6 Meses;,1777,1777,CÔMODA (QUARTO INFANTIL),,,32003,32003,32003,Mobiliarios_e_artigos_do_lar,1778,,,,
1995,17,QUADRO 17 - Despesas com Aquisição de Móveis no Período de Referência de 6 Meses;,1778,1778,ESTANTE (QUARTO INFANTIL),,,32003,32003,32003,Mobiliarios_e_artigos_do_lar,1780,,,,
1995,17,QUADRO 17 - Despesas com Aquisição de Móveis no Período de Referência de 6 Meses;,1780,1780,"BANCO (JARDIM, VARANDA, ETC.)",,32003,32003,32003,32003,Mobiliarios_e_artigos_do_lar,1781,,,,
1995,17,QUADRO 17 - Despesas com Aquisição de Móveis no Período de Referência de 6 Meses;,1781,1781,"CADEIRA (JARDIM, VARANDA, ETC.)",,32003,32003,32003,32003,Mobiliarios_e_artigos_do_lar,1782,,,,
1995,17,QUADRO 17 - Despesas com Aquisição de Móveis no Período de Referência de 6 Meses;,1782,1782,GUARDA-SOL,,32003,32003,32003,32003,Mobiliarios_e_artigos_do_lar,1783,,,,
1995,17,QUADRO 17 - Despesas com Aquisição de Móveis no Período de Referência de 6 Meses;,1783,1783,"MESA (JARDIM, VARANDA, ETC.)",,32003,32003,32003,32003,Mobiliarios_e_artigos_do_lar,1784,,,,
1995,17,QUADRO 17 - Despesas com Aquisição de Móveis no Período de Referência de 6 Meses;,1784,1784,"MESA E CADEIRAS (JARDIM, VARANDA, ETC.)",,32003,32003,32003,32003,Mobiliarios_e_artigos_do_lar,1785,,,,
1995,17,QUADRO 17 - Despesas com Aquisição de Móveis no Período de Referência de 6 Meses;,1785,1785,REDE DE ADULTO E CRIANÇA,,32003,32003,32003,32003,Mobiliarios_e_artigos_do_lar,1786,,,,
1995,17,QUADRO 17 - Despesas com Aquisição de Móveis no Período de Referência de 6 Meses;,1786,1786,EPREGUIÇADEIRA,,32003,32003,32003,32003,Mobiliarios_e_artigos_do_lar,1787,,,,
1995,17,QUADRO 17 - Despesas com Aquisição de Móveis no Período de Referência de 6 Meses;,1787,1787,PISCINA DE PLÁSTICO,,32003,32003,32003,32003,Mobiliarios_e_artigos_do_lar,1788,,,,
1995,17,QUADRO 17 - Despesas com Aquisição de Móveis no Período de Referência de 6 Meses;,1788,1788,ESCRIVANINHA,,32003,32003,32003,32003,Mobiliarios_e_artigos_do_lar,1789,,,,
1995,17,QUADRO 17 - Despesas com Aquisição de Móveis no Período de Referência de 6 Meses;,1789,1789,MESA DE TELEFONE,,32003,32003,32003,32003,Mobiliarios_e_artigos_do_lar,1790,,,,
1995,17,QUADRO 17 - Despesas com Aquisição de Móveis no Período de Referência de 6 Meses;,1790,1790,ARMÁRIO DE BANHEIRO (EXCETO DE PLÁSTICO),,32003,32003,32003,32003,Mobiliarios_e_artigos_do_lar,1791,,,,
1995,17,QUADRO 17 - Despesas com Aquisição de Móveis no Período de Referência de 6 Meses;,1791,1791,ESTEIRA DE DORMIR,,32003,32003,32003,32003,Mobiliarios_e_artigos_do_lar,1792,,,,
1995,17,QUADRO 17 - Despesas com Aquisição de Móveis no Período de Referência de 6 Meses;,1792,1792,COLCHONETE,,32003,32003,32003,32003,Mobiliarios_e_artigos_do_lar,1793,,,,
1995,17,QUADRO 17 - Despesas com Aquisição de Móveis no Período de Referência de 6 Meses;,1793,1793,CESTA DE VIME,,32003,32003,32003,32003,Mobiliarios_e_artigos_do_lar,1794,,,,
1995,17,QUADRO 17 - Despesas com Aquisição de Móveis no Período de Referência de 6 Meses;,1794,1794,PRATELEIRA,,32003,32003,32003,32003,Mobiliarios_e_artigos_do_lar,1795,,,,
1995,17,QUADRO 17 - Despesas com Aquisição de Móveis no Período de Referência de 6 Meses;,1795,1795,ARQUIVO DE AÇO,,32003,32003,32003,32003,Mobiliarios_e_artigos_do_lar,1797,,,,
1995,17,QUADRO 17 - Despesas com Aquisição de Móveis no Período de Referência de 6 Meses;,1797,1797,AGREGADO 9,,,32003,32003,32003,Mobiliarios_e_artigos_do_lar,1800,,,,
1995,18,"QUADRO 18 - Despesas com Aquisição de Artigos de Decoração e Forração no Período de Referência de 6 Meses,",1800,1800,DESPESAS COM AQUISIÇÃO DE ARTIGOS DE DECORAÇÃO E FORRAÇÃO,,32003,,32003,32003,Mobiliarios_e_artigos_do_lar,1801,,,,
1995,18,"QUADRO 18 - Despesas com Aquisição de Artigos de Decoração e Forração no Período de Referência de 6 Meses,",1801,1801,CARPETE,,32003,32003,32003,32003,Mobiliarios_e_artigos_do_lar,1802,,,,
1995,18,"QUADRO 18 - Despesas com Aquisição de Artigos de Decoração e Forração no Período de Referência de 6 Meses,",1802,1802,TAPEÇARIA,,32003,32003,32003,32003,Mobiliarios_e_artigos_do_lar,1803,,,,
1995,18,"QUADRO 18 - Despesas com Aquisição de Artigos de Decoração e Forração no Período de Referência de 6 Meses,",1803,1803,TAPETE DE SALA OU QUARTO,,32003,32003,32003,32003,Mobiliarios_e_artigos_do_lar,1805,,,,
1995,18,"QUADRO 18 - Despesas com Aquisição de Artigos de Decoração e Forração no Período de Referência de 6 Meses,",1805,1805,TAPETE DE BANHEIRO (TECIDO),,32003,32003,32003,32003,Mobiliarios_e_artigos_do_lar,1850,,,,
1995,18,"QUADRO 18 - Despesas com Aquisição de Artigos de Decoração e Forração no Período de Referência de 6 Meses,",1850,1850,ALMOFADA,,32003,32003,32003,32003,Mobiliarios_e_artigos_do_lar,1851,,,,
1995,18,"QUADRO 18 - Despesas com Aquisição de Artigos de Decoração e Forração no Período de Referência de 6 Meses,",1851,1851,CORTINA PRONTA (EXCETO DE PLÁSTICO),,32003,32003,32003,32003,Mobiliarios_e_artigos_do_lar,1852,,,,
1995,18,"QUADRO 18 - Despesas com Aquisição de Artigos de Decoração e Forração no Período de Referência de 6 Meses,",1852,1852,ESCULTURA,,32003,32003,32003,32003,Mobiliarios_e_artigos_do_lar,1853,,,,
1995,18,"QUADRO 18 - Despesas com Aquisição de Artigos de Decoração e Forração no Período de Referência de 6 Meses,",1853,1853,"LUMINARIA, ABAJUR, LUSTRE, GLOBO DE LUZ",,32003,32003,32003,32003,Mobiliarios_e_artigos_do_lar,1854,,,,
1995,18,"QUADRO 18 - Despesas com Aquisição de Artigos de Decoração e Forração no Período de Referência de 6 Meses,",1854,1854,PEÇA DE LOUÇA (DECORAÇÃO),,32003,32003,32003,32003,Mobiliarios_e_artigos_do_lar,1855,,,,
1995,18,"QUADRO 18 - Despesas com Aquisição de Artigos de Decoração e Forração no Período de Referência de 6 Meses,",1855,1855,PEÇA DE METAL (EXCETO PRATA) (DECORAÇÃO),,32003,32003,32003,32003,Mobiliarios_e_artigos_do_lar,1856,,,,
1995,18,"QUADRO 18 - Despesas com Aquisição de Artigos de Decoração e Forração no Período de Referência de 6 Meses,",1856,1856,PEÇA DE PRATA (DECORAÇÃO),,32003,32003,32003,32003,Mobiliarios_e_artigos_do_lar,1857,,,,
1995,18,"QUADRO 18 - Despesas com Aquisição de Artigos de Decoração e Forração no Período de Referência de 6 Meses,",1857,1857,ESPELHO,,32003,32003,32003,32003,Mobiliarios_e_artigos_do_lar,1858,,,,
1995,18,"QUADRO 18 - Despesas com Aquisição de Artigos de Decoração e Forração no Período de Referência de 6 Meses,",1858,1858,"QUADRO OU MOLDURA DE QUADRO, POSTER, PORTA-RETRATO, ETC.",,32003,32003,32003,32003,Mobiliarios_e_artigos_do_lar,1859,,,,
1995,18,"QUADRO 18 - Despesas com Aquisição de Artigos de Decoração e Forração no Período de Referência de 6 Meses,",1859,1859,RELÓGIO DE MESA DE PAREDE,,32003,32003,32003,32003,Mobiliarios_e_artigos_do_lar,1860,,,,
1995,18,"QUADRO 18 - Despesas com Aquisição de Artigos de Decoração e Forração no Período de Referência de 6 Meses,",1860,1860,PERSIANA,,32003,32003,32003,32003,Mobiliarios_e_artigos_do_lar,1861,,,,
1995,18,"QUADRO 18 - Despesas com Aquisição de Artigos de Decoração e Forração no Período de Referência de 6 Meses,",1861,1861,PAPEL DE PAREDE,,32003,32003,32003,32003,Mobiliarios_e_artigos_do_lar,1862,,,,
1995,18,"QUADRO 18 - Despesas com Aquisição de Artigos de Decoração e Forração no Período de Referência de 6 Meses,",1862,1862,PUFE,,32003,32003,32003,32003,Mobiliarios_e_artigos_do_lar,1863,,,,
1995,18,"QUADRO 18 - Despesas com Aquisição de Artigos de Decoração e Forração no Período de Referência de 6 Meses,",1863,1863,AQUÁRIO ORNAMENTAL E EQUIPAMENTOS,,32003,32003,32003,32003,Mobiliarios_e_artigos_do_lar,1864,,,,
1995,18,"QUADRO 18 - Despesas com Aquisição de Artigos de Decoração e Forração no Período de Referência de 6 Meses,",1864,1864,PEÇA DE CERÂMICA (DECORAÇÃO),,32003,32003,32003,32003,Mobiliarios_e_artigos_do_lar,1865,,,,
1995,18,"QUADRO 18 - Despesas com Aquisição de Artigos de Decoração e Forração no Período de Referência de 6 Meses,",1865,1865,FLOREIRA DE MADEIRA,,32003,32003,32003,32003,Mobiliarios_e_artigos_do_lar,1866,,,,
1995,18,"QUADRO 18 - Despesas com Aquisição de Artigos de Decoração e Forração no Período de Referência de 6 Meses,",1866,1866,PEÇA DE GESSO (DECORAÇÃO),,32003,32003,32003,32003,Mobiliarios_e_artigos_do_lar,1867,,,,
1995,18,"QUADRO 18 - Despesas com Aquisição de Artigos de Decoração e Forração no Período de Referência de 6 Meses,",1867,1867,GAIOLA,,32003,32003,32003,32003,Mobiliarios_e_artigos_do_lar,1868,,,,
1995,18,"QUADRO 18 - Despesas com Aquisição de Artigos de Decoração e Forração no Período de Referência de 6 Meses,",1868,1868,PEÇA DE MADEIRA (DECORAÇÃO),,32003,32003,32003,32003,Mobiliarios_e_artigos_do_lar,1869,,,,
1995,18,"QUADRO 18 - Despesas com Aquisição de Artigos de Decoração e Forração no Período de Referência de 6 Meses,",1869,1869,ENFEITE DE BERÇO,,32003,32003,32003,32003,Mobiliarios_e_artigos_do_lar,1870,,,,
1995,18,"QUADRO 18 - Despesas com Aquisição de Artigos de Decoração e Forração no Período de Referência de 6 Meses,",1870,1870,PEÇA DE CRISTAL (DECORAÇÃO),,32003,32003,32003,32003,Mobiliarios_e_artigos_do_lar,1871,,,,
1995,18,"QUADRO 18 - Despesas com Aquisição de Artigos de Decoração e Forração no Período de Referência de 6 Meses,",1871,1871,LEQUE (PEÇA DECORAÇÃO),,32003,32003,32003,32003,Mobiliarios_e_artigos_do_lar,1872,,,,
1995,18,"QUADRO 18 - Despesas com Aquisição de Artigos de Decoração e Forração no Período de Referência de 6 Meses,",1872,1872,BIBELO DE QUALQUER MATERIAL,,32003,32003,32003,32003,Mobiliarios_e_artigos_do_lar,1873,,,,
1995,18,"QUADRO 18 - Despesas com Aquisição de Artigos de Decoração e Forração no Período de Referência de 6 Meses,",1873,1873,PEÇA DE PORCELANA (DECORAÇÃO),,32003,32003,32003,32003,Mobiliarios_e_artigos_do_lar,1874,,,,
1995,18,"QUADRO 18 - Despesas com Aquisição de Artigos de Decoração e Forração no Período de Referência de 6 Meses,",1874,1874,PEÇA DE VIDRO (DECORAÇÃO),,32003,32003,32003,32003,Mobiliarios_e_artigos_do_lar,1875,,,,
1995,18,"QUADRO 18 - Despesas com Aquisição de Artigos de Decoração e Forração no Período de Referência de 6 Meses,",1875,1875,CINZEIRO,,32003,32003,32003,32003,Mobiliarios_e_artigos_do_lar,1876,,,,
1995,18,"QUADRO 18 - Despesas com Aquisição de Artigos de Decoração e Forração no Período de Referência de 6 Meses,",1876,1876,ENFEITES DE ÁRVORE DE NATAL,,32003,32003,32003,32003,Mobiliarios_e_artigos_do_lar,1877,,,,
1995,18,"QUADRO 18 - Despesas com Aquisição de Artigos de Decoração e Forração no Período de Referência de 6 Meses,",1877,1877,PEÇA DE PALHA (DECORAÇÃO),,32003,32003,32003,32003,Mobiliarios_e_artigos_do_lar,1878,,,,
1995,18,"QUADRO 18 - Despesas com Aquisição de Artigos de Decoração e Forração no Período de Referência de 6 Meses,",1878,1878,ESTAMPARIA SERIGRAFICA,,32003,32003,32003,32003,Mobiliarios_e_artigos_do_lar,1879,,,,
1995,18,"QUADRO 18 - Despesas com Aquisição de Artigos de Decoração e Forração no Período de Referência de 6 Meses,",1879,1879,"CONCHA, BUZIOS",,32003,32003,32003,32003,Mobiliarios_e_artigos_do_lar,1880,,,,
1995,18,"QUADRO 18 - Despesas com Aquisição de Artigos de Decoração e Forração no Período de Referência de 6 Meses,",1880,1880,SUPORTE DE BÍBLIA,,32003,32003,32003,32003,Mobiliarios_e_artigos_do_lar,1881,,,,
1995,18,"QUADRO 18 - Despesas com Aquisição de Artigos de Decoração e Forração no Período de Referência de 6 Meses,",1881,1881,ISQUEIRO DE MESA,,32003,32003,32003,32003,Mobiliarios_e_artigos_do_lar,1882,,,,
1995,18,"QUADRO 18 - Despesas com Aquisição de Artigos de Decoração e Forração no Período de Referência de 6 Meses,",1882,1882,PEÇA DE PLÁSTICO OU RESINA (DECORAÇÃO),,32003,32003,32003,32003,Mobiliarios_e_artigos_do_lar,1883,,,,
1995,18,"QUADRO 18 - Despesas com Aquisição de Artigos de Decoração e Forração no Período de Referência de 6 Meses,",1883,1883,PEDESTAL,,32003,32003,32003,32003,Mobiliarios_e_artigos_do_lar,1884,,,,
1995,18,"QUADRO 18 - Despesas com Aquisição de Artigos de Decoração e Forração no Período de Referência de 6 Meses,",1884,1884,PEÇA DE CORDA (DECORAÇÃO),,,32003,32003,32003,Mobiliarios_e_artigos_do_lar,1885,,,,
1995,18,"QUADRO 18 - Despesas com Aquisição de Artigos de Decoração e Forração no Período de Referência de 6 Meses,",1885,1885,PEÇA DE PEDRA SABÃO (DECORAÇÃO),,,32003,32003,32003,Mobiliarios_e_artigos_do_lar,1886,,,,
1995,18,"QUADRO 18 - Despesas com Aquisição de Artigos de Decoração e Forração no Período de Referência de 6 Meses,",1886,1886,PAPIRO,,,32003,32003,32003,Mobiliarios_e_artigos_do_lar,1887,,,,
1995,18,"QUADRO 18 - Despesas com Aquisição de Artigos de Decoração e Forração no Período de Referência de 6 Meses,",1887,1887,PEÇA DE TECIDO (DECORAÇÃO),,,32003,32003,32003,Mobiliarios_e_artigos_do_lar,1888,,,,
1995,18,"QUADRO 18 - Despesas com Aquisição de Artigos de Decoração e Forração no Período de Referência de 6 Meses,",1888,1888,CASCO DE TARTARUGA,,,32003,32003,32003,Mobiliarios_e_artigos_do_lar,1889,,,,
1995,18,"QUADRO 18 - Despesas com Aquisição de Artigos de Decoração e Forração no Período de Referência de 6 Meses,",1889,1889,BANDÔ,,,32003,32003,32003,Mobiliarios_e_artigos_do_lar,1890,,,,
1995,18,"QUADRO 18 - Despesas com Aquisição de Artigos de Decoração e Forração no Período de Referência de 6 Meses,",1890,1890,FLÔRES ARTIFICIAIS,,,32003,32003,32003,Mobiliarios_e_artigos_do_lar,1891,,,,
1995,18,"QUADRO 18 - Despesas com Aquisição de Artigos de Decoração e Forração no Período de Referência de 6 Meses,",1891,1891,PORTA-JÓIAS,,,32003,32003,32003,Mobiliarios_e_artigos_do_lar,1892,,,,
1995,18,"QUADRO 18 - Despesas com Aquisição de Artigos de Decoração e Forração no Período de Referência de 6 Meses,",1892,1892,CAIXINHA DE MÚSICA,,,32003,32003,32003,Mobiliarios_e_artigos_do_lar,1893,,,,
1995,18,"QUADRO 18 - Despesas com Aquisição de Artigos de Decoração e Forração no Período de Referência de 6 Meses,",1893,1893,PEÇA DE ÁGATA OU ESMALTADA,,,32003,32003,32003,Mobiliarios_e_artigos_do_lar,1894,,,,
1995,18,"QUADRO 18 - Despesas com Aquisição de Artigos de Decoração e Forração no Período de Referência de 6 Meses,",1894,1894,PORTA-LAPISEIRA,,,32003,32003,32003,Mobiliarios_e_artigos_do_lar,1895,,,,
1995,18,"QUADRO 18 - Despesas com Aquisição de Artigos de Decoração e Forração no Período de Referência de 6 Meses,",1895,1895,PORTA-CD,,,32003,32003,32003,Mobiliarios_e_artigos_do_lar,1897,,,,
1995,18,"QUADRO 18 - Despesas com Aquisição de Artigos de Decoração e Forração no Período de Referência de 6 Meses,",1897,1897,AGREGADO 10,,,32003,32003,32003,Mobiliarios_e_artigos_do_lar,1900,,,,
1995,19,QUADRO 19 - Despesas com Serviços Domésticos no Período de Referência de 6 Meses.,1900,1900,DESPESAS COM SERVIÇOS DOMÉSTICOS,,32001,,32001,32001,Manutencao_do_lar,1901,,,,
1995,19,QUADRO 19 - Despesas com Serviços Domésticos no Período de Referência de 6 Meses.,1901,1901,EMPREGADO,,32001,32001,32001,32001,Manutencao_do_lar,1902,,,,
1995,19,QUADRO 19 - Despesas com Serviços Domésticos no Período de Referência de 6 Meses.,1902,1902,COZINHEIRO,,32001,32001,32001,32001,Manutencao_do_lar,1903,,,,
1995,19,QUADRO 19 - Despesas com Serviços Domésticos no Período de Referência de 6 Meses.,1903,1903,FAXINEIRO,,32001,32001,32001,32001,Manutencao_do_lar,1904,,,,
1995,19,QUADRO 19 - Despesas com Serviços Domésticos no Período de Referência de 6 Meses.,1904,1904,BABÁ,,32001,32001,32001,32001,Manutencao_do_lar,1905,,,,
1995,19,QUADRO 19 - Despesas com Serviços Domésticos no Período de Referência de 6 Meses.,1905,1905,JARDINEIRO,,32001,32001,32001,32001,Manutencao_do_lar,1906,,,,
1995,19,QUADRO 19 - Despesas com Serviços Domésticos no Período de Referência de 6 Meses.,1906,1906,MOTORISTA,,32001,32001,32001,32001,Manutencao_do_lar,1907,,,,
1995,19,QUADRO 19 - Despesas com Serviços Domésticos no Período de Referência de 6 Meses.,1907,1907,VIGIA,,32001,32001,32001,32001,Manutencao_do_lar,1908,,,,
1995,19,QUADRO 19 - Despesas com Serviços Domésticos no Período de Referência de 6 Meses.,1908,1908,ARRUMADEIRA,,32001,32001,32001,32001,Manutencao_do_lar,1909,,,,
1995,19,QUADRO 19 - Despesas com Serviços Domésticos no Período de Referência de 6 Meses.,1909,1909,GOVERNANTA,,32001,32001,32001,32001,Manutencao_do_lar,1910,,,,
1995,19,QUADRO 19 - Despesas com Serviços Domésticos no Período de Referência de 6 Meses.,1910,1910,MORDONO,,32001,32001,32001,32001,Manutencao_do_lar,1911,,,,
1995,19,QUADRO 19 - Despesas com Serviços Domésticos no Período de Referência de 6 Meses.,1911,1911,CASEIRO,,32001,32001,32001,32001,Manutencao_do_lar,1912,,,,
1995,19,QUADRO 19 - Despesas com Serviços Domésticos no Período de Referência de 6 Meses.,1912,1912,ACOMPANHANTE,,32001,32001,32001,32001,Manutencao_do_lar,1913,,,,
1995,19,QUADRO 19 - Despesas com Serviços Domésticos no Período de Referência de 6 Meses.,1913,1913,LAVADEIRA,,32001,32001,32001,32001,Manutencao_do_lar,1915,,,,
1995,19,QUADRO 19 - Despesas com Serviços Domésticos no Período de Referência de 6 Meses.,1915,1915,PASSADEIRA (EMPREGADA),,32001,32001,32001,32001,Manutencao_do_lar,1916,,,,
1995,19,QUADRO 19 - Despesas com Serviços Domésticos no Período de Referência de 6 Meses.,1916,1916,COPEIRA,,32001,32001,32001,32001,Manutencao_do_lar,1917,,,,
1995,19,QUADRO 19 - Despesas com Serviços Domésticos no Período de Referência de 6 Meses.,1917,1917,LAVADEIRA E PASSADEIRA,,32001,32001,32001,32001,Manutencao_do_lar,1918,,,,
1995,19,QUADRO 19 - Despesas com Serviços Domésticos no Período de Referência de 6 Meses.,1918,1918,GARÇOM,,32001,32001,32001,32001,Manutencao_do_lar,1919,,,,
1995,19,QUADRO 19 - Despesas com Serviços Domésticos no Período de Referência de 6 Meses.,1919,1919,CARREGADOR D'ÁGUA,,32001,32001,32001,32001,Manutencao_do_lar,1920,,,,
1995,19,QUADRO 19 - Despesas com Serviços Domésticos no Período de Referência de 6 Meses.,1920,1920,LIMPADOR DE TERRENO (CAPINADOR),,32001,32001,32001,32001,Manutencao_do_lar,1921,,,,
1995,19,QUADRO 19 - Despesas com Serviços Domésticos no Período de Referência de 6 Meses.,1921,1921,LIMPADOR DE PISCINA,,32001,32001,32001,32001,Manutencao_do_lar,1922,,,,
1995,19,QUADRO 19 - Despesas com Serviços Domésticos no Período de Referência de 6 Meses.,1922,1922,LAVADOR DE CARRO,,32001,32001,32001,32001,Manutencao_do_lar,1923,,,,
1995,19,QUADRO 19 - Despesas com Serviços Domésticos no Período de Referência de 6 Meses.,1923,1923,BISCATEIRO (SERVIÇOS DIVERSOS),,32001,32001,32001,32001,Manutencao_do_lar,1924,,,,
1995,19,QUADRO 19 - Despesas com Serviços Domésticos no Período de Referência de 6 Meses.,1924,1924,LIMPADOR DE FOSSA,,32001,32001,32001,32001,Manutencao_do_lar,1925,,,,
1995,19,QUADRO 19 - Despesas com Serviços Domésticos no Período de Referência de 6 Meses.,1925,1925,ENFERMEIRA (SERVIÇO DOMÉSTICO),,32001,32001,32001,32001,Manutencao_do_lar,1926,,,,
1995,19,QUADRO 19 - Despesas com Serviços Domésticos no Período de Referência de 6 Meses.,1926,1926,CARREGADOR DE LENHA,,32001,32001,32001,32001,Manutencao_do_lar,1927,,,,
1995,19,QUADRO 19 - Despesas com Serviços Domésticos no Período de Referência de 6 Meses.,1927,1927,TRATADOR DE ANIMAIS,,,32001,32001,32001,Manutencao_do_lar,1928,,,,
1995,19,QUADRO 19 - Despesas com Serviços Domésticos no Período de Referência de 6 Meses.,1928,1928,SALVA-VIDAS,,,32001,32001,32001,Manutencao_do_lar,1929,,,,
1995,19,QUADRO 19 - Despesas com Serviços Domésticos no Período de Referência de 6 Meses.,1929,1929,SERVENTE,,,32001,32001,32001,Manutencao_do_lar,1930,,,,
1995,19,QUADRO 19 - Despesas com Serviços Domésticos no Período de Referência de 6 Meses.,1930,1930,MARINHEIRO,,,32001,32001,32001,Manutencao_do_lar,1948,,,,
1995,19,QUADRO 19 - Despesas com Serviços Domésticos no Período de Referência de 6 Meses.,1948,1948,AGREGADO 11,,,32001,32001,32001,Manutencao_do_lar,1951,,,,
1995,19,QUADRO 19 - Despesas com Serviços Domésticos no Período de Referência de 6 Meses.,1951,1951,EMPREGADO (INSS),,,41002,41002,41002,Contribuicoes_trabalhistas,1952,,,,
1995,19,QUADRO 19 - Despesas com Serviços Domésticos no Período de Referência de 6 Meses.,1952,1952,COZINHEIRO (INSS),,,41002,41002,41002,Contribuicoes_trabalhistas,1953,,,,
1995,19,QUADRO 19 - Despesas com Serviços Domésticos no Período de Referência de 6 Meses.,1953,1953,FAXINEIRO (INSS),,,41002,41002,41002,Contribuicoes_trabalhistas,1954,,,,
1995,19,QUADRO 19 - Despesas com Serviços Domésticos no Período de Referência de 6 Meses.,1954,1954,BABÁ (INSS),,,41002,41002,41002,Contribuicoes_trabalhistas,1955,,,,
1995,19,QUADRO 19 - Despesas com Serviços Domésticos no Período de Referência de 6 Meses.,1955,1955,JARDINEIRO (INSS),,,41002,41002,41002,Contribuicoes_trabalhistas,1956,,,,
1995,19,QUADRO 19 - Despesas com Serviços Domésticos no Período de Referência de 6 Meses.,1956,1956,MOTORISTA (INSS),,,41002,41002,41002,Contribuicoes_trabalhistas,1957,,,,
1995,19,QUADRO 19 - Despesas com Serviços Domésticos no Período de Referência de 6 Meses.,1957,1957,VIGIA (INSS),,,41002,41002,41002,Contribuicoes_trabalhistas,1958,,,,
1995,19,QUADRO 19 - Despesas com Serviços Domésticos no Período de Referência de 6 Meses.,1958,1958,ARRUMADEIRA (INSS),,,41002,41002,41002,Contribuicoes_trabalhistas,1959,,,,
1995,19,QUADRO 19 - Despesas com Serviços Domésticos no Período de Referência de 6 Meses.,1959,1959,GOVERNANTA (INSS),,,41002,41002,41002,Contribuicoes_trabalhistas,1960,,,,
1995,19,QUADRO 19 - Despesas com Serviços Domésticos no Período de Referência de 6 Meses.,1960,1960,MORDONO (INSS),,,41002,41002,41002,Contribuicoes_trabalhistas,1961,,,,
1995,19,QUADRO 19 - Despesas com Serviços Domésticos no Período de Referência de 6 Meses.,1961,1961,CASEIRO (INSS),,,41002,41002,41002,Contribuicoes_trabalhistas,1962,,,,
1995,19,QUADRO 19 - Despesas com Serviços Domésticos no Período de Referência de 6 Meses.,1962,1962,ACOMPANHANTE (INSS),,,41002,41002,41002,Contribuicoes_trabalhistas,1963,,,,
1995,19,QUADRO 19 - Despesas com Serviços Domésticos no Período de Referência de 6 Meses.,1963,1963,LAVADEIRA (INSS),,,41002,41002,41002,Contribuicoes_trabalhistas,1964,,,,
1995,19,QUADRO 19 - Despesas com Serviços Domésticos no Período de Referência de 6 Meses.,1964,1964,AJUDANTE DE COZINHA (INSS),,,41002,41002,41002,Contribuicoes_trabalhistas,1965,,,,
1995,19,QUADRO 19 - Despesas com Serviços Domésticos no Período de Referência de 6 Meses.,1965,1965,PASSADEIRA (EMPREGADA) (INSS),,,41002,41002,41002,Contribuicoes_trabalhistas,1966,,,,
1995,19,QUADRO 19 - Despesas com Serviços Domésticos no Período de Referência de 6 Meses.,1966,1966,COPEIRA (INSS),,,41002,41002,41002,Contribuicoes_trabalhistas,1967,,,,
1995,19,QUADRO 19 - Despesas com Serviços Domésticos no Período de Referência de 6 Meses.,1967,1967,LAVADEIRA E PASSADEIRA (INSS),,,41002,41002,41002,Contribuicoes_trabalhistas,1968,,,,
1995,19,QUADRO 19 - Despesas com Serviços Domésticos no Período de Referência de 6 Meses.,1968,1968,GARÇOM (INSS),,,41002,41002,41002,Contribuicoes_trabalhistas,1969,,,,
1995,19,QUADRO 19 - Despesas com Serviços Domésticos no Período de Referência de 6 Meses.,1969,1969,CARREGADOR D'ÁGUA (INSS),,,41002,41002,41002,Contribuicoes_trabalhistas,1970,,,,
1995,19,QUADRO 19 - Despesas com Serviços Domésticos no Período de Referência de 6 Meses.,1970,1970,LIMPADOR DE TERRENO (CAPINADOR) (INSS),,,41002,41002,41002,Contribuicoes_trabalhistas,1971,,,,
1995,19,QUADRO 19 - Despesas com Serviços Domésticos no Período de Referência de 6 Meses.,1971,1971,LIMPADOR DE PISCINA (INSS),,,41002,41002,41002,Contribuicoes_trabalhistas,1972,,,,
1995,19,QUADRO 19 - Despesas com Serviços Domésticos no Período de Referência de 6 Meses.,1972,1972,LAVADOR DE CARRO (INSS),,,41002,41002,41002,Contribuicoes_trabalhistas,1973,,,,
1995,19,QUADRO 19 - Despesas com Serviços Domésticos no Período de Referência de 6 Meses.,1973,1973,BISCATEIRO (SERVIÇOS DIVERSOS) (INSS),,,41002,41002,41002,Contribuicoes_trabalhistas,1974,,,,
1995,19,QUADRO 19 - Despesas com Serviços Domésticos no Período de Referência de 6 Meses.,1974,1974,LIMPADOR DE FOSSA (INSS),,,41002,41002,41002,Contribuicoes_trabalhistas,1975,,,,
1995,19,QUADRO 19 - Despesas com Serviços Domésticos no Período de Referência de 6 Meses.,1975,1975,ENFERMEIRA (SERVIÇO DOMÉSTICO) (INSS),,,41002,41002,41002,Contribuicoes_trabalhistas,1976,,,,
1995,19,QUADRO 19 - Despesas com Serviços Domésticos no Período de Referência de 6 Meses.,1976,1976,CARREGADOR DE LENHA (INSS),,,41002,41002,41002,Contribuicoes_trabalhistas,1977,,,,
1995,19,QUADRO 19 - Despesas com Serviços Domésticos no Período de Referência de 6 Meses.,1977,1977,TRATADOR DE ANIMAIS (INSS),,,41002,41002,41002,Contribuicoes_trabalhistas,1978,,,,
1995,19,QUADRO 19 - Despesas com Serviços Domésticos no Período de Referência de 6 Meses.,1978,1978,SALVA-VIDAS (INSS),,,41002,41002,41002,Contribuicoes_trabalhistas,1979,,,,
1995,19,QUADRO 19 - Despesas com Serviços Domésticos no Período de Referência de 6 Meses.,1979,1979,SERVENTE (INSS),,,41002,41002,41002,Contribuicoes_trabalhistas,1980,,,,
1995,19,QUADRO 19 - Despesas com Serviços Domésticos no Período de Referência de 6 Meses.,1980,1980,MARINHEIRO (INSS),,,41002,41002,41002,Contribuicoes_trabalhistas,1998,,,,
1995,19,QUADRO 19 - Despesas com Serviços Domésticos no Período de Referência de 6 Meses.,1998,1998,AGREGADO (INSS),,32001,41002,32001,41002,Contribuicoes_trabalhistas,2200,,,,
1995,22,"QUADRO 22 - Despesas com Comunicações no Período de Referência de 7 Dias,",2200,2200,DESPESAS COM COMUNICAÇÕES,,16104,,16104,31007,Outros_servicos_etc,2201,,,,
1995,22,"QUADRO 22 - Despesas com Comunicações no Período de Referência de 7 Dias,",2201,2201,"CORREIO (CARTA, SELO, ETC.)",,16104,40002,16104,31007,Outros_servicos_etc,2202,,,,
1995,22,"QUADRO 22 - Despesas com Comunicações no Período de Referência de 7 Dias,",2202,2202,TELEFONE PÚBLICO,,16104,40002,16104,31007,Outros_servicos_etc,2298,,,,
1995,22,"QUADRO 22 - Despesas com Comunicações no Período de Referência de 7 Dias,",2298,2298,AGREGADO 38,,16103,40002,16103,31007,Outros_servicos_etc,2300,,,,
1995,23,"QUADRO 23 - Despesas com Transportes no Período de Referência de 7 Dias,",2300,2300,DESPESAS COM TRANSPORTES,,34001,,34001,34001,Urbano,2301,,,,
1995,23,"QUADRO 23 - Despesas com Transportes no Período de Referência de 7 Dias,",2301,2301,ÔNIBUS URBANO,,34001,34001,34001,34001,Urbano,2302,,,,
1995,23,"QUADRO 23 - Despesas com Transportes no Período de Referência de 7 Dias,",2302,2302,TREM,,34001,34001,34001,34001,Urbano,2303,,,,
1995,23,"QUADRO 23 - Despesas com Transportes no Período de Referência de 7 Dias,",2303,2303,TÁXI,,34001,34001,34001,34001,Urbano,2304,,,,
1995,23,"QUADRO 23 - Despesas com Transportes no Período de Referência de 7 Dias,",2304,2304,METRÔ,,34001,34001,34001,34001,Urbano,2305,,,,
1995,23,"QUADRO 23 - Despesas com Transportes no Período de Referência de 7 Dias,",2305,2305,BARCA,,34001,34001,34001,34001,Urbano,2306,,,,
1995,23,"QUADRO 23 - Despesas com Transportes no Período de Referência de 7 Dias,",2306,2306,ÁLCOOL (COMBUSTÍVEL DE VEÍCULO),,34003,34003,34003,34003,Alcool_para_veiculo_proprio,2307,,,,
1995,23,"QUADRO 23 - Despesas com Transportes no Período de Referência de 7 Dias,",2307,2307,GASOLINA,,34002,34002,34002,34002,Gasolina_para_veiculo_proprio,2308,,,,
1995,23,"QUADRO 23 - Despesas com Transportes no Período de Referência de 7 Dias,",2308,2308,ESTACIONAMENTO,,34007,34007,34007,34007,Outros_transporte,2309,,,,
1995,23,"QUADRO 23 - Despesas com Transportes no Período de Referência de 7 Dias,",2309,2309,PEDAGIO,,34007,34007,34007,34007,Outros_transporte,2310,,,,
1995,23,"QUADRO 23 - Despesas com Transportes no Período de Referência de 7 Dias,",2310,2310,INTEGRAÇÃO ÔNIBUS-METRÔ,,34001,34001,34001,34001,Urbano,2311,,,,
1995,23,"QUADRO 23 - Despesas com Transportes no Período de Referência de 7 Dias,",2311,2311,INTEGRAÇÃO TREM-METRÔ,,34001,34001,34001,34001,Urbano,2312,,,,
1995,23,"QUADRO 23 - Despesas com Transportes no Período de Referência de 7 Dias,",2312,2312,ESTACIONAMENTO-METRÔ,,34007,34007,34007,34007,Outros_transporte,2313,,,,
1995,23,"QUADRO 23 - Despesas com Transportes no Período de Referência de 7 Dias,",2313,2313,ÓLEO DIESEL,,34007,34007,34007,34007,Outros_transporte,2314,,,,
1995,23,"QUADRO 23 - Despesas com Transportes no Período de Referência de 7 Dias,",2314,2314,"BONDE, BONDINHO",,34001,34001,34001,34001,Urbano,2315,,,,
1995,23,"QUADRO 23 - Despesas com Transportes no Período de Referência de 7 Dias,",2315,2315,PLANO INCLINADO,,34001,34001,34001,34001,Urbano,2316,,,,
1995,23,"QUADRO 23 - Despesas com Transportes no Período de Referência de 7 Dias,",2316,2316,INTEGRAÇÃO TREM-ÔNIBUS,,34001,34001,34001,34001,Urbano,2317,,,,
1995,23,"QUADRO 23 - Despesas com Transportes no Período de Referência de 7 Dias,",2317,2317,QUEROSENE (COMBUSTÍVEL DE VEÍCULO),,,34007,34007,34007,Outros_transporte,2318,,,,
1995,23,"QUADRO 23 - Despesas com Transportes no Período de Referência de 7 Dias,",2318,2318,GÁS,,,34007,34007,34007,Outros_transporte,2320,,,,
1995,23,"QUADRO 23 - Despesas com Transportes no Período de Referência de 7 Dias,",2320,2320,ÔNIBUS INTERMUNICIPAL,,,34001,34001,34001,Urbano,2321,,,,
1995,23,"QUADRO 23 - Despesas com Transportes no Período de Referência de 7 Dias,",2321,2321,ÔNIBUS INTERESTADUAL,,,34001,34001,34001,Urbano,2322,,,,
1995,23,"QUADRO 23 - Despesas com Transportes no Período de Referência de 7 Dias,",2322,2322,AEROBARCO,,,34001,34001,34001,Urbano,2323,,,,
1995,23,"QUADRO 23 - Despesas com Transportes no Período de Referência de 7 Dias,",2323,2323,TRANSPORTE ALTERNATIVO,,,34001,34001,34001,Urbano,2324,,,,
1995,23,"QUADRO 23 - Despesas com Transportes no Período de Referência de 7 Dias,",2324,2324,FERRY-BOAT,,,34001,34001,34001,Urbano,2325,,,,
1995,23,"QUADRO 23 - Despesas com Transportes no Período de Referência de 7 Dias,",2325,2325,BANHEIRO PÚBLICO,,,34001,34001,34001,Urbano,2326,,,,
1995,23,"QUADRO 23 - Despesas com Transportes no Período de Referência de 7 Dias,",2326,2326,MOTO-TAXI,,,34001,34001,34001,Urbano,2398,,,,
1995,23,"QUADRO 23 - Despesas com Transportes no Período de Referência de 7 Dias,",2398,2398,AGREGADO 12,,34001,34001,34001,34001,Urbano,2400,,,,
1995,24,"QUADRO 24 - Despesas com Alimentação Fora de Casa no Periodo de Referência de 7 Dias,",2400,2400,DESPESA COM ALIMENTAÇÃO FORA DE CASA,,40002,,40002,16104,xx.x.x Refeiçãoxx.x.x Refeição pronta,2401,,,,
1995,24,"QUADRO 24 - Despesas com Alimentação Fora de Casa no Periodo de Referência de 7 Dias,",2401,2401,ALMOÇO E JANTAR (REFEIÇÃO),,40002,,40002,16104,xx.x.x Refeiçãoxx.x.x Refeição pronta,2402,,,,
1995,24,"QUADRO 24 - Despesas com Alimentação Fora de Casa no Periodo de Referência de 7 Dias,",2402,2402,"LEITE, CAFÉ COM LEITE, CHOCOLATE, ETC.",,40002,,40002,16104,xx.x.x Refeiçãoxx.x.x Refeição pronta,2403,1. Cereais e leguminosas,1.1 Cereais,x.x.x Arroz integralx.x.x Arroz não especificadox.x.x Arroz polido,1101
1995,24,"QUADRO 24 - Despesas com Alimentação Fora de Casa no Periodo de Referência de 7 Dias,",2403,2403,PÃO E PÃO COM MANTEIGA,,,,,6103,x.x.x Pão francês,2404,1. Cereais e leguminosas,1.1 Cereais,x.x.x Milho secox.x.x Milho em grãox.x.x Milho verde em conservax.x.x Milho verde em espiga,1102
1995,24,"QUADRO 24 - Despesas com Alimentação Fora de Casa no Periodo de Referência de 7 Dias,",2404,2404,SANDUICHE E SALGADINHO,,,,,16105,xx.x.x Salgadinhoxx.x.x Salgadinho,2405,1. Cereais e leguminosas,1.1 Cereais,x.x.x Outros,1103
1995,24,"QUADRO 24 - Despesas com Alimentação Fora de Casa no Periodo de Referência de 7 Dias,",2405,2405,CAFEZINHO,,,,,15303,xx.x.x Outros,2406,1. Cereais e leguminosas,1.2 Leguminosas,x.x.x Feijão-fradinho,1201
1995,24,"QUADRO 24 - Despesas com Alimentação Fora de Casa no Periodo de Referência de 7 Dias,",2406,2406,REFRIGERANTE E ÁGUA MINERAL,,,,,15201,xx.x.x Água mineral,2407,1. Cereais e leguminosas,1.2 Leguminosas,x.x.x Feijão-jalo,1202
1995,24,"QUADRO 24 - Despesas com Alimentação Fora de Casa no Periodo de Referência de 7 Dias,",2407,2407,"VITAMINA, SUCO E REFRESCO DE FRUTAS OU VEGETAIS",,,,,15208,xx.x.xx Suco de fruta envasado,2408,1. Cereais e leguminosas,1.2 Leguminosas,x.x.x Feijão-manteiga,1203
1995,24,"QUADRO 24 - Despesas com Alimentação Fora de Casa no Periodo de Referência de 7 Dias,",2408,2408,"BALA, CHICLETE, DOCE, SORVETE, CHOCOLATE EM BARRA, PICOLE, ETC.",,,,,12204,xx.x.x Outrosxx.x.x Rapaduraxx.x.x Bombomxx.x.x Chicletexx.x.x Chocolate em tablete,2409,1. Cereais e leguminosas,1.2 Leguminosas,x.x.x Feijão-mulatinho,1204
1995,24,"QUADRO 24 - Despesas com Alimentação Fora de Casa no Periodo de Referência de 7 Dias,",2409,2409,AGUARDENTE,,,,,15101,xx.x.x Outras aguardentesxx.x.x Aguardente de cana,2410,1. Cereais e leguminosas,1.2 Leguminosas,x.x.x Feijão-preto,1205
1995,24,"QUADRO 24 - Despesas com Alimentação Fora de Casa no Periodo de Referência de 7 Dias,",2410,2410,CERVEJA,,,,,15102,xx.x.x Cerveja,2411,1. Cereais e leguminosas,1.2 Leguminosas,x.x.x Feijão-rajado,1206
1995,24,"QUADRO 24 - Despesas com Alimentação Fora de Casa no Periodo de Referência de 7 Dias,",2411,2411,OUTRAS BEBIDAS ALCOÓLICAS,,,,,15104,xx.x.x Outras,2412,1. Cereais e leguminosas,1.2 Leguminosas,x.x.x Feijão-roxo,1207
1995,24,"QUADRO 24 - Despesas com Alimentação Fora de Casa no Periodo de Referência de 7 Dias,",2412,2412,CHOPP,,,,,15102,xx.x.x Cerveja,2413,1. Cereais e leguminosas,1.2 Leguminosas,x.x.x Outros feijões,1208
1995,24,"QUADRO 24 - Despesas com Alimentação Fora de Casa no Periodo de Referência de 7 Dias,",2413,2413,IOGURTE,,,,,11301,xx.x.x Iogurte,2414,1. Cereais e leguminosas,1.2 Leguminosas,x.x.x Outras,1209
1995,24,"QUADRO 24 - Despesas com Alimentação Fora de Casa no Periodo de Referência de 7 Dias,",2414,2414,FRUTA,,,,,3205,x.x.x Outrasx.x.x Pêssegox.x.x Morangox.x.x Ameixa,2415,2. Hortaliças,2.1 Hortaliças folhosas e florais,x.x.x Agrião,2101
1995,24,"QUADRO 24 - Despesas com Alimentação Fora de Casa no Periodo de Referência de 7 Dias,",2415,2415,SALADA DE FRUTAS,,,,,3205,x.x.x Outrasx.x.x Pêssegox.x.x Morangox.x.x Ameixa,2416,2. Hortaliças,2.1 Hortaliças folhosas e florais,x.x.x Alface,2102
1995,24,"QUADRO 24 - Despesas com Alimentação Fora de Casa no Periodo de Referência de 7 Dias,",2416,2416,ESPIGA DE MILHO ASSADA OU COZIDA,,,,,1102,x.x.x Milho secox.x.x Milho em grãox.x.x Milho verde em conservax.x.x Milho verde em espiga,2417,2. Hortaliças,2.1 Hortaliças folhosas e florais,x.x.x Cheiro-verde,2103
1995,24,"QUADRO 24 - Despesas com Alimentação Fora de Casa no Periodo de Referência de 7 Dias,",2417,2417,TACACÁ,,,,,16104,xx.x.x Refeiçãoxx.x.x Refeição pronta,2418,2. Hortaliças,2.1 Hortaliças folhosas e florais,x.x.x Couvex.x.x Couve-brócolis,2104
1995,24,"QUADRO 24 - Despesas com Alimentação Fora de Casa no Periodo de Referência de 7 Dias,",2418,2418,BISCOITO DOCE OU SALGADO,,,,,6303,x.x.x Biscoito não especificadox.x.x Rosca docex.x.x Rosca não especificadax.x.x Rosca salgadax.x.x Outros,2419,2. Hortaliças,2.1 Hortaliças folhosas e florais,x.x.x Couve-flor,2105
1995,24,"QUADRO 24 - Despesas com Alimentação Fora de Casa no Periodo de Referência de 7 Dias,",2419,2419,TAPIOCA (BEIJU),,,,,16104,xx.x.x Refeiçãoxx.x.x Refeição pronta,2420,2. Hortaliças,2.1 Hortaliças folhosas e florais,x.x.x Repolho frescox.x.x Repolho,2106
1995,24,"QUADRO 24 - Despesas com Alimentação Fora de Casa no Periodo de Referência de 7 Dias,",2420,2420,AÇAÍ (EMULSÃO),,,,,4101,x.x.x Coco-açaí em pastax.x.x Açaí (emulsão),2421,2. Hortaliças,2.1 Hortaliças folhosas e florais,x.x.x Outrasx.x.x Acelga,2107
1995,24,"QUADRO 24 - Despesas com Alimentação Fora de Casa no Periodo de Referência de 7 Dias,",2421,2421,"CALDO (CARNE, FEIJÃO, MOCOTÓ, ETC.)",,,,,16104,xx.x.x Refeiçãoxx.x.x Refeição pronta,2422,2. Hortaliças,2.2 Hortaliças frutosas,x.x.x Abóbora comumx.x.x Abóbora,2201
1995,24,"QUADRO 24 - Despesas com Alimentação Fora de Casa no Periodo de Referência de 7 Dias,",2422,2422,CHÁ PREPARADO,,,,,15402,xx.x.x Outrosxx.x.x Chá preto,2423,2. Hortaliças,2.2 Hortaliças frutosas,x.x.x Abobrinha,2202
1995,24,"QUADRO 24 - Despesas com Alimentação Fora de Casa no Periodo de Referência de 7 Dias,",2423,2423,TUBÉRCULOS,,,,,2309,x.x.xx Outrasx.x.x Cará,2424,2. Hortaliças,2.2 Hortaliças frutosas,x.x.x Berinjela,2203
1995,24,"QUADRO 24 - Despesas com Alimentação Fora de Casa no Periodo de Referência de 7 Dias,",2424,2424,TOMATE,,,,,2210,x.x.xx Tomate,2425,2. Hortaliças,2.2 Hortaliças frutosas,x.x.x Cebolax.x.x Cebola fresca,2204
1995,24,"QUADRO 24 - Despesas com Alimentação Fora de Casa no Periodo de Referência de 7 Dias,",2425,2425,MINGAU,,,,,16104,xx.x.x Refeiçãoxx.x.x Refeição pronta,2426,2. Hortaliças,2.2 Hortaliças frutosas,x.x.x Chuchu,2205
1995,24,"QUADRO 24 - Despesas com Alimentação Fora de Casa no Periodo de Referência de 7 Dias,",2426,2426,CUSCUZ,,,,,16104,xx.x.x Refeiçãoxx.x.x Refeição pronta,2427,2. Hortaliças,2.2 Hortaliças frutosas,x.x.x Jiló,2206
1995,24,"QUADRO 24 - Despesas com Alimentação Fora de Casa no Periodo de Referência de 7 Dias,",2427,2427,CANJICA,,,,,16104,xx.x.x Refeiçãoxx.x.x Refeição pronta,2428,2. Hortaliças,2.2 Hortaliças frutosas,x.x.x Pepino fresco,2207
1995,24,"QUADRO 24 - Despesas com Alimentação Fora de Casa no Periodo de Referência de 7 Dias,",2428,2428,YAKULT,,,,,11302,xx.x.x Leite fermentado,2429,2. Hortaliças,2.2 Hortaliças frutosas,x.x.x Pimentão,2208
1995,24,"QUADRO 24 - Despesas com Alimentação Fora de Casa no Periodo de Referência de 7 Dias,",2429,2429,COALHADA,,,,,11304,xx.x.x Outros,2430,2. Hortaliças,2.2 Hortaliças frutosas,x.x.xx Quiabo,2209
1995,24,"QUADRO 24 - Despesas com Alimentação Fora de Casa no Periodo de Referência de 7 Dias,",2430,2430,PAMONHA,,,,,16104,xx.x.x Refeiçãoxx.x.x Refeição pronta,2431,2. Hortaliças,2.2 Hortaliças frutosas,x.x.xx Tomate,2210
1995,24,"QUADRO 24 - Despesas com Alimentação Fora de Casa no Periodo de Referência de 7 Dias,",2431,2431,TAFFMAN,,,,,11302,xx.x.x Leite fermentado,2432,2. Hortaliças,2.2 Hortaliças frutosas,x.x.xx Vagem,2211
1995,24,"QUADRO 24 - Despesas com Alimentação Fora de Casa no Periodo de Referência de 7 Dias,",2432,2432,ÁGUA COMUM (SACO),,,,,15201,xx.x.x Água mineral,2433,2. Hortaliças,2.2 Hortaliças frutosas,x.x.xx Outrasx.x.x Maxixex.x.x Azeitona em conservax.x.x Outros feijões,2212
1995,24,"QUADRO 24 - Despesas com Alimentação Fora de Casa no Periodo de Referência de 7 Dias,",2433,2433,ÁGUA DOCE,,,,,15201,xx.x.x Água mineral,2434,2. Hortaliças,2.3 Hortaliças tuberosas e outras,x.x.x Alho,2301
1995,24,"QUADRO 24 - Despesas com Alimentação Fora de Casa no Periodo de Referência de 7 Dias,",2434,2434,FARINHA LÁCTEA,,,,,16104,xx.x.x Refeiçãoxx.x.x Refeição pronta,2435,2. Hortaliças,2.3 Hortaliças tuberosas e outras,x.x.x Batata-doce,2302
1995,24,"QUADRO 24 - Despesas com Alimentação Fora de Casa no Periodo de Referência de 7 Dias,",2435,2435,GEMADA,,,,,16104,xx.x.x Refeiçãoxx.x.x Refeição pronta,2436,2. Hortaliças,2.3 Hortaliças tuberosas e outras,x.x.x Batata-inglesa,2303
1995,24,"QUADRO 24 - Despesas com Alimentação Fora de Casa no Periodo de Referência de 7 Dias,",2436,2436,MAMY (LEITE DE SOJA COM SABOR-LÍQUIDO),,,,,15209,xx.x.xx Outras,2437,2. Hortaliças,2.3 Hortaliças tuberosas e outras,x.x.x Batata não especificadax.x.x Batata-baroax.x.x Batata-aipo,2304
1995,24,"QUADRO 24 - Despesas com Alimentação Fora de Casa no Periodo de Referência de 7 Dias,",2437,2437,LANCHE,,,,,16104,xx.x.x Refeiçãoxx.x.x Refeição pronta,2438,2. Hortaliças,2.3 Hortaliças tuberosas e outras,x.x.x Beterraba,2305
1995,24,"QUADRO 24 - Despesas com Alimentação Fora de Casa no Periodo de Referência de 7 Dias,",2438,2438,ABARA,,,,,16104,xx.x.x Refeiçãoxx.x.x Refeição pronta,2439,2. Hortaliças,2.3 Hortaliças tuberosas e outras,x.x.x Cenoura,2306
1995,24,"QUADRO 24 - Despesas com Alimentação Fora de Casa no Periodo de Referência de 7 Dias,",2439,2439,TODDYNHO,,,,,15209,xx.x.xx Outras,2440,2. Hortaliças,2.3 Hortaliças tuberosas e outras,x.x.x Inhame,2307
1995,24,"QUADRO 24 - Despesas com Alimentação Fora de Casa no Periodo de Referência de 7 Dias,",2440,2440,MILK SHAKE,,,,,16104,xx.x.x Refeiçãoxx.x.x Refeição pronta,2498,2. Hortaliças,2.3 Hortaliças tuberosas e outras,x.x.xx Mandioca,2308
1995,24,"QUADRO 24 - Despesas com Alimentação Fora de Casa no Periodo de Referência de 7 Dias,",2498,2498,AGREGADO 13,,40002,,40002,16104,xx.x.x Refeiçãoxx.x.x Refeição pronta,2500,2. Hortaliças,2.3 Hortaliças tuberosas e outras,x.x.xx Outrasx.x.x Cará,2309
1995,25,"QUADRO 25 - Despesas com Fumo no Período de Referência de 7 Dias,",2500,2500,DESPESAS COM FUMO,,39001,,39001,39001,Fumo,2501,3. Frutas,3.1 Frutas de clima tropical,x.x.x Abacate,3101
1995,25,"QUADRO 25 - Despesas com Fumo no Período de Referência de 7 Dias,",2501,2501,CIGARRO,,39001,39001,39001,39001,Fumo,2503,3. Frutas,3.1 Frutas de clima tropical,x.x.x Abacaxi,3102
1995,25,"QUADRO 25 - Despesas com Fumo no Período de Referência de 7 Dias,",2503,2503,CHARUTO,,39001,39001,39001,39001,Fumo,2504,3. Frutas,3.1 Frutas de clima tropical,x.x.x Banana-d'água,3103
1995,25,"QUADRO 25 - Despesas com Fumo no Período de Referência de 7 Dias,",2504,2504,CIGARRILHA,,39001,39001,39001,39001,Fumo,2505,3. Frutas,3.1 Frutas de clima tropical,x.x.x Banana-maçã,3104
1995,25,"QUADRO 25 - Despesas com Fumo no Período de Referência de 7 Dias,",2505,2505,FUMO DESFIADO,,39001,39001,39001,39001,Fumo,2507,3. Frutas,3.1 Frutas de clima tropical,x.x.x Banana-prata,3105
1995,25,"QUADRO 25 - Despesas com Fumo no Período de Referência de 7 Dias,",2507,2507,FÓSFOROS (FUMANTE),,39001,39001,39001,39001,Fumo,2509,3. Frutas,3.1 Frutas de clima tropical,x.x.x Outras bananasx.x.x Banana-ourox.x.x Banana-da-terra,3106
1995,25,"QUADRO 25 - Despesas com Fumo no Período de Referência de 7 Dias,",2509,2509,PITEIRA,,39001,39001,39001,39001,Fumo,2510,3. Frutas,3.1 Frutas de clima tropical,x.x.xx Laranja-baía,3107
1995,25,"QUADRO 25 - Despesas com Fumo no Período de Referência de 7 Dias,",2510,2510,FLUIDO DE ISQUEIRO,,39001,39001,39001,39001,Fumo,2511,3. Frutas,3.1 Frutas de clima tropical,x.x.xx Laranja-lima,3108
1995,25,"QUADRO 25 - Despesas com Fumo no Período de Referência de 7 Dias,",2511,2511,GÁS DE ISQUEIRO,,39001,39001,39001,39001,Fumo,2512,3. Frutas,3.1 Frutas de clima tropical,x.x.xx Laranja-pêra,3109
1995,25,"QUADRO 25 - Despesas com Fumo no Período de Referência de 7 Dias,",2512,2512,PEDRA DE ISQUEIRO,,39001,39001,39001,39001,Fumo,2513,3. Frutas,3.1 Frutas de clima tropical,x.x.xx Laranja-seleta,3110
1995,25,"QUADRO 25 - Despesas com Fumo no Período de Referência de 7 Dias,",2513,2513,FUMO DE ROLO,,39001,39001,39001,39001,Fumo,2514,3. Frutas,3.1 Frutas de clima tropical,x.x.xx Limão comum,3111
1995,25,"QUADRO 25 - Despesas com Fumo no Período de Referência de 7 Dias,",2514,2514,RAPÉ,,39001,39001,39001,39001,Fumo,2515,3. Frutas,3.1 Frutas de clima tropical,x.x.xx Mamão,3112
1995,25,"QUADRO 25 - Despesas com Fumo no Período de Referência de 7 Dias,",2515,2515,CIGARRO DE PALHA,,39001,39001,39001,39001,Fumo,2516,3. Frutas,3.1 Frutas de clima tropical,x.x.xx Manga,3113
1995,25,"QUADRO 25 - Despesas com Fumo no Período de Referência de 7 Dias,",2516,2516,PALHA DE CIGARRO,,39001,39001,39001,39001,Fumo,2517,3. Frutas,3.1 Frutas de clima tropical,x.x.xx Maracujá,3114
1995,25,"QUADRO 25 - Despesas com Fumo no Período de Referência de 7 Dias,",2517,2517,MACONHA,,39001,39001,39001,39001,Fumo,2518,3. Frutas,3.1 Frutas de clima tropical,x.x.x Melancia,3115
1995,25,"QUADRO 25 - Despesas com Fumo no Período de Referência de 7 Dias,",2518,2518,COCAINA,,39001,39001,39001,39001,Fumo,2598,3. Frutas,3.1 Frutas de clima tropical,x.x.xx Melão,3116
1995,25,"QUADRO 25 - Despesas com Fumo no Período de Referência de 7 Dias,",2598,2598,AGREGADO 14,,39001,39001,39001,39001,Fumo,2600,3. Frutas,3.1 Frutas de clima tropical,x.x.xx Tangerina,3117
1995,26,"QUADRO 26 - Despesas com Jogos e Apostas no Período de Referência de 7 Dias,",2600,2600,DESPESAS COM JOGOS E APOSTAS,,40001,,40001,40001,Jogos_e_apostas,2601,3. Frutas,3.1 Frutas de clima tropical,x.x.xx Outrasx.x.xx Outras laranjasx.x.x Goiabax.x.x Acerola,3118
1995,26,"QUADRO 26 - Despesas com Jogos e Apostas no Período de Referência de 7 Dias,",2601,2601,LOTERIA ESPORTIVA,,40001,40001,40001,40001,Jogos_e_apostas,2602,3. Frutas,3.2 Frutas de clima temperado,x.x.x Caqui,3201
1995,26,"QUADRO 26 - Despesas com Jogos e Apostas no Período de Referência de 7 Dias,",2602,2602,LOTERIA FEDERAL E ESTADUAL,,40001,40001,40001,40001,Jogos_e_apostas,2603,3. Frutas,3.2 Frutas de clima temperado,x.x.x Maçã,3202
1995,26,"QUADRO 26 - Despesas com Jogos e Apostas no Período de Referência de 7 Dias,",2603,2603,LOTO,,40001,40001,40001,40001,Jogos_e_apostas,2604,3. Frutas,3.2 Frutas de clima temperado,x.x.x Pêra,3203
1995,26,"QUADRO 26 - Despesas com Jogos e Apostas no Período de Referência de 7 Dias,",2604,2604,JOGO DO BICHO,,40001,40001,40001,40001,Jogos_e_apostas,2605,3. Frutas,3.2 Frutas de clima temperado,x.x.x Uva,3204
1995,26,"QUADRO 26 - Despesas com Jogos e Apostas no Período de Referência de 7 Dias,",2605,2605,CORRIDA DE CAVALOS,,40001,40001,40001,40001,Jogos_e_apostas,2606,3. Frutas,3.2 Frutas de clima temperado,x.x.x Outrasx.x.x Pêssegox.x.x Morangox.x.x Ameixa,3205
1995,26,"QUADRO 26 - Despesas com Jogos e Apostas no Período de Referência de 7 Dias,",2606,2606,BRIGA DE GALOS,,40001,40001,40001,40001,Jogos_e_apostas,2607,"4. Cocos, castanhas e nozes",4.1 Cocos,x.x.x Coco-açaí em pastax.x.x Açaí (emulsão),4101
1995,26,"QUADRO 26 - Despesas com Jogos e Apostas no Período de Referência de 7 Dias,",2607,2607,JOGO DE CARTAS,,40001,40001,40001,40001,Jogos_e_apostas,2608,"4. Cocos, castanhas e nozes",4.1 Cocos,x.x.x Coco-da-baía,4103
1995,26,"QUADRO 26 - Despesas com Jogos e Apostas no Período de Referência de 7 Dias,",2608,2608,OUTROS JOGOS E APOSTAS,,40001,40001,40001,40001,Jogos_e_apostas,2609,"4. Cocos, castanhas e nozes",4.1 Cocos,x.x.x Outros,4104
1995,26,"QUADRO 26 - Despesas com Jogos e Apostas no Período de Referência de 7 Dias,",2609,2609,RIFA,,40001,40001,40001,40001,Jogos_e_apostas,2610,"5. Farinhas, féculas e massas",5.1 Farinhas,x.x.x Farinha de mandioca,5101
1995,26,"QUADRO 26 - Despesas com Jogos e Apostas no Período de Referência de 7 Dias,",2610,2610,BINGO,,40001,40001,40001,40001,Jogos_e_apostas,2612,"5. Farinhas, féculas e massas",5.1 Farinhas,x.x.x Farinha de rosca,5102
1995,26,"QUADRO 26 - Despesas com Jogos e Apostas no Período de Referência de 7 Dias,",2612,2612,SENA,,,40001,40001,40001,Jogos_e_apostas,2613,"5. Farinhas, féculas e massas",5.1 Farinhas,x.x.x Farinha de trigo,5103
1995,26,"QUADRO 26 - Despesas com Jogos e Apostas no Período de Referência de 7 Dias,",2613,2613,TELESENA,,,40001,40001,40001,Jogos_e_apostas,2614,"5. Farinhas, féculas e massas",5.1 Farinhas,x.x.x Farinha vitaminada,5104
1995,26,"QUADRO 26 - Despesas com Jogos e Apostas no Período de Referência de 7 Dias,",2614,2614,RASPADINHA,,,40001,40001,40001,Jogos_e_apostas,2615,"5. Farinhas, féculas e massas",5.1 Farinhas,x.x.x Outras,5105
1995,26,"QUADRO 26 - Despesas com Jogos e Apostas no Período de Referência de 7 Dias,",2615,2615,PAPATUDO,,,40001,40001,40001,Jogos_e_apostas,2616,"5. Farinhas, féculas e massas",5.2 Féculas,x.x.x Amido de milho,5201
1995,26,"QUADRO 26 - Despesas com Jogos e Apostas no Período de Referência de 7 Dias,",2616,2616,QUINA,,,40001,40001,40001,Jogos_e_apostas,2698,"5. Farinhas, féculas e massas",5.2 Féculas,x.x.x Fubá de milho x.x.x Creme de milho,5202
1995,26,"QUADRO 26 - Despesas com Jogos e Apostas no Período de Referência de 7 Dias,",2698,2698,AGREGADO 15,,40001,40001,40001,40001,Jogos_e_apostas,2700,"5. Farinhas, féculas e massas",5.2 Féculas,x.x.x Fécula de mandioca,5203
1995,27,"QUADRO 27 - Despesas com Leitura no Período de Referência de 7 Dias,",2700,2700,DESPESAS COM LEITURA,,38003,,38003,38003,Periodicos_livros_e_revistas,2701,"5. Farinhas, féculas e massas",5.2 Féculas,x.x.x Flocos de milho,5204
1995,27,"QUADRO 27 - Despesas com Leitura no Período de Referência de 7 Dias,",2701,2701,JORNAL,,38003,38003,38003,38003,Periodicos_livros_e_revistas,2702,"5. Farinhas, féculas e massas",5.2 Féculas,x.x.x Flocos de cerealx.x.x Flocos de aveiax.x.x Flocos de outros cereaisx.x.x Outras,5206
1995,27,"QUADRO 27 - Despesas com Leitura no Período de Referência de 7 Dias,",2702,2702,REVISTA INFANTIL,,38003,38003,38003,38003,Periodicos_livros_e_revistas,2703,"5. Farinhas, féculas e massas",5.3 Massas,x.x.x Macarrão com ovosx.x.x Macarrão não especificadox.x.x Macarrão sem ovos,5301
1995,27,"QUADRO 27 - Despesas com Leitura no Período de Referência de 7 Dias,",2703,2703,OUTRAS REVISTAS,,38003,38003,38003,38003,Periodicos_livros_e_revistas,2704,"5. Farinhas, féculas e massas",5.3 Massas,x.x.x Massa de pastel,5302
1995,27,"QUADRO 27 - Despesas com Leitura no Período de Referência de 7 Dias,",2704,2704,ALBUM E FIGURINHAS,,38005,38005,38005,38005,Outras_recreacao_etc,2705,"5. Farinhas, féculas e massas",5.3 Massas,x.x.x Massa de pizzax.x.x Outrasx.x.x Massa de lasanha,5303
1995,27,"QUADRO 27 - Despesas com Leitura no Período de Referência de 7 Dias,",2705,2705,FOLHETO,,38005,38005,38005,38005,Outras_recreacao_etc,2798,6. Panificados,6.1 Pães,x.x.x Pão de forma industrializado,6101
1995,27,"QUADRO 27 - Despesas com Leitura no Período de Referência de 7 Dias,",2798,2798,AGREGADO 16,,38005,38005,38005,38005,Outras_recreacao_etc,2800,6. Panificados,6.1 Pães,x.x.x Pão doce,6102
1995,28,QUADRO 28 - Despesas com Diversões e Esportes no Período de Referência de 30 Dias;,2800,2800,DESPESAS COM DIVERSÕES E ESPORTES,,38005,,38005,38005,Outras_recreacao_etc,2801,6. Panificados,6.1 Pães,x.x.x Pão francês,6103
1995,28,QUADRO 28 - Despesas com Diversões e Esportes no Período de Referência de 30 Dias;,2801,2801,CINEMA,,38004,38004,38004,38004,Diversoes_e_esportes,2802,6. Panificados,6.1 Pães,x.x.x Pão caseirox.x.x Pão de forma de padariax.x.x Pão de milhox.x.x Pão de queijox.x.x Pão integralx.x.x Torradax.x.x Outros,6104
1995,28,QUADRO 28 - Despesas com Diversões e Esportes no Período de Referência de 30 Dias;,2802,2802,TEATRO,,38004,38004,38004,38004,Diversoes_e_esportes,2803,6. Panificados,6.2 Bolos,x.x.x Bolo de trigox.x.x Outros bolos,6201
1995,28,QUADRO 28 - Despesas com Diversões e Esportes no Período de Referência de 30 Dias;,2803,2803,FUTEBOL,,38004,38004,38004,38004,Diversoes_e_esportes,2804,6. Panificados,"6.3 Biscoitos, roscas, etc.",x.x.x Biscoito doce,6301
1995,28,QUADRO 28 - Despesas com Diversões e Esportes no Período de Referência de 30 Dias;,2804,2804,"VOLEIBOL, BASQUETEBOL, ETC.",,37004,38004,37004,37004,Livros_e_revistas_tecnicas,2805,6. Panificados,"6.3 Biscoitos, roscas, etc.",x.x.x Biscoito salgado,6302
1995,28,QUADRO 28 - Despesas com Diversões e Esportes no Período de Referência de 30 Dias;,2805,2805,CLUBE (MENSALIDADE E TAXA),,38003,38004,38003,38003,Periodicos_livros_e_revistas,2806,6. Panificados,"6.3 Biscoitos, roscas, etc.",x.x.x Biscoito não especificadox.x.x Rosca docex.x.x Rosca não especificadax.x.x Rosca salgadax.x.x Outros,6303
1995,28,QUADRO 28 - Despesas com Diversões e Esportes no Período de Referência de 30 Dias;,2806,2806,DISCO DE VINIL,,38004,38004,38004,38004,Diversoes_e_esportes,2807,7. Carnes,7.1 Carnes bovinas de primeira,x.x.x Alcatra,7101
1995,28,QUADRO 28 - Despesas com Diversões e Esportes no Período de Referência de 30 Dias;,2807,2807,FILME E FLASH DESCARTAVEL,,38004,38004,38004,38004,Diversoes_e_esportes,2808,7. Carnes,7.1 Carnes bovinas de primeira,x.x.x Carne moída,7102
1995,28,QUADRO 28 - Despesas com Diversões e Esportes no Período de Referência de 30 Dias;,2808,2808,REVELAÇÃO E CÓPIA,,38004,38004,38004,38004,Diversoes_e_esportes,2809,7. Carnes,7.1 Carnes bovinas de primeira,x.x.x Carne não especificada,7103
1995,28,QUADRO 28 - Despesas com Diversões e Esportes no Período de Referência de 30 Dias;,2809,2809,ALUGUEL DE FITA DE VIDEOCASSETE,,38004,38004,38004,38004,Diversoes_e_esportes,2810,7. Carnes,7.1 Carnes bovinas de primeira,x.x.x Chã-de-dentro,7104
1995,28,QUADRO 28 - Despesas com Diversões e Esportes no Período de Referência de 30 Dias;,2810,2810,FITA DE VIDEOCASSETE GRAVADA,,38004,38004,38004,38004,Diversoes_e_esportes,2811,7. Carnes,7.1 Carnes bovinas de primeira,x.x.x Contrafilé,7105
1995,28,QUADRO 28 - Despesas com Diversões e Esportes no Período de Referência de 30 Dias;,2811,2811,SHOW,,38004,38004,38004,38004,Diversoes_e_esportes,2812,7. Carnes,7.1 Carnes bovinas de primeira,x.x.x Filé e filé mignonx.x.x Filé mignon,7106
1995,28,QUADRO 28 - Despesas com Diversões e Esportes no Período de Referência de 30 Dias;,2812,2812,PARQUE DE DIVERSÕES,,,38004,38004,38004,Diversoes_e_esportes,2813,7. Carnes,7.1 Carnes bovinas de primeira,x.x.x Lagarto comum,7107
1995,28,QUADRO 28 - Despesas com Diversões e Esportes no Período de Referência de 30 Dias;,2813,2813,JARDIM ZOOLÓGICO,,,38004,38004,38004,Diversoes_e_esportes,2814,7. Carnes,7.1 Carnes bovinas de primeira,x.x.x Lagarto redondo,7108
1995,28,QUADRO 28 - Despesas com Diversões e Esportes no Período de Referência de 30 Dias;,2814,2814,MUSEU,,,38004,38004,38004,Diversoes_e_esportes,2815,7. Carnes,7.1 Carnes bovinas de primeira,x.x.x Patinho,7109
1995,28,QUADRO 28 - Despesas com Diversões e Esportes no Período de Referência de 30 Dias;,2815,2815,JOGOS ELETRÔNICOS (FICHA),,,38004,38004,38004,Diversoes_e_esportes,2816,7. Carnes,7.2 Carnes bovinas de segunda,x.x.x Acém,7201
1995,28,QUADRO 28 - Despesas com Diversões e Esportes no Período de Referência de 30 Dias;,2816,2816,LOCAÇÃO DE CHARRETE (PASSEIO),,,38004,38004,38004,Diversoes_e_esportes,2817,7. Carnes,7.2 Carnes bovinas de segunda,x.x.x Carne moída,7203
1995,28,QUADRO 28 - Despesas com Diversões e Esportes no Período de Referência de 30 Dias;,2817,2817,ALUGUEL DE QUADRA E CAMPO,,,38004,38004,38004,Diversoes_e_esportes,2818,7. Carnes,7.2 Carnes bovinas de segunda,x.x.x Costela,7204
1995,28,QUADRO 28 - Despesas com Diversões e Esportes no Período de Referência de 30 Dias;,2818,2818,EXPOSIÇÃO (INGRESSO),,,38004,38004,38004,Diversoes_e_esportes,2819,7. Carnes,7.2 Carnes bovinas de segunda,x.x.x Músculo,7205
1995,28,QUADRO 28 - Despesas com Diversões e Esportes no Período de Referência de 30 Dias;,2819,2819,CIRCO,,,38004,38004,38004,Diversoes_e_esportes,2820,7. Carnes,7.2 Carnes bovinas de segunda,x.x.x Pá,7206
1995,28,QUADRO 28 - Despesas com Diversões e Esportes no Período de Referência de 30 Dias;,2820,2820,"BOITE, DANCETERIA E DISCOTECA",,,38004,38004,38004,Diversoes_e_esportes,2821,7. Carnes,7.2 Carnes bovinas de segunda,x.x.x Peito,7207
1995,28,QUADRO 28 - Despesas com Diversões e Esportes no Período de Referência de 30 Dias;,2821,2821,"SINUCA, TOTO E BOLICHE",,,38004,38004,38004,Diversoes_e_esportes,2822,7. Carnes,7.2 Carnes bovinas de segunda,x.x.x Outros  Capa de filéx.x.x Carne não especificadax.x.x Carne de hambúrgerx.x.x Carne de solx.x.x Carne moída não especificadax.x.x Carne não especificadax.x.x Mocotóx.x.x Outras x.x.x Carne-seca,7208
1995,28,QUADRO 28 - Despesas com Diversões e Esportes no Período de Referência de 30 Dias;,2822,2822,FOGOS E ARTEFATOS JUNINOS,,,38004,38004,38004,Diversoes_e_esportes,2825,7. Carnes,7.4 Carnes suínas com osso e sem osso,x.x.x Carré,7401
1995,28,QUADRO 28 - Despesas com Diversões e Esportes no Período de Referência de 30 Dias;,2825,2825,MOTEL,,,38004,38004,38004,Diversoes_e_esportes,2828,7. Carnes,7.4 Carnes suínas com osso e sem osso,x.x.x Costela,7402
1995,28,QUADRO 28 - Despesas com Diversões e Esportes no Período de Referência de 30 Dias;,2828,2828,"ALUGUEL DE CLUBE, TEATRO, ETC., PARA SHOW",,,38004,38004,38004,Diversoes_e_esportes,2829,7. Carnes,7.4 Carnes suínas com osso e sem osso,x.x.x Lombo,7403
1995,28,QUADRO 28 - Despesas com Diversões e Esportes no Período de Referência de 30 Dias;,2829,2829,PROSTITUTA,,,38004,38004,38004,Diversoes_e_esportes,2830,7. Carnes,7.4 Carnes suínas com osso e sem osso,x.x.x Pernil,7404
1995,28,QUADRO 28 - Despesas com Diversões e Esportes no Período de Referência de 30 Dias;,2830,2830,PIQUENIQUE (TAXA),,,38004,38004,38004,Diversoes_e_esportes,2831,7. Carnes,7.4 Carnes suínas com osso e sem osso,x.x.x Porco evisceradox.x.x Outras,7405
1995,28,QUADRO 28 - Despesas com Diversões e Esportes no Período de Referência de 30 Dias;,2831,2831,TAXA DE SALTO (PARQUEDISMO),,,38004,38004,38004,Diversoes_e_esportes,2832,7. Carnes,7.5 Carnes suínas outras,x.x.x Mortadela,7501
1995,28,QUADRO 28 - Despesas com Diversões e Esportes no Período de Referência de 30 Dias;,2832,2832,PLANETÁRIO,,,38004,38004,38004,Diversoes_e_esportes,2833,7. Carnes,7.5 Carnes suínas outras,x.x.x Presunto,7502
1995,28,QUADRO 28 - Despesas com Diversões e Esportes no Período de Referência de 30 Dias;,2833,2833,HIDRELÉTRICA,,,38004,38004,38004,Diversoes_e_esportes,2834,7. Carnes,7.5 Carnes suínas outras,x.x.x Salsichax.x.x Salsicha comum,7503
1995,28,QUADRO 28 - Despesas com Diversões e Esportes no Período de Referência de 30 Dias;,2834,2834,"PISCINA EM PARQUE, RESERVA, ETC.",,,38004,38004,38004,Diversoes_e_esportes,2835,7. Carnes,7.5 Carnes suínas outras,x.x.x Toucinho frescox.x.x Toucinho defumadox.x.x Toucinho,7504
1995,28,QUADRO 28 - Despesas com Diversões e Esportes no Período de Referência de 30 Dias;,2835,2835,RINHA (INGRESSO),,,38004,38004,38004,Diversoes_e_esportes,2836,7. Carnes,7.5 Carnes suínas outras,x.x.xx Outrasx.x.x Cane salgada não especificadax.x.x Costela de porco salgadax.x.x Paiox.x.x Pé de porco salgadox.x.x Salame,7506
1995,28,QUADRO 28 - Despesas com Diversões e Esportes no Período de Referência de 30 Dias;,2836,2836,RODEIO (INGRESSO),,,38004,38004,38004,Diversoes_e_esportes,2837,7. Carnes,7.6 Carnes de outros animais,x.x.x Linguiça,7601
1995,28,QUADRO 28 - Despesas com Diversões e Esportes no Período de Referência de 30 Dias;,2837,2837,CARREGADOR DE TACOS DE GOLFE,,,38004,38004,38004,Diversoes_e_esportes,2838,7. Carnes,7.6 Carnes de outros animais,x.x.x Outrasx.x.x Carne de cabritox.x.x Carne de carneiro,7602
1995,28,QUADRO 28 - Despesas com Diversões e Esportes no Período de Referência de 30 Dias;,2838,2838,SERESTA,,,38004,38004,38004,Diversoes_e_esportes,2839,8. Vísceras,8.1 Vísceras,x.x.x Bovina Fígado,8101
1995,28,QUADRO 28 - Despesas com Diversões e Esportes no Período de Referência de 30 Dias;,2839,2839,ALUGUEL DE BRINQUEDO ELÉTRICO OU ELETRÔNICO,,,38004,38004,38004,Diversoes_e_esportes,2840,8. Vísceras,8.1 Vísceras,x.x.x Bovina Outrasx.x.x Buchox.x.x Língua,8102
1995,28,QUADRO 28 - Despesas com Diversões e Esportes no Período de Referência de 30 Dias;,2840,2840,DISCO LASER,,,38004,38004,38004,Diversoes_e_esportes,2841,8. Vísceras,8.1 Vísceras,x.x.x Vísceras suínasx.x Vísceras suínas,8103
1995,28,QUADRO 28 - Despesas com Diversões e Esportes no Período de Referência de 30 Dias;,2841,2841,FITA DE VIDEO GAME,,,38004,38004,38004,Diversoes_e_esportes,2842,8. Vísceras,8.1 Vísceras,x.x.x Outras víscerasx.x Outras vísceras,8104
1995,28,QUADRO 28 - Despesas com Diversões e Esportes no Período de Referência de 30 Dias;,2842,2842,ALUGUEL DE FITA DE VIDEO GAME,,,38004,38004,38004,Diversoes_e_esportes,2843,9. Pescados,9.1 Pescados de água salgada,x.x.x Bacalhau,9101
1995,28,QUADRO 28 - Despesas com Diversões e Esportes no Período de Referência de 30 Dias;,2843,2843,FITA CASSETE GRAVADA,,,38004,38004,38004,Diversoes_e_esportes,2844,9. Pescados,9.1 Pescados de água salgada,x.x.x Camarão fresco,9102
1995,28,QUADRO 28 - Despesas com Diversões e Esportes no Período de Referência de 30 Dias;,2844,2844,FITA CASSETE VIRGEM,,,38004,38004,38004,Diversoes_e_esportes,2845,9. Pescados,9.1 Pescados de água salgada,x.x.x Corvina fresca,9103
1995,28,QUADRO 28 - Despesas com Diversões e Esportes no Período de Referência de 30 Dias;,2845,2845,FITA DE VIDEOCASSETE VIRGEM,,,38004,38004,38004,Diversoes_e_esportes,2846,9. Pescados,9.1 Pescados de água salgada,x.x.xx Pescada em filé fresco,9104
1995,28,QUADRO 28 - Despesas com Diversões e Esportes no Período de Referência de 30 Dias;,2846,2846,ALUGUEL DE COMPACT DISC,,,38004,38004,38004,Diversoes_e_esportes,2847,9. Pescados,9.1 Pescados de água salgada,x.x.xx Sardinha em conserva,9107
1995,28,QUADRO 28 - Despesas com Diversões e Esportes no Período de Referência de 30 Dias;,2847,2847,CD ROOM (DISCO),,,38004,38004,38004,Diversoes_e_esportes,2848,9. Pescados,9.1 Pescados de água salgada,x.x.xx Sardinha fresca,9108
1995,28,QUADRO 28 - Despesas com Diversões e Esportes no Período de Referência de 30 Dias;,2848,2848,DISQUETE PARA COMPUTADOR,,,38004,38004,38004,Diversoes_e_esportes,2849,9. Pescados,9.1 Pescados de água salgada,x.x.xx Outrosx.x.x Anchova frescax.x.x Bagre frescox.x.x Cação frescox.x.x Meluza em filé congeladox.x.x Merluza em filé frescox.x.x Parati frescox.x.x Pescada em filé congeladox.x.xx Tainha frescax.x.xx Outros pescados em filé congeladox.x.xx Outros pescados em filé frescox.x.xx Outros pescados frescosx.x.x Outros pescados salgados,9109
1995,28,QUADRO 28 - Despesas com Diversões e Esportes no Período de Referência de 30 Dias;,2849,2849,PISTA DE PATINAÇÃO (INGRESSO),,,38004,38004,38004,Diversoes_e_esportes,2850,9. Pescados,9.2 Pescados de água doce e congelados,x.x.x Pescados de água docex.x.x Acará frescax.x.x Acari frescox.x.x Anujá frescox.x.x Curimatã frescox.x.x Dourada frescax.x.x Jaraqui frescox.x.x Lambari frescox.x.x Mapará frescox.x.x Piau frescox.x.xx Surubim frescox.x.xx Tambaqui frescox.x.xx Tilápia frescax.x.xx Traíra frescax.x.xx Tucunaré frescox.x.xx Outros pescados em filé congeladox.x.xx Outros pescados em filé frescox.x.xx Outros pescados frescosx.x.xx Outros pescados salgadosx.x Pescados não especificadosx.x.x Peixe em filé congeladox.x.x Peixe em filé frescox.x.x Peixe frescox.x.x Peixe salgado,9201
1995,28,QUADRO 28 - Despesas com Diversões e Esportes no Período de Referência de 30 Dias;,2850,2850,HOTEL (INGRESSO),,,38004,38004,38004,Diversoes_e_esportes,2851,10. Aves e ovos,10.1 Aves,xx.x.x Asa de frangoxx.x.x Asa de galinha,10101
1995,28,QUADRO 28 - Despesas com Diversões e Esportes no Período de Referência de 30 Dias;,2851,2851,PESQUE-PAGUE,,,38004,38004,38004,Diversoes_e_esportes,2852,10. Aves e ovos,10.1 Aves,xx.x.x Carne de frango não especificadaxx.x.x Carne não especificada de galinha,10102
1995,28,QUADRO 28 - Despesas com Diversões e Esportes no Período de Referência de 30 Dias;,2852,2852,FITA DE IMPRESSORA PARA COMPUTADOR,,,38004,38004,38004,Diversoes_e_esportes,2853,10. Aves e ovos,10.1 Aves,xx.x.x Coxa de frangoxx.x.x Coxa de galinha,10103
1995,28,QUADRO 28 - Despesas com Diversões e Esportes no Período de Referência de 30 Dias;,2853,2853,TÍTULO DE TURISMO (MENSALIDADE),,,38004,38004,38004,Diversoes_e_esportes,2854,10. Aves e ovos,10.1 Aves,xx.x.x Frango abatido (inteiro)xx.x.x Frango abatido,10104
1995,28,QUADRO 28 - Despesas com Diversões e Esportes no Período de Referência de 30 Dias;,2854,2854,ALUGEL DE BRINQUEDO NÃO ELÉTRICO OU NÃO ELETRÔNICO,,,38004,38004,38004,Diversoes_e_esportes,2898,10. Aves e ovos,10.1 Aves,xx.x.x Frango vivo,10105
1995,28,QUADRO 28 - Despesas com Diversões e Esportes no Período de Referência de 30 Dias;,2898,2898,AGREGADO 17,,38004,38004,38004,38004,Diversoes_e_esportes,2900,10. Aves e ovos,10.1 Aves,xx.x.x Peito de frangoxx.x.x Peito de galinha,10106
1995,29,"QUADRO 29 - Despesas com Produtos Farmacêuticos no Período de Referência de 30 Dias,",2900,2900,DESPESAS COM PRODUTOS FARMACEUTICOS,,36001,,36001,36001,Remedios,2901,10. Aves e ovos,10.1 Aves,xx.x.xx Outrasxx.x.x Dorso de frangoxx.x.x Miúdos de frangoxx.x.x Outras carnes de frangoxx.x.xx Pato inteiro ou em cortesxx.x.xx Peru abatidoxx.x.xx Peru em cortes,10107
1995,29,"QUADRO 29 - Despesas com Produtos Farmacêuticos no Período de Referência de 30 Dias,",2901,2901,ANTINFECCIOSO E ANTIBIÓTICO,,36001,36001,36001,36001,Remedios,2902,10. Aves e ovos,10.2 Ovos,xx.x.x Ovo de galinha,10201
1995,29,"QUADRO 29 - Despesas com Produtos Farmacêuticos no Período de Referência de 30 Dias,",2902,2902,ANALGÉSICO E ANTITÉRMICO,,36001,36001,36001,36001,Remedios,2903,10. Aves e ovos,10.2 Ovos,xx.x.x Outros,10202
1995,29,"QUADRO 29 - Despesas com Produtos Farmacêuticos no Período de Referência de 30 Dias,",2903,2903,ANTINFLAMATÓRIO,,36001,36001,36001,36001,Remedios,2904,11. Laticínios,11.1 Leite e creme de leite,xx.x.x Creme de leitexx.x.x Creme de leite em conserva,11101
1995,29,"QUADRO 29 - Despesas com Produtos Farmacêuticos no Período de Referência de 30 Dias,",2904,2904,ANTIGRIPAL E ANTITUSSIGENO,,36001,36001,36001,36001,Remedios,2905,11. Laticínios,11.1 Leite e creme de leite,xx.x.x Leite condensado,11102
1995,29,"QUADRO 29 - Despesas com Produtos Farmacêuticos no Período de Referência de 30 Dias,",2905,2905,ANTIALÉRGICO,,36001,36001,36001,36001,Remedios,2906,11. Laticínios,11.1 Leite e creme de leite,xx.x.x Leite de vaca fresco,11103
1995,29,"QUADRO 29 - Despesas com Produtos Farmacêuticos no Período de Referência de 30 Dias,",2906,2906,VASO DILATADOR E PARA PRESSÃO ARTERIAL,,36001,36001,36001,36001,Remedios,2907,11. Laticínios,11.1 Leite e creme de leite,xx.x.x Leite de vaca pasteurizado,11104
1995,29,"QUADRO 29 - Despesas com Produtos Farmacêuticos no Período de Referência de 30 Dias,",2907,2907,CALMANTE ESTIMULANTE,,36001,36001,36001,36001,Remedios,2908,11. Laticínios,11.1 Leite e creme de leite,xx.x.x Leite em pó integralxx.x.x Leite em pó desengorduradoxx.x.x Leite em pó não especificado,11105
1995,29,"QUADRO 29 - Despesas com Produtos Farmacêuticos no Período de Referência de 30 Dias,",2908,2908,PARA O FÍGADO (HEPÁTICO),,36001,36001,36001,36001,Remedios,2909,11. Laticínios,11.1 Leite e creme de leite,xx.x.x Outros,11106
1995,29,"QUADRO 29 - Despesas com Produtos Farmacêuticos no Período de Referência de 30 Dias,",2909,2909,PARA OS RINS (RENAL),,36001,36001,36001,36001,Remedios,2910,11. Laticínios,11.2 Queijos e requeijão,xx.x.x Queijo minas,11201
1995,29,"QUADRO 29 - Despesas com Produtos Farmacêuticos no Período de Referência de 30 Dias,",2910,2910,ANTIÁCIDO,,36001,36001,36001,36001,Remedios,2911,11. Laticínios,11.2 Queijos e requeijão,xx.x.x Queijo mozarela,11202
1995,29,"QUADRO 29 - Despesas com Produtos Farmacêuticos no Período de Referência de 30 Dias,",2911,2911,FORTIFICANTE,,36001,36001,36001,36001,Remedios,2912,11. Laticínios,11.2 Queijos e requeijão,xx.x.x Queijo prato,11203
1995,29,"QUADRO 29 - Despesas com Produtos Farmacêuticos no Período de Referência de 30 Dias,",2912,2912,ANTICONCEPCIONAL E HORMÔNIO,,36001,36001,36001,36001,Remedios,2913,11. Laticínios,11.2 Queijos e requeijão,xx.x.x Outros queijosxx.x.x Queijo não especificadoxx.x.x Queijo parmezão,11204
1995,29,"QUADRO 29 - Despesas com Produtos Farmacêuticos no Período de Referência de 30 Dias,",2913,2913,MODERADOR DE APETITE,,36001,36001,36001,36001,Remedios,2914,11. Laticínios,11.2 Queijos e requeijão,xx.x.x Requeijão,11205
1995,29,"QUADRO 29 - Despesas com Produtos Farmacêuticos no Período de Referência de 30 Dias,",2914,2914,PARA DIABETES,,36001,36001,36001,36001,Remedios,2915,11. Laticínios,11.3 Outros laticínios,xx.x.x Iogurte,11301
1995,29,"QUADRO 29 - Despesas com Produtos Farmacêuticos no Período de Referência de 30 Dias,",2915,2915,DERMATOLOGICO,,36001,36001,36001,36001,Remedios,2916,11. Laticínios,11.3 Outros laticínios,xx.x.x Leite fermentado,11302
1995,29,"QUADRO 29 - Despesas com Produtos Farmacêuticos no Período de Referência de 30 Dias,",2916,2916,VITAMINA (EXCETO B12),,36001,36001,36001,36001,Remedios,2917,11. Laticínios,11.3 Outros laticínios,xx.x.x Manteiga,11303
1995,29,"QUADRO 29 - Despesas com Produtos Farmacêuticos no Período de Referência de 30 Dias,",2917,2917,QUIMIOTERÁPICO,,36001,36001,36001,36001,Remedios,2918,11. Laticínios,11.3 Outros laticínios,xx.x.x Outros,11304
1995,29,"QUADRO 29 - Despesas com Produtos Farmacêuticos no Período de Referência de 30 Dias,",2918,2918,ANTIDIARREICO,,36001,36001,36001,36001,Remedios,2919,12. Açúcares e produtos de confeitaria,"12.1 Açúcares, doces e produtos de confeitaria",xx.x.x Açúcar cristal,12101
1995,29,"QUADRO 29 - Despesas com Produtos Farmacêuticos no Período de Referência de 30 Dias,",2919,2919,ANTICONVULSIVO,,,36001,36001,36001,Remedios,2920,12. Açúcares e produtos de confeitaria,"12.1 Açúcares, doces e produtos de confeitaria",xx.x.x Açúcar refinadoxx.x.x Açúcar não especificadoxx.x.x Açúcar demerara,12102
1995,29,"QUADRO 29 - Despesas com Produtos Farmacêuticos no Período de Referência de 30 Dias,",2920,2920,VERMIFUGO,,,36001,36001,36001,Remedios,2921,12. Açúcares e produtos de confeitaria,"12.1 Açúcares, doces e produtos de confeitaria",xx.x.x Outros,12103
1995,29,"QUADRO 29 - Despesas com Produtos Farmacêuticos no Período de Referência de 30 Dias,",2921,2921,PARA GASES,,,36001,36001,36001,Remedios,2922,12. Açúcares e produtos de confeitaria,12.2 Doces e derivados,xx.x.x Doce a base de leite,12201
1995,29,"QUADRO 29 - Despesas com Produtos Farmacêuticos no Período de Referência de 30 Dias,",2922,2922,PARA COLESTEROL,,,36001,36001,36001,Remedios,2923,12. Açúcares e produtos de confeitaria,12.2 Doces e derivados,xx.x.x Doce de fruta,12202
1995,29,"QUADRO 29 - Despesas com Produtos Farmacêuticos no Período de Referência de 30 Dias,",2923,2923,PARA OSTEOSPOROSE,,,36001,36001,36001,Remedios,2924,12. Açúcares e produtos de confeitaria,12.2 Doces e derivados,xx.x.x Sorvete,12203
1995,29,"QUADRO 29 - Despesas com Produtos Farmacêuticos no Período de Referência de 30 Dias,",2924,2924,PARA ESTRESSE,,,36001,36001,36001,Remedios,2925,12. Açúcares e produtos de confeitaria,12.2 Doces e derivados,xx.x.x Outrosxx.x.x Rapaduraxx.x.x Bombomxx.x.x Chicletexx.x.x Chocolate em tablete,12204
1995,29,"QUADRO 29 - Despesas com Produtos Farmacêuticos no Período de Referência de 30 Dias,",2925,2925,PARA SISTEMA NERVOSO,,,36001,36001,36001,Remedios,2926,12. Açúcares e produtos de confeitaria,12.3 Outros açucares e produtos de confeitaria,xx.x.x Chocolate em pó,12301
1995,29,"QUADRO 29 - Despesas com Produtos Farmacêuticos no Período de Referência de 30 Dias,",2926,2926,LAXANTE E PURGATIVO,,,36001,36001,36001,Remedios,2927,12. Açúcares e produtos de confeitaria,12.3 Outros açucares e produtos de confeitaria,xx.x.x Outrosxx.x.x Polpa de frutaxx.x.x Gelatinaxx.x.x Mel de abelha,12302
1995,29,"QUADRO 29 - Despesas com Produtos Farmacêuticos no Período de Referência de 30 Dias,",2927,2927,ANTIREUMATICO,,,36001,36001,36001,Remedios,2928,13. Sais e condimentos,13.1 Sais,xx.x.x Sal grosso,13101
1995,29,"QUADRO 29 - Despesas com Produtos Farmacêuticos no Período de Referência de 30 Dias,",2928,2928,DEPURATIVO SANGUINEO,,,36001,36001,36001,Remedios,2929,13. Sais e condimentos,13.1 Sais,xx.x.x Sal refinado,13102
1995,29,"QUADRO 29 - Despesas com Produtos Farmacêuticos no Período de Referência de 30 Dias,",2929,2929,ANTIREFLUXIVO GÁSTRICO,,,36001,36001,36001,Remedios,2930,13. Sais e condimentos,13.1 Sais,xx.x.x Outros,13103
1995,29,"QUADRO 29 - Despesas com Produtos Farmacêuticos no Período de Referência de 30 Dias,",2930,2930,PANCREÁTICO,,,36001,36001,36001,Remedios,2931,13. Sais e condimentos,13.2 Condimentos,xx.x.x Caldo de carne em tablete,13201
1995,29,"QUADRO 29 - Despesas com Produtos Farmacêuticos no Período de Referência de 30 Dias,",2931,2931,ANSIOLÍTICO,,,36001,36001,36001,Remedios,2932,13. Sais e condimentos,13.2 Condimentos,xx.x.x Caldo de galinha em tablete,13202
1995,29,"QUADRO 29 - Despesas com Produtos Farmacêuticos no Período de Referência de 30 Dias,",2932,2932,ANTIASMÁTICO,,,36001,36001,36001,Remedios,2933,13. Sais e condimentos,13.2 Condimentos,xx.x.x Fermento,13203
1995,29,"QUADRO 29 - Despesas com Produtos Farmacêuticos no Período de Referência de 30 Dias,",2933,2933,AMINOÁCIDO,,,36001,36001,36001,Remedios,2934,13. Sais e condimentos,13.2 Condimentos,xx.x.x Maionese,13204
1995,29,"QUADRO 29 - Despesas com Produtos Farmacêuticos no Período de Referência de 30 Dias,",2934,2934,VITAMINA B12,,,36001,36001,36001,Remedios,2935,13. Sais e condimentos,13.2 Condimentos,xx.x.x Massa de tomate,13205
1995,29,"QUADRO 29 - Despesas com Produtos Farmacêuticos no Período de Referência de 30 Dias,",2935,2935,SORO FISIOLÓGICO HIDRATANTE,,,36001,36001,36001,Remedios,2936,13. Sais e condimentos,13.2 Condimentos,xx.x.x Molho de tomate,13206
1995,29,"QUADRO 29 - Despesas com Produtos Farmacêuticos no Período de Referência de 30 Dias,",2936,2936,REMÉDIO PARA VARIZES,,,36001,36001,36001,Remedios,2937,13. Sais e condimentos,13.2 Condimentos,xx.x.x Tempero misto,13207
1995,29,"QUADRO 29 - Despesas com Produtos Farmacêuticos no Período de Referência de 30 Dias,",2937,2937,VACINA ANTI-TETANICA,,,36001,36001,36001,Remedios,2951,13. Sais e condimentos,13.2 Condimentos,xx.x.xx Vinagre de álcool,13208
1995,29,"QUADRO 29 - Despesas com Produtos Farmacêuticos no Período de Referência de 30 Dias,",2951,2951,MATERIAL DE CURATIVO,,,36009,36009,36009,Material_de_tratamento,2952,13. Sais e condimentos,13.2 Condimentos,xx.x.xx Vinagre de vinho,13209
1995,29,"QUADRO 29 - Despesas com Produtos Farmacêuticos no Período de Referência de 30 Dias,",2952,2952,CHUPETA OU BICO,,,36010,36010,36010,Outras_assistencia_saude,2953,13. Sais e condimentos,13.2 Condimentos,xx.x.xx Outrosxx.x.xx Vinagre não especificadoxx.x.x Coco raladoxx.x.x Outros caldos em tabletexx.x.x Colorauxx.x.x Leite de coco,13210
1995,29,"QUADRO 29 - Despesas com Produtos Farmacêuticos no Período de Referência de 30 Dias,",2953,2953,MAMADEIRA,,,36010,36010,36010,Outras_assistencia_saude,2954,14. Óleos e gorduras,14.1 Óleos,xx.x.x Azeite de oliva,14101
1995,29,"QUADRO 29 - Despesas com Produtos Farmacêuticos no Período de Referência de 30 Dias,",2954,2954,SERINGA,,,36009,36009,36009,Material_de_tratamento,2955,14. Óleos e gorduras,14.1 Óleos,xx.x.x Óleo de milho,14102
1995,29,"QUADRO 29 - Despesas com Produtos Farmacêuticos no Período de Referência de 30 Dias,",2955,2955,TERMOMETRO,,,36009,36009,36009,Material_de_tratamento,2956,14. Óleos e gorduras,14.1 Óleos,xx.x.x Óleo de soja,14103
1995,29,"QUADRO 29 - Despesas com Produtos Farmacêuticos no Período de Referência de 30 Dias,",2956,2956,VASELINA,,,36009,36009,36009,Material_de_tratamento,2957,14. Óleos e gorduras,14.1 Óleos,xx.x.x Óleo não especificadoxx.x.x Óleo de girassolxx.x.x Óleo de canola x. xOutros,14104
1995,29,"QUADRO 29 - Despesas com Produtos Farmacêuticos no Período de Referência de 30 Dias,",2957,2957,SOLUÇÃO DE LENTE DE CONTACTO,,,36009,36009,36009,Material_de_tratamento,2958,14. Óleos e gorduras,14.2 Gorduras,xx.x.x Margarina vegetal,14201
1995,29,"QUADRO 29 - Despesas com Produtos Farmacêuticos no Período de Referência de 30 Dias,",2958,2958,SHAMPÚ MEDICINAL,,,36009,36009,36009,Material_de_tratamento,2959,14. Óleos e gorduras,14.2 Gorduras,xx.x.x Outrasxx.x.x Banha de porco,14202
1995,29,"QUADRO 29 - Despesas com Produtos Farmacêuticos no Período de Referência de 30 Dias,",2959,2959,COREGA,,,36009,36009,36009,Material_de_tratamento,2960,15. Bebidas e infusões,15.1 Bebidas alcoólicas,xx.x.x Outras aguardentesxx.x.x Aguardente de cana,15101
1995,29,"QUADRO 29 - Despesas com Produtos Farmacêuticos no Período de Referência de 30 Dias,",2960,2960,COTONETES,,,36009,36009,36009,Material_de_tratamento,2961,15. Bebidas e infusões,15.1 Bebidas alcoólicas,xx.x.x Cerveja,15102
1995,29,"QUADRO 29 - Despesas com Produtos Farmacêuticos no Período de Referência de 30 Dias,",2961,2961,MORDEDOR DE BEBE,,,36010,36010,36010,Outras_assistencia_saude,2962,15. Bebidas e infusões,15.1 Bebidas alcoólicas,xx.x.x Vinho,15103
1995,29,"QUADRO 29 - Despesas com Produtos Farmacêuticos no Período de Referência de 30 Dias,",2962,2962,SABONETE MEDICINAL,,,36009,36009,36009,Material_de_tratamento,2963,15. Bebidas e infusões,15.1 Bebidas alcoólicas,xx.x.x Outras,15104
1995,29,"QUADRO 29 - Despesas com Produtos Farmacêuticos no Período de Referência de 30 Dias,",2963,2963,TESTE DE GRAVIDEZ,,,36009,36009,36009,Material_de_tratamento,2964,15. Bebidas e infusões,15.2 Bebidas não alcoólicas,xx.x.x Água mineral,15201
1995,29,"QUADRO 29 - Despesas com Produtos Farmacêuticos no Período de Referência de 30 Dias,",2964,2964,CANFORA,,,36009,36009,36009,Material_de_tratamento,2965,15. Bebidas e infusões,15.2 Bebidas não alcoólicas,xx.x.x Refrigerante de cola,15202
1995,29,"QUADRO 29 - Despesas com Produtos Farmacêuticos no Período de Referência de 30 Dias,",2965,2965,UTENSILIO PARA COLETAR FEZES E URINA,,,36009,36009,36009,Material_de_tratamento,2966,15. Bebidas e infusões,15.2 Bebidas não alcoólicas,xx.x.x Refrigerante de guaraná,15203
1995,29,"QUADRO 29 - Despesas com Produtos Farmacêuticos no Período de Referência de 30 Dias,",2966,2966,BOLSA DE ÁGUA QUENTE,,,36009,36009,36009,Material_de_tratamento,2967,15. Bebidas e infusões,15.2 Bebidas não alcoólicas,xx.x.x Refrigerante de laranja,15204
1995,29,"QUADRO 29 - Despesas com Produtos Farmacêuticos no Período de Referência de 30 Dias,",2967,2967,ENXOFRE,,,36009,36009,36009,Material_de_tratamento,2968,15. Bebidas e infusões,15.2 Bebidas não alcoólicas,xx.x.x Refrigerante de limão,15205
1995,29,"QUADRO 29 - Despesas com Produtos Farmacêuticos no Período de Referência de 30 Dias,",2968,2968,APLICAÇÃO DE INJEÇÃO,,,36010,36010,36010,Outras_assistencia_saude,2969,15. Bebidas e infusões,15.2 Bebidas não alcoólicas,xx.x.x Outros refrigerantesxx.x.x Refrigerante não especificadoxx.x.x Refrigerante de maçãxx.x.x Refrigerante de uvaxx.x.x Bebida energética,15206
1995,29,"QUADRO 29 - Despesas com Produtos Farmacêuticos no Período de Referência de 30 Dias,",2969,2969,GARROTE DE BORRACHA,,,36009,36009,36009,Material_de_tratamento,2970,15. Bebidas e infusões,15.2 Bebidas não alcoólicas,xx.x.xx Suco de fruta em pó,15207
1995,29,"QUADRO 29 - Despesas com Produtos Farmacêuticos no Período de Referência de 30 Dias,",2970,2970,BOMBA DE TIRAR LEITE HUMANO,,,36009,36009,36009,Material_de_tratamento,2971,15. Bebidas e infusões,15.2 Bebidas não alcoólicas,xx.x.xx Suco de fruta envasado,15208
1995,29,"QUADRO 29 - Despesas com Produtos Farmacêuticos no Período de Referência de 30 Dias,",2971,2971,PROTETOR DE SEIO,,,36009,36009,36009,Material_de_tratamento,2972,15. Bebidas e infusões,15.2 Bebidas não alcoólicas,xx.x.xx Outras,15209
1995,29,"QUADRO 29 - Despesas com Produtos Farmacêuticos no Período de Referência de 30 Dias,",2972,2972,CREME DENTAL MEDICINAL,,,36009,36009,36009,Material_de_tratamento,2973,15. Bebidas e infusões,15.3 Cafés,xx.x.x Café moído,15301
1995,29,"QUADRO 29 - Despesas com Produtos Farmacêuticos no Período de Referência de 30 Dias,",2973,2973,PRESERVATIVO MASCULINO,,,36009,36009,36009,Material_de_tratamento,2974,15. Bebidas e infusões,15.3 Cafés,xx.x.x Café solúvel,15302
1995,29,"QUADRO 29 - Despesas com Produtos Farmacêuticos no Período de Referência de 30 Dias,",2974,2974,COLÍRIO,,,36001,36001,36001,Remedios,2975,15. Bebidas e infusões,15.3 Cafés,xx.x.x Outros,15303
1995,29,"QUADRO 29 - Despesas com Produtos Farmacêuticos no Período de Referência de 30 Dias,",2975,2975,AMONEA,,,36009,36009,36009,Material_de_tratamento,2976,15. Bebidas e infusões,15.4 Chás,xx.x.x Chá-mate,15401
1995,29,"QUADRO 29 - Despesas com Produtos Farmacêuticos no Período de Referência de 30 Dias,",2976,2976,"IODO, SALICILATO (PARA MASSAGEM)",,,36009,36009,36009,Material_de_tratamento,2977,15. Bebidas e infusões,15.4 Chás,xx.x.x Outrosxx.x.x Chá preto,15402
1995,29,"QUADRO 29 - Despesas com Produtos Farmacêuticos no Período de Referência de 30 Dias,",2977,2977,GEL REDUTOR DE GORDURA,,,36009,36009,36009,Material_de_tratamento,2978,16. Outros produtos,16.1 Outros produtos,xx.x.x Frango assado ou defumadoxx.x.x Frango assado ou defumado,16101
1995,29,"QUADRO 29 - Despesas com Produtos Farmacêuticos no Período de Referência de 30 Dias,",2978,2978,DUCHA DE BORRACHA (PRODUTO FARMACEUTICO),,,36009,36009,36009,Material_de_tratamento,2979,16. Outros produtos,16.1 Outros produtos,xx.x.x Massaxx.x.x Massa preparada,16102
1995,29,"QUADRO 29 - Despesas com Produtos Farmacêuticos no Período de Referência de 30 Dias,",2979,2979,NENE DENTE (MEDICAMENTO PARA GENGIVA),,,36010,36010,36010,Outras_assistencia_saude,2980,16. Outros produtos,16.1 Outros produtos,xx.x.x Outros produtos,16103
1995,29,"QUADRO 29 - Despesas com Produtos Farmacêuticos no Período de Referência de 30 Dias,",2980,2980,ÓLEO PARA ASSADURA,,,36009,36009,36009,Material_de_tratamento,2981,16. Outros produtos,16.1 Outros produtos,xx.x.x Refeiçãoxx.x.x Refeição pronta,16104
1995,29,"QUADRO 29 - Despesas com Produtos Farmacêuticos no Período de Referência de 30 Dias,",2981,2981,LÍQUIDO PARA CONTRASTE (EXAME),,,36009,36009,36009,Material_de_tratamento,2982,16. Outros produtos,16.1 Outros produtos,xx.x.x Salgadinhoxx.x.x Salgadinho,16105
1995,29,"QUADRO 29 - Despesas com Produtos Farmacêuticos no Período de Referência de 30 Dias,",2982,2982,MANTEIGA DE CACAU,,,36009,36009,36009,Material_de_tratamento,2998,16. Outros produtos,16.1 Outros produtos,xx.x.x Mistura para boloxx.x.x Mistura industrial para bolo,16106
1995,29,"QUADRO 29 - Despesas com Produtos Farmacêuticos no Período de Referência de 30 Dias,",2998,2998,AGREGADO 18,,36010,36010,36010,36010,Outras_assistencia_saude,3000,,,,
1995,30,QUADRO 30 - Despesas com Artigos de Toucador no Período de Referência de 30 Dias;,3000,3000,DESPESAS COM ARTIGOS DE TOUCADOR,,35004,,35004,35004,Produtos_de_uso_pessoal,3001,,,,
1995,30,QUADRO 30 - Despesas com Artigos de Toucador no Período de Referência de 30 Dias;,3001,3001,ESCOVA DE CABELO E PENTE,,35004,35004,35004,35004,Produtos_de_uso_pessoal,3002,,,,
1995,30,QUADRO 30 - Despesas com Artigos de Toucador no Período de Referência de 30 Dias;,3002,3002,PERFUME,,35001,35001,35001,35001,Perfume,3003,,,,
1995,30,QUADRO 30 - Despesas com Artigos de Toucador no Período de Referência de 30 Dias;,3003,3003,TALCO,,35004,35004,35004,35004,Produtos_de_uso_pessoal,3004,,,,
1995,30,QUADRO 30 - Despesas com Artigos de Toucador no Período de Referência de 30 Dias;,3004,3004,ARTIGOS DE MAQUIAGEM,,35004,35004,35004,35004,Produtos_de_uso_pessoal,3005,,,,
1995,30,QUADRO 30 - Despesas com Artigos de Toucador no Período de Referência de 30 Dias;,3005,3005,CREME DE PELE BRONZEADOR,,35004,35004,35004,35004,Produtos_de_uso_pessoal,3006,,,,
1995,30,QUADRO 30 - Despesas com Artigos de Toucador no Período de Referência de 30 Dias;,3006,3006,"ESMALTE, BASE, ACETONA, LIXA, PAU DE LARANJEIRA",,35004,35004,35004,35004,Produtos_de_uso_pessoal,3007,,,,
1995,30,QUADRO 30 - Despesas com Artigos de Toucador no Período de Referência de 30 Dias;,3007,3007,"GRAMPO, PREGADOR, BOB, TOUCA, ETC., DE CABELO",,35004,35004,35004,35004,Produtos_de_uso_pessoal,3008,,,,
1995,30,QUADRO 30 - Despesas com Artigos de Toucador no Período de Referência de 30 Dias;,3008,3008,"ALICATE, TESOURINHA DE UNHA, CORTADOR DE UNHA, PINÇA",,35004,35004,35004,35004,Produtos_de_uso_pessoal,3009,,,,
1995,30,QUADRO 30 - Despesas com Artigos de Toucador no Período de Referência de 30 Dias;,3009,3009,PERUCA,,35004,35004,35004,35004,Produtos_de_uso_pessoal,3010,,,,
1995,30,QUADRO 30 - Despesas com Artigos de Toucador no Período de Referência de 30 Dias;,3010,3010,PRODUTOS DE LIMPEZA DE PELE,,35004,35004,35004,35004,Produtos_de_uso_pessoal,3013,,,,
1995,30,QUADRO 30 - Despesas com Artigos de Toucador no Período de Referência de 30 Dias;,3013,3013,ESPELHO DE BOLSO,,35004,35004,35004,35004,Produtos_de_uso_pessoal,3014,,,,
1995,30,QUADRO 30 - Despesas com Artigos de Toucador no Período de Referência de 30 Dias;,3014,3014,PORTA-MAQUIAGEM,,35004,35004,35004,35004,Produtos_de_uso_pessoal,3015,,,,
1995,30,QUADRO 30 - Despesas com Artigos de Toucador no Período de Referência de 30 Dias;,3015,3015,CERA DEPILATÓRIA,,35004,35004,35004,35004,Produtos_de_uso_pessoal,3016,,,,
1995,30,QUADRO 30 - Despesas com Artigos de Toucador no Período de Referência de 30 Dias;,3016,3016,"ESTOJO (TALCO, SABONETE, PERFUME, ETC.)",,35004,35004,35004,35004,Produtos_de_uso_pessoal,3017,,,,
1995,30,QUADRO 30 - Despesas com Artigos de Toucador no Período de Referência de 30 Dias;,3017,3017,PURPURINA,,35004,35004,35004,35004,Produtos_de_uso_pessoal,3018,,,,
1995,30,QUADRO 30 - Despesas com Artigos de Toucador no Período de Referência de 30 Dias;,3018,3018,ESTOJO DE MANICURO,,35004,35004,35004,35004,Produtos_de_uso_pessoal,3019,,,,
1995,30,QUADRO 30 - Despesas com Artigos de Toucador no Período de Referência de 30 Dias;,3019,3019,"ESTOJO (ESPELHO, ESCOVA, PENTE)",,,35004,35004,35004,Produtos_de_uso_pessoal,3020,,,,
1995,30,QUADRO 30 - Despesas com Artigos de Toucador no Período de Referência de 30 Dias;,3020,3020,DESODORANTE PARA OS PÉS,,,35004,35004,35004,Produtos_de_uso_pessoal,3021,,,,
1995,30,QUADRO 30 - Despesas com Artigos de Toucador no Período de Referência de 30 Dias;,3021,3021,APARELHO DE BARBEAR (EXCETO DESCARTÁVEL),,,35004,35004,35004,Produtos_de_uso_pessoal,3022,,,,
1995,30,QUADRO 30 - Despesas com Artigos de Toucador no Período de Referência de 30 Dias;,3022,3022,"ESTOJO (APARARELHO DE BARBEAR, SABONETEIRA, PENTE)",,,35004,35004,35004,Produtos_de_uso_pessoal,3023,,,,
1995,30,QUADRO 30 - Despesas com Artigos de Toucador no Período de Referência de 30 Dias;,3023,3023,ESPONJA DE TALCO,,,35004,35004,35004,Produtos_de_uso_pessoal,3024,,,,
1995,30,QUADRO 30 - Despesas com Artigos de Toucador no Período de Referência de 30 Dias;,3024,3024,MÁQUINA DE CORTAR CABELO,,,35004,35004,35004,Produtos_de_uso_pessoal,3098,,,,
1995,30,QUADRO 30 - Despesas com Artigos de Toucador no Período de Referência de 30 Dias;,3098,3098,AGREGADO 19,,35004,35004,35004,35004,Produtos_de_uso_pessoal,3100,,,,
1995,31,"QUADRO 31 - Despesas com Serviços Pessoais no Período de Referência de 90 Dias,",3100,3100,DESPESAS COM SERVIÇOS PESSOAIS,,39002,,39002,39002,Cabeleireiro,3101,,,,
1995,31,"QUADRO 31 - Despesas com Serviços Pessoais no Período de Referência de 90 Dias,",3101,3101,BARBEIRO,,39002,39002,39002,39002,Cabeleireiro,3102,,,,
1995,31,"QUADRO 31 - Despesas com Serviços Pessoais no Período de Referência de 90 Dias,",3102,3102,CABELEIREIRO,,39002,39002,39002,39002,Cabeleireiro,3103,,,,
1995,31,"QUADRO 31 - Despesas com Serviços Pessoais no Período de Referência de 90 Dias,",3103,3103,MANICURO E PEDICURO,,39003,39003,39003,39003,Manicuro_e_pedicuro,3104,,,,
1995,31,"QUADRO 31 - Despesas com Serviços Pessoais no Período de Referência de 90 Dias,",3104,3104,SAPATEIRO,,39004,39004,39004,39004,Consertos_de_artigos_pessoais,3105,,,,
1995,31,"QUADRO 31 - Despesas com Serviços Pessoais no Período de Referência de 90 Dias,",3105,3105,TINTURARIA E LAVANDERIA,,39005,39005,39005,39005,Outras_servicos_pessoais,3106,,,,
1995,31,"QUADRO 31 - Despesas com Serviços Pessoais no Período de Referência de 90 Dias,",3106,3106,LIMPEZA DE PELE,,39005,39005,39005,39005,Outras_servicos_pessoais,3107,,,,
1995,31,"QUADRO 31 - Despesas com Serviços Pessoais no Período de Referência de 90 Dias,",3107,3107,ENGRAXATE,,39005,39005,39005,39005,Outras_servicos_pessoais,3108,,,,
1995,31,"QUADRO 31 - Despesas com Serviços Pessoais no Período de Referência de 90 Dias,",3108,3108,DEPILAÇÃO,,39005,39005,39005,39005,Outras_servicos_pessoais,3109,,,,
1995,31,"QUADRO 31 - Despesas com Serviços Pessoais no Período de Referência de 90 Dias,",3109,3109,ESTETICISTA,,39005,39005,39005,39005,Outras_servicos_pessoais,3110,,,,
1995,31,"QUADRO 31 - Despesas com Serviços Pessoais no Período de Referência de 90 Dias,",3110,3110,"AMOLAGEM DE FACA, TESOURA, ALICATE, ETC.",,39004,39004,39004,39004,Consertos_de_artigos_pessoais,3111,,,,
1995,31,"QUADRO 31 - Despesas com Serviços Pessoais no Período de Referência de 90 Dias,",3111,3111,MAQUIAGEM,,39005,39005,39005,39005,Outras_servicos_pessoais,3112,,,,
1995,31,"QUADRO 31 - Despesas com Serviços Pessoais no Período de Referência de 90 Dias,",3112,3112,MASSAGEM E SAUNA,,39005,39005,39005,39005,Outras_servicos_pessoais,3113,,,,
1995,31,"QUADRO 31 - Despesas com Serviços Pessoais no Período de Referência de 90 Dias,",3113,3113,RELOJOEIRO,,39004,39004,39004,39004,Consertos_de_artigos_pessoais,3114,,,,
1995,31,"QUADRO 31 - Despesas com Serviços Pessoais no Período de Referência de 90 Dias,",3114,3114,JOALHEIRO,,39004,39004,39004,39004,Consertos_de_artigos_pessoais,3115,,,,
1995,31,"QUADRO 31 - Despesas com Serviços Pessoais no Período de Referência de 90 Dias,",3115,3115,CONSERTO DE SOMBRINHA,,39004,39004,39004,39004,Consertos_de_artigos_pessoais,3116,,,,
1995,31,"QUADRO 31 - Despesas com Serviços Pessoais no Período de Referência de 90 Dias,",3116,3116,CONSERTO DE ÓCULOS,,39004,39004,39004,39004,Consertos_de_artigos_pessoais,3117,,,,
1995,31,"QUADRO 31 - Despesas com Serviços Pessoais no Período de Referência de 90 Dias,",3117,3117,COSTUREIRA,,39005,39005,39005,39005,Outras_servicos_pessoais,3118,,,,
1995,31,"QUADRO 31 - Despesas com Serviços Pessoais no Período de Referência de 90 Dias,",3118,3118,"CONSERTO DE MÁQUINA FOTOGRÁFICA, FLASH",,39004,39004,39004,39004,Consertos_de_artigos_pessoais,3119,,,,
1995,31,"QUADRO 31 - Despesas com Serviços Pessoais no Período de Referência de 90 Dias,",3119,3119,PINTURA EM CAMISA,,39005,39005,39005,39005,Outras_servicos_pessoais,3120,,,,
1995,31,"QUADRO 31 - Despesas com Serviços Pessoais no Período de Referência de 90 Dias,",3120,3120,CONSERTO DE BRINQUEDOS E EQUIPAMENTOS ESPORTIVOS (EXCETO CAÇA E PESCA),,39004,39004,39004,39004,Consertos_de_artigos_pessoais,3121,,,,
1995,31,"QUADRO 31 - Despesas com Serviços Pessoais no Período de Referência de 90 Dias,",3121,3121,"CONSERTO DE ESQUIPAMENTOS DE CAÇA (ARMA DE FOGO, ETC.)",,39004,39004,39004,39004,Consertos_de_artigos_pessoais,3122,,,,
1995,31,"QUADRO 31 - Despesas com Serviços Pessoais no Período de Referência de 90 Dias,",3122,3122,CONSERTO DE WALKMAN,,39004,39004,39004,39004,Consertos_de_artigos_pessoais,3123,,,,
1995,31,"QUADRO 31 - Despesas com Serviços Pessoais no Período de Referência de 90 Dias,",3123,3123,CHAVEIRO (CÓPIA DE CHAVE),,39004,39004,39004,39004,Consertos_de_artigos_pessoais,3124,,,,
1995,31,"QUADRO 31 - Despesas com Serviços Pessoais no Período de Referência de 90 Dias,",3124,3124,"CONSERTO DE ESQUIPAMENTO DE PESCA (TARRAFA, MOLINETE, ETC.)",,39004,39004,39004,39004,Consertos_de_artigos_pessoais,3125,,,,
1995,31,"QUADRO 31 - Despesas com Serviços Pessoais no Período de Referência de 90 Dias,",3125,3125,VIDRACEIRO,,39005,39005,39005,39005,Outras_servicos_pessoais,3126,,,,
1995,31,"QUADRO 31 - Despesas com Serviços Pessoais no Período de Referência de 90 Dias,",3126,3126,"CONSERTO DE CANETA, LAPISEIRA",,39004,39004,39004,39004,Consertos_de_artigos_pessoais,3127,,,,
1995,31,"QUADRO 31 - Despesas com Serviços Pessoais no Período de Referência de 90 Dias,",3127,3127,CONSERTO DE BARBEADOR ELÉTRICO,,,39004,39004,39004,Consertos_de_artigos_pessoais,3128,,,,
1995,31,"QUADRO 31 - Despesas com Serviços Pessoais no Período de Referência de 90 Dias,",3128,3128,"GRAVAÇÃO DE NOME EM OBJETOS PESSOAIS (CANETA, MEDALHA, ETC.)",,,39005,39005,39005,Outras_servicos_pessoais,3129,,,,
1995,31,"QUADRO 31 - Despesas com Serviços Pessoais no Período de Referência de 90 Dias,",3129,3129,CONSERTO DE CALCULADORA,,,39004,39004,39004,Consertos_de_artigos_pessoais,3130,,,,
1995,31,"QUADRO 31 - Despesas com Serviços Pessoais no Período de Referência de 90 Dias,",3130,3130,CONSERTO DE ALTO-FALANTE,,,39004,39004,39004,Consertos_de_artigos_pessoais,3131,,,,
1995,31,"QUADRO 31 - Despesas com Serviços Pessoais no Período de Referência de 90 Dias,",3131,3131,CONSERTO DE VIOLÃO,,,39004,39004,39004,Consertos_de_artigos_pessoais,3132,,,,
1995,31,"QUADRO 31 - Despesas com Serviços Pessoais no Período de Referência de 90 Dias,",3132,3132,EMOLDURADOR DE QUADRO,,,39005,39005,39005,Outras_servicos_pessoais,3133,,,,
1995,31,"QUADRO 31 - Despesas com Serviços Pessoais no Período de Referência de 90 Dias,",3133,3133,CONSERTO DE PIANO,,,39004,39004,39004,Consertos_de_artigos_pessoais,3135,,,,
1995,31,"QUADRO 31 - Despesas com Serviços Pessoais no Período de Referência de 90 Dias,",3135,3135,ALFAIATE,,,39005,39005,39005,Outras_servicos_pessoais,3136,,,,
1995,31,"QUADRO 31 - Despesas com Serviços Pessoais no Período de Referência de 90 Dias,",3136,3136,BORDADEIRA,,,39005,39005,39005,Outras_servicos_pessoais,3137,,,,
1995,31,"QUADRO 31 - Despesas com Serviços Pessoais no Período de Referência de 90 Dias,",3137,3137,CERZIDEIRA,,,39005,39005,39005,Outras_servicos_pessoais,3138,,,,
1995,31,"QUADRO 31 - Despesas com Serviços Pessoais no Período de Referência de 90 Dias,",3138,3138,FOTÓGRAFO (EXCETO DE CERIMÔNIA FAMILIARES),,,39005,39005,39005,Outras_servicos_pessoais,3139,,,,
1995,31,"QUADRO 31 - Despesas com Serviços Pessoais no Período de Referência de 90 Dias,",3139,3139,ENCARDENAÇÃO,,,39005,39005,39005,Outras_servicos_pessoais,3140,,,,
1995,31,"QUADRO 31 - Despesas com Serviços Pessoais no Período de Referência de 90 Dias,",3140,3140,CONSERTO DE LANTERNA,,,39004,39004,39004,Consertos_de_artigos_pessoais,3141,,,,
1995,31,"QUADRO 31 - Despesas com Serviços Pessoais no Período de Referência de 90 Dias,",3141,3141,TATUAGEM,,,39005,39005,39005,Outras_servicos_pessoais,3198,,,,
1995,31,"QUADRO 31 - Despesas com Serviços Pessoais no Período de Referência de 90 Dias,",3198,3198,AGREGADO 20,,39005,39005,39005,39005,Outras_servicos_pessoais,3200,,,,
1995,32,"QUADRO 32 - Despesas com Artigos de Papelaria, Livros não-didáticos e Assinatura de Periódicos no Período de Referência de 90 Dias;",3200,3200,"DESPESA COM ARTGIGOS DE PAPELARIA, LIVROS NÃO DIDATICOS, ASSINATURA DE PERIODICOS)",,38004,,38004,38004,Diversoes_e_esportes,3201,,,,
1995,32,"QUADRO 32 - Despesas com Artigos de Papelaria, Livros não-didáticos e Assinatura de Periódicos no Período de Referência de 90 Dias;",3201,3201,CADERNO,,37005,37005,37005,37005,Artigos_escolares,3202,,,,
1995,32,"QUADRO 32 - Despesas com Artigos de Papelaria, Livros não-didáticos e Assinatura de Periódicos no Período de Referência de 90 Dias;",3202,3202,"LAPIS, BORRACHA, CANETA, ETC.",,37005,37005,37005,37005,Artigos_escolares,3203,,,,
1995,32,"QUADRO 32 - Despesas com Artigos de Papelaria, Livros não-didáticos e Assinatura de Periódicos no Período de Referência de 90 Dias;",3203,3203,OUTROS ARTIGOS DE PAPELARIA,,37005,37005,37005,37005,Artigos_escolares,3204,,,,
1995,32,"QUADRO 32 - Despesas com Artigos de Papelaria, Livros não-didáticos e Assinatura de Periódicos no Período de Referência de 90 Dias;",3204,3204,LIVRO NÃO DIDÁTICO,,38003,38003,38003,38003,Periodicos_livros_e_revistas,3205,,,,
1995,32,"QUADRO 32 - Despesas com Artigos de Papelaria, Livros não-didáticos e Assinatura de Periódicos no Período de Referência de 90 Dias;",3205,3205,"ASSINATURA DE PERIÓDICO INFORMATATIVO (JORNAL, REVISTA, ETC.)",,38003,38003,38003,38003,Periodicos_livros_e_revistas,3206,,,,
1995,32,"QUADRO 32 - Despesas com Artigos de Papelaria, Livros não-didáticos e Assinatura de Periódicos no Período de Referência de 90 Dias;",3206,3206,FOTOCÓPIA,,40006,40006,40006,40006,Outras_despesas_diversas,3207,,,,
1995,32,"QUADRO 32 - Despesas com Artigos de Papelaria, Livros não-didáticos e Assinatura de Periódicos no Período de Referência de 90 Dias;",3207,3207,ALBUM DE FOTOGRAFIAS (EXCETO DE CERIMÔNIA FAMILIAR),,40006,40006,40006,40006,Outras_despesas_diversas,3208,,,,
1995,32,"QUADRO 32 - Despesas com Artigos de Papelaria, Livros não-didáticos e Assinatura de Periódicos no Período de Referência de 90 Dias;",3208,3208,PASTA PLÁSTICA (EXCETO ESCOLAR),,40006,40006,40006,40006,Outras_despesas_diversas,3209,,,,
1995,32,"QUADRO 32 - Despesas com Artigos de Papelaria, Livros não-didáticos e Assinatura de Periódicos no Período de Referência de 90 Dias;",3209,3209,MASSA DE MODELAR,,37005,37005,37005,37005,Artigos_escolares,3210,,,,
1995,32,"QUADRO 32 - Despesas com Artigos de Papelaria, Livros não-didáticos e Assinatura de Periódicos no Período de Referência de 90 Dias;",3210,3210,FICHÁRIO DE CARTAS,,40006,40006,40006,40006,Outras_despesas_diversas,3211,,,,
1995,32,"QUADRO 32 - Despesas com Artigos de Papelaria, Livros não-didáticos e Assinatura de Periódicos no Período de Referência de 90 Dias;",3211,3211,PASTA SUSPENSA,,40006,40006,40006,40006,Outras_despesas_diversas,3212,,,,
1995,32,"QUADRO 32 - Despesas com Artigos de Papelaria, Livros não-didáticos e Assinatura de Periódicos no Período de Referência de 90 Dias;",3212,3212,PRANCHETA,,37005,37005,37005,37005,Artigos_escolares,3213,,,,
1995,32,"QUADRO 32 - Despesas com Artigos de Papelaria, Livros não-didáticos e Assinatura de Periódicos no Período de Referência de 90 Dias;",3213,3213,TRANSPARENCIA,,37005,37005,37005,37005,Artigos_escolares,3298,,,,
1995,32,"QUADRO 32 - Despesas com Artigos de Papelaria, Livros não-didáticos e Assinatura de Periódicos no Período de Referência de 90 Dias;",3298,3298,AGREGADO 21,,38004,37005,38004,38004,Diversoes_e_esportes,3300,,,,
1995,33,QUADRO 33 - Despesas com Brinquedos e Material de Recreação no Período de Referência de 90 Dias;,3300,3300,DESPESA COM BRIQUEDO E MATERIAL DE RECREAÇÃO,,38001,,38001,38001,Brinquedos_e_jogos,3301,,,,
1995,33,QUADRO 33 - Despesas com Brinquedos e Material de Recreação no Período de Referência de 90 Dias;,3301,3301,BOLA DE CRIANÇA,,38001,38001,38001,38001,Brinquedos_e_jogos,3302,,,,
1995,33,QUADRO 33 - Despesas com Brinquedos e Material de Recreação no Período de Referência de 90 Dias;,3302,3302,"EQUIPAMENTOS ESPORTIVOS (BOLA, RAQUETE, REDE, TORNOZELEIRA, CHUTEIRA, ETC.)",,38004,38004,38004,38004,Diversoes_e_esportes,3303,,,,
1995,33,QUADRO 33 - Despesas com Brinquedos e Material de Recreação no Período de Referência de 90 Dias;,3303,3303,BONECA,,38001,38001,38001,38001,Brinquedos_e_jogos,3304,,,,
1995,33,QUADRO 33 - Despesas com Brinquedos e Material de Recreação no Período de Referência de 90 Dias;,3304,3304,BRINQUEDOS E JOGOS DE ADULTOS E CRIANÇAS,,38001,38001,38001,38001,Brinquedos_e_jogos,3305,,,,
1995,33,QUADRO 33 - Despesas com Brinquedos e Material de Recreação no Período de Referência de 90 Dias;,3305,3305,"PATINS, SKATES, VELOCIPEDES",,38001,38001,38001,38001,Brinquedos_e_jogos,3306,,,,
1995,33,QUADRO 33 - Despesas com Brinquedos e Material de Recreação no Período de Referência de 90 Dias;,3306,3306,BARRACA DE PRAIA,,38005,38005,38005,38005,Outras_recreacao_etc,3307,,,,
1995,33,QUADRO 33 - Despesas com Brinquedos e Material de Recreação no Período de Referência de 90 Dias;,3307,3307,ARMA DE FOGO E MUNIÇÃO (EXCETO DE CAÇA),,38004,38004,38004,38004,Diversoes_e_esportes,3308,,,,
1995,33,QUADRO 33 - Despesas com Brinquedos e Material de Recreação no Período de Referência de 90 Dias;,3308,3308,MATERIAL DE CAÇA E PESCA,,38004,38004,38004,38004,Diversoes_e_esportes,3309,,,,
1995,33,QUADRO 33 - Despesas com Brinquedos e Material de Recreação no Período de Referência de 90 Dias;,3309,3309,PORTE DE ARMA,,38005,38005,38005,38005,Outras_recreacao_etc,3310,,,,
1995,33,QUADRO 33 - Despesas com Brinquedos e Material de Recreação no Período de Referência de 90 Dias;,3310,3310,REGISTRO DE ARMA,,38005,38005,38005,38005,Outras_recreacao_etc,3311,,,,
1995,33,QUADRO 33 - Despesas com Brinquedos e Material de Recreação no Período de Referência de 90 Dias;,3311,3311,CADEIRA DE PRAIA,,38005,38005,38005,38005,Outras_recreacao_etc,3312,,,,
1995,33,QUADRO 33 - Despesas com Brinquedos e Material de Recreação no Período de Referência de 90 Dias;,3312,3312,CELA DE CAVALO (RECREÇÃO),,38005,38005,38005,38005,Outras_recreacao_etc,3313,,,,
1995,33,QUADRO 33 - Despesas com Brinquedos e Material de Recreação no Período de Referência de 90 Dias;,3313,3313,BICICLETA DE GINÁSTICA,,38005,38005,38005,38005,Outras_recreacao_etc,3314,,,,
1995,33,QUADRO 33 - Despesas com Brinquedos e Material de Recreação no Período de Referência de 90 Dias;,3314,3314,PORTA-PATINS,,,38001,38001,38001,Brinquedos_e_jogos,3315,,,,
1995,33,QUADRO 33 - Despesas com Brinquedos e Material de Recreação no Período de Referência de 90 Dias;,3315,3315,ESTEIRA DE GINÁSTICA,,,38005,38005,38005,Outras_recreacao_etc,3316,,,,
1995,33,QUADRO 33 - Despesas com Brinquedos e Material de Recreação no Período de Referência de 90 Dias;,3316,3316,MINIGAME E AGENDA ELETRÔNICA INFANTIL,,,38001,38001,38001,Brinquedos_e_jogos,3317,,,,
1995,33,QUADRO 33 - Despesas com Brinquedos e Material de Recreação no Período de Referência de 90 Dias;,3317,3317,KIT CARNAVALESCO,,,38004,38004,38004,Diversoes_e_esportes,3318,,,,
1995,33,QUADRO 33 - Despesas com Brinquedos e Material de Recreação no Período de Referência de 90 Dias;,3318,3318,LICENÇA DE CAÇA E PESCA,,,38005,38005,38005,Outras_recreacao_etc,3319,,,,
1995,33,QUADRO 33 - Despesas com Brinquedos e Material de Recreação no Período de Referência de 90 Dias;,3319,3319,REMO SECO (APARELHO DE GINÁSTICA),,,38005,38005,38005,Outras_recreacao_etc,3320,,,,
1995,33,QUADRO 33 - Despesas com Brinquedos e Material de Recreação no Período de Referência de 90 Dias;,3320,3320,SOFTWARE DE JOGO,,,38001,38001,38001,Brinquedos_e_jogos,3321,,,,
1995,33,QUADRO 33 - Despesas com Brinquedos e Material de Recreação no Período de Referência de 90 Dias;,3321,3321,ESTEPE (APARELHO DE GINÁSTICA),,,38005,38005,38005,Outras_recreacao_etc,3398,,,,
1995,33,QUADRO 33 - Despesas com Brinquedos e Material de Recreação no Período de Referência de 90 Dias;,3398,3398,AGREGADO 22,,38005,38005,38005,38005,Outras_recreacao_etc,3400,,,,
1995,34,QUADRO 34 - Despesas com Roupas de Homem no Periodo de Referência de 90 Dias;,3400,3400,DESPESAS COM ROUPAS DE HOMEN,,33001,,33001,33001,Roupa_de_homem,3401,,,,
1995,34,QUADRO 34 - Despesas com Roupas de Homem no Periodo de Referência de 90 Dias;,3401,3401,"AGASALHO (CASACO, SUETER, ETC.) (HOMEM)",,33001,33001,33001,33001,Roupa_de_homem,3402,,,,
1995,34,QUADRO 34 - Despesas com Roupas de Homem no Periodo de Referência de 90 Dias;,3402,3402,"BERMUDA, CALÇÃO, SHORT E SUNGA (HOMEM)",,33001,33001,33001,33001,Roupa_de_homem,3403,,,,
1995,34,QUADRO 34 - Despesas com Roupas de Homem no Periodo de Referência de 90 Dias;,3403,3403,CALÇA COMPRIDA (HOMEM),,33001,33001,33001,33001,Roupa_de_homem,3404,,,,
1995,34,QUADRO 34 - Despesas com Roupas de Homem no Periodo de Referência de 90 Dias;,3404,3404,CAMISA (HOMEM),,33001,33001,33001,33001,Roupa_de_homem,3405,,,,
1995,34,QUADRO 34 - Despesas com Roupas de Homem no Periodo de Referência de 90 Dias;,3405,3405,CAMISETA (HOMEM),,33001,33001,33001,33001,Roupa_de_homem,3406,,,,
1995,34,QUADRO 34 - Despesas com Roupas de Homem no Periodo de Referência de 90 Dias;,3406,3406,CONJUNTO ESPÓRTIVO (HOMEM),,33001,33001,33001,33001,Roupa_de_homem,3407,,,,
1995,34,QUADRO 34 - Despesas com Roupas de Homem no Periodo de Referência de 90 Dias;,3407,3407,CUECA (HOMEM),,33001,33001,33001,33001,Roupa_de_homem,3408,,,,
1995,34,QUADRO 34 - Despesas com Roupas de Homem no Periodo de Referência de 90 Dias;,3408,3408,GRAVATA (HOMEM),,33001,33001,33001,33001,Roupa_de_homem,3409,,,,
1995,34,QUADRO 34 - Despesas com Roupas de Homem no Periodo de Referência de 90 Dias;,3409,3409,LENÇO (HOMEM),,33001,33001,33001,33001,Roupa_de_homem,3410,,,,
1995,34,QUADRO 34 - Despesas com Roupas de Homem no Periodo de Referência de 90 Dias;,3410,3410,MACACÃO (HOMEM),,33001,33001,33001,33001,Roupa_de_homem,3411,,,,
1995,34,QUADRO 34 - Despesas com Roupas de Homem no Periodo de Referência de 90 Dias;,3411,3411,MEIAS (HOMEM),,33001,33001,33001,33001,Roupa_de_homem,3412,,,,
1995,34,QUADRO 34 - Despesas com Roupas de Homem no Periodo de Referência de 90 Dias;,3412,3412,PALETÓ E BLAZER (HOMEM),,33001,33001,33001,33001,Roupa_de_homem,3413,,,,
1995,34,QUADRO 34 - Despesas com Roupas de Homem no Periodo de Referência de 90 Dias;,3413,3413,PIJAMA E ROBE (HOMEM),,33001,33001,33001,33001,Roupa_de_homem,3414,,,,
1995,34,QUADRO 34 - Despesas com Roupas de Homem no Periodo de Referência de 90 Dias;,3414,3414,TERNO (HOMEM),,33001,33001,33001,33001,Roupa_de_homem,3415,,,,
1995,34,QUADRO 34 - Despesas com Roupas de Homem no Periodo de Referência de 90 Dias;,3415,3415,COLETE (HOMEM),,33001,33001,33001,33001,Roupa_de_homem,3416,,,,
1995,34,QUADRO 34 - Despesas com Roupas de Homem no Periodo de Referência de 90 Dias;,3416,3416,GORRO (HOMEM),,33001,33001,33001,33001,Roupa_de_homem,3417,,,,
1995,34,QUADRO 34 - Despesas com Roupas de Homem no Periodo de Referência de 90 Dias;,3417,3417,"LUVA DE COURO, MALHA, TECIDO (HOMEM)",,33001,33001,33001,33001,Roupa_de_homem,3418,,,,
1995,34,QUADRO 34 - Despesas com Roupas de Homem no Periodo de Referência de 90 Dias;,3418,3418,ALUGUEL DE ROUPA (HOMEM),,33001,33001,33001,33001,Roupa_de_homem,3419,,,,
1995,34,QUADRO 34 - Despesas com Roupas de Homem no Periodo de Referência de 90 Dias;,3419,3419,FARDAMENTO MILITAR (HOMEM),,33001,33001,33001,33001,Roupa_de_homem,3420,,,,
1995,34,QUADRO 34 - Despesas com Roupas de Homem no Periodo de Referência de 90 Dias;,3420,3420,CAPA DE CHUVA (HOMEM),,33001,33001,33001,33001,Roupa_de_homem,3421,,,,
1995,34,QUADRO 34 - Despesas com Roupas de Homem no Periodo de Referência de 90 Dias;,3421,3421,SLACK (HOMEM),,33001,33001,33001,33001,Roupa_de_homem,3422,,,,
1995,34,QUADRO 34 - Despesas com Roupas de Homem no Periodo de Referência de 90 Dias;,3422,3422,CAMISA (UNIFORME DE ESPORTE) (HOMEM),,33001,33001,33001,33001,Roupa_de_homem,3423,,,,
1995,34,QUADRO 34 - Despesas com Roupas de Homem no Periodo de Referência de 90 Dias;,3423,3423,CALÇÃO (UNIFORME DE ESPORTE) (HOMEM),,33001,33001,33001,33001,Roupa_de_homem,3424,,,,
1995,34,QUADRO 34 - Despesas com Roupas de Homem no Periodo de Referência de 90 Dias;,3424,3424,MEIÃO (UNIFORME DE ESPORTE) (HOMEM),,33001,33001,33001,33001,Roupa_de_homem,3425,,,,
1995,34,QUADRO 34 - Despesas com Roupas de Homem no Periodo de Referência de 90 Dias;,3425,3425,FANTASIA (HOMEM),,33001,33001,33001,33001,Roupa_de_homem,3426,,,,
1995,34,QUADRO 34 - Despesas com Roupas de Homem no Periodo de Referência de 90 Dias;,3426,3426,MACACÃO DE MOTOQUEIRO (HOMEM),,33001,33001,33001,33001,Roupa_de_homem,3427,,,,
1995,34,QUADRO 34 - Despesas com Roupas de Homem no Periodo de Referência de 90 Dias;,3427,3427,CONJUNTO DE CALÇA E CAMISA (HOMEM),,33001,33001,33001,33001,Roupa_de_homem,3428,,,,
1995,34,QUADRO 34 - Despesas com Roupas de Homem no Periodo de Referência de 90 Dias;,3428,3428,CONJUNTO DE SHORT E CAMISA (HOMEM),,33001,33001,33001,33001,Roupa_de_homem,3429,,,,
1995,34,QUADRO 34 - Despesas com Roupas de Homem no Periodo de Referência de 90 Dias;,3429,3429,SMOKING (HOMEM),,33001,33001,33001,33001,Roupa_de_homem,3430,,,,
1995,34,QUADRO 34 - Despesas com Roupas de Homem no Periodo de Referência de 90 Dias;,3430,3430,QUIMONO (HOMEM),,33001,33001,33001,33001,Roupa_de_homem,3431,,,,
1995,34,QUADRO 34 - Despesas com Roupas de Homem no Periodo de Referência de 90 Dias;,3431,3431,CONJUNTO DE CALÇA E JAQUETA (HOMEM),,33001,33001,33001,33001,Roupa_de_homem,3432,,,,
1995,34,QUADRO 34 - Despesas com Roupas de Homem no Periodo de Referência de 90 Dias;,3432,3432,UNIFORME DE TRABALHO (HOMEM),,33001,33001,33001,33001,Roupa_de_homem,3433,,,,
1995,34,QUADRO 34 - Despesas com Roupas de Homem no Periodo de Referência de 90 Dias;,3433,3433,FAIXA DE SMOKING (HOMEM),,,33001,33001,33001,Roupa_de_homem,3434,,,,
1995,34,QUADRO 34 - Despesas com Roupas de Homem no Periodo de Referência de 90 Dias;,3434,3434,GUARDA-CHUVA (HOMEM),,,33001,33001,33001,Roupa_de_homem,3435,,,,
1995,34,QUADRO 34 - Despesas com Roupas de Homem no Periodo de Referência de 90 Dias;,3435,3435,CHAPÉU (HOMEM),,,33001,33001,33001,Roupa_de_homem,3436,,,,
1995,34,QUADRO 34 - Despesas com Roupas de Homem no Periodo de Referência de 90 Dias;,3436,3436,BONÉ E VISEIRA (HOMEM),,,33001,33001,33001,Roupa_de_homem,3437,,,,
1995,34,QUADRO 34 - Despesas com Roupas de Homem no Periodo de Referência de 90 Dias;,3437,3437,BATA (HOMEM),,,33001,33001,33001,Roupa_de_homem,3498,,,,
1995,34,QUADRO 34 - Despesas com Roupas de Homem no Periodo de Referência de 90 Dias;,3498,3498,AGREGADO 23,,33001,33001,33001,33001,Roupa_de_homem,3500,,,,
1995,35,QUADRO 35 - Despesas com Roupas de Mulher no Período de Referência de 90 Dias;,3500,3500,DESPESAS COM ROUPAS DE MULHER,,33002,,33002,33002,Roupa_de_mulher,3501,,,,
1995,35,QUADRO 35 - Despesas com Roupas de Mulher no Período de Referência de 90 Dias;,3501,3501,"AGASALHO (CASACO, SUETER, ETC.) (MULHER)",,33002,33002,33002,33002,Roupa_de_mulher,3502,,,,
1995,35,QUADRO 35 - Despesas com Roupas de Mulher no Período de Referência de 90 Dias;,3502,3502,BERMUDA E SHORT (MULHER),,33002,33002,33002,33002,Roupa_de_mulher,3503,,,,
1995,35,QUADRO 35 - Despesas com Roupas de Mulher no Período de Referência de 90 Dias;,3503,3503,BLUSA (MULHER),,33002,33002,33002,33002,Roupa_de_mulher,3504,,,,
1995,35,QUADRO 35 - Despesas com Roupas de Mulher no Período de Referência de 90 Dias;,3504,3504,CALÇA COMPRIDA (MULHER),,33002,33002,33002,33002,Roupa_de_mulher,3505,,,,
1995,35,QUADRO 35 - Despesas com Roupas de Mulher no Período de Referência de 90 Dias;,3505,3505,CALCINHA E SUTIÃ (MULHER),,33002,33002,33002,33002,Roupa_de_mulher,3506,,,,
1995,35,QUADRO 35 - Despesas com Roupas de Mulher no Período de Referência de 90 Dias;,3506,3506,CAMISETA E COLLANT (MULHER),,33002,33002,33002,33002,Roupa_de_mulher,3507,,,,
1995,35,QUADRO 35 - Despesas com Roupas de Mulher no Período de Referência de 90 Dias;,3507,3507,"CAMISOLA, PIJAMA E ROBE (MULHER)",,33002,33002,33002,33002,Roupa_de_mulher,3508,,,,
1995,35,QUADRO 35 - Despesas com Roupas de Mulher no Período de Referência de 90 Dias;,3508,3508,CONJUNTO ESPORTIVO (MULHER),,33002,33002,33002,33002,Roupa_de_mulher,3509,,,,
1995,35,QUADRO 35 - Despesas com Roupas de Mulher no Período de Referência de 90 Dias;,3509,3509,LENÇO DE CABEÇA (MULHER),,33002,33002,33002,33002,Roupa_de_mulher,3510,,,,
1995,35,QUADRO 35 - Despesas com Roupas de Mulher no Período de Referência de 90 Dias;,3510,3510,MACACÃO (MULHER),,33002,33002,33002,33002,Roupa_de_mulher,3511,,,,
1995,35,QUADRO 35 - Despesas com Roupas de Mulher no Período de Referência de 90 Dias;,3511,3511,MAIÔ E BIQUINI (MULHER),,33002,33002,33002,33002,Roupa_de_mulher,3512,,,,
1995,35,QUADRO 35 - Despesas com Roupas de Mulher no Período de Referência de 90 Dias;,3512,3512,MEIAS (MULHER),,33002,33002,33002,33002,Roupa_de_mulher,3513,,,,
1995,35,QUADRO 35 - Despesas com Roupas de Mulher no Período de Referência de 90 Dias;,3513,3513,SAIA (MULHER),,33002,33002,33002,33002,Roupa_de_mulher,3514,,,,
1995,35,QUADRO 35 - Despesas com Roupas de Mulher no Período de Referência de 90 Dias;,3514,3514,VESTIDO (MULHER),,33002,33002,33002,33002,Roupa_de_mulher,3515,,,,
1995,35,QUADRO 35 - Despesas com Roupas de Mulher no Período de Referência de 90 Dias;,3515,3515,LENCINHO (MULHER),,33002,33002,33002,33002,Roupa_de_mulher,3516,,,,
1995,35,QUADRO 35 - Despesas com Roupas de Mulher no Período de Referência de 90 Dias;,3516,3516,"LUVA DE COURO, MALHA, TECIDO (MULHER)",,33002,33002,33002,33002,Roupa_de_mulher,3517,,,,
1995,35,QUADRO 35 - Despesas com Roupas de Mulher no Período de Referência de 90 Dias;,3517,3517,COMBINAÇÃO (MULHER),,33002,33002,33002,33002,Roupa_de_mulher,3518,,,,
1995,35,QUADRO 35 - Despesas com Roupas de Mulher no Período de Referência de 90 Dias;,3518,3518,GORRO (MULHER),,33002,33002,33002,33002,Roupa_de_mulher,3519,,,,
1995,35,QUADRO 35 - Despesas com Roupas de Mulher no Período de Referência de 90 Dias;,3519,3519,ALUGUEL DE ROUPA (MULHER),,33002,33002,33002,33002,Roupa_de_mulher,3520,,,,
1995,35,QUADRO 35 - Despesas com Roupas de Mulher no Período de Referência de 90 Dias;,3520,3520,CINTA (MULHER),,33002,33002,33002,33002,Roupa_de_mulher,3521,,,,
1995,35,QUADRO 35 - Despesas com Roupas de Mulher no Período de Referência de 90 Dias;,3521,3521,SAIDA DE PRAIA (MULHER),,33002,33002,33002,33002,Roupa_de_mulher,3522,,,,
1995,35,QUADRO 35 - Despesas com Roupas de Mulher no Período de Referência de 90 Dias;,3522,3522,PONCHO DE LÃ (MULHER),,33002,33002,33002,33002,Roupa_de_mulher,3523,,,,
1995,35,QUADRO 35 - Despesas com Roupas de Mulher no Período de Referência de 90 Dias;,3523,3523,CAPA DE CHUVA (MULHER),,33002,33002,33002,33002,Roupa_de_mulher,3524,,,,
1995,35,QUADRO 35 - Despesas com Roupas de Mulher no Período de Referência de 90 Dias;,3524,3524,SLACK (MULHER),,33002,33002,33002,33002,Roupa_de_mulher,3525,,,,
1995,35,QUADRO 35 - Despesas com Roupas de Mulher no Período de Referência de 90 Dias;,3525,3525,"VESTIMENTO DE NOIVA (VESTIDO, GRINALDA) (MULHER)",,33002,33002,33002,33002,Roupa_de_mulher,3526,,,,
1995,35,QUADRO 35 - Despesas com Roupas de Mulher no Período de Referência de 90 Dias;,3526,3526,CAMISA (UNIFORME DE ESPORTE) (MULHER),,33002,33002,33002,33002,Roupa_de_mulher,3527,,,,
1995,35,QUADRO 35 - Despesas com Roupas de Mulher no Período de Referência de 90 Dias;,3527,3527,CALÇÃO (UNIFORME DE ESPORTE) (MULHER),,33002,33002,33002,33002,Roupa_de_mulher,3528,,,,
1995,35,QUADRO 35 - Despesas com Roupas de Mulher no Período de Referência de 90 Dias;,3528,3528,MEIÃO (UNIFORME DE ESPORTE) (MULHER),,33002,33002,33002,33002,Roupa_de_mulher,3529,,,,
1995,35,QUADRO 35 - Despesas com Roupas de Mulher no Período de Referência de 90 Dias;,3529,3529,FANTASIA (MULHER),,33002,33002,33002,33002,Roupa_de_mulher,3530,,,,
1995,35,QUADRO 35 - Despesas com Roupas de Mulher no Período de Referência de 90 Dias;,3530,3530,BUSTIE (MULHER),,33002,33002,33002,33002,Roupa_de_mulher,3531,,,,
1995,35,QUADRO 35 - Despesas com Roupas de Mulher no Período de Referência de 90 Dias;,3531,3531,MACACÃO DE MOTOQUEIRO (MULHER),,33002,33002,33002,33002,Roupa_de_mulher,3532,,,,
1995,35,QUADRO 35 - Despesas com Roupas de Mulher no Período de Referência de 90 Dias;,3532,3532,POLAINAS (MULHER),,33002,33002,33002,33002,Roupa_de_mulher,3533,,,,
1995,35,QUADRO 35 - Despesas com Roupas de Mulher no Período de Referência de 90 Dias;,3533,3533,CONJUNTO DE SAIA E BLUSA (MULHER),,33002,33002,33002,33002,Roupa_de_mulher,3534,,,,
1995,35,QUADRO 35 - Despesas com Roupas de Mulher no Período de Referência de 90 Dias;,3534,3534,CONJUNTO DE SHORT E BLUSA (MULHER),,33002,33002,33002,33002,Roupa_de_mulher,3535,,,,
1995,35,QUADRO 35 - Despesas com Roupas de Mulher no Período de Referência de 90 Dias;,3535,3535,BLAZER (MULHER),,33002,33002,33002,33002,Roupa_de_mulher,3536,,,,
1995,35,QUADRO 35 - Despesas com Roupas de Mulher no Período de Referência de 90 Dias;,3536,3536,CONJUNTO DE SAIA E BLAZER (MULHER),,33002,33002,33002,33002,Roupa_de_mulher,3537,,,,
1995,35,QUADRO 35 - Despesas com Roupas de Mulher no Período de Referência de 90 Dias;,3537,3537,TERNO OU TERNINHO (MULHER),,33002,33002,33002,33002,Roupa_de_mulher,3538,,,,
1995,35,QUADRO 35 - Despesas com Roupas de Mulher no Período de Referência de 90 Dias;,3538,3538,MACAQUITO (MULHER),,33002,33002,33002,33002,Roupa_de_mulher,3539,,,,
1995,35,QUADRO 35 - Despesas com Roupas de Mulher no Período de Referência de 90 Dias;,3539,3539,CONJUNTO DE CALÇA E BLUSA (MULHER),,33002,33002,33002,33002,Roupa_de_mulher,3540,,,,
1995,35,QUADRO 35 - Despesas com Roupas de Mulher no Período de Referência de 90 Dias;,3540,3540,LENÇO DE PESCOÇO (MULHER),,33002,33002,33002,33002,Roupa_de_mulher,3541,,,,
1995,35,QUADRO 35 - Despesas com Roupas de Mulher no Período de Referência de 90 Dias;,3541,3541,CALÇA PLÁSTICA (MULHER),,33002,33002,33002,33002,Roupa_de_mulher,3542,,,,
1995,35,QUADRO 35 - Despesas com Roupas de Mulher no Período de Referência de 90 Dias;,3542,3542,UNIFORME DE TRABALHO (MULHER),,33002,33002,33002,33002,Roupa_de_mulher,3543,,,,
1995,35,QUADRO 35 - Despesas com Roupas de Mulher no Período de Referência de 90 Dias;,3543,3543,COLETE (MULHER),,33002,33002,33002,33002,Roupa_de_mulher,3544,,,,
1995,35,QUADRO 35 - Despesas com Roupas de Mulher no Período de Referência de 90 Dias;,3544,3544,CONJUNTO DE CALÇA E JAQUETA (MULHER),,33002,33002,33002,33002,Roupa_de_mulher,3545,,,,
1995,35,QUADRO 35 - Despesas com Roupas de Mulher no Período de Referência de 90 Dias;,3545,3545,CONJUNTO DE SAIA E JAQUETA (MULHER),,,33002,33002,33002,Roupa_de_mulher,3546,,,,
1995,35,QUADRO 35 - Despesas com Roupas de Mulher no Período de Referência de 90 Dias;,3546,3546,QUIMONO (MULHER),,,33002,33002,33002,Roupa_de_mulher,3547,,,,
1995,35,QUADRO 35 - Despesas com Roupas de Mulher no Período de Referência de 90 Dias;,3547,3547,GRAVATA (MULHER),,,33002,33002,33002,Roupa_de_mulher,3548,,,,
1995,35,QUADRO 35 - Despesas com Roupas de Mulher no Período de Referência de 90 Dias;,3548,3548,CALÇA DE CAPÓEIRA (ABADA) (MULHER),,,33002,33002,33002,Roupa_de_mulher,3549,,,,
1995,35,QUADRO 35 - Despesas com Roupas de Mulher no Período de Referência de 90 Dias;,3549,3549,SAIA-CALÇA (MULHER),,,33002,33002,33002,Roupa_de_mulher,3550,,,,
1995,35,QUADRO 35 - Despesas com Roupas de Mulher no Período de Referência de 90 Dias;,3550,3550,SOMBRINHA (MULHER),,,33002,33002,33002,Roupa_de_mulher,3551,,,,
1995,35,QUADRO 35 - Despesas com Roupas de Mulher no Período de Referência de 90 Dias;,3551,3551,CHÁPEU (MULHER),,,33002,33002,33002,Roupa_de_mulher,3552,,,,
1995,35,QUADRO 35 - Despesas com Roupas de Mulher no Período de Referência de 90 Dias;,3552,3552,BONÉ E VISEIRA (MULHER),,,33002,33002,33002,Roupa_de_mulher,3598,,,,
1995,35,QUADRO 35 - Despesas com Roupas de Mulher no Período de Referência de 90 Dias;,3598,3598,AGREGADO (MULHER),,33002,33002,33002,33002,Roupa_de_mulher,3600,,,,
1995,36,QUADRO 36 - Despesas com Roupas de Criança até 14 Anos no Período de Referência de 90 Dias;,3600,3600,DESPESAS COM ROUPAS DE CRIANÇA ATE 14 ANOS,,33003,,33003,33003,Roupa_de_crianca,3601,,,,
1995,36,QUADRO 36 - Despesas com Roupas de Criança até 14 Anos no Período de Referência de 90 Dias;,3601,3601,"AGASALHO (CASACO, SUETER, ETC.) (CRIANÇA)",,33003,33003,33003,33003,Roupa_de_crianca,3602,,,,
1995,36,QUADRO 36 - Despesas com Roupas de Criança até 14 Anos no Período de Referência de 90 Dias;,3602,3602,BERMUDA E SHORT (CRIANÇA),,33003,33003,33003,33003,Roupa_de_crianca,3603,,,,
1995,36,QUADRO 36 - Despesas com Roupas de Criança até 14 Anos no Período de Referência de 90 Dias;,3603,3603,BLUSA OU CAMISA (CRIANÇA),,33003,33003,33003,33003,Roupa_de_crianca,3604,,,,
1995,36,QUADRO 36 - Despesas com Roupas de Criança até 14 Anos no Período de Referência de 90 Dias;,3604,3604,CALÇA COMPRIDA (CRIANÇA),,33003,33003,33003,33003,Roupa_de_crianca,3605,,,,
1995,36,QUADRO 36 - Despesas com Roupas de Criança até 14 Anos no Período de Referência de 90 Dias;,3605,3605,"CALÇÃO, SUNGA, MAIO, BIQUINI, TANGA (CRIANÇA)",,33003,33003,33003,33003,Roupa_de_crianca,3606,,,,
1995,36,QUADRO 36 - Despesas com Roupas de Criança até 14 Anos no Período de Referência de 90 Dias;,3606,3606,CALCINHA E SUTIÃ (CRIANÇA),,33003,33003,33003,33003,Roupa_de_crianca,3607,,,,
1995,36,QUADRO 36 - Despesas com Roupas de Criança até 14 Anos no Período de Referência de 90 Dias;,3607,3607,CAMISETA E COLLANT (CRIANÇA),,33003,33003,33003,33003,Roupa_de_crianca,3608,,,,
1995,36,QUADRO 36 - Despesas com Roupas de Criança até 14 Anos no Período de Referência de 90 Dias;,3608,3608,"CAMISOLA, PIJAMA E ROBE (CRIANÇA)",,33003,33003,33003,33003,Roupa_de_crianca,3609,,,,
1995,36,QUADRO 36 - Despesas com Roupas de Criança até 14 Anos no Período de Referência de 90 Dias;,3609,3609,CONJUNTO ESPORTIVO (CRIANÇA),,33003,33003,33003,33003,Roupa_de_crianca,3610,,,,
1995,36,QUADRO 36 - Despesas com Roupas de Criança até 14 Anos no Período de Referência de 90 Dias;,3610,3610,CUECA (CRIANÇA),,33003,33003,33003,33003,Roupa_de_crianca,3611,,,,
1995,36,QUADRO 36 - Despesas com Roupas de Criança até 14 Anos no Período de Referência de 90 Dias;,3611,3611,FRALDA DESCARTÁVEL (CRIANÇA),,33003,33003,33003,33003,Roupa_de_crianca,3612,,,,
1995,36,QUADRO 36 - Despesas com Roupas de Criança até 14 Anos no Período de Referência de 90 Dias;,3612,3612,FRALDA DE TECIDO (CRIANÇA),,33003,33003,33003,33003,Roupa_de_crianca,3613,,,,
1995,36,QUADRO 36 - Despesas com Roupas de Criança até 14 Anos no Período de Referência de 90 Dias;,3613,3613,MACACÃO (CRIANÇA),,33003,33003,33003,33003,Roupa_de_crianca,3614,,,,
1995,36,QUADRO 36 - Despesas com Roupas de Criança até 14 Anos no Período de Referência de 90 Dias;,3614,3614,MEIAS (CRIANÇA),,33003,33003,33003,33003,Roupa_de_crianca,3615,,,,
1995,36,QUADRO 36 - Despesas com Roupas de Criança até 14 Anos no Período de Referência de 90 Dias;,3615,3615,"PALETÓ, BLAZER, E TERNO (CRIANÇA)",,33003,33003,33003,33003,Roupa_de_crianca,3616,,,,
1995,36,QUADRO 36 - Despesas com Roupas de Criança até 14 Anos no Período de Referência de 90 Dias;,3616,3616,SAIA (CRIANÇA),,33003,33003,33003,33003,Roupa_de_crianca,3617,,,,
1995,36,QUADRO 36 - Despesas com Roupas de Criança até 14 Anos no Período de Referência de 90 Dias;,3617,3617,VESTIDO (CRIANÇA),,33003,33003,33003,33003,Roupa_de_crianca,3618,,,,
1995,36,QUADRO 36 - Despesas com Roupas de Criança até 14 Anos no Período de Referência de 90 Dias;,3618,3618,OUTRAS ROUPAS DE BEBE (CRIANÇA),,33003,33003,33003,33003,Roupa_de_crianca,3619,,,,
1995,36,QUADRO 36 - Despesas com Roupas de Criança até 14 Anos no Período de Referência de 90 Dias;,3619,3619,LENÇO (CRIANÇA),,33003,33003,33003,33003,Roupa_de_crianca,3620,,,,
1995,36,QUADRO 36 - Despesas com Roupas de Criança até 14 Anos no Período de Referência de 90 Dias;,3620,3620,ANÁGUA (CRIANÇA),,33003,33003,33003,33003,Roupa_de_crianca,3621,,,,
1995,36,QUADRO 36 - Despesas com Roupas de Criança até 14 Anos no Período de Referência de 90 Dias;,3621,3621,COMBINAÇÃO (CRIANÇA),,33003,33003,33003,33003,Roupa_de_crianca,3622,,,,
1995,36,QUADRO 36 - Despesas com Roupas de Criança até 14 Anos no Período de Referência de 90 Dias;,3622,3622,GORRO (CRIANÇA),,33003,33003,33003,33003,Roupa_de_crianca,3623,,,,
1995,36,QUADRO 36 - Despesas com Roupas de Criança até 14 Anos no Período de Referência de 90 Dias;,3623,3623,SAIA DE PRAIA (CRIANÇA),,33003,33003,33003,33003,Roupa_de_crianca,3624,,,,
1995,36,QUADRO 36 - Despesas com Roupas de Criança até 14 Anos no Período de Referência de 90 Dias;,3624,3624,"LUVA DE COURO, MALHA, TECIDO (CRIANÇA)",,33003,33003,33003,33003,Roupa_de_crianca,3625,,,,
1995,36,QUADRO 36 - Despesas com Roupas de Criança até 14 Anos no Período de Referência de 90 Dias;,3625,3625,CONJUNTO DE SHORT E BLUSA OU CAMISA (CRIANÇA),,33003,33003,33003,33003,Roupa_de_crianca,3626,,,,
1995,36,QUADRO 36 - Despesas com Roupas de Criança até 14 Anos no Período de Referência de 90 Dias;,3626,3626,CAPA DE CHUVA (CRIANÇA),,33003,33003,33003,33003,Roupa_de_crianca,3627,,,,
1995,36,QUADRO 36 - Despesas com Roupas de Criança até 14 Anos no Período de Referência de 90 Dias;,3627,3627,ALUGUEL DE ROUPA (CRIANÇA),,33003,33003,33003,33003,Roupa_de_crianca,3628,,,,
1995,36,QUADRO 36 - Despesas com Roupas de Criança até 14 Anos no Período de Referência de 90 Dias;,3628,3628,LENÇO DE CABEÇA (CRIANÇA),,33003,33003,33003,33003,Roupa_de_crianca,3629,,,,
1995,36,QUADRO 36 - Despesas com Roupas de Criança até 14 Anos no Período de Referência de 90 Dias;,3629,3629,CAMISA (UNIFORME DE ESPORTE) (CRIANÇA),,33003,33003,33003,33003,Roupa_de_crianca,3630,,,,
1995,36,QUADRO 36 - Despesas com Roupas de Criança até 14 Anos no Período de Referência de 90 Dias;,3630,3630,CALÇÃO (UNIFORME DE ESPORTE) (CRIANÇA),,33003,33003,33003,33003,Roupa_de_crianca,3631,,,,
1995,36,QUADRO 36 - Despesas com Roupas de Criança até 14 Anos no Período de Referência de 90 Dias;,3631,3631,MEIÃO (UNIFORME DE ESPORTE) (CRIANÇA),,33003,33003,33003,33003,Roupa_de_crianca,3632,,,,
1995,36,QUADRO 36 - Despesas com Roupas de Criança até 14 Anos no Período de Referência de 90 Dias;,3632,3632,FANTASIA (CRIANÇA),,33003,33003,33003,33003,Roupa_de_crianca,3633,,,,
1995,36,QUADRO 36 - Despesas com Roupas de Criança até 14 Anos no Período de Referência de 90 Dias;,3633,3633,BUSTIE (CRIANÇA),,33003,33003,33003,33003,Roupa_de_crianca,3634,,,,
1995,36,QUADRO 36 - Despesas com Roupas de Criança até 14 Anos no Período de Referência de 90 Dias;,3634,3634,CONJUNTO DE SAIA E BLUSA OU CAMISA (CRIANÇA),,33003,33003,33003,33003,Roupa_de_crianca,3635,,,,
1995,36,QUADRO 36 - Despesas com Roupas de Criança até 14 Anos no Período de Referência de 90 Dias;,3635,3635,CONJUNTO DE CALÇA E BLUSA OU CAMISA (CRIANÇA),,33003,33003,33003,33003,Roupa_de_crianca,3636,,,,
1995,36,QUADRO 36 - Despesas com Roupas de Criança até 14 Anos no Período de Referência de 90 Dias;,3636,3636,QUIMONO (CRIANÇA),,33003,33003,33003,33003,Roupa_de_crianca,3637,,,,
1995,36,QUADRO 36 - Despesas com Roupas de Criança até 14 Anos no Período de Referência de 90 Dias;,3637,3637,CONJUNTO DE CALÇA E JAQUETA (CRIANÇA),,33003,33003,33003,33003,Roupa_de_crianca,3638,,,,
1995,36,QUADRO 36 - Despesas com Roupas de Criança até 14 Anos no Período de Referência de 90 Dias;,3638,3638,PONCHO (CRIANÇA),,,33003,33003,33003,Roupa_de_crianca,3639,,,,
1995,36,QUADRO 36 - Despesas com Roupas de Criança até 14 Anos no Período de Referência de 90 Dias;,3639,3639,MACAQUITO (CRIANÇA),,,33003,33003,33003,Roupa_de_crianca,3640,,,,
1995,36,QUADRO 36 - Despesas com Roupas de Criança até 14 Anos no Período de Referência de 90 Dias;,3640,3640,GRAVATA (CRIANÇA),,,33003,33003,33003,Roupa_de_crianca,3641,,,,
1995,36,QUADRO 36 - Despesas com Roupas de Criança até 14 Anos no Período de Referência de 90 Dias;,3641,3641,POLAINAS (CRIANÇA),,,33003,33003,33003,Roupa_de_crianca,3642,,,,
1995,36,QUADRO 36 - Despesas com Roupas de Criança até 14 Anos no Período de Referência de 90 Dias;,3642,3642,COLETE (CRIANÇA),,,33003,33003,33003,Roupa_de_crianca,3643,,,,
1995,36,QUADRO 36 - Despesas com Roupas de Criança até 14 Anos no Período de Referência de 90 Dias;,3643,3643,GRINALDA (CRIANÇA),,,33003,33003,33003,Roupa_de_crianca,3644,,,,
1995,36,QUADRO 36 - Despesas com Roupas de Criança até 14 Anos no Período de Referência de 90 Dias;,3644,3644,SLACK (CRIANÇA),,,33003,33003,33003,Roupa_de_crianca,3645,,,,
1995,36,QUADRO 36 - Despesas com Roupas de Criança até 14 Anos no Período de Referência de 90 Dias;,3645,3645,CONJUNTO DE SAIA E JAQUETA (CRIANÇA),,,33003,33003,33003,Roupa_de_crianca,3646,,,,
1995,36,QUADRO 36 - Despesas com Roupas de Criança até 14 Anos no Período de Referência de 90 Dias;,3646,3646,ENFEITE DE CABELO (CRIANÇA),,,33003,33003,33003,Roupa_de_crianca,3647,,,,
1995,36,QUADRO 36 - Despesas com Roupas de Criança até 14 Anos no Período de Referência de 90 Dias;,3647,3647,GUARDA-CHUVA E SOMBRINHA (CRIANÇA),,,33003,33003,33003,Roupa_de_crianca,3648,,,,
1995,36,QUADRO 36 - Despesas com Roupas de Criança até 14 Anos no Período de Referência de 90 Dias;,3648,3648,BONÉ E VISEIRA (CRIANÇA),,,33003,33003,33003,Roupa_de_crianca,3649,,,,
1995,36,QUADRO 36 - Despesas com Roupas de Criança até 14 Anos no Período de Referência de 90 Dias;,3649,3649,ENXOVAL DE BEBE,,,33003,33003,33003,Roupa_de_crianca,3650,,,,
1995,36,QUADRO 36 - Despesas com Roupas de Criança até 14 Anos no Período de Referência de 90 Dias;,3650,3650,CHÁPEU (CRIANÇA),,,33003,33003,33003,Roupa_de_crianca,3651,,,,
1995,36,QUADRO 36 - Despesas com Roupas de Criança até 14 Anos no Período de Referência de 90 Dias;,3651,3651,UNIFORME DE BALE (CRIANÇA),,,33003,33003,33003,Roupa_de_crianca,3652,,,,
1995,36,QUADRO 36 - Despesas com Roupas de Criança até 14 Anos no Período de Referência de 90 Dias;,3652,3652,UNIFORME PARA CORAL DE IGREJA (CRIANÇA),,,33003,33003,33003,Roupa_de_crianca,3698,,,,
1995,36,QUADRO 36 - Despesas com Roupas de Criança até 14 Anos no Período de Referência de 90 Dias;,3698,3698,AGREGADO (CRIANÇA),,33003,33003,33003,33003,Roupa_de_crianca,3700,,,,
1995,37,"QUADRO 37 - Despesas com Artigos de Armarinho, Tecidos e Roupas dê Banho, Cama e Mesa no Período de Referência de 90 Dias,",3700,3700,"DESPESA COM ARTIGOS DE ARMARINHO, TECIDOS E ROUPAS DE BANHO CAMA E MESA",,33006,,33006,33006,Tecidos_e_armarinhos,3701,,,,
1995,37,"QUADRO 37 - Despesas com Artigos de Armarinho, Tecidos e Roupas dê Banho, Cama e Mesa no Período de Referência de 90 Dias,",3701,3701,ARTIGOS DE ARMARINHO,,33006,33006,33006,33006,Tecidos_e_armarinhos,3702,,,,
1995,37,"QUADRO 37 - Despesas com Artigos de Armarinho, Tecidos e Roupas dê Banho, Cama e Mesa no Período de Referência de 90 Dias,",3702,3702,TECIDOS,,33006,33006,33006,33006,Tecidos_e_armarinhos,3703,,,,
1995,37,"QUADRO 37 - Despesas com Artigos de Armarinho, Tecidos e Roupas dê Banho, Cama e Mesa no Período de Referência de 90 Dias,",3703,3703,ROUPA DE BANHO (TOALHAS DE BANHO E ROSTO),,32003,32003,32003,32003,Mobiliarios_e_artigos_do_lar,3704,,,,
1995,37,"QUADRO 37 - Despesas com Artigos de Armarinho, Tecidos e Roupas dê Banho, Cama e Mesa no Período de Referência de 90 Dias,",3704,3704,"ROUPA DE CAMA (LENÇOL, FRONHA, COBERTOR, ETC.)",,32003,32003,32003,32003,Mobiliarios_e_artigos_do_lar,3705,,,,
1995,37,"QUADRO 37 - Despesas com Artigos de Armarinho, Tecidos e Roupas dê Banho, Cama e Mesa no Período de Referência de 90 Dias,",3705,3705,"ROUPA DE MESA DE TECIDO (TOALHA, PANO DE PRATO, GUARDANAPO, ETC.)",,32003,32003,32003,32003,Mobiliarios_e_artigos_do_lar,3706,,,,
1995,37,"QUADRO 37 - Despesas com Artigos de Armarinho, Tecidos e Roupas dê Banho, Cama e Mesa no Período de Referência de 90 Dias,",3706,3706,"ROUPA DE MESA DE PLASTICO (TOALHA, PANO DE CENTRO, ETC.)",,32003,32003,32003,32003,Mobiliarios_e_artigos_do_lar,3707,,,,
1995,37,"QUADRO 37 - Despesas com Artigos de Armarinho, Tecidos e Roupas dê Banho, Cama e Mesa no Período de Referência de 90 Dias,",3707,3707,LEQUE,,40006,40006,40006,40006,Outras_despesas_diversas,3708,,,,
1995,37,"QUADRO 37 - Despesas com Artigos de Armarinho, Tecidos e Roupas dê Banho, Cama e Mesa no Período de Referência de 90 Dias,",3708,3708,TINTA DE TECIDO,,33006,33006,33006,33006,Tecidos_e_armarinhos,3710,,,,
1995,37,"QUADRO 37 - Despesas com Artigos de Armarinho, Tecidos e Roupas dê Banho, Cama e Mesa no Período de Referência de 90 Dias,",3710,3710,ACORTINADO (CORTINADO),,32003,32003,32003,32003,Mobiliarios_e_artigos_do_lar,3711,,,,
1995,37,"QUADRO 37 - Despesas com Artigos de Armarinho, Tecidos e Roupas dê Banho, Cama e Mesa no Período de Referência de 90 Dias,",3711,3711,"ENCHEMENTO DE ALMOFADA, TRAVESSEIRO, ETC.",,32003,32003,32003,32003,Mobiliarios_e_artigos_do_lar,3712,,,,
1995,37,"QUADRO 37 - Despesas com Artigos de Armarinho, Tecidos e Roupas dê Banho, Cama e Mesa no Período de Referência de 90 Dias,",3712,3712,REVESTIMENTO DE TÁBUA DE PASSAR ROUPA,,32003,32003,32003,32003,Mobiliarios_e_artigos_do_lar,3713,,,,
1995,37,"QUADRO 37 - Despesas com Artigos de Armarinho, Tecidos e Roupas dê Banho, Cama e Mesa no Período de Referência de 90 Dias,",3713,3713,"AVENTAL, LUVA, ETC. PARA SERVIÇOS DOMÉSTICOS",,32003,32003,32003,32003,Mobiliarios_e_artigos_do_lar,3714,,,,
1995,37,"QUADRO 37 - Despesas com Artigos de Armarinho, Tecidos e Roupas dê Banho, Cama e Mesa no Período de Referência de 90 Dias,",3714,3714,OMBREIRA,,33006,33006,33006,33006,Tecidos_e_armarinhos,3715,,,,
1995,37,"QUADRO 37 - Despesas com Artigos de Armarinho, Tecidos e Roupas dê Banho, Cama e Mesa no Período de Referência de 90 Dias,",3715,3715,PLÁSTICO,,33006,33006,33006,33006,Tecidos_e_armarinhos,3716,,,,
1995,37,"QUADRO 37 - Despesas com Artigos de Armarinho, Tecidos e Roupas dê Banho, Cama e Mesa no Período de Referência de 90 Dias,",3716,3716,LENÇOL DESCARTÁVEL,,32003,32003,32003,32003,Mobiliarios_e_artigos_do_lar,3717,,,,
1995,37,"QUADRO 37 - Despesas com Artigos de Armarinho, Tecidos e Roupas dê Banho, Cama e Mesa no Período de Referência de 90 Dias,",3717,3717,PUNHO DE REDE,,33006,33006,33006,33006,Tecidos_e_armarinhos,3718,,,,
1995,37,"QUADRO 37 - Despesas com Artigos de Armarinho, Tecidos e Roupas dê Banho, Cama e Mesa no Período de Referência de 90 Dias,",3718,3718,NAPA,,33006,33006,33006,33006,Tecidos_e_armarinhos,3719,,,,
1995,37,"QUADRO 37 - Despesas com Artigos de Armarinho, Tecidos e Roupas dê Banho, Cama e Mesa no Período de Referência de 90 Dias,",3719,3719,COURO,,33006,33006,33006,33006,Tecidos_e_armarinhos,3720,,,,
1995,37,"QUADRO 37 - Despesas com Artigos de Armarinho, Tecidos e Roupas dê Banho, Cama e Mesa no Período de Referência de 90 Dias,",3720,3720,PROTETOR DE COLCHÃO,,,32003,32003,32003,Mobiliarios_e_artigos_do_lar,3721,,,,
1995,37,"QUADRO 37 - Despesas com Artigos de Armarinho, Tecidos e Roupas dê Banho, Cama e Mesa no Período de Referência de 90 Dias,",3721,3721,TINTA DE CALÇADO,,,33006,33006,33006,Tecidos_e_armarinhos,3722,,,,
1995,37,"QUADRO 37 - Despesas com Artigos de Armarinho, Tecidos e Roupas dê Banho, Cama e Mesa no Período de Referência de 90 Dias,",3722,3722,PÉ-DE-COELHO,,,40006,40006,40006,Outras_despesas_diversas,3723,,,,
1995,37,"QUADRO 37 - Despesas com Artigos de Armarinho, Tecidos e Roupas dê Banho, Cama e Mesa no Período de Referência de 90 Dias,",3723,3723,TRAVESSEIRO,,,32003,32003,32003,Mobiliarios_e_artigos_do_lar,3724,,,,
1995,37,"QUADRO 37 - Despesas com Artigos de Armarinho, Tecidos e Roupas dê Banho, Cama e Mesa no Período de Referência de 90 Dias,",3724,3724,"ENXOVAL (ROUPAS DE CAMA, MESA, BANHO)",,,32003,32003,32003,Mobiliarios_e_artigos_do_lar,3725,,,,
1995,37,"QUADRO 37 - Despesas com Artigos de Armarinho, Tecidos e Roupas dê Banho, Cama e Mesa no Período de Referência de 90 Dias,",3725,3725,ESPUMA DE COLCHÃO,,,32003,32003,32003,Mobiliarios_e_artigos_do_lar,3726,,,,
1995,37,"QUADRO 37 - Despesas com Artigos de Armarinho, Tecidos e Roupas dê Banho, Cama e Mesa no Período de Referência de 90 Dias,",3726,3726,PRENDEDOR DE CHUPETA,,,33006,33006,33006,Tecidos_e_armarinhos,3798,,,,
1995,37,"QUADRO 37 - Despesas com Artigos de Armarinho, Tecidos e Roupas dê Banho, Cama e Mesa no Período de Referência de 90 Dias,",3798,3798,AGREGADO 39,,33006,33006,33006,33006,Tecidos_e_armarinhos,3800,,,,
1995,38,"QUADRO 38 - Despesas com Bolsas, Calçados e Cintos no Período de Referência de 90 Dias,",3800,3800,"DESPESAS COM BOLSAS, CALÇADOS E CINTOS",,33004,,33004,33004,Calcados_e_apetrechos,3801,,,,
1995,38,"QUADRO 38 - Despesas com Bolsas, Calçados e Cintos no Período de Referência de 90 Dias,",3801,3801,BOLSA E CARTEIRA DE HOMEM,,33004,33004,33004,33004,Calcados_e_apetrechos,3802,,,,
1995,38,"QUADRO 38 - Despesas com Bolsas, Calçados e Cintos no Período de Referência de 90 Dias,",3802,3802,BOLSA E CARTEIRA DE MULHER,,33004,33004,33004,33004,Calcados_e_apetrechos,3803,,,,
1995,38,"QUADRO 38 - Despesas com Bolsas, Calçados e Cintos no Período de Referência de 90 Dias,",3803,3803,FRASQUEIRA,,33004,33004,33004,33004,Calcados_e_apetrechos,3804,,,,
1995,38,"QUADRO 38 - Despesas com Bolsas, Calçados e Cintos no Período de Referência de 90 Dias,",3804,3804,VALISE,,33004,33004,33004,33004,Calcados_e_apetrechos,3805,,,,
1995,38,"QUADRO 38 - Despesas com Bolsas, Calçados e Cintos no Período de Referência de 90 Dias,",3805,3805,MALA,,33004,33004,33004,33004,Calcados_e_apetrechos,3806,,,,
1995,38,"QUADRO 38 - Despesas com Bolsas, Calçados e Cintos no Período de Referência de 90 Dias,",3806,3806,SANDALIA DE CRIANÇA (EXCETO DE BORRACHA OU PLASTICO),,33004,33004,33004,33004,Calcados_e_apetrechos,3807,,,,
1995,38,"QUADRO 38 - Despesas com Bolsas, Calçados e Cintos no Período de Referência de 90 Dias,",3807,3807,SANDALIA DE HOMEM (EXCETO DE BORRACHA OU PLASTICO),,33004,33004,33004,33004,Calcados_e_apetrechos,3808,,,,
1995,38,"QUADRO 38 - Despesas com Bolsas, Calçados e Cintos no Período de Referência de 90 Dias,",3808,3808,SANDALIA DE MULHER (EXCETO DE BORRACHA OU PLASTICO),,33004,33004,33004,33004,Calcados_e_apetrechos,3809,,,,
1995,38,"QUADRO 38 - Despesas com Bolsas, Calçados e Cintos no Período de Referência de 90 Dias,",3809,3809,"SANDALIA DE BORRACHA DE CRIANÇA, HOMEN, MULHER",,33004,33004,33004,33004,Calcados_e_apetrechos,3810,,,,
1995,38,"QUADRO 38 - Despesas com Bolsas, Calçados e Cintos no Período de Referência de 90 Dias,",3810,3810,SANDALIA E SAPATO DE PLÁSTICO DE CRIANÇA,,33004,33004,33004,33004,Calcados_e_apetrechos,3811,,,,
1995,38,"QUADRO 38 - Despesas com Bolsas, Calçados e Cintos no Período de Referência de 90 Dias,",3811,3811,SANDALIA E SAPATO DE PLÁSTICO DE MULHER,,33004,33004,33004,33004,Calcados_e_apetrechos,3812,,,,
1995,38,"QUADRO 38 - Despesas com Bolsas, Calçados e Cintos no Período de Referência de 90 Dias,",3812,3812,SAPATO E BOTA DE CRIANÇA (EXCETO DE PLÁSTICO),,33004,33004,33004,33004,Calcados_e_apetrechos,3813,,,,
1995,38,"QUADRO 38 - Despesas com Bolsas, Calçados e Cintos no Período de Referência de 90 Dias,",3813,3813,SAPATO E BOTA DE HOMEM,,33004,33004,33004,33004,Calcados_e_apetrechos,3814,,,,
1995,38,"QUADRO 38 - Despesas com Bolsas, Calçados e Cintos no Período de Referência de 90 Dias,",3814,3814,SAPATO E BOTA DE MULHER (EXCETO DE PLASTICO),,33004,33004,33004,33004,Calcados_e_apetrechos,3815,,,,
1995,38,"QUADRO 38 - Despesas com Bolsas, Calçados e Cintos no Período de Referência de 90 Dias,",3815,3815,TENIS DE CRIANÇA,,33004,33004,33004,33004,Calcados_e_apetrechos,3816,,,,
1995,38,"QUADRO 38 - Despesas com Bolsas, Calçados e Cintos no Período de Referência de 90 Dias,",3816,3816,TENIS DE HOMEM E MULHER,,33004,33004,33004,33004,Calcados_e_apetrechos,3817,,,,
1995,38,"QUADRO 38 - Despesas com Bolsas, Calçados e Cintos no Período de Referência de 90 Dias,",3817,3817,CINTO DE HOMEM,,33004,33004,33004,33004,Calcados_e_apetrechos,3818,,,,
1995,38,"QUADRO 38 - Despesas com Bolsas, Calçados e Cintos no Período de Referência de 90 Dias,",3818,3818,CINTO DE MULHER,,33004,33004,33004,33004,Calcados_e_apetrechos,3819,,,,
1995,38,"QUADRO 38 - Despesas com Bolsas, Calçados e Cintos no Período de Referência de 90 Dias,",3819,3819,CHINELO,,33004,33004,33004,33004,Calcados_e_apetrechos,3820,,,,
1995,38,"QUADRO 38 - Despesas com Bolsas, Calçados e Cintos no Período de Referência de 90 Dias,",3820,3820,TAMANCO,,33004,33004,33004,33004,Calcados_e_apetrechos,3821,,,,
1995,38,"QUADRO 38 - Despesas com Bolsas, Calçados e Cintos no Período de Referência de 90 Dias,",3821,3821,CINTO DE CRIANÇA,,33004,33004,33004,33004,Calcados_e_apetrechos,3822,,,,
1995,38,"QUADRO 38 - Despesas com Bolsas, Calçados e Cintos no Período de Referência de 90 Dias,",3822,3822,SUSPENSÓRIO,,33004,33004,33004,33004,Calcados_e_apetrechos,3823,,,,
1995,38,"QUADRO 38 - Despesas com Bolsas, Calçados e Cintos no Período de Referência de 90 Dias,",3823,3823,BOLSA DE CRIANÇA,,33004,33004,33004,33004,Calcados_e_apetrechos,3824,,,,
1995,38,"QUADRO 38 - Despesas com Bolsas, Calçados e Cintos no Período de Referência de 90 Dias,",3824,3824,SAPATINHO DE BEBE (EXCETO DE LÃ),,33004,33004,33004,33004,Calcados_e_apetrechos,3825,,,,
1995,38,"QUADRO 38 - Despesas com Bolsas, Calçados e Cintos no Período de Referência de 90 Dias,",3825,3825,MOCHILA (EXCETO ESCOLAR),,33004,33004,33004,33004,Calcados_e_apetrechos,3826,,,,
1995,38,"QUADRO 38 - Despesas com Bolsas, Calçados e Cintos no Período de Referência de 90 Dias,",3826,3826,ALPARGATA DE HOMEM,,33004,33004,33004,33004,Calcados_e_apetrechos,3827,,,,
1995,38,"QUADRO 38 - Despesas com Bolsas, Calçados e Cintos no Período de Referência de 90 Dias,",3827,3827,ALPARGATA DE MULHER,,33004,33004,33004,33004,Calcados_e_apetrechos,3828,,,,
1995,38,"QUADRO 38 - Despesas com Bolsas, Calçados e Cintos no Período de Referência de 90 Dias,",3828,3828,ALPARGATA DE CRIANÇA,,33004,33004,33004,33004,Calcados_e_apetrechos,3829,,,,
1995,38,"QUADRO 38 - Despesas com Bolsas, Calçados e Cintos no Período de Referência de 90 Dias,",3829,3829,"ALUGUEL DE BOLSA, CALÇADO, CINTO, CHAPEU, LUVA, ETC.",,33004,33004,33004,33004,Calcados_e_apetrechos,3830,,,,
1995,38,"QUADRO 38 - Despesas com Bolsas, Calçados e Cintos no Período de Referência de 90 Dias,",3830,3830,SAPATILHA,,33004,33004,33004,33004,Calcados_e_apetrechos,3832,,,,
1995,38,"QUADRO 38 - Despesas com Bolsas, Calçados e Cintos no Período de Referência de 90 Dias,",3832,3832,SANDÁLIA E SAPATO DE PLÁSTICO DE HOMEM,,33004,33004,33004,33004,Calcados_e_apetrechos,3833,,,,
1995,38,"QUADRO 38 - Despesas com Bolsas, Calçados e Cintos no Período de Referência de 90 Dias,",3833,3833,"GALOCHA DE CRIANÇA, HOMEM E MULHER",,33004,33004,33004,33004,Calcados_e_apetrechos,3834,,,,
1995,38,"QUADRO 38 - Despesas com Bolsas, Calçados e Cintos no Período de Referência de 90 Dias,",3834,3834,BOTA DE PLÁSTICO DE CRIANÇA,,33004,33004,33004,33004,Calcados_e_apetrechos,3835,,,,
1995,38,"QUADRO 38 - Despesas com Bolsas, Calçados e Cintos no Período de Referência de 90 Dias,",3835,3835,PORTA-NIQUEIS,,,33004,33004,33004,Calcados_e_apetrechos,3836,,,,
1995,38,"QUADRO 38 - Despesas com Bolsas, Calçados e Cintos no Período de Referência de 90 Dias,",3836,3836,SACOLA DE BEBE,,,33004,33004,33004,Calcados_e_apetrechos,3837,,,,
1995,38,"QUADRO 38 - Despesas com Bolsas, Calçados e Cintos no Período de Referência de 90 Dias,",3837,3837,SACOLA DE VIAGEM,,,33004,33004,33004,Calcados_e_apetrechos,3838,,,,
1995,38,"QUADRO 38 - Despesas com Bolsas, Calçados e Cintos no Período de Referência de 90 Dias,",3838,3838,"CARRINHO DE CARREGAR MALA, VALISE, ETC.",,,33004,33004,33004,Calcados_e_apetrechos,3898,,,,
1995,38,"QUADRO 38 - Despesas com Bolsas, Calçados e Cintos no Período de Referência de 90 Dias,",3898,3898,AGREGADO 40,,33004,33004,33004,33004,Calcados_e_apetrechos,3900,,,,
1995,39,"QUADRO 39 - Despesas com Utensílios Avulsos e Artigos de Banheiro, Copa e Cozinha no Período de Referência de 90 Dias;",3900,3900,"DESPESAS COM UTENSILIOS AVULSOS E ARTIGOS.DE BANHEIRO, COPA E COZINHA",,32003,,32003,32003,Mobiliarios_e_artigos_do_lar,3901,,,,
1995,39,"QUADRO 39 - Despesas com Utensílios Avulsos e Artigos de Banheiro, Copa e Cozinha no Período de Referência de 90 Dias;",3901,3901,COPO DE VIDRO,,32003,32003,32003,32003,Mobiliarios_e_artigos_do_lar,3902,,,,
1995,39,"QUADRO 39 - Despesas com Utensílios Avulsos e Artigos de Banheiro, Copa e Cozinha no Período de Referência de 90 Dias;",3902,3902,PRATO DE LOUÇA,,32003,32003,32003,32003,Mobiliarios_e_artigos_do_lar,3903,,,,
1995,39,"QUADRO 39 - Despesas com Utensílios Avulsos e Artigos de Banheiro, Copa e Cozinha no Período de Referência de 90 Dias;",3903,3903,TRAVESSA DE VIDRO OU LOUÇA,,32003,32003,32003,32003,Mobiliarios_e_artigos_do_lar,3904,,,,
1995,39,"QUADRO 39 - Despesas com Utensílios Avulsos e Artigos de Banheiro, Copa e Cozinha no Período de Referência de 90 Dias;",3904,3904,XÍCARA,,32003,32003,32003,32003,Mobiliarios_e_artigos_do_lar,3905,,,,
1995,39,"QUADRO 39 - Despesas com Utensílios Avulsos e Artigos de Banheiro, Copa e Cozinha no Período de Referência de 90 Dias;",3905,3905,OUTROS UTENSÍLIOS DE VIDRO OU LOUÇA,,32003,32003,32003,32003,Mobiliarios_e_artigos_do_lar,3906,,,,
1995,39,"QUADRO 39 - Despesas com Utensílios Avulsos e Artigos de Banheiro, Copa e Cozinha no Período de Referência de 90 Dias;",3906,3906,"FRIGIDEIRA, LEITEIRA, PANELA, ETC.",,32003,32003,32003,32003,Mobiliarios_e_artigos_do_lar,3907,,,,
1995,39,"QUADRO 39 - Despesas com Utensílios Avulsos e Artigos de Banheiro, Copa e Cozinha no Período de Referência de 90 Dias;",3907,3907,"TALHERES (FACA, GARFO, COLHER)",,32003,32003,32003,32003,Mobiliarios_e_artigos_do_lar,3908,,,,
1995,39,"QUADRO 39 - Despesas com Utensílios Avulsos e Artigos de Banheiro, Copa e Cozinha no Período de Referência de 90 Dias;",3908,3908,OUTROS UTENSÍLIOS DE METAL,,32003,32003,32003,32003,Mobiliarios_e_artigos_do_lar,3909,,,,
1995,39,"QUADRO 39 - Despesas com Utensílios Avulsos e Artigos de Banheiro, Copa e Cozinha no Período de Referência de 90 Dias;",3909,3909,UTENSÍLIOS DE PLÁSTICO,,32003,32003,32003,32003,Mobiliarios_e_artigos_do_lar,3910,,,,
1995,39,"QUADRO 39 - Despesas com Utensílios Avulsos e Artigos de Banheiro, Copa e Cozinha no Período de Referência de 90 Dias;",3910,3910,GARRAFA TÉRMICA,,32003,32003,32003,32003,Mobiliarios_e_artigos_do_lar,3911,,,,
1995,39,"QUADRO 39 - Despesas com Utensílios Avulsos e Artigos de Banheiro, Copa e Cozinha no Período de Referência de 90 Dias;",3911,3911,VELA DE FILTRO,,32003,,32003,32003,Mobiliarios_e_artigos_do_lar,3912,,,,
1995,39,"QUADRO 39 - Despesas com Utensílios Avulsos e Artigos de Banheiro, Copa e Cozinha no Período de Referência de 90 Dias;",3912,3912,CAPACHO,,32003,32003,32003,32003,Mobiliarios_e_artigos_do_lar,3916,,,,
1995,39,"QUADRO 39 - Despesas com Utensílios Avulsos e Artigos de Banheiro, Copa e Cozinha no Período de Referência de 90 Dias;",3916,3916,UTENSÍLIOS DE MADEIRA,,32003,32003,32003,32003,Mobiliarios_e_artigos_do_lar,3917,,,,
1995,39,"QUADRO 39 - Despesas com Utensílios Avulsos e Artigos de Banheiro, Copa e Cozinha no Período de Referência de 90 Dias;",3917,3917,"CAPA DE LIQUIDIFICADOR, ENCERADEIRA, MAQUINA DE LAVAR, ETC.",,32003,32003,32003,32003,Mobiliarios_e_artigos_do_lar,3919,,,,
1995,39,"QUADRO 39 - Despesas com Utensílios Avulsos e Artigos de Banheiro, Copa e Cozinha no Período de Referência de 90 Dias;",3919,3919,COADOR DE TECIDO,,32003,32003,32003,32003,Mobiliarios_e_artigos_do_lar,3920,,,,
1995,39,"QUADRO 39 - Despesas com Utensílios Avulsos e Artigos de Banheiro, Copa e Cozinha no Período de Referência de 90 Dias;",3920,3920,BUJÃO DE GAS (VAZIO),,32003,32003,32003,32003,Mobiliarios_e_artigos_do_lar,3922,,,,
1995,39,"QUADRO 39 - Despesas com Utensílios Avulsos e Artigos de Banheiro, Copa e Cozinha no Período de Referência de 90 Dias;",3922,3922,UTENSÍLIOS DE BARRO,,32003,32003,32003,32003,Mobiliarios_e_artigos_do_lar,3923,,,,
1995,39,"QUADRO 39 - Despesas com Utensílios Avulsos e Artigos de Banheiro, Copa e Cozinha no Período de Referência de 90 Dias;",3923,3923,UTENSÍLIOS DE ACRÍLICO,,32003,32003,32003,32003,Mobiliarios_e_artigos_do_lar,3924,,,,
1995,39,"QUADRO 39 - Despesas com Utensílios Avulsos e Artigos de Banheiro, Copa e Cozinha no Período de Referência de 90 Dias;",3924,3924,PRATO DE ESMALTE,,32003,32003,32003,32003,Mobiliarios_e_artigos_do_lar,3925,,,,
1995,39,"QUADRO 39 - Despesas com Utensílios Avulsos e Artigos de Banheiro, Copa e Cozinha no Período de Referência de 90 Dias;",3925,3925,UTENSÍLIOS DE ISOPOR,,32003,32003,32003,32003,Mobiliarios_e_artigos_do_lar,3926,,,,
1995,39,"QUADRO 39 - Despesas com Utensílios Avulsos e Artigos de Banheiro, Copa e Cozinha no Período de Referência de 90 Dias;",3926,3926,PASSADEIRA,,32003,32003,32003,32003,Mobiliarios_e_artigos_do_lar,3928,,,,
1995,39,"QUADRO 39 - Despesas com Utensílios Avulsos e Artigos de Banheiro, Copa e Cozinha no Período de Referência de 90 Dias;",3928,3928,UTENSÍLIOS DE BORRACHA,,32003,32003,32003,32003,Mobiliarios_e_artigos_do_lar,3930,,,,
1995,39,"QUADRO 39 - Despesas com Utensílios Avulsos e Artigos de Banheiro, Copa e Cozinha no Período de Referência de 90 Dias;",3930,3930,CESTO PARA ROUPA,,32003,32003,32003,32003,Mobiliarios_e_artigos_do_lar,3931,,,,
1995,39,"QUADRO 39 - Despesas com Utensílios Avulsos e Artigos de Banheiro, Copa e Cozinha no Período de Referência de 90 Dias;",3931,3931,APARELHO DE CORTAR VERDURA,,32003,32003,32003,32003,Mobiliarios_e_artigos_do_lar,3933,,,,
1995,39,"QUADRO 39 - Despesas com Utensílios Avulsos e Artigos de Banheiro, Copa e Cozinha no Período de Referência de 90 Dias;",3933,3933,FRUTEIRA (INOX),,32003,32003,32003,32003,Mobiliarios_e_artigos_do_lar,3934,,,,
1995,39,"QUADRO 39 - Despesas com Utensílios Avulsos e Artigos de Banheiro, Copa e Cozinha no Período de Referência de 90 Dias;",3934,3934,UTENSÍLIOS DE FIBRA VEGETAL,,32003,32003,32003,32003,Mobiliarios_e_artigos_do_lar,3935,,,,
1995,39,"QUADRO 39 - Despesas com Utensílios Avulsos e Artigos de Banheiro, Copa e Cozinha no Período de Referência de 90 Dias;",3935,3935,BANDEJA (INOX),,32003,32003,32003,32003,Mobiliarios_e_artigos_do_lar,3936,,,,
1995,39,"QUADRO 39 - Despesas com Utensílios Avulsos e Artigos de Banheiro, Copa e Cozinha no Período de Referência de 90 Dias;",3936,3936,PORTA-TOALHA DE TECIDO,,32003,32003,32003,32003,Mobiliarios_e_artigos_do_lar,3937,,,,
1995,39,"QUADRO 39 - Despesas com Utensílios Avulsos e Artigos de Banheiro, Copa e Cozinha no Período de Referência de 90 Dias;",3937,3937,CONJUNTO DE TECIDO DE BANHEIRO,,32003,32003,32003,32003,Mobiliarios_e_artigos_do_lar,3938,,,,
1995,39,"QUADRO 39 - Despesas com Utensílios Avulsos e Artigos de Banheiro, Copa e Cozinha no Período de Referência de 90 Dias;",3938,3938,SAPATEIRA,,32003,32003,32003,32003,Mobiliarios_e_artigos_do_lar,3939,,,,
1995,39,"QUADRO 39 - Despesas com Utensílios Avulsos e Artigos de Banheiro, Copa e Cozinha no Período de Referência de 90 Dias;",3939,3939,TAÇA DE SORVETE,,32003,32003,32003,32003,Mobiliarios_e_artigos_do_lar,3940,,,,
1995,39,"QUADRO 39 - Despesas com Utensílios Avulsos e Artigos de Banheiro, Copa e Cozinha no Período de Referência de 90 Dias;",3940,3940,PROTETOR DE PORTA,,32003,32003,32003,32003,Mobiliarios_e_artigos_do_lar,3941,,,,
1995,39,"QUADRO 39 - Despesas com Utensílios Avulsos e Artigos de Banheiro, Copa e Cozinha no Período de Referência de 90 Dias;",3941,3941,CAPA DE SOFA,,32003,32003,32003,32003,Mobiliarios_e_artigos_do_lar,3942,,,,
1995,39,"QUADRO 39 - Despesas com Utensílios Avulsos e Artigos de Banheiro, Copa e Cozinha no Período de Referência de 90 Dias;",3942,3942,JARRA DE CRISTAL,,,32003,32003,32003,Mobiliarios_e_artigos_do_lar,3943,,,,
1995,39,"QUADRO 39 - Despesas com Utensílios Avulsos e Artigos de Banheiro, Copa e Cozinha no Período de Referência de 90 Dias;",3943,3943,COPO DE CRISTAL,,,32003,32003,32003,Mobiliarios_e_artigos_do_lar,3944,,,,
1995,39,"QUADRO 39 - Despesas com Utensílios Avulsos e Artigos de Banheiro, Copa e Cozinha no Período de Referência de 90 Dias;",3944,3944,LANCHEIRA (EXCETO ESCOLAR),,,32003,32003,32003,Mobiliarios_e_artigos_do_lar,3945,,,,
1995,39,"QUADRO 39 - Despesas com Utensílios Avulsos e Artigos de Banheiro, Copa e Cozinha no Período de Referência de 90 Dias;",3945,3945,CAMISA DE LAMPIÃO A GAS,,,,,32003,Mobiliarios_e_artigos_do_lar,3946,,,,
1995,39,"QUADRO 39 - Despesas com Utensílios Avulsos e Artigos de Banheiro, Copa e Cozinha no Período de Referência de 90 Dias;",3946,3946,PORTA-BOLO DE PÓRCELANA,,,32003,32003,32003,Mobiliarios_e_artigos_do_lar,3947,,,,
1995,39,"QUADRO 39 - Despesas com Utensílios Avulsos e Artigos de Banheiro, Copa e Cozinha no Período de Referência de 90 Dias;",3947,3947,EXTENSÃO DE FERRO ELÉTRICO (ESPECÍFICO),,,32003,32003,32003,Mobiliarios_e_artigos_do_lar,3948,,,,
1995,39,"QUADRO 39 - Despesas com Utensílios Avulsos e Artigos de Banheiro, Copa e Cozinha no Período de Referência de 90 Dias;",3948,3948,SUPORTE PARA GARRAFÃO DÀGUA,,,32003,32003,32003,Mobiliarios_e_artigos_do_lar,3949,,,,
1995,39,"QUADRO 39 - Despesas com Utensílios Avulsos e Artigos de Banheiro, Copa e Cozinha no Período de Referência de 90 Dias;",3949,3949,VARAL (DE APARTAMENTO),,,32003,32003,32003,Mobiliarios_e_artigos_do_lar,3950,,,,
1995,39,"QUADRO 39 - Despesas com Utensílios Avulsos e Artigos de Banheiro, Copa e Cozinha no Período de Referência de 90 Dias;",3950,3950,REGISTRO DE FOGÃO,,,32003,32003,32003,Mobiliarios_e_artigos_do_lar,3951,,,,
1995,39,"QUADRO 39 - Despesas com Utensílios Avulsos e Artigos de Banheiro, Copa e Cozinha no Período de Referência de 90 Dias;",3951,3951,TAÇA DE CRISTAL,,,32003,32003,32003,Mobiliarios_e_artigos_do_lar,3952,,,,
1995,39,"QUADRO 39 - Despesas com Utensílios Avulsos e Artigos de Banheiro, Copa e Cozinha no Período de Referência de 90 Dias;",3952,3952,"PÉS PARA GELADEIRA (METAL, LOUÇA, ETC.)",,,32003,32003,32003,Mobiliarios_e_artigos_do_lar,3953,,,,
1995,39,"QUADRO 39 - Despesas com Utensílios Avulsos e Artigos de Banheiro, Copa e Cozinha no Período de Referência de 90 Dias;",3953,3953,"CONJUNTO DE GARFOS, FACAS, ESCUMADEIRA E CONCHAS",,,32003,32003,32003,Mobiliarios_e_artigos_do_lar,3954,,,,
1995,39,"QUADRO 39 - Despesas com Utensílios Avulsos e Artigos de Banheiro, Copa e Cozinha no Período de Referência de 90 Dias;",3954,3954,BORRACHA DE PANELA DE PRESSÃO,,,32003,32003,32003,Mobiliarios_e_artigos_do_lar,3955,,,,
1995,39,"QUADRO 39 - Despesas com Utensílios Avulsos e Artigos de Banheiro, Copa e Cozinha no Período de Referência de 90 Dias;",3955,3955,"CAPA DE SOM, VÍDEO",,,32003,32003,32003,Mobiliarios_e_artigos_do_lar,3998,,,,
1995,39,"QUADRO 39 - Despesas com Utensílios Avulsos e Artigos de Banheiro, Copa e Cozinha no Período de Referência de 90 Dias;",3998,3998,AGREGADO 24,,32003,32003,32003,32003,Mobiliarios_e_artigos_do_lar,4000,,,,
1995,40,QUADRO 40 - Outras Despesas no Período de Referência de 90 Dias;,4000,4000,OUTRAS DESPESA,,40006,,40006,40006,Outras_despesas_diversas,4001,,,,
1995,40,QUADRO 40 - Outras Despesas no Período de Referência de 90 Dias;,4001,4001,BIJUTERIA,,33005,33005,33005,33005,Joias_e_bijuterias,4002,,,,
1995,40,QUADRO 40 - Outras Despesas no Período de Referência de 90 Dias;,4002,4002,CACHIMBO,,40006,40006,40006,39001,Fumo,4005,,,,
1995,40,QUADRO 40 - Outras Despesas no Período de Referência de 90 Dias;,4005,4005,ÓCULOS SEM GRAU E LENTES DE ÓCULOS SEM GRAU,,40006,40006,40006,40006,Outras_despesas_diversas,4007,,,,
1995,40,QUADRO 40 - Outras Despesas no Período de Referência de 90 Dias;,4007,4007,TRNSPORTE DE MERCADORIAS,,40006,40006,40006,40006,Outras_despesas_diversas,4009,,,,
1995,40,QUADRO 40 - Outras Despesas no Período de Referência de 90 Dias;,4009,4009,ALUGUEL DE CAIXA FORTE E COFRE,,40006,40006,40006,40006,Outras_despesas_diversas,4011,,,,
1995,40,QUADRO 40 - Outras Despesas no Período de Referência de 90 Dias;,4011,4011,MASCARA DE CARNAVAL,,40006,40006,40006,40006,Outras_despesas_diversas,4022,,,,
1995,40,QUADRO 40 - Outras Despesas no Período de Referência de 90 Dias;,4022,4022,ADESIVO PLÁSTICO OU PANFLETO,,40006,40006,40006,40006,Outras_despesas_diversas,4023,,,,
1995,40,QUADRO 40 - Outras Despesas no Período de Referência de 90 Dias;,4023,4023,MOEDA,,40006,40006,40006,40006,Outras_despesas_diversas,4025,,,,
1995,40,QUADRO 40 - Outras Despesas no Período de Referência de 90 Dias;,4025,4025,SELO (HOBBY),,40006,40006,40006,40006,Outras_despesas_diversas,4026,,,,
1995,40,QUADRO 40 - Outras Despesas no Período de Referência de 90 Dias;,4026,4026,"BATERIA DE RELÓGIO, BRIQUEDO, APARELHO AUDUTIVO, ETC.",,40006,40006,40006,40006,Outras_despesas_diversas,4029,,,,
1995,40,QUADRO 40 - Outras Despesas no Período de Referência de 90 Dias;,4029,4029,PARAFINA,,40006,40006,40006,40006,Outras_despesas_diversas,4030,,,,
1995,40,QUADRO 40 - Outras Despesas no Período de Referência de 90 Dias;,4030,4030,CIGARREIRA,,40006,40006,40006,40006,Outras_despesas_diversas,4031,,,,
1995,40,QUADRO 40 - Outras Despesas no Período de Referência de 90 Dias;,4031,4031,CHAVEIRO,,40006,40006,40006,40006,Outras_despesas_diversas,4032,,,,
1995,40,QUADRO 40 - Outras Despesas no Período de Referência de 90 Dias;,4032,4032,BOMBA E GUIA OU PORONGO DE CHIMARRÃO,,32003,32003,32003,32003,Mobiliarios_e_artigos_do_lar,4034,,,,
1995,40,QUADRO 40 - Outras Despesas no Período de Referência de 90 Dias;,4034,4034,PLASTIFICAÇÃO DE DOCUMENTO,,40006,40006,40006,40006,Outras_despesas_diversas,4035,,,,
1995,40,QUADRO 40 - Outras Despesas no Período de Referência de 90 Dias;,4035,4035,"PINCEL, TINTA E VERNIZ PARA PINTURA DE TELA,VASO, ETC.",,40006,40006,40006,40006,Outras_despesas_diversas,4036,,,,
1995,40,QUADRO 40 - Outras Despesas no Período de Referência de 90 Dias;,4036,4036,PORTA-ÓCULOS,,40006,40006,40006,40006,Outras_despesas_diversas,4037,,,,
1995,40,QUADRO 40 - Outras Despesas no Período de Referência de 90 Dias;,4037,4037,BABY BAG,,32003,32003,32003,32003,Mobiliarios_e_artigos_do_lar,4038,,,,
1995,40,QUADRO 40 - Outras Despesas no Período de Referência de 90 Dias;,4038,4038,MONÓCULO,,40006,40006,40006,40006,Outras_despesas_diversas,4042,,,,
1995,40,QUADRO 40 - Outras Despesas no Período de Referência de 90 Dias;,4042,4042,ALUGUEL DE ASSENTO,,40006,40006,40006,40006,Outras_despesas_diversas,4043,,,,
1995,40,QUADRO 40 - Outras Despesas no Período de Referência de 90 Dias;,4043,4043,CAVALETE DE PINTURA DE TELA,,40006,40006,40006,40006,Outras_despesas_diversas,4049,,,,
1995,40,QUADRO 40 - Outras Despesas no Período de Referência de 90 Dias;,4049,4049,MASCARA PROTETORA (PROTEÇÃO PROFISSIONAL),,40006,40006,40006,40006,Outras_despesas_diversas,4050,,,,
1995,40,QUADRO 40 - Outras Despesas no Período de Referência de 90 Dias;,4050,4050,PEDRA DE AMOLAR,,32003,32003,32003,32003,Mobiliarios_e_artigos_do_lar,4060,,,,
1995,40,QUADRO 40 - Outras Despesas no Período de Referência de 90 Dias;,4060,4060,LIMPADOR DE CACHIMBO,,,39001,39001,39001,Fumo,4061,,,,
1995,40,QUADRO 40 - Outras Despesas no Período de Referência de 90 Dias;,4061,4061,BOLSA DE CACHIMBO,,,39001,39001,39001,Fumo,4067,,,,
1995,40,QUADRO 40 - Outras Despesas no Período de Referência de 90 Dias;,4067,4067,DESMAGNETIZADOR DE FITA DE VIDEOCASSETE,,,32004,32004,32004,Eletrodomesticos,4068,,,,
1995,40,QUADRO 40 - Outras Despesas no Período de Referência de 90 Dias;,4068,4068,FLÂMULA,,,32003,32003,32003,Mobiliarios_e_artigos_do_lar,4069,,,,
1995,40,QUADRO 40 - Outras Despesas no Período de Referência de 90 Dias;,4069,4069,CANIVETE,,,40006,40006,40006,Outras_despesas_diversas,4071,,,,
1995,40,QUADRO 40 - Outras Despesas no Período de Referência de 90 Dias;,4071,4071,ISQUEIRO DESCARTAVEL,,,39001,39001,39001,Fumo,4072,,,,
1995,40,QUADRO 40 - Outras Despesas no Período de Referência de 90 Dias;,4072,4072,ISQUEIRO NÃO DESCARTAVEL (DE USO PESSOAL),,,39001,39001,39001,Fumo,4098,,,,
1995,40,QUADRO 40 - Outras Despesas no Período de Referência de 90 Dias;,4098,4098,AGREGADO 25,,40006,40006,40006,40006,Outras_despesas_diversas,4100,,,,
1995,41,"QUADRO 41 - Despesas com Viagens no Periodo de Referência de 90 Dias,",4100,4100,DESPESAS COM VIAGENS,,33005,,33005,34006,Viagens,4101,,,,
1995,41,"QUADRO 41 - Despesas com Viagens no Periodo de Referência de 90 Dias,",4101,4101,ÔNIBUS URBANO (VIAGEM),,33005,34006,33005,34006,Viagens,4102,,,,
1995,41,"QUADRO 41 - Despesas com Viagens no Periodo de Referência de 90 Dias,",4102,4102,TREM (VIAGEM),,33005,34006,33005,34006,Viagens,4103,,,,
1995,41,"QUADRO 41 - Despesas com Viagens no Periodo de Referência de 90 Dias,",4103,4103,AVIÃO (VIAGEM),,33005,34006,33005,34006,Viagens,4104,,,,
1995,41,"QUADRO 41 - Despesas com Viagens no Periodo de Referência de 90 Dias,",4104,4104,NAVIO (VIAGEM),,33005,34006,33005,34006,Viagens,4105,,,,
1995,41,"QUADRO 41 - Despesas com Viagens no Periodo de Referência de 90 Dias,",4105,4105,CONBUSTÍVEL DE VEÍCULO (VIAGEM),,33005,34006,33005,34006,Viagens,4106,,,,
1995,41,"QUADRO 41 - Despesas com Viagens no Periodo de Referência de 90 Dias,",4106,4106,ALIMENTAÇÃO (VIAGEM),,33005,,33005,34006,Viagens,4107,,,,
1995,41,"QUADRO 41 - Despesas com Viagens no Periodo de Referência de 90 Dias,",4107,4107,HOSPEDAGEM (VIAGEM),,33005,34006,33005,34006,Viagens,4108,,,,
1995,41,"QUADRO 41 - Despesas com Viagens no Periodo de Referência de 90 Dias,",4108,4108,EXCURSÃO (EXCETO ESCOLAR).(VIAGEM),,33005,34006,33005,34006,Viagens,4109,,,,
1995,41,"QUADRO 41 - Despesas com Viagens no Periodo de Referência de 90 Dias,",4109,4109,GARAGEM (VIAGEM),,33005,34006,33005,34006,Viagens,4110,,,,
1995,41,"QUADRO 41 - Despesas com Viagens no Periodo de Referência de 90 Dias,",4110,4110,ALUGUEL DE VEÍCULO (VIAGEM),,,34006,34006,34006,Viagens,4111,,,,
1995,41,"QUADRO 41 - Despesas com Viagens no Periodo de Referência de 90 Dias,",4111,4111,TAXI (VIAGEM),,,34006,34006,34006,Viagens,4112,,,,
1995,41,"QUADRO 41 - Despesas com Viagens no Periodo de Referência de 90 Dias,",4112,4112,BARCO (VIAGEM),,,34006,34006,34006,Viagens,4113,,,,
1995,41,"QUADRO 41 - Despesas com Viagens no Periodo de Referência de 90 Dias,",4113,4113,PEDAGIO (VIAGEM),,,34006,34006,34006,Viagens,4114,,,,
1995,41,"QUADRO 41 - Despesas com Viagens no Periodo de Referência de 90 Dias,",4114,4114,METRO (VIAGEM),,,34006,34006,34006,Viagens,4115,,,,
1995,41,"QUADRO 41 - Despesas com Viagens no Periodo de Referência de 90 Dias,",4115,4115,CAMINHÃO (VIAGEM),,,34006,34006,34006,Viagens,4116,,,,
1995,41,"QUADRO 41 - Despesas com Viagens no Periodo de Referência de 90 Dias,",4116,4116,AUTOMÓVEL UTILITARIO (VIAGEM),,,34006,34006,34006,Viagens,4117,,,,
1995,41,"QUADRO 41 - Despesas com Viagens no Periodo de Referência de 90 Dias,",4117,4117,COLONIA DE FÉRIAS (VIAGEM),,,34006,34006,34006,Viagens,4118,,,,
1995,41,"QUADRO 41 - Despesas com Viagens no Periodo de Referência de 90 Dias,",4118,4118,TAXA ALFANDEGARIA (VIAGEM),,,34006,34006,34006,Viagens,4119,,,,
1995,41,"QUADRO 41 - Despesas com Viagens no Periodo de Referência de 90 Dias,",4119,4119,GUARDA-VOLUMES (VIAGEM),,,34006,34006,34006,Viagens,4120,,,,
1995,41,"QUADRO 41 - Despesas com Viagens no Periodo de Referência de 90 Dias,",4120,4120,ÔNIBUS-INTERMUNICIPAL (VIAGEM),,,34006,34006,34006,Viagens,4121,,,,
1995,41,"QUADRO 41 - Despesas com Viagens no Periodo de Referência de 90 Dias,",4121,4121,ÔNIBUS-INTERNACIONAL (VIAGEM),,,34006,34006,34006,Viagens,4122,,,,
1995,41,"QUADRO 41 - Despesas com Viagens no Periodo de Referência de 90 Dias,",4122,4122,ÔNIBUS-INTERESTADUAL (VIAGEM),,,34006,34006,34006,Viagens,4123,,,,
1995,41,"QUADRO 41 - Despesas com Viagens no Periodo de Referência de 90 Dias,",4123,4123,FERRY-BOAT (VIAGEM),,,34006,34006,34006,Viagens,4124,,,,
1995,41,"QUADRO 41 - Despesas com Viagens no Periodo de Referência de 90 Dias,",4124,4124,CARREGADOR DE BAGAGEM (VIAGEM),,,34006,34006,34006,Viagens,4198,,,,
1995,41,"QUADRO 41 - Despesas com Viagens no Periodo de Referência de 90 Dias,",4198,4198,AGREGADO 26,,33005,34006,33005,34006,Viagens,4200,,,,
1995,42,"QUADRO 42 - Despesas com Serviços de Assistência à Saúde no Período de Referência de 90 Dias,",4200,4200,DESPESAS COM SERVIÇOS DE ASSISTENCIA A SAÚDE,,36010,,36010,36010,Outras_assistencia_saude,4201,,,,
1995,42,"QUADRO 42 - Despesas com Serviços de Assistência à Saúde no Período de Referência de 90 Dias,",4201,4201,CONSULTA MÉDICA,,36004,36004,36004,36004,Consulta_medica,4202,,,,
1995,42,"QUADRO 42 - Despesas com Serviços de Assistência à Saúde no Período de Referência de 90 Dias,",4202,4202,CURANDEIRO E CURIOSO,,36010,36010,36010,36010,Outras_assistencia_saude,4203,,,,
1995,42,"QUADRO 42 - Despesas com Serviços de Assistência à Saúde no Período de Referência de 90 Dias,",4203,4203,"PROTESE E APARELHO DENTARIO (DENTADURA, PIVO, APARELHO ORTODONTICO, ETC.)",,36003,36003,36003,36003,Consulta_e_tratamento_dentario,4204,,,,
1995,42,"QUADRO 42 - Despesas com Serviços de Assistência à Saúde no Período de Referência de 90 Dias,",4204,4204,"TRATAMENTO DENTARIO (EXTRAÇÃO, OBTURAÇÃO, TRATAMENTO DE CANAL COLO JAQUETA, ETC.)",,36003,36003,36003,36003,Consulta_e_tratamento_dentario,4205,,,,
1995,42,"QUADRO 42 - Despesas com Serviços de Assistência à Saúde no Período de Referência de 90 Dias,",4205,4205,"PROFISSIONAIS DE SAÚDE (CIRURGIÃO, OBSTETRA, ANESTESISTA, ETC.) PARA CIRURGIA E PARTO",,36006,36006,36006,36006,Servicos_de_cirurgia,4206,,,,
1995,42,"QUADRO 42 - Despesas com Serviços de Assistência à Saúde no Período de Referência de 90 Dias,",4206,4206,HOSPITALIZAÇÃO,,36007,36007,36007,36007,Hospitalizacao,4207,,,,
1995,42,"QUADRO 42 - Despesas com Serviços de Assistência à Saúde no Período de Referência de 90 Dias,",4207,4207,ELETRODIAGNOSTICO,,36008,36008,36008,36008,Exames_diversos,4208,,,,
1995,42,"QUADRO 42 - Despesas com Serviços de Assistência à Saúde no Período de Referência de 90 Dias,",4208,4208,EXAME DE LABORATÓRIO,,36008,36008,36008,36008,Exames_diversos,4209,,,,
1995,42,"QUADRO 42 - Despesas com Serviços de Assistência à Saúde no Período de Referência de 90 Dias,",4209,4209,RADIOGRAFIA,,36008,36008,36008,36008,Exames_diversos,4210,,,,
1995,42,"QUADRO 42 - Despesas com Serviços de Assistência à Saúde no Período de Referência de 90 Dias,",4210,4210,"CAUTERIZAÇÃO, CURATATIVO, NEBULIZAÇÃO, VACINAÇÃO E OUTROS TRATAMENTOS AMBULATORIAIS",,36005,36005,36005,36005,Tratamento_ambulatorial,4211,,,,
1995,42,"QUADRO 42 - Despesas com Serviços de Assistência à Saúde no Período de Referência de 90 Dias,",4211,4211,ARMAÇÃO DE ÓCULOS,,36009,36009,36009,36009,Material_de_tratamento,4212,,,,
1995,42,"QUADRO 42 - Despesas com Serviços de Assistência à Saúde no Período de Referência de 90 Dias,",4212,4212,ARTIGOS ORTOPÉDICOS E OUTROS ARTIGOS MÉDICOS,,36009,36009,36009,36009,Material_de_tratamento,4213,,,,
1995,42,"QUADRO 42 - Despesas com Serviços de Assistência à Saúde no Período de Referência de 90 Dias,",4213,4213,ALUGUEL DE APARELHOS MÉDICOS,,36010,36010,36010,36010,Outras_assistencia_saude,4214,,,,
1995,42,"QUADRO 42 - Despesas com Serviços de Assistência à Saúde no Período de Referência de 90 Dias,",4214,4214,SEGURO SAÚDE,,36002,36002,36002,36002,Plano_Seguro_saude,4215,,,,
1995,42,"QUADRO 42 - Despesas com Serviços de Assistência à Saúde no Período de Referência de 90 Dias,",4215,4215,"OUTROS TRATAMENTOS (PSICOLOGICOS, FISIOTERATIPOS, MASSAGEM, ETC.)",,36005,36005,36005,36005,Tratamento_ambulatorial,4216,,,,
1995,42,"QUADRO 42 - Despesas com Serviços de Assistência à Saúde no Período de Referência de 90 Dias,",4216,4216,ENFERMEIRA,,36010,36010,36010,36010,Outras_assistencia_saude,4217,,,,
1995,42,"QUADRO 42 - Despesas com Serviços de Assistência à Saúde no Período de Referência de 90 Dias,",4217,4217,CONSERTO E REPARO DE ARTIGO E APARELHO MEDICO,,36010,36010,36010,36010,Outras_assistencia_saude,4218,,,,
1995,42,"QUADRO 42 - Despesas com Serviços de Assistência à Saúde no Período de Referência de 90 Dias,",4218,4218,ACOMPANHANTE DE QUARTO HOSPITALAR,,36010,36010,36010,36010,Outras_assistencia_saude,4219,,,,
1995,42,"QUADRO 42 - Despesas com Serviços de Assistência à Saúde no Período de Referência de 90 Dias,",4219,4219,AMBULANCIA (REMOÇÃO),,36010,36010,36010,36010,Outras_assistencia_saude,4220,,,,
1995,42,"QUADRO 42 - Despesas com Serviços de Assistência à Saúde no Período de Referência de 90 Dias,",4220,4220,RAIO LASER (APLICAÇÃO),,36005,36005,36005,36005,Tratamento_ambulatorial,4221,,,,
1995,42,"QUADRO 42 - Despesas com Serviços de Assistência à Saúde no Período de Referência de 90 Dias,",4221,4221,EXAMES EM POSTOS OU PROFISSIONAIS VOLANTES,,36008,36008,36008,36008,Exames_diversos,4222,,,,
1995,42,"QUADRO 42 - Despesas com Serviços de Assistência à Saúde no Período de Referência de 90 Dias,",4222,4222,SANGUE HUMANO,,36010,36010,36010,36010,Outras_assistencia_saude,4223,,,,
1995,42,"QUADRO 42 - Despesas com Serviços de Assistência à Saúde no Período de Referência de 90 Dias,",4223,4223,FOTOGRAFIA RELATIVA A CIRURGIA,,36009,36009,36009,36009,Material_de_tratamento,4225,,,,
1995,42,"QUADRO 42 - Despesas com Serviços de Assistência à Saúde no Período de Referência de 90 Dias,",4225,4225,MENSALIDADE DE CLINICA,,,36002,36002,36002,Plano_Seguro_saude,4226,,,,
1995,42,"QUADRO 42 - Despesas com Serviços de Assistência à Saúde no Período de Referência de 90 Dias,",4226,4226,PLANO DE SAÚDE,,,,,36002,Plano_Seguro_saude,4227,,,,
1995,42,"QUADRO 42 - Despesas com Serviços de Assistência à Saúde no Período de Referência de 90 Dias,",4227,4227,LENTE DE ÓCULOS (DE GRAU),,,36009,36009,36009,Material_de_tratamento,4228,,,,
1995,42,"QUADRO 42 - Despesas com Serviços de Assistência à Saúde no Período de Referência de 90 Dias,",4228,4228,LENTE DE CONTATO,,,36009,36009,36009,Material_de_tratamento,4229,,,,
1995,42,"QUADRO 42 - Despesas com Serviços de Assistência à Saúde no Período de Referência de 90 Dias,",4229,4229,OXIGÊNIO (DESPESA COM SAÚDE),,,36010,36010,36010,Outras_assistencia_saude,4230,,,,
1995,42,"QUADRO 42 - Despesas com Serviços de Assistência à Saúde no Período de Referência de 90 Dias,",4230,4230,EXAME PREVENTIVO DE CANCER,,,36008,36008,36008,Exames_diversos,4231,,,,
1995,42,"QUADRO 42 - Despesas com Serviços de Assistência à Saúde no Período de Referência de 90 Dias,",4231,4231,PLANO ODONTOLÓGICO,,,36002,36002,36002,Plano_Seguro_saude,4232,,,,
1995,42,"QUADRO 42 - Despesas com Serviços de Assistência à Saúde no Período de Referência de 90 Dias,",4232,4232,EXAME ERGOMÉTRICOO,,,36008,36008,36008,Exames_diversos,4233,,,,
1995,42,"QUADRO 42 - Despesas com Serviços de Assistência à Saúde no Período de Referência de 90 Dias,",4233,4233,EXAME AUDIOMÉTRICO,,,36008,36008,36008,Exames_diversos,4234,,,,
1995,42,"QUADRO 42 - Despesas com Serviços de Assistência à Saúde no Período de Referência de 90 Dias,",4234,4234,LENTE INTRAOCULAR,,,36009,36009,36009,Material_de_tratamento,4298,,,,
1995,42,"QUADRO 42 - Despesas com Serviços de Assistência à Saúde no Período de Referência de 90 Dias,",4298,4298,AGREGADO1,,36010,36010,36010,36010,Outras_assistencia_saude,4300,,,,
1995,43,QUADRO 43 - Despesas com Acessórios e Manutenção de Veículos no Periodo de Referência de 90 Dias;,4300,4300,DESPESAS COM ACESSORIOS E MANUTENÇÃO DE VEÍCULO,,36010,,36010,34004,Manutencao_de_veiculo_proprio,4301,,,,
1995,43,QUADRO 43 - Despesas com Acessórios e Manutenção de Veículos no Periodo de Referência de 90 Dias;,4301,4301,LAVAGEM E LUBRIFICAÇÃO,,34004,34004,34004,34004,Manutencao_de_veiculo_proprio,4302,,,,
1995,43,QUADRO 43 - Despesas com Acessórios e Manutenção de Veículos no Periodo de Referência de 90 Dias;,4302,4302,ÓLEO LUBRIFICANTE (COMPLEMENTAÇÃO OU TROCA) DE VEÍCULO,,34004,34004,34004,34004,Manutencao_de_veiculo_proprio,4303,,,,
1995,43,QUADRO 43 - Despesas com Acessórios e Manutenção de Veículos no Periodo de Referência de 90 Dias;,4303,4303,PEÇA ELÉTRICA OU MECÂNICA DE VEÍCULO,,34004,34004,34004,34004,Manutencao_de_veiculo_proprio,4304,,,,
1995,43,QUADRO 43 - Despesas com Acessórios e Manutenção de Veículos no Periodo de Referência de 90 Dias;,4304,4304,CAMARA E PNEU,,34004,34004,34004,34004,Manutencao_de_veiculo_proprio,4305,,,,
1995,43,QUADRO 43 - Despesas com Acessórios e Manutenção de Veículos no Periodo de Referência de 90 Dias;,4305,4305,MÃO-DE-OBRA DE CONSERTO DE VEÍCULO,,34004,34004,34004,34004,Manutencao_de_veiculo_proprio,4306,,,,
1995,43,QUADRO 43 - Despesas com Acessórios e Manutenção de Veículos no Periodo de Referência de 90 Dias;,4306,4306,CONSERTO DE VEÍCULO (PEÇA + MÃO-DE-OBRA),,34004,34004,34004,34004,Manutencao_de_veiculo_proprio,4307,,,,
1995,43,QUADRO 43 - Despesas com Acessórios e Manutenção de Veículos no Periodo de Referência de 90 Dias;,4307,4307,BATERIA DE VEÍCULO,,34004,34004,34004,34004,Manutencao_de_veiculo_proprio,4308,,,,
1995,43,QUADRO 43 - Despesas com Acessórios e Manutenção de Veículos no Periodo de Referência de 90 Dias;,4308,4308,"OUTRAS PEÇAS E ACESSÓRIOS (RETROVISOR, TAPETE, BUZINA, ETC ) DE VEICULOS",,34004,34004,34004,34004,Manutencao_de_veiculo_proprio,4309,,,,
1995,43,QUADRO 43 - Despesas com Acessórios e Manutenção de Veículos no Periodo de Referência de 90 Dias;,4309,4309,RADIO (VEÍCULO),,34007,34007,34007,34007,Outros_transporte,4310,,,,
1995,43,QUADRO 43 - Despesas com Acessórios e Manutenção de Veículos no Periodo de Referência de 90 Dias;,4310,4310,TOCA-FITA (VEÍCULO),,34007,34007,34007,34007,Outros_transporte,4311,,,,
1995,43,QUADRO 43 - Despesas com Acessórios e Manutenção de Veículos no Periodo de Referência de 90 Dias;,4311,4311,AR CONDICIONADO (VEÍCULO),,34007,34007,34007,34007,Outros_transporte,4312,,,,
1995,43,QUADRO 43 - Despesas com Acessórios e Manutenção de Veículos no Periodo de Referência de 90 Dias;,4312,4312,ADITIVO (VEÍCULO),,34004,34004,34004,34004,Manutencao_de_veiculo_proprio,4313,,,,
1995,43,QUADRO 43 - Despesas com Acessórios e Manutenção de Veículos no Periodo de Referência de 90 Dias;,4313,4313,REBOQUE,,34007,34007,34007,34007,Outros_transporte,4314,,,,
1995,43,QUADRO 43 - Despesas com Acessórios e Manutenção de Veículos no Periodo de Referência de 90 Dias;,4314,4314,ESTOPA,,37006,34004,37006,34007,Outros_transporte,4315,,,,
1995,43,QUADRO 43 - Despesas com Acessórios e Manutenção de Veículos no Periodo de Referência de 90 Dias;,4315,4315,SHAMPU (VEÍCULO),,37006,34004,37006,34007,Outros_transporte,4316,,,,
1995,43,QUADRO 43 - Despesas com Acessórios e Manutenção de Veículos no Periodo de Referência de 90 Dias;,4316,4316,LIMPA-PARA-BRISA,,37006,34004,37006,34007,Outros_transporte,4317,,,,
1995,43,QUADRO 43 - Despesas com Acessórios e Manutenção de Veículos no Periodo de Referência de 90 Dias;,4317,4317,PINTURA (MATERIAL + MÃO-DE-OBRA) DE VEÍCULO,,37006,34004,37006,34004,Manutencao_de_veiculo_proprio,4318,,,,
1995,43,QUADRO 43 - Despesas com Acessórios e Manutenção de Veículos no Periodo de Referência de 90 Dias;,4318,4318,CERA,,37006,34004,37006,34004,Manutencao_de_veiculo_proprio,4319,,,,
1995,43,QUADRO 43 - Despesas com Acessórios e Manutenção de Veículos no Periodo de Referência de 90 Dias;,4319,4319,CAPACETE DE MOTOQUEIRO,,37006,34007,37006,34007,Outros_transporte,4320,,,,
1995,43,QUADRO 43 - Despesas com Acessórios e Manutenção de Veículos no Periodo de Referência de 90 Dias;,4320,4320,TINTA (VEÍCULO),,37006,34004,37006,34007,Outros_transporte,4321,,,,
1995,43,QUADRO 43 - Despesas com Acessórios e Manutenção de Veículos no Periodo de Referência de 90 Dias;,4321,4321,CARGA DE BATERIA,,37006,34004,37006,34007,Outros_transporte,4322,,,,
1995,43,QUADRO 43 - Despesas com Acessórios e Manutenção de Veículos no Periodo de Referência de 90 Dias;,4322,4322,GAS DE AR CONDICIONADO (VEÍCULO),,37002,34004,37002,34007,Outros_transporte,4323,,,,
1995,43,QUADRO 43 - Despesas com Acessórios e Manutenção de Veículos no Periodo de Referência de 90 Dias;,4323,4323,LIXA DE FERRO (VEÍCULO),,37006,34004,37006,34007,Outros_transporte,4324,,,,
1995,43,QUADRO 43 - Despesas com Acessórios e Manutenção de Veículos no Periodo de Referência de 90 Dias;,4324,4324,TELEVISÃO (VEÍCULO),,37006,34007,37006,34007,Outros_transporte,4325,,,,
1995,43,QUADRO 43 - Despesas com Acessórios e Manutenção de Veículos no Periodo de Referência de 90 Dias;,4325,4325,CAROCERIA DE CAMIONETA,,37002,34007,37002,34007,Outros_transporte,4326,,,,
1995,43,QUADRO 43 - Despesas com Acessórios e Manutenção de Veículos no Periodo de Referência de 90 Dias;,4326,4326,SOLVENTE (VEÍCULO),,37002,34004,37002,34007,Outros_transporte,4327,,,,
1995,43,QUADRO 43 - Despesas com Acessórios e Manutenção de Veículos no Periodo de Referência de 90 Dias;,4327,4327,MOTOR DE AUTOMÓVEL,,37006,34007,37006,34007,Outros_transporte,4328,,,,
1995,43,QUADRO 43 - Despesas com Acessórios e Manutenção de Veículos no Periodo de Referência de 90 Dias;,4328,4328,MOTOR DE LANCHA,,37006,34007,37006,34007,Outros_transporte,4329,,,,
1995,43,QUADRO 43 - Despesas com Acessórios e Manutenção de Veículos no Periodo de Referência de 90 Dias;,4329,4329,AMPLIFICADOR (VEICULO),,,34007,34007,34007,Outros_transporte,4330,,,,
1995,43,QUADRO 43 - Despesas com Acessórios e Manutenção de Veículos no Periodo de Referência de 90 Dias;,4330,4330,MASSA DE LANTERNAGEM,,,34004,34004,34004,Manutencao_de_veiculo_proprio,4331,,,,
1995,43,QUADRO 43 - Despesas com Acessórios e Manutenção de Veículos no Periodo de Referência de 90 Dias;,4331,4331,ESTOFAMENTO DE VEICULO,,,34004,34004,34004,Manutencao_de_veiculo_proprio,4332,,,,
1995,43,QUADRO 43 - Despesas com Acessórios e Manutenção de Veículos no Periodo de Referência de 90 Dias;,4332,4332,FLUIDO DE FREIO,,,34004,34004,34004,Manutencao_de_veiculo_proprio,4333,,,,
1995,43,QUADRO 43 - Despesas com Acessórios e Manutenção de Veículos no Periodo de Referência de 90 Dias;,4333,4333,MOTOR DE MOTOCICLETA,,,34007,34007,34007,Outros_transporte,4334,,,,
1995,43,QUADRO 43 - Despesas com Acessórios e Manutenção de Veículos no Periodo de Referência de 90 Dias;,4334,4334,CD PLAYER PARA VEICULO,,,34007,34007,34007,Outros_transporte,4335,,,,
1995,43,QUADRO 43 - Despesas com Acessórios e Manutenção de Veículos no Periodo de Referência de 90 Dias;,4335,4335,CONSERTO DE AMPLIFICADOR DE SOM (VEÍCULO),,,34007,34007,34007,Outros_transporte,4398,,,,
1995,43,QUADRO 43 - Despesas com Acessórios e Manutenção de Veículos no Periodo de Referência de 90 Dias;,4398,4398,AGREGADO 27,,37006,34007,37006,34007,Outros_transporte,4400,,,,
1995,44,QUADRO 44 - Despesas com Serviços de Cartório e Profissionais no Período de Referência de 90 Dias;,4400,4400,DESPESAS COM SERVIÇOS DE CARTÓRIO E PROFISSIONAIS,,40004,,40004,40004,Servicos_profissionais,4401,,,,
1995,44,QUADRO 44 - Despesas com Serviços de Cartório e Profissionais no Período de Referência de 90 Dias;,4401,4401,CARTÓRIO,,40004,40004,40004,40004,Servicos_profissionais,4402,,,,
1995,44,QUADRO 44 - Despesas com Serviços de Cartório e Profissionais no Período de Referência de 90 Dias;,4402,4402,ADVOGADO,,40004,40004,40004,40004,Servicos_profissionais,4403,,,,
1995,44,QUADRO 44 - Despesas com Serviços de Cartório e Profissionais no Período de Referência de 90 Dias;,4403,4403,DESPACHANTE,,40004,40004,40004,40004,Servicos_profissionais,4404,,,,
1995,44,QUADRO 44 - Despesas com Serviços de Cartório e Profissionais no Período de Referência de 90 Dias;,4404,4404,DESENHISTA,,40004,40004,40004,40004,Servicos_profissionais,4405,,,,
1995,44,QUADRO 44 - Despesas com Serviços de Cartório e Profissionais no Período de Referência de 90 Dias;,4405,4405,DECORADOR,,40004,40004,40004,40004,Servicos_profissionais,4406,,,,
1995,44,QUADRO 44 - Despesas com Serviços de Cartório e Profissionais no Período de Referência de 90 Dias;,4406,4406,CONTADOR,,40004,40004,40004,40004,Servicos_profissionais,4407,,,,
1995,44,QUADRO 44 - Despesas com Serviços de Cartório e Profissionais no Período de Referência de 90 Dias;,4407,4407,ORGÃOS PÚBLICOS (TAXAS),,40004,40004,40004,40004,Servicos_profissionais,4408,,,,
1995,44,QUADRO 44 - Despesas com Serviços de Cartório e Profissionais no Período de Referência de 90 Dias;,4408,4408,ENGENHEIRO,,40004,40004,40004,40004,Servicos_profissionais,4409,,,,
1995,44,QUADRO 44 - Despesas com Serviços de Cartório e Profissionais no Período de Referência de 90 Dias;,4409,4409,CORRETOR,,40004,40004,40004,40004,Servicos_profissionais,4410,,,,
1995,44,QUADRO 44 - Despesas com Serviços de Cartório e Profissionais no Período de Referência de 90 Dias;,4410,4410,DATILÓGRAFO,,40004,40004,40004,40004,Servicos_profissionais,4411,,,,
1995,44,QUADRO 44 - Despesas com Serviços de Cartório e Profissionais no Período de Referência de 90 Dias;,4411,4411,TOPÓGRAFO,,40004,40004,40004,40004,Servicos_profissionais,4412,,,,
1995,44,QUADRO 44 - Despesas com Serviços de Cartório e Profissionais no Período de Referência de 90 Dias;,4412,4412,IMOBILIARIA (COMISSÃO),,40004,40004,40004,40004,Servicos_profissionais,4413,,,,
1995,44,QUADRO 44 - Despesas com Serviços de Cartório e Profissionais no Período de Referência de 90 Dias;,4413,4413,FISCALIZAÇÃO DE OBRA (PREFEITURA),,40004,40004,40004,40004,Servicos_profissionais,4414,,,,
1995,44,QUADRO 44 - Despesas com Serviços de Cartório e Profissionais no Período de Referência de 90 Dias;,4414,4414,BATISTERIO,,,40004,40004,40004,Servicos_profissionais,4415,,,,
1995,44,QUADRO 44 - Despesas com Serviços de Cartório e Profissionais no Período de Referência de 90 Dias;,4415,4415,ANUNCIO CLASSIFICADO,,,40004,40004,40004,Servicos_profissionais,4416,,,,
1995,44,QUADRO 44 - Despesas com Serviços de Cartório e Profissionais no Período de Referência de 90 Dias;,4416,4416,TRADUTOR JURAMENTADO,,,40004,40004,40004,Servicos_profissionais,4417,,,,
1995,44,QUADRO 44 - Despesas com Serviços de Cartório e Profissionais no Período de Referência de 90 Dias;,4417,4417,DEFESA DO CONSUMIDOR,,,40004,40004,40004,Servicos_profissionais,4418,,,,
1995,44,QUADRO 44 - Despesas com Serviços de Cartório e Profissionais no Período de Referência de 90 Dias;,4418,4418,AVALIADOR DE IMÓVEL,,,40004,40004,40004,Servicos_profissionais,4498,,,,
1995,44,QUADRO 44 - Despesas com Serviços de Cartório e Profissionais no Período de Referência de 90 Dias;,4498,4498,AGREGADO 28,,40006,40006,40006,40004,Servicos_profissionais,4500,,,,
1995,45,QUADRO 45 - Despesas com Cerimônias Familiares e Práticas Religiosas no Período de Referência de 6 Meses;,4500,4500,DESPESAS COM CERIMÔNIAS FAMILIARES E PRATICAS RELIGIOSAS,,40003,,40003,40003,Cerimonias_e_festas,4501,,,,
1995,45,QUADRO 45 - Despesas com Cerimônias Familiares e Práticas Religiosas no Período de Referência de 6 Meses;,4501,4501,CASAMENTO,,40003,40003,40003,40003,Cerimonias_e_festas,4502,,,,
1995,45,QUADRO 45 - Despesas com Cerimônias Familiares e Práticas Religiosas no Período de Referência de 6 Meses;,4502,4502,OUTRAS CERIMÔNIAS RELIGIOSAS,,40003,40003,40003,40003,Cerimonias_e_festas,4503,,,,
1995,45,QUADRO 45 - Despesas com Cerimônias Familiares e Práticas Religiosas no Período de Referência de 6 Meses;,4503,4503,FUNERAL E ARTIGOS RELIGIOSOS,,40003,40003,40003,40003,Cerimonias_e_festas,4504,,,,
1995,45,QUADRO 45 - Despesas com Cerimônias Familiares e Práticas Religiosas no Período de Referência de 6 Meses;,4504,4504,CARTOMANTE,,40003,40003,40003,40003,Cerimonias_e_festas,4505,,,,
1995,45,QUADRO 45 - Despesas com Cerimônias Familiares e Práticas Religiosas no Período de Referência de 6 Meses;,4505,4505,FOTOGRAFIA DE CERIMÔNIAS (FOTÓGRAFO PROFISSIONAL),,40003,40003,40003,40003,Cerimonias_e_festas,4506,,,,
1995,45,QUADRO 45 - Despesas com Cerimônias Familiares e Práticas Religiosas no Período de Referência de 6 Meses;,4506,4506,ANIVERSARIO (FESTA),,40003,40003,40003,40003,Cerimonias_e_festas,4507,,,,
1995,45,QUADRO 45 - Despesas com Cerimônias Familiares e Práticas Religiosas no Período de Referência de 6 Meses;,4507,4507,BAILE (FESTA),,40003,40003,40003,40003,Cerimonias_e_festas,4508,,,,
1995,45,QUADRO 45 - Despesas com Cerimônias Familiares e Práticas Religiosas no Período de Referência de 6 Meses;,4508,4508,OUTRAS FESTAS OU RECEPÇÕES,,40003,40003,40003,40003,Cerimonias_e_festas,4509,,,,
1995,45,QUADRO 45 - Despesas com Cerimônias Familiares e Práticas Religiosas no Período de Referência de 6 Meses;,4509,4509,FILMAGEM DE CERIMONIA,,40003,40003,40003,40003,Cerimonias_e_festas,4510,,,,
1995,45,QUADRO 45 - Despesas com Cerimônias Familiares e Práticas Religiosas no Período de Referência de 6 Meses;,4510,4510,JOGO DE BÚZIOS (PRATICA RELIGIOSA),,40003,40003,40003,40003,Cerimonias_e_festas,4598,,,,
1995,45,QUADRO 45 - Despesas com Cerimônias Familiares e Práticas Religiosas no Período de Referência de 6 Meses;,4598,4598,AGREGADO 29,,40003,40003,40003,40003,Cerimonias_e_festas,4600,,,,
1995,46,"QUADRO 46 - Despesas com Jóias no Período de Referência de 6 Meses,",4600,4600,DESPESAS COM JÓIAS,,34006,,34006,33005,Joias_e_bijuterias,4601,,,,
1995,46,"QUADRO 46 - Despesas com Jóias no Período de Referência de 6 Meses,",4601,4601,"JÓIAS (ALIANÇA, ANEL, CORDÃO, ETC.)",,34006,33005,34006,33005,Joias_e_bijuterias,4602,,,,
1995,46,"QUADRO 46 - Despesas com Jóias no Período de Referência de 6 Meses,",4602,4602,RELÓGIO DE PULSO DE CRIANÇA,,34006,33005,34006,33005,Joias_e_bijuterias,4603,,,,
1995,46,"QUADRO 46 - Despesas com Jóias no Período de Referência de 6 Meses,",4603,4603,RELÓGIO DE PULSO DE HOMEM,,34006,33005,34006,33005,Joias_e_bijuterias,4604,,,,
1995,46,"QUADRO 46 - Despesas com Jóias no Período de Referência de 6 Meses,",4604,4604,RELÓGIO DE PULSO DE MULHER,,34006,33005,34006,33005,Joias_e_bijuterias,4605,,,,
1995,46,"QUADRO 46 - Despesas com Jóias no Período de Referência de 6 Meses,",4605,4605,CANETA RELÓGIO,,34006,33005,34006,33005,Joias_e_bijuterias,4606,,,,
1995,46,"QUADRO 46 - Despesas com Jóias no Período de Referência de 6 Meses,",4606,4606,CANETA DE OURO OU PRATA,,34006,33005,34006,33005,Joias_e_bijuterias,4607,,,,
1995,46,"QUADRO 46 - Despesas com Jóias no Período de Referência de 6 Meses,",4607,4607,"ISQUEIRO DE OURO, PRATA OU SIMILAR",,34006,33005,34006,33005,Joias_e_bijuterias,4608,,,,
1995,46,"QUADRO 46 - Despesas com Jóias no Período de Referência de 6 Meses,",4608,4608,RELÓGIO DE BOLSO,,34006,33005,34006,33005,Joias_e_bijuterias,4609,,,,
1995,46,"QUADRO 46 - Despesas com Jóias no Período de Referência de 6 Meses,",4609,4609,BARRA DE OURO,,34006,42003,34006,33005,Joias_e_bijuterias,4610,,,,
1995,46,"QUADRO 46 - Despesas com Jóias no Período de Referência de 6 Meses,",4610,4610,CARTÃO DE PRATA,,34006,33005,34006,33005,Joias_e_bijuterias,4611,,,,
1995,46,"QUADRO 46 - Despesas com Jóias no Período de Referência de 6 Meses,",4611,4611,RELÓGIO DE DEDO,,34006,33005,34006,33005,Joias_e_bijuterias,4698,,,,
1995,46,"QUADRO 46 - Despesas com Jóias no Período de Referência de 6 Meses,",4698,4698,AGREGADO 30,,34006,33005,34006,33005,Joias_e_bijuterias,4700,,,,
1995,47,QUADRO 47 - Despesas com Outros Imóveis no Período de Referência de 6 Meses;,4700,4700,DESPESAS COM OUTROS IMÓVEIS,,40005,,40005,40005,Imoveis_de_uso_ocasional,4701,,,,
1995,47,QUADRO 47 - Despesas com Outros Imóveis no Período de Referência de 6 Meses;,4701,4701,AQUISÇÃO DE IMÓVEL A VISTA OU A PRAZO,,40005,42001,40005,40005,Imoveis_de_uso_ocasional,4702,,,,
1995,47,QUADRO 47 - Despesas com Outros Imóveis no Período de Referência de 6 Meses;,4702,4702,"ALUGUEL IMÓVEL (CONTRATO DE LOCAÇÃO, ETC.)",,40005,40005,40005,40005,Imoveis_de_uso_ocasional,4703,,,,
1995,47,QUADRO 47 - Despesas com Outros Imóveis no Período de Referência de 6 Meses;,4703,4703,ALUGUEL DE GARAGEM (OUTROS IMÓVEIS),,40005,40005,40005,40005,Imoveis_de_uso_ocasional,4704,,,,
1995,47,QUADRO 47 - Despesas com Outros Imóveis no Período de Referência de 6 Meses;,4704,4704,CONDOMINIO (OUTROS IMÓVEIS),,40005,40005,40005,40005,Imoveis_de_uso_ocasional,4705,,,,
1995,47,QUADRO 47 - Despesas com Outros Imóveis no Período de Referência de 6 Meses;,4705,4705,IMPOSTO PREDIAL (OUTROS IMÓVEIS),,40005,41001,40005,40005,Imoveis_de_uso_ocasional,4706,,,,
1995,47,QUADRO 47 - Despesas com Outros Imóveis no Período de Referência de 6 Meses;,4706,4706,SEGURO CONTRA ROUBO E INCÊNDIO (OUTROS IMÓVEIS),,40005,40005,40005,40005,Imoveis_de_uso_ocasional,4707,,,,
1995,47,QUADRO 47 - Despesas com Outros Imóveis no Período de Referência de 6 Meses;,4707,4707,"ENERGIA ELÉTRICA, GAS ENCANADO OU DE BUJÃO, ETC.",,40005,31002,40005,40005,Imoveis_de_uso_ocasional,4708,,,,
1995,47,QUADRO 47 - Despesas com Outros Imóveis no Período de Referência de 6 Meses;,4708,4708,"TAXAS (INCÊNDIO, LIXO, ETC.) (OUTROS IMOVEIS)",,40005,40005,40005,40005,Imoveis_de_uso_ocasional,4709,,,,
1995,47,QUADRO 47 - Despesas com Outros Imóveis no Período de Referência de 6 Meses;,4709,4709,AQUISIÇÃO DE SEPULTURA (OUTROS IMOVEIS),,40005,,40005,40005,Imoveis_de_uso_ocasional,4710,,,,
1995,47,QUADRO 47 - Despesas com Outros Imóveis no Período de Referência de 6 Meses;,4710,4710,AQUISIÇÃO DE TÍTULO DE CLUBE (OUTROS IMOVEIS),,40005,42003,40005,40005,Imoveis_de_uso_ocasional,4711,,,,
1995,47,QUADRO 47 - Despesas com Outros Imóveis no Período de Referência de 6 Meses;,4711,4711,IMPOSTO TERRITORIAL RURAL (OUTROS IMOVEIS),,40005,41001,40005,40005,Imoveis_de_uso_ocasional,4712,,,,
1995,47,QUADRO 47 - Despesas com Outros Imóveis no Período de Referência de 6 Meses;,4712,4712,ALUGUEL DE TERRENO PARA SEPULTURA (OUTROS IMOVEIS),,40005,41001,40005,40005,Imoveis_de_uso_ocasional,4713,,,,
1995,47,QUADRO 47 - Despesas com Outros Imóveis no Período de Referência de 6 Meses;,4713,4713,MUDANÇA (OUTROS IMOVEIS),,40005,40005,40005,40005,Imoveis_de_uso_ocasional,4714,,,,
1995,47,QUADRO 47 - Despesas com Outros Imóveis no Período de Referência de 6 Meses;,4714,4714,SPU (SERVIÇO DE PATRIMONIO DA UNIÃO),,,41001,41001,40005,Imoveis_de_uso_ocasional,4794,,,,
1995,47,QUADRO 47 - Despesas com Outros Imóveis no Período de Referência de 6 Meses;,4794,4794,VALOR DO IMOVEL ADQUIRIDO EM PRIMEIRA LOCAÇÃO,,,,,40005,Imoveis_de_uso_ocasional,4795,,,,
1995,47,QUADRO 47 - Despesas com Outros Imóveis no Período de Referência de 6 Meses;,4795,4795,VALOR DO IMOVEL ADQUIRIDO USADO (OUTROS IMOVEIS),,,,,40005,Imoveis_de_uso_ocasional,4796,,,,
1995,47,QUADRO 47 - Despesas com Outros Imóveis no Período de Referência de 6 Meses;,4796,4796,AGREGADO 31,,40005,40005,40005,40005,Imoveis_de_uso_ocasional,4800,,,,
1995,48,"QUADRO 48 - Despesas com Contribuições, Transferências e Encargos Financeiros no Período de Referência de 6 Meses;",4800,4800,"DESPESAS COM CONTRATO, TRANSFERENCIA E ENCARGO FINAMCEIRO",,41003,,41003,41003,Servicos_bancarios,4801,,,,
1995,48,"QUADRO 48 - Despesas com Contribuições, Transferências e Encargos Financeiros no Período de Referência de 6 Meses;",4801,4801,CONSELHO E ASSOCIAÇÃO DE CLASSE,,41002,41002,41002,41002,Contribuicoes_trabalhistas,4802,,,,
1995,48,"QUADRO 48 - Despesas com Contribuições, Transferências e Encargos Financeiros no Período de Referência de 6 Meses;",4802,4802,"DOAÇÕES (IGREJA, ORFANATO, MUSEU, ETC.)",,41004,41004,41004,41004,Pensoes_mesadas_e_doacoes,4803,,,,
1995,48,"QUADRO 48 - Despesas com Contribuições, Transferências e Encargos Financeiros no Período de Referência de 6 Meses;",4803,4803,CAIXA ESCOLAR (CONTRIBUIÇÃO),,37006,37006,37006,37006,Outras_educacao,4804,,,,
1995,48,"QUADRO 48 - Despesas com Contribuições, Transferências e Encargos Financeiros no Período de Referência de 6 Meses;",4804,4804,"MESADA, PRESTAÇÃO EM DINHEIRO DADOS PARA OUTRA UC",,41004,41004,41004,41004,Pensoes_mesadas_e_doacoes,4805,,,,
1995,48,"QUADRO 48 - Despesas com Contribuições, Transferências e Encargos Financeiros no Período de Referência de 6 Meses;",4805,4805,PENSÃO ALIMENTÍCIA,,41004,41004,41004,41004,Pensoes_mesadas_e_doacoes,4806,,,,
1995,48,"QUADRO 48 - Despesas com Contribuições, Transferências e Encargos Financeiros no Período de Referência de 6 Meses;",4806,4806,PREVIDENCIA PRIVADA ABERTA OU FECHADA,,41005,41005,41005,41005,Previdencia_privada,4807,,,,
1995,48,"QUADRO 48 - Despesas com Contribuições, Transferências e Encargos Financeiros no Período de Referência de 6 Meses;",4807,4807,SEGURO DE ACIDENTES PESSOAIS,,41006,41006,41006,41006,Outras_despesas,4808,,,,
1995,48,"QUADRO 48 - Despesas com Contribuições, Transferências e Encargos Financeiros no Período de Referência de 6 Meses;",4808,4808,SEGURO DE VIDA,,41006,41006,41006,41006,Outras_despesas,4809,,,,
1995,48,"QUADRO 48 - Despesas com Contribuições, Transferências e Encargos Financeiros no Período de Referência de 6 Meses;",4809,4809,ANUIDADE DE CARTÃO DE CRÉDITO,,41003,41003,41003,41003,Servicos_bancarios,4810,,,,
1995,48,"QUADRO 48 - Despesas com Contribuições, Transferências e Encargos Financeiros no Período de Referência de 6 Meses;",4810,4810,JUROS DE CHEQUE ESPECIAL E CARTÃO DE CRÉDITO,,41003,41003,41003,41003,Servicos_bancarios,4811,,,,
1995,48,"QUADRO 48 - Despesas com Contribuições, Transferências e Encargos Financeiros no Período de Referência de 6 Meses;",4811,4811,JUROS E SEGURO DE EMPRÉSTIMO,,43001,43001,43001,43001,Emprestimo_e_carne,4812,,,,
1995,48,"QUADRO 48 - Despesas com Contribuições, Transferências e Encargos Financeiros no Período de Referência de 6 Meses;",4812,4812,PAGAMENTO DE EMPRÉSTIMO,,43001,43001,43001,43001,Emprestimo_e_carne,4813,,,,
1995,48,"QUADRO 48 - Despesas com Contribuições, Transferências e Encargos Financeiros no Período de Referência de 6 Meses;",4813,4813,SEGURO-EDUCAÇÃO,,37006,37006,37006,37006,Outras_educacao,4814,,,,
1995,48,"QUADRO 48 - Despesas com Contribuições, Transferências e Encargos Financeiros no Período de Referência de 6 Meses;",4814,4814,PAGAMENTO DE ASILO,,41006,41006,41006,41006,Outras_despesas,4815,,,,
1995,48,"QUADRO 48 - Despesas com Contribuições, Transferências e Encargos Financeiros no Período de Referência de 6 Meses;",4815,4815,CARNE DE MERCADORIAS,,43001,43001,43001,43001,Emprestimo_e_carne,4816,,,,
1995,48,"QUADRO 48 - Despesas com Contribuições, Transferências e Encargos Financeiros no Período de Referência de 6 Meses;",4816,4816,TALÃO DE CHEQUES,,41003,,41003,41003,Servicos_bancarios,4817,,,,
1995,48,"QUADRO 48 - Despesas com Contribuições, Transferências e Encargos Financeiros no Período de Referência de 6 Meses;",4817,4817,SPC (TAXAS),,41006,41006,41006,41006,Outras_despesas,4818,,,,
1995,48,"QUADRO 48 - Despesas com Contribuições, Transferências e Encargos Financeiros no Período de Referência de 6 Meses;",4818,4818,"PREVIDENCIA PUBLICA (FEDERAL-IAPAS,.ESTADUAL, MUNICIPAL, MILITAR)",,41002,41002,41002,41002,Contribuicoes_trabalhistas,4819,,,,
1995,48,"QUADRO 48 - Despesas com Contribuições, Transferências e Encargos Financeiros no Período de Referência de 6 Meses;",4819,4819,INDENIZAÇÃO A TERCEIROS,,41006,41006,41006,41006,Outras_despesas,4820,,,,
1995,48,"QUADRO 48 - Despesas com Contribuições, Transferências e Encargos Financeiros no Período de Referência de 6 Meses;",4820,4820,PECULIO DOMICILIAR,,42003,42003,42003,42003,Outros_investimentos,4821,,,,
1995,48,"QUADRO 48 - Despesas com Contribuições, Transferências e Encargos Financeiros no Período de Referência de 6 Meses;",4821,4821,ESMOLA,,41004,41004,41004,41004,Pensoes_mesadas_e_doacoes,4822,,,,
1995,48,"QUADRO 48 - Despesas com Contribuições, Transferências e Encargos Financeiros no Período de Referência de 6 Meses;",4822,4822,PAX DOMINNI (AUXÍLIO FUNERAL),,41004,41004,41004,41004,Pensoes_mesadas_e_doacoes,4823,,,,
1995,48,"QUADRO 48 - Despesas com Contribuições, Transferências e Encargos Financeiros no Período de Referência de 6 Meses;",4823,4823,MAÇONARIA,,41004,41004,41004,41004,Pensoes_mesadas_e_doacoes,4824,,,,
1995,48,"QUADRO 48 - Despesas com Contribuições, Transferências e Encargos Financeiros no Período de Referência de 6 Meses;",4824,4824,"CAIXINHA ENTRE ASSOCIADOS (FUNCIONARIO, AMIGO, ETC.)",,41004,41004,41004,41004,Pensoes_mesadas_e_doacoes,4825,,,,
1995,48,"QUADRO 48 - Despesas com Contribuições, Transferências e Encargos Financeiros no Período de Referência de 6 Meses;",4825,4825,PENSÃO (PENSIONISTA),,41006,41006,41006,41006,Outras_despesas,4826,,,,
1995,48,"QUADRO 48 - Despesas com Contribuições, Transferências e Encargos Financeiros no Período de Referência de 6 Meses;",4826,4826,CONTRIBUIÇAO PARA OUTRAS ASSOCIAÇÕES,,41002,41002,41002,41002,Contribuicoes_trabalhistas,4827,,,,
1995,48,"QUADRO 48 - Despesas com Contribuições, Transferências e Encargos Financeiros no Período de Referência de 6 Meses;",4827,4827,PAGAMENTO DE TÍTULO PROTESTADO,,43001,43001,43001,43001,Emprestimo_e_carne,4828,,,,
1995,48,"QUADRO 48 - Despesas com Contribuições, Transferências e Encargos Financeiros no Período de Referência de 6 Meses;",4828,4828,ALISTAMENTO MILITAR (MULTA),,41006,41006,41006,41006,Outras_despesas,4829,,,,
1995,48,"QUADRO 48 - Despesas com Contribuições, Transferências e Encargos Financeiros no Período de Referência de 6 Meses;",4829,4829,SEGURO DE BENS MOVEIS (EXCETO VEICULOS),,41006,41006,41006,41006,Outras_despesas,4830,,,,
1995,48,"QUADRO 48 - Despesas com Contribuições, Transferências e Encargos Financeiros no Período de Referência de 6 Meses;",4830,4830,TAXA DE MANUTENÇÃO DE ARMAS,,,41006,41006,41006,Outras_despesas,4831,,,,
1995,48,"QUADRO 48 - Despesas com Contribuições, Transferências e Encargos Financeiros no Período de Referência de 6 Meses;",4831,4831,DINHEIRO ROUBADO,,,41006,41006,41006,Outras_despesas,4832,,,,
1995,48,"QUADRO 48 - Despesas com Contribuições, Transferências e Encargos Financeiros no Período de Referência de 6 Meses;",4832,4832,JUSTIÇA DO TRABALHO,,,41006,41006,41006,Outras_despesas,4833,,,,
1995,48,"QUADRO 48 - Despesas com Contribuições, Transferências e Encargos Financeiros no Período de Referência de 6 Meses;",4833,4833,EXTRATO BANCARIO,,,41003,41003,41003,Servicos_bancarios,4834,,,,
1995,48,"QUADRO 48 - Despesas com Contribuições, Transferências e Encargos Financeiros no Período de Referência de 6 Meses;",4834,4834,CADASTRO BANCARIO,,,41003,41003,41003,Servicos_bancarios,4835,,,,
1995,48,"QUADRO 48 - Despesas com Contribuições, Transferências e Encargos Financeiros no Período de Referência de 6 Meses;",4835,4835,TRANSFERENCIA INTERBANCARIA (TAXA),,,41003,41003,41003,Servicos_bancarios,4836,,,,
1995,48,"QUADRO 48 - Despesas com Contribuições, Transferências e Encargos Financeiros no Período de Referência de 6 Meses;",4836,4836,CATÃO ESPECIAL (TAXA),,,41003,41003,41003,Servicos_bancarios,4837,,,,
1995,48,"QUADRO 48 - Despesas com Contribuições, Transferências e Encargos Financeiros no Período de Referência de 6 Meses;",4837,4837,IMPOSTO SOBRE CHEQUES (IPMF),,,41003,41003,41003,Servicos_bancarios,4838,,,,
1995,48,"QUADRO 48 - Despesas com Contribuições, Transferências e Encargos Financeiros no Período de Referência de 6 Meses;",4838,4838,COMPLEMENTAÇÃO DO IMPOSTO DE RENDA,,,41001,41001,41001,Impostos,4839,,,,
1995,48,"QUADRO 48 - Despesas com Contribuições, Transferências e Encargos Financeiros no Período de Referência de 6 Meses;",4839,4839,IMPOSTO SINDICAL (ANUAL),,,41002,41002,41002,Contribuicoes_trabalhistas,4840,,,,
1995,48,"QUADRO 48 - Despesas com Contribuições, Transferências e Encargos Financeiros no Período de Referência de 6 Meses;",4840,4840,GORJETA,,,41004,41004,41004,Pensoes_mesadas_e_doacoes,4841,,,,
1995,48,"QUADRO 48 - Despesas com Contribuições, Transferências e Encargos Financeiros no Período de Referência de 6 Meses;",4841,4841,TAXA DE INSCRIÇÃO PARA CONCURSO (EMPREGO),,,41006,41006,41006,Outras_despesas,4842,,,,
1995,48,"QUADRO 48 - Despesas com Contribuições, Transferências e Encargos Financeiros no Período de Referência de 6 Meses;",4842,4842,TÍTULO DE CAPITALIZAÇÃO (AQUISIÇÃO),,,42003,42003,42003,Outros_investimentos,4843,,,,
1995,48,"QUADRO 48 - Despesas com Contribuições, Transferências e Encargos Financeiros no Período de Referência de 6 Meses;",4843,4843,CONTRIBUIÇÃO PARA PARTIDO POLÍTICO,,,41004,41004,41004,Pensoes_mesadas_e_doacoes,4844,,,,
1995,48,"QUADRO 48 - Despesas com Contribuições, Transferências e Encargos Financeiros no Período de Referência de 6 Meses;",4844,4844,ALIMENTAÇÃO SUBSIDIADA,,,,,41004,Pensoes_mesadas_e_doacoes,4845,,,,
1995,48,"QUADRO 48 - Despesas com Contribuições, Transferências e Encargos Financeiros no Período de Referência de 6 Meses;",4845,4845,TRANSPORTE SUBSIDIADO,,,34001,34001,34001,Urbano,4846,,,,
1995,48,"QUADRO 48 - Despesas com Contribuições, Transferências e Encargos Financeiros no Período de Referência de 6 Meses;",4846,4846,IMPOSTO SOBRE SERVIÇOS (ISS) (EVENTUAL),,,41001,41001,41001,Impostos,4847,,,,
1995,48,"QUADRO 48 - Despesas com Contribuições, Transferências e Encargos Financeiros no Período de Referência de 6 Meses;",4847,4847,AUXÍLIO-EDUCAÇÃO (DESCONTO),,,37006,37006,37006,Outras_educacao,4848,,,,
1995,48,"QUADRO 48 - Despesas com Contribuições, Transferências e Encargos Financeiros no Período de Referência de 6 Meses;",4848,4848,TAXA DE SAQUE ELETRÔNICO,,,41003,41003,41003,Servicos_bancarios,4898,,,,
1995,48,"QUADRO 48 - Despesas com Contribuições, Transferências e Encargos Financeiros no Período de Referência de 6 Meses;",4898,4898,AGREGADO 32,,41006,41006,41006,41006,Outras_despesas,4900,,,,
1995,49,QUADRO 49 - Despesas com Educação no Período de Referência de 6 Meses;,4900,4900,DESPESAS COM EDUCAÇÃO,,34004,,34004,37006,Outras_educacao,4901,,,,
1995,49,QUADRO 49 - Despesas com Educação no Período de Referência de 6 Meses;,4901,4901,CURSO PRE-ESCOLAR,,34004,37001,34004,37003,Outros_cursos,4902,,,,
1995,49,QUADRO 49 - Despesas com Educação no Período de Referência de 6 Meses;,4902,4902,CURSO SUPLETIVO,,34004,37003,34004,37003,Outros_cursos,4903,,,,
1995,49,QUADRO 49 - Despesas com Educação no Período de Referência de 6 Meses;,4903,4903,AULA PARTICULAR,,34004,37006,34004,37003,Outros_cursos,4904,,,Cursos_regulares,37001
1995,49,QUADRO 49 - Despesas com Educação no Período de Referência de 6 Meses;,4904,4904,CURSO EM DISCO OU FITA (LINGUAFONE),,34004,37006,34004,37003,Outros_cursos,4905,,,Curso_superior,37002
1995,49,QUADRO 49 - Despesas com Educação no Período de Referência de 6 Meses;,4905,4905,TAXAS ESCOLARES,,34004,37006,34004,37001,Cursos_regulares,4906,,,Outros_cursos,37003
1995,49,QUADRO 49 - Despesas com Educação no Período de Referência de 6 Meses;,4906,4906,ASSINATURA DE PERIÓDICO TÉCNICO,,34004,37004,34004,37004,Livros_e_revistas_tecnicas,4907,,,Livros_e_revistas_tecnicas,37004
1995,49,QUADRO 49 - Despesas com Educação no Período de Referência de 6 Meses;,4907,4907,LIVRO ESCOLAR DE PRIMEIRO E SEGUNDO GRAU,,34004,37004,34004,37004,Livros_e_revistas_tecnicas,4908,,,Artigos_escolares,37005
1995,49,QUADRO 49 - Despesas com Educação no Período de Referência de 6 Meses;,4908,4908,LIVRO E REVISTA TECNICA E OUTROS LIVROS DIDATICOS,,34004,37004,34004,37004,Livros_e_revistas_tecnicas,4909,,,Outras_educacao,37006
1995,49,QUADRO 49 - Despesas com Educação no Período de Referência de 6 Meses;,4909,4909,TRANSPORTE ESCOLAR,,34004,37006,34004,37006,Outras_educacao,4910,,,,
1995,49,QUADRO 49 - Despesas com Educação no Período de Referência de 6 Meses;,4910,4910,UNIFORME ESCOLAR,,34004,37006,34004,37005,Artigos_escolares,4911,,,,
1995,49,QUADRO 49 - Despesas com Educação no Período de Referência de 6 Meses;,4911,4911,CRECHE,,34004,37003,34004,37005,Artigos_escolares,4912,,,,
1995,49,QUADRO 49 - Despesas com Educação no Período de Referência de 6 Meses;,4912,4912,LOCAÇÃO DE ALOJAMENTO ESTUDANTIL,,34004,37006,34004,37005,Artigos_escolares,4914,,,,
1995,49,QUADRO 49 - Despesas com Educação no Período de Referência de 6 Meses;,4914,4914,CARNE DE FORMATURA,,34004,37006,34004,37005,Artigos_escolares,4915,,,,
1995,49,QUADRO 49 - Despesas com Educação no Período de Referência de 6 Meses;,4915,4915,BERÇARIO,,34004,37003,34004,37005,Artigos_escolares,4916,,,,
1995,49,QUADRO 49 - Despesas com Educação no Período de Referência de 6 Meses;,4916,4916,EXCRUSÃO ESCOLAR,,34004,37006,34004,37005,Artigos_escolares,4917,,,,
1995,49,QUADRO 49 - Despesas com Educação no Período de Referência de 6 Meses;,4917,4917,"TAXA DE CONGRESSO, SEMINARIO, ETC. (EDUCAÇÃO)",,34004,37006,34004,37005,Artigos_escolares,4918,,,,
1995,49,QUADRO 49 - Despesas com Educação no Período de Referência de 6 Meses;,4918,4918,ASSOCIAÇÃO DE PAIS E MESTRES (APM),,34004,37006,34004,37005,Artigos_escolares,4919,,,,
1995,49,QUADRO 49 - Despesas com Educação no Período de Referência de 6 Meses;,4919,4919,PASTA ESCOLAR,,34004,37005,34004,37005,Artigos_escolares,4920,,,,
1995,49,QUADRO 49 - Despesas com Educação no Período de Referência de 6 Meses;,4920,4920,MERENDEIRA ESCOLAR,,34004,37005,34004,37005,Artigos_escolares,4921,,,,
1995,49,QUADRO 49 - Despesas com Educação no Período de Referência de 6 Meses;,4921,4921,MOCHILA ESCOLAR,,34004,37005,34004,37005,Artigos_escolares,4922,,,,
1995,49,QUADRO 49 - Despesas com Educação no Período de Referência de 6 Meses;,4922,4922,PÓS-GRADUAÇÃO (MESTRADO),,34004,37003,34004,37005,Artigos_escolares,4923,,,,
1995,49,QUADRO 49 - Despesas com Educação no Período de Referência de 6 Meses;,4923,4923,CRECHE (DOMICÍLIO PARTICULAR),,34004,37003,34004,37005,Artigos_escolares,4924,,,,
1995,49,QUADRO 49 - Despesas com Educação no Período de Referência de 6 Meses;,4924,4924,COLÔNIA DE FÉRIAS (EDUCAÇÃO),,34004,37006,34004,37005,Artigos_escolares,4925,,,,
1995,49,QUADRO 49 - Despesas com Educação no Período de Referência de 6 Meses;,4925,4925,INSTRUMENTOS E APARELHOS DE CURSOS EDUCATIVOS,,34004,37005,34004,37005,Artigos_escolares,4926,,,,
1995,49,QUADRO 49 - Despesas com Educação no Período de Referência de 6 Meses;,4926,4926,ALIMENTAÇÃO ESCOLAR,,34004,,34004,37005,Artigos_escolares,4927,,,,
1995,49,QUADRO 49 - Despesas com Educação no Período de Referência de 6 Meses;,4927,4927,"BIBLIOTECA (MENSALIDADE, MULTA, ETC.)",,34004,37006,34004,37005,Artigos_escolares,4928,,,,
1995,49,QUADRO 49 - Despesas com Educação no Período de Referência de 6 Meses;,4928,4928,GRÊMIO ESTUDANTIL,,34004,37006,34004,37005,Artigos_escolares,4929,,,,
1995,49,QUADRO 49 - Despesas com Educação no Período de Referência de 6 Meses;,4929,4929,MAPA ESCOLAR,,34004,37005,34004,37005,Artigos_escolares,4930,,,,
1995,49,QUADRO 49 - Despesas com Educação no Período de Referência de 6 Meses;,4930,4930,TRADUTOR,,,37006,37006,37006,Outras_educacao,4931,,,,
1995,49,QUADRO 49 - Despesas com Educação no Período de Referência de 6 Meses;,4931,4931,CURSO REGULAR DE 1º GRAU,,,37001,37001,37001,Cursos_regulares,4932,,,,
1995,49,QUADRO 49 - Despesas com Educação no Período de Referência de 6 Meses;,4932,4932,CURSO REGULAR DE 2º GRAU,,,37001,37001,37001,Cursos_regulares,4933,,,,
1995,49,QUADRO 49 - Despesas com Educação no Período de Referência de 6 Meses;,4933,4933,CURSO REGULAR DE 3º GRAU,,,37002,37002,37002,Curso_superior,4934,,,,
1995,49,QUADRO 49 - Despesas com Educação no Período de Referência de 6 Meses;,4934,4934,GINASTICA,,,37003,37003,37003,Outros_cursos,4935,,,,
1995,49,QUADRO 49 - Despesas com Educação no Período de Referência de 6 Meses;,4935,4935,DATILOGRAFIA,,,37003,37003,37003,Outros_cursos,4936,,,,
1995,49,QUADRO 49 - Despesas com Educação no Período de Referência de 6 Meses;,4936,4936,BAILE,,,37003,37003,37003,Outros_cursos,4937,,,,
1995,49,QUADRO 49 - Despesas com Educação no Período de Referência de 6 Meses;,4937,4937,IOGA,,,37003,37003,37003,Outros_cursos,4938,,,,
1995,49,QUADRO 49 - Despesas com Educação no Período de Referência de 6 Meses;,4938,4938,MÚSICA,,,37003,37003,37003,Outros_cursos,4939,,,,
1995,49,QUADRO 49 - Despesas com Educação no Período de Referência de 6 Meses;,4939,4939,INFORMATICA,,,37003,37003,37003,Outros_cursos,4940,,,,
1995,49,QUADRO 49 - Despesas com Educação no Período de Referência de 6 Meses;,4940,4940,OUTROS CURSOS,,,37003,37003,37003,Outros_cursos,4941,,,,
1995,49,QUADRO 49 - Despesas com Educação no Período de Referência de 6 Meses;,4941,4941,PÓS-GRADUAÇÃO (DOUTORADO),,,37003,37003,37002,Curso_superior,4942,,,,
1995,49,QUADRO 49 - Despesas com Educação no Período de Referência de 6 Meses;,4942,4942,TAXA DE INSCRIÇÃO DE VESTIBULAR,,,37006,37006,37006,Outras_educacao,4943,,,,
1995,49,QUADRO 49 - Despesas com Educação no Período de Referência de 6 Meses;,4943,4943,NATAÇÃO,,,37003,37003,37003,Outros_cursos,4944,,,,
1995,49,QUADRO 49 - Despesas com Educação no Período de Referência de 6 Meses;,4944,4944,CURSO DE IDIOMA (EXCETO LINGUAFONE),,,37003,37003,37003,Outros_cursos,4945,,,,
1995,49,QUADRO 49 - Despesas com Educação no Período de Referência de 6 Meses;,4945,4945,ALUGUEL DE LIVRO DE 1º GRAU,,,37004,37004,37004,Livros_e_revistas_tecnicas,4946,,,,
1995,49,QUADRO 49 - Despesas com Educação no Período de Referência de 6 Meses;,4946,4946,"TAXA DE INSCRIÇÃO PARA CONCURSO (ESCOLA TECNICA, ETC.)",,,37006,37006,37006,Outras_educacao,4947,,,,
1995,49,QUADRO 49 - Despesas com Educação no Período de Referência de 6 Meses;,4947,4947,CURSO DE MECÂNICA EM REFRIGERAÇÃO,,,37003,37003,37003,Outros_cursos,4948,,,,
1995,49,QUADRO 49 - Despesas com Educação no Período de Referência de 6 Meses;,4948,4948,SOFTWARE DE CURSO,,,37003,37003,37003,Outros_cursos,4949,,,,
1995,49,QUADRO 49 - Despesas com Educação no Período de Referência de 6 Meses;,4949,4949,CURSO DE PRIMEIROS SOCORROS,,,37003,37003,37003,Outros_cursos,4950,,,,
1995,49,QUADRO 49 - Despesas com Educação no Período de Referência de 6 Meses;,4950,4950,CURSO PARA EXCEPCIONAL,,,37003,37003,37003,Outros_cursos,4998,,,,
1995,49,QUADRO 49 - Despesas com Educação no Período de Referência de 6 Meses;,4998,4998,AGREGADO 33,,34004,37006,34004,37003,Outros_cursos,5000,,,,
1995,50,"QUADRO 50 - Despesas com Documentação, Seguro e Outros Gastos com Veículos no Periodo de Referência de 6 Meses, e",5000,5000,"DESPESAS COM DOCUMENTAÇÃO, SEGURO E OUTROS GASTOS COM VEICULOS",,34004,,34004,34004,Manutencao_de_veiculo_proprio,5001,,,,
1995,50,"QUADRO 50 - Despesas com Documentação, Seguro e Outros Gastos com Veículos no Periodo de Referência de 6 Meses, e",5001,5001,EMPLACAMENTO,,34004,41001,34004,34004,Manutencao_de_veiculo_proprio,5002,,,,
1995,50,"QUADRO 50 - Despesas com Documentação, Seguro e Outros Gastos com Veículos no Periodo de Referência de 6 Meses, e",5002,5002,MULTA,,34004,41001,34004,34004,Manutencao_de_veiculo_proprio,5003,,,,
1995,50,"QUADRO 50 - Despesas com Documentação, Seguro e Outros Gastos com Veículos no Periodo de Referência de 6 Meses, e",5003,5003,SEGURO OBRIGATÓRIO,,34004,34007,34004,34004,Manutencao_de_veiculo_proprio,5004,,,,
1995,50,"QUADRO 50 - Despesas com Documentação, Seguro e Outros Gastos com Veículos no Periodo de Referência de 6 Meses, e",5004,5004,IMPOSTO SOBRE PROPRIEDADE DE VEÍCULOS AUTOMOTORES (IPVA),,34004,41001,34004,34004,Manutencao_de_veiculo_proprio,5005,,,,
1995,50,"QUADRO 50 - Despesas com Documentação, Seguro e Outros Gastos com Veículos no Periodo de Referência de 6 Meses, e",5005,5005,ASSISTÊNCIA AUTOMOBILÍSTICA (MENSALIDADE E TAXA),,34004,34007,34004,34004,Manutencao_de_veiculo_proprio,5006,,,,
1995,50,"QUADRO 50 - Despesas com Documentação, Seguro e Outros Gastos com Veículos no Periodo de Referência de 6 Meses, e",5006,5006,SEGURO VOLUNTARIO DE VEÍCULO,,34004,34007,34004,34004,Manutencao_de_veiculo_proprio,5007,,,,
1995,50,"QUADRO 50 - Despesas com Documentação, Seguro e Outros Gastos com Veículos no Periodo de Referência de 6 Meses, e",5007,5007,VAGA CATIVA DE ESTACIONAMENTO,,34004,34007,34004,34004,Manutencao_de_veiculo_proprio,5008,,,,
1995,50,"QUADRO 50 - Despesas com Documentação, Seguro e Outros Gastos com Veículos no Periodo de Referência de 6 Meses, e",5008,5008,ALUGUEL DE VEÍCULO,,34004,34007,34004,34004,Manutencao_de_veiculo_proprio,5009,,,,
1995,50,"QUADRO 50 - Despesas com Documentação, Seguro e Outros Gastos com Veículos no Periodo de Referência de 6 Meses, e",5009,5009,TAXA DE EXPEDIENTE (DETRAN),,34004,41001,34004,34004,Manutencao_de_veiculo_proprio,5010,,,,
1995,50,"QUADRO 50 - Despesas com Documentação, Seguro e Outros Gastos com Veículos no Periodo de Referência de 6 Meses, e",5010,5010,TRANSFERÊNCIA DE CONSÓRCIO DE VEÍCULO,,,34007,34007,34007,Outros_transporte,5011,,,,
1995,50,"QUADRO 50 - Despesas com Documentação, Seguro e Outros Gastos com Veículos no Periodo de Referência de 6 Meses, e",5011,5011,PROPINA,,,41004,41004,41004,Pensoes_mesadas_e_doacoes,5012,,,,
1995,50,"QUADRO 50 - Despesas com Documentação, Seguro e Outros Gastos com Veículos no Periodo de Referência de 6 Meses, e",5012,5012,LEASING DE AUTOMÓVEL,,,34005,34005,34005,Aquisicao_de_veiculos,5098,,,,
1995,50,"QUADRO 50 - Despesas com Documentação, Seguro e Outros Gastos com Veículos no Periodo de Referência de 6 Meses, e",5098,5098,AGREGADO 34,,34004,34007,34004,34004,Manutencao_de_veiculo_proprio,5100,,,,
1995,51,QUADRO 51 - Despesas com Aquisição de Veículos no Período de Referência de 6 Meses.,5100,5100,DESPESAS COM AQUISIÇÃO DE VEÍCULOS,,34005,,34005,34005,Aquisicao_de_veiculos,5101,,,,
1995,51,QUADRO 51 - Despesas com Aquisição de Veículos no Período de Referência de 6 Meses.,5101,5101,AUTOMÓVEL DE PASSEIO NACIONAL NOVO,,34005,34005,34005,34005,Aquisicao_de_veiculos,5102,,,,
1995,51,QUADRO 51 - Despesas com Aquisição de Veículos no Período de Referência de 6 Meses.,5102,5102,BARCO,,34005,34005,34005,34005,Aquisicao_de_veiculos,5103,,,,
1995,51,QUADRO 51 - Despesas com Aquisição de Veículos no Período de Referência de 6 Meses.,5103,5103,BICICLETA,,34005,34005,34005,34005,Aquisicao_de_veiculos,5104,,,,
1995,51,QUADRO 51 - Despesas com Aquisição de Veículos no Período de Referência de 6 Meses.,5104,5104,MOTOCICLETA,,34005,34005,34005,34005,Aquisicao_de_veiculos,5105,,,,
1995,51,QUADRO 51 - Despesas com Aquisição de Veículos no Período de Referência de 6 Meses.,5105,5105,WINDSURF,,34005,34005,34005,34005,Aquisicao_de_veiculos,5106,,,,
1995,51,QUADRO 51 - Despesas com Aquisição de Veículos no Período de Referência de 6 Meses.,5106,5106,ASA DELTA,,34005,34005,34005,34005,Aquisicao_de_veiculos,5107,,,,
1995,51,QUADRO 51 - Despesas com Aquisição de Veículos no Período de Referência de 6 Meses.,5107,5107,TRAILLER,,34005,34005,34005,34005,Aquisicao_de_veiculos,5108,,,,
1995,51,QUADRO 51 - Despesas com Aquisição de Veículos no Período de Referência de 6 Meses.,5108,5108,ULTRALEVE,,34005,34005,34005,34005,Aquisicao_de_veiculos,5109,,,,
1995,51,QUADRO 51 - Despesas com Aquisição de Veículos no Período de Referência de 6 Meses.,5109,5109,CAIQUE,,34005,34005,34005,34005,Aquisicao_de_veiculos,5110,,,,
1995,51,QUADRO 51 - Despesas com Aquisição de Veículos no Período de Referência de 6 Meses.,5110,5110,AUTOMÓVEL UTILITARIO NACIONAL NOVO,,34005,34005,34005,34005,Aquisicao_de_veiculos,5111,,,,
1995,51,QUADRO 51 - Despesas com Aquisição de Veículos no Período de Referência de 6 Meses.,5111,5111,CAMINHÃO,,34005,34005,34005,34005,Aquisicao_de_veiculos,5112,,,,
1995,51,QUADRO 51 - Despesas com Aquisição de Veículos no Período de Referência de 6 Meses.,5112,5112,LANCHA,,34005,34005,34005,34005,Aquisicao_de_veiculos,5113,,,,
1995,51,QUADRO 51 - Despesas com Aquisição de Veículos no Período de Referência de 6 Meses.,5113,5113,JET SKI,,,34005,34005,34005,Aquisicao_de_veiculos,5120,,,,
1995,51,QUADRO 51 - Despesas com Aquisição de Veículos no Período de Referência de 6 Meses.,5120,5120,AUTOMÓVEL UTILITARIO IMPORTADO NOVO,,,34005,34005,34005,Aquisicao_de_veiculos,5121,,,,
1995,51,QUADRO 51 - Despesas com Aquisição de Veículos no Período de Referência de 6 Meses.,5121,5121,AUTOMÓVEL DE PASSEIO IMPORTADO NOVO,,,34005,34005,34005,Aquisicao_de_veiculos,5122,,,,
1995,51,QUADRO 51 - Despesas com Aquisição de Veículos no Período de Referência de 6 Meses.,5122,5122,VEÍCULO DE TRAÇÃO ANIMAL E ANIMAL DE TRAÇÃO,,,34005,34005,34005,Aquisicao_de_veiculos,5123,,,,
1995,51,QUADRO 51 - Despesas com Aquisição de Veículos no Período de Referência de 6 Meses.,5123,5123,WALK MACHINE,,,34005,34005,34005,Aquisicao_de_veiculos,5124,,,,
1995,51,QUADRO 51 - Despesas com Aquisição de Veículos no Período de Referência de 6 Meses.,5124,5124,KART,,,34005,34005,34005,Aquisicao_de_veiculos,5151,,,,
1995,51,QUADRO 51 - Despesas com Aquisição de Veículos no Período de Referência de 6 Meses.,5151,5151,AUTOMÓVEL DE PASSEIO OU UTILITARIO USADO,,,34005,34005,34005,Aquisicao_de_veiculos,5198,,,,
1995,51,QUADRO 51 - Despesas com Aquisição de Veículos no Período de Referência de 6 Meses.,5198,5198,AGREGADO 35,,34005,,34005,34005,Aquisicao_de_veiculos,5300,,,,
1995,53,QUADRO 53 - Rendimentos Recebidos e Deduções no Período de Referência de 6 meses,5300,5300,RENDIMENTOS RECEBIDOS E DEDUÇÕES,,47004,,47004,47004,Outros_renda,5301,,,,
1995,53,QUADRO 53 - Rendimentos Recebidos e Deduções no Período de Referência de 6 meses,5301,5301,EMPREGADO PRIVADO,,,44001,44001,44001,Empregado,5302,,,,
1995,53,QUADRO 53 - Rendimentos Recebidos e Deduções no Período de Referência de 6 meses,5302,5302,EMPREGADO PÚBLICO,,,44001,44001,44001,Empregado,5303,,,,
1995,53,QUADRO 53 - Rendimentos Recebidos e Deduções no Período de Referência de 6 meses,5303,5303,EMPREGADO DOMÉSTICO,,,44001,44001,44001,Empregado,5304,,,,
1995,53,QUADRO 53 - Rendimentos Recebidos e Deduções no Período de Referência de 6 meses,5304,5304,EMPREGADOR,,,44001,44001,44001,Empregado,5305,,,,
1995,53,QUADRO 53 - Rendimentos Recebidos e Deduções no Período de Referência de 6 meses,5305,5305,CONTA PRÓPRIA PERMANETE,,,,,44003,Conta_propria,5306,,,,
1995,53,QUADRO 53 - Rendimentos Recebidos e Deduções no Período de Referência de 6 meses,5306,5306,CONTA PRÓPRIA EVENTUAL,,,44003,44003,44003,Conta_propria,5311,,,,
1995,53,QUADRO 53 - Rendimentos Recebidos e Deduções no Período de Referência de 6 meses,5311,5311,APOSENTADORIA E PENSÃO DO INSTITUTO DE PREVIDENCIA PRIVADA (ABERTA OU FECHADA),,44001,41005,44001,45001,Aposentadoria_prev_publica,5312,,,,
1995,53,QUADRO 53 - Rendimentos Recebidos e Deduções no Período de Referência de 6 meses,5312,5312,"APOSENTADORIA, SUPLEMENTAÇÃO E COMPLEMENTAÇÃO DA PREVIDENCIA PRIVADA (ABERTA OU FECHADA)",,44002,41005,44002,45001,Aposentadoria_prev_publica,5313,,,,
1995,53,QUADRO 53 - Rendimentos Recebidos e Deduções no Período de Referência de 6 meses,5313,5313,BOLSA DE ESTUDO,,44003,45003,44003,45003,Bolsa_de_estudo,5314,,,,
1995,53,QUADRO 53 - Rendimentos Recebidos e Deduções no Período de Referência de 6 meses,5314,5314,"PENSÃO ALIMENTÍCIA, MESADA E DOAÇÃO",,,45004,45004,45004,Pensao_aliment_mesada_doacao,5321,,,,
1995,53,QUADRO 53 - Rendimentos Recebidos e Deduções no Período de Referência de 6 meses,5321,5321,"ALUGUEL, USO OU EXPLORAÇÃO DE BENS IMOVEIS",,45001,46001,45001,46001,Aluguel_de_bens_imoveis,5322,,,,
1995,53,QUADRO 53 - Rendimentos Recebidos e Deduções no Período de Referência de 6 meses,5322,5322,"ALUGUEL, USO OU EXPLORAÇÃO DE BENS MOVEIS",,45001,46002,45001,46001,Aluguel_de_bens_imoveis,5331,,,,
1995,53,QUADRO 53 - Rendimentos Recebidos e Deduções no Período de Referência de 6 meses,5331,5331,AUXÍLIO-ALIMENTAÇÃO,,46001,44001,46001,47004,Outros_renda,5332,,,,
1995,53,QUADRO 53 - Rendimentos Recebidos e Deduções no Período de Referência de 6 meses,5332,5332,AUXÍLIO-TRANSPORTE,,46001,44001,46001,47004,Outros_renda,5333,,,,
1995,53,QUADRO 53 - Rendimentos Recebidos e Deduções no Período de Referência de 6 meses,5333,5333,AUXÍLIO-COMBUSTÍVEL,,,44001,44001,47004,Outros_renda,5400,,,,
1995,54,"QUADRO 54- Outros Recebimentos, Receitas, Empréstimos e Dedução no Periodo de Referência de 6 meses; e",5400,5400,"OUTROS RECEBIMENTOS, RECEITAS, EMPRESTIMOS E DEDUÇÃO",,47004,,47004,47004,Outros_renda,5401,,,,
1995,54,"QUADRO 54- Outros Recebimentos, Receitas, Empréstimos e Dedução no Periodo de Referência de 6 meses; e",5401,5401,RENDIMENTO E ABONO PIS-PASEP,,47004,44001,47004,45005,Transferencias_transitorias,5402,,,,
1995,54,"QUADRO 54- Outros Recebimentos, Receitas, Empréstimos e Dedução no Periodo de Referência de 6 meses; e",5402,5402,"SAQUE DO PIS-PASEP, FGTS E INDENIZAÇÃO TRABALHISTA",,47004,44001,47004,45005,Transferencias_transitorias,5403,,,,
1995,54,"QUADRO 54- Outros Recebimentos, Receitas, Empréstimos e Dedução no Periodo de Referência de 6 meses; e",5403,5403,LUCRO DE NEGÓCIOS,,47004,47004,47004,47004,Outros_renda,5404,,,,
1995,54,"QUADRO 54- Outros Recebimentos, Receitas, Empréstimos e Dedução no Periodo de Referência de 6 meses; e",5404,5404,RESTITUIÇÃO DO IMOSTO DE RENDA,,47004,47004,47004,47004,Outros_renda,5405,,,,
1995,54,"QUADRO 54- Outros Recebimentos, Receitas, Empréstimos e Dedução no Periodo de Referência de 6 meses; e",5405,5405,HERANÇA E OUTRAS TRANSFERÊNCIAS PATRIMONIAIS,,47004,45005,47004,47004,Outros_renda,5406,,,,
1995,54,"QUADRO 54- Outros Recebimentos, Receitas, Empréstimos e Dedução no Periodo de Referência de 6 meses; e",5406,5406,PRÊMIO RESTITUÍDO E INDENIZAÇÃO PAGA POR SEGURADORA,,47004,45005,47004,47004,Outros_renda,5407,,,,
1995,54,"QUADRO 54- Outros Recebimentos, Receitas, Empréstimos e Dedução no Periodo de Referência de 6 meses; e",5407,5407,"GANHO EM JOGOS (LOTERIA, SENA, RASPADINHA, LOTO, ETC.) OU PREMIO",,,45005,45005,45005,Transferencias_transitorias,5408,,,,
1995,54,"QUADRO 54- Outros Recebimentos, Receitas, Empréstimos e Dedução no Periodo de Referência de 6 meses; e",5408,5408,VENDA DE AUTOMÓVEL,,,47001,47001,47001,Vendas_esporadicas,5409,,,,
1995,54,"QUADRO 54- Outros Recebimentos, Receitas, Empréstimos e Dedução no Periodo de Referência de 6 meses; e",5409,5409,VENDA DE IMÓVEL (EXCETO TERRENO),,,47001,47001,47001,Vendas_esporadicas,5410,,,,
1995,54,"QUADRO 54- Outros Recebimentos, Receitas, Empréstimos e Dedução no Periodo de Referência de 6 meses; e",5410,5410,GANHO COM VIAGEM A TRABALHO,,,47004,47004,47004,Outros_renda,5412,,,,
1995,54,"QUADRO 54- Outros Recebimentos, Receitas, Empréstimos e Dedução no Periodo de Referência de 6 meses; e",5412,5412,AUXÍLIO-NATALIDADE,,,45005,45005,45005,Transferencias_transitorias,5413,,,,
1995,54,"QUADRO 54- Outros Recebimentos, Receitas, Empréstimos e Dedução no Periodo de Referência de 6 meses; e",5413,5413,AUXÍLIO-DOENÇA (PREVIDÊNCIA PÚBLICA),,,45005,45005,45005,Transferencias_transitorias,5414,,,,
1995,54,"QUADRO 54- Outros Recebimentos, Receitas, Empréstimos e Dedução no Periodo de Referência de 6 meses; e",5414,5414,EMPRÉSTIMO,,,47002,47002,47002,Emprestimos,5415,,,,
1995,54,"QUADRO 54- Outros Recebimentos, Receitas, Empréstimos e Dedução no Periodo de Referência de 6 meses; e",5415,5415,DIVIDENDOS DE AÇÕES (DINHEIRO),,,47003,47003,47003,Aplicacoes_de_capital,5416,,,,
1995,54,"QUADRO 54- Outros Recebimentos, Receitas, Empréstimos e Dedução no Periodo de Referência de 6 meses; e",5416,5416,VENDA DE TERRENO,,,47001,47001,47001,Vendas_esporadicas,5423,,,,
1995,54,"QUADRO 54- Outros Recebimentos, Receitas, Empréstimos e Dedução no Periodo de Referência de 6 meses; e",5423,5423,SEGURO-DESEMPREGO,,,45005,45005,45005,Transferencias_transitorias,5424,,,,
1995,54,"QUADRO 54- Outros Recebimentos, Receitas, Empréstimos e Dedução no Periodo de Referência de 6 meses; e",5424,5424,AUXÍLIO-MATERNIDADE,,,45005,45005,45005,Transferencias_transitorias,5425,,,,
1995,54,"QUADRO 54- Outros Recebimentos, Receitas, Empréstimos e Dedução no Periodo de Referência de 6 meses; e",5425,5425,CRÉDITO-EDUCATIVO,,,47002,47002,47002,Emprestimos,5426,,,,
1995,54,"QUADRO 54- Outros Recebimentos, Receitas, Empréstimos e Dedução no Periodo de Referência de 6 meses; e",5426,5426,AUXÍLIO-SAÚDE,,,45005,45005,45005,Transferencias_transitorias,5427,,,,
1995,54,"QUADRO 54- Outros Recebimentos, Receitas, Empréstimos e Dedução no Periodo de Referência de 6 meses; e",5427,5427,AUXÍLIO-DOENÇA (PREVIDÊNCIA PRIVADA),,,45005,45005,45005,Transferencias_transitorias,5428,,,,
1995,54,"QUADRO 54- Outros Recebimentos, Receitas, Empréstimos e Dedução no Periodo de Referência de 6 meses; e",5428,5428,ACIDENTE DE TRABALHO (PREVIDÊNCIA PÚBLICA),,,45005,45005,45005,Transferencias_transitorias,5429,,,,
1995,54,"QUADRO 54- Outros Recebimentos, Receitas, Empréstimos e Dedução no Periodo de Referência de 6 meses; e",5429,5429,RESTITUIÇÃO DA PREVIDÊNCIA PÚBLICA,,,45001,45001,45001,Aposentadoria_prev_publica,5430,,,,
1995,54,"QUADRO 54- Outros Recebimentos, Receitas, Empréstimos e Dedução no Periodo de Referência de 6 meses; e",5430,5430,PENSIONISTA (RENDIMENTO),,,47004,47004,47004,Outros_renda,5431,,,,
1995,54,"QUADRO 54- Outros Recebimentos, Receitas, Empréstimos e Dedução no Periodo de Referência de 6 meses; e",5431,5431,JUROS DE EMPRÉSTIMOS,,,47002,47002,47002,Emprestimos,5432,,,,
1995,54,"QUADRO 54- Outros Recebimentos, Receitas, Empréstimos e Dedução no Periodo de Referência de 6 meses; e",5432,5432,AUXÍLIO-EDUCAÇÃO,,,45005,45005,45005,Transferencias_transitorias,5434,,,,
1995,54,"QUADRO 54- Outros Recebimentos, Receitas, Empréstimos e Dedução no Periodo de Referência de 6 meses; e",5434,5434,RESTITUIÇÃO JUDICIAL,,,47004,47004,47004,Outros_renda,5435,,,,
1995,54,"QUADRO 54- Outros Recebimentos, Receitas, Empréstimos e Dedução no Periodo de Referência de 6 meses; e",5435,5435,CAIXINHA,,,47003,47003,47003,Aplicacoes_de_capital,5436,,,,
1995,54,"QUADRO 54- Outros Recebimentos, Receitas, Empréstimos e Dedução no Periodo de Referência de 6 meses; e",5436,5436,AUXÍLIO-FUNERAL,,,45005,45005,45005,Transferencias_transitorias,5438,,,,
1995,54,"QUADRO 54- Outros Recebimentos, Receitas, Empréstimos e Dedução no Periodo de Referência de 6 meses; e",5438,5438,AUXÍLIO-VELHICE,,,45005,45005,45005,Transferencias_transitorias,5439,,,,
1995,54,"QUADRO 54- Outros Recebimentos, Receitas, Empréstimos e Dedução no Periodo de Referência de 6 meses; e",5439,5439,DINHEIRO ACHADO,,,47004,47004,47004,Outros_renda,5440,,,,
1995,54,"QUADRO 54- Outros Recebimentos, Receitas, Empréstimos e Dedução no Periodo de Referência de 6 meses; e",5440,5440,RESTITUIÇÃO DA PREVIDÊNCIA PRIVADA,,,45002,45002,45002,Aposentadoria_prev_privada,5441,,,,
1995,54,"QUADRO 54- Outros Recebimentos, Receitas, Empréstimos e Dedução no Periodo de Referência de 6 meses; e",5441,5441,SEGURO HABTITAÇÃO (RESTITUIÇÃO),,,47004,47004,47004,Outros_renda,5443,,,,
1995,54,"QUADRO 54- Outros Recebimentos, Receitas, Empréstimos e Dedução no Periodo de Referência de 6 meses; e",5443,5443,AUXÍLIO-TRATAMENTO,,,45005,45005,45005,Transferencias_transitorias,5444,,,,
1995,54,"QUADRO 54- Outros Recebimentos, Receitas, Empréstimos e Dedução no Periodo de Referência de 6 meses; e",5444,5444,"VENDA DE CONSÓRCIO, CARNE E OUTROS",,,47001,47001,47001,Vendas_esporadicas,5445,,,,
1995,54,"QUADRO 54- Outros Recebimentos, Receitas, Empréstimos e Dedução no Periodo de Referência de 6 meses; e",5445,5445,"DÉCIMO TERCEIRO SALARIO, FÉRIAS, ABONO DE FÉRIAS, ETC.",,,44001,44001,44001,Empregado,5446,,,,
1995,54,"QUADRO 54- Outros Recebimentos, Receitas, Empréstimos e Dedução no Periodo de Referência de 6 meses; e",5446,5446,TÍTULO DE CAPITALIZAÇÃO (RESGATE),,,47003,47003,47003,Aplicacoes_de_capital,5447,,,,
1995,54,"QUADRO 54- Outros Recebimentos, Receitas, Empréstimos e Dedução no Periodo de Referência de 6 meses; e",5447,5447,PARTICIPAÇÃO NOS LUCROS DE EMPRESA,,,44001,44001,44001,Empregado,5448,,,,
1995,54,"QUADRO 54- Outros Recebimentos, Receitas, Empréstimos e Dedução no Periodo de Referência de 6 meses; e",5448,5448,VENDA DE MATERIAL DE CONSTRUÇÃO,,,47001,47001,47001,Vendas_esporadicas,5449,,,,
1995,54,"QUADRO 54- Outros Recebimentos, Receitas, Empréstimos e Dedução no Periodo de Referência de 6 meses; e",5449,5449,VENDA DE VEÍCULO DE TRAÇÃO ANIMAL OU ANIMAL DE TRAÇÃO,,,47001,47001,47001,Vendas_esporadicas,5450,,,,
1995,54,"QUADRO 54- Outros Recebimentos, Receitas, Empréstimos e Dedução no Periodo de Referência de 6 meses; e",5450,5450,VENDA DE BICICLETA,,,47001,47001,47001,Vendas_esporadicas,5451,,,,
1995,54,"QUADRO 54- Outros Recebimentos, Receitas, Empréstimos e Dedução no Periodo de Referência de 6 meses; e",5451,5451,VENDA DE LINHA TELEFÔNICA,,,47001,47001,47001,Vendas_esporadicas,5452,,,,
1995,54,"QUADRO 54- Outros Recebimentos, Receitas, Empréstimos e Dedução no Periodo de Referência de 6 meses; e",5452,5452,COMISSÃO DE VENDA (ESPORADICA),,,47001,47001,47001,Vendas_esporadicas,5453,,,,
1995,54,"QUADRO 54- Outros Recebimentos, Receitas, Empréstimos e Dedução no Periodo de Referência de 6 meses; e",5453,5453,RESTITUIÇÃO DE CONVENIO DE SAÚDE,,,47004,47004,47004,Outros_renda,5454,,,,
1995,54,"QUADRO 54- Outros Recebimentos, Receitas, Empréstimos e Dedução no Periodo de Referência de 6 meses; e",5454,5454,RESTITUIÇÃO DE MULTA DE TRÂNSITO,,,47004,47004,47004,Outros_renda,5455,,,,
1995,54,"QUADRO 54- Outros Recebimentos, Receitas, Empréstimos e Dedução no Periodo de Referência de 6 meses; e",5455,5455,AUXÍLIO-MORADIA,,,47004,47004,47004,Outros_renda,5456,,,,
1995,54,"QUADRO 54- Outros Recebimentos, Receitas, Empréstimos e Dedução no Periodo de Referência de 6 meses; e",5456,5456,PRESENTE EM DINHEIRO (ESPORADICO),,,47004,47004,47004,Outros_renda,5457,,,,
1995,54,"QUADRO 54- Outros Recebimentos, Receitas, Empréstimos e Dedução no Periodo de Referência de 6 meses; e",5457,5457,RECEBIMENTO DE PECÚLIO,,,45002,45002,45002,Aposentadoria_prev_privada,5458,,,,
1995,54,"QUADRO 54- Outros Recebimentos, Receitas, Empréstimos e Dedução no Periodo de Referência de 6 meses; e",5458,5458,RESCISÃO CONTRATUAL,,,47004,47004,47004,Outros_renda,5459,,,,
1995,54,"QUADRO 54- Outros Recebimentos, Receitas, Empréstimos e Dedução no Periodo de Referência de 6 meses; e",5459,5459,RESTITUIÇÃO DE MATRÍCULA ESCOLAR,,,47004,47004,47004,Outros_renda,5490,,,,
1995,54,"QUADRO 54- Outros Recebimentos, Receitas, Empréstimos e Dedução no Periodo de Referência de 6 meses; e",5490,5490,IMPOSTO DE RENDA RETIDO NA FONTE E ANTECIPADO (CARNE LEÃO),,,,,47004,Outros_renda,5491,,,,
1995,54,"QUADRO 54- Outros Recebimentos, Receitas, Empréstimos e Dedução no Periodo de Referência de 6 meses; e",5491,5491,VENDA DE MOTOCICLETA,,,47001,47001,47001,Vendas_esporadicas,5492,,,,
1995,54,"QUADRO 54- Outros Recebimentos, Receitas, Empréstimos e Dedução no Periodo de Referência de 6 meses; e",5492,5492,RESTIRUIÇÃO DE DINHEIRO NA COMPRA POR CARNE,,,47004,47004,47004,Outros_renda,5497,,,,
1995,54,"QUADRO 54- Outros Recebimentos, Receitas, Empréstimos e Dedução no Periodo de Referência de 6 meses; e",5497,5497,AGREGADO 36,,,47004,47004,47004,Outros_renda,5500,,,,
1995,55,QUADRO 55 - Movimentação do Ativo Financeiro no Período de Referência de 6 meses,5500,5500,MOVIMENTAÇÃO DO ATIVO FINANCEIRO,,47003,,47003,41001,Impostos,5501,,,,
1995,55,QUADRO 55 - Movimentação do Ativo Financeiro no Período de Referência de 6 meses,5501,5501,POUPANÇA (DEPÓSITO),,47004,,47004,41001,Impostos,5502,,,,
1995,55,QUADRO 55 - Movimentação do Ativo Financeiro no Período de Referência de 6 meses,5502,5502,"FUNDO E DEPÓSITO DE APLICAÇÃO FINANCEIRA (CDB, RDB, COMMODITIES, ETC.)",,47004,,47004,41001,Impostos,5503,,,,
1995,55,QUADRO 55 - Movimentação do Ativo Financeiro no Período de Referência de 6 meses,5503,5503,AÇÕES (APLICAÇÃO),,44002,,44002,41001,Impostos,5504,,,,
1995,55,QUADRO 55 - Movimentação do Ativo Financeiro no Período de Referência de 6 meses,5504,5504,"OUTROS (OURO, MOEDAS ESTRANGEIRAS, ETC.) (APLICAÇÃO)",,47004,,47004,41001,Impostos,5511,,,,
1995,55,QUADRO 55 - Movimentação do Ativo Financeiro no Período de Referência de 6 meses,5511,5511,POUPANÇA (RETIRADA),,47004,,47004,41001,Impostos,5512,,,,
1995,55,QUADRO 55 - Movimentação do Ativo Financeiro no Período de Referência de 6 meses,5512,5512,"FUNDO DE APLICAÇÃO FINANCEIRA (CDB, RDB, COMMODITIES, ETC.) (RETIRADA OU RESGATE)",,45005,,45005,41001,Impostos,5513,,,,
1995,55,QUADRO 55 - Movimentação do Ativo Financeiro no Período de Referência de 6 meses,5513,5513,AÇÕES (RESGATE),,45005,,45005,41001,Impostos,5514,,,,
1995,55,QUADRO 55 - Movimentação do Ativo Financeiro no Período de Referência de 6 meses,5514,5514,"OUTROS (OURO, MOEDAS ESTRANGEIRAS, ETC.) (RESGATE)",,47004,47004,47004,41001,Impostos,5601,,,,
1995,56,QUADRO 56 - Deduções - IR,5601,5601,EMPREGADO PRIVADO (IR),,47004,41002,47004,41002,Contribuicoes_trabalhistas,5602,,,,
1995,56,QUADRO 56 - Deduções - IR,5602,5602,EMPREGADO PÚBLICO (IR),,47004,41002,47004,41002,Contribuicoes_trabalhistas,5603,,,,
1995,56,QUADRO 56 - Deduções - IR,5603,5603,EMPREGADO DOMÉSTICO (IR),,,41002,41002,41002,Contribuicoes_trabalhistas,5604,,,,
1995,56,QUADRO 56 - Deduções - IR,5604,5604,EMPREGADOR (IR),,,41002,41002,41002,Contribuicoes_trabalhistas,5605,,,,
1995,56,QUADRO 56 - Deduções - IR,5605,5605,CONTA PRÓPRIA PERMANENTE (IR),,,41002,41002,41002,Contribuicoes_trabalhistas,5606,,,,
1995,56,QUADRO 56 - Deduções - IR,5606,5606,CONTA PRÓPRIA EVENTUAL (IR),,,41002,41002,41002,Contribuicoes_trabalhistas,5611,,,,
1995,56,QUADRO 56 - Deduções - IR,5611,5611,APOSENTADORIA E PENSÃO DO INSTITUTO DE PREVIDENCIA,,,,,41002,Contribuicoes_trabalhistas,5612,,,,
1995,56,QUADRO 56 - Deduções - IR,5612,5612,"APOSENTADORIA, SUPLEMENTAÇÃO E COMPLEMENTAÇÃO DE PREVIDENCIA",,,,,41002,Contribuicoes_trabalhistas,5613,,,,
1995,56,QUADRO 56 - Deduções - IR,5613,5613,BOLSA DE ESTUDO (IR),,,,,41001,Impostos,5614,,,,
1995,56,QUADRO 56 - Deduções - IR,5614,5614,PENSÃO ALIMENTÍCIA MESADA E DOAÇÃO,,,,,41001,Impostos,5621,,,,
1995,56,QUADRO 56 - Deduções - IR,5621,5621,"ALUGUEL, USO OU EXPLORAÇÃO DE BENS IMOVEIS",,,,,41001,Impostos,5622,,,,
1995,56,QUADRO 56 - Deduções - IR,5622,5622,"ALUGUEL, USO OU EXPLORAÇÃO DE BENS MOVEIS",,,,,41001,Impostos,5631,,,,
1995,56,QUADRO 56 - Deduções - IR,5631,5631,AUXÍLIO-ALIMENTAÇÃO (IR),,,,,41001,Impostos,5632,,,,
1995,56,QUADRO 56 - Deduções - IR,5632,5632,AUXÍLIO-TRANSPORTE (IR),,,,,41001,Impostos,5633,,,,
1995,56,QUADRO 56 - Deduções - IR,5633,5633,AUXÍLIO-COMBUSTÍVEL(IR),,,,,41001,Impostos,5701,,,,
1995,57,QUADRO 57 - Deduções - INSS,5701,5701,EMPREGADO PRIVADO (INSS),,,41001,41001,41001,Impostos,5702,,,,
1995,57,QUADRO 57 - Deduções - INSS,5702,5702,EMPREGADO PÚBLICO (INSS),,,41001,41001,41001,Impostos,5703,,,,
1995,57,QUADRO 57 - Deduções - INSS,5703,5703,EMPREGADO DOMÉSTICO (INSS),,,41001,41001,41001,Impostos,5704,,,,
1995,57,QUADRO 57 - Deduções - INSS,5704,5704,EMPREGADOR (INSS),,,41001,41001,41001,Impostos,5705,,,,
1995,57,QUADRO 57 - Deduções - INSS,5705,5705,CONTA PRÓPRIA PERMANENTE (INSS),,,41001,41001,41001,Impostos,5706,,,,
1995,57,QUADRO 57 - Deduções - INSS,5706,5706,CONTA PRÓPRIA EVENTUAL (INSS),,,41001,41001,41001,Impostos,5711,,,,
1995,57,QUADRO 57 - Deduções - INSS,5711,5711,APOSENTADORIA E PENSÃO DO INSTITUTO DE PREVIDÊNCIA,,,,,41002,Contribuicoes_trabalhistas,5712,,,,
1995,57,QUADRO 57 - Deduções - INSS,5712,5712,"APOSENTADORIA, SUPLEMENTAÇÃO E COMPLEMENTAÇÃO",,,,,41002,Contribuicoes_trabalhistas,5713,,,,
1995,57,QUADRO 57 - Deduções - INSS,5713,5713,BOLSA DE ESTUDO (INSS),,,,,41001,Impostos,5714,,,,
1995,57,QUADRO 57 - Deduções - INSS,5714,5714,"PENSÃO ALIMENTÍCIA, MESADA E DOAÇÃO",,,,,41001,Impostos,5721,,,,
1995,57,QUADRO 57 - Deduções - INSS,5721,5721,"ALUGUEL, USO OU EXPLORAÇÃO DE BENS IMÓVEIS",,,,,41001,Impostos,5722,,,,
1995,57,QUADRO 57 - Deduções - INSS,5722,5722,"ALUGUEL, USO OU EXPLORAÇÃO DE BENS MÓVEIS",,,,,41001,Impostos,5731,,,,
1995,57,QUADRO 57 - Deduções - INSS,5731,5731,AUXÍLIO-ALIMENTAÇÃO (INSS),,,,,41001,Impostos,5732,,,,
1995,57,QUADRO 57 - Deduções - INSS,5732,5732,AUXÍLIO-TRANSPORTE (INSS),,,,,41001,Impostos,5733,,,,
1995,57,QUADRO 57 - Deduções - INSS,5733,5733,AUXÍLIO-COMBUSTÍVEL (INSS),,,,,41001,Impostos,5801,,,,
1995,58,QUADRO 58 -Deduções - Outras,5801,5801,EMPREGADO PRIVADO (OUTRAS),,,41001,41001,41002,Contribuicoes_trabalhistas,5802,,,,
1995,58,QUADRO 58 -Deduções - Outras,5802,5802,EMPREGADO PÚBLICO (OUTRAS),,,41001,41001,41002,Contribuicoes_trabalhistas,5803,,,,
1995,58,QUADRO 58 -Deduções - Outras,5803,5803,EMPREGADO DOMÉSTICO (OUTRAS),,,41001,41001,41002,Contribuicoes_trabalhistas,5804,,,,
1995,58,QUADRO 58 -Deduções - Outras,5804,5804,EMPREGADOR (OUTRAS),,,41001,41001,41002,Contribuicoes_trabalhistas,5805,,,,
1995,58,QUADRO 58 -Deduções - Outras,5805,5805,CONTA PROPRIA PERMANENTE (OUTRAS),,,41001,41001,41002,Contribuicoes_trabalhistas,5806,,,,
1995,58,QUADRO 58 -Deduções - Outras,5806,5806,CONTA PROPRIA EVENTUAL (OUTRAS),,,41001,41001,41002,Contribuicoes_trabalhistas,5811,,,,
1995,58,QUADRO 58 -Deduções - Outras,5811,5811,APOSENTADORIA E PENSÃO DO INSTITUTO,,,,,41001,Impostos,5812,,,,
1995,58,QUADRO 58 -Deduções - Outras,5812,5812,"APOSENTADORIA, SUPLEMENTAÇÃO E COMPLEMENTAÇÃO",,,,,41001,Impostos,5813,,,,
1995,58,QUADRO 58 -Deduções - Outras,5813,5813,BOLSA DE ESTUDO (OUTRAS),,,,,41001,Impostos,5814,,,,
1995,58,QUADRO 58 -Deduções - Outras,5814,5814,"PENSÃO ALIMENTÍCIA, MESADA E DOAÇÃO",,,,,41001,Impostos,5821,,,,
1995,58,QUADRO 58 -Deduções - Outras,5821,5821,"ALUGUEL, USO OU EXPLORAÇÃO DE BENS IMÓVEIS",,,,,41001,Impostos,5822,,,,
1995,58,QUADRO 58 -Deduções - Outras,5822,5822,"ALUGUEL, USO OU EXPLORAÇÃO DE BENS MÓVEIS",,,,,41001,Impostos,5831,,,,
1995,58,QUADRO 58 -Deduções - Outras,5831,5831,AUXÍLIO ALIMENTAÇÃO (OUTRAS),,,,,41001,Impostos,5832,,,,
1995,58,QUADRO 58 -Deduções - Outras,5832,5832,AUXÍLIO TRANSPORTE (OUTRAS),,,,,41001,Impostos,5833,,,,
1995,58,QUADRO 58 -Deduções - Outras,5833,5833,AUXÍLIO COMBUSTÍVEL (OUTRAS),,,,,41001,Impostos,6301,,,,
1995,63,"Grupo - Cereais, leguminosas e hortaliças tuberosas",6301,6301,ARROZ POLIDO,,1101,,1101,1101,x.x.x Arroz integralx.x.x Arroz não especificadox.x.x Arroz polido,6302,,,,
1995,63,"Grupo - Cereais, leguminosas e hortaliças tuberosas",6302,6302,ARROZ INTEGRAL,,1101,,1101,1101,x.x.x Arroz integralx.x.x Arroz não especificadox.x.x Arroz polido,6303,,,,
1995,63,"Grupo - Cereais, leguminosas e hortaliças tuberosas",6303,6303,ARROZ COM CASCA,,1101,,1101,1101,x.x.x Arroz integralx.x.x Arroz não especificadox.x.x Arroz polido,6304,,,,
1995,63,"Grupo - Cereais, leguminosas e hortaliças tuberosas",6304,6304,AVEIA EM GRÃO,,1103,,1103,1103,x.x.x Outros,6305,,,,
1995,63,"Grupo - Cereais, leguminosas e hortaliças tuberosas",6305,6305,CENTEIO EM GRÃO,,1103,,1103,1103,x.x.x Outros,6306,,,,
1995,63,"Grupo - Cereais, leguminosas e hortaliças tuberosas",6306,6306,CEVADA EM GRÃO,,1103,,1103,1103,x.x.x Outros,6307,,,,
1995,63,"Grupo - Cereais, leguminosas e hortaliças tuberosas",6307,6307,MILHO EM GRÃO,,1102,,1102,1102,x.x.x Milho secox.x.x Milho em grãox.x.x Milho verde em conservax.x.x Milho verde em espiga,6308,,,,
1995,63,"Grupo - Cereais, leguminosas e hortaliças tuberosas",6308,6308,MILHO VERDE EM ESPIGA,,1102,,1102,1102,x.x.x Milho secox.x.x Milho em grãox.x.x Milho verde em conservax.x.x Milho verde em espiga,6309,,,,
1995,63,"Grupo - Cereais, leguminosas e hortaliças tuberosas",6309,6309,TRIGO EM GRÃO,,1103,,1103,1103,x.x.x Outros,6310,,,,
1995,63,"Grupo - Cereais, leguminosas e hortaliças tuberosas",6310,6310,AMENDOIM EM GRÃO (IN NATURA),,1103,,1103,1103,x.x.x Outros,6311,,,,
1995,63,"Grupo - Cereais, leguminosas e hortaliças tuberosas",6311,6311,ERVILHA EM GRÃO,,1103,,1103,1103,x.x.x Outros,6312,,,,
1995,63,"Grupo - Cereais, leguminosas e hortaliças tuberosas",6312,6312,FAVA EM GRÃO,,1208,,1208,1208,x.x.x Outros feijões,6313,,,,
1995,63,"Grupo - Cereais, leguminosas e hortaliças tuberosas",6313,6313,FEIJÃO MANTEIGA,,1203,,1203,1203,x.x.x Feijão-manteiga,6314,,,,
1995,63,"Grupo - Cereais, leguminosas e hortaliças tuberosas",6314,6314,FEIJÃO MULATINHO,,1204,,1204,1204,x.x.x Feijão-mulatinho,6315,,,,
1995,63,"Grupo - Cereais, leguminosas e hortaliças tuberosas",6315,6315,FEIJÃO PRETO,,1205,,1205,1205,x.x.x Feijão-preto,6316,,,,
1995,63,"Grupo - Cereais, leguminosas e hortaliças tuberosas",6316,6316,FEIJÃO FRADINHO,,1201,,1201,1201,x.x.x Feijão-fradinho,6317,,,,
1995,63,"Grupo - Cereais, leguminosas e hortaliças tuberosas",6317,6317,FEIJÃO JALO,,1202,,1202,1202,x.x.x Feijão-jalo,6318,,,,
1995,63,"Grupo - Cereais, leguminosas e hortaliças tuberosas",6318,6318,FEIJÃO MANGALO,,1208,,1208,1208,x.x.x Outros feijões,6319,,,,
1995,63,"Grupo - Cereais, leguminosas e hortaliças tuberosas",6319,6319,FEIJÃO ROXO,,1207,,1207,1207,x.x.x Feijão-roxo,6320,,,,
1995,63,"Grupo - Cereais, leguminosas e hortaliças tuberosas",6320,6320,FEIJÃO RAPÉ,,1208,,1208,1208,x.x.x Outros feijões,6321,,,,
1995,63,"Grupo - Cereais, leguminosas e hortaliças tuberosas",6321,6321,FEIJÃO RAJADO,,1206,,1206,1206,x.x.x Feijão-rajado,6322,,,,
1995,63,"Grupo - Cereais, leguminosas e hortaliças tuberosas",6322,6322,FEIJÃO ROSINHA,,1208,,1208,1208,x.x.x Outros feijões,6323,,,,
1995,63,"Grupo - Cereais, leguminosas e hortaliças tuberosas",6323,6323,FEIJÃO ENXOFRE,,1208,,1208,1208,x.x.x Outros feijões,6324,,,,
1995,63,"Grupo - Cereais, leguminosas e hortaliças tuberosas",6324,6324,FEIJÃO PARDO,,1208,,1208,1208,x.x.x Outros feijões,6325,,,,
1995,63,"Grupo - Cereais, leguminosas e hortaliças tuberosas",6325,6325,FEIJÃO CHUMBINHO,,1208,,1208,1208,x.x.x Outros feijões,6326,,,,
1995,63,"Grupo - Cereais, leguminosas e hortaliças tuberosas",6326,6326,GUANDO,,1208,,1208,1208,x.x.x Outros feijões,6327,,,,
1995,63,"Grupo - Cereais, leguminosas e hortaliças tuberosas",6327,6327,TREMOÇO,,1209,,1209,1209,x.x.x Outras,6328,,,,
1995,63,"Grupo - Cereais, leguminosas e hortaliças tuberosas",6328,6328,GRÃO DE BICO,,1209,,1209,1209,x.x.x Outras,6329,,,,
1995,63,"Grupo - Cereais, leguminosas e hortaliças tuberosas",6329,6329,LENTILHA,,1209,,1209,1209,x.x.x Outras,6330,,,,
1995,63,"Grupo - Cereais, leguminosas e hortaliças tuberosas",6330,6330,SOJA EM GRÃO,,1209,,1209,1209,x.x.x Outras,6331,,,,
1995,63,"Grupo - Cereais, leguminosas e hortaliças tuberosas",6331,6331,FEIJÃO (NÃO ESPECIFICADO),,1208,,1208,1208,x.x.x Outros feijões,6332,,,,
1995,63,"Grupo - Cereais, leguminosas e hortaliças tuberosas",6332,6332,SEMENTE DE ABÓBORA,,1209,,1209,1209,x.x.x Outras,6333,,,,
1995,63,"Grupo - Cereais, leguminosas e hortaliças tuberosas",6333,6333,ARROZ PRÉ-COZIDO,,1101,,1101,1101,x.x.x Arroz integralx.x.x Arroz não especificadox.x.x Arroz polido,6335,,,,
1995,63,"Grupo - Cereais, leguminosas e hortaliças tuberosas",6335,6335,SEMENTE DE GERGELIM,,1103,,1103,1103,x.x.x Outros,6336,,,,
1995,63,"Grupo - Cereais, leguminosas e hortaliças tuberosas",6336,6336,FEIJÃO ADZUKI,,1208,,1208,1208,x.x.x Outros feijões,6337,,,,
1995,63,"Grupo - Cereais, leguminosas e hortaliças tuberosas",6337,6337,ARROZ ESPECIAL (JAPONÊS),,1103,,1103,1103,x.x.x Outros,6351,,,,
1995,63,"Grupo - Cereais, leguminosas e hortaliças tuberosas",6351,6351,BATATA INGLESA,,2303,,2303,2303,x.x.x Batata-inglesa,6352,,,,
1995,63,"Grupo - Cereais, leguminosas e hortaliças tuberosas",6352,6352,ARARUTA,,2304,,2304,2304,x.x.x Batata não especificadax.x.x Batata-baroax.x.x Batata-aipo,6353,,,,
1995,63,"Grupo - Cereais, leguminosas e hortaliças tuberosas",6353,6353,BATATA BAROA,,2304,,2304,2304,x.x.x Batata não especificadax.x.x Batata-baroax.x.x Batata-aipo,6354,,,,
1995,63,"Grupo - Cereais, leguminosas e hortaliças tuberosas",6354,6354,BATATA DOCE,,2302,,2302,2302,x.x.x Batata-doce,6355,,,,
1995,63,"Grupo - Cereais, leguminosas e hortaliças tuberosas",6355,6355,INHAME,,2307,,2307,2307,x.x.x Inhame,6356,,,,
1995,63,"Grupo - Cereais, leguminosas e hortaliças tuberosas",6356,6356,MANDIOCA,,2308,,2308,2308,x.x.xx Mandioca,6357,,,,
1995,63,"Grupo - Cereais, leguminosas e hortaliças tuberosas",6357,6357,CARA,,2309,,2309,2309,x.x.xx Outrasx.x.x Cará,6358,,,,
1995,63,"Grupo - Cereais, leguminosas e hortaliças tuberosas",6358,6358,MANGARITO,,2309,,2309,2309,x.x.xx Outrasx.x.x Cará,6359,,,,
1995,63,"Grupo - Cereais, leguminosas e hortaliças tuberosas",6359,6359,BATATA AIPÓ,,2304,,2304,2304,x.x.x Batata não especificadax.x.x Batata-baroax.x.x Batata-aipo,6360,,,,
1995,63,"Grupo - Cereais, leguminosas e hortaliças tuberosas",6360,6360,RABANETE,,2304,,2304,2304,x.x.x Batata não especificadax.x.x Batata-baroax.x.x Batata-aipo,6361,,,,
1995,63,"Grupo - Cereais, leguminosas e hortaliças tuberosas",6361,6361,BETERRABA,,2305,,2305,2305,x.x.x Beterraba,6362,,,,
1995,63,"Grupo - Cereais, leguminosas e hortaliças tuberosas",6362,6362,CENOURA,,2306,,2306,2306,x.x.x Cenoura,6363,,,,
1995,63,"Grupo - Cereais, leguminosas e hortaliças tuberosas",6363,6363,NABO,,2309,,2309,2309,x.x.xx Outrasx.x.x Cará,6364,,,,
1995,63,"Grupo - Cereais, leguminosas e hortaliças tuberosas",6364,6364,NABICA,,2309,,2309,2309,x.x.xx Outrasx.x.x Cará,6365,,,,
1995,63,"Grupo - Cereais, leguminosas e hortaliças tuberosas",6365,6365,GOBO,,2309,,2309,2309,x.x.xx Outrasx.x.x Cará,6366,,,,
1995,63,"Grupo - Cereais, leguminosas e hortaliças tuberosas",6366,6366,AÇAFRÃO,,2309,,2309,2309,x.x.xx Outrasx.x.x Cará,6401,,,,
1995,64,"Grupo - Farinhas, féculas, massas, cocos, castanhas e nozes",6401,6401,CREME DE ARROZ,,5206,,5206,5206,x.x.x Flocos de cerealx.x.x Flocos de aveiax.x.x Flocos de outros cereaisx.x.x Outras,6402,,,,
1995,64,"Grupo - Farinhas, féculas, massas, cocos, castanhas e nozes",6402,6402,FLOCOS DE ARROZ,,5206,,5206,5206,x.x.x Flocos de cerealx.x.x Flocos de aveiax.x.x Flocos de outros cereaisx.x.x Outras,6403,,,,
1995,64,"Grupo - Farinhas, féculas, massas, cocos, castanhas e nozes",6403,6403,FARINHA DE ARROZ,,5105,,5105,5105,x.x.x Outras,6404,,,,
1995,64,"Grupo - Farinhas, féculas, massas, cocos, castanhas e nozes",6404,6404,AVEIA EM FLOCOS,,5206,,5206,5206,x.x.x Flocos de cerealx.x.x Flocos de aveiax.x.x Flocos de outros cereaisx.x.x Outras,6405,,,,
1995,64,"Grupo - Farinhas, féculas, massas, cocos, castanhas e nozes",6405,6405,FARINHA DE CENTEIO,,5105,,5105,5105,x.x.x Outras,6406,,,,
1995,64,"Grupo - Farinhas, féculas, massas, cocos, castanhas e nozes",6406,6406,FUBA DE MILHO,,5202,,5202,5202,x.x.x Fubá de milho x.x.x Creme de milho,6407,,,,
1995,64,"Grupo - Farinhas, féculas, massas, cocos, castanhas e nozes",6407,6407,MAIZENA,,5201,,5201,5201,x.x.x Amido de milho,6408,,,,
1995,64,"Grupo - Farinhas, féculas, massas, cocos, castanhas e nozes",6408,6408,CREMOGEMA,,5206,,5206,5206,x.x.x Flocos de cerealx.x.x Flocos de aveiax.x.x Flocos de outros cereaisx.x.x Outras,6409,,,,
1995,64,"Grupo - Farinhas, féculas, massas, cocos, castanhas e nozes",6409,6409,FLOCOS DE MILHO,,5204,,5204,5204,x.x.x Flocos de milho,6410,,,,
1995,64,"Grupo - Farinhas, féculas, massas, cocos, castanhas e nozes",6410,6410,FARINHA DE TRIGO,,5103,,5103,5103,x.x.x Farinha de trigo,6411,,,,
1995,64,"Grupo - Farinhas, féculas, massas, cocos, castanhas e nozes",6411,6411,FARINHA DE ROSCA,,5102,,5102,5102,x.x.x Farinha de rosca,6412,,,,
1995,64,"Grupo - Farinhas, féculas, massas, cocos, castanhas e nozes",6412,6412,FARINHA DE QUIBE,,5105,,5105,5105,x.x.x Outras,6413,,,,
1995,64,"Grupo - Farinhas, féculas, massas, cocos, castanhas e nozes",6413,6413,"GERME, GLUTEM E FIBRA DE TRIGO",,5105,,5105,5105,x.x.x Outras,6414,,,,
1995,64,"Grupo - Farinhas, féculas, massas, cocos, castanhas e nozes",6414,6414,FARINHA DE MANDIOCA,,5101,,5101,5101,x.x.x Farinha de mandioca,6415,,,,
1995,64,"Grupo - Farinhas, féculas, massas, cocos, castanhas e nozes",6415,6415,FÉCULA DE MANDIOCA,,5203,,5203,5203,x.x.x Fécula de mandioca,6416,,,,
1995,64,"Grupo - Farinhas, féculas, massas, cocos, castanhas e nozes",6416,6416,FÉCULA DE BATATA,,5206,,5206,5206,x.x.x Flocos de cerealx.x.x Flocos de aveiax.x.x Flocos de outros cereaisx.x.x Outras,6417,,,,
1995,64,"Grupo - Farinhas, féculas, massas, cocos, castanhas e nozes",6417,6417,FARINHA DE ARARUTA,,5105,,5105,5105,x.x.x Outras,6418,,,,
1995,64,"Grupo - Farinhas, féculas, massas, cocos, castanhas e nozes",6418,6418,FÉCULA DE ARARUTA,,5206,,5206,5206,x.x.x Flocos de cerealx.x.x Flocos de aveiax.x.x Flocos de outros cereaisx.x.x Outras,6419,,,,
1995,64,"Grupo - Farinhas, féculas, massas, cocos, castanhas e nozes",6419,6419,FARINHA DE SOJA,,5105,,5105,5105,x.x.x Outras,6420,,,,
1995,64,"Grupo - Farinhas, féculas, massas, cocos, castanhas e nozes",6420,6420,FARINHA LACTEA,,5104,,5104,5104,x.x.x Farinha vitaminada,6421,,,,
1995,64,"Grupo - Farinhas, féculas, massas, cocos, castanhas e nozes",6421,6421,NESTON,,5206,,5206,5206,x.x.x Flocos de cerealx.x.x Flocos de aveiax.x.x Flocos de outros cereaisx.x.x Outras,6422,,,,
1995,64,"Grupo - Farinhas, féculas, massas, cocos, castanhas e nozes",6422,6422,MASSA DE PÃO COMUM,,5303,,5303,5303,x.x.x Massa de pizzax.x.x Outrasx.x.x Massa de lasanha,6423,,,,
1995,64,"Grupo - Farinhas, féculas, massas, cocos, castanhas e nozes",6423,6423,MASSA DE PÃO DE QUEIJO,,5303,,5303,5303,x.x.x Massa de pizzax.x.x Outrasx.x.x Massa de lasanha,6424,,,,
1995,64,"Grupo - Farinhas, féculas, massas, cocos, castanhas e nozes",6424,6424,MASSA DE PIZZA,,5303,,5303,5303,x.x.x Massa de pizzax.x.x Outrasx.x.x Massa de lasanha,6425,,,,
1995,64,"Grupo - Farinhas, féculas, massas, cocos, castanhas e nozes",6425,6425,MASSA DE TORTA,,5303,,5303,5303,x.x.x Massa de pizzax.x.x Outrasx.x.x Massa de lasanha,6426,,,,
1995,64,"Grupo - Farinhas, féculas, massas, cocos, castanhas e nozes",6426,6426,MASSA DE PASTEL,,5302,,5302,5302,x.x.x Massa de pastel,6427,,,,
1995,64,"Grupo - Farinhas, féculas, massas, cocos, castanhas e nozes",6427,6427,MASSA DE NHOQUE,,5303,,5303,5303,x.x.x Massa de pizzax.x.x Outrasx.x.x Massa de lasanha,6428,,,,
1995,64,"Grupo - Farinhas, féculas, massas, cocos, castanhas e nozes",6428,6428,MASSA DE RAVIOLE,,5303,,5303,5303,x.x.x Massa de pizzax.x.x Outrasx.x.x Massa de lasanha,6429,,,,
1995,64,"Grupo - Farinhas, féculas, massas, cocos, castanhas e nozes",6429,6429,MASSA DE LASANHA,,5303,,5303,5303,x.x.x Massa de pizzax.x.x Outrasx.x.x Massa de lasanha,6430,,,,
1995,64,"Grupo - Farinhas, féculas, massas, cocos, castanhas e nozes",6430,6430,MASSA DE CANELONE,,5303,,5303,5303,x.x.x Massa de pizzax.x.x Outrasx.x.x Massa de lasanha,6431,,,,
1995,64,"Grupo - Farinhas, féculas, massas, cocos, castanhas e nozes",6431,6431,MASSA DE CAPELETI,,5303,,5303,5303,x.x.x Massa de pizzax.x.x Outrasx.x.x Massa de lasanha,6432,,,,
1995,64,"Grupo - Farinhas, féculas, massas, cocos, castanhas e nozes",6432,6432,MACARRÃO SEM OVOS,,5301,,5301,5301,x.x.x Macarrão com ovosx.x.x Macarrão não especificadox.x.x Macarrão sem ovos,6433,,,,
1995,64,"Grupo - Farinhas, féculas, massas, cocos, castanhas e nozes",6433,6433,MACARRÃO COM OVOS,,5301,,5301,5301,x.x.x Macarrão com ovosx.x.x Macarrão não especificadox.x.x Macarrão sem ovos,6434,,,,
1995,64,"Grupo - Farinhas, féculas, massas, cocos, castanhas e nozes",6434,6434,MACARRÃO (NÃO ESPECIFICADO),,5301,,5301,5301,x.x.x Macarrão com ovosx.x.x Macarrão não especificadox.x.x Macarrão sem ovos,6435,,,,
1995,64,"Grupo - Farinhas, féculas, massas, cocos, castanhas e nozes",6435,6435,PURÊ DE BATATA EM CAIXA,,16103,,16103,16103,xx.x.x Outros produtos,6436,,,,
1995,64,"Grupo - Farinhas, féculas, massas, cocos, castanhas e nozes",6436,6436,BIFE VEGETAL,,5303,,5303,5303,x.x.x Massa de pizzax.x.x Outrasx.x.x Massa de lasanha,6437,,,,
1995,64,"Grupo - Farinhas, féculas, massas, cocos, castanhas e nozes",6437,6437,OUTRAS FARINHAS,,5105,,5105,5105,x.x.x Outras,6439,,,,
1995,64,"Grupo - Farinhas, féculas, massas, cocos, castanhas e nozes",6439,6439,MANDIOPÂ,,5105,,5105,5105,x.x.x Outras,6442,,,,
1995,64,"Grupo - Farinhas, féculas, massas, cocos, castanhas e nozes",6442,6442,MASSA DE COXINHA,,5303,,5303,5303,x.x.x Massa de pizzax.x.x Outrasx.x.x Massa de lasanha,6443,,,,
1995,64,"Grupo - Farinhas, féculas, massas, cocos, castanhas e nozes",6443,6443,MASSA DE ROTOLONE (SEMIPRONTA),,5105,,5105,5105,x.x.x Outras,6444,,,,
1995,64,"Grupo - Farinhas, féculas, massas, cocos, castanhas e nozes",6444,6444,GRANOLA (FLOCOS DE CEREAL),,5105,,5105,5105,x.x.x Outras,6451,,,,
1995,64,"Grupo - Farinhas, féculas, massas, cocos, castanhas e nozes",6451,6451,COCO DA BAHIA (SECO OU VERDE),,4103,,4103,4103,x.x.x Coco-da-baía,6452,,,,
1995,64,"Grupo - Farinhas, féculas, massas, cocos, castanhas e nozes",6452,6452,COCO RALADO INDUSTRIALIZADO,,4104,,4104,4104,x.x.x Outros,6453,,,,
1995,64,"Grupo - Farinhas, féculas, massas, cocos, castanhas e nozes",6453,6453,CASTANHA PORTUGUESA,,4104,,4104,4104,x.x.x Outros,6454,,,,
1995,64,"Grupo - Farinhas, féculas, massas, cocos, castanhas e nozes",6454,6454,PINHÃO,,4104,,4104,4104,x.x.x Outros,6455,,,,
1995,64,"Grupo - Farinhas, féculas, massas, cocos, castanhas e nozes",6455,6455,AMENDOA,,4104,,4104,4104,x.x.x Outros,6456,,,,
1995,64,"Grupo - Farinhas, féculas, massas, cocos, castanhas e nozes",6456,6456,AVELÃ,,4104,,4104,4104,x.x.x Outros,6457,,,,
1995,64,"Grupo - Farinhas, féculas, massas, cocos, castanhas e nozes",6457,6457,CASTANHA DO PARA,,4104,,4104,4104,x.x.x Outros,6458,,,,
1995,64,"Grupo - Farinhas, féculas, massas, cocos, castanhas e nozes",6458,6458,CASTANHA DE CAJÚ,,4104,,4104,4104,x.x.x Outros,6459,,,,
1995,64,"Grupo - Farinhas, féculas, massas, cocos, castanhas e nozes",6459,6459,COCO DO OURICURI,,4104,,4104,4104,x.x.x Outros,6460,,,,
1995,64,"Grupo - Farinhas, féculas, massas, cocos, castanhas e nozes",6460,6460,COCO DE BABAÇU,,4104,,4104,4104,x.x.x Outros,6461,,,,
1995,64,"Grupo - Farinhas, féculas, massas, cocos, castanhas e nozes",6461,6461,COCO DE TUCUM,,4104,,4104,4104,x.x.x Outros,6462,,,,
1995,64,"Grupo - Farinhas, féculas, massas, cocos, castanhas e nozes",6462,6462,COCO MACAUBA,,4104,,4104,4104,x.x.x Outros,6463,,,,
1995,64,"Grupo - Farinhas, féculas, massas, cocos, castanhas e nozes",6463,6463,COCO DENDE,,4104,,4104,4104,x.x.x Outros,6464,,,,
1995,64,"Grupo - Farinhas, féculas, massas, cocos, castanhas e nozes",6464,6464,COCO BABAO,,4104,,4104,4104,x.x.x Outros,6465,,,,
1995,64,"Grupo - Farinhas, féculas, massas, cocos, castanhas e nozes",6465,6465,NOZ (NOGUEIRA),,4104,,4104,4104,x.x.x Outros,6466,,,,
1995,64,"Grupo - Farinhas, féculas, massas, cocos, castanhas e nozes",6466,6466,COCO INAJA,,4104,,4104,4104,x.x.x Outros,6467,,,,
1995,64,"Grupo - Farinhas, féculas, massas, cocos, castanhas e nozes",6467,6467,AÇAÍ (EMULSÃO),,4101,,4101,4101,x.x.x Coco-açaí em pastax.x.x Açaí (emulsão),6468,,,,
1995,64,"Grupo - Farinhas, féculas, massas, cocos, castanhas e nozes",6468,6468,COCO DE PUPUNHA,,4104,,4104,4104,x.x.x Outros,6469,,,,
1995,64,"Grupo - Farinhas, féculas, massas, cocos, castanhas e nozes",6469,6469,COCO BACABA,,4104,,4104,4104,x.x.x Outros,6470,,,,
1995,64,"Grupo - Farinhas, féculas, massas, cocos, castanhas e nozes",6470,6470,CASTANHA DA INDIA,,4104,,4104,4104,x.x.x Outros,6471,,,,
1995,64,"Grupo - Farinhas, féculas, massas, cocos, castanhas e nozes",6471,6471,COCO BURITI,,,,,4104,x.x.x Outros,6501,,,,
1995,65,"Grupo - Hortaliças folhosas, frutosas e outras",6501,6501,ALFACE,,2102,,2102,2102,x.x.x Alface,6502,,,,
1995,65,"Grupo - Hortaliças folhosas, frutosas e outras",6502,6502,BERTALHA,,2107,,2107,2107,x.x.x Outrasx.x.x Acelga,6503,,,,
1995,65,"Grupo - Hortaliças folhosas, frutosas e outras",6503,6503,CHICÓRIA,,2107,,2107,2107,x.x.x Outrasx.x.x Acelga,6504,,,,
1995,65,"Grupo - Hortaliças folhosas, frutosas e outras",6504,6504,COENTRO (VERDURA),,2107,,2107,2107,x.x.x Outrasx.x.x Acelga,6505,,,,
1995,65,"Grupo - Hortaliças folhosas, frutosas e outras",6505,6505,COUVE,,2104,,2104,2104,x.x.x Couvex.x.x Couve-brócolis,6506,,,,
1995,65,"Grupo - Hortaliças folhosas, frutosas e outras",6506,6506,COUVE-FLOR,,2105,,2105,2105,x.x.x Couve-flor,6507,,,,
1995,65,"Grupo - Hortaliças folhosas, frutosas e outras",6507,6507,ESPINAFRE,,2107,,2107,2107,x.x.x Outrasx.x.x Acelga,6508,,,,
1995,65,"Grupo - Hortaliças folhosas, frutosas e outras",6508,6508,MOSTARDA (VERDURA),,2107,,2107,2107,x.x.x Outrasx.x.x Acelga,6509,,,,
1995,65,"Grupo - Hortaliças folhosas, frutosas e outras",6509,6509,REPOLHO,,2106,,2106,2106,x.x.x Repolho frescox.x.x Repolho,6510,,,,
1995,65,"Grupo - Hortaliças folhosas, frutosas e outras",6510,6510,SALSA,,2107,,2107,2107,x.x.x Outrasx.x.x Acelga,6511,,,,
1995,65,"Grupo - Hortaliças folhosas, frutosas e outras",6511,6511,CEBOLINHA,,2107,,2107,2107,x.x.x Outrasx.x.x Acelga,6512,,,,
1995,65,"Grupo - Hortaliças folhosas, frutosas e outras",6512,6512,CHEIRO VERDE (QUALQUER COMBINAÇÃO DE HORTALIÇAS DE TEMPERO),,2103,,2103,2103,x.x.x Cheiro-verde,6513,,,,
1995,65,"Grupo - Hortaliças folhosas, frutosas e outras",6513,6513,AGRIÃO,,2101,,2101,2101,x.x.x Agrião,6514,,,,
1995,65,"Grupo - Hortaliças folhosas, frutosas e outras",6514,6514,TAIOBA,,2107,,2107,2107,x.x.x Outrasx.x.x Acelga,6515,,,,
1995,65,"Grupo - Hortaliças folhosas, frutosas e outras",6515,6515,ACELGA,,2107,,2107,2107,x.x.x Outrasx.x.x Acelga,6516,,,,
1995,65,"Grupo - Hortaliças folhosas, frutosas e outras",6516,6516,ALMEIRÃO,,2107,,2107,2107,x.x.x Outrasx.x.x Acelga,6517,,,,
1995,65,"Grupo - Hortaliças folhosas, frutosas e outras",6517,6517,COUVE - BRÓCOLIS,,2104,,2104,2104,x.x.x Couvex.x.x Couve-brócolis,6518,,,,
1995,65,"Grupo - Hortaliças folhosas, frutosas e outras",6518,6518,SERRALHA,,2107,,2107,2107,x.x.x Outrasx.x.x Acelga,6519,,,,
1995,65,"Grupo - Hortaliças folhosas, frutosas e outras",6519,6519,CARURU,,2107,,2107,2107,x.x.x Outrasx.x.x Acelga,6520,,,,
1995,65,"Grupo - Hortaliças folhosas, frutosas e outras",6520,6520,RÚCULA,,2107,,2107,2107,x.x.x Outrasx.x.x Acelga,6521,,,,
1995,65,"Grupo - Hortaliças folhosas, frutosas e outras",6521,6521,JAMBUAÇÚ,,2107,,2107,2107,x.x.x Outrasx.x.x Acelga,6522,,,,
1995,65,"Grupo - Hortaliças folhosas, frutosas e outras",6522,6522,LÍNGUA DE VACA (HORTALIÇA),,2107,,2107,2107,x.x.x Outrasx.x.x Acelga,6523,,,,
1995,65,"Grupo - Hortaliças folhosas, frutosas e outras",6523,6523,ALCACHOFRA,,2107,,2107,2107,x.x.x Outrasx.x.x Acelga,6524,,,,
1995,65,"Grupo - Hortaliças folhosas, frutosas e outras",6524,6524,SAMAMBAIA DO CAMPO,,2107,,2107,2107,x.x.x Outrasx.x.x Acelga,6525,,,,
1995,65,"Grupo - Hortaliças folhosas, frutosas e outras",6525,6525,BREDO,,2107,,2107,2107,x.x.x Outrasx.x.x Acelga,6526,,,,
1995,65,"Grupo - Hortaliças folhosas, frutosas e outras",6526,6526,AIPO,,2107,,2107,2107,x.x.x Outrasx.x.x Acelga,6528,,,,
1995,65,"Grupo - Hortaliças folhosas, frutosas e outras",6528,6528,ERVA DOCE,,2107,,2107,2107,x.x.x Outrasx.x.x Acelga,6529,,,,
1995,65,"Grupo - Hortaliças folhosas, frutosas e outras",6529,6529,FOLHA DE BETERRABA,,2107,,2107,2107,x.x.x Outrasx.x.x Acelga,6530,,,,
1995,65,"Grupo - Hortaliças folhosas, frutosas e outras",6530,6530,FOLHA DE MANDIOCA,,2107,,2107,2107,x.x.x Outrasx.x.x Acelga,6531,,,,
1995,65,"Grupo - Hortaliças folhosas, frutosas e outras",6531,6531,BROTO DE FEIJÃO,,2107,,2107,2107,x.x.x Outrasx.x.x Acelga,6532,,,,
1995,65,"Grupo - Hortaliças folhosas, frutosas e outras",6532,6532,BROTO DE BAMBÚ,,2107,,2107,2107,x.x.x Outrasx.x.x Acelga,6533,,,,
1995,65,"Grupo - Hortaliças folhosas, frutosas e outras",6533,6533,ABÓBORA MORANGA,,2201,,2201,2201,x.x.x Abóbora comumx.x.x Abóbora,6534,,,,
1995,65,"Grupo - Hortaliças folhosas, frutosas e outras",6534,6534,ABÓBORA MENINA,,2201,,2201,2201,x.x.x Abóbora comumx.x.x Abóbora,6535,,,,
1995,65,"Grupo - Hortaliças folhosas, frutosas e outras",6535,6535,ABÓBORA MELÃO,,2201,,2201,2201,x.x.x Abóbora comumx.x.x Abóbora,6536,,,,
1995,65,"Grupo - Hortaliças folhosas, frutosas e outras",6536,6536,ABÓBORA D'AGUA,,2201,,2201,2201,x.x.x Abóbora comumx.x.x Abóbora,6537,,,,
1995,65,"Grupo - Hortaliças folhosas, frutosas e outras",6537,6537,ABOBRINHA,,2202,,2202,2202,x.x.x Abobrinha,6538,,,,
1995,65,"Grupo - Hortaliças folhosas, frutosas e outras",6538,6538,ABÓBORA DE PESCOÇO,,2201,,2201,2201,x.x.x Abóbora comumx.x.x Abóbora,6539,,,,
1995,65,"Grupo - Hortaliças folhosas, frutosas e outras",6539,6539,ABÓBORA (NÃO ESPECIFICACA),,2201,,2201,2201,x.x.x Abóbora comumx.x.x Abóbora,6540,,,,
1995,65,"Grupo - Hortaliças folhosas, frutosas e outras",6540,6540,PEPINO,,2207,,2207,2207,x.x.x Pepino fresco,6541,,,,
1995,65,"Grupo - Hortaliças folhosas, frutosas e outras",6541,6541,CHUCHU,,2205,,2205,2205,x.x.x Chuchu,6542,,,,
1995,65,"Grupo - Hortaliças folhosas, frutosas e outras",6542,6542,JILÓ,,2206,,2206,2206,x.x.x Jiló,6543,,,,
1995,65,"Grupo - Hortaliças folhosas, frutosas e outras",6543,6543,MAXIXE,,2212,,2212,2212,x.x.xx Outrasx.x.x Maxixex.x.x Azeitona em conservax.x.x Outros feijões,6544,,,,
1995,65,"Grupo - Hortaliças folhosas, frutosas e outras",6544,6544,PALMITO (FRESCO),,2212,,2212,2212,x.x.xx Outrasx.x.x Maxixex.x.x Azeitona em conservax.x.x Outros feijões,6545,,,,
1995,65,"Grupo - Hortaliças folhosas, frutosas e outras",6545,6545,PIMENTÃO,,2208,,2208,2208,x.x.x Pimentão,6546,,,,
1995,65,"Grupo - Hortaliças folhosas, frutosas e outras",6546,6546,PIMENTA MALAGUETA (IN NATURA),,2212,,2212,2212,x.x.xx Outrasx.x.x Maxixex.x.x Azeitona em conservax.x.x Outros feijões,6547,,,,
1995,65,"Grupo - Hortaliças folhosas, frutosas e outras",6547,6547,PIMENTA DE CHEIRO (IN NATURA),,2212,,2212,2212,x.x.xx Outrasx.x.x Maxixex.x.x Azeitona em conservax.x.x Outros feijões,6548,,,,
1995,65,"Grupo - Hortaliças folhosas, frutosas e outras",6548,6548,PIMENTA POMBINHA (IN NATURA),,2212,,2212,2212,x.x.xx Outrasx.x.x Maxixex.x.x Azeitona em conservax.x.x Outros feijões,6549,,,,
1995,65,"Grupo - Hortaliças folhosas, frutosas e outras",6549,6549,PIMENTA (NÃO ESPECIFICADA IN NATURA),,2212,,2212,2212,x.x.xx Outrasx.x.x Maxixex.x.x Azeitona em conservax.x.x Outros feijões,6550,,,,
1995,65,"Grupo - Hortaliças folhosas, frutosas e outras",6550,6550,QUIABO,,2209,,2209,2209,x.x.xx Quiabo,6551,,,,
1995,65,"Grupo - Hortaliças folhosas, frutosas e outras",6551,6551,TOMATE,,2210,,2210,2210,x.x.xx Tomate,6552,,,,
1995,65,"Grupo - Hortaliças folhosas, frutosas e outras",6552,6552,VAGEM,,2211,,2211,2211,x.x.xx Vagem,6553,,,,
1995,65,"Grupo - Hortaliças folhosas, frutosas e outras",6553,6553,COGUMELO (FRESCO),,2212,,2212,2212,x.x.xx Outrasx.x.x Maxixex.x.x Azeitona em conservax.x.x Outros feijões,6554,,,,
1995,65,"Grupo - Hortaliças folhosas, frutosas e outras",6554,6554,BERINJELA,,2203,,2203,2203,x.x.x Berinjela,6555,,,,
1995,65,"Grupo - Hortaliças folhosas, frutosas e outras",6555,6555,ERVILHA (EM VAGEM),,2212,,2212,2212,x.x.xx Outrasx.x.x Maxixex.x.x Azeitona em conservax.x.x Outros feijões,6556,,,,
1995,65,"Grupo - Hortaliças folhosas, frutosas e outras",6556,6556,CABAÇA,,2212,,2212,2212,x.x.xx Outrasx.x.x Maxixex.x.x Azeitona em conservax.x.x Outros feijões,6557,,,,
1995,65,"Grupo - Hortaliças folhosas, frutosas e outras",6557,6557,CEBOLA,,2204,,2204,2204,x.x.x Cebolax.x.x Cebola fresca,6558,,,,
1995,65,"Grupo - Hortaliças folhosas, frutosas e outras",6558,6558,CATALONHA,,2212,,2212,2212,x.x.xx Outrasx.x.x Maxixex.x.x Azeitona em conservax.x.x Outros feijões,6559,,,,
1995,65,"Grupo - Hortaliças folhosas, frutosas e outras",6559,6559,COUVE RABANO,,2212,,2212,2212,x.x.xx Outrasx.x.x Maxixex.x.x Azeitona em conservax.x.x Outros feijões,6560,,,,
1995,65,"Grupo - Hortaliças folhosas, frutosas e outras",6560,6560,NIRA,,2212,,2212,2212,x.x.xx Outrasx.x.x Maxixex.x.x Azeitona em conservax.x.x Outros feijões,6561,,,,
1995,65,"Grupo - Hortaliças folhosas, frutosas e outras",6561,6561,JARDINEIRA (SELETA),,2212,,2212,2212,x.x.xx Outrasx.x.x Maxixex.x.x Azeitona em conservax.x.x Outros feijões,6562,,,,
1995,65,"Grupo - Hortaliças folhosas, frutosas e outras",6562,6562,CEBOLINHA BRANCA,,,,,2204,x.x.x Cebolax.x.x Cebola fresca,6601,,,,
1995,66,Grupo - Frutas,6601,6601,BANANA D'AGUA,,3103,,3103,3103,x.x.x Banana-d'água,6602,,,,
1995,66,Grupo - Frutas,6602,6602,BANANA PRATA,,3105,,3105,3105,x.x.x Banana-prata,6603,,,,
1995,66,Grupo - Frutas,6603,6603,BANANA OURO,,3106,,3106,3106,x.x.x Outras bananasx.x.x Banana-ourox.x.x Banana-da-terra,6604,,,,
1995,66,Grupo - Frutas,6604,6604,BANANA MAÇÃ,,3104,,3104,3104,x.x.x Banana-maçã,6605,,,,
1995,66,Grupo - Frutas,6605,6605,BANANA FIGO,,3106,,3106,3106,x.x.x Outras bananasx.x.x Banana-ourox.x.x Banana-da-terra,6606,,,,
1995,66,Grupo - Frutas,6606,6606,BANANA MARMELO,,3106,,3106,3106,x.x.x Outras bananasx.x.x Banana-ourox.x.x Banana-da-terra,6607,,,,
1995,66,Grupo - Frutas,6607,6607,BANANA ROXA,,3106,,3106,3106,x.x.x Outras bananasx.x.x Banana-ourox.x.x Banana-da-terra,6608,,,,
1995,66,Grupo - Frutas,6608,6608,BANANA SÃO DOMINGOS,,3106,,3106,3106,x.x.x Outras bananasx.x.x Banana-ourox.x.x Banana-da-terra,6609,,,,
1995,66,Grupo - Frutas,6609,6609,BANANA SÃO TOMÉ,,3106,,3106,3106,x.x.x Outras bananasx.x.x Banana-ourox.x.x Banana-da-terra,6610,,,,
1995,66,Grupo - Frutas,6610,6610,BANANA DA TERRA,,3106,,3106,3106,x.x.x Outras bananasx.x.x Banana-ourox.x.x Banana-da-terra,6611,,,,
1995,66,Grupo - Frutas,6611,6611,BANANA (NÃO ESPECIFICADA),,3106,,3106,3106,x.x.x Outras bananasx.x.x Banana-ourox.x.x Banana-da-terra,6612,,,,
1995,66,Grupo - Frutas,6612,6612,LARANJA LIMA,,3108,,3108,3108,x.x.xx Laranja-lima,6613,,,,
1995,66,Grupo - Frutas,6613,6613,LARANJA SELETA,,3110,,3110,3110,x.x.xx Laranja-seleta,6614,,,,
1995,66,Grupo - Frutas,6614,6614,LARANJA PÊRA,,3109,,3109,3109,x.x.xx Laranja-pêra,6615,,,,
1995,66,Grupo - Frutas,6615,6615,LARANJA BAHIA,,3117,,3117,3117,x.x.xx Tangerina,6616,,,,
1995,66,Grupo - Frutas,6616,6616,LARANJA DA CHINA,,3118,,3118,3118,x.x.xx Outrasx.x.xx Outras laranjasx.x.x Goiabax.x.x Acerola,6617,,,,
1995,66,Grupo - Frutas,6617,6617,LARANJA DA TERRA,,3118,,3118,3118,x.x.xx Outrasx.x.xx Outras laranjasx.x.x Goiabax.x.x Acerola,6618,,,,
1995,66,Grupo - Frutas,6618,6618,LARANJA (NÃO ESPECIFICADA),,3118,,3118,3118,x.x.xx Outrasx.x.xx Outras laranjasx.x.x Goiabax.x.x Acerola,6619,,,,
1995,66,Grupo - Frutas,6619,6619,LIMA,,3118,,3118,3118,x.x.xx Outrasx.x.xx Outras laranjasx.x.x Goiabax.x.x Acerola,6620,,,,
1995,66,Grupo - Frutas,6620,6620,LIMÃO COMUM,,3111,,3111,3111,x.x.xx Limão comum,6621,,,,
1995,66,Grupo - Frutas,6621,6621,LIMÃO GALEGO,,3118,,3118,3118,x.x.xx Outrasx.x.xx Outras laranjasx.x.x Goiabax.x.x Acerola,6622,,,,
1995,66,Grupo - Frutas,6622,6622,TANGERINA,,3117,,3117,3117,x.x.xx Tangerina,6623,,,,
1995,66,Grupo - Frutas,6623,6623,CIDRA,,3118,,3118,3118,x.x.xx Outrasx.x.xx Outras laranjasx.x.x Goiabax.x.x Acerola,6624,,,,
1995,66,Grupo - Frutas,6624,6624,KINKAN,,3118,,3118,3118,x.x.xx Outrasx.x.xx Outras laranjasx.x.x Goiabax.x.x Acerola,6625,,,,
1995,66,Grupo - Frutas,6625,6625,CANA DE AÇÚCAR,,3118,,3118,3118,x.x.xx Outrasx.x.xx Outras laranjasx.x.x Goiabax.x.x Acerola,6626,,,,
1995,66,Grupo - Frutas,6626,6626,ABACAXI,,3102,,3102,3102,x.x.x Abacaxi,6627,,,,
1995,66,Grupo - Frutas,6627,6627,ABACATE,,3101,,3101,3101,x.x.x Abacate,6628,,,,
1995,66,Grupo - Frutas,6628,6628,CAQUÍ,,3201,,3201,3201,x.x.x Caqui,6629,,,,
1995,66,Grupo - Frutas,6629,6629,FIGO,,3118,,3118,3118,x.x.xx Outrasx.x.xx Outras laranjasx.x.x Goiabax.x.x Acerola,6630,,,,
1995,66,Grupo - Frutas,6630,6630,MAÇÃ,,3202,,3202,3202,x.x.x Maçã,6631,,,,
1995,66,Grupo - Frutas,6631,6631,MAMÃO,,3112,,3112,3112,x.x.xx Mamão,6632,,,,
1995,66,Grupo - Frutas,6632,6632,MANGA,,3113,,3113,3113,x.x.xx Manga,6633,,,,
1995,66,Grupo - Frutas,6633,6633,MARACUJA,,3114,,3114,3114,x.x.xx Maracujá,6634,,,,
1995,66,Grupo - Frutas,6634,6634,MELANCIA,,3115,,3115,3115,x.x.x Melancia,6635,,,,
1995,66,Grupo - Frutas,6635,6635,MELÃO,,3116,,3116,3116,x.x.xx Melão,6636,,,,
1995,66,Grupo - Frutas,6636,6636,PÊRA,,3203,,3203,3203,x.x.x Pêra,6637,,,,
1995,66,Grupo - Frutas,6637,6637,PÊSSEGO,,3205,,3205,3205,x.x.x Outrasx.x.x Pêssegox.x.x Morangox.x.x Ameixa,6638,,,,
1995,66,Grupo - Frutas,6638,6638,FRUTA DE CONDE,,3205,,3205,3205,x.x.x Outrasx.x.x Pêssegox.x.x Morangox.x.x Ameixa,6639,,,,
1995,66,Grupo - Frutas,6639,6639,UVA,,3204,,3204,3204,x.x.x Uva,6640,,,,
1995,66,Grupo - Frutas,6640,6640,JENIPAPO,,3205,,3205,3205,x.x.x Outrasx.x.x Pêssegox.x.x Morangox.x.x Ameixa,6641,,,,
1995,66,Grupo - Frutas,6641,6641,JACA,,3205,,3205,3205,x.x.x Outrasx.x.x Pêssegox.x.x Morangox.x.x Ameixa,6642,,,,
1995,66,Grupo - Frutas,6642,6642,GOIABA,,3205,,3205,3205,x.x.x Outrasx.x.x Pêssegox.x.x Morangox.x.x Ameixa,6643,,,,
1995,66,Grupo - Frutas,6643,6643,AMEIXA,,3205,,3205,3205,x.x.x Outrasx.x.x Pêssegox.x.x Morangox.x.x Ameixa,6644,,,,
1995,66,Grupo - Frutas,6644,6644,CAJÚ,,3205,,3205,3205,x.x.x Outrasx.x.x Pêssegox.x.x Morangox.x.x Ameixa,6645,,,,
1995,66,Grupo - Frutas,6645,6645,CEREJA,,3205,,3205,3205,x.x.x Outrasx.x.x Pêssegox.x.x Morangox.x.x Ameixa,6646,,,,
1995,66,Grupo - Frutas,6646,6646,CAJA MANGA,,3205,,3205,3205,x.x.x Outrasx.x.x Pêssegox.x.x Morangox.x.x Ameixa,6647,,,,
1995,66,Grupo - Frutas,6647,6647,TAPEREBA,,3205,,3205,3205,x.x.x Outrasx.x.x Pêssegox.x.x Morangox.x.x Ameixa,6648,,,,
1995,66,Grupo - Frutas,6648,6648,CARAMBOLA,,3205,,3205,3205,x.x.x Outrasx.x.x Pêssegox.x.x Morangox.x.x Ameixa,6649,,,,
1995,66,Grupo - Frutas,6649,6649,JABOTICABA,,3205,,3205,3205,x.x.x Outrasx.x.x Pêssegox.x.x Morangox.x.x Ameixa,6650,,,,
1995,66,Grupo - Frutas,6650,6650,GRAVIOLA,,3205,,3205,3205,x.x.x Outrasx.x.x Pêssegox.x.x Morangox.x.x Ameixa,6651,,,,
1995,66,Grupo - Frutas,6651,6651,ARATICUM,,3205,,3205,3205,x.x.x Outrasx.x.x Pêssegox.x.x Morangox.x.x Ameixa,6652,,,,
1995,66,Grupo - Frutas,6652,6652,MORANGO,,3205,,3205,3205,x.x.x Outrasx.x.x Pêssegox.x.x Morangox.x.x Ameixa,6653,,,,
1995,66,Grupo - Frutas,6653,6653,JAMBO,,3205,,3205,3205,x.x.x Outrasx.x.x Pêssegox.x.x Morangox.x.x Ameixa,6654,,,,
1995,66,Grupo - Frutas,6654,6654,ABRICÓ,,3205,,3205,3205,x.x.x Outrasx.x.x Pêssegox.x.x Morangox.x.x Ameixa,6655,,,,
1995,66,Grupo - Frutas,6655,6655,GROSELHA (FRUTA),,3205,,3205,3205,x.x.x Outrasx.x.x Pêssegox.x.x Morangox.x.x Ameixa,6656,,,,
1995,66,Grupo - Frutas,6656,6656,MANGABA,,3205,,3205,3205,x.x.x Outrasx.x.x Pêssegox.x.x Morangox.x.x Ameixa,6657,,,,
1995,66,Grupo - Frutas,6657,6657,ARAÇA,,3205,,3205,3205,x.x.x Outrasx.x.x Pêssegox.x.x Morangox.x.x Ameixa,6658,,,,
1995,66,Grupo - Frutas,6658,6658,NESPERA,,3205,,3205,3205,x.x.x Outrasx.x.x Pêssegox.x.x Morangox.x.x Ameixa,6659,,,,
1995,66,Grupo - Frutas,6659,6659,FRUTA PÃO,,3205,,3205,3205,x.x.x Outrasx.x.x Pêssegox.x.x Morangox.x.x Ameixa,6660,,,,
1995,66,Grupo - Frutas,6660,6660,SAPOTI,,3205,,3205,3205,x.x.x Outrasx.x.x Pêssegox.x.x Morangox.x.x Ameixa,6661,,,,
1995,66,Grupo - Frutas,6661,6661,UXI,,3205,,3205,3205,x.x.x Outrasx.x.x Pêssegox.x.x Morangox.x.x Ameixa,6662,,,,
1995,66,Grupo - Frutas,6662,6662,TAMARINDO,,3205,,3205,3205,x.x.x Outrasx.x.x Pêssegox.x.x Morangox.x.x Ameixa,6663,,,,
1995,66,Grupo - Frutas,6663,6663,CACAU,,3205,,3205,3205,x.x.x Outrasx.x.x Pêssegox.x.x Morangox.x.x Ameixa,6664,,,,
1995,66,Grupo - Frutas,6664,6664,PITOMBA,,3205,,3205,3205,x.x.x Outrasx.x.x Pêssegox.x.x Morangox.x.x Ameixa,6665,,,,
1995,66,Grupo - Frutas,6665,6665,BACÚRI,,3205,,3205,3205,x.x.x Outrasx.x.x Pêssegox.x.x Morangox.x.x Ameixa,6666,,,,
1995,66,Grupo - Frutas,6666,6666,INGA,,3205,,3205,3205,x.x.x Outrasx.x.x Pêssegox.x.x Morangox.x.x Ameixa,6667,,,,
1995,66,Grupo - Frutas,6667,6667,PEQUI,,3205,,3205,3205,x.x.x Outrasx.x.x Pêssegox.x.x Morangox.x.x Ameixa,6668,,,,
1995,66,Grupo - Frutas,6668,6668,PITANGA,,3205,,3205,3205,x.x.x Outrasx.x.x Pêssegox.x.x Morangox.x.x Ameixa,6669,,,,
1995,66,Grupo - Frutas,6669,6669,CIRIGUELA,,3205,,3205,3205,x.x.x Outrasx.x.x Pêssegox.x.x Morangox.x.x Ameixa,6670,,,,
1995,66,Grupo - Frutas,6670,6670,MURICI,,3205,,3205,3205,x.x.x Outrasx.x.x Pêssegox.x.x Morangox.x.x Ameixa,6671,,,,
1995,66,Grupo - Frutas,6671,6671,UMBÚ,,3205,,3205,3205,x.x.x Outrasx.x.x Pêssegox.x.x Morangox.x.x Ameixa,6672,,,,
1995,66,Grupo - Frutas,6672,6672,BERIBA,,3205,,3205,3205,x.x.x Outrasx.x.x Pêssegox.x.x Morangox.x.x Ameixa,6673,,,,
1995,66,Grupo - Frutas,6673,6673,CUPUAÇU,,3205,,3205,3205,x.x.x Outrasx.x.x Pêssegox.x.x Morangox.x.x Ameixa,6674,,,,
1995,66,Grupo - Frutas,6674,6674,NECTARINA,,3205,,3205,3205,x.x.x Outrasx.x.x Pêssegox.x.x Morangox.x.x Ameixa,6675,,,,
1995,66,Grupo - Frutas,6675,6675,MARI,,3205,,3205,3205,x.x.x Outrasx.x.x Pêssegox.x.x Morangox.x.x Ameixa,6676,,,,
1995,66,Grupo - Frutas,6676,6676,ROMA,,3205,,3205,3205,x.x.x Outrasx.x.x Pêssegox.x.x Morangox.x.x Ameixa,6677,,,,
1995,66,Grupo - Frutas,6677,6677,GUABIRABA,,3205,,3205,3205,x.x.x Outrasx.x.x Pêssegox.x.x Morangox.x.x Ameixa,6678,,,,
1995,66,Grupo - Frutas,6678,6678,AMORA,,3205,,3205,3205,x.x.x Outrasx.x.x Pêssegox.x.x Morangox.x.x Ameixa,6679,,,,
1995,66,Grupo - Frutas,6679,6679,FRAMBOESA,,3205,,3205,3205,x.x.x Outrasx.x.x Pêssegox.x.x Morangox.x.x Ameixa,6680,,,,
1995,66,Grupo - Frutas,6680,6680,ABIU,,3205,,3205,3205,x.x.x Outrasx.x.x Pêssegox.x.x Morangox.x.x Ameixa,6681,,,,
1995,66,Grupo - Frutas,6681,6681,CRUA,,3205,,3205,3205,x.x.x Outrasx.x.x Pêssegox.x.x Morangox.x.x Ameixa,6682,,,,
1995,66,Grupo - Frutas,6682,6682,MARMELO,,3205,,3205,3205,x.x.x Outrasx.x.x Pêssegox.x.x Morangox.x.x Ameixa,6683,,,,
1995,66,Grupo - Frutas,6683,6683,OITICORO,,3205,,3205,3205,x.x.x Outrasx.x.x Pêssegox.x.x Morangox.x.x Ameixa,6684,,,,
1995,66,Grupo - Frutas,6684,6684,JURUBEBA,,,,,3205,x.x.x Outrasx.x.x Pêssegox.x.x Morangox.x.x Ameixa,6685,,,,
1995,66,Grupo - Frutas,6685,6685,JATOBA,,,,,3205,x.x.x Outrasx.x.x Pêssegox.x.x Morangox.x.x Ameixa,6686,,,,
1995,66,Grupo - Frutas,6686,6686,ACEROLA,,,,,3205,x.x.x Outrasx.x.x Pêssegox.x.x Morangox.x.x Ameixa,6687,,,,
1995,66,Grupo - Frutas,6687,6687,KIWI,,,,,3205,x.x.x Outrasx.x.x Pêssegox.x.x Morangox.x.x Ameixa,6688,,,,
1995,66,Grupo - Frutas,6688,6688,MANGOSTIM,,,,,3205,x.x.x Outrasx.x.x Pêssegox.x.x Morangox.x.x Ameixa,6701,,,,
1995,67,Grupo - Açúcares e produtos de confeitaria,6701,6701,AÇÚCAR REFINADO,,12102,,12102,12102,xx.x.x Açúcar refinadoxx.x.x Açúcar não especificadoxx.x.x Açúcar demerara,6702,,,,
1995,67,Grupo - Açúcares e produtos de confeitaria,6702,6702,AÇÚCAR CRISTAL,,12101,,12101,12101,xx.x.x Açúcar cristal,6703,,,,
1995,67,Grupo - Açúcares e produtos de confeitaria,6703,6703,AÇÚCAR DEMERARA,,12102,,12102,12102,xx.x.x Açúcar refinadoxx.x.x Açúcar não especificadoxx.x.x Açúcar demerara,6704,,,,
1995,67,Grupo - Açúcares e produtos de confeitaria,6704,6704,RAPADURA,,12204,,12204,12204,xx.x.x Outrosxx.x.x Rapaduraxx.x.x Bombomxx.x.x Chicletexx.x.x Chocolate em tablete,6705,,,,
1995,67,Grupo - Açúcares e produtos de confeitaria,6705,6705,SORVETE INDUSTRIALIZADO (QUALQUER SABOR),,12203,,12203,12203,xx.x.x Sorvete,6706,,,,
1995,67,Grupo - Açúcares e produtos de confeitaria,6706,6706,CHICLETE,,12204,,12204,12204,xx.x.x Outrosxx.x.x Rapaduraxx.x.x Bombomxx.x.x Chicletexx.x.x Chocolate em tablete,6707,,,,
1995,67,Grupo - Açúcares e produtos de confeitaria,6707,6707,TABLETE DE CHOCOLATE,,12204,,12204,12204,xx.x.x Outrosxx.x.x Rapaduraxx.x.x Bombomxx.x.x Chicletexx.x.x Chocolate em tablete,6708,,,,
1995,67,Grupo - Açúcares e produtos de confeitaria,6708,6708,CHOCOLATE EM PÓ DE QUALQUER MARCA,,12301,,12301,12301,xx.x.x Chocolate em pó,6709,,,,
1995,67,Grupo - Açúcares e produtos de confeitaria,6709,6709,BOMBOM DE QUALQUER MARCA,,12204,,12204,12204,xx.x.x Outrosxx.x.x Rapaduraxx.x.x Bombomxx.x.x Chicletexx.x.x Chocolate em tablete,6710,,,,
1995,67,Grupo - Açúcares e produtos de confeitaria,6710,6710,GELÉIA DE FRUTAS - QUALQUER MARCA OU SABOR,,12202,,12202,12202,xx.x.x Doce de fruta,6711,,,,
1995,67,Grupo - Açúcares e produtos de confeitaria,6711,6711,GELÉIA DE MOCOTÓ,,12201,,12201,12201,xx.x.x Doce a base de leite,6712,,,,
1995,67,Grupo - Açúcares e produtos de confeitaria,6712,6712,DOCE DE FRUTAS EM PASTA - QUALQUER SABOR,,12202,,12202,12202,xx.x.x Doce de fruta,6713,,,,
1995,67,Grupo - Açúcares e produtos de confeitaria,6713,6713,DOCE DE FRUTAS EM CALDA - QUALQUER SABOR,,12202,,12202,12202,xx.x.x Doce de fruta,6714,,,,
1995,67,Grupo - Açúcares e produtos de confeitaria,6714,6714,DOCE DE FRUTAS CRISTALIZADO - QUALQUER SABOR,,12202,,12202,12202,xx.x.x Doce de fruta,6715,,,,
1995,67,Grupo - Açúcares e produtos de confeitaria,6715,6715,MELADO,,12302,,12302,12302,xx.x.x Outrosxx.x.x Polpa de frutaxx.x.x Gelatinaxx.x.x Mel de abelha,6716,,,,
1995,67,Grupo - Açúcares e produtos de confeitaria,6716,6716,MEL DE ABELHA,,12302,,12302,12302,xx.x.x Outrosxx.x.x Polpa de frutaxx.x.x Gelatinaxx.x.x Mel de abelha,6717,,,,
1995,67,Grupo - Açúcares e produtos de confeitaria,6717,6717,GELATINA,,12302,,12302,12302,xx.x.x Outrosxx.x.x Polpa de frutaxx.x.x Gelatinaxx.x.x Mel de abelha,6718,,,,
1995,67,Grupo - Açúcares e produtos de confeitaria,6718,6718,ADOÇANTES ARTIFICIAIS,,12103,,12103,12103,xx.x.x Outros,6719,,,,
1995,67,Grupo - Açúcares e produtos de confeitaria,6719,6719,GLICOSE DE MILHO,,12103,,12103,12103,xx.x.x Outros,6720,,,,
1995,67,Grupo - Açúcares e produtos de confeitaria,6720,6720,CREME DE AÇÚCAR,,12103,,12103,12103,xx.x.x Outros,6721,,,,
1995,67,Grupo - Açúcares e produtos de confeitaria,6721,6721,CORANTE DE CAFÉ,,12302,,12302,12302,xx.x.x Outrosxx.x.x Polpa de frutaxx.x.x Gelatinaxx.x.x Mel de abelha,6722,,,,
1995,67,Grupo - Açúcares e produtos de confeitaria,6722,6722,CONFEITOS DE BOLOS E DOCES,,12302,,12302,12302,xx.x.x Outrosxx.x.x Polpa de frutaxx.x.x Gelatinaxx.x.x Mel de abelha,6723,,,,
1995,67,Grupo - Açúcares e produtos de confeitaria,6723,6723,SCHIMIER DE CANA,,12302,,12302,12302,xx.x.x Outrosxx.x.x Polpa de frutaxx.x.x Gelatinaxx.x.x Mel de abelha,6724,,,,
1995,67,Grupo - Açúcares e produtos de confeitaria,6724,6724,FRUTA SECA OU DESIDRATADA (QUALQUER),,12202,,12202,12202,xx.x.x Doce de fruta,6725,,,,
1995,67,Grupo - Açúcares e produtos de confeitaria,6725,6725,SOBREMESAS INFANTIS (QUALQUER MARCA OU SABOR),,12204,,12204,12204,xx.x.x Outrosxx.x.x Rapaduraxx.x.x Bombomxx.x.x Chicletexx.x.x Chocolate em tablete,6726,,,,
1995,67,Grupo - Açúcares e produtos de confeitaria,6726,6726,PUDIM DE QUALQUER SABOR,,12201,,12201,12201,xx.x.x Doce a base de leite,6727,,,,
1995,67,Grupo - Açúcares e produtos de confeitaria,6727,6727,MANJAR,,12204,,12204,12204,xx.x.x Outrosxx.x.x Rapaduraxx.x.x Bombomxx.x.x Chicletexx.x.x Chocolate em tablete,6728,,,,
1995,67,Grupo - Açúcares e produtos de confeitaria,6728,6728,"MISTURAS INDUSTRIAIS, DOCES, SORVETE, PUDIM",,12204,,12204,12204,xx.x.x Outrosxx.x.x Rapaduraxx.x.x Bombomxx.x.x Chicletexx.x.x Chocolate em tablete,6729,,,,
1995,67,Grupo - Açúcares e produtos de confeitaria,6729,6729,CUSCUZ,,12204,,12204,12204,xx.x.x Outrosxx.x.x Rapaduraxx.x.x Bombomxx.x.x Chicletexx.x.x Chocolate em tablete,6730,,,,
1995,67,Grupo - Açúcares e produtos de confeitaria,6730,6730,MARIA MOLE,,12204,,12204,12204,xx.x.x Outrosxx.x.x Rapaduraxx.x.x Bombomxx.x.x Chicletexx.x.x Chocolate em tablete,6731,,,,
1995,67,Grupo - Açúcares e produtos de confeitaria,6731,6731,COCADA,,12204,,12204,12204,xx.x.x Outrosxx.x.x Rapaduraxx.x.x Bombomxx.x.x Chicletexx.x.x Chocolate em tablete,6732,,,,
1995,67,Grupo - Açúcares e produtos de confeitaria,6732,6732,DOCE DE AMENDOIM,,12204,,12204,12204,xx.x.x Outrosxx.x.x Rapaduraxx.x.x Bombomxx.x.x Chicletexx.x.x Chocolate em tablete,6733,,,,
1995,67,Grupo - Açúcares e produtos de confeitaria,6733,6733,AMENDOIM SALGADO,,12204,,12204,12204,xx.x.x Outrosxx.x.x Rapaduraxx.x.x Bombomxx.x.x Chicletexx.x.x Chocolate em tablete,6734,,,,
1995,67,Grupo - Açúcares e produtos de confeitaria,6734,6734,DOCE DE ABÓBORA,,12204,,12204,12204,xx.x.x Outrosxx.x.x Rapaduraxx.x.x Bombomxx.x.x Chicletexx.x.x Chocolate em tablete,6735,,,,
1995,67,Grupo - Açúcares e produtos de confeitaria,6735,6735,DOCE DE BATATA DOCE,,12204,,12204,12204,xx.x.x Outrosxx.x.x Rapaduraxx.x.x Bombomxx.x.x Chicletexx.x.x Chocolate em tablete,6736,,,,
1995,67,Grupo - Açúcares e produtos de confeitaria,6736,6736,BRIGADEIRO,,12201,,12201,12201,xx.x.x Doce a base de leite,6737,,,,
1995,67,Grupo - Açúcares e produtos de confeitaria,6737,6737,BOMBA DE QUALQUER TIPO,,12201,,12201,12201,xx.x.x Doce a base de leite,6738,,,,
1995,67,Grupo - Açúcares e produtos de confeitaria,6738,6738,MIL FOLHAS,,12204,,12204,12204,xx.x.x Outrosxx.x.x Rapaduraxx.x.x Bombomxx.x.x Chicletexx.x.x Chocolate em tablete,6739,,,,
1995,67,Grupo - Açúcares e produtos de confeitaria,6739,6739,QUEIJADINHA,,12201,,12201,12201,xx.x.x Doce a base de leite,6740,,,,
1995,67,Grupo - Açúcares e produtos de confeitaria,6740,6740,DOCE DE QUEIJO,,12201,,12201,12201,xx.x.x Doce a base de leite,6741,,,,
1995,67,Grupo - Açúcares e produtos de confeitaria,6741,6741,DOCE A BASE DE OVOS,,12204,,12204,12204,xx.x.x Outrosxx.x.x Rapaduraxx.x.x Bombomxx.x.x Chicletexx.x.x Chocolate em tablete,6742,,,,
1995,67,Grupo - Açúcares e produtos de confeitaria,6742,6742,DOCE A BASE DE LEITE,,12201,,12201,12201,xx.x.x Doce a base de leite,6743,,,,
1995,67,Grupo - Açúcares e produtos de confeitaria,6743,6743,DOCE DE LEITE,,12201,,12201,12201,xx.x.x Doce a base de leite,6744,,,,
1995,67,Grupo - Açúcares e produtos de confeitaria,6744,6744,CANUDINHO RECHEADO,,12201,,12201,12201,xx.x.x Doce a base de leite,6745,,,,
1995,67,Grupo - Açúcares e produtos de confeitaria,6745,6745,SAROLHO,,12204,,12204,12204,xx.x.x Outrosxx.x.x Rapaduraxx.x.x Bombomxx.x.x Chicletexx.x.x Chocolate em tablete,6746,,,,
1995,67,Grupo - Açúcares e produtos de confeitaria,6746,6746,SCHIMIER DE FRUTAS QUALQUER (MENOS DE CANA),,12201,,12201,12201,xx.x.x Doce a base de leite,6747,,,,
1995,67,Grupo - Açúcares e produtos de confeitaria,6747,6747,BEIJO DE MOÇA,,12201,,12201,12201,xx.x.x Doce a base de leite,6748,,,,
1995,67,Grupo - Açúcares e produtos de confeitaria,6748,6748,PICOLÉ ENSACADO,,12203,,12203,12203,xx.x.x Sorvete,6749,,,,
1995,67,Grupo - Açúcares e produtos de confeitaria,6749,6749,DOCE CONFEITADO DE QUALQUER TIPO,,12203,,12203,12203,xx.x.x Sorvete,6750,,,,
1995,67,Grupo - Açúcares e produtos de confeitaria,6750,6750,CHURROS,,12204,,12204,12204,xx.x.x Outrosxx.x.x Rapaduraxx.x.x Bombomxx.x.x Chicletexx.x.x Chocolate em tablete,6751,,,,
1995,67,Grupo - Açúcares e produtos de confeitaria,6751,6751,PAMONHA,,12204,,12204,12204,xx.x.x Outrosxx.x.x Rapaduraxx.x.x Bombomxx.x.x Chicletexx.x.x Chocolate em tablete,6752,,,,
1995,67,Grupo - Açúcares e produtos de confeitaria,6752,6752,CHOCOLATE GRANULADO,,12204,,12204,12204,xx.x.x Outrosxx.x.x Rapaduraxx.x.x Bombomxx.x.x Chicletexx.x.x Chocolate em tablete,6753,,,,
1995,67,Grupo - Açúcares e produtos de confeitaria,6753,6753,ADOÇANTE NATURAL CONCENTRADO,,12204,,12204,12204,xx.x.x Outrosxx.x.x Rapaduraxx.x.x Bombomxx.x.x Chicletexx.x.x Chocolate em tablete,6754,,,,
1995,67,Grupo - Açúcares e produtos de confeitaria,6754,6754,ALGODÃO DOCE,,12204,,12204,12204,xx.x.x Outrosxx.x.x Rapaduraxx.x.x Bombomxx.x.x Chicletexx.x.x Chocolate em tablete,6755,,,,
1995,67,Grupo - Açúcares e produtos de confeitaria,6755,6755,COBERTURA DE QUALQUER SABOR (SORVETE),,12204,,12204,12204,xx.x.x Outrosxx.x.x Rapaduraxx.x.x Bombomxx.x.x Chicletexx.x.x Chocolate em tablete,6756,,,,
1995,67,Grupo - Açúcares e produtos de confeitaria,6756,6756,CHOCOLATE EM CREME,,12204,,12204,12204,xx.x.x Outrosxx.x.x Rapaduraxx.x.x Bombomxx.x.x Chicletexx.x.x Chocolate em tablete,6757,,,,
1995,67,Grupo - Açúcares e produtos de confeitaria,6757,6757,GUARANA EM PÓ (NATURAL),,12201,,12201,12201,xx.x.x Doce a base de leite,6758,,,,
1995,67,Grupo - Açúcares e produtos de confeitaria,6758,6758,OVO DE PASCOA,,12201,,12201,12201,xx.x.x Doce a base de leite,6759,,,,
1995,67,Grupo - Açúcares e produtos de confeitaria,6759,6759,TORRONE,,12204,,12204,12204,xx.x.x Outrosxx.x.x Rapaduraxx.x.x Bombomxx.x.x Chicletexx.x.x Chocolate em tablete,6760,,,,
1995,67,Grupo - Açúcares e produtos de confeitaria,6760,6760,ARROZ-DOCE,,12204,,12204,12204,xx.x.x Outrosxx.x.x Rapaduraxx.x.x Bombomxx.x.x Chicletexx.x.x Chocolate em tablete,6761,,,,
1995,67,Grupo - Açúcares e produtos de confeitaria,6761,6761,PRÓPOLIS,,12204,,12204,12204,xx.x.x Outrosxx.x.x Rapaduraxx.x.x Bombomxx.x.x Chicletexx.x.x Chocolate em tablete,6762,,,,
1995,67,Grupo - Açúcares e produtos de confeitaria,6762,6762,GELEIA REAL,,,,,12302,xx.x.x Outrosxx.x.x Polpa de frutaxx.x.x Gelatinaxx.x.x Mel de abelha,6763,,,,
1995,67,Grupo - Açúcares e produtos de confeitaria,6763,6763,DOCE SÍRIO,,,,,12204,xx.x.x Outrosxx.x.x Rapaduraxx.x.x Bombomxx.x.x Chicletexx.x.x Chocolate em tablete,6764,,,,
1995,67,Grupo - Açúcares e produtos de confeitaria,6764,6764,POLPA DE FRUTA (CONGELADA),,,,,12302,xx.x.x Outrosxx.x.x Polpa de frutaxx.x.x Gelatinaxx.x.x Mel de abelha,6765,,,,
1995,67,Grupo - Açúcares e produtos de confeitaria,6765,6765,DIET SHAKE,,,,,12302,xx.x.x Outrosxx.x.x Polpa de frutaxx.x.x Gelatinaxx.x.x Mel de abelha,6801,,,,
1995,68,Grupo - Sais e condimentos,6801,6801,SAL REFINADO,,13102,,13102,13102,xx.x.x Sal refinado,6802,,,,
1995,68,Grupo - Sais e condimentos,6802,6802,SAL GROSSO,,13101,,13101,13101,xx.x.x Sal grosso,6803,,,,
1995,68,Grupo - Sais e condimentos,6803,6803,SAL AMONÍACO,,13103,,13103,13103,xx.x.x Outros,6804,,,,
1995,68,Grupo - Sais e condimentos,6804,6804,TEMPERO MISTO INDUSTRIALIZADO (ALHO + SAL),,13207,,13207,13207,xx.x.x Tempero misto,6805,,,,
1995,68,Grupo - Sais e condimentos,6805,6805,BICARBONATO DE SÓDIO,,13210,,13210,13210,xx.x.xx Outrosxx.x.xx Vinagre não especificadoxx.x.x Coco raladoxx.x.x Outros caldos em tabletexx.x.x Colorauxx.x.x Leite de coco,6806,,,,
1995,68,Grupo - Sais e condimentos,6806,6806,FERMENTO EM PÓ,,13203,,13203,13203,xx.x.x Fermento,6807,,,,
1995,68,Grupo - Sais e condimentos,6807,6807,GLUTAMATO MONOSSÓDICO,,13210,,13210,13210,xx.x.xx Outrosxx.x.xx Vinagre não especificadoxx.x.x Coco raladoxx.x.x Outros caldos em tabletexx.x.x Colorauxx.x.x Leite de coco,6808,,,,
1995,68,Grupo - Sais e condimentos,6808,6808,GERSAL,,13210,,13210,13210,xx.x.xx Outrosxx.x.xx Vinagre não especificadoxx.x.x Coco raladoxx.x.x Outros caldos em tabletexx.x.x Colorauxx.x.x Leite de coco,6809,,,,
1995,68,Grupo - Sais e condimentos,6809,6809,BAUNILHA EM PÓ,,13210,,13210,13210,xx.x.xx Outrosxx.x.xx Vinagre não especificadoxx.x.x Coco raladoxx.x.x Outros caldos em tabletexx.x.x Colorauxx.x.x Leite de coco,6810,,,,
1995,68,Grupo - Sais e condimentos,6810,6810,CANELA EM PÓ,,13210,,13210,13210,xx.x.xx Outrosxx.x.xx Vinagre não especificadoxx.x.x Coco raladoxx.x.x Outros caldos em tabletexx.x.x Colorauxx.x.x Leite de coco,6811,,,,
1995,68,Grupo - Sais e condimentos,6811,6811,CRAVO (CONDIMENTO),,13210,,13210,13210,xx.x.xx Outrosxx.x.xx Vinagre não especificadoxx.x.x Coco raladoxx.x.x Outros caldos em tabletexx.x.x Colorauxx.x.x Leite de coco,6812,,,,
1995,68,Grupo - Sais e condimentos,6812,6812,COLORAU,,13210,,13210,13210,xx.x.xx Outrosxx.x.xx Vinagre não especificadoxx.x.x Coco raladoxx.x.x Outros caldos em tabletexx.x.x Colorauxx.x.x Leite de coco,6813,,,,
1995,68,Grupo - Sais e condimentos,6813,6813,PAPRIKA,,13210,,13210,13210,xx.x.xx Outrosxx.x.xx Vinagre não especificadoxx.x.x Coco raladoxx.x.x Outros caldos em tabletexx.x.x Colorauxx.x.x Leite de coco,6814,,,,
1995,68,Grupo - Sais e condimentos,6814,6814,NOZ MOSCADA (CONDIMENTO),,13210,,13210,13210,xx.x.xx Outrosxx.x.xx Vinagre não especificadoxx.x.x Coco raladoxx.x.x Outros caldos em tabletexx.x.x Colorauxx.x.x Leite de coco,6815,,,,
1995,68,Grupo - Sais e condimentos,6815,6815,MOSTARDA (CONDIMENTO),,13210,,13210,13210,xx.x.xx Outrosxx.x.xx Vinagre não especificadoxx.x.x Coco raladoxx.x.x Outros caldos em tabletexx.x.x Colorauxx.x.x Leite de coco,6816,,,,
1995,68,Grupo - Sais e condimentos,6816,6816,LOURO,,13210,,13210,13210,xx.x.xx Outrosxx.x.xx Vinagre não especificadoxx.x.x Coco raladoxx.x.x Outros caldos em tabletexx.x.x Colorauxx.x.x Leite de coco,6817,,,,
1995,68,Grupo - Sais e condimentos,6817,6817,AÇAFRÃO EM PÓ,,13210,,13210,13210,xx.x.xx Outrosxx.x.xx Vinagre não especificadoxx.x.x Coco raladoxx.x.x Outros caldos em tabletexx.x.x Colorauxx.x.x Leite de coco,6818,,,,
1995,68,Grupo - Sais e condimentos,6818,6818,COMINHO,,13210,,13210,13210,xx.x.xx Outrosxx.x.xx Vinagre não especificadoxx.x.x Coco raladoxx.x.x Outros caldos em tabletexx.x.x Colorauxx.x.x Leite de coco,6819,,,,
1995,68,Grupo - Sais e condimentos,6819,6819,SEGURELHA,,13210,,13210,13210,xx.x.xx Outrosxx.x.xx Vinagre não especificadoxx.x.x Coco raladoxx.x.x Outros caldos em tabletexx.x.x Colorauxx.x.x Leite de coco,6820,,,,
1995,68,Grupo - Sais e condimentos,6820,6820,GENGIBRE,,13210,,13210,13210,xx.x.xx Outrosxx.x.xx Vinagre não especificadoxx.x.x Coco raladoxx.x.x Outros caldos em tabletexx.x.x Colorauxx.x.x Leite de coco,6821,,,,
1995,68,Grupo - Sais e condimentos,6821,6821,ALFAVACA,,13210,,13210,13210,xx.x.xx Outrosxx.x.xx Vinagre não especificadoxx.x.x Coco raladoxx.x.x Outros caldos em tabletexx.x.x Colorauxx.x.x Leite de coco,6822,,,,
1995,68,Grupo - Sais e condimentos,6822,6822,ORÉGANO,,13210,,13210,13210,xx.x.xx Outrosxx.x.xx Vinagre não especificadoxx.x.x Coco raladoxx.x.x Outros caldos em tabletexx.x.x Colorauxx.x.x Leite de coco,6823,,,,
1995,68,Grupo - Sais e condimentos,6823,6823,HORTELÃ,,13210,,13210,13210,xx.x.xx Outrosxx.x.xx Vinagre não especificadoxx.x.x Coco raladoxx.x.x Outros caldos em tabletexx.x.x Colorauxx.x.x Leite de coco,6824,,,,
1995,68,Grupo - Sais e condimentos,6824,6824,ALCAPARRA,,13210,,13210,13210,xx.x.xx Outrosxx.x.xx Vinagre não especificadoxx.x.x Coco raladoxx.x.x Outros caldos em tabletexx.x.x Colorauxx.x.x Leite de coco,6825,,,,
1995,68,Grupo - Sais e condimentos,6825,6825,MANJERONA,,13210,,13210,13210,xx.x.xx Outrosxx.x.xx Vinagre não especificadoxx.x.x Coco raladoxx.x.x Outros caldos em tabletexx.x.x Colorauxx.x.x Leite de coco,6826,,,,
1995,68,Grupo - Sais e condimentos,6826,6826,COÊNTRO (CONDIMENTO),,13210,,13210,13210,xx.x.xx Outrosxx.x.xx Vinagre não especificadoxx.x.x Coco raladoxx.x.x Outros caldos em tabletexx.x.x Colorauxx.x.x Leite de coco,6827,,,,
1995,68,Grupo - Sais e condimentos,6827,6827,ALHO EM PÓ,,13210,,13210,13210,xx.x.xx Outrosxx.x.xx Vinagre não especificadoxx.x.x Coco raladoxx.x.x Outros caldos em tabletexx.x.x Colorauxx.x.x Leite de coco,6828,,,,
1995,68,Grupo - Sais e condimentos,6828,6828,CEBOLA EM PÓ,,13210,,13210,13210,xx.x.xx Outrosxx.x.xx Vinagre não especificadoxx.x.x Coco raladoxx.x.x Outros caldos em tabletexx.x.x Colorauxx.x.x Leite de coco,6829,,,,
1995,68,Grupo - Sais e condimentos,6829,6829,CHEIRO VERDE EM PÓ,,13210,,13210,13210,xx.x.xx Outrosxx.x.xx Vinagre não especificadoxx.x.x Coco raladoxx.x.x Outros caldos em tabletexx.x.x Colorauxx.x.x Leite de coco,6830,,,,
1995,68,Grupo - Sais e condimentos,6830,6830,PIMENTÃO EM PÓ,,13210,,13210,13210,xx.x.xx Outrosxx.x.xx Vinagre não especificadoxx.x.x Coco raladoxx.x.x Outros caldos em tabletexx.x.x Colorauxx.x.x Leite de coco,6831,,,,
1995,68,Grupo - Sais e condimentos,6831,6831,PIMENTA DO REINO,,13210,,13210,13210,xx.x.xx Outrosxx.x.xx Vinagre não especificadoxx.x.x Coco raladoxx.x.x Outros caldos em tabletexx.x.x Colorauxx.x.x Leite de coco,6832,,,,
1995,68,Grupo - Sais e condimentos,6832,6832,PIMENTA DO REINO E COMINHO,,13210,,13210,13210,xx.x.xx Outrosxx.x.xx Vinagre não especificadoxx.x.x Coco raladoxx.x.x Outros caldos em tabletexx.x.x Colorauxx.x.x Leite de coco,6833,,,,
1995,68,Grupo - Sais e condimentos,6833,6833,VINAGRE DE ALCOOL,,13208,,13208,13208,xx.x.xx Vinagre de álcool,6834,,,,
1995,68,Grupo - Sais e condimentos,6834,6834,VINAGRE DE VINHO,,13209,,13209,13209,xx.x.xx Vinagre de vinho,6835,,,,
1995,68,Grupo - Sais e condimentos,6835,6835,VINAGRE DE MAÇÃ,,13208,,13208,13208,xx.x.xx Vinagre de álcool,6836,,,,
1995,68,Grupo - Sais e condimentos,6836,6836,MOLHO DE SOJA,,13210,,13210,13210,xx.x.xx Outrosxx.x.xx Vinagre não especificadoxx.x.x Coco raladoxx.x.x Outros caldos em tabletexx.x.x Colorauxx.x.x Leite de coco,6837,,,,
1995,68,Grupo - Sais e condimentos,6837,6837,MOLHO INGLÊS,,13210,,13210,13210,xx.x.xx Outrosxx.x.xx Vinagre não especificadoxx.x.x Coco raladoxx.x.x Outros caldos em tabletexx.x.x Colorauxx.x.x Leite de coco,6838,,,,
1995,68,Grupo - Sais e condimentos,6838,6838,LEITE DE COCO,,13210,,13210,13210,xx.x.xx Outrosxx.x.xx Vinagre não especificadoxx.x.x Coco raladoxx.x.x Outros caldos em tabletexx.x.x Colorauxx.x.x Leite de coco,6839,,,,
1995,68,Grupo - Sais e condimentos,6839,6839,MOLHO TARTARO,,13210,,13210,13210,xx.x.xx Outrosxx.x.xx Vinagre não especificadoxx.x.x Coco raladoxx.x.x Outros caldos em tabletexx.x.x Colorauxx.x.x Leite de coco,6840,,,,
1995,68,Grupo - Sais e condimentos,6840,6840,MOLHO DE GERGELIM,,13210,,13210,13210,xx.x.xx Outrosxx.x.xx Vinagre não especificadoxx.x.x Coco raladoxx.x.x Outros caldos em tabletexx.x.x Colorauxx.x.x Leite de coco,6841,,,,
1995,68,Grupo - Sais e condimentos,6841,6841,MOLHO DE TUCUPI (COM PIMENTA),,13210,,13210,13210,xx.x.xx Outrosxx.x.xx Vinagre não especificadoxx.x.x Coco raladoxx.x.x Outros caldos em tabletexx.x.x Colorauxx.x.x Leite de coco,6842,,,,
1995,68,Grupo - Sais e condimentos,6842,6842,MOLHO DE HORTELÃ,,13210,,13210,13210,xx.x.xx Outrosxx.x.xx Vinagre não especificadoxx.x.x Coco raladoxx.x.x Outros caldos em tabletexx.x.x Colorauxx.x.x Leite de coco,6843,,,,
1995,68,Grupo - Sais e condimentos,6843,6843,MAIONESE,,13204,,13204,13204,xx.x.x Maionese,6844,,,,
1995,68,Grupo - Sais e condimentos,6844,6844,CALDO DE GALINHA,,13202,,13202,13202,xx.x.x Caldo de galinha em tablete,6845,,,,
1995,68,Grupo - Sais e condimentos,6845,6845,CALDO DE CARNE,,13201,,13201,13201,xx.x.x Caldo de carne em tablete,6846,,,,
1995,68,Grupo - Sais e condimentos,6846,6846,CURRY,,13210,,13210,13210,xx.x.xx Outrosxx.x.xx Vinagre não especificadoxx.x.x Coco raladoxx.x.x Outros caldos em tabletexx.x.x Colorauxx.x.x Leite de coco,6847,,,,
1995,68,Grupo - Sais e condimentos,6847,6847,MASSA DE TOMATE,,13205,,13205,13205,xx.x.x Massa de tomate,6848,,,,
1995,68,Grupo - Sais e condimentos,6848,6848,MOLHO DE TOMATE,,13206,,13206,13206,xx.x.x Molho de tomate,6849,,,,
1995,68,Grupo - Sais e condimentos,6849,6849,MOLHO BOLONHESA,,13206,,13206,13206,xx.x.x Molho de tomate,6850,,,,
1995,68,Grupo - Sais e condimentos,6850,6850,ALHO,,2301,,2301,2301,x.x.x Alho,6851,,,,
1995,68,Grupo - Sais e condimentos,6851,6851,ALHO PORRÓ,,2301,,2301,2301,x.x.x Alho,6852,,,,
1995,68,Grupo - Sais e condimentos,6852,6852,COMINHO EM PÓ,,13210,,13210,13210,xx.x.xx Outrosxx.x.xx Vinagre não especificadoxx.x.x Coco raladoxx.x.x Outros caldos em tabletexx.x.x Colorauxx.x.x Leite de coco,6853,,,,
1995,68,Grupo - Sais e condimentos,6853,6853,PIMENTA DO REINO E ALHO EM PÓ (TEMPERO MISTO),,13210,,13210,13210,xx.x.xx Outrosxx.x.xx Vinagre não especificadoxx.x.x Coco raladoxx.x.x Outros caldos em tabletexx.x.x Colorauxx.x.x Leite de coco,6854,,,,
1995,68,Grupo - Sais e condimentos,6854,6854,CALDO DE LEGUMES,,13210,,13210,13210,xx.x.xx Outrosxx.x.xx Vinagre não especificadoxx.x.x Coco raladoxx.x.x Outros caldos em tabletexx.x.x Colorauxx.x.x Leite de coco,6855,,,,
1995,68,Grupo - Sais e condimentos,6855,6855,PEIXE EM PÓ,,13210,,13210,13210,xx.x.xx Outrosxx.x.xx Vinagre não especificadoxx.x.x Coco raladoxx.x.x Outros caldos em tabletexx.x.x Colorauxx.x.x Leite de coco,6856,,,,
1995,68,Grupo - Sais e condimentos,6856,6856,PURÊ DE CEBOLA,,13210,,13210,13210,xx.x.xx Outrosxx.x.xx Vinagre não especificadoxx.x.x Coco raladoxx.x.x Outros caldos em tabletexx.x.x Colorauxx.x.x Leite de coco,6857,,,,
1995,68,Grupo - Sais e condimentos,6857,6857,SAL DIETÉTICO,,13103,,13103,13103,xx.x.x Outros,6858,,,,
1995,68,Grupo - Sais e condimentos,6858,6858,TEMPERO DE FEIJÃO (TABLETE),,13210,,13210,13210,xx.x.xx Outrosxx.x.xx Vinagre não especificadoxx.x.x Coco raladoxx.x.x Outros caldos em tabletexx.x.x Colorauxx.x.x Leite de coco,6859,,,,
1995,68,Grupo - Sais e condimentos,6859,6859,AMACIANTE DE CARNE,,13210,,13210,13210,xx.x.xx Outrosxx.x.xx Vinagre não especificadoxx.x.x Coco raladoxx.x.x Outros caldos em tabletexx.x.x Colorauxx.x.x Leite de coco,6860,,,,
1995,68,Grupo - Sais e condimentos,6860,6860,FONDOR,,13210,,13210,13210,xx.x.xx Outrosxx.x.xx Vinagre não especificadoxx.x.x Coco raladoxx.x.x Outros caldos em tabletexx.x.x Colorauxx.x.x Leite de coco,6861,,,,
1995,68,Grupo - Sais e condimentos,6861,6861,PIMENTA EM PÓ,,13210,,13210,13210,xx.x.xx Outrosxx.x.xx Vinagre não especificadoxx.x.x Coco raladoxx.x.x Outros caldos em tabletexx.x.x Colorauxx.x.x Leite de coco,6862,,,,
1995,68,Grupo - Sais e condimentos,6862,6862,TEMPERO DE OMELETE (EM PÓ),,13210,,13210,13210,xx.x.xx Outrosxx.x.xx Vinagre não especificadoxx.x.x Coco raladoxx.x.x Outros caldos em tabletexx.x.x Colorauxx.x.x Leite de coco,6863,,,,
1995,68,Grupo - Sais e condimentos,6863,6863,MASSA DE PEIXE,,,,,13210,xx.x.xx Outrosxx.x.xx Vinagre não especificadoxx.x.x Coco raladoxx.x.x Outros caldos em tabletexx.x.x Colorauxx.x.x Leite de coco,6864,,,,
1995,68,Grupo - Sais e condimentos,6864,6864,EXTRATO DE INHAME,,,,,13210,xx.x.xx Outrosxx.x.xx Vinagre não especificadoxx.x.x Coco raladoxx.x.x Outros caldos em tabletexx.x.x Colorauxx.x.x Leite de coco,6865,,,,
1995,68,Grupo - Sais e condimentos,6865,6865,"ERVILHA FRITA, EM PÓ OU GRÃO",,,,,13210,xx.x.xx Outrosxx.x.xx Vinagre não especificadoxx.x.x Coco raladoxx.x.x Outros caldos em tabletexx.x.x Colorauxx.x.x Leite de coco,6866,,,,
1995,68,Grupo - Sais e condimentos,6866,6866,"FAVA FRITA, EM PÓ OU GRÃO",,,,,13210,xx.x.xx Outrosxx.x.xx Vinagre não especificadoxx.x.x Coco raladoxx.x.x Outros caldos em tabletexx.x.x Colorauxx.x.x Leite de coco,6867,,,,
1995,68,Grupo - Sais e condimentos,6867,6867,MOLHO DE MILHO VERDE,,,,,13210,xx.x.xx Outrosxx.x.xx Vinagre não especificadoxx.x.x Coco raladoxx.x.x Outros caldos em tabletexx.x.x Colorauxx.x.x Leite de coco,6868,,,,
1995,68,Grupo - Sais e condimentos,6868,6868,MISSO,,,,,13210,xx.x.xx Outrosxx.x.xx Vinagre não especificadoxx.x.x Coco raladoxx.x.x Outros caldos em tabletexx.x.x Colorauxx.x.x Leite de coco,6869,,,,
1995,68,Grupo - Sais e condimentos,6869,6869,SALSA DESIDRATADA,,,,,13210,xx.x.xx Outrosxx.x.xx Vinagre não especificadoxx.x.x Coco raladoxx.x.x Outros caldos em tabletexx.x.x Colorauxx.x.x Leite de coco,6870,,,,
1995,68,Grupo - Sais e condimentos,6870,6870,MOLHO DE PIZZA,,,,,13210,xx.x.xx Outrosxx.x.xx Vinagre não especificadoxx.x.x Coco raladoxx.x.x Outros caldos em tabletexx.x.x Colorauxx.x.x Leite de coco,6871,,,,
1995,68,Grupo - Sais e condimentos,6871,6871,TUCUPI (CALDO) (SEM PIMENTA),,,,,13210,xx.x.xx Outrosxx.x.xx Vinagre não especificadoxx.x.x Coco raladoxx.x.x Outros caldos em tabletexx.x.x Colorauxx.x.x Leite de coco,6872,,,,
1995,68,Grupo - Sais e condimentos,6872,6872,MOLHO BRANCO,,,,,13210,xx.x.xx Outrosxx.x.xx Vinagre não especificadoxx.x.x Coco raladoxx.x.x Outros caldos em tabletexx.x.x Colorauxx.x.x Leite de coco,6873,,,,
1995,68,Grupo - Sais e condimentos,6873,6873,CALDO DE BACON,,,,,13210,xx.x.xx Outrosxx.x.xx Vinagre não especificadoxx.x.x Coco raladoxx.x.x Outros caldos em tabletexx.x.x Colorauxx.x.x Leite de coco,6874,,,,
1995,68,Grupo - Sais e condimentos,6874,6874,CALDO DE CALABREZA,,,,,13210,xx.x.xx Outrosxx.x.xx Vinagre não especificadoxx.x.x Coco raladoxx.x.x Outros caldos em tabletexx.x.x Colorauxx.x.x Leite de coco,6875,,,,
1995,68,Grupo - Sais e condimentos,6875,6875,CALDO DE QUEIJO,,,,,13210,xx.x.xx Outrosxx.x.xx Vinagre não especificadoxx.x.x Coco raladoxx.x.x Outros caldos em tabletexx.x.x Colorauxx.x.x Leite de coco,6901,,,,
1995,69,Grupo - Carnes e vísceras,6901,6901,FILÉ MIGNON,,7106,,7106,7106,x.x.x Filé e filé mignonx.x.x Filé mignon,6902,,,,
1995,69,Grupo - Carnes e vísceras,6902,6902,CONTRA FILÉ,,7105,,7105,7105,x.x.x Contrafilé,6903,,,,
1995,69,Grupo - Carnes e vísceras,6903,6903,ALCATRA,,7101,,7101,7101,x.x.x Alcatra,6904,,,,
1995,69,Grupo - Carnes e vísceras,6904,6904,CHÃ DE DENTRO,,7104,,7104,7104,x.x.x Chã-de-dentro,6905,,,,
1995,69,Grupo - Carnes e vísceras,6905,6905,PATINHO,,7109,,7109,7109,x.x.x Patinho,6906,,,,
1995,69,Grupo - Carnes e vísceras,6906,6906,LAGARDO REDEONDO,,7108,,7108,7108,x.x.x Lagarto redondo,6907,,,,
1995,69,Grupo - Carnes e vísceras,6907,6907,LAGARDO COMUM,,7107,,7107,7107,x.x.x Lagarto comum,6908,,,,
1995,69,Grupo - Carnes e vísceras,6908,6908,ACÉM,,7201,,7201,7201,x.x.x Acém,6909,,,,
1995,69,Grupo - Carnes e vísceras,6909,6909,PA,,7206,,7206,7206,x.x.x Pá,6910,,,,
1995,69,Grupo - Carnes e vísceras,6910,6910,MÚSCULO DE BOI,,7205,,7205,7205,x.x.x Músculo,6911,,,,
1995,69,Grupo - Carnes e vísceras,6911,6911,PEITO DE BOI,,7207,,7207,7207,x.x.x Peito,6912,,,,
1995,69,Grupo - Carnes e vísceras,6912,6912,CAPA DE FILÉ,,7208,,7208,7208,x.x.x Outros  Capa de filéx.x.x Carne não especificadax.x.x Carne de hambúrgerx.x.x Carne de solx.x.x Carne moída não especificadax.x.x Carne não especificadax.x.x Mocotóx.x.x Outras x.x.x Carne-seca,6913,,,,
1995,69,Grupo - Carnes e vísceras,6913,6913,COSTELA DE BOI,,7204,,7204,7204,x.x.x Costela,6914,,,,
1995,69,Grupo - Carnes e vísceras,6914,6914,CARNE MOÍDA DE PRIMEIRA,,7102,,7102,7102,x.x.x Carne moída,6915,,,,
1995,69,Grupo - Carnes e vísceras,6915,6915,CARNE MOÍDA DE SEGUNDA,,7203,,7203,7203,x.x.x Carne moída,6916,,,,
1995,69,Grupo - Carnes e vísceras,6916,6916,CARNE DE BOI DE PRIMEIRA,,7103,,7103,7103,x.x.x Carne não especificada,6917,,,,
1995,69,Grupo - Carnes e vísceras,6917,6917,CARNE DE BOI DE SEGUNDA,,7208,,7208,7208,x.x.x Outros  Capa de filéx.x.x Carne não especificadax.x.x Carne de hambúrgerx.x.x Carne de solx.x.x Carne moída não especificadax.x.x Carne não especificadax.x.x Mocotóx.x.x Outras x.x.x Carne-seca,6918,,,,
1995,69,Grupo - Carnes e vísceras,6918,6918,VÍCERAS DE BOI (NÃO ESPECIFICADAS),,8102,,8102,8102,x.x.x Bovina Outrasx.x.x Buchox.x.x Língua,6919,,,,
1995,69,Grupo - Carnes e vísceras,6919,6919,CORAÇÃO DE BOI,,8102,,8102,8102,x.x.x Bovina Outrasx.x.x Buchox.x.x Língua,6920,,,,
1995,69,Grupo - Carnes e vísceras,6920,6920,RIM DE BOI,,8102,,8102,8102,x.x.x Bovina Outrasx.x.x Buchox.x.x Língua,6921,,,,
1995,69,Grupo - Carnes e vísceras,6921,6921,PULMÃO DE BOI,,8102,,8102,8102,x.x.x Bovina Outrasx.x.x Buchox.x.x Língua,6922,,,,
1995,69,Grupo - Carnes e vísceras,6922,6922,MIOLO DE BOI,,8102,,8102,8102,x.x.x Bovina Outrasx.x.x Buchox.x.x Língua,6923,,,,
1995,69,Grupo - Carnes e vísceras,6923,6923,BUCHO DE BOI,,8102,,8102,8102,x.x.x Bovina Outrasx.x.x Buchox.x.x Língua,6924,,,,
1995,69,Grupo - Carnes e vísceras,6924,6924,TRIPA DE BOI,,8102,,8102,8102,x.x.x Bovina Outrasx.x.x Buchox.x.x Língua,6925,,,,
1995,69,Grupo - Carnes e vísceras,6925,6925,FÍGADO DE BOI,,8101,,8101,8101,x.x.x Bovina Fígado,6926,,,,
1995,69,Grupo - Carnes e vísceras,6926,6926,CUPIM,,7203,,7203,7203,x.x.x Carne moída,6927,,,,
1995,69,Grupo - Carnes e vísceras,6927,6927,LÍNGUA DE BOI,,8102,,8102,8102,x.x.x Bovina Outrasx.x.x Buchox.x.x Língua,6928,,,,
1995,69,Grupo - Carnes e vísceras,6928,6928,RABADA DE BOI,,8102,,8102,8102,x.x.x Bovina Outrasx.x.x Buchox.x.x Língua,6929,,,,
1995,69,Grupo - Carnes e vísceras,6929,6929,TESTÍCULO DE BOI,,8102,,8102,8102,x.x.x Bovina Outrasx.x.x Buchox.x.x Língua,6930,,,,
1995,69,Grupo - Carnes e vísceras,6930,6930,CABEÇA DE BOI,,8102,,8102,8102,x.x.x Bovina Outrasx.x.x Buchox.x.x Língua,6931,,,,
1995,69,Grupo - Carnes e vísceras,6931,6931,MOCOTÓ DE BOI,,8102,,8102,8102,x.x.x Bovina Outrasx.x.x Buchox.x.x Língua,6932,,,,
1995,69,Grupo - Carnes e vísceras,6932,6932,OSSO DE BOI,,8102,,8102,8102,x.x.x Bovina Outrasx.x.x Buchox.x.x Língua,6933,,,,
1995,69,Grupo - Carnes e vísceras,6933,6933,CARRÉ DE PORCO,,7401,,7401,7401,x.x.x Carré,6934,,,,
1995,69,Grupo - Carnes e vísceras,6934,6934,PERNIL DE PORCO,,7404,,7404,7404,x.x.x Pernil,6935,,,,
1995,69,Grupo - Carnes e vísceras,6935,6935,COSTELA DE PORCO,,7402,,7402,7402,x.x.x Costela,6936,,,,
1995,69,Grupo - Carnes e vísceras,6936,6936,CARNE DE PORCO COM OSSO (NÃO ESPECIFICADA),,8103,,8103,8103,x.x.x Vísceras suínasx.x Vísceras suínas,6937,,,,
1995,69,Grupo - Carnes e vísceras,6937,6937,LOMBO DE PORCO,,7403,,7403,7403,x.x.x Lombo,6938,,,,
1995,69,Grupo - Carnes e vísceras,6938,6938,TOUCINHO,,7504,,7504,7504,x.x.x Toucinho frescox.x.x Toucinho defumadox.x.x Toucinho,6939,,,,
1995,69,Grupo - Carnes e vísceras,6939,6939,VÍSCERAS DE PORCO (NÃO ESPECIFICADAS),,8103,,8103,8103,x.x.x Vísceras suínasx.x Vísceras suínas,6940,,,,
1995,69,Grupo - Carnes e vísceras,6940,6940,CORAÇÃO DE PORCO,,8103,,8103,8103,x.x.x Vísceras suínasx.x Vísceras suínas,6941,,,,
1995,69,Grupo - Carnes e vísceras,6941,6941,RIM DE PORCO,,8103,,8103,8103,x.x.x Vísceras suínasx.x Vísceras suínas,6942,,,,
1995,69,Grupo - Carnes e vísceras,6942,6942,BOFE DE PORCO,,8103,,8103,8103,x.x.x Vísceras suínasx.x Vísceras suínas,6943,,,,
1995,69,Grupo - Carnes e vísceras,6943,6943,MIOLO DE PORCO,,8103,,8103,8103,x.x.x Vísceras suínasx.x Vísceras suínas,6944,,,,
1995,69,Grupo - Carnes e vísceras,6944,6944,BUCHO DE PORCO,,8103,,8103,8103,x.x.x Vísceras suínasx.x Vísceras suínas,6945,,,,
1995,69,Grupo - Carnes e vísceras,6945,6945,TRIPA DE PORCO,,8103,,8103,8103,x.x.x Vísceras suínasx.x Vísceras suínas,6946,,,,
1995,69,Grupo - Carnes e vísceras,6946,6946,FÍGADO DE PORCO,,8103,,8103,8103,x.x.x Vísceras suínasx.x Vísceras suínas,6947,,,,
1995,69,Grupo - Carnes e vísceras,6947,6947,LINGUA DE PORCO,,8103,,8103,8103,x.x.x Vísceras suínasx.x Vísceras suínas,6948,,,,
1995,69,Grupo - Carnes e vísceras,6948,6948,RABO DE PORCO,,8103,,8103,8103,x.x.x Vísceras suínasx.x Vísceras suínas,6949,,,,
1995,69,Grupo - Carnes e vísceras,6949,6949,CABEÇA DE PORCO,,8103,,8103,8103,x.x.x Vísceras suínasx.x Vísceras suínas,6950,,,,
1995,69,Grupo - Carnes e vísceras,6950,6950,ORELHA DE PORCO FRESCA,,8103,,8103,8103,x.x.x Vísceras suínasx.x Vísceras suínas,6951,,,,
1995,69,Grupo - Carnes e vísceras,6951,6951,SANGUE DE PORCO,,8103,,8103,8103,x.x.x Vísceras suínasx.x Vísceras suínas,6952,,,,
1995,69,Grupo - Carnes e vísceras,6952,6952,OSSO DE PORCO,,8103,,8103,8103,x.x.x Vísceras suínasx.x Vísceras suínas,6953,,,,
1995,69,Grupo - Carnes e vísceras,6953,6953,PORCO VIVO,,7506,,7506,7506,x.x.xx Outrasx.x.x Cane salgada não especificadax.x.x Costela de porco salgadax.x.x Paiox.x.x Pé de porco salgadox.x.x Salame,6954,,,,
1995,69,Grupo - Carnes e vísceras,6954,6954,CARNE DE CABRITO,,7602,,7602,7602,x.x.x Outrasx.x.x Carne de cabritox.x.x Carne de carneiro,6955,,,,
1995,69,Grupo - Carnes e vísceras,6955,6955,CABRITO VIVO,,7602,,7602,7602,x.x.x Outrasx.x.x Carne de cabritox.x.x Carne de carneiro,6956,,,,
1995,69,Grupo - Carnes e vísceras,6956,6956,CARNE DE CARNEIRO,,7602,,7602,7602,x.x.x Outrasx.x.x Carne de cabritox.x.x Carne de carneiro,6957,,,,
1995,69,Grupo - Carnes e vísceras,6957,6957,CARNEIRO VIVO,,7602,,7602,7602,x.x.x Outrasx.x.x Carne de cabritox.x.x Carne de carneiro,6967,,,,
1995,69,Grupo - Carnes e vísceras,6967,6967,OUTROS ANIMAIS VIVOS,,7602,,7602,7602,x.x.x Outrasx.x.x Carne de cabritox.x.x Carne de carneiro,6969,,,,
1995,69,Grupo - Carnes e vísceras,6969,6969,PASSARINHA DE BOI,,7208,,7208,7208,x.x.x Outros  Capa de filéx.x.x Carne não especificadax.x.x Carne de hambúrgerx.x.x Carne de solx.x.x Carne moída não especificadax.x.x Carne não especificadax.x.x Mocotóx.x.x Outras x.x.x Carne-seca,6970,,,,
1995,69,Grupo - Carnes e vísceras,6970,6970,PASSARINHA DE PORCO,,7506,,7506,7506,x.x.xx Outrasx.x.x Cane salgada não especificadax.x.x Costela de porco salgadax.x.x Paiox.x.x Pé de porco salgadox.x.x Salame,6971,,,,
1995,69,Grupo - Carnes e vísceras,6971,6971,BRAJOLA,,7602,,7602,7602,x.x.x Outrasx.x.x Carne de cabritox.x.x Carne de carneiro,6972,,,,
1995,69,Grupo - Carnes e vísceras,6972,6972,BUCHO DE CARNEIRO,,7602,,7602,7602,x.x.x Outrasx.x.x Carne de cabritox.x.x Carne de carneiro,6973,,,,
1995,69,Grupo - Carnes e vísceras,6973,6973,LIMPEZA (CARNE DE BOI),,8102,,8102,8102,x.x.x Bovina Outrasx.x.x Buchox.x.x Língua,6974,,,,
1995,69,Grupo - Carnes e vísceras,6974,6974,JOELHO DE PORCO,,7506,,7506,7506,x.x.xx Outrasx.x.x Cane salgada não especificadax.x.x Costela de porco salgadax.x.x Paiox.x.x Pé de porco salgadox.x.x Salame,6975,,,,
1995,69,Grupo - Carnes e vísceras,6975,6975,SUA DE PORCO,,7506,,7506,7506,x.x.xx Outrasx.x.x Cane salgada não especificadax.x.x Costela de porco salgadax.x.x Paiox.x.x Pé de porco salgadox.x.x Salame,6976,,,,
1995,69,Grupo - Carnes e vísceras,6976,6976,CARNE DE OUTROS ANIMAIS,,7506,,7506,7506,x.x.xx Outrasx.x.x Cane salgada não especificadax.x.x Costela de porco salgadax.x.x Paiox.x.x Pé de porco salgadox.x.x Salame,6979,,,,
1995,69,Grupo - Carnes e vísceras,6979,6979,KIT DE CARNE DE CHURRASCO,,7103,,7103,7103,x.x.x Carne não especificada,6981,,,,
1995,69,Grupo - Carnes e vísceras,6981,6981,VÍSCERAS DE CARNEIRO,,8104,,8104,8104,x.x.x Outras víscerasx.x Outras vísceras,6982,,,,
1995,69,Grupo - Carnes e vísceras,6982,6982,NARIZ DE PORCO,,8103,,8103,8103,x.x.x Vísceras suínasx.x Vísceras suínas,6983,,,,
1995,69,Grupo - Carnes e vísceras,6983,6983,PÉ DE PORCO FRESCO,,8103,,8103,8103,x.x.x Vísceras suínasx.x Vísceras suínas,6984,,,,
1995,69,Grupo - Carnes e vísceras,6984,6984,PORCO OU LEITÃO MORTO (EVISCERADO),,7405,,7405,7405,x.x.x Porco evisceradox.x.x Outras,6985,,,,
1995,69,Grupo - Carnes e vísceras,6985,6985,APARA (CARNE DE PORCO),,8103,,8103,8103,x.x.x Vísceras suínasx.x Vísceras suínas,6986,,,,
1995,69,Grupo - Carnes e vísceras,6986,6986,GARGANTA DE BOI,,,,,8103,x.x.x Vísceras suínasx.x Vísceras suínas,6988,,,,
1995,69,Grupo - Carnes e vísceras,6988,6988,CARNE DE TERNEIRO NÃO NASCIDO,,,,,8103,x.x.x Vísceras suínasx.x Vísceras suínas,7001,,,,
1995,70,Grupo - Pescados marinhos,7001,7001,PEIXE INTEIRO DE MAR (NÃO ESPECIFICADO),,9109,,9109,9109,x.x.xx Outrosx.x.x Anchova frescax.x.x Bagre frescox.x.x Cação frescox.x.x Meluza em filé congeladox.x.x Merluza em filé frescox.x.x Parati frescox.x.x Pescada em filé congeladox.x.xx Tainha frescax.x.xx Outros pescados em filé congeladox.x.xx Outros pescados em filé frescox.x.xx Outros pescados frescosx.x.x Outros pescados salgados,7002,,,,
1995,70,Grupo - Pescados marinhos,7002,7002,PEIXE EM POSTAS DE MAR (NÃO ESPECIFICADO),,9109,,9109,9109,x.x.xx Outrosx.x.x Anchova frescax.x.x Bagre frescox.x.x Cação frescox.x.x Meluza em filé congeladox.x.x Merluza em filé frescox.x.x Parati frescox.x.x Pescada em filé congeladox.x.xx Tainha frescax.x.xx Outros pescados em filé congeladox.x.xx Outros pescados em filé frescox.x.xx Outros pescados frescosx.x.x Outros pescados salgados,7003,,,,
1995,70,Grupo - Pescados marinhos,7003,7003,PEIXE EM FILÉ FRESCO DE MAR (NÃO ESPECIFICADO),,9109,,9109,9109,x.x.xx Outrosx.x.x Anchova frescax.x.x Bagre frescox.x.x Cação frescox.x.x Meluza em filé congeladox.x.x Merluza em filé frescox.x.x Parati frescox.x.x Pescada em filé congeladox.x.xx Tainha frescax.x.xx Outros pescados em filé congeladox.x.xx Outros pescados em filé frescox.x.xx Outros pescados frescosx.x.x Outros pescados salgados,7004,,,,
1995,70,Grupo - Pescados marinhos,7004,7004,PEIXE SALGADO DE MAR (NÃO ESPECIFICADO),,9109,,9109,9109,x.x.xx Outrosx.x.x Anchova frescax.x.x Bagre frescox.x.x Cação frescox.x.x Meluza em filé congeladox.x.x Merluza em filé frescox.x.x Parati frescox.x.x Pescada em filé congeladox.x.xx Tainha frescax.x.xx Outros pescados em filé congeladox.x.xx Outros pescados em filé frescox.x.xx Outros pescados frescosx.x.x Outros pescados salgados,7005,,,,
1995,70,Grupo - Pescados marinhos,7005,7005,PEIXE EM FILÉ CONGELADO DE MAR (NÃO ESPECICADO),,9109,,9109,9109,x.x.xx Outrosx.x.x Anchova frescax.x.x Bagre frescox.x.x Cação frescox.x.x Meluza em filé congeladox.x.x Merluza em filé frescox.x.x Parati frescox.x.x Pescada em filé congeladox.x.xx Tainha frescax.x.xx Outros pescados em filé congeladox.x.xx Outros pescados em filé frescox.x.xx Outros pescados frescosx.x.x Outros pescados salgados,7011,,,,
1995,70,Grupo - Pescados marinhos,7011,7011,PEIXE INTEIRO ANCHOVA,,9109,,9109,9109,x.x.xx Outrosx.x.x Anchova frescax.x.x Bagre frescox.x.x Cação frescox.x.x Meluza em filé congeladox.x.x Merluza em filé frescox.x.x Parati frescox.x.x Pescada em filé congeladox.x.xx Tainha frescax.x.xx Outros pescados em filé congeladox.x.xx Outros pescados em filé frescox.x.xx Outros pescados frescosx.x.x Outros pescados salgados,7012,,,,
1995,70,Grupo - Pescados marinhos,7012,7012,PEIXE EM POSTAS ANCHOVA,,9109,,9109,9109,x.x.xx Outrosx.x.x Anchova frescax.x.x Bagre frescox.x.x Cação frescox.x.x Meluza em filé congeladox.x.x Merluza em filé frescox.x.x Parati frescox.x.x Pescada em filé congeladox.x.xx Tainha frescax.x.xx Outros pescados em filé congeladox.x.xx Outros pescados em filé frescox.x.xx Outros pescados frescosx.x.x Outros pescados salgados,7013,,,,
1995,70,Grupo - Pescados marinhos,7013,7013,PEIXE EM FILÉ FRESCO ANCHOVA,,9109,,9109,9109,x.x.xx Outrosx.x.x Anchova frescax.x.x Bagre frescox.x.x Cação frescox.x.x Meluza em filé congeladox.x.x Merluza em filé frescox.x.x Parati frescox.x.x Pescada em filé congeladox.x.xx Tainha frescax.x.xx Outros pescados em filé congeladox.x.xx Outros pescados em filé frescox.x.xx Outros pescados frescosx.x.x Outros pescados salgados,7014,,,,
1995,70,Grupo - Pescados marinhos,7014,7014,PEIXE SALGADO ANCHOVA,,9109,,9109,9109,x.x.xx Outrosx.x.x Anchova frescax.x.x Bagre frescox.x.x Cação frescox.x.x Meluza em filé congeladox.x.x Merluza em filé frescox.x.x Parati frescox.x.x Pescada em filé congeladox.x.xx Tainha frescax.x.xx Outros pescados em filé congeladox.x.xx Outros pescados em filé frescox.x.xx Outros pescados frescosx.x.x Outros pescados salgados,7015,,,,
1995,70,Grupo - Pescados marinhos,7015,7015,PEIXE EM FILÉ CONGELADO ANCHOVA,,9109,,9109,9109,x.x.xx Outrosx.x.x Anchova frescax.x.x Bagre frescox.x.x Cação frescox.x.x Meluza em filé congeladox.x.x Merluza em filé frescox.x.x Parati frescox.x.x Pescada em filé congeladox.x.xx Tainha frescax.x.xx Outros pescados em filé congeladox.x.xx Outros pescados em filé frescox.x.xx Outros pescados frescosx.x.x Outros pescados salgados,7021,,,,
1995,70,Grupo - Pescados marinhos,7021,7021,PEIXE INTEIRO BADEJO,,9109,,9109,9109,x.x.xx Outrosx.x.x Anchova frescax.x.x Bagre frescox.x.x Cação frescox.x.x Meluza em filé congeladox.x.x Merluza em filé frescox.x.x Parati frescox.x.x Pescada em filé congeladox.x.xx Tainha frescax.x.xx Outros pescados em filé congeladox.x.xx Outros pescados em filé frescox.x.xx Outros pescados frescosx.x.x Outros pescados salgados,7022,,,,
1995,70,Grupo - Pescados marinhos,7022,7022,PEIXE EM POSTAS BADEJO,,9109,,9109,9109,x.x.xx Outrosx.x.x Anchova frescax.x.x Bagre frescox.x.x Cação frescox.x.x Meluza em filé congeladox.x.x Merluza em filé frescox.x.x Parati frescox.x.x Pescada em filé congeladox.x.xx Tainha frescax.x.xx Outros pescados em filé congeladox.x.xx Outros pescados em filé frescox.x.xx Outros pescados frescosx.x.x Outros pescados salgados,7023,,,,
1995,70,Grupo - Pescados marinhos,7023,7023,PEIXE EM FILÉ FRESCO BADEJO,,9109,,9109,9109,x.x.xx Outrosx.x.x Anchova frescax.x.x Bagre frescox.x.x Cação frescox.x.x Meluza em filé congeladox.x.x Merluza em filé frescox.x.x Parati frescox.x.x Pescada em filé congeladox.x.xx Tainha frescax.x.xx Outros pescados em filé congeladox.x.xx Outros pescados em filé frescox.x.xx Outros pescados frescosx.x.x Outros pescados salgados,7024,,,,
1995,70,Grupo - Pescados marinhos,7024,7024,PEIXE SALGADO BADEJO,,9109,,9109,9109,x.x.xx Outrosx.x.x Anchova frescax.x.x Bagre frescox.x.x Cação frescox.x.x Meluza em filé congeladox.x.x Merluza em filé frescox.x.x Parati frescox.x.x Pescada em filé congeladox.x.xx Tainha frescax.x.xx Outros pescados em filé congeladox.x.xx Outros pescados em filé frescox.x.xx Outros pescados frescosx.x.x Outros pescados salgados,7025,,,,
1995,70,Grupo - Pescados marinhos,7025,7025,PEIXE EM FILÉ CONGELADO BADEJO,,9109,,9109,9109,x.x.xx Outrosx.x.x Anchova frescax.x.x Bagre frescox.x.x Cação frescox.x.x Meluza em filé congeladox.x.x Merluza em filé frescox.x.x Parati frescox.x.x Pescada em filé congeladox.x.xx Tainha frescax.x.xx Outros pescados em filé congeladox.x.xx Outros pescados em filé frescox.x.xx Outros pescados frescosx.x.x Outros pescados salgados,7031,,,,
1995,70,Grupo - Pescados marinhos,7031,7031,PEIXE INTEIRO CORVINA,,9103,,9103,9103,x.x.x Corvina fresca,7032,,,,
1995,70,Grupo - Pescados marinhos,7032,7032,PEIXE EM POSTAS CORVINA,,9103,,9103,9103,x.x.x Corvina fresca,7033,,,,
1995,70,Grupo - Pescados marinhos,7033,7033,PEIXE EM FILÉ FRESCO CORVINA,,9103,,9103,9103,x.x.x Corvina fresca,7034,,,,
1995,70,Grupo - Pescados marinhos,7034,7034,PEIXE SALGADO CORVINA,,9109,,9109,9109,x.x.xx Outrosx.x.x Anchova frescax.x.x Bagre frescox.x.x Cação frescox.x.x Meluza em filé congeladox.x.x Merluza em filé frescox.x.x Parati frescox.x.x Pescada em filé congeladox.x.xx Tainha frescax.x.xx Outros pescados em filé congeladox.x.xx Outros pescados em filé frescox.x.xx Outros pescados frescosx.x.x Outros pescados salgados,7035,,,,
1995,70,Grupo - Pescados marinhos,7035,7035,PEIXE EM FILÉ CONGELADO CORVINA,,9109,,9109,9109,x.x.xx Outrosx.x.x Anchova frescax.x.x Bagre frescox.x.x Cação frescox.x.x Meluza em filé congeladox.x.x Merluza em filé frescox.x.x Parati frescox.x.x Pescada em filé congeladox.x.xx Tainha frescax.x.xx Outros pescados em filé congeladox.x.xx Outros pescados em filé frescox.x.xx Outros pescados frescosx.x.x Outros pescados salgados,7041,,,,
1995,70,Grupo - Pescados marinhos,7041,7041,PEIXE INTEIRO CASTANHA,,9109,,9109,9109,x.x.xx Outrosx.x.x Anchova frescax.x.x Bagre frescox.x.x Cação frescox.x.x Meluza em filé congeladox.x.x Merluza em filé frescox.x.x Parati frescox.x.x Pescada em filé congeladox.x.xx Tainha frescax.x.xx Outros pescados em filé congeladox.x.xx Outros pescados em filé frescox.x.xx Outros pescados frescosx.x.x Outros pescados salgados,7042,,,,
1995,70,Grupo - Pescados marinhos,7042,7042,PEIXE EM POSTAS CASTANHA,,9109,,9109,9109,x.x.xx Outrosx.x.x Anchova frescax.x.x Bagre frescox.x.x Cação frescox.x.x Meluza em filé congeladox.x.x Merluza em filé frescox.x.x Parati frescox.x.x Pescada em filé congeladox.x.xx Tainha frescax.x.xx Outros pescados em filé congeladox.x.xx Outros pescados em filé frescox.x.xx Outros pescados frescosx.x.x Outros pescados salgados,7043,,,,
1995,70,Grupo - Pescados marinhos,7043,7043,PEIXE EM FILÉ FRESCO CASTANHA,,9109,,9109,9109,x.x.xx Outrosx.x.x Anchova frescax.x.x Bagre frescox.x.x Cação frescox.x.x Meluza em filé congeladox.x.x Merluza em filé frescox.x.x Parati frescox.x.x Pescada em filé congeladox.x.xx Tainha frescax.x.xx Outros pescados em filé congeladox.x.xx Outros pescados em filé frescox.x.xx Outros pescados frescosx.x.x Outros pescados salgados,7044,,,,
1995,70,Grupo - Pescados marinhos,7044,7044,PEIXE SALGADO CASTANHA,,9109,,9109,9109,x.x.xx Outrosx.x.x Anchova frescax.x.x Bagre frescox.x.x Cação frescox.x.x Meluza em filé congeladox.x.x Merluza em filé frescox.x.x Parati frescox.x.x Pescada em filé congeladox.x.xx Tainha frescax.x.xx Outros pescados em filé congeladox.x.xx Outros pescados em filé frescox.x.xx Outros pescados frescosx.x.x Outros pescados salgados,7045,,,,
1995,70,Grupo - Pescados marinhos,7045,7045,PEIXE EM FILÉ CONGELADO CASTANHA,,9109,,9109,9109,x.x.xx Outrosx.x.x Anchova frescax.x.x Bagre frescox.x.x Cação frescox.x.x Meluza em filé congeladox.x.x Merluza em filé frescox.x.x Parati frescox.x.x Pescada em filé congeladox.x.xx Tainha frescax.x.xx Outros pescados em filé congeladox.x.xx Outros pescados em filé frescox.x.xx Outros pescados frescosx.x.x Outros pescados salgados,7051,,,,
1995,70,Grupo - Pescados marinhos,7051,7051,PEIXE INTEIRO CAVALINHA,,9109,,9109,9109,x.x.xx Outrosx.x.x Anchova frescax.x.x Bagre frescox.x.x Cação frescox.x.x Meluza em filé congeladox.x.x Merluza em filé frescox.x.x Parati frescox.x.x Pescada em filé congeladox.x.xx Tainha frescax.x.xx Outros pescados em filé congeladox.x.xx Outros pescados em filé frescox.x.xx Outros pescados frescosx.x.x Outros pescados salgados,7052,,,,
1995,70,Grupo - Pescados marinhos,7052,7052,PEIXE EM POSTAS CAVALINHA,,9109,,9109,9109,x.x.xx Outrosx.x.x Anchova frescax.x.x Bagre frescox.x.x Cação frescox.x.x Meluza em filé congeladox.x.x Merluza em filé frescox.x.x Parati frescox.x.x Pescada em filé congeladox.x.xx Tainha frescax.x.xx Outros pescados em filé congeladox.x.xx Outros pescados em filé frescox.x.xx Outros pescados frescosx.x.x Outros pescados salgados,7053,,,,
1995,70,Grupo - Pescados marinhos,7053,7053,PEIXE EM FILÉ FRESCO CAVALINHA,,9109,,9109,9109,x.x.xx Outrosx.x.x Anchova frescax.x.x Bagre frescox.x.x Cação frescox.x.x Meluza em filé congeladox.x.x Merluza em filé frescox.x.x Parati frescox.x.x Pescada em filé congeladox.x.xx Tainha frescax.x.xx Outros pescados em filé congeladox.x.xx Outros pescados em filé frescox.x.xx Outros pescados frescosx.x.x Outros pescados salgados,7054,,,,
1995,70,Grupo - Pescados marinhos,7054,7054,PEIXE SALGADO CAVALINHA,,9109,,9109,9109,x.x.xx Outrosx.x.x Anchova frescax.x.x Bagre frescox.x.x Cação frescox.x.x Meluza em filé congeladox.x.x Merluza em filé frescox.x.x Parati frescox.x.x Pescada em filé congeladox.x.xx Tainha frescax.x.xx Outros pescados em filé congeladox.x.xx Outros pescados em filé frescox.x.xx Outros pescados frescosx.x.x Outros pescados salgados,7055,,,,
1995,70,Grupo - Pescados marinhos,7055,7055,PEIXE EM FILÉ CONGELADO CAVALINHA,,9109,,9109,9109,x.x.xx Outrosx.x.x Anchova frescax.x.x Bagre frescox.x.x Cação frescox.x.x Meluza em filé congeladox.x.x Merluza em filé frescox.x.x Parati frescox.x.x Pescada em filé congeladox.x.xx Tainha frescax.x.xx Outros pescados em filé congeladox.x.xx Outros pescados em filé frescox.x.xx Outros pescados frescosx.x.x Outros pescados salgados,7061,,,,
1995,70,Grupo - Pescados marinhos,7061,7061,PEIXE INTEIRO CHICHARRO,,9109,,9109,9109,x.x.xx Outrosx.x.x Anchova frescax.x.x Bagre frescox.x.x Cação frescox.x.x Meluza em filé congeladox.x.x Merluza em filé frescox.x.x Parati frescox.x.x Pescada em filé congeladox.x.xx Tainha frescax.x.xx Outros pescados em filé congeladox.x.xx Outros pescados em filé frescox.x.xx Outros pescados frescosx.x.x Outros pescados salgados,7062,,,,
1995,70,Grupo - Pescados marinhos,7062,7062,PEIXE EM POSTAS CHICHARRO,,9109,,9109,9109,x.x.xx Outrosx.x.x Anchova frescax.x.x Bagre frescox.x.x Cação frescox.x.x Meluza em filé congeladox.x.x Merluza em filé frescox.x.x Parati frescox.x.x Pescada em filé congeladox.x.xx Tainha frescax.x.xx Outros pescados em filé congeladox.x.xx Outros pescados em filé frescox.x.xx Outros pescados frescosx.x.x Outros pescados salgados,7063,,,,
1995,70,Grupo - Pescados marinhos,7063,7063,PEIXE EM FILÉ FRESCO CHICHARRO,,9109,,9109,9109,x.x.xx Outrosx.x.x Anchova frescax.x.x Bagre frescox.x.x Cação frescox.x.x Meluza em filé congeladox.x.x Merluza em filé frescox.x.x Parati frescox.x.x Pescada em filé congeladox.x.xx Tainha frescax.x.xx Outros pescados em filé congeladox.x.xx Outros pescados em filé frescox.x.xx Outros pescados frescosx.x.x Outros pescados salgados,7064,,,,
1995,70,Grupo - Pescados marinhos,7064,7064,PEIXE SALGADO CHICHARRO,,9109,,9109,9109,x.x.xx Outrosx.x.x Anchova frescax.x.x Bagre frescox.x.x Cação frescox.x.x Meluza em filé congeladox.x.x Merluza em filé frescox.x.x Parati frescox.x.x Pescada em filé congeladox.x.xx Tainha frescax.x.xx Outros pescados em filé congeladox.x.xx Outros pescados em filé frescox.x.xx Outros pescados frescosx.x.x Outros pescados salgados,7065,,,,
1995,70,Grupo - Pescados marinhos,7065,7065,PEIXE EM FILÉ CONGELADO CHICHARRO,,9109,,9109,9109,x.x.xx Outrosx.x.x Anchova frescax.x.x Bagre frescox.x.x Cação frescox.x.x Meluza em filé congeladox.x.x Merluza em filé frescox.x.x Parati frescox.x.x Pescada em filé congeladox.x.xx Tainha frescax.x.xx Outros pescados em filé congeladox.x.xx Outros pescados em filé frescox.x.xx Outros pescados frescosx.x.x Outros pescados salgados,7071,,,,
1995,70,Grupo - Pescados marinhos,7071,7071,PEIXE INTEIRO RAIA,,9109,,9109,9109,x.x.xx Outrosx.x.x Anchova frescax.x.x Bagre frescox.x.x Cação frescox.x.x Meluza em filé congeladox.x.x Merluza em filé frescox.x.x Parati frescox.x.x Pescada em filé congeladox.x.xx Tainha frescax.x.xx Outros pescados em filé congeladox.x.xx Outros pescados em filé frescox.x.xx Outros pescados frescosx.x.x Outros pescados salgados,7072,,,,
1995,70,Grupo - Pescados marinhos,7072,7072,PEIXE EM POSTAS RAIA,,9109,,9109,9109,x.x.xx Outrosx.x.x Anchova frescax.x.x Bagre frescox.x.x Cação frescox.x.x Meluza em filé congeladox.x.x Merluza em filé frescox.x.x Parati frescox.x.x Pescada em filé congeladox.x.xx Tainha frescax.x.xx Outros pescados em filé congeladox.x.xx Outros pescados em filé frescox.x.xx Outros pescados frescosx.x.x Outros pescados salgados,7073,,,,
1995,70,Grupo - Pescados marinhos,7073,7073,PEIXE EM FILÉ FRESCO RAIA,,9109,,9109,9109,x.x.xx Outrosx.x.x Anchova frescax.x.x Bagre frescox.x.x Cação frescox.x.x Meluza em filé congeladox.x.x Merluza em filé frescox.x.x Parati frescox.x.x Pescada em filé congeladox.x.xx Tainha frescax.x.xx Outros pescados em filé congeladox.x.xx Outros pescados em filé frescox.x.xx Outros pescados frescosx.x.x Outros pescados salgados,7074,,,,
1995,70,Grupo - Pescados marinhos,7074,7074,PEIXE SALGADO RAIA,,9109,,9109,9109,x.x.xx Outrosx.x.x Anchova frescax.x.x Bagre frescox.x.x Cação frescox.x.x Meluza em filé congeladox.x.x Merluza em filé frescox.x.x Parati frescox.x.x Pescada em filé congeladox.x.xx Tainha frescax.x.xx Outros pescados em filé congeladox.x.xx Outros pescados em filé frescox.x.xx Outros pescados frescosx.x.x Outros pescados salgados,7075,,,,
1995,70,Grupo - Pescados marinhos,7075,7075,PEIXE EM FILÉ CONGELADO RAIA,,9109,,9109,9109,x.x.xx Outrosx.x.x Anchova frescax.x.x Bagre frescox.x.x Cação frescox.x.x Meluza em filé congeladox.x.x Merluza em filé frescox.x.x Parati frescox.x.x Pescada em filé congeladox.x.xx Tainha frescax.x.xx Outros pescados em filé congeladox.x.xx Outros pescados em filé frescox.x.xx Outros pescados frescosx.x.x Outros pescados salgados,7081,,,,
1995,70,Grupo - Pescados marinhos,7081,7081,PEIXE INTEIRO NAMORADO,,9109,,9109,9109,x.x.xx Outrosx.x.x Anchova frescax.x.x Bagre frescox.x.x Cação frescox.x.x Meluza em filé congeladox.x.x Merluza em filé frescox.x.x Parati frescox.x.x Pescada em filé congeladox.x.xx Tainha frescax.x.xx Outros pescados em filé congeladox.x.xx Outros pescados em filé frescox.x.xx Outros pescados frescosx.x.x Outros pescados salgados,7082,,,,
1995,70,Grupo - Pescados marinhos,7082,7082,PEIXE EM POSTAS NAMORADO,,9109,,9109,9109,x.x.xx Outrosx.x.x Anchova frescax.x.x Bagre frescox.x.x Cação frescox.x.x Meluza em filé congeladox.x.x Merluza em filé frescox.x.x Parati frescox.x.x Pescada em filé congeladox.x.xx Tainha frescax.x.xx Outros pescados em filé congeladox.x.xx Outros pescados em filé frescox.x.xx Outros pescados frescosx.x.x Outros pescados salgados,7083,,,,
1995,70,Grupo - Pescados marinhos,7083,7083,PEIXE EM FILÉ FRESCO NAMORADO,,9109,,9109,9109,x.x.xx Outrosx.x.x Anchova frescax.x.x Bagre frescox.x.x Cação frescox.x.x Meluza em filé congeladox.x.x Merluza em filé frescox.x.x Parati frescox.x.x Pescada em filé congeladox.x.xx Tainha frescax.x.xx Outros pescados em filé congeladox.x.xx Outros pescados em filé frescox.x.xx Outros pescados frescosx.x.x Outros pescados salgados,7085,,,,
1995,70,Grupo - Pescados marinhos,7085,7085,PEIXE EM FILÉ CONGELADO NAMORADO,,9109,,9109,9109,x.x.xx Outrosx.x.x Anchova frescax.x.x Bagre frescox.x.x Cação frescox.x.x Meluza em filé congeladox.x.x Merluza em filé frescox.x.x Parati frescox.x.x Pescada em filé congeladox.x.xx Tainha frescax.x.xx Outros pescados em filé congeladox.x.xx Outros pescados em filé frescox.x.xx Outros pescados frescosx.x.x Outros pescados salgados,7091,,,,
1995,70,Grupo - Pescados marinhos,7091,7091,PEIXE INTEIRO PESCADINHA,,9109,,9109,9109,x.x.xx Outrosx.x.x Anchova frescax.x.x Bagre frescox.x.x Cação frescox.x.x Meluza em filé congeladox.x.x Merluza em filé frescox.x.x Parati frescox.x.x Pescada em filé congeladox.x.xx Tainha frescax.x.xx Outros pescados em filé congeladox.x.xx Outros pescados em filé frescox.x.xx Outros pescados frescosx.x.x Outros pescados salgados,7092,,,,
1995,70,Grupo - Pescados marinhos,7092,7092,PEIXE EM POSTAS PESCADINHA,,9109,,9109,9109,x.x.xx Outrosx.x.x Anchova frescax.x.x Bagre frescox.x.x Cação frescox.x.x Meluza em filé congeladox.x.x Merluza em filé frescox.x.x Parati frescox.x.x Pescada em filé congeladox.x.xx Tainha frescax.x.xx Outros pescados em filé congeladox.x.xx Outros pescados em filé frescox.x.xx Outros pescados frescosx.x.x Outros pescados salgados,7093,,,,
1995,70,Grupo - Pescados marinhos,7093,7093,PEIXE EM FILÉ FRESCO PESCADINHA,,9109,,9109,9109,x.x.xx Outrosx.x.x Anchova frescax.x.x Bagre frescox.x.x Cação frescox.x.x Meluza em filé congeladox.x.x Merluza em filé frescox.x.x Parati frescox.x.x Pescada em filé congeladox.x.xx Tainha frescax.x.xx Outros pescados em filé congeladox.x.xx Outros pescados em filé frescox.x.xx Outros pescados frescosx.x.x Outros pescados salgados,7094,,,,
1995,70,Grupo - Pescados marinhos,7094,7094,PEIXE SALGADO PESCADINHA,,9109,,9109,9109,x.x.xx Outrosx.x.x Anchova frescax.x.x Bagre frescox.x.x Cação frescox.x.x Meluza em filé congeladox.x.x Merluza em filé frescox.x.x Parati frescox.x.x Pescada em filé congeladox.x.xx Tainha frescax.x.xx Outros pescados em filé congeladox.x.xx Outros pescados em filé frescox.x.xx Outros pescados frescosx.x.x Outros pescados salgados,7095,,,,
1995,70,Grupo - Pescados marinhos,7095,7095,PEIXE EM FILÉ CONGELADO PESCADINHA,,9109,,9109,9109,x.x.xx Outrosx.x.x Anchova frescax.x.x Bagre frescox.x.x Cação frescox.x.x Meluza em filé congeladox.x.x Merluza em filé frescox.x.x Parati frescox.x.x Pescada em filé congeladox.x.xx Tainha frescax.x.xx Outros pescados em filé congeladox.x.xx Outros pescados em filé frescox.x.xx Outros pescados frescosx.x.x Outros pescados salgados,7101,,,,
1995,71,Grupo - Pescados marinhos,7101,7101,PEIXE INTEIRO TAINHA,,9109,,9109,9109,x.x.xx Outrosx.x.x Anchova frescax.x.x Bagre frescox.x.x Cação frescox.x.x Meluza em filé congeladox.x.x Merluza em filé frescox.x.x Parati frescox.x.x Pescada em filé congeladox.x.xx Tainha frescax.x.xx Outros pescados em filé congeladox.x.xx Outros pescados em filé frescox.x.xx Outros pescados frescosx.x.x Outros pescados salgados,7102,,,,
1995,71,Grupo - Pescados marinhos,7102,7102,PEIXE EM POSTAS TAINHA,,9109,,9109,9109,x.x.xx Outrosx.x.x Anchova frescax.x.x Bagre frescox.x.x Cação frescox.x.x Meluza em filé congeladox.x.x Merluza em filé frescox.x.x Parati frescox.x.x Pescada em filé congeladox.x.xx Tainha frescax.x.xx Outros pescados em filé congeladox.x.xx Outros pescados em filé frescox.x.xx Outros pescados frescosx.x.x Outros pescados salgados,7103,,,,
1995,71,Grupo - Pescados marinhos,7103,7103,PEIXE EM FILÉ FRESCO TAINHA,,9109,,9109,9109,x.x.xx Outrosx.x.x Anchova frescax.x.x Bagre frescox.x.x Cação frescox.x.x Meluza em filé congeladox.x.x Merluza em filé frescox.x.x Parati frescox.x.x Pescada em filé congeladox.x.xx Tainha frescax.x.xx Outros pescados em filé congeladox.x.xx Outros pescados em filé frescox.x.xx Outros pescados frescosx.x.x Outros pescados salgados,7104,,,,
1995,71,Grupo - Pescados marinhos,7104,7104,PEIXE SALGADO TAINHA,,9109,,9109,9109,x.x.xx Outrosx.x.x Anchova frescax.x.x Bagre frescox.x.x Cação frescox.x.x Meluza em filé congeladox.x.x Merluza em filé frescox.x.x Parati frescox.x.x Pescada em filé congeladox.x.xx Tainha frescax.x.xx Outros pescados em filé congeladox.x.xx Outros pescados em filé frescox.x.xx Outros pescados frescosx.x.x Outros pescados salgados,7105,,,,
1995,71,Grupo - Pescados marinhos,7105,7105,PEIXE EM FILÉ CONGELADO TAINHA,,9109,,9109,9109,x.x.xx Outrosx.x.x Anchova frescax.x.x Bagre frescox.x.x Cação frescox.x.x Meluza em filé congeladox.x.x Merluza em filé frescox.x.x Parati frescox.x.x Pescada em filé congeladox.x.xx Tainha frescax.x.xx Outros pescados em filé congeladox.x.xx Outros pescados em filé frescox.x.xx Outros pescados frescosx.x.x Outros pescados salgados,7111,,,,
1995,71,Grupo - Pescados marinhos,7111,7111,PEIXE INTEIRO SARDINHA,,9108,,9108,9108,x.x.xx Sardinha fresca,7112,,,,
1995,71,Grupo - Pescados marinhos,7112,7112,PEIXE EM POSTAS SARDINHA,,9108,,9108,9108,x.x.xx Sardinha fresca,7113,,,,
1995,71,Grupo - Pescados marinhos,7113,7113,PEIXE EM FILÉ FRESCO SARDINHA,,9108,,9108,9108,x.x.xx Sardinha fresca,7114,,,,
1995,71,Grupo - Pescados marinhos,7114,7114,PEIXE SALGADO SARDINHA,,9107,,9107,9107,x.x.xx Sardinha em conserva,7115,,,,
1995,71,Grupo - Pescados marinhos,7115,7115,PEIXE EM FILÉ CONGELADO SARDINHA,,9107,,9107,9107,x.x.xx Sardinha em conserva,7116,,,,
1995,71,Grupo - Pescados marinhos,7116,7116,PEIXE DEFUMADO SARDINHA,,9107,,9107,9107,x.x.xx Sardinha em conserva,7121,,,,
1995,71,Grupo - Pescados marinhos,7121,7121,PEIXE INTEIRO VERMELHO,,9109,,9109,9109,x.x.xx Outrosx.x.x Anchova frescax.x.x Bagre frescox.x.x Cação frescox.x.x Meluza em filé congeladox.x.x Merluza em filé frescox.x.x Parati frescox.x.x Pescada em filé congeladox.x.xx Tainha frescax.x.xx Outros pescados em filé congeladox.x.xx Outros pescados em filé frescox.x.xx Outros pescados frescosx.x.x Outros pescados salgados,7122,,,,
1995,71,Grupo - Pescados marinhos,7122,7122,PEIXE EM POSTAS VERMELHO,,9109,,9109,9109,x.x.xx Outrosx.x.x Anchova frescax.x.x Bagre frescox.x.x Cação frescox.x.x Meluza em filé congeladox.x.x Merluza em filé frescox.x.x Parati frescox.x.x Pescada em filé congeladox.x.xx Tainha frescax.x.xx Outros pescados em filé congeladox.x.xx Outros pescados em filé frescox.x.xx Outros pescados frescosx.x.x Outros pescados salgados,7123,,,,
1995,71,Grupo - Pescados marinhos,7123,7123,PEIXE EM FILÉ FRESCO VERMELHO,,9109,,9109,9109,x.x.xx Outrosx.x.x Anchova frescax.x.x Bagre frescox.x.x Cação frescox.x.x Meluza em filé congeladox.x.x Merluza em filé frescox.x.x Parati frescox.x.x Pescada em filé congeladox.x.xx Tainha frescax.x.xx Outros pescados em filé congeladox.x.xx Outros pescados em filé frescox.x.xx Outros pescados frescosx.x.x Outros pescados salgados,7124,,,,
1995,71,Grupo - Pescados marinhos,7124,7124,PEIXE SALGADO VERMELHO,,9109,,9109,9109,x.x.xx Outrosx.x.x Anchova frescax.x.x Bagre frescox.x.x Cação frescox.x.x Meluza em filé congeladox.x.x Merluza em filé frescox.x.x Parati frescox.x.x Pescada em filé congeladox.x.xx Tainha frescax.x.xx Outros pescados em filé congeladox.x.xx Outros pescados em filé frescox.x.xx Outros pescados frescosx.x.x Outros pescados salgados,7125,,,,
1995,71,Grupo - Pescados marinhos,7125,7125,PEIXE EM FILÉ CONGELADO VERMELHO,,9109,,9109,9109,x.x.xx Outrosx.x.x Anchova frescax.x.x Bagre frescox.x.x Cação frescox.x.x Meluza em filé congeladox.x.x Merluza em filé frescox.x.x Parati frescox.x.x Pescada em filé congeladox.x.xx Tainha frescax.x.xx Outros pescados em filé congeladox.x.xx Outros pescados em filé frescox.x.xx Outros pescados frescosx.x.x Outros pescados salgados,7131,,,,
1995,71,Grupo - Pescados marinhos,7131,7131,PEIXE INTEIRO CIOBA,,9109,,9109,9109,x.x.xx Outrosx.x.x Anchova frescax.x.x Bagre frescox.x.x Cação frescox.x.x Meluza em filé congeladox.x.x Merluza em filé frescox.x.x Parati frescox.x.x Pescada em filé congeladox.x.xx Tainha frescax.x.xx Outros pescados em filé congeladox.x.xx Outros pescados em filé frescox.x.xx Outros pescados frescosx.x.x Outros pescados salgados,7132,,,,
1995,71,Grupo - Pescados marinhos,7132,7132,PEIXE EM POSTAS CIOBA,,9109,,9109,9109,x.x.xx Outrosx.x.x Anchova frescax.x.x Bagre frescox.x.x Cação frescox.x.x Meluza em filé congeladox.x.x Merluza em filé frescox.x.x Parati frescox.x.x Pescada em filé congeladox.x.xx Tainha frescax.x.xx Outros pescados em filé congeladox.x.xx Outros pescados em filé frescox.x.xx Outros pescados frescosx.x.x Outros pescados salgados,7133,,,,
1995,71,Grupo - Pescados marinhos,7133,7133,PEIXE EM FILÉ FRESCO CIOBA,,9109,,9109,9109,x.x.xx Outrosx.x.x Anchova frescax.x.x Bagre frescox.x.x Cação frescox.x.x Meluza em filé congeladox.x.x Merluza em filé frescox.x.x Parati frescox.x.x Pescada em filé congeladox.x.xx Tainha frescax.x.xx Outros pescados em filé congeladox.x.xx Outros pescados em filé frescox.x.xx Outros pescados frescosx.x.x Outros pescados salgados,7134,,,,
1995,71,Grupo - Pescados marinhos,7134,7134,PEIXE SALGADO CIOBA,,9109,,9109,9109,x.x.xx Outrosx.x.x Anchova frescax.x.x Bagre frescox.x.x Cação frescox.x.x Meluza em filé congeladox.x.x Merluza em filé frescox.x.x Parati frescox.x.x Pescada em filé congeladox.x.xx Tainha frescax.x.xx Outros pescados em filé congeladox.x.xx Outros pescados em filé frescox.x.xx Outros pescados frescosx.x.x Outros pescados salgados,7135,,,,
1995,71,Grupo - Pescados marinhos,7135,7135,PEIXE EM FILÉ CONGELADO CIOBA,,9109,,9109,9109,x.x.xx Outrosx.x.x Anchova frescax.x.x Bagre frescox.x.x Cação frescox.x.x Meluza em filé congeladox.x.x Merluza em filé frescox.x.x Parati frescox.x.x Pescada em filé congeladox.x.xx Tainha frescax.x.xx Outros pescados em filé congeladox.x.xx Outros pescados em filé frescox.x.xx Outros pescados frescosx.x.x Outros pescados salgados,7141,,,,
1995,71,Grupo - Pescados marinhos,7141,7141,PEIXE INTEIRO BAGRE DE MAR,,9109,,9109,9109,x.x.xx Outrosx.x.x Anchova frescax.x.x Bagre frescox.x.x Cação frescox.x.x Meluza em filé congeladox.x.x Merluza em filé frescox.x.x Parati frescox.x.x Pescada em filé congeladox.x.xx Tainha frescax.x.xx Outros pescados em filé congeladox.x.xx Outros pescados em filé frescox.x.xx Outros pescados frescosx.x.x Outros pescados salgados,7142,,,,
1995,71,Grupo - Pescados marinhos,7142,7142,PEIXE EM POSTAS BAGRE DE MAR,,9109,,9109,9109,x.x.xx Outrosx.x.x Anchova frescax.x.x Bagre frescox.x.x Cação frescox.x.x Meluza em filé congeladox.x.x Merluza em filé frescox.x.x Parati frescox.x.x Pescada em filé congeladox.x.xx Tainha frescax.x.xx Outros pescados em filé congeladox.x.xx Outros pescados em filé frescox.x.xx Outros pescados frescosx.x.x Outros pescados salgados,7143,,,,
1995,71,Grupo - Pescados marinhos,7143,7143,PEIXE EM FILÉ FRESCO BAGRE DE MAR,,9109,,9109,9109,x.x.xx Outrosx.x.x Anchova frescax.x.x Bagre frescox.x.x Cação frescox.x.x Meluza em filé congeladox.x.x Merluza em filé frescox.x.x Parati frescox.x.x Pescada em filé congeladox.x.xx Tainha frescax.x.xx Outros pescados em filé congeladox.x.xx Outros pescados em filé frescox.x.xx Outros pescados frescosx.x.x Outros pescados salgados,7144,,,,
1995,71,Grupo - Pescados marinhos,7144,7144,PEIXE SALGADO BAGRE DE MAR,,9109,,9109,9109,x.x.xx Outrosx.x.x Anchova frescax.x.x Bagre frescox.x.x Cação frescox.x.x Meluza em filé congeladox.x.x Merluza em filé frescox.x.x Parati frescox.x.x Pescada em filé congeladox.x.xx Tainha frescax.x.xx Outros pescados em filé congeladox.x.xx Outros pescados em filé frescox.x.xx Outros pescados frescosx.x.x Outros pescados salgados,7145,,,,
1995,71,Grupo - Pescados marinhos,7145,7145,PEIXE EM FILÉ CONGELADO BAGRE DE MAR,,9109,,9109,9109,x.x.xx Outrosx.x.x Anchova frescax.x.x Bagre frescox.x.x Cação frescox.x.x Meluza em filé congeladox.x.x Merluza em filé frescox.x.x Parati frescox.x.x Pescada em filé congeladox.x.xx Tainha frescax.x.xx Outros pescados em filé congeladox.x.xx Outros pescados em filé frescox.x.xx Outros pescados frescosx.x.x Outros pescados salgados,7151,,,,
1995,71,Grupo - Pescados marinhos,7151,7151,PEIXE INTEIRO CARAPEBA,,9109,,9109,9109,x.x.xx Outrosx.x.x Anchova frescax.x.x Bagre frescox.x.x Cação frescox.x.x Meluza em filé congeladox.x.x Merluza em filé frescox.x.x Parati frescox.x.x Pescada em filé congeladox.x.xx Tainha frescax.x.xx Outros pescados em filé congeladox.x.xx Outros pescados em filé frescox.x.xx Outros pescados frescosx.x.x Outros pescados salgados,7152,,,,
1995,71,Grupo - Pescados marinhos,7152,7152,PEIXE EM POSTAS CARAPEBA,,9109,,9109,9109,x.x.xx Outrosx.x.x Anchova frescax.x.x Bagre frescox.x.x Cação frescox.x.x Meluza em filé congeladox.x.x Merluza em filé frescox.x.x Parati frescox.x.x Pescada em filé congeladox.x.xx Tainha frescax.x.xx Outros pescados em filé congeladox.x.xx Outros pescados em filé frescox.x.xx Outros pescados frescosx.x.x Outros pescados salgados,7153,,,,
1995,71,Grupo - Pescados marinhos,7153,7153,PEIXE EM FILÉ FRESCO CARAPEBA,,9109,,9109,9109,x.x.xx Outrosx.x.x Anchova frescax.x.x Bagre frescox.x.x Cação frescox.x.x Meluza em filé congeladox.x.x Merluza em filé frescox.x.x Parati frescox.x.x Pescada em filé congeladox.x.xx Tainha frescax.x.xx Outros pescados em filé congeladox.x.xx Outros pescados em filé frescox.x.xx Outros pescados frescosx.x.x Outros pescados salgados,7154,,,,
1995,71,Grupo - Pescados marinhos,7154,7154,PEIXE SALGADO CARAPEBA,,9109,,9109,9109,x.x.xx Outrosx.x.x Anchova frescax.x.x Bagre frescox.x.x Cação frescox.x.x Meluza em filé congeladox.x.x Merluza em filé frescox.x.x Parati frescox.x.x Pescada em filé congeladox.x.xx Tainha frescax.x.xx Outros pescados em filé congeladox.x.xx Outros pescados em filé frescox.x.xx Outros pescados frescosx.x.x Outros pescados salgados,7155,,,,
1995,71,Grupo - Pescados marinhos,7155,7155,PEIXE EM FILÉ CONGELADO CARAPEBA,,9109,,9109,9109,x.x.xx Outrosx.x.x Anchova frescax.x.x Bagre frescox.x.x Cação frescox.x.x Meluza em filé congeladox.x.x Merluza em filé frescox.x.x Parati frescox.x.x Pescada em filé congeladox.x.xx Tainha frescax.x.xx Outros pescados em filé congeladox.x.xx Outros pescados em filé frescox.x.xx Outros pescados frescosx.x.x Outros pescados salgados,7161,,,,
1995,71,Grupo - Pescados marinhos,7161,7161,PEIXE INTEIRO CAVALA,,9109,,9109,9109,x.x.xx Outrosx.x.x Anchova frescax.x.x Bagre frescox.x.x Cação frescox.x.x Meluza em filé congeladox.x.x Merluza em filé frescox.x.x Parati frescox.x.x Pescada em filé congeladox.x.xx Tainha frescax.x.xx Outros pescados em filé congeladox.x.xx Outros pescados em filé frescox.x.xx Outros pescados frescosx.x.x Outros pescados salgados,7162,,,,
1995,71,Grupo - Pescados marinhos,7162,7162,PEIXE EM POSTAS CAVALA,,9109,,9109,9109,x.x.xx Outrosx.x.x Anchova frescax.x.x Bagre frescox.x.x Cação frescox.x.x Meluza em filé congeladox.x.x Merluza em filé frescox.x.x Parati frescox.x.x Pescada em filé congeladox.x.xx Tainha frescax.x.xx Outros pescados em filé congeladox.x.xx Outros pescados em filé frescox.x.xx Outros pescados frescosx.x.x Outros pescados salgados,7163,,,,
1995,71,Grupo - Pescados marinhos,7163,7163,PEIXE EM FILÉ FRESCO CAVALA,,9109,,9109,9109,x.x.xx Outrosx.x.x Anchova frescax.x.x Bagre frescox.x.x Cação frescox.x.x Meluza em filé congeladox.x.x Merluza em filé frescox.x.x Parati frescox.x.x Pescada em filé congeladox.x.xx Tainha frescax.x.xx Outros pescados em filé congeladox.x.xx Outros pescados em filé frescox.x.xx Outros pescados frescosx.x.x Outros pescados salgados,7164,,,,
1995,71,Grupo - Pescados marinhos,7164,7164,PEIXE SALGADO CAVALA,,9109,,9109,9109,x.x.xx Outrosx.x.x Anchova frescax.x.x Bagre frescox.x.x Cação frescox.x.x Meluza em filé congeladox.x.x Merluza em filé frescox.x.x Parati frescox.x.x Pescada em filé congeladox.x.xx Tainha frescax.x.xx Outros pescados em filé congeladox.x.xx Outros pescados em filé frescox.x.xx Outros pescados frescosx.x.x Outros pescados salgados,7165,,,,
1995,71,Grupo - Pescados marinhos,7165,7165,PEIXE EM FILÉ CONGELADO CAVALA,,9109,,9109,9109,x.x.xx Outrosx.x.x Anchova frescax.x.x Bagre frescox.x.x Cação frescox.x.x Meluza em filé congeladox.x.x Merluza em filé frescox.x.x Parati frescox.x.x Pescada em filé congeladox.x.xx Tainha frescax.x.xx Outros pescados em filé congeladox.x.xx Outros pescados em filé frescox.x.xx Outros pescados frescosx.x.x Outros pescados salgados,7171,,,,
1995,71,Grupo - Pescados marinhos,7171,7171,PEIXE INTEIRO CARAPICU,,9109,,9109,9109,x.x.xx Outrosx.x.x Anchova frescax.x.x Bagre frescox.x.x Cação frescox.x.x Meluza em filé congeladox.x.x Merluza em filé frescox.x.x Parati frescox.x.x Pescada em filé congeladox.x.xx Tainha frescax.x.xx Outros pescados em filé congeladox.x.xx Outros pescados em filé frescox.x.xx Outros pescados frescosx.x.x Outros pescados salgados,7172,,,,
1995,71,Grupo - Pescados marinhos,7172,7172,PEIXE EM POSTAS CARAPICU,,9109,,9109,9109,x.x.xx Outrosx.x.x Anchova frescax.x.x Bagre frescox.x.x Cação frescox.x.x Meluza em filé congeladox.x.x Merluza em filé frescox.x.x Parati frescox.x.x Pescada em filé congeladox.x.xx Tainha frescax.x.xx Outros pescados em filé congeladox.x.xx Outros pescados em filé frescox.x.xx Outros pescados frescosx.x.x Outros pescados salgados,7173,,,,
1995,71,Grupo - Pescados marinhos,7173,7173,PEIXE EM FILÉ FFRESCO CARAPICU,,9109,,9109,9109,x.x.xx Outrosx.x.x Anchova frescax.x.x Bagre frescox.x.x Cação frescox.x.x Meluza em filé congeladox.x.x Merluza em filé frescox.x.x Parati frescox.x.x Pescada em filé congeladox.x.xx Tainha frescax.x.xx Outros pescados em filé congeladox.x.xx Outros pescados em filé frescox.x.xx Outros pescados frescosx.x.x Outros pescados salgados,7174,,,,
1995,71,Grupo - Pescados marinhos,7174,7174,PEIXE SALGADO CARAPICU,,9109,,9109,9109,x.x.xx Outrosx.x.x Anchova frescax.x.x Bagre frescox.x.x Cação frescox.x.x Meluza em filé congeladox.x.x Merluza em filé frescox.x.x Parati frescox.x.x Pescada em filé congeladox.x.xx Tainha frescax.x.xx Outros pescados em filé congeladox.x.xx Outros pescados em filé frescox.x.xx Outros pescados frescosx.x.x Outros pescados salgados,7175,,,,
1995,71,Grupo - Pescados marinhos,7175,7175,PEIXE EM FILÉ CONGELADO CARAPICU,,9109,,9109,9109,x.x.xx Outrosx.x.x Anchova frescax.x.x Bagre frescox.x.x Cação frescox.x.x Meluza em filé congeladox.x.x Merluza em filé frescox.x.x Parati frescox.x.x Pescada em filé congeladox.x.xx Tainha frescax.x.xx Outros pescados em filé congeladox.x.xx Outros pescados em filé frescox.x.xx Outros pescados frescosx.x.x Outros pescados salgados,7181,,,,
1995,71,Grupo - Pescados marinhos,7181,7181,PEIXE INTEIRO GALO,,9109,,9109,9109,x.x.xx Outrosx.x.x Anchova frescax.x.x Bagre frescox.x.x Cação frescox.x.x Meluza em filé congeladox.x.x Merluza em filé frescox.x.x Parati frescox.x.x Pescada em filé congeladox.x.xx Tainha frescax.x.xx Outros pescados em filé congeladox.x.xx Outros pescados em filé frescox.x.xx Outros pescados frescosx.x.x Outros pescados salgados,7182,,,,
1995,71,Grupo - Pescados marinhos,7182,7182,PEIXE EM POSTAS GALO,,9109,,9109,9109,x.x.xx Outrosx.x.x Anchova frescax.x.x Bagre frescox.x.x Cação frescox.x.x Meluza em filé congeladox.x.x Merluza em filé frescox.x.x Parati frescox.x.x Pescada em filé congeladox.x.xx Tainha frescax.x.xx Outros pescados em filé congeladox.x.xx Outros pescados em filé frescox.x.xx Outros pescados frescosx.x.x Outros pescados salgados,7183,,,,
1995,71,Grupo - Pescados marinhos,7183,7183,PEIXE EM FILÉ FRESCO GALO,,9109,,9109,9109,x.x.xx Outrosx.x.x Anchova frescax.x.x Bagre frescox.x.x Cação frescox.x.x Meluza em filé congeladox.x.x Merluza em filé frescox.x.x Parati frescox.x.x Pescada em filé congeladox.x.xx Tainha frescax.x.xx Outros pescados em filé congeladox.x.xx Outros pescados em filé frescox.x.xx Outros pescados frescosx.x.x Outros pescados salgados,7184,,,,
1995,71,Grupo - Pescados marinhos,7184,7184,PEIXE SALGADO GALO,,9109,,9109,9109,x.x.xx Outrosx.x.x Anchova frescax.x.x Bagre frescox.x.x Cação frescox.x.x Meluza em filé congeladox.x.x Merluza em filé frescox.x.x Parati frescox.x.x Pescada em filé congeladox.x.xx Tainha frescax.x.xx Outros pescados em filé congeladox.x.xx Outros pescados em filé frescox.x.xx Outros pescados frescosx.x.x Outros pescados salgados,7185,,,,
1995,71,Grupo - Pescados marinhos,7185,7185,PEIXE EM FILÉ CONGELADO GALO,,9109,,9109,9109,x.x.xx Outrosx.x.x Anchova frescax.x.x Bagre frescox.x.x Cação frescox.x.x Meluza em filé congeladox.x.x Merluza em filé frescox.x.x Parati frescox.x.x Pescada em filé congeladox.x.xx Tainha frescax.x.xx Outros pescados em filé congeladox.x.xx Outros pescados em filé frescox.x.xx Outros pescados frescosx.x.x Outros pescados salgados,7191,,,,
1995,71,Grupo - Pescados marinhos,7191,7191,PEIXE INTEIRO CORCOROCA,,9109,,9109,9109,x.x.xx Outrosx.x.x Anchova frescax.x.x Bagre frescox.x.x Cação frescox.x.x Meluza em filé congeladox.x.x Merluza em filé frescox.x.x Parati frescox.x.x Pescada em filé congeladox.x.xx Tainha frescax.x.xx Outros pescados em filé congeladox.x.xx Outros pescados em filé frescox.x.xx Outros pescados frescosx.x.x Outros pescados salgados,7192,,,,
1995,71,Grupo - Pescados marinhos,7192,7192,PEIXE EM POSTAS CORCOROCA,,9109,,9109,9109,x.x.xx Outrosx.x.x Anchova frescax.x.x Bagre frescox.x.x Cação frescox.x.x Meluza em filé congeladox.x.x Merluza em filé frescox.x.x Parati frescox.x.x Pescada em filé congeladox.x.xx Tainha frescax.x.xx Outros pescados em filé congeladox.x.xx Outros pescados em filé frescox.x.xx Outros pescados frescosx.x.x Outros pescados salgados,7193,,,,
1995,71,Grupo - Pescados marinhos,7193,7193,PEIXE EM FILÉ FRESCO CORCOROCA,,9109,,9109,9109,x.x.xx Outrosx.x.x Anchova frescax.x.x Bagre frescox.x.x Cação frescox.x.x Meluza em filé congeladox.x.x Merluza em filé frescox.x.x Parati frescox.x.x Pescada em filé congeladox.x.xx Tainha frescax.x.xx Outros pescados em filé congeladox.x.xx Outros pescados em filé frescox.x.xx Outros pescados frescosx.x.x Outros pescados salgados,7194,,,,
1995,71,Grupo - Pescados marinhos,7194,7194,PEIXE SALGADO CORCOROCA,,9109,,9109,9109,x.x.xx Outrosx.x.x Anchova frescax.x.x Bagre frescox.x.x Cação frescox.x.x Meluza em filé congeladox.x.x Merluza em filé frescox.x.x Parati frescox.x.x Pescada em filé congeladox.x.xx Tainha frescax.x.xx Outros pescados em filé congeladox.x.xx Outros pescados em filé frescox.x.xx Outros pescados frescosx.x.x Outros pescados salgados,7195,,,,
1995,71,Grupo - Pescados marinhos,7195,7195,PEIXE EM FILÉ CONGELADO CORCOROCA,,9109,,9109,9109,x.x.xx Outrosx.x.x Anchova frescax.x.x Bagre frescox.x.x Cação frescox.x.x Meluza em filé congeladox.x.x Merluza em filé frescox.x.x Parati frescox.x.x Pescada em filé congeladox.x.xx Tainha frescax.x.xx Outros pescados em filé congeladox.x.xx Outros pescados em filé frescox.x.xx Outros pescados frescosx.x.x Outros pescados salgados,7201,,,,
1995,72,Grupo - Pescados marinhos,7201,7201,PEIXE INTEIRO MANJUBA,,9109,,9109,9109,x.x.xx Outrosx.x.x Anchova frescax.x.x Bagre frescox.x.x Cação frescox.x.x Meluza em filé congeladox.x.x Merluza em filé frescox.x.x Parati frescox.x.x Pescada em filé congeladox.x.xx Tainha frescax.x.xx Outros pescados em filé congeladox.x.xx Outros pescados em filé frescox.x.xx Outros pescados frescosx.x.x Outros pescados salgados,7202,,,,
1995,72,Grupo - Pescados marinhos,7202,7202,PEIXE EM POSTAS MANJUBA,,9109,,9109,9109,x.x.xx Outrosx.x.x Anchova frescax.x.x Bagre frescox.x.x Cação frescox.x.x Meluza em filé congeladox.x.x Merluza em filé frescox.x.x Parati frescox.x.x Pescada em filé congeladox.x.xx Tainha frescax.x.xx Outros pescados em filé congeladox.x.xx Outros pescados em filé frescox.x.xx Outros pescados frescosx.x.x Outros pescados salgados,7203,,,,
1995,72,Grupo - Pescados marinhos,7203,7203,PEIXE EM FILÉ FRESCO MANJUBA,,9109,,9109,9109,x.x.xx Outrosx.x.x Anchova frescax.x.x Bagre frescox.x.x Cação frescox.x.x Meluza em filé congeladox.x.x Merluza em filé frescox.x.x Parati frescox.x.x Pescada em filé congeladox.x.xx Tainha frescax.x.xx Outros pescados em filé congeladox.x.xx Outros pescados em filé frescox.x.xx Outros pescados frescosx.x.x Outros pescados salgados,7204,,,,
1995,72,Grupo - Pescados marinhos,7204,7204,PEIXE SALGADO MANJUBA,,9109,,9109,9109,x.x.xx Outrosx.x.x Anchova frescax.x.x Bagre frescox.x.x Cação frescox.x.x Meluza em filé congeladox.x.x Merluza em filé frescox.x.x Parati frescox.x.x Pescada em filé congeladox.x.xx Tainha frescax.x.xx Outros pescados em filé congeladox.x.xx Outros pescados em filé frescox.x.xx Outros pescados frescosx.x.x Outros pescados salgados,7205,,,,
1995,72,Grupo - Pescados marinhos,7205,7205,PEIXE EM FILÉ CONGELADO MANJUBA,,9109,,9109,9109,x.x.xx Outrosx.x.x Anchova frescax.x.x Bagre frescox.x.x Cação frescox.x.x Meluza em filé congeladox.x.x Merluza em filé frescox.x.x Parati frescox.x.x Pescada em filé congeladox.x.xx Tainha frescax.x.xx Outros pescados em filé congeladox.x.xx Outros pescados em filé frescox.x.xx Outros pescados frescosx.x.x Outros pescados salgados,7211,,,,
1995,72,Grupo - Pescados marinhos,7211,7211,PEIXE INTEIRO PAPATERRA,,9109,,9109,9109,x.x.xx Outrosx.x.x Anchova frescax.x.x Bagre frescox.x.x Cação frescox.x.x Meluza em filé congeladox.x.x Merluza em filé frescox.x.x Parati frescox.x.x Pescada em filé congeladox.x.xx Tainha frescax.x.xx Outros pescados em filé congeladox.x.xx Outros pescados em filé frescox.x.xx Outros pescados frescosx.x.x Outros pescados salgados,7212,,,,
1995,72,Grupo - Pescados marinhos,7212,7212,PEIXE EM POSTAS PAPATERRA,,9109,,9109,9109,x.x.xx Outrosx.x.x Anchova frescax.x.x Bagre frescox.x.x Cação frescox.x.x Meluza em filé congeladox.x.x Merluza em filé frescox.x.x Parati frescox.x.x Pescada em filé congeladox.x.xx Tainha frescax.x.xx Outros pescados em filé congeladox.x.xx Outros pescados em filé frescox.x.xx Outros pescados frescosx.x.x Outros pescados salgados,7213,,,,
1995,72,Grupo - Pescados marinhos,7213,7213,PEIXE EM FILÉ FRESCO PAPATERRA,,9109,,9109,9109,x.x.xx Outrosx.x.x Anchova frescax.x.x Bagre frescox.x.x Cação frescox.x.x Meluza em filé congeladox.x.x Merluza em filé frescox.x.x Parati frescox.x.x Pescada em filé congeladox.x.xx Tainha frescax.x.xx Outros pescados em filé congeladox.x.xx Outros pescados em filé frescox.x.xx Outros pescados frescosx.x.x Outros pescados salgados,7214,,,,
1995,72,Grupo - Pescados marinhos,7214,7214,PEIXE SALGADO PAPATERRA,,9109,,9109,9109,x.x.xx Outrosx.x.x Anchova frescax.x.x Bagre frescox.x.x Cação frescox.x.x Meluza em filé congeladox.x.x Merluza em filé frescox.x.x Parati frescox.x.x Pescada em filé congeladox.x.xx Tainha frescax.x.xx Outros pescados em filé congeladox.x.xx Outros pescados em filé frescox.x.xx Outros pescados frescosx.x.x Outros pescados salgados,7215,,,,
1995,72,Grupo - Pescados marinhos,7215,7215,PEIXE EM FILÉ CONGELADO PAPATERRA,,9109,,9109,9109,x.x.xx Outrosx.x.x Anchova frescax.x.x Bagre frescox.x.x Cação frescox.x.x Meluza em filé congeladox.x.x Merluza em filé frescox.x.x Parati frescox.x.x Pescada em filé congeladox.x.xx Tainha frescax.x.xx Outros pescados em filé congeladox.x.xx Outros pescados em filé frescox.x.xx Outros pescados frescosx.x.x Outros pescados salgados,7221,,,,
1995,72,Grupo - Pescados marinhos,7221,7221,PEIXE INTEIRO DOURADO DE MAR,,9109,,9109,9109,x.x.xx Outrosx.x.x Anchova frescax.x.x Bagre frescox.x.x Cação frescox.x.x Meluza em filé congeladox.x.x Merluza em filé frescox.x.x Parati frescox.x.x Pescada em filé congeladox.x.xx Tainha frescax.x.xx Outros pescados em filé congeladox.x.xx Outros pescados em filé frescox.x.xx Outros pescados frescosx.x.x Outros pescados salgados,7222,,,,
1995,72,Grupo - Pescados marinhos,7222,7222,PEIXE EM POSTAS DOURADO DE MAR,,9109,,9109,9109,x.x.xx Outrosx.x.x Anchova frescax.x.x Bagre frescox.x.x Cação frescox.x.x Meluza em filé congeladox.x.x Merluza em filé frescox.x.x Parati frescox.x.x Pescada em filé congeladox.x.xx Tainha frescax.x.xx Outros pescados em filé congeladox.x.xx Outros pescados em filé frescox.x.xx Outros pescados frescosx.x.x Outros pescados salgados,7223,,,,
1995,72,Grupo - Pescados marinhos,7223,7223,PEIXE EM FILÉ FRESCO DOURADO DE MAR,,9109,,9109,9109,x.x.xx Outrosx.x.x Anchova frescax.x.x Bagre frescox.x.x Cação frescox.x.x Meluza em filé congeladox.x.x Merluza em filé frescox.x.x Parati frescox.x.x Pescada em filé congeladox.x.xx Tainha frescax.x.xx Outros pescados em filé congeladox.x.xx Outros pescados em filé frescox.x.xx Outros pescados frescosx.x.x Outros pescados salgados,7224,,,,
1995,72,Grupo - Pescados marinhos,7224,7224,PEIXE SALGADO DOURADO DE MAR,,9109,,9109,9109,x.x.xx Outrosx.x.x Anchova frescax.x.x Bagre frescox.x.x Cação frescox.x.x Meluza em filé congeladox.x.x Merluza em filé frescox.x.x Parati frescox.x.x Pescada em filé congeladox.x.xx Tainha frescax.x.xx Outros pescados em filé congeladox.x.xx Outros pescados em filé frescox.x.xx Outros pescados frescosx.x.x Outros pescados salgados,7225,,,,
1995,72,Grupo - Pescados marinhos,7225,7225,PEIXE EM FILÉ CONGELADO DOURADO DE MAR,,9109,,9109,9109,x.x.xx Outrosx.x.x Anchova frescax.x.x Bagre frescox.x.x Cação frescox.x.x Meluza em filé congeladox.x.x Merluza em filé frescox.x.x Parati frescox.x.x Pescada em filé congeladox.x.xx Tainha frescax.x.xx Outros pescados em filé congeladox.x.xx Outros pescados em filé frescox.x.xx Outros pescados frescosx.x.x Outros pescados salgados,7231,,,,
1995,72,Grupo - Pescados marinhos,7231,7231,PEIXE INTEIRO ATUM,,9109,,9109,9109,x.x.xx Outrosx.x.x Anchova frescax.x.x Bagre frescox.x.x Cação frescox.x.x Meluza em filé congeladox.x.x Merluza em filé frescox.x.x Parati frescox.x.x Pescada em filé congeladox.x.xx Tainha frescax.x.xx Outros pescados em filé congeladox.x.xx Outros pescados em filé frescox.x.xx Outros pescados frescosx.x.x Outros pescados salgados,7232,,,,
1995,72,Grupo - Pescados marinhos,7232,7232,PEIXE EM POSTAS ATUM,,9109,,9109,9109,x.x.xx Outrosx.x.x Anchova frescax.x.x Bagre frescox.x.x Cação frescox.x.x Meluza em filé congeladox.x.x Merluza em filé frescox.x.x Parati frescox.x.x Pescada em filé congeladox.x.xx Tainha frescax.x.xx Outros pescados em filé congeladox.x.xx Outros pescados em filé frescox.x.xx Outros pescados frescosx.x.x Outros pescados salgados,7233,,,,
1995,72,Grupo - Pescados marinhos,7233,7233,PEIXE EM FILÉ FRESCO ATUM,,9109,,9109,9109,x.x.xx Outrosx.x.x Anchova frescax.x.x Bagre frescox.x.x Cação frescox.x.x Meluza em filé congeladox.x.x Merluza em filé frescox.x.x Parati frescox.x.x Pescada em filé congeladox.x.xx Tainha frescax.x.xx Outros pescados em filé congeladox.x.xx Outros pescados em filé frescox.x.xx Outros pescados frescosx.x.x Outros pescados salgados,7234,,,,
1995,72,Grupo - Pescados marinhos,7234,7234,PEIXE SALGADO ATUM,,9109,,9109,9109,x.x.xx Outrosx.x.x Anchova frescax.x.x Bagre frescox.x.x Cação frescox.x.x Meluza em filé congeladox.x.x Merluza em filé frescox.x.x Parati frescox.x.x Pescada em filé congeladox.x.xx Tainha frescax.x.xx Outros pescados em filé congeladox.x.xx Outros pescados em filé frescox.x.xx Outros pescados frescosx.x.x Outros pescados salgados,7235,,,,
1995,72,Grupo - Pescados marinhos,7235,7235,PEIXE EM FILÉ CONGELADO ATUM,,9109,,9109,9109,x.x.xx Outrosx.x.x Anchova frescax.x.x Bagre frescox.x.x Cação frescox.x.x Meluza em filé congeladox.x.x Merluza em filé frescox.x.x Parati frescox.x.x Pescada em filé congeladox.x.xx Tainha frescax.x.xx Outros pescados em filé congeladox.x.xx Outros pescados em filé frescox.x.xx Outros pescados frescosx.x.x Outros pescados salgados,7241,,,,
1995,72,Grupo - Pescados marinhos,7241,7241,PEIXE INTEIRO OLHO DE BOI,,9109,,9109,9109,x.x.xx Outrosx.x.x Anchova frescax.x.x Bagre frescox.x.x Cação frescox.x.x Meluza em filé congeladox.x.x Merluza em filé frescox.x.x Parati frescox.x.x Pescada em filé congeladox.x.xx Tainha frescax.x.xx Outros pescados em filé congeladox.x.xx Outros pescados em filé frescox.x.xx Outros pescados frescosx.x.x Outros pescados salgados,7242,,,,
1995,72,Grupo - Pescados marinhos,7242,7242,PEIXE EM POSTAS OLHO DE BOI,,9109,,9109,9109,x.x.xx Outrosx.x.x Anchova frescax.x.x Bagre frescox.x.x Cação frescox.x.x Meluza em filé congeladox.x.x Merluza em filé frescox.x.x Parati frescox.x.x Pescada em filé congeladox.x.xx Tainha frescax.x.xx Outros pescados em filé congeladox.x.xx Outros pescados em filé frescox.x.xx Outros pescados frescosx.x.x Outros pescados salgados,7243,,,,
1995,72,Grupo - Pescados marinhos,7243,7243,PEIXE EM FILÉ FRESCO OLHO DE BOI,,9109,,9109,9109,x.x.xx Outrosx.x.x Anchova frescax.x.x Bagre frescox.x.x Cação frescox.x.x Meluza em filé congeladox.x.x Merluza em filé frescox.x.x Parati frescox.x.x Pescada em filé congeladox.x.xx Tainha frescax.x.xx Outros pescados em filé congeladox.x.xx Outros pescados em filé frescox.x.xx Outros pescados frescosx.x.x Outros pescados salgados,7244,,,,
1995,72,Grupo - Pescados marinhos,7244,7244,PEIXE SALGADO OLHO DE BOI,,9109,,9109,9109,x.x.xx Outrosx.x.x Anchova frescax.x.x Bagre frescox.x.x Cação frescox.x.x Meluza em filé congeladox.x.x Merluza em filé frescox.x.x Parati frescox.x.x Pescada em filé congeladox.x.xx Tainha frescax.x.xx Outros pescados em filé congeladox.x.xx Outros pescados em filé frescox.x.xx Outros pescados frescosx.x.x Outros pescados salgados,7245,,,,
1995,72,Grupo - Pescados marinhos,7245,7245,PEIXE EM FILÉ CONGELADO OLHO DE BOI,,9109,,9109,9109,x.x.xx Outrosx.x.x Anchova frescax.x.x Bagre frescox.x.x Cação frescox.x.x Meluza em filé congeladox.x.x Merluza em filé frescox.x.x Parati frescox.x.x Pescada em filé congeladox.x.xx Tainha frescax.x.xx Outros pescados em filé congeladox.x.xx Outros pescados em filé frescox.x.xx Outros pescados frescosx.x.x Outros pescados salgados,7251,,,,
1995,72,Grupo - Pescados marinhos,7251,7251,PEIXE INTEIRO SERRA,,9109,,9109,9109,x.x.xx Outrosx.x.x Anchova frescax.x.x Bagre frescox.x.x Cação frescox.x.x Meluza em filé congeladox.x.x Merluza em filé frescox.x.x Parati frescox.x.x Pescada em filé congeladox.x.xx Tainha frescax.x.xx Outros pescados em filé congeladox.x.xx Outros pescados em filé frescox.x.xx Outros pescados frescosx.x.x Outros pescados salgados,7252,,,,
1995,72,Grupo - Pescados marinhos,7252,7252,PEIXE EM POSTAS SERRA,,9109,,9109,9109,x.x.xx Outrosx.x.x Anchova frescax.x.x Bagre frescox.x.x Cação frescox.x.x Meluza em filé congeladox.x.x Merluza em filé frescox.x.x Parati frescox.x.x Pescada em filé congeladox.x.xx Tainha frescax.x.xx Outros pescados em filé congeladox.x.xx Outros pescados em filé frescox.x.xx Outros pescados frescosx.x.x Outros pescados salgados,7253,,,,
1995,72,Grupo - Pescados marinhos,7253,7253,PEIXE EM FILÉ FRESCO SERRA,,9109,,9109,9109,x.x.xx Outrosx.x.x Anchova frescax.x.x Bagre frescox.x.x Cação frescox.x.x Meluza em filé congeladox.x.x Merluza em filé frescox.x.x Parati frescox.x.x Pescada em filé congeladox.x.xx Tainha frescax.x.xx Outros pescados em filé congeladox.x.xx Outros pescados em filé frescox.x.xx Outros pescados frescosx.x.x Outros pescados salgados,7254,,,,
1995,72,Grupo - Pescados marinhos,7254,7254,PEIXE SALGADO SERRA,,9109,,9109,9109,x.x.xx Outrosx.x.x Anchova frescax.x.x Bagre frescox.x.x Cação frescox.x.x Meluza em filé congeladox.x.x Merluza em filé frescox.x.x Parati frescox.x.x Pescada em filé congeladox.x.xx Tainha frescax.x.xx Outros pescados em filé congeladox.x.xx Outros pescados em filé frescox.x.xx Outros pescados frescosx.x.x Outros pescados salgados,7255,,,,
1995,72,Grupo - Pescados marinhos,7255,7255,PEIXE EM FILÉ COGELADO SERRA,,9109,,9109,9109,x.x.xx Outrosx.x.x Anchova frescax.x.x Bagre frescox.x.x Cação frescox.x.x Meluza em filé congeladox.x.x Merluza em filé frescox.x.x Parati frescox.x.x Pescada em filé congeladox.x.xx Tainha frescax.x.xx Outros pescados em filé congeladox.x.xx Outros pescados em filé frescox.x.xx Outros pescados frescosx.x.x Outros pescados salgados,7261,,,,
1995,72,Grupo - Pescados marinhos,7261,7261,PEIXE INTEIRO PARGO,,9109,,9109,9109,x.x.xx Outrosx.x.x Anchova frescax.x.x Bagre frescox.x.x Cação frescox.x.x Meluza em filé congeladox.x.x Merluza em filé frescox.x.x Parati frescox.x.x Pescada em filé congeladox.x.xx Tainha frescax.x.xx Outros pescados em filé congeladox.x.xx Outros pescados em filé frescox.x.xx Outros pescados frescosx.x.x Outros pescados salgados,7262,,,,
1995,72,Grupo - Pescados marinhos,7262,7262,PEIXE EM POSTAS PARGO,,9109,,9109,9109,x.x.xx Outrosx.x.x Anchova frescax.x.x Bagre frescox.x.x Cação frescox.x.x Meluza em filé congeladox.x.x Merluza em filé frescox.x.x Parati frescox.x.x Pescada em filé congeladox.x.xx Tainha frescax.x.xx Outros pescados em filé congeladox.x.xx Outros pescados em filé frescox.x.xx Outros pescados frescosx.x.x Outros pescados salgados,7263,,,,
1995,72,Grupo - Pescados marinhos,7263,7263,PEIXE EM FILÉ FRESCO PARGO,,9109,,9109,9109,x.x.xx Outrosx.x.x Anchova frescax.x.x Bagre frescox.x.x Cação frescox.x.x Meluza em filé congeladox.x.x Merluza em filé frescox.x.x Parati frescox.x.x Pescada em filé congeladox.x.xx Tainha frescax.x.xx Outros pescados em filé congeladox.x.xx Outros pescados em filé frescox.x.xx Outros pescados frescosx.x.x Outros pescados salgados,7264,,,,
1995,72,Grupo - Pescados marinhos,7264,7264,PEIXE SALGADO PARGO,,9109,,9109,9109,x.x.xx Outrosx.x.x Anchova frescax.x.x Bagre frescox.x.x Cação frescox.x.x Meluza em filé congeladox.x.x Merluza em filé frescox.x.x Parati frescox.x.x Pescada em filé congeladox.x.xx Tainha frescax.x.xx Outros pescados em filé congeladox.x.xx Outros pescados em filé frescox.x.xx Outros pescados frescosx.x.x Outros pescados salgados,7265,,,,
1995,72,Grupo - Pescados marinhos,7265,7265,PEIXE EM FILÉ CONGELADO PARGO,,9109,,9109,9109,x.x.xx Outrosx.x.x Anchova frescax.x.x Bagre frescox.x.x Cação frescox.x.x Meluza em filé congeladox.x.x Merluza em filé frescox.x.x Parati frescox.x.x Pescada em filé congeladox.x.xx Tainha frescax.x.xx Outros pescados em filé congeladox.x.xx Outros pescados em filé frescox.x.xx Outros pescados frescosx.x.x Outros pescados salgados,7271,,,,
1995,72,Grupo - Pescados marinhos,7271,7271,PEIXE INTEIRO RONCADOR,,9109,,9109,9109,x.x.xx Outrosx.x.x Anchova frescax.x.x Bagre frescox.x.x Cação frescox.x.x Meluza em filé congeladox.x.x Merluza em filé frescox.x.x Parati frescox.x.x Pescada em filé congeladox.x.xx Tainha frescax.x.xx Outros pescados em filé congeladox.x.xx Outros pescados em filé frescox.x.xx Outros pescados frescosx.x.x Outros pescados salgados,7272,,,,
1995,72,Grupo - Pescados marinhos,7272,7272,PEIXE EM POSTAS RONCADOR,,9109,,9109,9109,x.x.xx Outrosx.x.x Anchova frescax.x.x Bagre frescox.x.x Cação frescox.x.x Meluza em filé congeladox.x.x Merluza em filé frescox.x.x Parati frescox.x.x Pescada em filé congeladox.x.xx Tainha frescax.x.xx Outros pescados em filé congeladox.x.xx Outros pescados em filé frescox.x.xx Outros pescados frescosx.x.x Outros pescados salgados,7273,,,,
1995,72,Grupo - Pescados marinhos,7273,7273,PEIXE EM FILÉ FRESCO RONCADOR,,9109,,9109,9109,x.x.xx Outrosx.x.x Anchova frescax.x.x Bagre frescox.x.x Cação frescox.x.x Meluza em filé congeladox.x.x Merluza em filé frescox.x.x Parati frescox.x.x Pescada em filé congeladox.x.xx Tainha frescax.x.xx Outros pescados em filé congeladox.x.xx Outros pescados em filé frescox.x.xx Outros pescados frescosx.x.x Outros pescados salgados,7274,,,,
1995,72,Grupo - Pescados marinhos,7274,7274,PEIXE SALGADO RONCADOR,,9109,,9109,9109,x.x.xx Outrosx.x.x Anchova frescax.x.x Bagre frescox.x.x Cação frescox.x.x Meluza em filé congeladox.x.x Merluza em filé frescox.x.x Parati frescox.x.x Pescada em filé congeladox.x.xx Tainha frescax.x.xx Outros pescados em filé congeladox.x.xx Outros pescados em filé frescox.x.xx Outros pescados frescosx.x.x Outros pescados salgados,7275,,,,
1995,72,Grupo - Pescados marinhos,7275,7275,PEIXE EM FILÉ CONGELADO RONCADOR,,9109,,9109,9109,x.x.xx Outrosx.x.x Anchova frescax.x.x Bagre frescox.x.x Cação frescox.x.x Meluza em filé congeladox.x.x Merluza em filé frescox.x.x Parati frescox.x.x Pescada em filé congeladox.x.xx Tainha frescax.x.xx Outros pescados em filé congeladox.x.xx Outros pescados em filé frescox.x.xx Outros pescados frescosx.x.x Outros pescados salgados,7281,,,,
1995,72,Grupo - Pescados marinhos,7281,7281,PEIXE INTEIRO PESCADA,,9104,,9104,9104,x.x.xx Pescada em filé fresco,7282,,,,
1995,72,Grupo - Pescados marinhos,7282,7282,PEIXE EM POSTAS PESCADA,,9104,,9104,9104,x.x.xx Pescada em filé fresco,7283,,,,
1995,72,Grupo - Pescados marinhos,7283,7283,PEIXE EM FILÉ FRESCO PESCADA,,9104,,9104,9104,x.x.xx Pescada em filé fresco,7284,,,,
1995,72,Grupo - Pescados marinhos,7284,7284,PEIXE SALGADO PESCADA,,9104,,9104,9104,x.x.xx Pescada em filé fresco,7285,,,,
1995,72,Grupo - Pescados marinhos,7285,7285,PEIXE EM FILÉ CONGELADO PESCADA,,9104,,9104,9104,x.x.xx Pescada em filé fresco,7291,,,,
1995,72,Grupo - Pescados marinhos,7291,7291,PEIXE INTEIRO GAROUPA,,9109,,9109,9109,x.x.xx Outrosx.x.x Anchova frescax.x.x Bagre frescox.x.x Cação frescox.x.x Meluza em filé congeladox.x.x Merluza em filé frescox.x.x Parati frescox.x.x Pescada em filé congeladox.x.xx Tainha frescax.x.xx Outros pescados em filé congeladox.x.xx Outros pescados em filé frescox.x.xx Outros pescados frescosx.x.x Outros pescados salgados,7292,,,,
1995,72,Grupo - Pescados marinhos,7292,7292,PEIXE EM POSTAS GAROUPA,,9109,,9109,9109,x.x.xx Outrosx.x.x Anchova frescax.x.x Bagre frescox.x.x Cação frescox.x.x Meluza em filé congeladox.x.x Merluza em filé frescox.x.x Parati frescox.x.x Pescada em filé congeladox.x.xx Tainha frescax.x.xx Outros pescados em filé congeladox.x.xx Outros pescados em filé frescox.x.xx Outros pescados frescosx.x.x Outros pescados salgados,7293,,,,
1995,72,Grupo - Pescados marinhos,7293,7293,PEIXE EM FILÉ FRESCO GAROUPA,,9109,,9109,9109,x.x.xx Outrosx.x.x Anchova frescax.x.x Bagre frescox.x.x Cação frescox.x.x Meluza em filé congeladox.x.x Merluza em filé frescox.x.x Parati frescox.x.x Pescada em filé congeladox.x.xx Tainha frescax.x.xx Outros pescados em filé congeladox.x.xx Outros pescados em filé frescox.x.xx Outros pescados frescosx.x.x Outros pescados salgados,7294,,,,
1995,72,Grupo - Pescados marinhos,7294,7294,PEIXE SALGADO GAROUPA,,9109,,9109,9109,x.x.xx Outrosx.x.x Anchova frescax.x.x Bagre frescox.x.x Cação frescox.x.x Meluza em filé congeladox.x.x Merluza em filé frescox.x.x Parati frescox.x.x Pescada em filé congeladox.x.xx Tainha frescax.x.xx Outros pescados em filé congeladox.x.xx Outros pescados em filé frescox.x.xx Outros pescados frescosx.x.x Outros pescados salgados,7295,,,,
1995,72,Grupo - Pescados marinhos,7295,7295,PEIXE EM FILÉ CONGELADO GAROUPA,,9109,,9109,9109,x.x.xx Outrosx.x.x Anchova frescax.x.x Bagre frescox.x.x Cação frescox.x.x Meluza em filé congeladox.x.x Merluza em filé frescox.x.x Parati frescox.x.x Pescada em filé congeladox.x.xx Tainha frescax.x.xx Outros pescados em filé congeladox.x.xx Outros pescados em filé frescox.x.xx Outros pescados frescosx.x.x Outros pescados salgados,7301,,,,
1995,73,Grupo - Pescados marinhos,7301,7301,PEIXE INTEIRO LINGUADO,,9109,,9109,9109,x.x.xx Outrosx.x.x Anchova frescax.x.x Bagre frescox.x.x Cação frescox.x.x Meluza em filé congeladox.x.x Merluza em filé frescox.x.x Parati frescox.x.x Pescada em filé congeladox.x.xx Tainha frescax.x.xx Outros pescados em filé congeladox.x.xx Outros pescados em filé frescox.x.xx Outros pescados frescosx.x.x Outros pescados salgados,7302,,,,
1995,73,Grupo - Pescados marinhos,7302,7302,PEIXE EM POSTAS LINGUADO,,9109,,9109,9109,x.x.xx Outrosx.x.x Anchova frescax.x.x Bagre frescox.x.x Cação frescox.x.x Meluza em filé congeladox.x.x Merluza em filé frescox.x.x Parati frescox.x.x Pescada em filé congeladox.x.xx Tainha frescax.x.xx Outros pescados em filé congeladox.x.xx Outros pescados em filé frescox.x.xx Outros pescados frescosx.x.x Outros pescados salgados,7303,,,,
1995,73,Grupo - Pescados marinhos,7303,7303,PEIXE EM FILÉ FRESCO LINGUADO,,9109,,9109,9109,x.x.xx Outrosx.x.x Anchova frescax.x.x Bagre frescox.x.x Cação frescox.x.x Meluza em filé congeladox.x.x Merluza em filé frescox.x.x Parati frescox.x.x Pescada em filé congeladox.x.xx Tainha frescax.x.xx Outros pescados em filé congeladox.x.xx Outros pescados em filé frescox.x.xx Outros pescados frescosx.x.x Outros pescados salgados,7304,,,,
1995,73,Grupo - Pescados marinhos,7304,7304,PEIXE SALGADO LINGUADO,,9109,,9109,9109,x.x.xx Outrosx.x.x Anchova frescax.x.x Bagre frescox.x.x Cação frescox.x.x Meluza em filé congeladox.x.x Merluza em filé frescox.x.x Parati frescox.x.x Pescada em filé congeladox.x.xx Tainha frescax.x.xx Outros pescados em filé congeladox.x.xx Outros pescados em filé frescox.x.xx Outros pescados frescosx.x.x Outros pescados salgados,7305,,,,
1995,73,Grupo - Pescados marinhos,7305,7305,PEIXE EM FILÉ CONGELADO LINGUADO,,9109,,9109,9109,x.x.xx Outrosx.x.x Anchova frescax.x.x Bagre frescox.x.x Cação frescox.x.x Meluza em filé congeladox.x.x Merluza em filé frescox.x.x Parati frescox.x.x Pescada em filé congeladox.x.xx Tainha frescax.x.xx Outros pescados em filé congeladox.x.xx Outros pescados em filé frescox.x.xx Outros pescados frescosx.x.x Outros pescados salgados,7311,,,,
1995,73,Grupo - Pescados marinhos,7311,7311,PEIXE INTEIRO ROBALO,,9109,,9109,9109,x.x.xx Outrosx.x.x Anchova frescax.x.x Bagre frescox.x.x Cação frescox.x.x Meluza em filé congeladox.x.x Merluza em filé frescox.x.x Parati frescox.x.x Pescada em filé congeladox.x.xx Tainha frescax.x.xx Outros pescados em filé congeladox.x.xx Outros pescados em filé frescox.x.xx Outros pescados frescosx.x.x Outros pescados salgados,7312,,,,
1995,73,Grupo - Pescados marinhos,7312,7312,PEIXE EM POSTAS ROBALO,,9109,,9109,9109,x.x.xx Outrosx.x.x Anchova frescax.x.x Bagre frescox.x.x Cação frescox.x.x Meluza em filé congeladox.x.x Merluza em filé frescox.x.x Parati frescox.x.x Pescada em filé congeladox.x.xx Tainha frescax.x.xx Outros pescados em filé congeladox.x.xx Outros pescados em filé frescox.x.xx Outros pescados frescosx.x.x Outros pescados salgados,7313,,,,
1995,73,Grupo - Pescados marinhos,7313,7313,PEIXE EM FILÉ FRESCO ROBALO,,9109,,9109,9109,x.x.xx Outrosx.x.x Anchova frescax.x.x Bagre frescox.x.x Cação frescox.x.x Meluza em filé congeladox.x.x Merluza em filé frescox.x.x Parati frescox.x.x Pescada em filé congeladox.x.xx Tainha frescax.x.xx Outros pescados em filé congeladox.x.xx Outros pescados em filé frescox.x.xx Outros pescados frescosx.x.x Outros pescados salgados,7314,,,,
1995,73,Grupo - Pescados marinhos,7314,7314,PEIXE SALGADO ROBALO,,9109,,9109,9109,x.x.xx Outrosx.x.x Anchova frescax.x.x Bagre frescox.x.x Cação frescox.x.x Meluza em filé congeladox.x.x Merluza em filé frescox.x.x Parati frescox.x.x Pescada em filé congeladox.x.xx Tainha frescax.x.xx Outros pescados em filé congeladox.x.xx Outros pescados em filé frescox.x.xx Outros pescados frescosx.x.x Outros pescados salgados,7315,,,,
1995,73,Grupo - Pescados marinhos,7315,7315,PEIXE EM FILÉ CONGELADO ROBALO,,9109,,9109,9109,x.x.xx Outrosx.x.x Anchova frescax.x.x Bagre frescox.x.x Cação frescox.x.x Meluza em filé congeladox.x.x Merluza em filé frescox.x.x Parati frescox.x.x Pescada em filé congeladox.x.xx Tainha frescax.x.xx Outros pescados em filé congeladox.x.xx Outros pescados em filé frescox.x.xx Outros pescados frescosx.x.x Outros pescados salgados,7321,,,,
1995,73,Grupo - Pescados marinhos,7321,7321,PEIXE INTEIRO MERO,,9109,,9109,9109,x.x.xx Outrosx.x.x Anchova frescax.x.x Bagre frescox.x.x Cação frescox.x.x Meluza em filé congeladox.x.x Merluza em filé frescox.x.x Parati frescox.x.x Pescada em filé congeladox.x.xx Tainha frescax.x.xx Outros pescados em filé congeladox.x.xx Outros pescados em filé frescox.x.xx Outros pescados frescosx.x.x Outros pescados salgados,7322,,,,
1995,73,Grupo - Pescados marinhos,7322,7322,PEIXE EM POSTAS MERO,,9109,,9109,9109,x.x.xx Outrosx.x.x Anchova frescax.x.x Bagre frescox.x.x Cação frescox.x.x Meluza em filé congeladox.x.x Merluza em filé frescox.x.x Parati frescox.x.x Pescada em filé congeladox.x.xx Tainha frescax.x.xx Outros pescados em filé congeladox.x.xx Outros pescados em filé frescox.x.xx Outros pescados frescosx.x.x Outros pescados salgados,7323,,,,
1995,73,Grupo - Pescados marinhos,7323,7323,PEIXE EM FILÉ FRESCO MERO,,9109,,9109,9109,x.x.xx Outrosx.x.x Anchova frescax.x.x Bagre frescox.x.x Cação frescox.x.x Meluza em filé congeladox.x.x Merluza em filé frescox.x.x Parati frescox.x.x Pescada em filé congeladox.x.xx Tainha frescax.x.xx Outros pescados em filé congeladox.x.xx Outros pescados em filé frescox.x.xx Outros pescados frescosx.x.x Outros pescados salgados,7324,,,,
1995,73,Grupo - Pescados marinhos,7324,7324,PEIXE SALGADO MERO,,9109,,9109,9109,x.x.xx Outrosx.x.x Anchova frescax.x.x Bagre frescox.x.x Cação frescox.x.x Meluza em filé congeladox.x.x Merluza em filé frescox.x.x Parati frescox.x.x Pescada em filé congeladox.x.xx Tainha frescax.x.xx Outros pescados em filé congeladox.x.xx Outros pescados em filé frescox.x.xx Outros pescados frescosx.x.x Outros pescados salgados,7325,,,,
1995,73,Grupo - Pescados marinhos,7325,7325,PEIXE EM FILÉ CONGELADO MERO,,9109,,9109,9109,x.x.xx Outrosx.x.x Anchova frescax.x.x Bagre frescox.x.x Cação frescox.x.x Meluza em filé congeladox.x.x Merluza em filé frescox.x.x Parati frescox.x.x Pescada em filé congeladox.x.xx Tainha frescax.x.xx Outros pescados em filé congeladox.x.xx Outros pescados em filé frescox.x.xx Outros pescados frescosx.x.x Outros pescados salgados,7331,,,,
1995,73,Grupo - Pescados marinhos,7331,7331,PEIXE INTEIRO XERELETE,,9109,,9109,9109,x.x.xx Outrosx.x.x Anchova frescax.x.x Bagre frescox.x.x Cação frescox.x.x Meluza em filé congeladox.x.x Merluza em filé frescox.x.x Parati frescox.x.x Pescada em filé congeladox.x.xx Tainha frescax.x.xx Outros pescados em filé congeladox.x.xx Outros pescados em filé frescox.x.xx Outros pescados frescosx.x.x Outros pescados salgados,7332,,,,
1995,73,Grupo - Pescados marinhos,7332,7332,PEIXE EM POSTAS XERELETE,,9109,,9109,9109,x.x.xx Outrosx.x.x Anchova frescax.x.x Bagre frescox.x.x Cação frescox.x.x Meluza em filé congeladox.x.x Merluza em filé frescox.x.x Parati frescox.x.x Pescada em filé congeladox.x.xx Tainha frescax.x.xx Outros pescados em filé congeladox.x.xx Outros pescados em filé frescox.x.xx Outros pescados frescosx.x.x Outros pescados salgados,7333,,,,
1995,73,Grupo - Pescados marinhos,7333,7333,PEIXE EM FILÉ FRESCO XERELETE,,9109,,9109,9109,x.x.xx Outrosx.x.x Anchova frescax.x.x Bagre frescox.x.x Cação frescox.x.x Meluza em filé congeladox.x.x Merluza em filé frescox.x.x Parati frescox.x.x Pescada em filé congeladox.x.xx Tainha frescax.x.xx Outros pescados em filé congeladox.x.xx Outros pescados em filé frescox.x.xx Outros pescados frescosx.x.x Outros pescados salgados,7334,,,,
1995,73,Grupo - Pescados marinhos,7334,7334,PEIXE SALGADO XERELETE,,9109,,9109,9109,x.x.xx Outrosx.x.x Anchova frescax.x.x Bagre frescox.x.x Cação frescox.x.x Meluza em filé congeladox.x.x Merluza em filé frescox.x.x Parati frescox.x.x Pescada em filé congeladox.x.xx Tainha frescax.x.xx Outros pescados em filé congeladox.x.xx Outros pescados em filé frescox.x.xx Outros pescados frescosx.x.x Outros pescados salgados,7335,,,,
1995,73,Grupo - Pescados marinhos,7335,7335,PEIXE EM FILÉ CONGELADO XERELETE,,9109,,9109,9109,x.x.xx Outrosx.x.x Anchova frescax.x.x Bagre frescox.x.x Cação frescox.x.x Meluza em filé congeladox.x.x Merluza em filé frescox.x.x Parati frescox.x.x Pescada em filé congeladox.x.xx Tainha frescax.x.xx Outros pescados em filé congeladox.x.xx Outros pescados em filé frescox.x.xx Outros pescados frescosx.x.x Outros pescados salgados,7341,,,,
1995,73,Grupo - Pescados marinhos,7341,7341,PEIXE INTEIRO ESPADA,,9109,,9109,9109,x.x.xx Outrosx.x.x Anchova frescax.x.x Bagre frescox.x.x Cação frescox.x.x Meluza em filé congeladox.x.x Merluza em filé frescox.x.x Parati frescox.x.x Pescada em filé congeladox.x.xx Tainha frescax.x.xx Outros pescados em filé congeladox.x.xx Outros pescados em filé frescox.x.xx Outros pescados frescosx.x.x Outros pescados salgados,7342,,,,
1995,73,Grupo - Pescados marinhos,7342,7342,PEIXE EM POSTAS ESPADA,,9109,,9109,9109,x.x.xx Outrosx.x.x Anchova frescax.x.x Bagre frescox.x.x Cação frescox.x.x Meluza em filé congeladox.x.x Merluza em filé frescox.x.x Parati frescox.x.x Pescada em filé congeladox.x.xx Tainha frescax.x.xx Outros pescados em filé congeladox.x.xx Outros pescados em filé frescox.x.xx Outros pescados frescosx.x.x Outros pescados salgados,7343,,,,
1995,73,Grupo - Pescados marinhos,7343,7343,PEIXE EM FILÉ FRESCO ESPADA,,9109,,9109,9109,x.x.xx Outrosx.x.x Anchova frescax.x.x Bagre frescox.x.x Cação frescox.x.x Meluza em filé congeladox.x.x Merluza em filé frescox.x.x Parati frescox.x.x Pescada em filé congeladox.x.xx Tainha frescax.x.xx Outros pescados em filé congeladox.x.xx Outros pescados em filé frescox.x.xx Outros pescados frescosx.x.x Outros pescados salgados,7344,,,,
1995,73,Grupo - Pescados marinhos,7344,7344,PEIXE SALGADO ESPADA,,9109,,9109,9109,x.x.xx Outrosx.x.x Anchova frescax.x.x Bagre frescox.x.x Cação frescox.x.x Meluza em filé congeladox.x.x Merluza em filé frescox.x.x Parati frescox.x.x Pescada em filé congeladox.x.xx Tainha frescax.x.xx Outros pescados em filé congeladox.x.xx Outros pescados em filé frescox.x.xx Outros pescados frescosx.x.x Outros pescados salgados,7345,,,,
1995,73,Grupo - Pescados marinhos,7345,7345,PEIXE EM FILÉ CONGELADO ESPADA,,9109,,9109,9109,x.x.xx Outrosx.x.x Anchova frescax.x.x Bagre frescox.x.x Cação frescox.x.x Meluza em filé congeladox.x.x Merluza em filé frescox.x.x Parati frescox.x.x Pescada em filé congeladox.x.xx Tainha frescax.x.xx Outros pescados em filé congeladox.x.xx Outros pescados em filé frescox.x.xx Outros pescados frescosx.x.x Outros pescados salgados,7351,,,,
1995,73,Grupo - Pescados marinhos,7351,7351,PEIXE INTEIRO PARATI,,9109,,9109,9109,x.x.xx Outrosx.x.x Anchova frescax.x.x Bagre frescox.x.x Cação frescox.x.x Meluza em filé congeladox.x.x Merluza em filé frescox.x.x Parati frescox.x.x Pescada em filé congeladox.x.xx Tainha frescax.x.xx Outros pescados em filé congeladox.x.xx Outros pescados em filé frescox.x.xx Outros pescados frescosx.x.x Outros pescados salgados,7352,,,,
1995,73,Grupo - Pescados marinhos,7352,7352,PEIXE EM POSTAS PARATI,,9109,,9109,9109,x.x.xx Outrosx.x.x Anchova frescax.x.x Bagre frescox.x.x Cação frescox.x.x Meluza em filé congeladox.x.x Merluza em filé frescox.x.x Parati frescox.x.x Pescada em filé congeladox.x.xx Tainha frescax.x.xx Outros pescados em filé congeladox.x.xx Outros pescados em filé frescox.x.xx Outros pescados frescosx.x.x Outros pescados salgados,7353,,,,
1995,73,Grupo - Pescados marinhos,7353,7353,PEIXE EM FILÉ FRESCO PARATI,,9109,,9109,9109,x.x.xx Outrosx.x.x Anchova frescax.x.x Bagre frescox.x.x Cação frescox.x.x Meluza em filé congeladox.x.x Merluza em filé frescox.x.x Parati frescox.x.x Pescada em filé congeladox.x.xx Tainha frescax.x.xx Outros pescados em filé congeladox.x.xx Outros pescados em filé frescox.x.xx Outros pescados frescosx.x.x Outros pescados salgados,7354,,,,
1995,73,Grupo - Pescados marinhos,7354,7354,PEIXE SALGADO PARATI,,9109,,9109,9109,x.x.xx Outrosx.x.x Anchova frescax.x.x Bagre frescox.x.x Cação frescox.x.x Meluza em filé congeladox.x.x Merluza em filé frescox.x.x Parati frescox.x.x Pescada em filé congeladox.x.xx Tainha frescax.x.xx Outros pescados em filé congeladox.x.xx Outros pescados em filé frescox.x.xx Outros pescados frescosx.x.x Outros pescados salgados,7355,,,,
1995,73,Grupo - Pescados marinhos,7355,7355,PEIXE EM FILÉ CONGELADO PARATI,,9109,,9109,9109,x.x.xx Outrosx.x.x Anchova frescax.x.x Bagre frescox.x.x Cação frescox.x.x Meluza em filé congeladox.x.x Merluza em filé frescox.x.x Parati frescox.x.x Pescada em filé congeladox.x.xx Tainha frescax.x.xx Outros pescados em filé congeladox.x.xx Outros pescados em filé frescox.x.xx Outros pescados frescosx.x.x Outros pescados salgados,7361,,,,
1995,73,Grupo - Pescados marinhos,7361,7361,PEIXE INTEIRO CAÇÃO,,9109,,9109,9109,x.x.xx Outrosx.x.x Anchova frescax.x.x Bagre frescox.x.x Cação frescox.x.x Meluza em filé congeladox.x.x Merluza em filé frescox.x.x Parati frescox.x.x Pescada em filé congeladox.x.xx Tainha frescax.x.xx Outros pescados em filé congeladox.x.xx Outros pescados em filé frescox.x.xx Outros pescados frescosx.x.x Outros pescados salgados,7362,,,,
1995,73,Grupo - Pescados marinhos,7362,7362,PEIXE EM POSTAS CAÇÃO,,9109,,9109,9109,x.x.xx Outrosx.x.x Anchova frescax.x.x Bagre frescox.x.x Cação frescox.x.x Meluza em filé congeladox.x.x Merluza em filé frescox.x.x Parati frescox.x.x Pescada em filé congeladox.x.xx Tainha frescax.x.xx Outros pescados em filé congeladox.x.xx Outros pescados em filé frescox.x.xx Outros pescados frescosx.x.x Outros pescados salgados,7363,,,,
1995,73,Grupo - Pescados marinhos,7363,7363,PEIXE EM FILÉ FRESCO CAÇÃO,,9109,,9109,9109,x.x.xx Outrosx.x.x Anchova frescax.x.x Bagre frescox.x.x Cação frescox.x.x Meluza em filé congeladox.x.x Merluza em filé frescox.x.x Parati frescox.x.x Pescada em filé congeladox.x.xx Tainha frescax.x.xx Outros pescados em filé congeladox.x.xx Outros pescados em filé frescox.x.xx Outros pescados frescosx.x.x Outros pescados salgados,7364,,,,
1995,73,Grupo - Pescados marinhos,7364,7364,PEIXE SALGADO CAÇÃO,,9109,,9109,9109,x.x.xx Outrosx.x.x Anchova frescax.x.x Bagre frescox.x.x Cação frescox.x.x Meluza em filé congeladox.x.x Merluza em filé frescox.x.x Parati frescox.x.x Pescada em filé congeladox.x.xx Tainha frescax.x.xx Outros pescados em filé congeladox.x.xx Outros pescados em filé frescox.x.xx Outros pescados frescosx.x.x Outros pescados salgados,7365,,,,
1995,73,Grupo - Pescados marinhos,7365,7365,PEIXE EM FILÉ CONGELADO CAÇÃO,,9109,,9109,9109,x.x.xx Outrosx.x.x Anchova frescax.x.x Bagre frescox.x.x Cação frescox.x.x Meluza em filé congeladox.x.x Merluza em filé frescox.x.x Parati frescox.x.x Pescada em filé congeladox.x.xx Tainha frescax.x.xx Outros pescados em filé congeladox.x.xx Outros pescados em filé frescox.x.xx Outros pescados frescosx.x.x Outros pescados salgados,7371,,,,
1995,73,Grupo - Pescados marinhos,7371,7371,PEIXE INTEIRO CANHANHA,,9109,,9109,9109,x.x.xx Outrosx.x.x Anchova frescax.x.x Bagre frescox.x.x Cação frescox.x.x Meluza em filé congeladox.x.x Merluza em filé frescox.x.x Parati frescox.x.x Pescada em filé congeladox.x.xx Tainha frescax.x.xx Outros pescados em filé congeladox.x.xx Outros pescados em filé frescox.x.xx Outros pescados frescosx.x.x Outros pescados salgados,7372,,,,
1995,73,Grupo - Pescados marinhos,7372,7372,PEIXE EM POSTAS CANHANHA,,9109,,9109,9109,x.x.xx Outrosx.x.x Anchova frescax.x.x Bagre frescox.x.x Cação frescox.x.x Meluza em filé congeladox.x.x Merluza em filé frescox.x.x Parati frescox.x.x Pescada em filé congeladox.x.xx Tainha frescax.x.xx Outros pescados em filé congeladox.x.xx Outros pescados em filé frescox.x.xx Outros pescados frescosx.x.x Outros pescados salgados,7373,,,,
1995,73,Grupo - Pescados marinhos,7373,7373,PEIXE EM FILÉ FRESCO CANHANHA,,9109,,9109,9109,x.x.xx Outrosx.x.x Anchova frescax.x.x Bagre frescox.x.x Cação frescox.x.x Meluza em filé congeladox.x.x Merluza em filé frescox.x.x Parati frescox.x.x Pescada em filé congeladox.x.xx Tainha frescax.x.xx Outros pescados em filé congeladox.x.xx Outros pescados em filé frescox.x.xx Outros pescados frescosx.x.x Outros pescados salgados,7374,,,,
1995,73,Grupo - Pescados marinhos,7374,7374,PEIXE SALGADO CANHANHA,,9109,,9109,9109,x.x.xx Outrosx.x.x Anchova frescax.x.x Bagre frescox.x.x Cação frescox.x.x Meluza em filé congeladox.x.x Merluza em filé frescox.x.x Parati frescox.x.x Pescada em filé congeladox.x.xx Tainha frescax.x.xx Outros pescados em filé congeladox.x.xx Outros pescados em filé frescox.x.xx Outros pescados frescosx.x.x Outros pescados salgados,7375,,,,
1995,73,Grupo - Pescados marinhos,7375,7375,PEIXE EM FILÉ CONGELADO CANHANHA,,9109,,9109,9109,x.x.xx Outrosx.x.x Anchova frescax.x.x Bagre frescox.x.x Cação frescox.x.x Meluza em filé congeladox.x.x Merluza em filé frescox.x.x Parati frescox.x.x Pescada em filé congeladox.x.xx Tainha frescax.x.xx Outros pescados em filé congeladox.x.xx Outros pescados em filé frescox.x.xx Outros pescados frescosx.x.x Outros pescados salgados,7381,,,,
1995,73,Grupo - Pescados marinhos,7381,7381,PEIXE INTEIRO MERLUZA,,9109,,9109,9109,x.x.xx Outrosx.x.x Anchova frescax.x.x Bagre frescox.x.x Cação frescox.x.x Meluza em filé congeladox.x.x Merluza em filé frescox.x.x Parati frescox.x.x Pescada em filé congeladox.x.xx Tainha frescax.x.xx Outros pescados em filé congeladox.x.xx Outros pescados em filé frescox.x.xx Outros pescados frescosx.x.x Outros pescados salgados,7382,,,,
1995,73,Grupo - Pescados marinhos,7382,7382,PEIXE EM POSTAS MERLUZA,,9109,,9109,9109,x.x.xx Outrosx.x.x Anchova frescax.x.x Bagre frescox.x.x Cação frescox.x.x Meluza em filé congeladox.x.x Merluza em filé frescox.x.x Parati frescox.x.x Pescada em filé congeladox.x.xx Tainha frescax.x.xx Outros pescados em filé congeladox.x.xx Outros pescados em filé frescox.x.xx Outros pescados frescosx.x.x Outros pescados salgados,7383,,,,
1995,73,Grupo - Pescados marinhos,7383,7383,PEIXE EM FILÉ FRESCO MERLUZA,,9109,,9109,9109,x.x.xx Outrosx.x.x Anchova frescax.x.x Bagre frescox.x.x Cação frescox.x.x Meluza em filé congeladox.x.x Merluza em filé frescox.x.x Parati frescox.x.x Pescada em filé congeladox.x.xx Tainha frescax.x.xx Outros pescados em filé congeladox.x.xx Outros pescados em filé frescox.x.xx Outros pescados frescosx.x.x Outros pescados salgados,7384,,,,
1995,73,Grupo - Pescados marinhos,7384,7384,PEIXE SALGADO MERLUZA,,9109,,9109,9109,x.x.xx Outrosx.x.x Anchova frescax.x.x Bagre frescox.x.x Cação frescox.x.x Meluza em filé congeladox.x.x Merluza em filé frescox.x.x Parati frescox.x.x Pescada em filé congeladox.x.xx Tainha frescax.x.xx Outros pescados em filé congeladox.x.xx Outros pescados em filé frescox.x.xx Outros pescados frescosx.x.x Outros pescados salgados,7385,,,,
1995,73,Grupo - Pescados marinhos,7385,7385,PEIXE EM FILÉ CONGELADO MERLUZA,,9109,,9109,9109,x.x.xx Outrosx.x.x Anchova frescax.x.x Bagre frescox.x.x Cação frescox.x.x Meluza em filé congeladox.x.x Merluza em filé frescox.x.x Parati frescox.x.x Pescada em filé congeladox.x.xx Tainha frescax.x.xx Outros pescados em filé congeladox.x.xx Outros pescados em filé frescox.x.xx Outros pescados frescosx.x.x Outros pescados salgados,7391,,,,
1995,73,Grupo - Pescados marinhos,7391,7391,PEIXE INTEIRO BEIJUPIRA,,9109,,9109,9109,x.x.xx Outrosx.x.x Anchova frescax.x.x Bagre frescox.x.x Cação frescox.x.x Meluza em filé congeladox.x.x Merluza em filé frescox.x.x Parati frescox.x.x Pescada em filé congeladox.x.xx Tainha frescax.x.xx Outros pescados em filé congeladox.x.xx Outros pescados em filé frescox.x.xx Outros pescados frescosx.x.x Outros pescados salgados,7392,,,,
1995,73,Grupo - Pescados marinhos,7392,7392,PEIXE EM POSTAS BEIJUPIRA,,9109,,9109,9109,x.x.xx Outrosx.x.x Anchova frescax.x.x Bagre frescox.x.x Cação frescox.x.x Meluza em filé congeladox.x.x Merluza em filé frescox.x.x Parati frescox.x.x Pescada em filé congeladox.x.xx Tainha frescax.x.xx Outros pescados em filé congeladox.x.xx Outros pescados em filé frescox.x.xx Outros pescados frescosx.x.x Outros pescados salgados,7393,,,,
1995,73,Grupo - Pescados marinhos,7393,7393,PEIXE EM FILE FRESCO BEIJUPIRA,,9109,,9109,9109,x.x.xx Outrosx.x.x Anchova frescax.x.x Bagre frescox.x.x Cação frescox.x.x Meluza em filé congeladox.x.x Merluza em filé frescox.x.x Parati frescox.x.x Pescada em filé congeladox.x.xx Tainha frescax.x.xx Outros pescados em filé congeladox.x.xx Outros pescados em filé frescox.x.xx Outros pescados frescosx.x.x Outros pescados salgados,7394,,,,
1995,73,Grupo - Pescados marinhos,7394,7394,PEIXE SALGADO BEIJUPIRA,,9109,,9109,9109,x.x.xx Outrosx.x.x Anchova frescax.x.x Bagre frescox.x.x Cação frescox.x.x Meluza em filé congeladox.x.x Merluza em filé frescox.x.x Parati frescox.x.x Pescada em filé congeladox.x.xx Tainha frescax.x.xx Outros pescados em filé congeladox.x.xx Outros pescados em filé frescox.x.xx Outros pescados frescosx.x.x Outros pescados salgados,7395,,,,
1995,73,Grupo - Pescados marinhos,7395,7395,PEIXE EM FILÉ CONGELADO BEIJUPIRA,,9109,,9109,9109,x.x.xx Outrosx.x.x Anchova frescax.x.x Bagre frescox.x.x Cação frescox.x.x Meluza em filé congeladox.x.x Merluza em filé frescox.x.x Parati frescox.x.x Pescada em filé congeladox.x.xx Tainha frescax.x.xx Outros pescados em filé congeladox.x.xx Outros pescados em filé frescox.x.xx Outros pescados frescosx.x.x Outros pescados salgados,7401,,,,
1995,74,Grupo - Pescados marinhos,7401,7401,PEIXE INTEIRO PAMPO,,9109,,9109,9109,x.x.xx Outrosx.x.x Anchova frescax.x.x Bagre frescox.x.x Cação frescox.x.x Meluza em filé congeladox.x.x Merluza em filé frescox.x.x Parati frescox.x.x Pescada em filé congeladox.x.xx Tainha frescax.x.xx Outros pescados em filé congeladox.x.xx Outros pescados em filé frescox.x.xx Outros pescados frescosx.x.x Outros pescados salgados,7402,,,,
1995,74,Grupo - Pescados marinhos,7402,7402,PEIXE EM POSTAS PAMPO,,9109,,9109,9109,x.x.xx Outrosx.x.x Anchova frescax.x.x Bagre frescox.x.x Cação frescox.x.x Meluza em filé congeladox.x.x Merluza em filé frescox.x.x Parati frescox.x.x Pescada em filé congeladox.x.xx Tainha frescax.x.xx Outros pescados em filé congeladox.x.xx Outros pescados em filé frescox.x.xx Outros pescados frescosx.x.x Outros pescados salgados,7403,,,,
1995,74,Grupo - Pescados marinhos,7403,7403,PEIXE EM FILÉ FRESCO PAMPO,,9109,,9109,9109,x.x.xx Outrosx.x.x Anchova frescax.x.x Bagre frescox.x.x Cação frescox.x.x Meluza em filé congeladox.x.x Merluza em filé frescox.x.x Parati frescox.x.x Pescada em filé congeladox.x.xx Tainha frescax.x.xx Outros pescados em filé congeladox.x.xx Outros pescados em filé frescox.x.xx Outros pescados frescosx.x.x Outros pescados salgados,7404,,,,
1995,74,Grupo - Pescados marinhos,7404,7404,PEIXE SALGADO PAMPO,,9109,,9109,9109,x.x.xx Outrosx.x.x Anchova frescax.x.x Bagre frescox.x.x Cação frescox.x.x Meluza em filé congeladox.x.x Merluza em filé frescox.x.x Parati frescox.x.x Pescada em filé congeladox.x.xx Tainha frescax.x.xx Outros pescados em filé congeladox.x.xx Outros pescados em filé frescox.x.xx Outros pescados frescosx.x.x Outros pescados salgados,7405,,,,
1995,74,Grupo - Pescados marinhos,7405,7405,PEIXE EM FILÉ CONGELADO PAMPO,,9109,,9109,9109,x.x.xx Outrosx.x.x Anchova frescax.x.x Bagre frescox.x.x Cação frescox.x.x Meluza em filé congeladox.x.x Merluza em filé frescox.x.x Parati frescox.x.x Pescada em filé congeladox.x.xx Tainha frescax.x.xx Outros pescados em filé congeladox.x.xx Outros pescados em filé frescox.x.xx Outros pescados frescosx.x.x Outros pescados salgados,7411,,,,
1995,74,Grupo - Pescados marinhos,7411,7411,PEIXE INTEIRO XAREU,,9109,,9109,9109,x.x.xx Outrosx.x.x Anchova frescax.x.x Bagre frescox.x.x Cação frescox.x.x Meluza em filé congeladox.x.x Merluza em filé frescox.x.x Parati frescox.x.x Pescada em filé congeladox.x.xx Tainha frescax.x.xx Outros pescados em filé congeladox.x.xx Outros pescados em filé frescox.x.xx Outros pescados frescosx.x.x Outros pescados salgados,7412,,,,
1995,74,Grupo - Pescados marinhos,7412,7412,PEIXE EM POSTAS XAREU,,9109,,9109,9109,x.x.xx Outrosx.x.x Anchova frescax.x.x Bagre frescox.x.x Cação frescox.x.x Meluza em filé congeladox.x.x Merluza em filé frescox.x.x Parati frescox.x.x Pescada em filé congeladox.x.xx Tainha frescax.x.xx Outros pescados em filé congeladox.x.xx Outros pescados em filé frescox.x.xx Outros pescados frescosx.x.x Outros pescados salgados,7413,,,,
1995,74,Grupo - Pescados marinhos,7413,7413,PEIXE EM FILÉ FRESCO XAREU,,9109,,9109,9109,x.x.xx Outrosx.x.x Anchova frescax.x.x Bagre frescox.x.x Cação frescox.x.x Meluza em filé congeladox.x.x Merluza em filé frescox.x.x Parati frescox.x.x Pescada em filé congeladox.x.xx Tainha frescax.x.xx Outros pescados em filé congeladox.x.xx Outros pescados em filé frescox.x.xx Outros pescados frescosx.x.x Outros pescados salgados,7414,,,,
1995,74,Grupo - Pescados marinhos,7414,7414,PEIXE SALGADO XAREU,,9109,,9109,9109,x.x.xx Outrosx.x.x Anchova frescax.x.x Bagre frescox.x.x Cação frescox.x.x Meluza em filé congeladox.x.x Merluza em filé frescox.x.x Parati frescox.x.x Pescada em filé congeladox.x.xx Tainha frescax.x.xx Outros pescados em filé congeladox.x.xx Outros pescados em filé frescox.x.xx Outros pescados frescosx.x.x Outros pescados salgados,7415,,,,
1995,74,Grupo - Pescados marinhos,7415,7415,PEIXE EM FILÉ CONGELADO XAREU,,9109,,9109,9109,x.x.xx Outrosx.x.x Anchova frescax.x.x Bagre frescox.x.x Cação frescox.x.x Meluza em filé congeladox.x.x Merluza em filé frescox.x.x Parati frescox.x.x Pescada em filé congeladox.x.xx Tainha frescax.x.xx Outros pescados em filé congeladox.x.xx Outros pescados em filé frescox.x.xx Outros pescados frescosx.x.x Outros pescados salgados,7421,,,,
1995,74,Grupo - Pescados marinhos,7421,7421,PEIXE INTEIRO CARAMURU,,9109,,9109,9109,x.x.xx Outrosx.x.x Anchova frescax.x.x Bagre frescox.x.x Cação frescox.x.x Meluza em filé congeladox.x.x Merluza em filé frescox.x.x Parati frescox.x.x Pescada em filé congeladox.x.xx Tainha frescax.x.xx Outros pescados em filé congeladox.x.xx Outros pescados em filé frescox.x.xx Outros pescados frescosx.x.x Outros pescados salgados,7422,,,,
1995,74,Grupo - Pescados marinhos,7422,7422,PEIXE EM POSTAS CARAMURU,,9109,,9109,9109,x.x.xx Outrosx.x.x Anchova frescax.x.x Bagre frescox.x.x Cação frescox.x.x Meluza em filé congeladox.x.x Merluza em filé frescox.x.x Parati frescox.x.x Pescada em filé congeladox.x.xx Tainha frescax.x.xx Outros pescados em filé congeladox.x.xx Outros pescados em filé frescox.x.xx Outros pescados frescosx.x.x Outros pescados salgados,7423,,,,
1995,74,Grupo - Pescados marinhos,7423,7423,PEIXE EM FILÉ FRESCO CARAMURU,,9109,,9109,9109,x.x.xx Outrosx.x.x Anchova frescax.x.x Bagre frescox.x.x Cação frescox.x.x Meluza em filé congeladox.x.x Merluza em filé frescox.x.x Parati frescox.x.x Pescada em filé congeladox.x.xx Tainha frescax.x.xx Outros pescados em filé congeladox.x.xx Outros pescados em filé frescox.x.xx Outros pescados frescosx.x.x Outros pescados salgados,7424,,,,
1995,74,Grupo - Pescados marinhos,7424,7424,PEIXE SALGADO CARAMURU,,9109,,9109,9109,x.x.xx Outrosx.x.x Anchova frescax.x.x Bagre frescox.x.x Cação frescox.x.x Meluza em filé congeladox.x.x Merluza em filé frescox.x.x Parati frescox.x.x Pescada em filé congeladox.x.xx Tainha frescax.x.xx Outros pescados em filé congeladox.x.xx Outros pescados em filé frescox.x.xx Outros pescados frescosx.x.x Outros pescados salgados,7425,,,,
1995,74,Grupo - Pescados marinhos,7425,7425,PEIXE EM FILÉ CONGELADO CARAMURU,,9109,,9109,9109,x.x.xx Outrosx.x.x Anchova frescax.x.x Bagre frescox.x.x Cação frescox.x.x Meluza em filé congeladox.x.x Merluza em filé frescox.x.x Parati frescox.x.x Pescada em filé congeladox.x.xx Tainha frescax.x.xx Outros pescados em filé congeladox.x.xx Outros pescados em filé frescox.x.xx Outros pescados frescosx.x.x Outros pescados salgados,7431,,,,
1995,74,Grupo - Pescados marinhos,7431,7431,PEIXE INTEIRO CANGULO,,9109,,9109,9109,x.x.xx Outrosx.x.x Anchova frescax.x.x Bagre frescox.x.x Cação frescox.x.x Meluza em filé congeladox.x.x Merluza em filé frescox.x.x Parati frescox.x.x Pescada em filé congeladox.x.xx Tainha frescax.x.xx Outros pescados em filé congeladox.x.xx Outros pescados em filé frescox.x.xx Outros pescados frescosx.x.x Outros pescados salgados,7432,,,,
1995,74,Grupo - Pescados marinhos,7432,7432,PEIXE EM POSTAS CANGULO,,9109,,9109,9109,x.x.xx Outrosx.x.x Anchova frescax.x.x Bagre frescox.x.x Cação frescox.x.x Meluza em filé congeladox.x.x Merluza em filé frescox.x.x Parati frescox.x.x Pescada em filé congeladox.x.xx Tainha frescax.x.xx Outros pescados em filé congeladox.x.xx Outros pescados em filé frescox.x.xx Outros pescados frescosx.x.x Outros pescados salgados,7433,,,,
1995,74,Grupo - Pescados marinhos,7433,7433,PEIXE EM FILÉ FRESCO CANGULO,,9109,,9109,9109,x.x.xx Outrosx.x.x Anchova frescax.x.x Bagre frescox.x.x Cação frescox.x.x Meluza em filé congeladox.x.x Merluza em filé frescox.x.x Parati frescox.x.x Pescada em filé congeladox.x.xx Tainha frescax.x.xx Outros pescados em filé congeladox.x.xx Outros pescados em filé frescox.x.xx Outros pescados frescosx.x.x Outros pescados salgados,7434,,,,
1995,74,Grupo - Pescados marinhos,7434,7434,PEIXE SALGADO CANGULO,,9109,,9109,9109,x.x.xx Outrosx.x.x Anchova frescax.x.x Bagre frescox.x.x Cação frescox.x.x Meluza em filé congeladox.x.x Merluza em filé frescox.x.x Parati frescox.x.x Pescada em filé congeladox.x.xx Tainha frescax.x.xx Outros pescados em filé congeladox.x.xx Outros pescados em filé frescox.x.xx Outros pescados frescosx.x.x Outros pescados salgados,7435,,,,
1995,74,Grupo - Pescados marinhos,7435,7435,PEIXE EM FILÉ CONGELADO CANGULO,,9109,,9109,9109,x.x.xx Outrosx.x.x Anchova frescax.x.x Bagre frescox.x.x Cação frescox.x.x Meluza em filé congeladox.x.x Merluza em filé frescox.x.x Parati frescox.x.x Pescada em filé congeladox.x.xx Tainha frescax.x.xx Outros pescados em filé congeladox.x.xx Outros pescados em filé frescox.x.xx Outros pescados frescosx.x.x Outros pescados salgados,7441,,,,
1995,74,Grupo - Pescados marinhos,7441,7441,PEIXE INTEIRO CAMURUPIM,,9109,,9109,9109,x.x.xx Outrosx.x.x Anchova frescax.x.x Bagre frescox.x.x Cação frescox.x.x Meluza em filé congeladox.x.x Merluza em filé frescox.x.x Parati frescox.x.x Pescada em filé congeladox.x.xx Tainha frescax.x.xx Outros pescados em filé congeladox.x.xx Outros pescados em filé frescox.x.xx Outros pescados frescosx.x.x Outros pescados salgados,7442,,,,
1995,74,Grupo - Pescados marinhos,7442,7442,PEIXE EM POSTAS CAMURUPIM,,9109,,9109,9109,x.x.xx Outrosx.x.x Anchova frescax.x.x Bagre frescox.x.x Cação frescox.x.x Meluza em filé congeladox.x.x Merluza em filé frescox.x.x Parati frescox.x.x Pescada em filé congeladox.x.xx Tainha frescax.x.xx Outros pescados em filé congeladox.x.xx Outros pescados em filé frescox.x.xx Outros pescados frescosx.x.x Outros pescados salgados,7443,,,,
1995,74,Grupo - Pescados marinhos,7443,7443,PEIXE EM FILÉ FRESCO CAMURUPIM,,9109,,9109,9109,x.x.xx Outrosx.x.x Anchova frescax.x.x Bagre frescox.x.x Cação frescox.x.x Meluza em filé congeladox.x.x Merluza em filé frescox.x.x Parati frescox.x.x Pescada em filé congeladox.x.xx Tainha frescax.x.xx Outros pescados em filé congeladox.x.xx Outros pescados em filé frescox.x.xx Outros pescados frescosx.x.x Outros pescados salgados,7444,,,,
1995,74,Grupo - Pescados marinhos,7444,7444,PEIXE SALGADO CAMURUPIM,,9109,,9109,9109,x.x.xx Outrosx.x.x Anchova frescax.x.x Bagre frescox.x.x Cação frescox.x.x Meluza em filé congeladox.x.x Merluza em filé frescox.x.x Parati frescox.x.x Pescada em filé congeladox.x.xx Tainha frescax.x.xx Outros pescados em filé congeladox.x.xx Outros pescados em filé frescox.x.xx Outros pescados frescosx.x.x Outros pescados salgados,7445,,,,
1995,74,Grupo - Pescados marinhos,7445,7445,PEIXE EM FILÉ CONGELADO CAMURUPIM,,9109,,9109,9109,x.x.xx Outrosx.x.x Anchova frescax.x.x Bagre frescox.x.x Cação frescox.x.x Meluza em filé congeladox.x.x Merluza em filé frescox.x.x Parati frescox.x.x Pescada em filé congeladox.x.xx Tainha frescax.x.xx Outros pescados em filé congeladox.x.xx Outros pescados em filé frescox.x.xx Outros pescados frescosx.x.x Outros pescados salgados,7451,,,,
1995,74,Grupo - Pescados marinhos,7451,7451,PEIXE INTEIRO GUARAJUBA,,9109,,9109,9109,x.x.xx Outrosx.x.x Anchova frescax.x.x Bagre frescox.x.x Cação frescox.x.x Meluza em filé congeladox.x.x Merluza em filé frescox.x.x Parati frescox.x.x Pescada em filé congeladox.x.xx Tainha frescax.x.xx Outros pescados em filé congeladox.x.xx Outros pescados em filé frescox.x.xx Outros pescados frescosx.x.x Outros pescados salgados,7452,,,,
1995,74,Grupo - Pescados marinhos,7452,7452,PEIXE EM POSTAS GUARAJUBA,,9109,,9109,9109,x.x.xx Outrosx.x.x Anchova frescax.x.x Bagre frescox.x.x Cação frescox.x.x Meluza em filé congeladox.x.x Merluza em filé frescox.x.x Parati frescox.x.x Pescada em filé congeladox.x.xx Tainha frescax.x.xx Outros pescados em filé congeladox.x.xx Outros pescados em filé frescox.x.xx Outros pescados frescosx.x.x Outros pescados salgados,7453,,,,
1995,74,Grupo - Pescados marinhos,7453,7453,PEIXE EM FILÉ FRESCO GUARAJUBA,,9109,,9109,9109,x.x.xx Outrosx.x.x Anchova frescax.x.x Bagre frescox.x.x Cação frescox.x.x Meluza em filé congeladox.x.x Merluza em filé frescox.x.x Parati frescox.x.x Pescada em filé congeladox.x.xx Tainha frescax.x.xx Outros pescados em filé congeladox.x.xx Outros pescados em filé frescox.x.xx Outros pescados frescosx.x.x Outros pescados salgados,7454,,,,
1995,74,Grupo - Pescados marinhos,7454,7454,PEIXE SALGADO GUARAJUBA,,9109,,9109,9109,x.x.xx Outrosx.x.x Anchova frescax.x.x Bagre frescox.x.x Cação frescox.x.x Meluza em filé congeladox.x.x Merluza em filé frescox.x.x Parati frescox.x.x Pescada em filé congeladox.x.xx Tainha frescax.x.xx Outros pescados em filé congeladox.x.xx Outros pescados em filé frescox.x.xx Outros pescados frescosx.x.x Outros pescados salgados,7455,,,,
1995,74,Grupo - Pescados marinhos,7455,7455,PEIXE EM FILÉ CONGELADO GUARAJUBA,,9109,,9109,9109,x.x.xx Outrosx.x.x Anchova frescax.x.x Bagre frescox.x.x Cação frescox.x.x Meluza em filé congeladox.x.x Merluza em filé frescox.x.x Parati frescox.x.x Pescada em filé congeladox.x.xx Tainha frescax.x.xx Outros pescados em filé congeladox.x.xx Outros pescados em filé frescox.x.xx Outros pescados frescosx.x.x Outros pescados salgados,7461,,,,
1995,74,Grupo - Pescados marinhos,7461,7461,PEIXE INTEIRO AGULHA,,9109,,9109,9109,x.x.xx Outrosx.x.x Anchova frescax.x.x Bagre frescox.x.x Cação frescox.x.x Meluza em filé congeladox.x.x Merluza em filé frescox.x.x Parati frescox.x.x Pescada em filé congeladox.x.xx Tainha frescax.x.xx Outros pescados em filé congeladox.x.xx Outros pescados em filé frescox.x.xx Outros pescados frescosx.x.x Outros pescados salgados,7462,,,,
1995,74,Grupo - Pescados marinhos,7462,7462,PEIXE EM POSTAS AGULHA,,9109,,9109,9109,x.x.xx Outrosx.x.x Anchova frescax.x.x Bagre frescox.x.x Cação frescox.x.x Meluza em filé congeladox.x.x Merluza em filé frescox.x.x Parati frescox.x.x Pescada em filé congeladox.x.xx Tainha frescax.x.xx Outros pescados em filé congeladox.x.xx Outros pescados em filé frescox.x.xx Outros pescados frescosx.x.x Outros pescados salgados,7463,,,,
1995,74,Grupo - Pescados marinhos,7463,7463,PEIXE EM FILÉ FRESCO AGULHA,,9109,,9109,9109,x.x.xx Outrosx.x.x Anchova frescax.x.x Bagre frescox.x.x Cação frescox.x.x Meluza em filé congeladox.x.x Merluza em filé frescox.x.x Parati frescox.x.x Pescada em filé congeladox.x.xx Tainha frescax.x.xx Outros pescados em filé congeladox.x.xx Outros pescados em filé frescox.x.xx Outros pescados frescosx.x.x Outros pescados salgados,7464,,,,
1995,74,Grupo - Pescados marinhos,7464,7464,PEIXE SALGADO AGULHA,,9109,,9109,9109,x.x.xx Outrosx.x.x Anchova frescax.x.x Bagre frescox.x.x Cação frescox.x.x Meluza em filé congeladox.x.x Merluza em filé frescox.x.x Parati frescox.x.x Pescada em filé congeladox.x.xx Tainha frescax.x.xx Outros pescados em filé congeladox.x.xx Outros pescados em filé frescox.x.xx Outros pescados frescosx.x.x Outros pescados salgados,7465,,,,
1995,74,Grupo - Pescados marinhos,7465,7465,PEIXE EM FILÉ CONGELADO AGULHA,,9109,,9109,9109,x.x.xx Outrosx.x.x Anchova frescax.x.x Bagre frescox.x.x Cação frescox.x.x Meluza em filé congeladox.x.x Merluza em filé frescox.x.x Parati frescox.x.x Pescada em filé congeladox.x.xx Tainha frescax.x.xx Outros pescados em filé congeladox.x.xx Outros pescados em filé frescox.x.xx Outros pescados frescosx.x.x Outros pescados salgados,7471,,,,
1995,74,Grupo - Pescados marinhos,7471,7471,PEIXE INTEIRO UBARANA,,9109,,9109,9109,x.x.xx Outrosx.x.x Anchova frescax.x.x Bagre frescox.x.x Cação frescox.x.x Meluza em filé congeladox.x.x Merluza em filé frescox.x.x Parati frescox.x.x Pescada em filé congeladox.x.xx Tainha frescax.x.xx Outros pescados em filé congeladox.x.xx Outros pescados em filé frescox.x.xx Outros pescados frescosx.x.x Outros pescados salgados,7472,,,,
1995,74,Grupo - Pescados marinhos,7472,7472,PEIXE EM POSTAS UBARANA,,9109,,9109,9109,x.x.xx Outrosx.x.x Anchova frescax.x.x Bagre frescox.x.x Cação frescox.x.x Meluza em filé congeladox.x.x Merluza em filé frescox.x.x Parati frescox.x.x Pescada em filé congeladox.x.xx Tainha frescax.x.xx Outros pescados em filé congeladox.x.xx Outros pescados em filé frescox.x.xx Outros pescados frescosx.x.x Outros pescados salgados,7473,,,,
1995,74,Grupo - Pescados marinhos,7473,7473,PEIXE EM FILÉ FRESCO UBARANA,,9109,,9109,9109,x.x.xx Outrosx.x.x Anchova frescax.x.x Bagre frescox.x.x Cação frescox.x.x Meluza em filé congeladox.x.x Merluza em filé frescox.x.x Parati frescox.x.x Pescada em filé congeladox.x.xx Tainha frescax.x.xx Outros pescados em filé congeladox.x.xx Outros pescados em filé frescox.x.xx Outros pescados frescosx.x.x Outros pescados salgados,7474,,,,
1995,74,Grupo - Pescados marinhos,7474,7474,PEIXE SALGADO UBARANA,,9109,,9109,9109,x.x.xx Outrosx.x.x Anchova frescax.x.x Bagre frescox.x.x Cação frescox.x.x Meluza em filé congeladox.x.x Merluza em filé frescox.x.x Parati frescox.x.x Pescada em filé congeladox.x.xx Tainha frescax.x.xx Outros pescados em filé congeladox.x.xx Outros pescados em filé frescox.x.xx Outros pescados frescosx.x.x Outros pescados salgados,7475,,,,
1995,74,Grupo - Pescados marinhos,7475,7475,PEIXE EM FILÉ CONGELADO UBARANA,,9109,,9109,9109,x.x.xx Outrosx.x.x Anchova frescax.x.x Bagre frescox.x.x Cação frescox.x.x Meluza em filé congeladox.x.x Merluza em filé frescox.x.x Parati frescox.x.x Pescada em filé congeladox.x.xx Tainha frescax.x.xx Outros pescados em filé congeladox.x.xx Outros pescados em filé frescox.x.xx Outros pescados frescosx.x.x Outros pescados salgados,7481,,,,
1995,74,Grupo - Pescados marinhos,7481,7481,PEIXE INTEIRO GUAIVIRA,,9109,,9109,9109,x.x.xx Outrosx.x.x Anchova frescax.x.x Bagre frescox.x.x Cação frescox.x.x Meluza em filé congeladox.x.x Merluza em filé frescox.x.x Parati frescox.x.x Pescada em filé congeladox.x.xx Tainha frescax.x.xx Outros pescados em filé congeladox.x.xx Outros pescados em filé frescox.x.xx Outros pescados frescosx.x.x Outros pescados salgados,7482,,,,
1995,74,Grupo - Pescados marinhos,7482,7482,PEIXE EM POSTAS GUAIVIRA,,9109,,9109,9109,x.x.xx Outrosx.x.x Anchova frescax.x.x Bagre frescox.x.x Cação frescox.x.x Meluza em filé congeladox.x.x Merluza em filé frescox.x.x Parati frescox.x.x Pescada em filé congeladox.x.xx Tainha frescax.x.xx Outros pescados em filé congeladox.x.xx Outros pescados em filé frescox.x.xx Outros pescados frescosx.x.x Outros pescados salgados,7483,,,,
1995,74,Grupo - Pescados marinhos,7483,7483,PEIXE EM FILÉ FRESCO GUAIVIRA,,9109,,9109,9109,x.x.xx Outrosx.x.x Anchova frescax.x.x Bagre frescox.x.x Cação frescox.x.x Meluza em filé congeladox.x.x Merluza em filé frescox.x.x Parati frescox.x.x Pescada em filé congeladox.x.xx Tainha frescax.x.xx Outros pescados em filé congeladox.x.xx Outros pescados em filé frescox.x.xx Outros pescados frescosx.x.x Outros pescados salgados,7484,,,,
1995,74,Grupo - Pescados marinhos,7484,7484,PEIXE SALGADO GUAIVIRA,,9109,,9109,9109,x.x.xx Outrosx.x.x Anchova frescax.x.x Bagre frescox.x.x Cação frescox.x.x Meluza em filé congeladox.x.x Merluza em filé frescox.x.x Parati frescox.x.x Pescada em filé congeladox.x.xx Tainha frescax.x.xx Outros pescados em filé congeladox.x.xx Outros pescados em filé frescox.x.xx Outros pescados frescosx.x.x Outros pescados salgados,7485,,,,
1995,74,Grupo - Pescados marinhos,7485,7485,PEIXE EM FILÉ CONGELADO GUAIVIRA,,9109,,9109,9109,x.x.xx Outrosx.x.x Anchova frescax.x.x Bagre frescox.x.x Cação frescox.x.x Meluza em filé congeladox.x.x Merluza em filé frescox.x.x Parati frescox.x.x Pescada em filé congeladox.x.xx Tainha frescax.x.xx Outros pescados em filé congeladox.x.xx Outros pescados em filé frescox.x.xx Outros pescados frescosx.x.x Outros pescados salgados,7491,,,,
1995,74,Grupo - Pescados marinhos,7491,7491,PEIXE INTEIRO BICUDA,,9109,,9109,9109,x.x.xx Outrosx.x.x Anchova frescax.x.x Bagre frescox.x.x Cação frescox.x.x Meluza em filé congeladox.x.x Merluza em filé frescox.x.x Parati frescox.x.x Pescada em filé congeladox.x.xx Tainha frescax.x.xx Outros pescados em filé congeladox.x.xx Outros pescados em filé frescox.x.xx Outros pescados frescosx.x.x Outros pescados salgados,7492,,,,
1995,74,Grupo - Pescados marinhos,7492,7492,PEIXE EM POSTAS BICUDA,,9109,,9109,9109,x.x.xx Outrosx.x.x Anchova frescax.x.x Bagre frescox.x.x Cação frescox.x.x Meluza em filé congeladox.x.x Merluza em filé frescox.x.x Parati frescox.x.x Pescada em filé congeladox.x.xx Tainha frescax.x.xx Outros pescados em filé congeladox.x.xx Outros pescados em filé frescox.x.xx Outros pescados frescosx.x.x Outros pescados salgados,7493,,,,
1995,74,Grupo - Pescados marinhos,7493,7493,PEIXE EM FILÉ FRESCO BICUDA,,9109,,9109,9109,x.x.xx Outrosx.x.x Anchova frescax.x.x Bagre frescox.x.x Cação frescox.x.x Meluza em filé congeladox.x.x Merluza em filé frescox.x.x Parati frescox.x.x Pescada em filé congeladox.x.xx Tainha frescax.x.xx Outros pescados em filé congeladox.x.xx Outros pescados em filé frescox.x.xx Outros pescados frescosx.x.x Outros pescados salgados,7494,,,,
1995,74,Grupo - Pescados marinhos,7494,7494,PEIXE SALGADO BICUDA,,9109,,9109,9109,x.x.xx Outrosx.x.x Anchova frescax.x.x Bagre frescox.x.x Cação frescox.x.x Meluza em filé congeladox.x.x Merluza em filé frescox.x.x Parati frescox.x.x Pescada em filé congeladox.x.xx Tainha frescax.x.xx Outros pescados em filé congeladox.x.xx Outros pescados em filé frescox.x.xx Outros pescados frescosx.x.x Outros pescados salgados,7495,,,,
1995,74,Grupo - Pescados marinhos,7495,7495,PEIXE EM FILÉ CONGELADO BICUDA,,9109,,9109,9109,x.x.xx Outrosx.x.x Anchova frescax.x.x Bagre frescox.x.x Cação frescox.x.x Meluza em filé congeladox.x.x Merluza em filé frescox.x.x Parati frescox.x.x Pescada em filé congeladox.x.xx Tainha frescax.x.xx Outros pescados em filé congeladox.x.xx Outros pescados em filé frescox.x.xx Outros pescados frescosx.x.x Outros pescados salgados,7501,,,,
1995,75,Grupo - Pescados marinhos,7501,7501,PEIXE INTEIRO TRILHA,,9109,,9109,9109,x.x.xx Outrosx.x.x Anchova frescax.x.x Bagre frescox.x.x Cação frescox.x.x Meluza em filé congeladox.x.x Merluza em filé frescox.x.x Parati frescox.x.x Pescada em filé congeladox.x.xx Tainha frescax.x.xx Outros pescados em filé congeladox.x.xx Outros pescados em filé frescox.x.xx Outros pescados frescosx.x.x Outros pescados salgados,7502,,,,
1995,75,Grupo - Pescados marinhos,7502,7502,PEIXE EM POSTAS TRILHA,,9109,,9109,9109,x.x.xx Outrosx.x.x Anchova frescax.x.x Bagre frescox.x.x Cação frescox.x.x Meluza em filé congeladox.x.x Merluza em filé frescox.x.x Parati frescox.x.x Pescada em filé congeladox.x.xx Tainha frescax.x.xx Outros pescados em filé congeladox.x.xx Outros pescados em filé frescox.x.xx Outros pescados frescosx.x.x Outros pescados salgados,7503,,,,
1995,75,Grupo - Pescados marinhos,7503,7503,PEIXE EM FILÉ FRESCO TRILHA,,9109,,9109,9109,x.x.xx Outrosx.x.x Anchova frescax.x.x Bagre frescox.x.x Cação frescox.x.x Meluza em filé congeladox.x.x Merluza em filé frescox.x.x Parati frescox.x.x Pescada em filé congeladox.x.xx Tainha frescax.x.xx Outros pescados em filé congeladox.x.xx Outros pescados em filé frescox.x.xx Outros pescados frescosx.x.x Outros pescados salgados,7504,,,,
1995,75,Grupo - Pescados marinhos,7504,7504,PEIXE SALGADO TRILHA,,9109,,9109,9109,x.x.xx Outrosx.x.x Anchova frescax.x.x Bagre frescox.x.x Cação frescox.x.x Meluza em filé congeladox.x.x Merluza em filé frescox.x.x Parati frescox.x.x Pescada em filé congeladox.x.xx Tainha frescax.x.xx Outros pescados em filé congeladox.x.xx Outros pescados em filé frescox.x.xx Outros pescados frescosx.x.x Outros pescados salgados,7505,,,,
1995,75,Grupo - Pescados marinhos,7505,7505,PEIXE EM FILÉ CONGELADO TRILHA,,9109,,9109,9109,x.x.xx Outrosx.x.x Anchova frescax.x.x Bagre frescox.x.x Cação frescox.x.x Meluza em filé congeladox.x.x Merluza em filé frescox.x.x Parati frescox.x.x Pescada em filé congeladox.x.xx Tainha frescax.x.xx Outros pescados em filé congeladox.x.xx Outros pescados em filé frescox.x.xx Outros pescados frescosx.x.x Outros pescados salgados,7511,,,,
1995,75,Grupo - Pescados marinhos,7511,7511,PEIXE INTEIRO PARU,,9109,,9109,9109,x.x.xx Outrosx.x.x Anchova frescax.x.x Bagre frescox.x.x Cação frescox.x.x Meluza em filé congeladox.x.x Merluza em filé frescox.x.x Parati frescox.x.x Pescada em filé congeladox.x.xx Tainha frescax.x.xx Outros pescados em filé congeladox.x.xx Outros pescados em filé frescox.x.xx Outros pescados frescosx.x.x Outros pescados salgados,7512,,,,
1995,75,Grupo - Pescados marinhos,7512,7512,PEIXE EM POSTAS PARU,,9109,,9109,9109,x.x.xx Outrosx.x.x Anchova frescax.x.x Bagre frescox.x.x Cação frescox.x.x Meluza em filé congeladox.x.x Merluza em filé frescox.x.x Parati frescox.x.x Pescada em filé congeladox.x.xx Tainha frescax.x.xx Outros pescados em filé congeladox.x.xx Outros pescados em filé frescox.x.xx Outros pescados frescosx.x.x Outros pescados salgados,7513,,,,
1995,75,Grupo - Pescados marinhos,7513,7513,PEIXE EM FILÉ FRESCO PARU,,9109,,9109,9109,x.x.xx Outrosx.x.x Anchova frescax.x.x Bagre frescox.x.x Cação frescox.x.x Meluza em filé congeladox.x.x Merluza em filé frescox.x.x Parati frescox.x.x Pescada em filé congeladox.x.xx Tainha frescax.x.xx Outros pescados em filé congeladox.x.xx Outros pescados em filé frescox.x.xx Outros pescados frescosx.x.x Outros pescados salgados,7514,,,,
1995,75,Grupo - Pescados marinhos,7514,7514,PEIXE SALGADO PARU,,9109,,9109,9109,x.x.xx Outrosx.x.x Anchova frescax.x.x Bagre frescox.x.x Cação frescox.x.x Meluza em filé congeladox.x.x Merluza em filé frescox.x.x Parati frescox.x.x Pescada em filé congeladox.x.xx Tainha frescax.x.xx Outros pescados em filé congeladox.x.xx Outros pescados em filé frescox.x.xx Outros pescados frescosx.x.x Outros pescados salgados,7515,,,,
1995,75,Grupo - Pescados marinhos,7515,7515,PEIXE EM FILÉ CONGELADO PARU,,9109,,9109,9109,x.x.xx Outrosx.x.x Anchova frescax.x.x Bagre frescox.x.x Cação frescox.x.x Meluza em filé congeladox.x.x Merluza em filé frescox.x.x Parati frescox.x.x Pescada em filé congeladox.x.xx Tainha frescax.x.xx Outros pescados em filé congeladox.x.xx Outros pescados em filé frescox.x.xx Outros pescados frescosx.x.x Outros pescados salgados,7521,,,,
1995,75,Grupo - Pescados marinhos,7521,7521,PEIXE INTEIRO VOADOR,,9109,,9109,9109,x.x.xx Outrosx.x.x Anchova frescax.x.x Bagre frescox.x.x Cação frescox.x.x Meluza em filé congeladox.x.x Merluza em filé frescox.x.x Parati frescox.x.x Pescada em filé congeladox.x.xx Tainha frescax.x.xx Outros pescados em filé congeladox.x.xx Outros pescados em filé frescox.x.xx Outros pescados frescosx.x.x Outros pescados salgados,7522,,,,
1995,75,Grupo - Pescados marinhos,7522,7522,PEIXE EM POSTAS VOADOR,,9109,,9109,9109,x.x.xx Outrosx.x.x Anchova frescax.x.x Bagre frescox.x.x Cação frescox.x.x Meluza em filé congeladox.x.x Merluza em filé frescox.x.x Parati frescox.x.x Pescada em filé congeladox.x.xx Tainha frescax.x.xx Outros pescados em filé congeladox.x.xx Outros pescados em filé frescox.x.xx Outros pescados frescosx.x.x Outros pescados salgados,7523,,,,
1995,75,Grupo - Pescados marinhos,7523,7523,PEIXE EM FILÉ FRESCO VOADOR,,9109,,9109,9109,x.x.xx Outrosx.x.x Anchova frescax.x.x Bagre frescox.x.x Cação frescox.x.x Meluza em filé congeladox.x.x Merluza em filé frescox.x.x Parati frescox.x.x Pescada em filé congeladox.x.xx Tainha frescax.x.xx Outros pescados em filé congeladox.x.xx Outros pescados em filé frescox.x.xx Outros pescados frescosx.x.x Outros pescados salgados,7524,,,,
1995,75,Grupo - Pescados marinhos,7524,7524,PEIXE SALGADO VOADOR,,9109,,9109,9109,x.x.xx Outrosx.x.x Anchova frescax.x.x Bagre frescox.x.x Cação frescox.x.x Meluza em filé congeladox.x.x Merluza em filé frescox.x.x Parati frescox.x.x Pescada em filé congeladox.x.xx Tainha frescax.x.xx Outros pescados em filé congeladox.x.xx Outros pescados em filé frescox.x.xx Outros pescados frescosx.x.x Outros pescados salgados,7525,,,,
1995,75,Grupo - Pescados marinhos,7525,7525,PEIXE EM FILÉ CONGELADO VOADOR,,9109,,9109,9109,x.x.xx Outrosx.x.x Anchova frescax.x.x Bagre frescox.x.x Cação frescox.x.x Meluza em filé congeladox.x.x Merluza em filé frescox.x.x Parati frescox.x.x Pescada em filé congeladox.x.xx Tainha frescax.x.xx Outros pescados em filé congeladox.x.xx Outros pescados em filé frescox.x.xx Outros pescados frescosx.x.x Outros pescados salgados,7531,,,,
1995,75,Grupo - Pescados marinhos,7531,7531,PEIXE INTEIRO BONITO,,9109,,9109,9109,x.x.xx Outrosx.x.x Anchova frescax.x.x Bagre frescox.x.x Cação frescox.x.x Meluza em filé congeladox.x.x Merluza em filé frescox.x.x Parati frescox.x.x Pescada em filé congeladox.x.xx Tainha frescax.x.xx Outros pescados em filé congeladox.x.xx Outros pescados em filé frescox.x.xx Outros pescados frescosx.x.x Outros pescados salgados,7532,,,,
1995,75,Grupo - Pescados marinhos,7532,7532,PEIXE EM POSTAS BONITO,,9109,,9109,9109,x.x.xx Outrosx.x.x Anchova frescax.x.x Bagre frescox.x.x Cação frescox.x.x Meluza em filé congeladox.x.x Merluza em filé frescox.x.x Parati frescox.x.x Pescada em filé congeladox.x.xx Tainha frescax.x.xx Outros pescados em filé congeladox.x.xx Outros pescados em filé frescox.x.xx Outros pescados frescosx.x.x Outros pescados salgados,7533,,,,
1995,75,Grupo - Pescados marinhos,7533,7533,PEIXE EM FILÉ FRESCO BONITO,,9109,,9109,9109,x.x.xx Outrosx.x.x Anchova frescax.x.x Bagre frescox.x.x Cação frescox.x.x Meluza em filé congeladox.x.x Merluza em filé frescox.x.x Parati frescox.x.x Pescada em filé congeladox.x.xx Tainha frescax.x.xx Outros pescados em filé congeladox.x.xx Outros pescados em filé frescox.x.xx Outros pescados frescosx.x.x Outros pescados salgados,7534,,,,
1995,75,Grupo - Pescados marinhos,7534,7534,PEIXE SALGADO BONITO,,9109,,9109,9109,x.x.xx Outrosx.x.x Anchova frescax.x.x Bagre frescox.x.x Cação frescox.x.x Meluza em filé congeladox.x.x Merluza em filé frescox.x.x Parati frescox.x.x Pescada em filé congeladox.x.xx Tainha frescax.x.xx Outros pescados em filé congeladox.x.xx Outros pescados em filé frescox.x.xx Outros pescados frescosx.x.x Outros pescados salgados,7535,,,,
1995,75,Grupo - Pescados marinhos,7535,7535,PEIXE EM FILÉ CONGELADO BONITO,,9109,,9109,9109,x.x.xx Outrosx.x.x Anchova frescax.x.x Bagre frescox.x.x Cação frescox.x.x Meluza em filé congeladox.x.x Merluza em filé frescox.x.x Parati frescox.x.x Pescada em filé congeladox.x.xx Tainha frescax.x.xx Outros pescados em filé congeladox.x.xx Outros pescados em filé frescox.x.xx Outros pescados frescosx.x.x Outros pescados salgados,7541,,,,
1995,75,Grupo - Pescados marinhos,7541,7541,PEIXE INTEIRO SAVELHA,,9109,,9109,9109,x.x.xx Outrosx.x.x Anchova frescax.x.x Bagre frescox.x.x Cação frescox.x.x Meluza em filé congeladox.x.x Merluza em filé frescox.x.x Parati frescox.x.x Pescada em filé congeladox.x.xx Tainha frescax.x.xx Outros pescados em filé congeladox.x.xx Outros pescados em filé frescox.x.xx Outros pescados frescosx.x.x Outros pescados salgados,7542,,,,
1995,75,Grupo - Pescados marinhos,7542,7542,PEIXE EM POSTAS SAVELHA,,9109,,9109,9109,x.x.xx Outrosx.x.x Anchova frescax.x.x Bagre frescox.x.x Cação frescox.x.x Meluza em filé congeladox.x.x Merluza em filé frescox.x.x Parati frescox.x.x Pescada em filé congeladox.x.xx Tainha frescax.x.xx Outros pescados em filé congeladox.x.xx Outros pescados em filé frescox.x.xx Outros pescados frescosx.x.x Outros pescados salgados,7543,,,,
1995,75,Grupo - Pescados marinhos,7543,7543,PEIXE EM FILÉ FRESCO SAVELHA,,9109,,9109,9109,x.x.xx Outrosx.x.x Anchova frescax.x.x Bagre frescox.x.x Cação frescox.x.x Meluza em filé congeladox.x.x Merluza em filé frescox.x.x Parati frescox.x.x Pescada em filé congeladox.x.xx Tainha frescax.x.xx Outros pescados em filé congeladox.x.xx Outros pescados em filé frescox.x.xx Outros pescados frescosx.x.x Outros pescados salgados,7544,,,,
1995,75,Grupo - Pescados marinhos,7544,7544,PEIXE SALGADO SAVELHA,,9109,,9109,9109,x.x.xx Outrosx.x.x Anchova frescax.x.x Bagre frescox.x.x Cação frescox.x.x Meluza em filé congeladox.x.x Merluza em filé frescox.x.x Parati frescox.x.x Pescada em filé congeladox.x.xx Tainha frescax.x.xx Outros pescados em filé congeladox.x.xx Outros pescados em filé frescox.x.xx Outros pescados frescosx.x.x Outros pescados salgados,7545,,,,
1995,75,Grupo - Pescados marinhos,7545,7545,PEIXE EM FILÉ CONGELADO SAVELHA,,9109,,9109,9109,x.x.xx Outrosx.x.x Anchova frescax.x.x Bagre frescox.x.x Cação frescox.x.x Meluza em filé congeladox.x.x Merluza em filé frescox.x.x Parati frescox.x.x Pescada em filé congeladox.x.xx Tainha frescax.x.xx Outros pescados em filé congeladox.x.xx Outros pescados em filé frescox.x.xx Outros pescados frescosx.x.x Outros pescados salgados,7551,,,,
1995,75,Grupo - Pescados marinhos,7551,7551,PEIXE INTEIRO BODIÃO,,9109,,9109,9109,x.x.xx Outrosx.x.x Anchova frescax.x.x Bagre frescox.x.x Cação frescox.x.x Meluza em filé congeladox.x.x Merluza em filé frescox.x.x Parati frescox.x.x Pescada em filé congeladox.x.xx Tainha frescax.x.xx Outros pescados em filé congeladox.x.xx Outros pescados em filé frescox.x.xx Outros pescados frescosx.x.x Outros pescados salgados,7552,,,,
1995,75,Grupo - Pescados marinhos,7552,7552,PEIXE EM POSTAS BODIÃO,,9109,,9109,9109,x.x.xx Outrosx.x.x Anchova frescax.x.x Bagre frescox.x.x Cação frescox.x.x Meluza em filé congeladox.x.x Merluza em filé frescox.x.x Parati frescox.x.x Pescada em filé congeladox.x.xx Tainha frescax.x.xx Outros pescados em filé congeladox.x.xx Outros pescados em filé frescox.x.xx Outros pescados frescosx.x.x Outros pescados salgados,7553,,,,
1995,75,Grupo - Pescados marinhos,7553,7553,PEIXE EM FILÉ FRESCO BODIÃO,,9109,,9109,9109,x.x.xx Outrosx.x.x Anchova frescax.x.x Bagre frescox.x.x Cação frescox.x.x Meluza em filé congeladox.x.x Merluza em filé frescox.x.x Parati frescox.x.x Pescada em filé congeladox.x.xx Tainha frescax.x.xx Outros pescados em filé congeladox.x.xx Outros pescados em filé frescox.x.xx Outros pescados frescosx.x.x Outros pescados salgados,7554,,,,
1995,75,Grupo - Pescados marinhos,7554,7554,PEIXE SALGADO BODIÃO,,9109,,9109,9109,x.x.xx Outrosx.x.x Anchova frescax.x.x Bagre frescox.x.x Cação frescox.x.x Meluza em filé congeladox.x.x Merluza em filé frescox.x.x Parati frescox.x.x Pescada em filé congeladox.x.xx Tainha frescax.x.xx Outros pescados em filé congeladox.x.xx Outros pescados em filé frescox.x.xx Outros pescados frescosx.x.x Outros pescados salgados,7555,,,,
1995,75,Grupo - Pescados marinhos,7555,7555,PEIXE EM FILÉ CONGELADO BODIÃO,,9109,,9109,9109,x.x.xx Outrosx.x.x Anchova frescax.x.x Bagre frescox.x.x Cação frescox.x.x Meluza em filé congeladox.x.x Merluza em filé frescox.x.x Parati frescox.x.x Pescada em filé congeladox.x.xx Tainha frescax.x.xx Outros pescados em filé congeladox.x.xx Outros pescados em filé frescox.x.xx Outros pescados frescosx.x.x Outros pescados salgados,7561,,,,
1995,75,Grupo - Pescados marinhos,7561,7561,PEIXE INTEIRO GORDINHO,,9109,,9109,9109,x.x.xx Outrosx.x.x Anchova frescax.x.x Bagre frescox.x.x Cação frescox.x.x Meluza em filé congeladox.x.x Merluza em filé frescox.x.x Parati frescox.x.x Pescada em filé congeladox.x.xx Tainha frescax.x.xx Outros pescados em filé congeladox.x.xx Outros pescados em filé frescox.x.xx Outros pescados frescosx.x.x Outros pescados salgados,7562,,,,
1995,75,Grupo - Pescados marinhos,7562,7562,PEIXE EM POSTAS GORDINHO,,9109,,9109,9109,x.x.xx Outrosx.x.x Anchova frescax.x.x Bagre frescox.x.x Cação frescox.x.x Meluza em filé congeladox.x.x Merluza em filé frescox.x.x Parati frescox.x.x Pescada em filé congeladox.x.xx Tainha frescax.x.xx Outros pescados em filé congeladox.x.xx Outros pescados em filé frescox.x.xx Outros pescados frescosx.x.x Outros pescados salgados,7563,,,,
1995,75,Grupo - Pescados marinhos,7563,7563,PEIXE EM FILE FRESCO GORDINHO,,9109,,9109,9109,x.x.xx Outrosx.x.x Anchova frescax.x.x Bagre frescox.x.x Cação frescox.x.x Meluza em filé congeladox.x.x Merluza em filé frescox.x.x Parati frescox.x.x Pescada em filé congeladox.x.xx Tainha frescax.x.xx Outros pescados em filé congeladox.x.xx Outros pescados em filé frescox.x.xx Outros pescados frescosx.x.x Outros pescados salgados,7564,,,,
1995,75,Grupo - Pescados marinhos,7564,7564,PEIXE SALGADO GORDINHO,,9109,,9109,9109,x.x.xx Outrosx.x.x Anchova frescax.x.x Bagre frescox.x.x Cação frescox.x.x Meluza em filé congeladox.x.x Merluza em filé frescox.x.x Parati frescox.x.x Pescada em filé congeladox.x.xx Tainha frescax.x.xx Outros pescados em filé congeladox.x.xx Outros pescados em filé frescox.x.xx Outros pescados frescosx.x.x Outros pescados salgados,7565,,,,
1995,75,Grupo - Pescados marinhos,7565,7565,PEIXE EM FILÉ CONGELADO GORDINHO,,9109,,9109,9109,x.x.xx Outrosx.x.x Anchova frescax.x.x Bagre frescox.x.x Cação frescox.x.x Meluza em filé congeladox.x.x Merluza em filé frescox.x.x Parati frescox.x.x Pescada em filé congeladox.x.xx Tainha frescax.x.xx Outros pescados em filé congeladox.x.xx Outros pescados em filé frescox.x.xx Outros pescados frescosx.x.x Outros pescados salgados,7571,,,,
1995,75,Grupo - Pescados marinhos,7571,7571,PEIXE INTEIRO PALOMBETA,,9109,,9109,9109,x.x.xx Outrosx.x.x Anchova frescax.x.x Bagre frescox.x.x Cação frescox.x.x Meluza em filé congeladox.x.x Merluza em filé frescox.x.x Parati frescox.x.x Pescada em filé congeladox.x.xx Tainha frescax.x.xx Outros pescados em filé congeladox.x.xx Outros pescados em filé frescox.x.xx Outros pescados frescosx.x.x Outros pescados salgados,7572,,,,
1995,75,Grupo - Pescados marinhos,7572,7572,PEIXE EM POSTAS PALOMBETA,,9109,,9109,9109,x.x.xx Outrosx.x.x Anchova frescax.x.x Bagre frescox.x.x Cação frescox.x.x Meluza em filé congeladox.x.x Merluza em filé frescox.x.x Parati frescox.x.x Pescada em filé congeladox.x.xx Tainha frescax.x.xx Outros pescados em filé congeladox.x.xx Outros pescados em filé frescox.x.xx Outros pescados frescosx.x.x Outros pescados salgados,7573,,,,
1995,75,Grupo - Pescados marinhos,7573,7573,PEIXE EM FILÉ FRESCO PALOMBETA,,9109,,9109,9109,x.x.xx Outrosx.x.x Anchova frescax.x.x Bagre frescox.x.x Cação frescox.x.x Meluza em filé congeladox.x.x Merluza em filé frescox.x.x Parati frescox.x.x Pescada em filé congeladox.x.xx Tainha frescax.x.xx Outros pescados em filé congeladox.x.xx Outros pescados em filé frescox.x.xx Outros pescados frescosx.x.x Outros pescados salgados,7574,,,,
1995,75,Grupo - Pescados marinhos,7574,7574,PEIXE SALGADO PALOMBETA,,9109,,9109,9109,x.x.xx Outrosx.x.x Anchova frescax.x.x Bagre frescox.x.x Cação frescox.x.x Meluza em filé congeladox.x.x Merluza em filé frescox.x.x Parati frescox.x.x Pescada em filé congeladox.x.xx Tainha frescax.x.xx Outros pescados em filé congeladox.x.xx Outros pescados em filé frescox.x.xx Outros pescados frescosx.x.x Outros pescados salgados,7575,,,,
1995,75,Grupo - Pescados marinhos,7575,7575,PEIXE EM FILÉ CONGELADO PALOMBETA,,9109,,9109,9109,x.x.xx Outrosx.x.x Anchova frescax.x.x Bagre frescox.x.x Cação frescox.x.x Meluza em filé congeladox.x.x Merluza em filé frescox.x.x Parati frescox.x.x Pescada em filé congeladox.x.xx Tainha frescax.x.xx Outros pescados em filé congeladox.x.xx Outros pescados em filé frescox.x.xx Outros pescados frescosx.x.x Outros pescados salgados,7581,,,,
1995,75,Grupo - Pescados marinhos,7581,7581,PEIXE INTEIRO MIRAGAIA,,9109,,9109,9109,x.x.xx Outrosx.x.x Anchova frescax.x.x Bagre frescox.x.x Cação frescox.x.x Meluza em filé congeladox.x.x Merluza em filé frescox.x.x Parati frescox.x.x Pescada em filé congeladox.x.xx Tainha frescax.x.xx Outros pescados em filé congeladox.x.xx Outros pescados em filé frescox.x.xx Outros pescados frescosx.x.x Outros pescados salgados,7582,,,,
1995,75,Grupo - Pescados marinhos,7582,7582,PEIXE EM POSTAS MIRAGAIA,,9109,,9109,9109,x.x.xx Outrosx.x.x Anchova frescax.x.x Bagre frescox.x.x Cação frescox.x.x Meluza em filé congeladox.x.x Merluza em filé frescox.x.x Parati frescox.x.x Pescada em filé congeladox.x.xx Tainha frescax.x.xx Outros pescados em filé congeladox.x.xx Outros pescados em filé frescox.x.xx Outros pescados frescosx.x.x Outros pescados salgados,7583,,,,
1995,75,Grupo - Pescados marinhos,7583,7583,PEIXE EM FILÉ FRESCO MIRAGAIA,,9109,,9109,9109,x.x.xx Outrosx.x.x Anchova frescax.x.x Bagre frescox.x.x Cação frescox.x.x Meluza em filé congeladox.x.x Merluza em filé frescox.x.x Parati frescox.x.x Pescada em filé congeladox.x.xx Tainha frescax.x.xx Outros pescados em filé congeladox.x.xx Outros pescados em filé frescox.x.xx Outros pescados frescosx.x.x Outros pescados salgados,7584,,,,
1995,75,Grupo - Pescados marinhos,7584,7584,PEIXE SALGADO MIRAGAIA,,9109,,9109,9109,x.x.xx Outrosx.x.x Anchova frescax.x.x Bagre frescox.x.x Cação frescox.x.x Meluza em filé congeladox.x.x Merluza em filé frescox.x.x Parati frescox.x.x Pescada em filé congeladox.x.xx Tainha frescax.x.xx Outros pescados em filé congeladox.x.xx Outros pescados em filé frescox.x.xx Outros pescados frescosx.x.x Outros pescados salgados,7585,,,,
1995,75,Grupo - Pescados marinhos,7585,7585,PEIXE EM FILÉ CONGELADO MIRAGAIA,,9109,,9109,9109,x.x.xx Outrosx.x.x Anchova frescax.x.x Bagre frescox.x.x Cação frescox.x.x Meluza em filé congeladox.x.x Merluza em filé frescox.x.x Parati frescox.x.x Pescada em filé congeladox.x.xx Tainha frescax.x.xx Outros pescados em filé congeladox.x.xx Outros pescados em filé frescox.x.xx Outros pescados frescosx.x.x Outros pescados salgados,7591,,,,
1995,75,Grupo - Pescados marinhos,7591,7591,PEIXE INTEIRO REI (PEIXE REI),,9109,,9109,9109,x.x.xx Outrosx.x.x Anchova frescax.x.x Bagre frescox.x.x Cação frescox.x.x Meluza em filé congeladox.x.x Merluza em filé frescox.x.x Parati frescox.x.x Pescada em filé congeladox.x.xx Tainha frescax.x.xx Outros pescados em filé congeladox.x.xx Outros pescados em filé frescox.x.xx Outros pescados frescosx.x.x Outros pescados salgados,7592,,,,
1995,75,Grupo - Pescados marinhos,7592,7592,PEIXE EM POSTAS REI (PEIXE REI),,9109,,9109,9109,x.x.xx Outrosx.x.x Anchova frescax.x.x Bagre frescox.x.x Cação frescox.x.x Meluza em filé congeladox.x.x Merluza em filé frescox.x.x Parati frescox.x.x Pescada em filé congeladox.x.xx Tainha frescax.x.xx Outros pescados em filé congeladox.x.xx Outros pescados em filé frescox.x.xx Outros pescados frescosx.x.x Outros pescados salgados,7593,,,,
1995,75,Grupo - Pescados marinhos,7593,7593,PEIXE EM FILÉ FRESCO REI (PEIXE REI),,9109,,9109,9109,x.x.xx Outrosx.x.x Anchova frescax.x.x Bagre frescox.x.x Cação frescox.x.x Meluza em filé congeladox.x.x Merluza em filé frescox.x.x Parati frescox.x.x Pescada em filé congeladox.x.xx Tainha frescax.x.xx Outros pescados em filé congeladox.x.xx Outros pescados em filé frescox.x.xx Outros pescados frescosx.x.x Outros pescados salgados,7594,,,,
1995,75,Grupo - Pescados marinhos,7594,7594,PEIXE SALGADO REI (PEIXE REI),,9109,,9109,9109,x.x.xx Outrosx.x.x Anchova frescax.x.x Bagre frescox.x.x Cação frescox.x.x Meluza em filé congeladox.x.x Merluza em filé frescox.x.x Parati frescox.x.x Pescada em filé congeladox.x.xx Tainha frescax.x.xx Outros pescados em filé congeladox.x.xx Outros pescados em filé frescox.x.xx Outros pescados frescosx.x.x Outros pescados salgados,7595,,,,
1995,75,Grupo - Pescados marinhos,7595,7595,PEIXE EM FILÉ CONGELADO REI (PEIXE REI),,9109,,9109,9109,x.x.xx Outrosx.x.x Anchova frescax.x.x Bagre frescox.x.x Cação frescox.x.x Meluza em filé congeladox.x.x Merluza em filé frescox.x.x Parati frescox.x.x Pescada em filé congeladox.x.xx Tainha frescax.x.xx Outros pescados em filé congeladox.x.xx Outros pescados em filé frescox.x.xx Outros pescados frescosx.x.x Outros pescados salgados,7601,,,,
1995,76,Grupo - Pescados marinhos,7601,7601,PEIXE INTEIRO MOREIA,,9109,,9109,9109,x.x.xx Outrosx.x.x Anchova frescax.x.x Bagre frescox.x.x Cação frescox.x.x Meluza em filé congeladox.x.x Merluza em filé frescox.x.x Parati frescox.x.x Pescada em filé congeladox.x.xx Tainha frescax.x.xx Outros pescados em filé congeladox.x.xx Outros pescados em filé frescox.x.xx Outros pescados frescosx.x.x Outros pescados salgados,7602,,,,
1995,76,Grupo - Pescados marinhos,7602,7602,PEIXE EM POSTAS MOREIA,,9109,,9109,9109,x.x.xx Outrosx.x.x Anchova frescax.x.x Bagre frescox.x.x Cação frescox.x.x Meluza em filé congeladox.x.x Merluza em filé frescox.x.x Parati frescox.x.x Pescada em filé congeladox.x.xx Tainha frescax.x.xx Outros pescados em filé congeladox.x.xx Outros pescados em filé frescox.x.xx Outros pescados frescosx.x.x Outros pescados salgados,7603,,,,
1995,76,Grupo - Pescados marinhos,7603,7603,PEIXE EM FILÉ FRESCO MOREIA,,9109,,9109,9109,x.x.xx Outrosx.x.x Anchova frescax.x.x Bagre frescox.x.x Cação frescox.x.x Meluza em filé congeladox.x.x Merluza em filé frescox.x.x Parati frescox.x.x Pescada em filé congeladox.x.xx Tainha frescax.x.xx Outros pescados em filé congeladox.x.xx Outros pescados em filé frescox.x.xx Outros pescados frescosx.x.x Outros pescados salgados,7604,,,,
1995,76,Grupo - Pescados marinhos,7604,7604,PEIXE SALGADO MOREIA,,9109,,9109,9109,x.x.xx Outrosx.x.x Anchova frescax.x.x Bagre frescox.x.x Cação frescox.x.x Meluza em filé congeladox.x.x Merluza em filé frescox.x.x Parati frescox.x.x Pescada em filé congeladox.x.xx Tainha frescax.x.xx Outros pescados em filé congeladox.x.xx Outros pescados em filé frescox.x.xx Outros pescados frescosx.x.x Outros pescados salgados,7605,,,,
1995,76,Grupo - Pescados marinhos,7605,7605,PEIXE EM FILÉ CONGELADO MOREIA,,9109,,9109,9109,x.x.xx Outrosx.x.x Anchova frescax.x.x Bagre frescox.x.x Cação frescox.x.x Meluza em filé congeladox.x.x Merluza em filé frescox.x.x Parati frescox.x.x Pescada em filé congeladox.x.xx Tainha frescax.x.xx Outros pescados em filé congeladox.x.xx Outros pescados em filé frescox.x.xx Outros pescados frescosx.x.x Outros pescados salgados,7611,,,,
1995,76,Grupo - Pescados marinhos,7611,7611,PEIXE INTEIRO ALBACORA,,9109,,9109,9109,x.x.xx Outrosx.x.x Anchova frescax.x.x Bagre frescox.x.x Cação frescox.x.x Meluza em filé congeladox.x.x Merluza em filé frescox.x.x Parati frescox.x.x Pescada em filé congeladox.x.xx Tainha frescax.x.xx Outros pescados em filé congeladox.x.xx Outros pescados em filé frescox.x.xx Outros pescados frescosx.x.x Outros pescados salgados,7612,,,,
1995,76,Grupo - Pescados marinhos,7612,7612,PEIXE EM POSTAS ALBACORA,,9109,,9109,9109,x.x.xx Outrosx.x.x Anchova frescax.x.x Bagre frescox.x.x Cação frescox.x.x Meluza em filé congeladox.x.x Merluza em filé frescox.x.x Parati frescox.x.x Pescada em filé congeladox.x.xx Tainha frescax.x.xx Outros pescados em filé congeladox.x.xx Outros pescados em filé frescox.x.xx Outros pescados frescosx.x.x Outros pescados salgados,7613,,,,
1995,76,Grupo - Pescados marinhos,7613,7613,PEIXE EM FILÉ FRESCO ALBACORA,,9109,,9109,9109,x.x.xx Outrosx.x.x Anchova frescax.x.x Bagre frescox.x.x Cação frescox.x.x Meluza em filé congeladox.x.x Merluza em filé frescox.x.x Parati frescox.x.x Pescada em filé congeladox.x.xx Tainha frescax.x.xx Outros pescados em filé congeladox.x.xx Outros pescados em filé frescox.x.xx Outros pescados frescosx.x.x Outros pescados salgados,7614,,,,
1995,76,Grupo - Pescados marinhos,7614,7614,PEIXE SALGADO ALBACORA,,9109,,9109,9109,x.x.xx Outrosx.x.x Anchova frescax.x.x Bagre frescox.x.x Cação frescox.x.x Meluza em filé congeladox.x.x Merluza em filé frescox.x.x Parati frescox.x.x Pescada em filé congeladox.x.xx Tainha frescax.x.xx Outros pescados em filé congeladox.x.xx Outros pescados em filé frescox.x.xx Outros pescados frescosx.x.x Outros pescados salgados,7615,,,,
1995,76,Grupo - Pescados marinhos,7615,7615,PEIXE EM FILÉ CONGELADO ALBACORA,,9109,,9109,9109,x.x.xx Outrosx.x.x Anchova frescax.x.x Bagre frescox.x.x Cação frescox.x.x Meluza em filé congeladox.x.x Merluza em filé frescox.x.x Parati frescox.x.x Pescada em filé congeladox.x.xx Tainha frescax.x.xx Outros pescados em filé congeladox.x.xx Outros pescados em filé frescox.x.xx Outros pescados frescosx.x.x Outros pescados salgados,7621,,,,
1995,76,Grupo - Pescados marinhos,7621,7621,PEIXE INTEIRO CHERNE,,9109,,9109,9109,x.x.xx Outrosx.x.x Anchova frescax.x.x Bagre frescox.x.x Cação frescox.x.x Meluza em filé congeladox.x.x Merluza em filé frescox.x.x Parati frescox.x.x Pescada em filé congeladox.x.xx Tainha frescax.x.xx Outros pescados em filé congeladox.x.xx Outros pescados em filé frescox.x.xx Outros pescados frescosx.x.x Outros pescados salgados,7622,,,,
1995,76,Grupo - Pescados marinhos,7622,7622,PEIXE EM POSTAS CHERNE,,9109,,9109,9109,x.x.xx Outrosx.x.x Anchova frescax.x.x Bagre frescox.x.x Cação frescox.x.x Meluza em filé congeladox.x.x Merluza em filé frescox.x.x Parati frescox.x.x Pescada em filé congeladox.x.xx Tainha frescax.x.xx Outros pescados em filé congeladox.x.xx Outros pescados em filé frescox.x.xx Outros pescados frescosx.x.x Outros pescados salgados,7623,,,,
1995,76,Grupo - Pescados marinhos,7623,7623,PEIXE EM FILÉ FRESCO CHERNE,,9109,,9109,9109,x.x.xx Outrosx.x.x Anchova frescax.x.x Bagre frescox.x.x Cação frescox.x.x Meluza em filé congeladox.x.x Merluza em filé frescox.x.x Parati frescox.x.x Pescada em filé congeladox.x.xx Tainha frescax.x.xx Outros pescados em filé congeladox.x.xx Outros pescados em filé frescox.x.xx Outros pescados frescosx.x.x Outros pescados salgados,7624,,,,
1995,76,Grupo - Pescados marinhos,7624,7624,PEIXE SALGADO CHERNE,,9109,,9109,9109,x.x.xx Outrosx.x.x Anchova frescax.x.x Bagre frescox.x.x Cação frescox.x.x Meluza em filé congeladox.x.x Merluza em filé frescox.x.x Parati frescox.x.x Pescada em filé congeladox.x.xx Tainha frescax.x.xx Outros pescados em filé congeladox.x.xx Outros pescados em filé frescox.x.xx Outros pescados frescosx.x.x Outros pescados salgados,7625,,,,
1995,76,Grupo - Pescados marinhos,7625,7625,PEIXE EM FILÉ CONGELADO CHERNE,,9109,,9109,9109,x.x.xx Outrosx.x.x Anchova frescax.x.x Bagre frescox.x.x Cação frescox.x.x Meluza em filé congeladox.x.x Merluza em filé frescox.x.x Parati frescox.x.x Pescada em filé congeladox.x.xx Tainha frescax.x.xx Outros pescados em filé congeladox.x.xx Outros pescados em filé frescox.x.xx Outros pescados frescosx.x.x Outros pescados salgados,7631,,,,
1995,76,Grupo - Pescados marinhos,7631,7631,PEIXE INTEIRO PIRA (MAR),,9109,,9109,9109,x.x.xx Outrosx.x.x Anchova frescax.x.x Bagre frescox.x.x Cação frescox.x.x Meluza em filé congeladox.x.x Merluza em filé frescox.x.x Parati frescox.x.x Pescada em filé congeladox.x.xx Tainha frescax.x.xx Outros pescados em filé congeladox.x.xx Outros pescados em filé frescox.x.xx Outros pescados frescosx.x.x Outros pescados salgados,7632,,,,
1995,76,Grupo - Pescados marinhos,7632,7632,PEIXE EM POSTAS PIRA,,9109,,9109,9109,x.x.xx Outrosx.x.x Anchova frescax.x.x Bagre frescox.x.x Cação frescox.x.x Meluza em filé congeladox.x.x Merluza em filé frescox.x.x Parati frescox.x.x Pescada em filé congeladox.x.xx Tainha frescax.x.xx Outros pescados em filé congeladox.x.xx Outros pescados em filé frescox.x.xx Outros pescados frescosx.x.x Outros pescados salgados,7633,,,,
1995,76,Grupo - Pescados marinhos,7633,7633,PEIXE EM FILÉ FRESCO PIRA,,9109,,9109,9109,x.x.xx Outrosx.x.x Anchova frescax.x.x Bagre frescox.x.x Cação frescox.x.x Meluza em filé congeladox.x.x Merluza em filé frescox.x.x Parati frescox.x.x Pescada em filé congeladox.x.xx Tainha frescax.x.xx Outros pescados em filé congeladox.x.xx Outros pescados em filé frescox.x.xx Outros pescados frescosx.x.x Outros pescados salgados,7634,,,,
1995,76,Grupo - Pescados marinhos,7634,7634,PEIXE SALGADO PIRA,,9109,,9109,9109,x.x.xx Outrosx.x.x Anchova frescax.x.x Bagre frescox.x.x Cação frescox.x.x Meluza em filé congeladox.x.x Merluza em filé frescox.x.x Parati frescox.x.x Pescada em filé congeladox.x.xx Tainha frescax.x.xx Outros pescados em filé congeladox.x.xx Outros pescados em filé frescox.x.xx Outros pescados frescosx.x.x Outros pescados salgados,7635,,,,
1995,76,Grupo - Pescados marinhos,7635,7635,PEIXE EM FILÉ CONGELADO PIRA,,9109,,9109,9109,x.x.xx Outrosx.x.x Anchova frescax.x.x Bagre frescox.x.x Cação frescox.x.x Meluza em filé congeladox.x.x Merluza em filé frescox.x.x Parati frescox.x.x Pescada em filé congeladox.x.xx Tainha frescax.x.xx Outros pescados em filé congeladox.x.xx Outros pescados em filé frescox.x.xx Outros pescados frescosx.x.x Outros pescados salgados,7641,,,,
1995,76,Grupo - Pescados marinhos,7641,7641,PEIXE INTEIRO AGULHÃO,,9109,,9109,9109,x.x.xx Outrosx.x.x Anchova frescax.x.x Bagre frescox.x.x Cação frescox.x.x Meluza em filé congeladox.x.x Merluza em filé frescox.x.x Parati frescox.x.x Pescada em filé congeladox.x.xx Tainha frescax.x.xx Outros pescados em filé congeladox.x.xx Outros pescados em filé frescox.x.xx Outros pescados frescosx.x.x Outros pescados salgados,7642,,,,
1995,76,Grupo - Pescados marinhos,7642,7642,PEIXE EM POSTAS AGULHÃO,,9109,,9109,9109,x.x.xx Outrosx.x.x Anchova frescax.x.x Bagre frescox.x.x Cação frescox.x.x Meluza em filé congeladox.x.x Merluza em filé frescox.x.x Parati frescox.x.x Pescada em filé congeladox.x.xx Tainha frescax.x.xx Outros pescados em filé congeladox.x.xx Outros pescados em filé frescox.x.xx Outros pescados frescosx.x.x Outros pescados salgados,7643,,,,
1995,76,Grupo - Pescados marinhos,7643,7643,PEIXE EM FILÉ FRESCO AGULHÃO,,9109,,9109,9109,x.x.xx Outrosx.x.x Anchova frescax.x.x Bagre frescox.x.x Cação frescox.x.x Meluza em filé congeladox.x.x Merluza em filé frescox.x.x Parati frescox.x.x Pescada em filé congeladox.x.xx Tainha frescax.x.xx Outros pescados em filé congeladox.x.xx Outros pescados em filé frescox.x.xx Outros pescados frescosx.x.x Outros pescados salgados,7644,,,,
1995,76,Grupo - Pescados marinhos,7644,7644,PEIXE SALGADO AGULHÃO,,9109,,9109,9109,x.x.xx Outrosx.x.x Anchova frescax.x.x Bagre frescox.x.x Cação frescox.x.x Meluza em filé congeladox.x.x Merluza em filé frescox.x.x Parati frescox.x.x Pescada em filé congeladox.x.xx Tainha frescax.x.xx Outros pescados em filé congeladox.x.xx Outros pescados em filé frescox.x.xx Outros pescados frescosx.x.x Outros pescados salgados,7645,,,,
1995,76,Grupo - Pescados marinhos,7645,7645,PEIXE EM FILÉ CONGELADO AGULHÃO,,9109,,9109,9109,x.x.xx Outrosx.x.x Anchova frescax.x.x Bagre frescox.x.x Cação frescox.x.x Meluza em filé congeladox.x.x Merluza em filé frescox.x.x Parati frescox.x.x Pescada em filé congeladox.x.xx Tainha frescax.x.xx Outros pescados em filé congeladox.x.xx Outros pescados em filé frescox.x.xx Outros pescados frescosx.x.x Outros pescados salgados,7651,,,,
1995,76,Grupo - Pescados marinhos,7651,7651,PEIXE INTEIRO SALMONETE,,9109,,9109,9109,x.x.xx Outrosx.x.x Anchova frescax.x.x Bagre frescox.x.x Cação frescox.x.x Meluza em filé congeladox.x.x Merluza em filé frescox.x.x Parati frescox.x.x Pescada em filé congeladox.x.xx Tainha frescax.x.xx Outros pescados em filé congeladox.x.xx Outros pescados em filé frescox.x.xx Outros pescados frescosx.x.x Outros pescados salgados,7652,,,,
1995,76,Grupo - Pescados marinhos,7652,7652,PEIXE EM POSTAS SALMONETE,,9109,,9109,9109,x.x.xx Outrosx.x.x Anchova frescax.x.x Bagre frescox.x.x Cação frescox.x.x Meluza em filé congeladox.x.x Merluza em filé frescox.x.x Parati frescox.x.x Pescada em filé congeladox.x.xx Tainha frescax.x.xx Outros pescados em filé congeladox.x.xx Outros pescados em filé frescox.x.xx Outros pescados frescosx.x.x Outros pescados salgados,7653,,,,
1995,76,Grupo - Pescados marinhos,7653,7653,PEIXE EM FILÉ FRESCO SALMONETE,,9109,,9109,9109,x.x.xx Outrosx.x.x Anchova frescax.x.x Bagre frescox.x.x Cação frescox.x.x Meluza em filé congeladox.x.x Merluza em filé frescox.x.x Parati frescox.x.x Pescada em filé congeladox.x.xx Tainha frescax.x.xx Outros pescados em filé congeladox.x.xx Outros pescados em filé frescox.x.xx Outros pescados frescosx.x.x Outros pescados salgados,7654,,,,
1995,76,Grupo - Pescados marinhos,7654,7654,PEIXE SALGADO SALMONETE,,9109,,9109,9109,x.x.xx Outrosx.x.x Anchova frescax.x.x Bagre frescox.x.x Cação frescox.x.x Meluza em filé congeladox.x.x Merluza em filé frescox.x.x Parati frescox.x.x Pescada em filé congeladox.x.xx Tainha frescax.x.xx Outros pescados em filé congeladox.x.xx Outros pescados em filé frescox.x.xx Outros pescados frescosx.x.x Outros pescados salgados,7655,,,,
1995,76,Grupo - Pescados marinhos,7655,7655,PEIXE EM FILÉ CONGELADO SALMONETE,,9109,,9109,9109,x.x.xx Outrosx.x.x Anchova frescax.x.x Bagre frescox.x.x Cação frescox.x.x Meluza em filé congeladox.x.x Merluza em filé frescox.x.x Parati frescox.x.x Pescada em filé congeladox.x.xx Tainha frescax.x.xx Outros pescados em filé congeladox.x.xx Outros pescados em filé frescox.x.xx Outros pescados frescosx.x.x Outros pescados salgados,7656,,,,
1995,76,Grupo - Pescados marinhos,7656,7656,CABEÇA DE PEIXE SALGADO (QUALQUER TIPO),,,,,9109,x.x.xx Outrosx.x.x Anchova frescax.x.x Bagre frescox.x.x Cação frescox.x.x Meluza em filé congeladox.x.x Merluza em filé frescox.x.x Parati frescox.x.x Pescada em filé congeladox.x.xx Tainha frescax.x.xx Outros pescados em filé congeladox.x.xx Outros pescados em filé frescox.x.xx Outros pescados frescosx.x.x Outros pescados salgados,7661,,,,
1995,76,Grupo - Pescados marinhos,7661,7661,CAMARÃO,,9102,,9102,9102,x.x.x Camarão fresco,7662,,,,
1995,76,Grupo - Pescados marinhos,7662,7662,CAMARÃO SEM CASCA,,9102,,9102,9102,x.x.x Camarão fresco,7664,,,,
1995,76,Grupo - Pescados marinhos,7664,7664,CAMARÃO SECO,,9102,,9102,9102,x.x.x Camarão fresco,7671,,,,
1995,76,Grupo - Pescados marinhos,7671,7671,SIRI,,9109,,9109,9109,x.x.xx Outrosx.x.x Anchova frescax.x.x Bagre frescox.x.x Cação frescox.x.x Meluza em filé congeladox.x.x Merluza em filé frescox.x.x Parati frescox.x.x Pescada em filé congeladox.x.xx Tainha frescax.x.xx Outros pescados em filé congeladox.x.xx Outros pescados em filé frescox.x.xx Outros pescados frescosx.x.x Outros pescados salgados,7672,,,,
1995,76,Grupo - Pescados marinhos,7672,7672,SIRI SEM CASCA,,9109,,9109,9109,x.x.xx Outrosx.x.x Anchova frescax.x.x Bagre frescox.x.x Cação frescox.x.x Meluza em filé congeladox.x.x Merluza em filé frescox.x.x Parati frescox.x.x Pescada em filé congeladox.x.xx Tainha frescax.x.xx Outros pescados em filé congeladox.x.xx Outros pescados em filé frescox.x.xx Outros pescados frescosx.x.x Outros pescados salgados,7674,,,,
1995,76,Grupo - Pescados marinhos,7674,7674,SIRI SALGADO,,9109,,9109,9109,x.x.xx Outrosx.x.x Anchova frescax.x.x Bagre frescox.x.x Cação frescox.x.x Meluza em filé congeladox.x.x Merluza em filé frescox.x.x Parati frescox.x.x Pescada em filé congeladox.x.xx Tainha frescax.x.xx Outros pescados em filé congeladox.x.xx Outros pescados em filé frescox.x.xx Outros pescados frescosx.x.x Outros pescados salgados,7681,,,,
1995,76,Grupo - Pescados marinhos,7681,7681,CARANGUEJO,,9109,,9109,9109,x.x.xx Outrosx.x.x Anchova frescax.x.x Bagre frescox.x.x Cação frescox.x.x Meluza em filé congeladox.x.x Merluza em filé frescox.x.x Parati frescox.x.x Pescada em filé congeladox.x.xx Tainha frescax.x.xx Outros pescados em filé congeladox.x.xx Outros pescados em filé frescox.x.xx Outros pescados frescosx.x.x Outros pescados salgados,7682,,,,
1995,76,Grupo - Pescados marinhos,7682,7682,CARANGUEJO SEM CASCA,,9109,,9109,9109,x.x.xx Outrosx.x.x Anchova frescax.x.x Bagre frescox.x.x Cação frescox.x.x Meluza em filé congeladox.x.x Merluza em filé frescox.x.x Parati frescox.x.x Pescada em filé congeladox.x.xx Tainha frescax.x.xx Outros pescados em filé congeladox.x.xx Outros pescados em filé frescox.x.xx Outros pescados frescosx.x.x Outros pescados salgados,7684,,,,
1995,76,Grupo - Pescados marinhos,7684,7684,CARANGUEJO SALGADO,,9109,,9109,9109,x.x.xx Outrosx.x.x Anchova frescax.x.x Bagre frescox.x.x Cação frescox.x.x Meluza em filé congeladox.x.x Merluza em filé frescox.x.x Parati frescox.x.x Pescada em filé congeladox.x.xx Tainha frescax.x.xx Outros pescados em filé congeladox.x.xx Outros pescados em filé frescox.x.xx Outros pescados frescosx.x.x Outros pescados salgados,7691,,,,
1995,76,Grupo - Pescados marinhos,7691,7691,MARISCO,,9109,,9109,9109,x.x.xx Outrosx.x.x Anchova frescax.x.x Bagre frescox.x.x Cação frescox.x.x Meluza em filé congeladox.x.x Merluza em filé frescox.x.x Parati frescox.x.x Pescada em filé congeladox.x.xx Tainha frescax.x.xx Outros pescados em filé congeladox.x.xx Outros pescados em filé frescox.x.xx Outros pescados frescosx.x.x Outros pescados salgados,7692,,,,
1995,76,Grupo - Pescados marinhos,7692,7692,MARISCO SEM CASCA,,9109,,9109,9109,x.x.xx Outrosx.x.x Anchova frescax.x.x Bagre frescox.x.x Cação frescox.x.x Meluza em filé congeladox.x.x Merluza em filé frescox.x.x Parati frescox.x.x Pescada em filé congeladox.x.xx Tainha frescax.x.xx Outros pescados em filé congeladox.x.xx Outros pescados em filé frescox.x.xx Outros pescados frescosx.x.x Outros pescados salgados,7694,,,,
1995,76,Grupo - Pescados marinhos,7694,7694,MARISCO SALGADO,,9109,,9109,9109,x.x.xx Outrosx.x.x Anchova frescax.x.x Bagre frescox.x.x Cação frescox.x.x Meluza em filé congeladox.x.x Merluza em filé frescox.x.x Parati frescox.x.x Pescada em filé congeladox.x.xx Tainha frescax.x.xx Outros pescados em filé congeladox.x.xx Outros pescados em filé frescox.x.xx Outros pescados frescosx.x.x Outros pescados salgados,7701,,,,
1995,77,Grupo - Pescados marinhos,7701,7701,OSTRA,,9109,,9109,9109,x.x.xx Outrosx.x.x Anchova frescax.x.x Bagre frescox.x.x Cação frescox.x.x Meluza em filé congeladox.x.x Merluza em filé frescox.x.x Parati frescox.x.x Pescada em filé congeladox.x.xx Tainha frescax.x.xx Outros pescados em filé congeladox.x.xx Outros pescados em filé frescox.x.xx Outros pescados frescosx.x.x Outros pescados salgados,7702,,,,
1995,77,Grupo - Pescados marinhos,7702,7702,OSTRA SEM CASCA,,9109,,9109,9109,x.x.xx Outrosx.x.x Anchova frescax.x.x Bagre frescox.x.x Cação frescox.x.x Meluza em filé congeladox.x.x Merluza em filé frescox.x.x Parati frescox.x.x Pescada em filé congeladox.x.xx Tainha frescax.x.xx Outros pescados em filé congeladox.x.xx Outros pescados em filé frescox.x.xx Outros pescados frescosx.x.x Outros pescados salgados,7704,,,,
1995,77,Grupo - Pescados marinhos,7704,7704,OSTRA SALGADA,,9109,,9109,9109,x.x.xx Outrosx.x.x Anchova frescax.x.x Bagre frescox.x.x Cação frescox.x.x Meluza em filé congeladox.x.x Merluza em filé frescox.x.x Parati frescox.x.x Pescada em filé congeladox.x.xx Tainha frescax.x.xx Outros pescados em filé congeladox.x.xx Outros pescados em filé frescox.x.xx Outros pescados frescosx.x.x Outros pescados salgados,7711,,,,
1995,77,Grupo - Pescados marinhos,7711,7711,LULA,,9109,,9109,9109,x.x.xx Outrosx.x.x Anchova frescax.x.x Bagre frescox.x.x Cação frescox.x.x Meluza em filé congeladox.x.x Merluza em filé frescox.x.x Parati frescox.x.x Pescada em filé congeladox.x.xx Tainha frescax.x.xx Outros pescados em filé congeladox.x.xx Outros pescados em filé frescox.x.xx Outros pescados frescosx.x.x Outros pescados salgados,7721,,,,
1995,77,Grupo - Pescados marinhos,7721,7721,SURURU,,9109,,9109,9109,x.x.xx Outrosx.x.x Anchova frescax.x.x Bagre frescox.x.x Cação frescox.x.x Meluza em filé congeladox.x.x Merluza em filé frescox.x.x Parati frescox.x.x Pescada em filé congeladox.x.xx Tainha frescax.x.xx Outros pescados em filé congeladox.x.xx Outros pescados em filé frescox.x.xx Outros pescados frescosx.x.x Outros pescados salgados,7722,,,,
1995,77,Grupo - Pescados marinhos,7722,7722,SURURU SEM CASCA,,9109,,9109,9109,x.x.xx Outrosx.x.x Anchova frescax.x.x Bagre frescox.x.x Cação frescox.x.x Meluza em filé congeladox.x.x Merluza em filé frescox.x.x Parati frescox.x.x Pescada em filé congeladox.x.xx Tainha frescax.x.xx Outros pescados em filé congeladox.x.xx Outros pescados em filé frescox.x.xx Outros pescados frescosx.x.x Outros pescados salgados,7724,,,,
1995,77,Grupo - Pescados marinhos,7724,7724,SURURU SALGADO,,9109,,9109,9109,x.x.xx Outrosx.x.x Anchova frescax.x.x Bagre frescox.x.x Cação frescox.x.x Meluza em filé congeladox.x.x Merluza em filé frescox.x.x Parati frescox.x.x Pescada em filé congeladox.x.xx Tainha frescax.x.xx Outros pescados em filé congeladox.x.xx Outros pescados em filé frescox.x.xx Outros pescados frescosx.x.x Outros pescados salgados,7731,,,,
1995,77,Grupo - Pescados marinhos,7731,7731,LAGOSTA,,9109,,9109,9109,x.x.xx Outrosx.x.x Anchova frescax.x.x Bagre frescox.x.x Cação frescox.x.x Meluza em filé congeladox.x.x Merluza em filé frescox.x.x Parati frescox.x.x Pescada em filé congeladox.x.xx Tainha frescax.x.xx Outros pescados em filé congeladox.x.xx Outros pescados em filé frescox.x.xx Outros pescados frescosx.x.x Outros pescados salgados,7732,,,,
1995,77,Grupo - Pescados marinhos,7732,7732,LAGOSTA SEM CASCA,,9109,,9109,9109,x.x.xx Outrosx.x.x Anchova frescax.x.x Bagre frescox.x.x Cação frescox.x.x Meluza em filé congeladox.x.x Merluza em filé frescox.x.x Parati frescox.x.x Pescada em filé congeladox.x.xx Tainha frescax.x.xx Outros pescados em filé congeladox.x.xx Outros pescados em filé frescox.x.xx Outros pescados frescosx.x.x Outros pescados salgados,7734,,,,
1995,77,Grupo - Pescados marinhos,7734,7734,LAGOSTA SALGADA,,9109,,9109,9109,x.x.xx Outrosx.x.x Anchova frescax.x.x Bagre frescox.x.x Cação frescox.x.x Meluza em filé congeladox.x.x Merluza em filé frescox.x.x Parati frescox.x.x Pescada em filé congeladox.x.xx Tainha frescax.x.xx Outros pescados em filé congeladox.x.xx Outros pescados em filé frescox.x.xx Outros pescados frescosx.x.x Outros pescados salgados,7741,,,,
1995,77,Grupo - Pescados marinhos,7741,7741,VIEIRA,,9109,,9109,9109,x.x.xx Outrosx.x.x Anchova frescax.x.x Bagre frescox.x.x Cação frescox.x.x Meluza em filé congeladox.x.x Merluza em filé frescox.x.x Parati frescox.x.x Pescada em filé congeladox.x.xx Tainha frescax.x.xx Outros pescados em filé congeladox.x.xx Outros pescados em filé frescox.x.xx Outros pescados frescosx.x.x Outros pescados salgados,7742,,,,
1995,77,Grupo - Pescados marinhos,7742,7742,VIEIRA SEM CASCA,,9109,,9109,9109,x.x.xx Outrosx.x.x Anchova frescax.x.x Bagre frescox.x.x Cação frescox.x.x Meluza em filé congeladox.x.x Merluza em filé frescox.x.x Parati frescox.x.x Pescada em filé congeladox.x.xx Tainha frescax.x.xx Outros pescados em filé congeladox.x.xx Outros pescados em filé frescox.x.xx Outros pescados frescosx.x.x Outros pescados salgados,7744,,,,
1995,77,Grupo - Pescados marinhos,7744,7744,VIEIRA SALGADA,,9109,,9109,9109,x.x.xx Outrosx.x.x Anchova frescax.x.x Bagre frescox.x.x Cação frescox.x.x Meluza em filé congeladox.x.x Merluza em filé frescox.x.x Parati frescox.x.x Pescada em filé congeladox.x.xx Tainha frescax.x.xx Outros pescados em filé congeladox.x.xx Outros pescados em filé frescox.x.xx Outros pescados frescosx.x.x Outros pescados salgados,7751,,,,
1995,77,Grupo - Pescados marinhos,7751,7751,TARTARUGA DE MAR,,9109,,9109,9109,x.x.xx Outrosx.x.x Anchova frescax.x.x Bagre frescox.x.x Cação frescox.x.x Meluza em filé congeladox.x.x Merluza em filé frescox.x.x Parati frescox.x.x Pescada em filé congeladox.x.xx Tainha frescax.x.xx Outros pescados em filé congeladox.x.xx Outros pescados em filé frescox.x.xx Outros pescados frescosx.x.x Outros pescados salgados,7752,,,,
1995,77,Grupo - Pescados marinhos,7752,7752,TARTARUGA EM POSTAS,,9109,,9109,9109,x.x.xx Outrosx.x.x Anchova frescax.x.x Bagre frescox.x.x Cação frescox.x.x Meluza em filé congeladox.x.x Merluza em filé frescox.x.x Parati frescox.x.x Pescada em filé congeladox.x.xx Tainha frescax.x.xx Outros pescados em filé congeladox.x.xx Outros pescados em filé frescox.x.xx Outros pescados frescosx.x.x Outros pescados salgados,7753,,,,
1995,77,Grupo - Pescados marinhos,7753,7753,TARTARUGA EM FILÉ FRESCO,,9109,,9109,9109,x.x.xx Outrosx.x.x Anchova frescax.x.x Bagre frescox.x.x Cação frescox.x.x Meluza em filé congeladox.x.x Merluza em filé frescox.x.x Parati frescox.x.x Pescada em filé congeladox.x.xx Tainha frescax.x.xx Outros pescados em filé congeladox.x.xx Outros pescados em filé frescox.x.xx Outros pescados frescosx.x.x Outros pescados salgados,7754,,,,
1995,77,Grupo - Pescados marinhos,7754,7754,TARTARUGA SALGADA,,9109,,9109,9109,x.x.xx Outrosx.x.x Anchova frescax.x.x Bagre frescox.x.x Cação frescox.x.x Meluza em filé congeladox.x.x Merluza em filé frescox.x.x Parati frescox.x.x Pescada em filé congeladox.x.xx Tainha frescax.x.xx Outros pescados em filé congeladox.x.xx Outros pescados em filé frescox.x.xx Outros pescados frescosx.x.x Outros pescados salgados,7755,,,,
1995,77,Grupo - Pescados marinhos,7755,7755,TARTARUGA EM FILÉ CONGELADO,,9109,,9109,9109,x.x.xx Outrosx.x.x Anchova frescax.x.x Bagre frescox.x.x Cação frescox.x.x Meluza em filé congeladox.x.x Merluza em filé frescox.x.x Parati frescox.x.x Pescada em filé congeladox.x.xx Tainha frescax.x.xx Outros pescados em filé congeladox.x.xx Outros pescados em filé frescox.x.xx Outros pescados frescosx.x.x Outros pescados salgados,7764,,,,
1995,77,Grupo - Pescados marinhos,7764,7764,BACALHAU,,9101,,9101,9101,x.x.x Bacalhau,7771,,,,
1995,77,Grupo - Pescados marinhos,7771,7771,PEIXE INTEIRO CAIÇANHA,,9109,,9109,9109,x.x.xx Outrosx.x.x Anchova frescax.x.x Bagre frescox.x.x Cação frescox.x.x Meluza em filé congeladox.x.x Merluza em filé frescox.x.x Parati frescox.x.x Pescada em filé congeladox.x.xx Tainha frescax.x.xx Outros pescados em filé congeladox.x.xx Outros pescados em filé frescox.x.xx Outros pescados frescosx.x.x Outros pescados salgados,7772,,,,
1995,77,Grupo - Pescados marinhos,7772,7772,PEIXE EM POSTAS CAIÇANHA,,9109,,9109,9109,x.x.xx Outrosx.x.x Anchova frescax.x.x Bagre frescox.x.x Cação frescox.x.x Meluza em filé congeladox.x.x Merluza em filé frescox.x.x Parati frescox.x.x Pescada em filé congeladox.x.xx Tainha frescax.x.xx Outros pescados em filé congeladox.x.xx Outros pescados em filé frescox.x.xx Outros pescados frescosx.x.x Outros pescados salgados,7773,,,,
1995,77,Grupo - Pescados marinhos,7773,7773,PEIXE EM FILÉ FRESCO CAIÇANHA,,9109,,9109,9109,x.x.xx Outrosx.x.x Anchova frescax.x.x Bagre frescox.x.x Cação frescox.x.x Meluza em filé congeladox.x.x Merluza em filé frescox.x.x Parati frescox.x.x Pescada em filé congeladox.x.xx Tainha frescax.x.xx Outros pescados em filé congeladox.x.xx Outros pescados em filé frescox.x.xx Outros pescados frescosx.x.x Outros pescados salgados,7774,,,,
1995,77,Grupo - Pescados marinhos,7774,7774,PEIXE SALGADO CAIÇANHA,,9109,,9109,9109,x.x.xx Outrosx.x.x Anchova frescax.x.x Bagre frescox.x.x Cação frescox.x.x Meluza em filé congeladox.x.x Merluza em filé frescox.x.x Parati frescox.x.x Pescada em filé congeladox.x.xx Tainha frescax.x.xx Outros pescados em filé congeladox.x.xx Outros pescados em filé frescox.x.xx Outros pescados frescosx.x.x Outros pescados salgados,7775,,,,
1995,77,Grupo - Pescados marinhos,7775,7775,PEIXE EM FILÉ CONGELADO CAIÇANHA,,9109,,9109,9109,x.x.xx Outrosx.x.x Anchova frescax.x.x Bagre frescox.x.x Cação frescox.x.x Meluza em filé congeladox.x.x Merluza em filé frescox.x.x Parati frescox.x.x Pescada em filé congeladox.x.xx Tainha frescax.x.xx Outros pescados em filé congeladox.x.xx Outros pescados em filé frescox.x.xx Outros pescados frescosx.x.x Outros pescados salgados,7781,,,,
1995,77,Grupo - Pescados marinhos,7781,7781,PEIXE INTEIRO MISTURA DE MAR,,9109,,9109,9109,x.x.xx Outrosx.x.x Anchova frescax.x.x Bagre frescox.x.x Cação frescox.x.x Meluza em filé congeladox.x.x Merluza em filé frescox.x.x Parati frescox.x.x Pescada em filé congeladox.x.xx Tainha frescax.x.xx Outros pescados em filé congeladox.x.xx Outros pescados em filé frescox.x.xx Outros pescados frescosx.x.x Outros pescados salgados,7782,,,,
1995,77,Grupo - Pescados marinhos,7782,7782,PEIXE EM POSTAS MISTURA DE MAR,,9109,,9109,9109,x.x.xx Outrosx.x.x Anchova frescax.x.x Bagre frescox.x.x Cação frescox.x.x Meluza em filé congeladox.x.x Merluza em filé frescox.x.x Parati frescox.x.x Pescada em filé congeladox.x.xx Tainha frescax.x.xx Outros pescados em filé congeladox.x.xx Outros pescados em filé frescox.x.xx Outros pescados frescosx.x.x Outros pescados salgados,7783,,,,
1995,77,Grupo - Pescados marinhos,7783,7783,PEIXE EM FILÉ FRESCO MISTURA DE MAR,,9109,,9109,9109,x.x.xx Outrosx.x.x Anchova frescax.x.x Bagre frescox.x.x Cação frescox.x.x Meluza em filé congeladox.x.x Merluza em filé frescox.x.x Parati frescox.x.x Pescada em filé congeladox.x.xx Tainha frescax.x.xx Outros pescados em filé congeladox.x.xx Outros pescados em filé frescox.x.xx Outros pescados frescosx.x.x Outros pescados salgados,7784,,,,
1995,77,Grupo - Pescados marinhos,7784,7784,PEIXE SALGADO MISTURA DE MAR,,9109,,9109,9109,x.x.xx Outrosx.x.x Anchova frescax.x.x Bagre frescox.x.x Cação frescox.x.x Meluza em filé congeladox.x.x Merluza em filé frescox.x.x Parati frescox.x.x Pescada em filé congeladox.x.xx Tainha frescax.x.xx Outros pescados em filé congeladox.x.xx Outros pescados em filé frescox.x.xx Outros pescados frescosx.x.x Outros pescados salgados,7791,,,,
1995,77,Grupo - Pescados marinhos,7791,7791,PEIXE INTEIRO TIRAVIRA,,9109,,9109,9109,x.x.xx Outrosx.x.x Anchova frescax.x.x Bagre frescox.x.x Cação frescox.x.x Meluza em filé congeladox.x.x Merluza em filé frescox.x.x Parati frescox.x.x Pescada em filé congeladox.x.xx Tainha frescax.x.xx Outros pescados em filé congeladox.x.xx Outros pescados em filé frescox.x.xx Outros pescados frescosx.x.x Outros pescados salgados,7792,,,,
1995,77,Grupo - Pescados marinhos,7792,7792,PEIXE EM POSTAS TIRAVIRA,,9109,,9109,9109,x.x.xx Outrosx.x.x Anchova frescax.x.x Bagre frescox.x.x Cação frescox.x.x Meluza em filé congeladox.x.x Merluza em filé frescox.x.x Parati frescox.x.x Pescada em filé congeladox.x.xx Tainha frescax.x.xx Outros pescados em filé congeladox.x.xx Outros pescados em filé frescox.x.xx Outros pescados frescosx.x.x Outros pescados salgados,7793,,,,
1995,77,Grupo - Pescados marinhos,7793,7793,PEIXE EM FILÉ FRESCO TIRAVIRA,,9109,,9109,9109,x.x.xx Outrosx.x.x Anchova frescax.x.x Bagre frescox.x.x Cação frescox.x.x Meluza em filé congeladox.x.x Merluza em filé frescox.x.x Parati frescox.x.x Pescada em filé congeladox.x.xx Tainha frescax.x.xx Outros pescados em filé congeladox.x.xx Outros pescados em filé frescox.x.xx Outros pescados frescosx.x.x Outros pescados salgados,7794,,,,
1995,77,Grupo - Pescados marinhos,7794,7794,PEIXE SALGADO TIRAVIRA,,9109,,9109,9109,x.x.xx Outrosx.x.x Anchova frescax.x.x Bagre frescox.x.x Cação frescox.x.x Meluza em filé congeladox.x.x Merluza em filé frescox.x.x Parati frescox.x.x Pescada em filé congeladox.x.xx Tainha frescax.x.xx Outros pescados em filé congeladox.x.xx Outros pescados em filé frescox.x.xx Outros pescados frescosx.x.x Outros pescados salgados,7795,,,,
1995,77,Grupo - Pescados marinhos,7795,7795,PEIXE EM FILÉ CONGELADO TIRAVIRA,,9109,,9109,9109,x.x.xx Outrosx.x.x Anchova frescax.x.x Bagre frescox.x.x Cação frescox.x.x Meluza em filé congeladox.x.x Merluza em filé frescox.x.x Parati frescox.x.x Pescada em filé congeladox.x.xx Tainha frescax.x.xx Outros pescados em filé congeladox.x.xx Outros pescados em filé frescox.x.xx Outros pescados frescosx.x.x Outros pescados salgados,7801,,,,
1995,78,Grupo - Pescados marinhos,7801,7801,OVAS DE PEIXE (QUALQUER ESPÉCIE),,9109,,9109,9109,x.x.xx Outrosx.x.x Anchova frescax.x.x Bagre frescox.x.x Cação frescox.x.x Meluza em filé congeladox.x.x Merluza em filé frescox.x.x Parati frescox.x.x Pescada em filé congeladox.x.xx Tainha frescax.x.xx Outros pescados em filé congeladox.x.xx Outros pescados em filé frescox.x.xx Outros pescados frescosx.x.x Outros pescados salgados,7804,,,,
1995,78,Grupo - Pescados marinhos,7804,7804,OVAS DE PEIXE SALGADAS (QUALQUER ESPÉCIE),,9109,,9109,9109,x.x.xx Outrosx.x.x Anchova frescax.x.x Bagre frescox.x.x Cação frescox.x.x Meluza em filé congeladox.x.x Merluza em filé frescox.x.x Parati frescox.x.x Pescada em filé congeladox.x.xx Tainha frescax.x.xx Outros pescados em filé congeladox.x.xx Outros pescados em filé frescox.x.xx Outros pescados frescosx.x.x Outros pescados salgados,7811,,,,
1995,78,Grupo - Pescados marinhos,7811,7811,PEIXE INTEIRO ALICHE,,9109,,9109,9109,x.x.xx Outrosx.x.x Anchova frescax.x.x Bagre frescox.x.x Cação frescox.x.x Meluza em filé congeladox.x.x Merluza em filé frescox.x.x Parati frescox.x.x Pescada em filé congeladox.x.xx Tainha frescax.x.xx Outros pescados em filé congeladox.x.xx Outros pescados em filé frescox.x.xx Outros pescados frescosx.x.x Outros pescados salgados,7812,,,,
1995,78,Grupo - Pescados marinhos,7812,7812,PEIXE EM POSTAS ALICHE,,9109,,9109,9109,x.x.xx Outrosx.x.x Anchova frescax.x.x Bagre frescox.x.x Cação frescox.x.x Meluza em filé congeladox.x.x Merluza em filé frescox.x.x Parati frescox.x.x Pescada em filé congeladox.x.xx Tainha frescax.x.xx Outros pescados em filé congeladox.x.xx Outros pescados em filé frescox.x.xx Outros pescados frescosx.x.x Outros pescados salgados,7813,,,,
1995,78,Grupo - Pescados marinhos,7813,7813,PEIXE EM FILE FRESCO ALICHE,,9109,,9109,9109,x.x.xx Outrosx.x.x Anchova frescax.x.x Bagre frescox.x.x Cação frescox.x.x Meluza em filé congeladox.x.x Merluza em filé frescox.x.x Parati frescox.x.x Pescada em filé congeladox.x.xx Tainha frescax.x.xx Outros pescados em filé congeladox.x.xx Outros pescados em filé frescox.x.xx Outros pescados frescosx.x.x Outros pescados salgados,7814,,,,
1995,78,Grupo - Pescados marinhos,7814,7814,PEIXE SALGADO ALICHE,,9109,,9109,9109,x.x.xx Outrosx.x.x Anchova frescax.x.x Bagre frescox.x.x Cação frescox.x.x Meluza em filé congeladox.x.x Merluza em filé frescox.x.x Parati frescox.x.x Pescada em filé congeladox.x.xx Tainha frescax.x.xx Outros pescados em filé congeladox.x.xx Outros pescados em filé frescox.x.xx Outros pescados frescosx.x.x Outros pescados salgados,7815,,,,
1995,78,Grupo - Pescados marinhos,7815,7815,PEIXE EM FILÉ CONGELADO ALICHE,,9109,,9109,9109,x.x.xx Outrosx.x.x Anchova frescax.x.x Bagre frescox.x.x Cação frescox.x.x Meluza em filé congeladox.x.x Merluza em filé frescox.x.x Parati frescox.x.x Pescada em filé congeladox.x.xx Tainha frescax.x.xx Outros pescados em filé congeladox.x.xx Outros pescados em filé frescox.x.xx Outros pescados frescosx.x.x Outros pescados salgados,7821,,,,
1995,78,Grupo - Pescados marinhos,7821,7821,POLVO,,9109,,9109,9109,x.x.xx Outrosx.x.x Anchova frescax.x.x Bagre frescox.x.x Cação frescox.x.x Meluza em filé congeladox.x.x Merluza em filé frescox.x.x Parati frescox.x.x Pescada em filé congeladox.x.xx Tainha frescax.x.xx Outros pescados em filé congeladox.x.xx Outros pescados em filé frescox.x.xx Outros pescados frescosx.x.x Outros pescados salgados,7822,,,,
1995,78,Grupo - Pescados marinhos,7822,7822,POLVO EM POSTAS,,9109,,9109,9109,x.x.xx Outrosx.x.x Anchova frescax.x.x Bagre frescox.x.x Cação frescox.x.x Meluza em filé congeladox.x.x Merluza em filé frescox.x.x Parati frescox.x.x Pescada em filé congeladox.x.xx Tainha frescax.x.xx Outros pescados em filé congeladox.x.xx Outros pescados em filé frescox.x.xx Outros pescados frescosx.x.x Outros pescados salgados,7824,,,,
1995,78,Grupo - Pescados marinhos,7824,7824,POLVO SALGADO,,9109,,9109,9109,x.x.xx Outrosx.x.x Anchova frescax.x.x Bagre frescox.x.x Cação frescox.x.x Meluza em filé congeladox.x.x Merluza em filé frescox.x.x Parati frescox.x.x Pescada em filé congeladox.x.xx Tainha frescax.x.xx Outros pescados em filé congeladox.x.xx Outros pescados em filé frescox.x.xx Outros pescados frescosx.x.x Outros pescados salgados,7831,,,,
1995,78,Grupo - Pescados marinhos,7831,7831,PEIXE INTEIRO ABROTE,,,,,9109,x.x.xx Outrosx.x.x Anchova frescax.x.x Bagre frescox.x.x Cação frescox.x.x Meluza em filé congeladox.x.x Merluza em filé frescox.x.x Parati frescox.x.x Pescada em filé congeladox.x.xx Tainha frescax.x.xx Outros pescados em filé congeladox.x.xx Outros pescados em filé frescox.x.xx Outros pescados frescosx.x.x Outros pescados salgados,7832,,,,
1995,78,Grupo - Pescados marinhos,7832,7832,PEIXE EM POSTAS ABROTE,,,,,9109,x.x.xx Outrosx.x.x Anchova frescax.x.x Bagre frescox.x.x Cação frescox.x.x Meluza em filé congeladox.x.x Merluza em filé frescox.x.x Parati frescox.x.x Pescada em filé congeladox.x.xx Tainha frescax.x.xx Outros pescados em filé congeladox.x.xx Outros pescados em filé frescox.x.xx Outros pescados frescosx.x.x Outros pescados salgados,7833,,,,
1995,78,Grupo - Pescados marinhos,7833,7833,PEIXE EM FILÉ FRESCO ABROTE,,,,,9109,x.x.xx Outrosx.x.x Anchova frescax.x.x Bagre frescox.x.x Cação frescox.x.x Meluza em filé congeladox.x.x Merluza em filé frescox.x.x Parati frescox.x.x Pescada em filé congeladox.x.xx Tainha frescax.x.xx Outros pescados em filé congeladox.x.xx Outros pescados em filé frescox.x.xx Outros pescados frescosx.x.x Outros pescados salgados,7834,,,,
1995,78,Grupo - Pescados marinhos,7834,7834,PEIXE SALGADO ABROTE,,,,,9109,x.x.xx Outrosx.x.x Anchova frescax.x.x Bagre frescox.x.x Cação frescox.x.x Meluza em filé congeladox.x.x Merluza em filé frescox.x.x Parati frescox.x.x Pescada em filé congeladox.x.xx Tainha frescax.x.xx Outros pescados em filé congeladox.x.xx Outros pescados em filé frescox.x.xx Outros pescados frescosx.x.x Outros pescados salgados,7835,,,,
1995,78,Grupo - Pescados marinhos,7835,7835,PEIXE EM FILE CONGELADO ABROTE,,,,,9109,x.x.xx Outrosx.x.x Anchova frescax.x.x Bagre frescox.x.x Cação frescox.x.x Meluza em filé congeladox.x.x Merluza em filé frescox.x.x Parati frescox.x.x Pescada em filé congeladox.x.xx Tainha frescax.x.xx Outros pescados em filé congeladox.x.xx Outros pescados em filé frescox.x.xx Outros pescados frescosx.x.x Outros pescados salgados,7841,,,,
1995,78,Grupo - Pescados marinhos,7841,7841,PEIXE INTEIRO BABOSA,,,,,9109,x.x.xx Outrosx.x.x Anchova frescax.x.x Bagre frescox.x.x Cação frescox.x.x Meluza em filé congeladox.x.x Merluza em filé frescox.x.x Parati frescox.x.x Pescada em filé congeladox.x.xx Tainha frescax.x.xx Outros pescados em filé congeladox.x.xx Outros pescados em filé frescox.x.xx Outros pescados frescosx.x.x Outros pescados salgados,7842,,,,
1995,78,Grupo - Pescados marinhos,7842,7842,PEIXE EM POSTAS BABOSA,,,,,9109,x.x.xx Outrosx.x.x Anchova frescax.x.x Bagre frescox.x.x Cação frescox.x.x Meluza em filé congeladox.x.x Merluza em filé frescox.x.x Parati frescox.x.x Pescada em filé congeladox.x.xx Tainha frescax.x.xx Outros pescados em filé congeladox.x.xx Outros pescados em filé frescox.x.xx Outros pescados frescosx.x.x Outros pescados salgados,7843,,,,
1995,78,Grupo - Pescados marinhos,7843,7843,PEIXE EM FILÉ FRESCO BABOSA,,,,,9109,x.x.xx Outrosx.x.x Anchova frescax.x.x Bagre frescox.x.x Cação frescox.x.x Meluza em filé congeladox.x.x Merluza em filé frescox.x.x Parati frescox.x.x Pescada em filé congeladox.x.xx Tainha frescax.x.xx Outros pescados em filé congeladox.x.xx Outros pescados em filé frescox.x.xx Outros pescados frescosx.x.x Outros pescados salgados,7844,,,,
1995,78,Grupo - Pescados marinhos,7844,7844,PEIXE SALGADO BABOSA,,,,,9109,x.x.xx Outrosx.x.x Anchova frescax.x.x Bagre frescox.x.x Cação frescox.x.x Meluza em filé congeladox.x.x Merluza em filé frescox.x.x Parati frescox.x.x Pescada em filé congeladox.x.xx Tainha frescax.x.xx Outros pescados em filé congeladox.x.xx Outros pescados em filé frescox.x.xx Outros pescados frescosx.x.x Outros pescados salgados,7845,,,,
1995,78,Grupo - Pescados marinhos,7845,7845,PEIXE EM FILÉ CONGELADO BABOSA,,,,,9109,x.x.xx Outrosx.x.x Anchova frescax.x.x Bagre frescox.x.x Cação frescox.x.x Meluza em filé congeladox.x.x Merluza em filé frescox.x.x Parati frescox.x.x Pescada em filé congeladox.x.xx Tainha frescax.x.xx Outros pescados em filé congeladox.x.xx Outros pescados em filé frescox.x.xx Outros pescados frescosx.x.x Outros pescados salgados,7851,,,,
1995,78,Grupo - Pescados marinhos,7851,7851,PEIXE INTEIRO PENA,,,,,9109,x.x.xx Outrosx.x.x Anchova frescax.x.x Bagre frescox.x.x Cação frescox.x.x Meluza em filé congeladox.x.x Merluza em filé frescox.x.x Parati frescox.x.x Pescada em filé congeladox.x.xx Tainha frescax.x.xx Outros pescados em filé congeladox.x.xx Outros pescados em filé frescox.x.xx Outros pescados frescosx.x.x Outros pescados salgados,7852,,,,
1995,78,Grupo - Pescados marinhos,7852,7852,PEIXE EM POSTAS PENA,,,,,9109,x.x.xx Outrosx.x.x Anchova frescax.x.x Bagre frescox.x.x Cação frescox.x.x Meluza em filé congeladox.x.x Merluza em filé frescox.x.x Parati frescox.x.x Pescada em filé congeladox.x.xx Tainha frescax.x.xx Outros pescados em filé congeladox.x.xx Outros pescados em filé frescox.x.xx Outros pescados frescosx.x.x Outros pescados salgados,7853,,,,
1995,78,Grupo - Pescados marinhos,7853,7853,PEIXE EM FILÉ FRESCO PENA,,,,,9109,x.x.xx Outrosx.x.x Anchova frescax.x.x Bagre frescox.x.x Cação frescox.x.x Meluza em filé congeladox.x.x Merluza em filé frescox.x.x Parati frescox.x.x Pescada em filé congeladox.x.xx Tainha frescax.x.xx Outros pescados em filé congeladox.x.xx Outros pescados em filé frescox.x.xx Outros pescados frescosx.x.x Outros pescados salgados,7854,,,,
1995,78,Grupo - Pescados marinhos,7854,7854,PEIXE SALGADO PENA,,,,,9109,x.x.xx Outrosx.x.x Anchova frescax.x.x Bagre frescox.x.x Cação frescox.x.x Meluza em filé congeladox.x.x Merluza em filé frescox.x.x Parati frescox.x.x Pescada em filé congeladox.x.xx Tainha frescax.x.xx Outros pescados em filé congeladox.x.xx Outros pescados em filé frescox.x.xx Outros pescados frescosx.x.x Outros pescados salgados,7855,,,,
1995,78,Grupo - Pescados marinhos,7855,7855,PEIXE EM FILÉ CONGELADO PENA,,,,,9109,x.x.xx Outrosx.x.x Anchova frescax.x.x Bagre frescox.x.x Cação frescox.x.x Meluza em filé congeladox.x.x Merluza em filé frescox.x.x Parati frescox.x.x Pescada em filé congeladox.x.xx Tainha frescax.x.xx Outros pescados em filé congeladox.x.xx Outros pescados em filé frescox.x.xx Outros pescados frescosx.x.x Outros pescados salgados,8001,,,,
1995,80,Grupo - Pescados de água-doce,8001,8001,PEIXE INTEIRO DE AGUA DOCE (NÃO ESPECIFICADO),,9201,,9201,9201,x.x.x Pescados de água docex.x.x Acará frescax.x.x Acari frescox.x.x Anujá frescox.x.x Curimatã frescox.x.x Dourada frescax.x.x Jaraqui frescox.x.x Lambari frescox.x.x Mapará frescox.x.x Piau frescox.x.xx Surubim frescox.x.xx Tambaqui frescox.x.xx Tilápia frescax.x.xx Traíra frescax.x.xx Tucunaré frescox.x.xx Outros pescados em filé congeladox.x.xx Outros pescados em filé frescox.x.xx Outros pescados frescosx.x.xx Outros pescados salgadosx.x Pescados não especificadosx.x.x Peixe em filé congeladox.x.x Peixe em filé frescox.x.x Peixe frescox.x.x Peixe salgado,8002,,,,
1995,80,Grupo - Pescados de água-doce,8002,8002,PEIXE EM POSTAS DE AGUA DOCE (NÃO ESPECIFICADO),,9201,,9201,9201,x.x.x Pescados de água docex.x.x Acará frescax.x.x Acari frescox.x.x Anujá frescox.x.x Curimatã frescox.x.x Dourada frescax.x.x Jaraqui frescox.x.x Lambari frescox.x.x Mapará frescox.x.x Piau frescox.x.xx Surubim frescox.x.xx Tambaqui frescox.x.xx Tilápia frescax.x.xx Traíra frescax.x.xx Tucunaré frescox.x.xx Outros pescados em filé congeladox.x.xx Outros pescados em filé frescox.x.xx Outros pescados frescosx.x.xx Outros pescados salgadosx.x Pescados não especificadosx.x.x Peixe em filé congeladox.x.x Peixe em filé frescox.x.x Peixe frescox.x.x Peixe salgado,8003,,,,
1995,80,Grupo - Pescados de água-doce,8003,8003,PEIXE EM FILÉ FRESCO DE AGUA DOCE (NÃO ESPECIFICADO),,9201,,9201,9201,x.x.x Pescados de água docex.x.x Acará frescax.x.x Acari frescox.x.x Anujá frescox.x.x Curimatã frescox.x.x Dourada frescax.x.x Jaraqui frescox.x.x Lambari frescox.x.x Mapará frescox.x.x Piau frescox.x.xx Surubim frescox.x.xx Tambaqui frescox.x.xx Tilápia frescax.x.xx Traíra frescax.x.xx Tucunaré frescox.x.xx Outros pescados em filé congeladox.x.xx Outros pescados em filé frescox.x.xx Outros pescados frescosx.x.xx Outros pescados salgadosx.x Pescados não especificadosx.x.x Peixe em filé congeladox.x.x Peixe em filé frescox.x.x Peixe frescox.x.x Peixe salgado,8004,,,,
1995,80,Grupo - Pescados de água-doce,8004,8004,PEIXE SALGADO DE AGUA DOCE (NÃO ESPECIFICADO),,9201,,9201,9201,x.x.x Pescados de água docex.x.x Acará frescax.x.x Acari frescox.x.x Anujá frescox.x.x Curimatã frescox.x.x Dourada frescax.x.x Jaraqui frescox.x.x Lambari frescox.x.x Mapará frescox.x.x Piau frescox.x.xx Surubim frescox.x.xx Tambaqui frescox.x.xx Tilápia frescax.x.xx Traíra frescax.x.xx Tucunaré frescox.x.xx Outros pescados em filé congeladox.x.xx Outros pescados em filé frescox.x.xx Outros pescados frescosx.x.xx Outros pescados salgadosx.x Pescados não especificadosx.x.x Peixe em filé congeladox.x.x Peixe em filé frescox.x.x Peixe frescox.x.x Peixe salgado,8005,,,,
1995,80,Grupo - Pescados de água-doce,8005,8005,PEIXE EM FILÉ CONGELADO DE AGUA DOCE (NÃO ESPECIFICADO),,9201,,9201,9201,x.x.x Pescados de água docex.x.x Acará frescax.x.x Acari frescox.x.x Anujá frescox.x.x Curimatã frescox.x.x Dourada frescax.x.x Jaraqui frescox.x.x Lambari frescox.x.x Mapará frescox.x.x Piau frescox.x.xx Surubim frescox.x.xx Tambaqui frescox.x.xx Tilápia frescax.x.xx Traíra frescax.x.xx Tucunaré frescox.x.xx Outros pescados em filé congeladox.x.xx Outros pescados em filé frescox.x.xx Outros pescados frescosx.x.xx Outros pescados salgadosx.x Pescados não especificadosx.x.x Peixe em filé congeladox.x.x Peixe em filé frescox.x.x Peixe frescox.x.x Peixe salgado,8011,,,,
1995,80,Grupo - Pescados de água-doce,8011,8011,PEIXE INTEIRO TRAIRA,,9201,,9201,9201,x.x.x Pescados de água docex.x.x Acará frescax.x.x Acari frescox.x.x Anujá frescox.x.x Curimatã frescox.x.x Dourada frescax.x.x Jaraqui frescox.x.x Lambari frescox.x.x Mapará frescox.x.x Piau frescox.x.xx Surubim frescox.x.xx Tambaqui frescox.x.xx Tilápia frescax.x.xx Traíra frescax.x.xx Tucunaré frescox.x.xx Outros pescados em filé congeladox.x.xx Outros pescados em filé frescox.x.xx Outros pescados frescosx.x.xx Outros pescados salgadosx.x Pescados não especificadosx.x.x Peixe em filé congeladox.x.x Peixe em filé frescox.x.x Peixe frescox.x.x Peixe salgado,8012,,,,
1995,80,Grupo - Pescados de água-doce,8012,8012,PEIXE EM POSTAS TRAIRA,,9201,,9201,9201,x.x.x Pescados de água docex.x.x Acará frescax.x.x Acari frescox.x.x Anujá frescox.x.x Curimatã frescox.x.x Dourada frescax.x.x Jaraqui frescox.x.x Lambari frescox.x.x Mapará frescox.x.x Piau frescox.x.xx Surubim frescox.x.xx Tambaqui frescox.x.xx Tilápia frescax.x.xx Traíra frescax.x.xx Tucunaré frescox.x.xx Outros pescados em filé congeladox.x.xx Outros pescados em filé frescox.x.xx Outros pescados frescosx.x.xx Outros pescados salgadosx.x Pescados não especificadosx.x.x Peixe em filé congeladox.x.x Peixe em filé frescox.x.x Peixe frescox.x.x Peixe salgado,8013,,,,
1995,80,Grupo - Pescados de água-doce,8013,8013,PEIXE EM FILÉ FRESCO TRAIRA,,9201,,9201,9201,x.x.x Pescados de água docex.x.x Acará frescax.x.x Acari frescox.x.x Anujá frescox.x.x Curimatã frescox.x.x Dourada frescax.x.x Jaraqui frescox.x.x Lambari frescox.x.x Mapará frescox.x.x Piau frescox.x.xx Surubim frescox.x.xx Tambaqui frescox.x.xx Tilápia frescax.x.xx Traíra frescax.x.xx Tucunaré frescox.x.xx Outros pescados em filé congeladox.x.xx Outros pescados em filé frescox.x.xx Outros pescados frescosx.x.xx Outros pescados salgadosx.x Pescados não especificadosx.x.x Peixe em filé congeladox.x.x Peixe em filé frescox.x.x Peixe frescox.x.x Peixe salgado,8014,,,,
1995,80,Grupo - Pescados de água-doce,8014,8014,PEIXE SALGADO TRAIRA,,9201,,9201,9201,x.x.x Pescados de água docex.x.x Acará frescax.x.x Acari frescox.x.x Anujá frescox.x.x Curimatã frescox.x.x Dourada frescax.x.x Jaraqui frescox.x.x Lambari frescox.x.x Mapará frescox.x.x Piau frescox.x.xx Surubim frescox.x.xx Tambaqui frescox.x.xx Tilápia frescax.x.xx Traíra frescax.x.xx Tucunaré frescox.x.xx Outros pescados em filé congeladox.x.xx Outros pescados em filé frescox.x.xx Outros pescados frescosx.x.xx Outros pescados salgadosx.x Pescados não especificadosx.x.x Peixe em filé congeladox.x.x Peixe em filé frescox.x.x Peixe frescox.x.x Peixe salgado,8015,,,,
1995,80,Grupo - Pescados de água-doce,8015,8015,PEIXE EM FILÉ CONGELADO TRAIRA,,9201,,9201,9201,x.x.x Pescados de água docex.x.x Acará frescax.x.x Acari frescox.x.x Anujá frescox.x.x Curimatã frescox.x.x Dourada frescax.x.x Jaraqui frescox.x.x Lambari frescox.x.x Mapará frescox.x.x Piau frescox.x.xx Surubim frescox.x.xx Tambaqui frescox.x.xx Tilápia frescax.x.xx Traíra frescax.x.xx Tucunaré frescox.x.xx Outros pescados em filé congeladox.x.xx Outros pescados em filé frescox.x.xx Outros pescados frescosx.x.xx Outros pescados salgadosx.x Pescados não especificadosx.x.x Peixe em filé congeladox.x.x Peixe em filé frescox.x.x Peixe frescox.x.x Peixe salgado,8021,,,,
1995,80,Grupo - Pescados de água-doce,8021,8021,PEIXE INTEIRO ACARA,,9201,,9201,9201,x.x.x Pescados de água docex.x.x Acará frescax.x.x Acari frescox.x.x Anujá frescox.x.x Curimatã frescox.x.x Dourada frescax.x.x Jaraqui frescox.x.x Lambari frescox.x.x Mapará frescox.x.x Piau frescox.x.xx Surubim frescox.x.xx Tambaqui frescox.x.xx Tilápia frescax.x.xx Traíra frescax.x.xx Tucunaré frescox.x.xx Outros pescados em filé congeladox.x.xx Outros pescados em filé frescox.x.xx Outros pescados frescosx.x.xx Outros pescados salgadosx.x Pescados não especificadosx.x.x Peixe em filé congeladox.x.x Peixe em filé frescox.x.x Peixe frescox.x.x Peixe salgado,8022,,,,
1995,80,Grupo - Pescados de água-doce,8022,8022,PEIXE EM POSTAS ACARA,,9201,,9201,9201,x.x.x Pescados de água docex.x.x Acará frescax.x.x Acari frescox.x.x Anujá frescox.x.x Curimatã frescox.x.x Dourada frescax.x.x Jaraqui frescox.x.x Lambari frescox.x.x Mapará frescox.x.x Piau frescox.x.xx Surubim frescox.x.xx Tambaqui frescox.x.xx Tilápia frescax.x.xx Traíra frescax.x.xx Tucunaré frescox.x.xx Outros pescados em filé congeladox.x.xx Outros pescados em filé frescox.x.xx Outros pescados frescosx.x.xx Outros pescados salgadosx.x Pescados não especificadosx.x.x Peixe em filé congeladox.x.x Peixe em filé frescox.x.x Peixe frescox.x.x Peixe salgado,8023,,,,
1995,80,Grupo - Pescados de água-doce,8023,8023,PEIXE EM FILE FRESCO ACARA,,9201,,9201,9201,x.x.x Pescados de água docex.x.x Acará frescax.x.x Acari frescox.x.x Anujá frescox.x.x Curimatã frescox.x.x Dourada frescax.x.x Jaraqui frescox.x.x Lambari frescox.x.x Mapará frescox.x.x Piau frescox.x.xx Surubim frescox.x.xx Tambaqui frescox.x.xx Tilápia frescax.x.xx Traíra frescax.x.xx Tucunaré frescox.x.xx Outros pescados em filé congeladox.x.xx Outros pescados em filé frescox.x.xx Outros pescados frescosx.x.xx Outros pescados salgadosx.x Pescados não especificadosx.x.x Peixe em filé congeladox.x.x Peixe em filé frescox.x.x Peixe frescox.x.x Peixe salgado,8024,,,,
1995,80,Grupo - Pescados de água-doce,8024,8024,PEIXE SALGADO ACARA,,9201,,9201,9201,x.x.x Pescados de água docex.x.x Acará frescax.x.x Acari frescox.x.x Anujá frescox.x.x Curimatã frescox.x.x Dourada frescax.x.x Jaraqui frescox.x.x Lambari frescox.x.x Mapará frescox.x.x Piau frescox.x.xx Surubim frescox.x.xx Tambaqui frescox.x.xx Tilápia frescax.x.xx Traíra frescax.x.xx Tucunaré frescox.x.xx Outros pescados em filé congeladox.x.xx Outros pescados em filé frescox.x.xx Outros pescados frescosx.x.xx Outros pescados salgadosx.x Pescados não especificadosx.x.x Peixe em filé congeladox.x.x Peixe em filé frescox.x.x Peixe frescox.x.x Peixe salgado,8025,,,,
1995,80,Grupo - Pescados de água-doce,8025,8025,PEIXE EM FILÉ CONGELADO ACARA,,9201,,9201,9201,x.x.x Pescados de água docex.x.x Acará frescax.x.x Acari frescox.x.x Anujá frescox.x.x Curimatã frescox.x.x Dourada frescax.x.x Jaraqui frescox.x.x Lambari frescox.x.x Mapará frescox.x.x Piau frescox.x.xx Surubim frescox.x.xx Tambaqui frescox.x.xx Tilápia frescax.x.xx Traíra frescax.x.xx Tucunaré frescox.x.xx Outros pescados em filé congeladox.x.xx Outros pescados em filé frescox.x.xx Outros pescados frescosx.x.xx Outros pescados salgadosx.x Pescados não especificadosx.x.x Peixe em filé congeladox.x.x Peixe em filé frescox.x.x Peixe frescox.x.x Peixe salgado,8031,,,,
1995,80,Grupo - Pescados de água-doce,8031,8031,PEIXE INTEIRO LAMBARI,,9201,,9201,9201,x.x.x Pescados de água docex.x.x Acará frescax.x.x Acari frescox.x.x Anujá frescox.x.x Curimatã frescox.x.x Dourada frescax.x.x Jaraqui frescox.x.x Lambari frescox.x.x Mapará frescox.x.x Piau frescox.x.xx Surubim frescox.x.xx Tambaqui frescox.x.xx Tilápia frescax.x.xx Traíra frescax.x.xx Tucunaré frescox.x.xx Outros pescados em filé congeladox.x.xx Outros pescados em filé frescox.x.xx Outros pescados frescosx.x.xx Outros pescados salgadosx.x Pescados não especificadosx.x.x Peixe em filé congeladox.x.x Peixe em filé frescox.x.x Peixe frescox.x.x Peixe salgado,8032,,,,
1995,80,Grupo - Pescados de água-doce,8032,8032,PEIXE EM POSTAS LAMBARI,,9201,,9201,9201,x.x.x Pescados de água docex.x.x Acará frescax.x.x Acari frescox.x.x Anujá frescox.x.x Curimatã frescox.x.x Dourada frescax.x.x Jaraqui frescox.x.x Lambari frescox.x.x Mapará frescox.x.x Piau frescox.x.xx Surubim frescox.x.xx Tambaqui frescox.x.xx Tilápia frescax.x.xx Traíra frescax.x.xx Tucunaré frescox.x.xx Outros pescados em filé congeladox.x.xx Outros pescados em filé frescox.x.xx Outros pescados frescosx.x.xx Outros pescados salgadosx.x Pescados não especificadosx.x.x Peixe em filé congeladox.x.x Peixe em filé frescox.x.x Peixe frescox.x.x Peixe salgado,8033,,,,
1995,80,Grupo - Pescados de água-doce,8033,8033,PEIXE EM FILÉ FRESCO LAMBARI,,9201,,9201,9201,x.x.x Pescados de água docex.x.x Acará frescax.x.x Acari frescox.x.x Anujá frescox.x.x Curimatã frescox.x.x Dourada frescax.x.x Jaraqui frescox.x.x Lambari frescox.x.x Mapará frescox.x.x Piau frescox.x.xx Surubim frescox.x.xx Tambaqui frescox.x.xx Tilápia frescax.x.xx Traíra frescax.x.xx Tucunaré frescox.x.xx Outros pescados em filé congeladox.x.xx Outros pescados em filé frescox.x.xx Outros pescados frescosx.x.xx Outros pescados salgadosx.x Pescados não especificadosx.x.x Peixe em filé congeladox.x.x Peixe em filé frescox.x.x Peixe frescox.x.x Peixe salgado,8034,,,,
1995,80,Grupo - Pescados de água-doce,8034,8034,PEIXE SALGADO LAMBARI,,9201,,9201,9201,x.x.x Pescados de água docex.x.x Acará frescax.x.x Acari frescox.x.x Anujá frescox.x.x Curimatã frescox.x.x Dourada frescax.x.x Jaraqui frescox.x.x Lambari frescox.x.x Mapará frescox.x.x Piau frescox.x.xx Surubim frescox.x.xx Tambaqui frescox.x.xx Tilápia frescax.x.xx Traíra frescax.x.xx Tucunaré frescox.x.xx Outros pescados em filé congeladox.x.xx Outros pescados em filé frescox.x.xx Outros pescados frescosx.x.xx Outros pescados salgadosx.x Pescados não especificadosx.x.x Peixe em filé congeladox.x.x Peixe em filé frescox.x.x Peixe frescox.x.x Peixe salgado,8035,,,,
1995,80,Grupo - Pescados de água-doce,8035,8035,PEIXE EM FILÉ CONGELADO LAMBARI,,9201,,9201,9201,x.x.x Pescados de água docex.x.x Acará frescax.x.x Acari frescox.x.x Anujá frescox.x.x Curimatã frescox.x.x Dourada frescax.x.x Jaraqui frescox.x.x Lambari frescox.x.x Mapará frescox.x.x Piau frescox.x.xx Surubim frescox.x.xx Tambaqui frescox.x.xx Tilápia frescax.x.xx Traíra frescax.x.xx Tucunaré frescox.x.xx Outros pescados em filé congeladox.x.xx Outros pescados em filé frescox.x.xx Outros pescados frescosx.x.xx Outros pescados salgadosx.x Pescados não especificadosx.x.x Peixe em filé congeladox.x.x Peixe em filé frescox.x.x Peixe frescox.x.x Peixe salgado,8041,,,,
1995,80,Grupo - Pescados de água-doce,8041,8041,PEIXE INTEIRO SURUBIM,,9201,,9201,9201,x.x.x Pescados de água docex.x.x Acará frescax.x.x Acari frescox.x.x Anujá frescox.x.x Curimatã frescox.x.x Dourada frescax.x.x Jaraqui frescox.x.x Lambari frescox.x.x Mapará frescox.x.x Piau frescox.x.xx Surubim frescox.x.xx Tambaqui frescox.x.xx Tilápia frescax.x.xx Traíra frescax.x.xx Tucunaré frescox.x.xx Outros pescados em filé congeladox.x.xx Outros pescados em filé frescox.x.xx Outros pescados frescosx.x.xx Outros pescados salgadosx.x Pescados não especificadosx.x.x Peixe em filé congeladox.x.x Peixe em filé frescox.x.x Peixe frescox.x.x Peixe salgado,8042,,,,
1995,80,Grupo - Pescados de água-doce,8042,8042,PEIXE EM POSTAS SURUBIM,,9201,,9201,9201,x.x.x Pescados de água docex.x.x Acará frescax.x.x Acari frescox.x.x Anujá frescox.x.x Curimatã frescox.x.x Dourada frescax.x.x Jaraqui frescox.x.x Lambari frescox.x.x Mapará frescox.x.x Piau frescox.x.xx Surubim frescox.x.xx Tambaqui frescox.x.xx Tilápia frescax.x.xx Traíra frescax.x.xx Tucunaré frescox.x.xx Outros pescados em filé congeladox.x.xx Outros pescados em filé frescox.x.xx Outros pescados frescosx.x.xx Outros pescados salgadosx.x Pescados não especificadosx.x.x Peixe em filé congeladox.x.x Peixe em filé frescox.x.x Peixe frescox.x.x Peixe salgado,8043,,,,
1995,80,Grupo - Pescados de água-doce,8043,8043,PEIXE EM FILÉ FRESCO SURUBIM,,9201,,9201,9201,x.x.x Pescados de água docex.x.x Acará frescax.x.x Acari frescox.x.x Anujá frescox.x.x Curimatã frescox.x.x Dourada frescax.x.x Jaraqui frescox.x.x Lambari frescox.x.x Mapará frescox.x.x Piau frescox.x.xx Surubim frescox.x.xx Tambaqui frescox.x.xx Tilápia frescax.x.xx Traíra frescax.x.xx Tucunaré frescox.x.xx Outros pescados em filé congeladox.x.xx Outros pescados em filé frescox.x.xx Outros pescados frescosx.x.xx Outros pescados salgadosx.x Pescados não especificadosx.x.x Peixe em filé congeladox.x.x Peixe em filé frescox.x.x Peixe frescox.x.x Peixe salgado,8044,,,,
1995,80,Grupo - Pescados de água-doce,8044,8044,PEIXE SALGADO SURUBIM,,9201,,9201,9201,x.x.x Pescados de água docex.x.x Acará frescax.x.x Acari frescox.x.x Anujá frescox.x.x Curimatã frescox.x.x Dourada frescax.x.x Jaraqui frescox.x.x Lambari frescox.x.x Mapará frescox.x.x Piau frescox.x.xx Surubim frescox.x.xx Tambaqui frescox.x.xx Tilápia frescax.x.xx Traíra frescax.x.xx Tucunaré frescox.x.xx Outros pescados em filé congeladox.x.xx Outros pescados em filé frescox.x.xx Outros pescados frescosx.x.xx Outros pescados salgadosx.x Pescados não especificadosx.x.x Peixe em filé congeladox.x.x Peixe em filé frescox.x.x Peixe frescox.x.x Peixe salgado,8045,,,,
1995,80,Grupo - Pescados de água-doce,8045,8045,PEIXE EM FILÉ CONGELADO SURUBIM,,9201,,9201,9201,x.x.x Pescados de água docex.x.x Acará frescax.x.x Acari frescox.x.x Anujá frescox.x.x Curimatã frescox.x.x Dourada frescax.x.x Jaraqui frescox.x.x Lambari frescox.x.x Mapará frescox.x.x Piau frescox.x.xx Surubim frescox.x.xx Tambaqui frescox.x.xx Tilápia frescax.x.xx Traíra frescax.x.xx Tucunaré frescox.x.xx Outros pescados em filé congeladox.x.xx Outros pescados em filé frescox.x.xx Outros pescados frescosx.x.xx Outros pescados salgadosx.x Pescados não especificadosx.x.x Peixe em filé congeladox.x.x Peixe em filé frescox.x.x Peixe frescox.x.x Peixe salgado,8051,,,,
1995,80,Grupo - Pescados de água-doce,8051,8051,PEIXE INTEIRO JACUNDA,,9201,,9201,9201,x.x.x Pescados de água docex.x.x Acará frescax.x.x Acari frescox.x.x Anujá frescox.x.x Curimatã frescox.x.x Dourada frescax.x.x Jaraqui frescox.x.x Lambari frescox.x.x Mapará frescox.x.x Piau frescox.x.xx Surubim frescox.x.xx Tambaqui frescox.x.xx Tilápia frescax.x.xx Traíra frescax.x.xx Tucunaré frescox.x.xx Outros pescados em filé congeladox.x.xx Outros pescados em filé frescox.x.xx Outros pescados frescosx.x.xx Outros pescados salgadosx.x Pescados não especificadosx.x.x Peixe em filé congeladox.x.x Peixe em filé frescox.x.x Peixe frescox.x.x Peixe salgado,8052,,,,
1995,80,Grupo - Pescados de água-doce,8052,8052,PEIXE EM POSTAS JACUNDA,,9201,,9201,9201,x.x.x Pescados de água docex.x.x Acará frescax.x.x Acari frescox.x.x Anujá frescox.x.x Curimatã frescox.x.x Dourada frescax.x.x Jaraqui frescox.x.x Lambari frescox.x.x Mapará frescox.x.x Piau frescox.x.xx Surubim frescox.x.xx Tambaqui frescox.x.xx Tilápia frescax.x.xx Traíra frescax.x.xx Tucunaré frescox.x.xx Outros pescados em filé congeladox.x.xx Outros pescados em filé frescox.x.xx Outros pescados frescosx.x.xx Outros pescados salgadosx.x Pescados não especificadosx.x.x Peixe em filé congeladox.x.x Peixe em filé frescox.x.x Peixe frescox.x.x Peixe salgado,8053,,,,
1995,80,Grupo - Pescados de água-doce,8053,8053,PEIXE EM FILÉ FRESCO JACUNDA,,9201,,9201,9201,x.x.x Pescados de água docex.x.x Acará frescax.x.x Acari frescox.x.x Anujá frescox.x.x Curimatã frescox.x.x Dourada frescax.x.x Jaraqui frescox.x.x Lambari frescox.x.x Mapará frescox.x.x Piau frescox.x.xx Surubim frescox.x.xx Tambaqui frescox.x.xx Tilápia frescax.x.xx Traíra frescax.x.xx Tucunaré frescox.x.xx Outros pescados em filé congeladox.x.xx Outros pescados em filé frescox.x.xx Outros pescados frescosx.x.xx Outros pescados salgadosx.x Pescados não especificadosx.x.x Peixe em filé congeladox.x.x Peixe em filé frescox.x.x Peixe frescox.x.x Peixe salgado,8054,,,,
1995,80,Grupo - Pescados de água-doce,8054,8054,PEIXE SALGADO JACUNDA,,9201,,9201,9201,x.x.x Pescados de água docex.x.x Acará frescax.x.x Acari frescox.x.x Anujá frescox.x.x Curimatã frescox.x.x Dourada frescax.x.x Jaraqui frescox.x.x Lambari frescox.x.x Mapará frescox.x.x Piau frescox.x.xx Surubim frescox.x.xx Tambaqui frescox.x.xx Tilápia frescax.x.xx Traíra frescax.x.xx Tucunaré frescox.x.xx Outros pescados em filé congeladox.x.xx Outros pescados em filé frescox.x.xx Outros pescados frescosx.x.xx Outros pescados salgadosx.x Pescados não especificadosx.x.x Peixe em filé congeladox.x.x Peixe em filé frescox.x.x Peixe frescox.x.x Peixe salgado,8055,,,,
1995,80,Grupo - Pescados de água-doce,8055,8055,PEIXE EM FILÉ CONGELADO JACUNDA,,9201,,9201,9201,x.x.x Pescados de água docex.x.x Acará frescax.x.x Acari frescox.x.x Anujá frescox.x.x Curimatã frescox.x.x Dourada frescax.x.x Jaraqui frescox.x.x Lambari frescox.x.x Mapará frescox.x.x Piau frescox.x.xx Surubim frescox.x.xx Tambaqui frescox.x.xx Tilápia frescax.x.xx Traíra frescax.x.xx Tucunaré frescox.x.xx Outros pescados em filé congeladox.x.xx Outros pescados em filé frescox.x.xx Outros pescados frescosx.x.xx Outros pescados salgadosx.x Pescados não especificadosx.x.x Peixe em filé congeladox.x.x Peixe em filé frescox.x.x Peixe frescox.x.x Peixe salgado,8061,,,,
1995,80,Grupo - Pescados de água-doce,8061,8061,PEIXE INTEIRO PIRARUCU,,9201,,9201,9201,x.x.x Pescados de água docex.x.x Acará frescax.x.x Acari frescox.x.x Anujá frescox.x.x Curimatã frescox.x.x Dourada frescax.x.x Jaraqui frescox.x.x Lambari frescox.x.x Mapará frescox.x.x Piau frescox.x.xx Surubim frescox.x.xx Tambaqui frescox.x.xx Tilápia frescax.x.xx Traíra frescax.x.xx Tucunaré frescox.x.xx Outros pescados em filé congeladox.x.xx Outros pescados em filé frescox.x.xx Outros pescados frescosx.x.xx Outros pescados salgadosx.x Pescados não especificadosx.x.x Peixe em filé congeladox.x.x Peixe em filé frescox.x.x Peixe frescox.x.x Peixe salgado,8062,,,,
1995,80,Grupo - Pescados de água-doce,8062,8062,PEIXE EM POSTAS PIRARUCU,,9201,,9201,9201,x.x.x Pescados de água docex.x.x Acará frescax.x.x Acari frescox.x.x Anujá frescox.x.x Curimatã frescox.x.x Dourada frescax.x.x Jaraqui frescox.x.x Lambari frescox.x.x Mapará frescox.x.x Piau frescox.x.xx Surubim frescox.x.xx Tambaqui frescox.x.xx Tilápia frescax.x.xx Traíra frescax.x.xx Tucunaré frescox.x.xx Outros pescados em filé congeladox.x.xx Outros pescados em filé frescox.x.xx Outros pescados frescosx.x.xx Outros pescados salgadosx.x Pescados não especificadosx.x.x Peixe em filé congeladox.x.x Peixe em filé frescox.x.x Peixe frescox.x.x Peixe salgado,8063,,,,
1995,80,Grupo - Pescados de água-doce,8063,8063,PEIXE EM FILÉ FRESCO PIRARUCU,,9201,,9201,9201,x.x.x Pescados de água docex.x.x Acará frescax.x.x Acari frescox.x.x Anujá frescox.x.x Curimatã frescox.x.x Dourada frescax.x.x Jaraqui frescox.x.x Lambari frescox.x.x Mapará frescox.x.x Piau frescox.x.xx Surubim frescox.x.xx Tambaqui frescox.x.xx Tilápia frescax.x.xx Traíra frescax.x.xx Tucunaré frescox.x.xx Outros pescados em filé congeladox.x.xx Outros pescados em filé frescox.x.xx Outros pescados frescosx.x.xx Outros pescados salgadosx.x Pescados não especificadosx.x.x Peixe em filé congeladox.x.x Peixe em filé frescox.x.x Peixe frescox.x.x Peixe salgado,8064,,,,
1995,80,Grupo - Pescados de água-doce,8064,8064,PEIXE SALGADO PIRARUCU,,9201,,9201,9201,x.x.x Pescados de água docex.x.x Acará frescax.x.x Acari frescox.x.x Anujá frescox.x.x Curimatã frescox.x.x Dourada frescax.x.x Jaraqui frescox.x.x Lambari frescox.x.x Mapará frescox.x.x Piau frescox.x.xx Surubim frescox.x.xx Tambaqui frescox.x.xx Tilápia frescax.x.xx Traíra frescax.x.xx Tucunaré frescox.x.xx Outros pescados em filé congeladox.x.xx Outros pescados em filé frescox.x.xx Outros pescados frescosx.x.xx Outros pescados salgadosx.x Pescados não especificadosx.x.x Peixe em filé congeladox.x.x Peixe em filé frescox.x.x Peixe frescox.x.x Peixe salgado,8065,,,,
1995,80,Grupo - Pescados de água-doce,8065,8065,PEIXE EM FILÉ CONGELADO PIRARUCU,,9201,,9201,9201,x.x.x Pescados de água docex.x.x Acará frescax.x.x Acari frescox.x.x Anujá frescox.x.x Curimatã frescox.x.x Dourada frescax.x.x Jaraqui frescox.x.x Lambari frescox.x.x Mapará frescox.x.x Piau frescox.x.xx Surubim frescox.x.xx Tambaqui frescox.x.xx Tilápia frescax.x.xx Traíra frescax.x.xx Tucunaré frescox.x.xx Outros pescados em filé congeladox.x.xx Outros pescados em filé frescox.x.xx Outros pescados frescosx.x.xx Outros pescados salgadosx.x Pescados não especificadosx.x.x Peixe em filé congeladox.x.x Peixe em filé frescox.x.x Peixe frescox.x.x Peixe salgado,8071,,,,
1995,80,Grupo - Pescados de água-doce,8071,8071,PEIXE INTEIRO ARACU,,9201,,9201,9201,x.x.x Pescados de água docex.x.x Acará frescax.x.x Acari frescox.x.x Anujá frescox.x.x Curimatã frescox.x.x Dourada frescax.x.x Jaraqui frescox.x.x Lambari frescox.x.x Mapará frescox.x.x Piau frescox.x.xx Surubim frescox.x.xx Tambaqui frescox.x.xx Tilápia frescax.x.xx Traíra frescax.x.xx Tucunaré frescox.x.xx Outros pescados em filé congeladox.x.xx Outros pescados em filé frescox.x.xx Outros pescados frescosx.x.xx Outros pescados salgadosx.x Pescados não especificadosx.x.x Peixe em filé congeladox.x.x Peixe em filé frescox.x.x Peixe frescox.x.x Peixe salgado,8072,,,,
1995,80,Grupo - Pescados de água-doce,8072,8072,PEIXE EM POSTAS ARACU,,9201,,9201,9201,x.x.x Pescados de água docex.x.x Acará frescax.x.x Acari frescox.x.x Anujá frescox.x.x Curimatã frescox.x.x Dourada frescax.x.x Jaraqui frescox.x.x Lambari frescox.x.x Mapará frescox.x.x Piau frescox.x.xx Surubim frescox.x.xx Tambaqui frescox.x.xx Tilápia frescax.x.xx Traíra frescax.x.xx Tucunaré frescox.x.xx Outros pescados em filé congeladox.x.xx Outros pescados em filé frescox.x.xx Outros pescados frescosx.x.xx Outros pescados salgadosx.x Pescados não especificadosx.x.x Peixe em filé congeladox.x.x Peixe em filé frescox.x.x Peixe frescox.x.x Peixe salgado,8073,,,,
1995,80,Grupo - Pescados de água-doce,8073,8073,PEIXE EM FILÉ FRESCO ARACU,,9201,,9201,9201,x.x.x Pescados de água docex.x.x Acará frescax.x.x Acari frescox.x.x Anujá frescox.x.x Curimatã frescox.x.x Dourada frescax.x.x Jaraqui frescox.x.x Lambari frescox.x.x Mapará frescox.x.x Piau frescox.x.xx Surubim frescox.x.xx Tambaqui frescox.x.xx Tilápia frescax.x.xx Traíra frescax.x.xx Tucunaré frescox.x.xx Outros pescados em filé congeladox.x.xx Outros pescados em filé frescox.x.xx Outros pescados frescosx.x.xx Outros pescados salgadosx.x Pescados não especificadosx.x.x Peixe em filé congeladox.x.x Peixe em filé frescox.x.x Peixe frescox.x.x Peixe salgado,8074,,,,
1995,80,Grupo - Pescados de água-doce,8074,8074,PEIXE SALGADO ARACU,,9201,,9201,9201,x.x.x Pescados de água docex.x.x Acará frescax.x.x Acari frescox.x.x Anujá frescox.x.x Curimatã frescox.x.x Dourada frescax.x.x Jaraqui frescox.x.x Lambari frescox.x.x Mapará frescox.x.x Piau frescox.x.xx Surubim frescox.x.xx Tambaqui frescox.x.xx Tilápia frescax.x.xx Traíra frescax.x.xx Tucunaré frescox.x.xx Outros pescados em filé congeladox.x.xx Outros pescados em filé frescox.x.xx Outros pescados frescosx.x.xx Outros pescados salgadosx.x Pescados não especificadosx.x.x Peixe em filé congeladox.x.x Peixe em filé frescox.x.x Peixe frescox.x.x Peixe salgado,8075,,,,
1995,80,Grupo - Pescados de água-doce,8075,8075,PEIXE EM FILÉ CONGELADO ARACU,,9201,,9201,9201,x.x.x Pescados de água docex.x.x Acará frescax.x.x Acari frescox.x.x Anujá frescox.x.x Curimatã frescox.x.x Dourada frescax.x.x Jaraqui frescox.x.x Lambari frescox.x.x Mapará frescox.x.x Piau frescox.x.xx Surubim frescox.x.xx Tambaqui frescox.x.xx Tilápia frescax.x.xx Traíra frescax.x.xx Tucunaré frescox.x.xx Outros pescados em filé congeladox.x.xx Outros pescados em filé frescox.x.xx Outros pescados frescosx.x.xx Outros pescados salgadosx.x Pescados não especificadosx.x.x Peixe em filé congeladox.x.x Peixe em filé frescox.x.x Peixe frescox.x.x Peixe salgado,8081,,,,
1995,80,Grupo - Pescados de água-doce,8081,8081,PEIXE INTEIRO TILAPIA,,9201,,9201,9201,x.x.x Pescados de água docex.x.x Acará frescax.x.x Acari frescox.x.x Anujá frescox.x.x Curimatã frescox.x.x Dourada frescax.x.x Jaraqui frescox.x.x Lambari frescox.x.x Mapará frescox.x.x Piau frescox.x.xx Surubim frescox.x.xx Tambaqui frescox.x.xx Tilápia frescax.x.xx Traíra frescax.x.xx Tucunaré frescox.x.xx Outros pescados em filé congeladox.x.xx Outros pescados em filé frescox.x.xx Outros pescados frescosx.x.xx Outros pescados salgadosx.x Pescados não especificadosx.x.x Peixe em filé congeladox.x.x Peixe em filé frescox.x.x Peixe frescox.x.x Peixe salgado,8082,,,,
1995,80,Grupo - Pescados de água-doce,8082,8082,PEIXE EM POSTAS TILAPIA,,9201,,9201,9201,x.x.x Pescados de água docex.x.x Acará frescax.x.x Acari frescox.x.x Anujá frescox.x.x Curimatã frescox.x.x Dourada frescax.x.x Jaraqui frescox.x.x Lambari frescox.x.x Mapará frescox.x.x Piau frescox.x.xx Surubim frescox.x.xx Tambaqui frescox.x.xx Tilápia frescax.x.xx Traíra frescax.x.xx Tucunaré frescox.x.xx Outros pescados em filé congeladox.x.xx Outros pescados em filé frescox.x.xx Outros pescados frescosx.x.xx Outros pescados salgadosx.x Pescados não especificadosx.x.x Peixe em filé congeladox.x.x Peixe em filé frescox.x.x Peixe frescox.x.x Peixe salgado,8083,,,,
1995,80,Grupo - Pescados de água-doce,8083,8083,PEIXE EM FILÉ FRESCO TILAPIA,,9201,,9201,9201,x.x.x Pescados de água docex.x.x Acará frescax.x.x Acari frescox.x.x Anujá frescox.x.x Curimatã frescox.x.x Dourada frescax.x.x Jaraqui frescox.x.x Lambari frescox.x.x Mapará frescox.x.x Piau frescox.x.xx Surubim frescox.x.xx Tambaqui frescox.x.xx Tilápia frescax.x.xx Traíra frescax.x.xx Tucunaré frescox.x.xx Outros pescados em filé congeladox.x.xx Outros pescados em filé frescox.x.xx Outros pescados frescosx.x.xx Outros pescados salgadosx.x Pescados não especificadosx.x.x Peixe em filé congeladox.x.x Peixe em filé frescox.x.x Peixe frescox.x.x Peixe salgado,8084,,,,
1995,80,Grupo - Pescados de água-doce,8084,8084,PEIXE SALGADO TILAPIA,,9201,,9201,9201,x.x.x Pescados de água docex.x.x Acará frescax.x.x Acari frescox.x.x Anujá frescox.x.x Curimatã frescox.x.x Dourada frescax.x.x Jaraqui frescox.x.x Lambari frescox.x.x Mapará frescox.x.x Piau frescox.x.xx Surubim frescox.x.xx Tambaqui frescox.x.xx Tilápia frescax.x.xx Traíra frescax.x.xx Tucunaré frescox.x.xx Outros pescados em filé congeladox.x.xx Outros pescados em filé frescox.x.xx Outros pescados frescosx.x.xx Outros pescados salgadosx.x Pescados não especificadosx.x.x Peixe em filé congeladox.x.x Peixe em filé frescox.x.x Peixe frescox.x.x Peixe salgado,8085,,,,
1995,80,Grupo - Pescados de água-doce,8085,8085,PEIXE EM FILÉ CONGELADO TILAPIA,,9201,,9201,9201,x.x.x Pescados de água docex.x.x Acará frescax.x.x Acari frescox.x.x Anujá frescox.x.x Curimatã frescox.x.x Dourada frescax.x.x Jaraqui frescox.x.x Lambari frescox.x.x Mapará frescox.x.x Piau frescox.x.xx Surubim frescox.x.xx Tambaqui frescox.x.xx Tilápia frescax.x.xx Traíra frescax.x.xx Tucunaré frescox.x.xx Outros pescados em filé congeladox.x.xx Outros pescados em filé frescox.x.xx Outros pescados frescosx.x.xx Outros pescados salgadosx.x Pescados não especificadosx.x.x Peixe em filé congeladox.x.x Peixe em filé frescox.x.x Peixe frescox.x.x Peixe salgado,8091,,,,
1995,80,Grupo - Pescados de água-doce,8091,8091,PEIXE INTEIRO JEJU,,9201,,9201,9201,x.x.x Pescados de água docex.x.x Acará frescax.x.x Acari frescox.x.x Anujá frescox.x.x Curimatã frescox.x.x Dourada frescax.x.x Jaraqui frescox.x.x Lambari frescox.x.x Mapará frescox.x.x Piau frescox.x.xx Surubim frescox.x.xx Tambaqui frescox.x.xx Tilápia frescax.x.xx Traíra frescax.x.xx Tucunaré frescox.x.xx Outros pescados em filé congeladox.x.xx Outros pescados em filé frescox.x.xx Outros pescados frescosx.x.xx Outros pescados salgadosx.x Pescados não especificadosx.x.x Peixe em filé congeladox.x.x Peixe em filé frescox.x.x Peixe frescox.x.x Peixe salgado,8092,,,,
1995,80,Grupo - Pescados de água-doce,8092,8092,PEIXE EM POSTAS JEJU,,9201,,9201,9201,x.x.x Pescados de água docex.x.x Acará frescax.x.x Acari frescox.x.x Anujá frescox.x.x Curimatã frescox.x.x Dourada frescax.x.x Jaraqui frescox.x.x Lambari frescox.x.x Mapará frescox.x.x Piau frescox.x.xx Surubim frescox.x.xx Tambaqui frescox.x.xx Tilápia frescax.x.xx Traíra frescax.x.xx Tucunaré frescox.x.xx Outros pescados em filé congeladox.x.xx Outros pescados em filé frescox.x.xx Outros pescados frescosx.x.xx Outros pescados salgadosx.x Pescados não especificadosx.x.x Peixe em filé congeladox.x.x Peixe em filé frescox.x.x Peixe frescox.x.x Peixe salgado,8093,,,,
1995,80,Grupo - Pescados de água-doce,8093,8093,PEIXE EM FILÉ FRESCO JEJU,,9201,,9201,9201,x.x.x Pescados de água docex.x.x Acará frescax.x.x Acari frescox.x.x Anujá frescox.x.x Curimatã frescox.x.x Dourada frescax.x.x Jaraqui frescox.x.x Lambari frescox.x.x Mapará frescox.x.x Piau frescox.x.xx Surubim frescox.x.xx Tambaqui frescox.x.xx Tilápia frescax.x.xx Traíra frescax.x.xx Tucunaré frescox.x.xx Outros pescados em filé congeladox.x.xx Outros pescados em filé frescox.x.xx Outros pescados frescosx.x.xx Outros pescados salgadosx.x Pescados não especificadosx.x.x Peixe em filé congeladox.x.x Peixe em filé frescox.x.x Peixe frescox.x.x Peixe salgado,8094,,,,
1995,80,Grupo - Pescados de água-doce,8094,8094,PEIXE SALGADO JEJU,,9201,,9201,9201,x.x.x Pescados de água docex.x.x Acará frescax.x.x Acari frescox.x.x Anujá frescox.x.x Curimatã frescox.x.x Dourada frescax.x.x Jaraqui frescox.x.x Lambari frescox.x.x Mapará frescox.x.x Piau frescox.x.xx Surubim frescox.x.xx Tambaqui frescox.x.xx Tilápia frescax.x.xx Traíra frescax.x.xx Tucunaré frescox.x.xx Outros pescados em filé congeladox.x.xx Outros pescados em filé frescox.x.xx Outros pescados frescosx.x.xx Outros pescados salgadosx.x Pescados não especificadosx.x.x Peixe em filé congeladox.x.x Peixe em filé frescox.x.x Peixe frescox.x.x Peixe salgado,8095,,,,
1995,80,Grupo - Pescados de água-doce,8095,8095,PEIXE EM FILÉ CONGELADO JEJU,,9201,,9201,9201,x.x.x Pescados de água docex.x.x Acará frescax.x.x Acari frescox.x.x Anujá frescox.x.x Curimatã frescox.x.x Dourada frescax.x.x Jaraqui frescox.x.x Lambari frescox.x.x Mapará frescox.x.x Piau frescox.x.xx Surubim frescox.x.xx Tambaqui frescox.x.xx Tilápia frescax.x.xx Traíra frescax.x.xx Tucunaré frescox.x.xx Outros pescados em filé congeladox.x.xx Outros pescados em filé frescox.x.xx Outros pescados frescosx.x.xx Outros pescados salgadosx.x Pescados não especificadosx.x.x Peixe em filé congeladox.x.x Peixe em filé frescox.x.x Peixe frescox.x.x Peixe salgado,8101,,,,
1995,81,Grupo - Pescados de água-doce,8101,8101,PEIXE INTEIRO CURIMATÃ,,9201,,9201,9201,x.x.x Pescados de água docex.x.x Acará frescax.x.x Acari frescox.x.x Anujá frescox.x.x Curimatã frescox.x.x Dourada frescax.x.x Jaraqui frescox.x.x Lambari frescox.x.x Mapará frescox.x.x Piau frescox.x.xx Surubim frescox.x.xx Tambaqui frescox.x.xx Tilápia frescax.x.xx Traíra frescax.x.xx Tucunaré frescox.x.xx Outros pescados em filé congeladox.x.xx Outros pescados em filé frescox.x.xx Outros pescados frescosx.x.xx Outros pescados salgadosx.x Pescados não especificadosx.x.x Peixe em filé congeladox.x.x Peixe em filé frescox.x.x Peixe frescox.x.x Peixe salgado,8102,,,,
1995,81,Grupo - Pescados de água-doce,8102,8102,PEIXE EM POSTAS CURIMATÃ,,9201,,9201,9201,x.x.x Pescados de água docex.x.x Acará frescax.x.x Acari frescox.x.x Anujá frescox.x.x Curimatã frescox.x.x Dourada frescax.x.x Jaraqui frescox.x.x Lambari frescox.x.x Mapará frescox.x.x Piau frescox.x.xx Surubim frescox.x.xx Tambaqui frescox.x.xx Tilápia frescax.x.xx Traíra frescax.x.xx Tucunaré frescox.x.xx Outros pescados em filé congeladox.x.xx Outros pescados em filé frescox.x.xx Outros pescados frescosx.x.xx Outros pescados salgadosx.x Pescados não especificadosx.x.x Peixe em filé congeladox.x.x Peixe em filé frescox.x.x Peixe frescox.x.x Peixe salgado,8103,,,,
1995,81,Grupo - Pescados de água-doce,8103,8103,PEIXE EM FILÉ FRESCO CURIMATÃ,,9201,,9201,9201,x.x.x Pescados de água docex.x.x Acará frescax.x.x Acari frescox.x.x Anujá frescox.x.x Curimatã frescox.x.x Dourada frescax.x.x Jaraqui frescox.x.x Lambari frescox.x.x Mapará frescox.x.x Piau frescox.x.xx Surubim frescox.x.xx Tambaqui frescox.x.xx Tilápia frescax.x.xx Traíra frescax.x.xx Tucunaré frescox.x.xx Outros pescados em filé congeladox.x.xx Outros pescados em filé frescox.x.xx Outros pescados frescosx.x.xx Outros pescados salgadosx.x Pescados não especificadosx.x.x Peixe em filé congeladox.x.x Peixe em filé frescox.x.x Peixe frescox.x.x Peixe salgado,8104,,,,
1995,81,Grupo - Pescados de água-doce,8104,8104,PEIXE SALGADO CURIMATÃ,,9201,,9201,9201,x.x.x Pescados de água docex.x.x Acará frescax.x.x Acari frescox.x.x Anujá frescox.x.x Curimatã frescox.x.x Dourada frescax.x.x Jaraqui frescox.x.x Lambari frescox.x.x Mapará frescox.x.x Piau frescox.x.xx Surubim frescox.x.xx Tambaqui frescox.x.xx Tilápia frescax.x.xx Traíra frescax.x.xx Tucunaré frescox.x.xx Outros pescados em filé congeladox.x.xx Outros pescados em filé frescox.x.xx Outros pescados frescosx.x.xx Outros pescados salgadosx.x Pescados não especificadosx.x.x Peixe em filé congeladox.x.x Peixe em filé frescox.x.x Peixe frescox.x.x Peixe salgado,8105,,,,
1995,81,Grupo - Pescados de água-doce,8105,8105,PEIXE EM FILÉ CONGELADO CURIMATÃ,,9201,,9201,9201,x.x.x Pescados de água docex.x.x Acará frescax.x.x Acari frescox.x.x Anujá frescox.x.x Curimatã frescox.x.x Dourada frescax.x.x Jaraqui frescox.x.x Lambari frescox.x.x Mapará frescox.x.x Piau frescox.x.xx Surubim frescox.x.xx Tambaqui frescox.x.xx Tilápia frescax.x.xx Traíra frescax.x.xx Tucunaré frescox.x.xx Outros pescados em filé congeladox.x.xx Outros pescados em filé frescox.x.xx Outros pescados frescosx.x.xx Outros pescados salgadosx.x Pescados não especificadosx.x.x Peixe em filé congeladox.x.x Peixe em filé frescox.x.x Peixe frescox.x.x Peixe salgado,8111,,,,
1995,81,Grupo - Pescados de água-doce,8111,8111,PEIXE INTEIRO TUCUNARÉ,,9201,,9201,9201,x.x.x Pescados de água docex.x.x Acará frescax.x.x Acari frescox.x.x Anujá frescox.x.x Curimatã frescox.x.x Dourada frescax.x.x Jaraqui frescox.x.x Lambari frescox.x.x Mapará frescox.x.x Piau frescox.x.xx Surubim frescox.x.xx Tambaqui frescox.x.xx Tilápia frescax.x.xx Traíra frescax.x.xx Tucunaré frescox.x.xx Outros pescados em filé congeladox.x.xx Outros pescados em filé frescox.x.xx Outros pescados frescosx.x.xx Outros pescados salgadosx.x Pescados não especificadosx.x.x Peixe em filé congeladox.x.x Peixe em filé frescox.x.x Peixe frescox.x.x Peixe salgado,8112,,,,
1995,81,Grupo - Pescados de água-doce,8112,8112,PEIXE EM POSTAS TUCUNARÉ,,9201,,9201,9201,x.x.x Pescados de água docex.x.x Acará frescax.x.x Acari frescox.x.x Anujá frescox.x.x Curimatã frescox.x.x Dourada frescax.x.x Jaraqui frescox.x.x Lambari frescox.x.x Mapará frescox.x.x Piau frescox.x.xx Surubim frescox.x.xx Tambaqui frescox.x.xx Tilápia frescax.x.xx Traíra frescax.x.xx Tucunaré frescox.x.xx Outros pescados em filé congeladox.x.xx Outros pescados em filé frescox.x.xx Outros pescados frescosx.x.xx Outros pescados salgadosx.x Pescados não especificadosx.x.x Peixe em filé congeladox.x.x Peixe em filé frescox.x.x Peixe frescox.x.x Peixe salgado,8113,,,,
1995,81,Grupo - Pescados de água-doce,8113,8113,PEIXE EM FILÉ FRESCO TUCUNARÉ,,9201,,9201,9201,x.x.x Pescados de água docex.x.x Acará frescax.x.x Acari frescox.x.x Anujá frescox.x.x Curimatã frescox.x.x Dourada frescax.x.x Jaraqui frescox.x.x Lambari frescox.x.x Mapará frescox.x.x Piau frescox.x.xx Surubim frescox.x.xx Tambaqui frescox.x.xx Tilápia frescax.x.xx Traíra frescax.x.xx Tucunaré frescox.x.xx Outros pescados em filé congeladox.x.xx Outros pescados em filé frescox.x.xx Outros pescados frescosx.x.xx Outros pescados salgadosx.x Pescados não especificadosx.x.x Peixe em filé congeladox.x.x Peixe em filé frescox.x.x Peixe frescox.x.x Peixe salgado,8114,,,,
1995,81,Grupo - Pescados de água-doce,8114,8114,PEIXE SALGADO TUCUNARÉ,,9201,,9201,9201,x.x.x Pescados de água docex.x.x Acará frescax.x.x Acari frescox.x.x Anujá frescox.x.x Curimatã frescox.x.x Dourada frescax.x.x Jaraqui frescox.x.x Lambari frescox.x.x Mapará frescox.x.x Piau frescox.x.xx Surubim frescox.x.xx Tambaqui frescox.x.xx Tilápia frescax.x.xx Traíra frescax.x.xx Tucunaré frescox.x.xx Outros pescados em filé congeladox.x.xx Outros pescados em filé frescox.x.xx Outros pescados frescosx.x.xx Outros pescados salgadosx.x Pescados não especificadosx.x.x Peixe em filé congeladox.x.x Peixe em filé frescox.x.x Peixe frescox.x.x Peixe salgado,8115,,,,
1995,81,Grupo - Pescados de água-doce,8115,8115,PEIXE EM FILÉ CONGELADO TUCUNARÉ,,9201,,9201,9201,x.x.x Pescados de água docex.x.x Acará frescax.x.x Acari frescox.x.x Anujá frescox.x.x Curimatã frescox.x.x Dourada frescax.x.x Jaraqui frescox.x.x Lambari frescox.x.x Mapará frescox.x.x Piau frescox.x.xx Surubim frescox.x.xx Tambaqui frescox.x.xx Tilápia frescax.x.xx Traíra frescax.x.xx Tucunaré frescox.x.xx Outros pescados em filé congeladox.x.xx Outros pescados em filé frescox.x.xx Outros pescados frescosx.x.xx Outros pescados salgadosx.x Pescados não especificadosx.x.x Peixe em filé congeladox.x.x Peixe em filé frescox.x.x Peixe frescox.x.x Peixe salgado,8121,,,,
1995,81,Grupo - Pescados de água-doce,8121,8121,PEIXE INTEIRO ACARÍ,,9201,,9201,9201,x.x.x Pescados de água docex.x.x Acará frescax.x.x Acari frescox.x.x Anujá frescox.x.x Curimatã frescox.x.x Dourada frescax.x.x Jaraqui frescox.x.x Lambari frescox.x.x Mapará frescox.x.x Piau frescox.x.xx Surubim frescox.x.xx Tambaqui frescox.x.xx Tilápia frescax.x.xx Traíra frescax.x.xx Tucunaré frescox.x.xx Outros pescados em filé congeladox.x.xx Outros pescados em filé frescox.x.xx Outros pescados frescosx.x.xx Outros pescados salgadosx.x Pescados não especificadosx.x.x Peixe em filé congeladox.x.x Peixe em filé frescox.x.x Peixe frescox.x.x Peixe salgado,8122,,,,
1995,81,Grupo - Pescados de água-doce,8122,8122,PEIXE EM POSTAS ACARÍ,,9201,,9201,9201,x.x.x Pescados de água docex.x.x Acará frescax.x.x Acari frescox.x.x Anujá frescox.x.x Curimatã frescox.x.x Dourada frescax.x.x Jaraqui frescox.x.x Lambari frescox.x.x Mapará frescox.x.x Piau frescox.x.xx Surubim frescox.x.xx Tambaqui frescox.x.xx Tilápia frescax.x.xx Traíra frescax.x.xx Tucunaré frescox.x.xx Outros pescados em filé congeladox.x.xx Outros pescados em filé frescox.x.xx Outros pescados frescosx.x.xx Outros pescados salgadosx.x Pescados não especificadosx.x.x Peixe em filé congeladox.x.x Peixe em filé frescox.x.x Peixe frescox.x.x Peixe salgado,8123,,,,
1995,81,Grupo - Pescados de água-doce,8123,8123,PEIXE EM FILÉ FRESCO ACARÍ,,9201,,9201,9201,x.x.x Pescados de água docex.x.x Acará frescax.x.x Acari frescox.x.x Anujá frescox.x.x Curimatã frescox.x.x Dourada frescax.x.x Jaraqui frescox.x.x Lambari frescox.x.x Mapará frescox.x.x Piau frescox.x.xx Surubim frescox.x.xx Tambaqui frescox.x.xx Tilápia frescax.x.xx Traíra frescax.x.xx Tucunaré frescox.x.xx Outros pescados em filé congeladox.x.xx Outros pescados em filé frescox.x.xx Outros pescados frescosx.x.xx Outros pescados salgadosx.x Pescados não especificadosx.x.x Peixe em filé congeladox.x.x Peixe em filé frescox.x.x Peixe frescox.x.x Peixe salgado,8124,,,,
1995,81,Grupo - Pescados de água-doce,8124,8124,PEIXE SALGADO ACARÍ,,9201,,9201,9201,x.x.x Pescados de água docex.x.x Acará frescax.x.x Acari frescox.x.x Anujá frescox.x.x Curimatã frescox.x.x Dourada frescax.x.x Jaraqui frescox.x.x Lambari frescox.x.x Mapará frescox.x.x Piau frescox.x.xx Surubim frescox.x.xx Tambaqui frescox.x.xx Tilápia frescax.x.xx Traíra frescax.x.xx Tucunaré frescox.x.xx Outros pescados em filé congeladox.x.xx Outros pescados em filé frescox.x.xx Outros pescados frescosx.x.xx Outros pescados salgadosx.x Pescados não especificadosx.x.x Peixe em filé congeladox.x.x Peixe em filé frescox.x.x Peixe frescox.x.x Peixe salgado,8125,,,,
1995,81,Grupo - Pescados de água-doce,8125,8125,PEIXE EM FILÉ CONGELADO ACARÍ,,9201,,9201,9201,x.x.x Pescados de água docex.x.x Acará frescax.x.x Acari frescox.x.x Anujá frescox.x.x Curimatã frescox.x.x Dourada frescax.x.x Jaraqui frescox.x.x Lambari frescox.x.x Mapará frescox.x.x Piau frescox.x.xx Surubim frescox.x.xx Tambaqui frescox.x.xx Tilápia frescax.x.xx Traíra frescax.x.xx Tucunaré frescox.x.xx Outros pescados em filé congeladox.x.xx Outros pescados em filé frescox.x.xx Outros pescados frescosx.x.xx Outros pescados salgadosx.x Pescados não especificadosx.x.x Peixe em filé congeladox.x.x Peixe em filé frescox.x.x Peixe frescox.x.x Peixe salgado,8131,,,,
1995,81,Grupo - Pescados de água-doce,8131,8131,PEIXE INTEIRO PIRAMUTABA,,9201,,9201,9201,x.x.x Pescados de água docex.x.x Acará frescax.x.x Acari frescox.x.x Anujá frescox.x.x Curimatã frescox.x.x Dourada frescax.x.x Jaraqui frescox.x.x Lambari frescox.x.x Mapará frescox.x.x Piau frescox.x.xx Surubim frescox.x.xx Tambaqui frescox.x.xx Tilápia frescax.x.xx Traíra frescax.x.xx Tucunaré frescox.x.xx Outros pescados em filé congeladox.x.xx Outros pescados em filé frescox.x.xx Outros pescados frescosx.x.xx Outros pescados salgadosx.x Pescados não especificadosx.x.x Peixe em filé congeladox.x.x Peixe em filé frescox.x.x Peixe frescox.x.x Peixe salgado,8132,,,,
1995,81,Grupo - Pescados de água-doce,8132,8132,PEIXE EM POSTAS PIRAMUTABA,,9201,,9201,9201,x.x.x Pescados de água docex.x.x Acará frescax.x.x Acari frescox.x.x Anujá frescox.x.x Curimatã frescox.x.x Dourada frescax.x.x Jaraqui frescox.x.x Lambari frescox.x.x Mapará frescox.x.x Piau frescox.x.xx Surubim frescox.x.xx Tambaqui frescox.x.xx Tilápia frescax.x.xx Traíra frescax.x.xx Tucunaré frescox.x.xx Outros pescados em filé congeladox.x.xx Outros pescados em filé frescox.x.xx Outros pescados frescosx.x.xx Outros pescados salgadosx.x Pescados não especificadosx.x.x Peixe em filé congeladox.x.x Peixe em filé frescox.x.x Peixe frescox.x.x Peixe salgado,8133,,,,
1995,81,Grupo - Pescados de água-doce,8133,8133,PEIXE EM FILÉ FRESCO PIRAMUTABA,,9201,,9201,9201,x.x.x Pescados de água docex.x.x Acará frescax.x.x Acari frescox.x.x Anujá frescox.x.x Curimatã frescox.x.x Dourada frescax.x.x Jaraqui frescox.x.x Lambari frescox.x.x Mapará frescox.x.x Piau frescox.x.xx Surubim frescox.x.xx Tambaqui frescox.x.xx Tilápia frescax.x.xx Traíra frescax.x.xx Tucunaré frescox.x.xx Outros pescados em filé congeladox.x.xx Outros pescados em filé frescox.x.xx Outros pescados frescosx.x.xx Outros pescados salgadosx.x Pescados não especificadosx.x.x Peixe em filé congeladox.x.x Peixe em filé frescox.x.x Peixe frescox.x.x Peixe salgado,8134,,,,
1995,81,Grupo - Pescados de água-doce,8134,8134,PEIXE SALGADO PIRAMUTABA,,9201,,9201,9201,x.x.x Pescados de água docex.x.x Acará frescax.x.x Acari frescox.x.x Anujá frescox.x.x Curimatã frescox.x.x Dourada frescax.x.x Jaraqui frescox.x.x Lambari frescox.x.x Mapará frescox.x.x Piau frescox.x.xx Surubim frescox.x.xx Tambaqui frescox.x.xx Tilápia frescax.x.xx Traíra frescax.x.xx Tucunaré frescox.x.xx Outros pescados em filé congeladox.x.xx Outros pescados em filé frescox.x.xx Outros pescados frescosx.x.xx Outros pescados salgadosx.x Pescados não especificadosx.x.x Peixe em filé congeladox.x.x Peixe em filé frescox.x.x Peixe frescox.x.x Peixe salgado,8135,,,,
1995,81,Grupo - Pescados de água-doce,8135,8135,PEIXE EM FILÉ CONGELADO PIRAMUTABA,,9201,,9201,9201,x.x.x Pescados de água docex.x.x Acará frescax.x.x Acari frescox.x.x Anujá frescox.x.x Curimatã frescox.x.x Dourada frescax.x.x Jaraqui frescox.x.x Lambari frescox.x.x Mapará frescox.x.x Piau frescox.x.xx Surubim frescox.x.xx Tambaqui frescox.x.xx Tilápia frescax.x.xx Traíra frescax.x.xx Tucunaré frescox.x.xx Outros pescados em filé congeladox.x.xx Outros pescados em filé frescox.x.xx Outros pescados frescosx.x.xx Outros pescados salgadosx.x Pescados não especificadosx.x.x Peixe em filé congeladox.x.x Peixe em filé frescox.x.x Peixe frescox.x.x Peixe salgado,8141,,,,
1995,81,Grupo - Pescados de água-doce,8141,8141,PEIXE INTEIRO PIAU,,9201,,9201,9201,x.x.x Pescados de água docex.x.x Acará frescax.x.x Acari frescox.x.x Anujá frescox.x.x Curimatã frescox.x.x Dourada frescax.x.x Jaraqui frescox.x.x Lambari frescox.x.x Mapará frescox.x.x Piau frescox.x.xx Surubim frescox.x.xx Tambaqui frescox.x.xx Tilápia frescax.x.xx Traíra frescax.x.xx Tucunaré frescox.x.xx Outros pescados em filé congeladox.x.xx Outros pescados em filé frescox.x.xx Outros pescados frescosx.x.xx Outros pescados salgadosx.x Pescados não especificadosx.x.x Peixe em filé congeladox.x.x Peixe em filé frescox.x.x Peixe frescox.x.x Peixe salgado,8142,,,,
1995,81,Grupo - Pescados de água-doce,8142,8142,PEIXE EM POSTAS PIAU,,9201,,9201,9201,x.x.x Pescados de água docex.x.x Acará frescax.x.x Acari frescox.x.x Anujá frescox.x.x Curimatã frescox.x.x Dourada frescax.x.x Jaraqui frescox.x.x Lambari frescox.x.x Mapará frescox.x.x Piau frescox.x.xx Surubim frescox.x.xx Tambaqui frescox.x.xx Tilápia frescax.x.xx Traíra frescax.x.xx Tucunaré frescox.x.xx Outros pescados em filé congeladox.x.xx Outros pescados em filé frescox.x.xx Outros pescados frescosx.x.xx Outros pescados salgadosx.x Pescados não especificadosx.x.x Peixe em filé congeladox.x.x Peixe em filé frescox.x.x Peixe frescox.x.x Peixe salgado,8143,,,,
1995,81,Grupo - Pescados de água-doce,8143,8143,PEIXE EM FILÉ FRESCO PIAU,,9201,,9201,9201,x.x.x Pescados de água docex.x.x Acará frescax.x.x Acari frescox.x.x Anujá frescox.x.x Curimatã frescox.x.x Dourada frescax.x.x Jaraqui frescox.x.x Lambari frescox.x.x Mapará frescox.x.x Piau frescox.x.xx Surubim frescox.x.xx Tambaqui frescox.x.xx Tilápia frescax.x.xx Traíra frescax.x.xx Tucunaré frescox.x.xx Outros pescados em filé congeladox.x.xx Outros pescados em filé frescox.x.xx Outros pescados frescosx.x.xx Outros pescados salgadosx.x Pescados não especificadosx.x.x Peixe em filé congeladox.x.x Peixe em filé frescox.x.x Peixe frescox.x.x Peixe salgado,8144,,,,
1995,81,Grupo - Pescados de água-doce,8144,8144,PEIXE SALGADO PIAU,,9201,,9201,9201,x.x.x Pescados de água docex.x.x Acará frescax.x.x Acari frescox.x.x Anujá frescox.x.x Curimatã frescox.x.x Dourada frescax.x.x Jaraqui frescox.x.x Lambari frescox.x.x Mapará frescox.x.x Piau frescox.x.xx Surubim frescox.x.xx Tambaqui frescox.x.xx Tilápia frescax.x.xx Traíra frescax.x.xx Tucunaré frescox.x.xx Outros pescados em filé congeladox.x.xx Outros pescados em filé frescox.x.xx Outros pescados frescosx.x.xx Outros pescados salgadosx.x Pescados não especificadosx.x.x Peixe em filé congeladox.x.x Peixe em filé frescox.x.x Peixe frescox.x.x Peixe salgado,8145,,,,
1995,81,Grupo - Pescados de água-doce,8145,8145,PEIXE EM FILÉ CONGELADO PIAU,,9201,,9201,9201,x.x.x Pescados de água docex.x.x Acará frescax.x.x Acari frescox.x.x Anujá frescox.x.x Curimatã frescox.x.x Dourada frescax.x.x Jaraqui frescox.x.x Lambari frescox.x.x Mapará frescox.x.x Piau frescox.x.xx Surubim frescox.x.xx Tambaqui frescox.x.xx Tilápia frescax.x.xx Traíra frescax.x.xx Tucunaré frescox.x.xx Outros pescados em filé congeladox.x.xx Outros pescados em filé frescox.x.xx Outros pescados frescosx.x.xx Outros pescados salgadosx.x Pescados não especificadosx.x.x Peixe em filé congeladox.x.x Peixe em filé frescox.x.x Peixe frescox.x.x Peixe salgado,8151,,,,
1995,81,Grupo - Pescados de água-doce,8151,8151,PEIXE INTEIRO MUCUM,,9201,,9201,9201,x.x.x Pescados de água docex.x.x Acará frescax.x.x Acari frescox.x.x Anujá frescox.x.x Curimatã frescox.x.x Dourada frescax.x.x Jaraqui frescox.x.x Lambari frescox.x.x Mapará frescox.x.x Piau frescox.x.xx Surubim frescox.x.xx Tambaqui frescox.x.xx Tilápia frescax.x.xx Traíra frescax.x.xx Tucunaré frescox.x.xx Outros pescados em filé congeladox.x.xx Outros pescados em filé frescox.x.xx Outros pescados frescosx.x.xx Outros pescados salgadosx.x Pescados não especificadosx.x.x Peixe em filé congeladox.x.x Peixe em filé frescox.x.x Peixe frescox.x.x Peixe salgado,8152,,,,
1995,81,Grupo - Pescados de água-doce,8152,8152,PEIXE EM POSTAS MUCUM,,9201,,9201,9201,x.x.x Pescados de água docex.x.x Acará frescax.x.x Acari frescox.x.x Anujá frescox.x.x Curimatã frescox.x.x Dourada frescax.x.x Jaraqui frescox.x.x Lambari frescox.x.x Mapará frescox.x.x Piau frescox.x.xx Surubim frescox.x.xx Tambaqui frescox.x.xx Tilápia frescax.x.xx Traíra frescax.x.xx Tucunaré frescox.x.xx Outros pescados em filé congeladox.x.xx Outros pescados em filé frescox.x.xx Outros pescados frescosx.x.xx Outros pescados salgadosx.x Pescados não especificadosx.x.x Peixe em filé congeladox.x.x Peixe em filé frescox.x.x Peixe frescox.x.x Peixe salgado,8153,,,,
1995,81,Grupo - Pescados de água-doce,8153,8153,PEIXE EM FILÉ FRESCO MUCUM,,9201,,9201,9201,x.x.x Pescados de água docex.x.x Acará frescax.x.x Acari frescox.x.x Anujá frescox.x.x Curimatã frescox.x.x Dourada frescax.x.x Jaraqui frescox.x.x Lambari frescox.x.x Mapará frescox.x.x Piau frescox.x.xx Surubim frescox.x.xx Tambaqui frescox.x.xx Tilápia frescax.x.xx Traíra frescax.x.xx Tucunaré frescox.x.xx Outros pescados em filé congeladox.x.xx Outros pescados em filé frescox.x.xx Outros pescados frescosx.x.xx Outros pescados salgadosx.x Pescados não especificadosx.x.x Peixe em filé congeladox.x.x Peixe em filé frescox.x.x Peixe frescox.x.x Peixe salgado,8154,,,,
1995,81,Grupo - Pescados de água-doce,8154,8154,PEIXE SALGADO MUCUM,,9201,,9201,9201,x.x.x Pescados de água docex.x.x Acará frescax.x.x Acari frescox.x.x Anujá frescox.x.x Curimatã frescox.x.x Dourada frescax.x.x Jaraqui frescox.x.x Lambari frescox.x.x Mapará frescox.x.x Piau frescox.x.xx Surubim frescox.x.xx Tambaqui frescox.x.xx Tilápia frescax.x.xx Traíra frescax.x.xx Tucunaré frescox.x.xx Outros pescados em filé congeladox.x.xx Outros pescados em filé frescox.x.xx Outros pescados frescosx.x.xx Outros pescados salgadosx.x Pescados não especificadosx.x.x Peixe em filé congeladox.x.x Peixe em filé frescox.x.x Peixe frescox.x.x Peixe salgado,8155,,,,
1995,81,Grupo - Pescados de água-doce,8155,8155,PEIXE EM FILÉ CONGELADO MUCUM,,9201,,9201,9201,x.x.x Pescados de água docex.x.x Acará frescax.x.x Acari frescox.x.x Anujá frescox.x.x Curimatã frescox.x.x Dourada frescax.x.x Jaraqui frescox.x.x Lambari frescox.x.x Mapará frescox.x.x Piau frescox.x.xx Surubim frescox.x.xx Tambaqui frescox.x.xx Tilápia frescax.x.xx Traíra frescax.x.xx Tucunaré frescox.x.xx Outros pescados em filé congeladox.x.xx Outros pescados em filé frescox.x.xx Outros pescados frescosx.x.xx Outros pescados salgadosx.x Pescados não especificadosx.x.x Peixe em filé congeladox.x.x Peixe em filé frescox.x.x Peixe frescox.x.x Peixe salgado,8161,,,,
1995,81,Grupo - Pescados de água-doce,8161,8161,PEIXE INTEIRO DOURADO DE AGUA DOCE,,9201,,9201,9201,x.x.x Pescados de água docex.x.x Acará frescax.x.x Acari frescox.x.x Anujá frescox.x.x Curimatã frescox.x.x Dourada frescax.x.x Jaraqui frescox.x.x Lambari frescox.x.x Mapará frescox.x.x Piau frescox.x.xx Surubim frescox.x.xx Tambaqui frescox.x.xx Tilápia frescax.x.xx Traíra frescax.x.xx Tucunaré frescox.x.xx Outros pescados em filé congeladox.x.xx Outros pescados em filé frescox.x.xx Outros pescados frescosx.x.xx Outros pescados salgadosx.x Pescados não especificadosx.x.x Peixe em filé congeladox.x.x Peixe em filé frescox.x.x Peixe frescox.x.x Peixe salgado,8162,,,,
1995,81,Grupo - Pescados de água-doce,8162,8162,PEIXE EM POSTAS DOURADO DE AGUA DOCE,,9201,,9201,9201,x.x.x Pescados de água docex.x.x Acará frescax.x.x Acari frescox.x.x Anujá frescox.x.x Curimatã frescox.x.x Dourada frescax.x.x Jaraqui frescox.x.x Lambari frescox.x.x Mapará frescox.x.x Piau frescox.x.xx Surubim frescox.x.xx Tambaqui frescox.x.xx Tilápia frescax.x.xx Traíra frescax.x.xx Tucunaré frescox.x.xx Outros pescados em filé congeladox.x.xx Outros pescados em filé frescox.x.xx Outros pescados frescosx.x.xx Outros pescados salgadosx.x Pescados não especificadosx.x.x Peixe em filé congeladox.x.x Peixe em filé frescox.x.x Peixe frescox.x.x Peixe salgado,8163,,,,
1995,81,Grupo - Pescados de água-doce,8163,8163,PEIXE EM FILÉ FRESCO DOURADO DE ÁGUA DOCE,,9201,,9201,9201,x.x.x Pescados de água docex.x.x Acará frescax.x.x Acari frescox.x.x Anujá frescox.x.x Curimatã frescox.x.x Dourada frescax.x.x Jaraqui frescox.x.x Lambari frescox.x.x Mapará frescox.x.x Piau frescox.x.xx Surubim frescox.x.xx Tambaqui frescox.x.xx Tilápia frescax.x.xx Traíra frescax.x.xx Tucunaré frescox.x.xx Outros pescados em filé congeladox.x.xx Outros pescados em filé frescox.x.xx Outros pescados frescosx.x.xx Outros pescados salgadosx.x Pescados não especificadosx.x.x Peixe em filé congeladox.x.x Peixe em filé frescox.x.x Peixe frescox.x.x Peixe salgado,8164,,,,
1995,81,Grupo - Pescados de água-doce,8164,8164,PEIXE SALGADO DOURADO DE ÁGUA DOCE,,9201,,9201,9201,x.x.x Pescados de água docex.x.x Acará frescax.x.x Acari frescox.x.x Anujá frescox.x.x Curimatã frescox.x.x Dourada frescax.x.x Jaraqui frescox.x.x Lambari frescox.x.x Mapará frescox.x.x Piau frescox.x.xx Surubim frescox.x.xx Tambaqui frescox.x.xx Tilápia frescax.x.xx Traíra frescax.x.xx Tucunaré frescox.x.xx Outros pescados em filé congeladox.x.xx Outros pescados em filé frescox.x.xx Outros pescados frescosx.x.xx Outros pescados salgadosx.x Pescados não especificadosx.x.x Peixe em filé congeladox.x.x Peixe em filé frescox.x.x Peixe frescox.x.x Peixe salgado,8165,,,,
1995,81,Grupo - Pescados de água-doce,8165,8165,PEIXE EM FILÉ CONGELADO DOURADO DE ÁGUA DOCE,,9201,,9201,9201,x.x.x Pescados de água docex.x.x Acará frescax.x.x Acari frescox.x.x Anujá frescox.x.x Curimatã frescox.x.x Dourada frescax.x.x Jaraqui frescox.x.x Lambari frescox.x.x Mapará frescox.x.x Piau frescox.x.xx Surubim frescox.x.xx Tambaqui frescox.x.xx Tilápia frescax.x.xx Traíra frescax.x.xx Tucunaré frescox.x.xx Outros pescados em filé congeladox.x.xx Outros pescados em filé frescox.x.xx Outros pescados frescosx.x.xx Outros pescados salgadosx.x Pescados não especificadosx.x.x Peixe em filé congeladox.x.x Peixe em filé frescox.x.x Peixe frescox.x.x Peixe salgado,8171,,,,
1995,81,Grupo - Pescados de água-doce,8171,8171,PEIXE INTEIRO TAMOATA,,9201,,9201,9201,x.x.x Pescados de água docex.x.x Acará frescax.x.x Acari frescox.x.x Anujá frescox.x.x Curimatã frescox.x.x Dourada frescax.x.x Jaraqui frescox.x.x Lambari frescox.x.x Mapará frescox.x.x Piau frescox.x.xx Surubim frescox.x.xx Tambaqui frescox.x.xx Tilápia frescax.x.xx Traíra frescax.x.xx Tucunaré frescox.x.xx Outros pescados em filé congeladox.x.xx Outros pescados em filé frescox.x.xx Outros pescados frescosx.x.xx Outros pescados salgadosx.x Pescados não especificadosx.x.x Peixe em filé congeladox.x.x Peixe em filé frescox.x.x Peixe frescox.x.x Peixe salgado,8172,,,,
1995,81,Grupo - Pescados de água-doce,8172,8172,PEIXE EM POSTAS TAMOATA,,9201,,9201,9201,x.x.x Pescados de água docex.x.x Acará frescax.x.x Acari frescox.x.x Anujá frescox.x.x Curimatã frescox.x.x Dourada frescax.x.x Jaraqui frescox.x.x Lambari frescox.x.x Mapará frescox.x.x Piau frescox.x.xx Surubim frescox.x.xx Tambaqui frescox.x.xx Tilápia frescax.x.xx Traíra frescax.x.xx Tucunaré frescox.x.xx Outros pescados em filé congeladox.x.xx Outros pescados em filé frescox.x.xx Outros pescados frescosx.x.xx Outros pescados salgadosx.x Pescados não especificadosx.x.x Peixe em filé congeladox.x.x Peixe em filé frescox.x.x Peixe frescox.x.x Peixe salgado,8173,,,,
1995,81,Grupo - Pescados de água-doce,8173,8173,PEIXE EM FILÉ FRESCO TAMOATA,,9201,,9201,9201,x.x.x Pescados de água docex.x.x Acará frescax.x.x Acari frescox.x.x Anujá frescox.x.x Curimatã frescox.x.x Dourada frescax.x.x Jaraqui frescox.x.x Lambari frescox.x.x Mapará frescox.x.x Piau frescox.x.xx Surubim frescox.x.xx Tambaqui frescox.x.xx Tilápia frescax.x.xx Traíra frescax.x.xx Tucunaré frescox.x.xx Outros pescados em filé congeladox.x.xx Outros pescados em filé frescox.x.xx Outros pescados frescosx.x.xx Outros pescados salgadosx.x Pescados não especificadosx.x.x Peixe em filé congeladox.x.x Peixe em filé frescox.x.x Peixe frescox.x.x Peixe salgado,8174,,,,
1995,81,Grupo - Pescados de água-doce,8174,8174,PEIXE SALGADO TAMOATA,,9201,,9201,9201,x.x.x Pescados de água docex.x.x Acará frescax.x.x Acari frescox.x.x Anujá frescox.x.x Curimatã frescox.x.x Dourada frescax.x.x Jaraqui frescox.x.x Lambari frescox.x.x Mapará frescox.x.x Piau frescox.x.xx Surubim frescox.x.xx Tambaqui frescox.x.xx Tilápia frescax.x.xx Traíra frescax.x.xx Tucunaré frescox.x.xx Outros pescados em filé congeladox.x.xx Outros pescados em filé frescox.x.xx Outros pescados frescosx.x.xx Outros pescados salgadosx.x Pescados não especificadosx.x.x Peixe em filé congeladox.x.x Peixe em filé frescox.x.x Peixe frescox.x.x Peixe salgado,8175,,,,
1995,81,Grupo - Pescados de água-doce,8175,8175,PEIXE EM FILÉ CONGELADO TAMOATA,,9201,,9201,9201,x.x.x Pescados de água docex.x.x Acará frescax.x.x Acari frescox.x.x Anujá frescox.x.x Curimatã frescox.x.x Dourada frescax.x.x Jaraqui frescox.x.x Lambari frescox.x.x Mapará frescox.x.x Piau frescox.x.xx Surubim frescox.x.xx Tambaqui frescox.x.xx Tilápia frescax.x.xx Traíra frescax.x.xx Tucunaré frescox.x.xx Outros pescados em filé congeladox.x.xx Outros pescados em filé frescox.x.xx Outros pescados frescosx.x.xx Outros pescados salgadosx.x Pescados não especificadosx.x.x Peixe em filé congeladox.x.x Peixe em filé frescox.x.x Peixe frescox.x.x Peixe salgado,8181,,,,
1995,81,Grupo - Pescados de água-doce,8181,8181,PEIXE INTEIRO PIRAPEUA,,9201,,9201,9201,x.x.x Pescados de água docex.x.x Acará frescax.x.x Acari frescox.x.x Anujá frescox.x.x Curimatã frescox.x.x Dourada frescax.x.x Jaraqui frescox.x.x Lambari frescox.x.x Mapará frescox.x.x Piau frescox.x.xx Surubim frescox.x.xx Tambaqui frescox.x.xx Tilápia frescax.x.xx Traíra frescax.x.xx Tucunaré frescox.x.xx Outros pescados em filé congeladox.x.xx Outros pescados em filé frescox.x.xx Outros pescados frescosx.x.xx Outros pescados salgadosx.x Pescados não especificadosx.x.x Peixe em filé congeladox.x.x Peixe em filé frescox.x.x Peixe frescox.x.x Peixe salgado,8182,,,,
1995,81,Grupo - Pescados de água-doce,8182,8182,PEIXE EM POSTAS PIRAPEUA,,9201,,9201,9201,x.x.x Pescados de água docex.x.x Acará frescax.x.x Acari frescox.x.x Anujá frescox.x.x Curimatã frescox.x.x Dourada frescax.x.x Jaraqui frescox.x.x Lambari frescox.x.x Mapará frescox.x.x Piau frescox.x.xx Surubim frescox.x.xx Tambaqui frescox.x.xx Tilápia frescax.x.xx Traíra frescax.x.xx Tucunaré frescox.x.xx Outros pescados em filé congeladox.x.xx Outros pescados em filé frescox.x.xx Outros pescados frescosx.x.xx Outros pescados salgadosx.x Pescados não especificadosx.x.x Peixe em filé congeladox.x.x Peixe em filé frescox.x.x Peixe frescox.x.x Peixe salgado,8183,,,,
1995,81,Grupo - Pescados de água-doce,8183,8183,PEIXE EM FILÉ FRESCO PIRAPEUA,,9201,,9201,9201,x.x.x Pescados de água docex.x.x Acará frescax.x.x Acari frescox.x.x Anujá frescox.x.x Curimatã frescox.x.x Dourada frescax.x.x Jaraqui frescox.x.x Lambari frescox.x.x Mapará frescox.x.x Piau frescox.x.xx Surubim frescox.x.xx Tambaqui frescox.x.xx Tilápia frescax.x.xx Traíra frescax.x.xx Tucunaré frescox.x.xx Outros pescados em filé congeladox.x.xx Outros pescados em filé frescox.x.xx Outros pescados frescosx.x.xx Outros pescados salgadosx.x Pescados não especificadosx.x.x Peixe em filé congeladox.x.x Peixe em filé frescox.x.x Peixe frescox.x.x Peixe salgado,8184,,,,
1995,81,Grupo - Pescados de água-doce,8184,8184,PEIXE SALGADO PIRAPEUA,,9201,,9201,9201,x.x.x Pescados de água docex.x.x Acará frescax.x.x Acari frescox.x.x Anujá frescox.x.x Curimatã frescox.x.x Dourada frescax.x.x Jaraqui frescox.x.x Lambari frescox.x.x Mapará frescox.x.x Piau frescox.x.xx Surubim frescox.x.xx Tambaqui frescox.x.xx Tilápia frescax.x.xx Traíra frescax.x.xx Tucunaré frescox.x.xx Outros pescados em filé congeladox.x.xx Outros pescados em filé frescox.x.xx Outros pescados frescosx.x.xx Outros pescados salgadosx.x Pescados não especificadosx.x.x Peixe em filé congeladox.x.x Peixe em filé frescox.x.x Peixe frescox.x.x Peixe salgado,8185,,,,
1995,81,Grupo - Pescados de água-doce,8185,8185,PEIXE EM FILÉ CONGELADO PIRAPEUA,,9201,,9201,9201,x.x.x Pescados de água docex.x.x Acará frescax.x.x Acari frescox.x.x Anujá frescox.x.x Curimatã frescox.x.x Dourada frescax.x.x Jaraqui frescox.x.x Lambari frescox.x.x Mapará frescox.x.x Piau frescox.x.xx Surubim frescox.x.xx Tambaqui frescox.x.xx Tilápia frescax.x.xx Traíra frescax.x.xx Tucunaré frescox.x.xx Outros pescados em filé congeladox.x.xx Outros pescados em filé frescox.x.xx Outros pescados frescosx.x.xx Outros pescados salgadosx.x Pescados não especificadosx.x.x Peixe em filé congeladox.x.x Peixe em filé frescox.x.x Peixe frescox.x.x Peixe salgado,8191,,,,
1995,81,Grupo - Pescados de água-doce,8191,8191,PEIXE INTEIRO MAPARA,,9201,,9201,9201,x.x.x Pescados de água docex.x.x Acará frescax.x.x Acari frescox.x.x Anujá frescox.x.x Curimatã frescox.x.x Dourada frescax.x.x Jaraqui frescox.x.x Lambari frescox.x.x Mapará frescox.x.x Piau frescox.x.xx Surubim frescox.x.xx Tambaqui frescox.x.xx Tilápia frescax.x.xx Traíra frescax.x.xx Tucunaré frescox.x.xx Outros pescados em filé congeladox.x.xx Outros pescados em filé frescox.x.xx Outros pescados frescosx.x.xx Outros pescados salgadosx.x Pescados não especificadosx.x.x Peixe em filé congeladox.x.x Peixe em filé frescox.x.x Peixe frescox.x.x Peixe salgado,8192,,,,
1995,81,Grupo - Pescados de água-doce,8192,8192,PEIXE EM POSTAS MAPARA,,9201,,9201,9201,x.x.x Pescados de água docex.x.x Acará frescax.x.x Acari frescox.x.x Anujá frescox.x.x Curimatã frescox.x.x Dourada frescax.x.x Jaraqui frescox.x.x Lambari frescox.x.x Mapará frescox.x.x Piau frescox.x.xx Surubim frescox.x.xx Tambaqui frescox.x.xx Tilápia frescax.x.xx Traíra frescax.x.xx Tucunaré frescox.x.xx Outros pescados em filé congeladox.x.xx Outros pescados em filé frescox.x.xx Outros pescados frescosx.x.xx Outros pescados salgadosx.x Pescados não especificadosx.x.x Peixe em filé congeladox.x.x Peixe em filé frescox.x.x Peixe frescox.x.x Peixe salgado,8193,,,,
1995,81,Grupo - Pescados de água-doce,8193,8193,PEIXE EM FILÉ FRESCO MAPARA,,9201,,9201,9201,x.x.x Pescados de água docex.x.x Acará frescax.x.x Acari frescox.x.x Anujá frescox.x.x Curimatã frescox.x.x Dourada frescax.x.x Jaraqui frescox.x.x Lambari frescox.x.x Mapará frescox.x.x Piau frescox.x.xx Surubim frescox.x.xx Tambaqui frescox.x.xx Tilápia frescax.x.xx Traíra frescax.x.xx Tucunaré frescox.x.xx Outros pescados em filé congeladox.x.xx Outros pescados em filé frescox.x.xx Outros pescados frescosx.x.xx Outros pescados salgadosx.x Pescados não especificadosx.x.x Peixe em filé congeladox.x.x Peixe em filé frescox.x.x Peixe frescox.x.x Peixe salgado,8194,,,,
1995,81,Grupo - Pescados de água-doce,8194,8194,PEIXE SALGADO MAPARA,,9201,,9201,9201,x.x.x Pescados de água docex.x.x Acará frescax.x.x Acari frescox.x.x Anujá frescox.x.x Curimatã frescox.x.x Dourada frescax.x.x Jaraqui frescox.x.x Lambari frescox.x.x Mapará frescox.x.x Piau frescox.x.xx Surubim frescox.x.xx Tambaqui frescox.x.xx Tilápia frescax.x.xx Traíra frescax.x.xx Tucunaré frescox.x.xx Outros pescados em filé congeladox.x.xx Outros pescados em filé frescox.x.xx Outros pescados frescosx.x.xx Outros pescados salgadosx.x Pescados não especificadosx.x.x Peixe em filé congeladox.x.x Peixe em filé frescox.x.x Peixe frescox.x.x Peixe salgado,8195,,,,
1995,81,Grupo - Pescados de água-doce,8195,8195,PEIXE EM FILÉ CONGELADO MAPARA,,9201,,9201,9201,x.x.x Pescados de água docex.x.x Acará frescax.x.x Acari frescox.x.x Anujá frescox.x.x Curimatã frescox.x.x Dourada frescax.x.x Jaraqui frescox.x.x Lambari frescox.x.x Mapará frescox.x.x Piau frescox.x.xx Surubim frescox.x.xx Tambaqui frescox.x.xx Tilápia frescax.x.xx Traíra frescax.x.xx Tucunaré frescox.x.xx Outros pescados em filé congeladox.x.xx Outros pescados em filé frescox.x.xx Outros pescados frescosx.x.xx Outros pescados salgadosx.x Pescados não especificadosx.x.x Peixe em filé congeladox.x.x Peixe em filé frescox.x.x Peixe frescox.x.x Peixe salgado,8201,,,,
1995,82,Grupo - Pescados de água-doce,8201,8201,PEIXE INTEIRO PIRANHA,,9201,,9201,9201,x.x.x Pescados de água docex.x.x Acará frescax.x.x Acari frescox.x.x Anujá frescox.x.x Curimatã frescox.x.x Dourada frescax.x.x Jaraqui frescox.x.x Lambari frescox.x.x Mapará frescox.x.x Piau frescox.x.xx Surubim frescox.x.xx Tambaqui frescox.x.xx Tilápia frescax.x.xx Traíra frescax.x.xx Tucunaré frescox.x.xx Outros pescados em filé congeladox.x.xx Outros pescados em filé frescox.x.xx Outros pescados frescosx.x.xx Outros pescados salgadosx.x Pescados não especificadosx.x.x Peixe em filé congeladox.x.x Peixe em filé frescox.x.x Peixe frescox.x.x Peixe salgado,8202,,,,
1995,82,Grupo - Pescados de água-doce,8202,8202,PEIXE EM POSTAS PIRANHA,,9201,,9201,9201,x.x.x Pescados de água docex.x.x Acará frescax.x.x Acari frescox.x.x Anujá frescox.x.x Curimatã frescox.x.x Dourada frescax.x.x Jaraqui frescox.x.x Lambari frescox.x.x Mapará frescox.x.x Piau frescox.x.xx Surubim frescox.x.xx Tambaqui frescox.x.xx Tilápia frescax.x.xx Traíra frescax.x.xx Tucunaré frescox.x.xx Outros pescados em filé congeladox.x.xx Outros pescados em filé frescox.x.xx Outros pescados frescosx.x.xx Outros pescados salgadosx.x Pescados não especificadosx.x.x Peixe em filé congeladox.x.x Peixe em filé frescox.x.x Peixe frescox.x.x Peixe salgado,8203,,,,
1995,82,Grupo - Pescados de água-doce,8203,8203,PEIXE EM FILÉ FRESCO PIRANHA,,9201,,9201,9201,x.x.x Pescados de água docex.x.x Acará frescax.x.x Acari frescox.x.x Anujá frescox.x.x Curimatã frescox.x.x Dourada frescax.x.x Jaraqui frescox.x.x Lambari frescox.x.x Mapará frescox.x.x Piau frescox.x.xx Surubim frescox.x.xx Tambaqui frescox.x.xx Tilápia frescax.x.xx Traíra frescax.x.xx Tucunaré frescox.x.xx Outros pescados em filé congeladox.x.xx Outros pescados em filé frescox.x.xx Outros pescados frescosx.x.xx Outros pescados salgadosx.x Pescados não especificadosx.x.x Peixe em filé congeladox.x.x Peixe em filé frescox.x.x Peixe frescox.x.x Peixe salgado,8204,,,,
1995,82,Grupo - Pescados de água-doce,8204,8204,PEIXE SALGADO PIRANHA,,9201,,9201,9201,x.x.x Pescados de água docex.x.x Acará frescax.x.x Acari frescox.x.x Anujá frescox.x.x Curimatã frescox.x.x Dourada frescax.x.x Jaraqui frescox.x.x Lambari frescox.x.x Mapará frescox.x.x Piau frescox.x.xx Surubim frescox.x.xx Tambaqui frescox.x.xx Tilápia frescax.x.xx Traíra frescax.x.xx Tucunaré frescox.x.xx Outros pescados em filé congeladox.x.xx Outros pescados em filé frescox.x.xx Outros pescados frescosx.x.xx Outros pescados salgadosx.x Pescados não especificadosx.x.x Peixe em filé congeladox.x.x Peixe em filé frescox.x.x Peixe frescox.x.x Peixe salgado,8205,,,,
1995,82,Grupo - Pescados de água-doce,8205,8205,PEIXE EM FILÉ CONGELADO PIRANHA,,9201,,9201,9201,x.x.x Pescados de água docex.x.x Acará frescax.x.x Acari frescox.x.x Anujá frescox.x.x Curimatã frescox.x.x Dourada frescax.x.x Jaraqui frescox.x.x Lambari frescox.x.x Mapará frescox.x.x Piau frescox.x.xx Surubim frescox.x.xx Tambaqui frescox.x.xx Tilápia frescax.x.xx Traíra frescax.x.xx Tucunaré frescox.x.xx Outros pescados em filé congeladox.x.xx Outros pescados em filé frescox.x.xx Outros pescados frescosx.x.xx Outros pescados salgadosx.x Pescados não especificadosx.x.x Peixe em filé congeladox.x.x Peixe em filé frescox.x.x Peixe frescox.x.x Peixe salgado,8211,,,,
1995,82,Grupo - Pescados de água-doce,8211,8211,PEIXE INTEIRO PACÚ,,9201,,9201,9201,x.x.x Pescados de água docex.x.x Acará frescax.x.x Acari frescox.x.x Anujá frescox.x.x Curimatã frescox.x.x Dourada frescax.x.x Jaraqui frescox.x.x Lambari frescox.x.x Mapará frescox.x.x Piau frescox.x.xx Surubim frescox.x.xx Tambaqui frescox.x.xx Tilápia frescax.x.xx Traíra frescax.x.xx Tucunaré frescox.x.xx Outros pescados em filé congeladox.x.xx Outros pescados em filé frescox.x.xx Outros pescados frescosx.x.xx Outros pescados salgadosx.x Pescados não especificadosx.x.x Peixe em filé congeladox.x.x Peixe em filé frescox.x.x Peixe frescox.x.x Peixe salgado,8212,,,,
1995,82,Grupo - Pescados de água-doce,8212,8212,PEIXE EM POSTAS PACÚ,,9201,,9201,9201,x.x.x Pescados de água docex.x.x Acará frescax.x.x Acari frescox.x.x Anujá frescox.x.x Curimatã frescox.x.x Dourada frescax.x.x Jaraqui frescox.x.x Lambari frescox.x.x Mapará frescox.x.x Piau frescox.x.xx Surubim frescox.x.xx Tambaqui frescox.x.xx Tilápia frescax.x.xx Traíra frescax.x.xx Tucunaré frescox.x.xx Outros pescados em filé congeladox.x.xx Outros pescados em filé frescox.x.xx Outros pescados frescosx.x.xx Outros pescados salgadosx.x Pescados não especificadosx.x.x Peixe em filé congeladox.x.x Peixe em filé frescox.x.x Peixe frescox.x.x Peixe salgado,8213,,,,
1995,82,Grupo - Pescados de água-doce,8213,8213,PEIXE EM FILÉ FRESCO PACÚ,,9201,,9201,9201,x.x.x Pescados de água docex.x.x Acará frescax.x.x Acari frescox.x.x Anujá frescox.x.x Curimatã frescox.x.x Dourada frescax.x.x Jaraqui frescox.x.x Lambari frescox.x.x Mapará frescox.x.x Piau frescox.x.xx Surubim frescox.x.xx Tambaqui frescox.x.xx Tilápia frescax.x.xx Traíra frescax.x.xx Tucunaré frescox.x.xx Outros pescados em filé congeladox.x.xx Outros pescados em filé frescox.x.xx Outros pescados frescosx.x.xx Outros pescados salgadosx.x Pescados não especificadosx.x.x Peixe em filé congeladox.x.x Peixe em filé frescox.x.x Peixe frescox.x.x Peixe salgado,8214,,,,
1995,82,Grupo - Pescados de água-doce,8214,8214,PEIXE SALGADO PACÚ,,9201,,9201,9201,x.x.x Pescados de água docex.x.x Acará frescax.x.x Acari frescox.x.x Anujá frescox.x.x Curimatã frescox.x.x Dourada frescax.x.x Jaraqui frescox.x.x Lambari frescox.x.x Mapará frescox.x.x Piau frescox.x.xx Surubim frescox.x.xx Tambaqui frescox.x.xx Tilápia frescax.x.xx Traíra frescax.x.xx Tucunaré frescox.x.xx Outros pescados em filé congeladox.x.xx Outros pescados em filé frescox.x.xx Outros pescados frescosx.x.xx Outros pescados salgadosx.x Pescados não especificadosx.x.x Peixe em filé congeladox.x.x Peixe em filé frescox.x.x Peixe frescox.x.x Peixe salgado,8215,,,,
1995,82,Grupo - Pescados de água-doce,8215,8215,PEIXE EM FILÉ CONGELADO PACÚ,,9201,,9201,9201,x.x.x Pescados de água docex.x.x Acará frescax.x.x Acari frescox.x.x Anujá frescox.x.x Curimatã frescox.x.x Dourada frescax.x.x Jaraqui frescox.x.x Lambari frescox.x.x Mapará frescox.x.x Piau frescox.x.xx Surubim frescox.x.xx Tambaqui frescox.x.xx Tilápia frescax.x.xx Traíra frescax.x.xx Tucunaré frescox.x.xx Outros pescados em filé congeladox.x.xx Outros pescados em filé frescox.x.xx Outros pescados frescosx.x.xx Outros pescados salgadosx.x Pescados não especificadosx.x.x Peixe em filé congeladox.x.x Peixe em filé frescox.x.x Peixe frescox.x.x Peixe salgado,8221,,,,
1995,82,Grupo - Pescados de água-doce,8221,8221,PEIXE INTEIRO TAMBAQUI,,9201,,9201,9201,x.x.x Pescados de água docex.x.x Acará frescax.x.x Acari frescox.x.x Anujá frescox.x.x Curimatã frescox.x.x Dourada frescax.x.x Jaraqui frescox.x.x Lambari frescox.x.x Mapará frescox.x.x Piau frescox.x.xx Surubim frescox.x.xx Tambaqui frescox.x.xx Tilápia frescax.x.xx Traíra frescax.x.xx Tucunaré frescox.x.xx Outros pescados em filé congeladox.x.xx Outros pescados em filé frescox.x.xx Outros pescados frescosx.x.xx Outros pescados salgadosx.x Pescados não especificadosx.x.x Peixe em filé congeladox.x.x Peixe em filé frescox.x.x Peixe frescox.x.x Peixe salgado,8222,,,,
1995,82,Grupo - Pescados de água-doce,8222,8222,PEIXE EM POSTAS TAMBAQUI,,9201,,9201,9201,x.x.x Pescados de água docex.x.x Acará frescax.x.x Acari frescox.x.x Anujá frescox.x.x Curimatã frescox.x.x Dourada frescax.x.x Jaraqui frescox.x.x Lambari frescox.x.x Mapará frescox.x.x Piau frescox.x.xx Surubim frescox.x.xx Tambaqui frescox.x.xx Tilápia frescax.x.xx Traíra frescax.x.xx Tucunaré frescox.x.xx Outros pescados em filé congeladox.x.xx Outros pescados em filé frescox.x.xx Outros pescados frescosx.x.xx Outros pescados salgadosx.x Pescados não especificadosx.x.x Peixe em filé congeladox.x.x Peixe em filé frescox.x.x Peixe frescox.x.x Peixe salgado,8223,,,,
1995,82,Grupo - Pescados de água-doce,8223,8223,PEIXE EM FILÉ FRESCO TAMBAQUI,,9201,,9201,9201,x.x.x Pescados de água docex.x.x Acará frescax.x.x Acari frescox.x.x Anujá frescox.x.x Curimatã frescox.x.x Dourada frescax.x.x Jaraqui frescox.x.x Lambari frescox.x.x Mapará frescox.x.x Piau frescox.x.xx Surubim frescox.x.xx Tambaqui frescox.x.xx Tilápia frescax.x.xx Traíra frescax.x.xx Tucunaré frescox.x.xx Outros pescados em filé congeladox.x.xx Outros pescados em filé frescox.x.xx Outros pescados frescosx.x.xx Outros pescados salgadosx.x Pescados não especificadosx.x.x Peixe em filé congeladox.x.x Peixe em filé frescox.x.x Peixe frescox.x.x Peixe salgado,8224,,,,
1995,82,Grupo - Pescados de água-doce,8224,8224,PEIXE SALGADO TAMBAQUI,,9201,,9201,9201,x.x.x Pescados de água docex.x.x Acará frescax.x.x Acari frescox.x.x Anujá frescox.x.x Curimatã frescox.x.x Dourada frescax.x.x Jaraqui frescox.x.x Lambari frescox.x.x Mapará frescox.x.x Piau frescox.x.xx Surubim frescox.x.xx Tambaqui frescox.x.xx Tilápia frescax.x.xx Traíra frescax.x.xx Tucunaré frescox.x.xx Outros pescados em filé congeladox.x.xx Outros pescados em filé frescox.x.xx Outros pescados frescosx.x.xx Outros pescados salgadosx.x Pescados não especificadosx.x.x Peixe em filé congeladox.x.x Peixe em filé frescox.x.x Peixe frescox.x.x Peixe salgado,8225,,,,
1995,82,Grupo - Pescados de água-doce,8225,8225,PEIXE EM FILÉ CONGELADO TAMBAQUI,,9201,,9201,9201,x.x.x Pescados de água docex.x.x Acará frescax.x.x Acari frescox.x.x Anujá frescox.x.x Curimatã frescox.x.x Dourada frescax.x.x Jaraqui frescox.x.x Lambari frescox.x.x Mapará frescox.x.x Piau frescox.x.xx Surubim frescox.x.xx Tambaqui frescox.x.xx Tilápia frescax.x.xx Traíra frescax.x.xx Tucunaré frescox.x.xx Outros pescados em filé congeladox.x.xx Outros pescados em filé frescox.x.xx Outros pescados frescosx.x.xx Outros pescados salgadosx.x Pescados não especificadosx.x.x Peixe em filé congeladox.x.x Peixe em filé frescox.x.x Peixe frescox.x.x Peixe salgado,8231,,,,
1995,82,Grupo - Pescados de água-doce,8231,8231,PEIXE INTEIRO ANUJA,,9201,,9201,9201,x.x.x Pescados de água docex.x.x Acará frescax.x.x Acari frescox.x.x Anujá frescox.x.x Curimatã frescox.x.x Dourada frescax.x.x Jaraqui frescox.x.x Lambari frescox.x.x Mapará frescox.x.x Piau frescox.x.xx Surubim frescox.x.xx Tambaqui frescox.x.xx Tilápia frescax.x.xx Traíra frescax.x.xx Tucunaré frescox.x.xx Outros pescados em filé congeladox.x.xx Outros pescados em filé frescox.x.xx Outros pescados frescosx.x.xx Outros pescados salgadosx.x Pescados não especificadosx.x.x Peixe em filé congeladox.x.x Peixe em filé frescox.x.x Peixe frescox.x.x Peixe salgado,8232,,,,
1995,82,Grupo - Pescados de água-doce,8232,8232,PEIXE EM POSTAS ANUJA,,9201,,9201,9201,x.x.x Pescados de água docex.x.x Acará frescax.x.x Acari frescox.x.x Anujá frescox.x.x Curimatã frescox.x.x Dourada frescax.x.x Jaraqui frescox.x.x Lambari frescox.x.x Mapará frescox.x.x Piau frescox.x.xx Surubim frescox.x.xx Tambaqui frescox.x.xx Tilápia frescax.x.xx Traíra frescax.x.xx Tucunaré frescox.x.xx Outros pescados em filé congeladox.x.xx Outros pescados em filé frescox.x.xx Outros pescados frescosx.x.xx Outros pescados salgadosx.x Pescados não especificadosx.x.x Peixe em filé congeladox.x.x Peixe em filé frescox.x.x Peixe frescox.x.x Peixe salgado,8233,,,,
1995,82,Grupo - Pescados de água-doce,8233,8233,PEIXE EM FILÉ FRESCO ANUJA,,9201,,9201,9201,x.x.x Pescados de água docex.x.x Acará frescax.x.x Acari frescox.x.x Anujá frescox.x.x Curimatã frescox.x.x Dourada frescax.x.x Jaraqui frescox.x.x Lambari frescox.x.x Mapará frescox.x.x Piau frescox.x.xx Surubim frescox.x.xx Tambaqui frescox.x.xx Tilápia frescax.x.xx Traíra frescax.x.xx Tucunaré frescox.x.xx Outros pescados em filé congeladox.x.xx Outros pescados em filé frescox.x.xx Outros pescados frescosx.x.xx Outros pescados salgadosx.x Pescados não especificadosx.x.x Peixe em filé congeladox.x.x Peixe em filé frescox.x.x Peixe frescox.x.x Peixe salgado,8234,,,,
1995,82,Grupo - Pescados de água-doce,8234,8234,PEIXE SALGADO ANUJA,,9201,,9201,9201,x.x.x Pescados de água docex.x.x Acará frescax.x.x Acari frescox.x.x Anujá frescox.x.x Curimatã frescox.x.x Dourada frescax.x.x Jaraqui frescox.x.x Lambari frescox.x.x Mapará frescox.x.x Piau frescox.x.xx Surubim frescox.x.xx Tambaqui frescox.x.xx Tilápia frescax.x.xx Traíra frescax.x.xx Tucunaré frescox.x.xx Outros pescados em filé congeladox.x.xx Outros pescados em filé frescox.x.xx Outros pescados frescosx.x.xx Outros pescados salgadosx.x Pescados não especificadosx.x.x Peixe em filé congeladox.x.x Peixe em filé frescox.x.x Peixe frescox.x.x Peixe salgado,8235,,,,
1995,82,Grupo - Pescados de água-doce,8235,8235,PEIXE EM FILÉ CONGELADO ANUJA,,9201,,9201,9201,x.x.x Pescados de água docex.x.x Acará frescax.x.x Acari frescox.x.x Anujá frescox.x.x Curimatã frescox.x.x Dourada frescax.x.x Jaraqui frescox.x.x Lambari frescox.x.x Mapará frescox.x.x Piau frescox.x.xx Surubim frescox.x.xx Tambaqui frescox.x.xx Tilápia frescax.x.xx Traíra frescax.x.xx Tucunaré frescox.x.xx Outros pescados em filé congeladox.x.xx Outros pescados em filé frescox.x.xx Outros pescados frescosx.x.xx Outros pescados salgadosx.x Pescados não especificadosx.x.x Peixe em filé congeladox.x.x Peixe em filé frescox.x.x Peixe frescox.x.x Peixe salgado,8241,,,,
1995,82,Grupo - Pescados de água-doce,8241,8241,PEIXE INTEIRO SARDINHA DE AGUA DOCE,,9201,,9201,9201,x.x.x Pescados de água docex.x.x Acará frescax.x.x Acari frescox.x.x Anujá frescox.x.x Curimatã frescox.x.x Dourada frescax.x.x Jaraqui frescox.x.x Lambari frescox.x.x Mapará frescox.x.x Piau frescox.x.xx Surubim frescox.x.xx Tambaqui frescox.x.xx Tilápia frescax.x.xx Traíra frescax.x.xx Tucunaré frescox.x.xx Outros pescados em filé congeladox.x.xx Outros pescados em filé frescox.x.xx Outros pescados frescosx.x.xx Outros pescados salgadosx.x Pescados não especificadosx.x.x Peixe em filé congeladox.x.x Peixe em filé frescox.x.x Peixe frescox.x.x Peixe salgado,8242,,,,
1995,82,Grupo - Pescados de água-doce,8242,8242,PEIXE EM POSTAS SARDINHA DE AGUA DOCE,,9201,,9201,9201,x.x.x Pescados de água docex.x.x Acará frescax.x.x Acari frescox.x.x Anujá frescox.x.x Curimatã frescox.x.x Dourada frescax.x.x Jaraqui frescox.x.x Lambari frescox.x.x Mapará frescox.x.x Piau frescox.x.xx Surubim frescox.x.xx Tambaqui frescox.x.xx Tilápia frescax.x.xx Traíra frescax.x.xx Tucunaré frescox.x.xx Outros pescados em filé congeladox.x.xx Outros pescados em filé frescox.x.xx Outros pescados frescosx.x.xx Outros pescados salgadosx.x Pescados não especificadosx.x.x Peixe em filé congeladox.x.x Peixe em filé frescox.x.x Peixe frescox.x.x Peixe salgado,8243,,,,
1995,82,Grupo - Pescados de água-doce,8243,8243,PEIXE EM FILÉ FRESCO SARDINHA DE AGUA DOCE,,9201,,9201,9201,x.x.x Pescados de água docex.x.x Acará frescax.x.x Acari frescox.x.x Anujá frescox.x.x Curimatã frescox.x.x Dourada frescax.x.x Jaraqui frescox.x.x Lambari frescox.x.x Mapará frescox.x.x Piau frescox.x.xx Surubim frescox.x.xx Tambaqui frescox.x.xx Tilápia frescax.x.xx Traíra frescax.x.xx Tucunaré frescox.x.xx Outros pescados em filé congeladox.x.xx Outros pescados em filé frescox.x.xx Outros pescados frescosx.x.xx Outros pescados salgadosx.x Pescados não especificadosx.x.x Peixe em filé congeladox.x.x Peixe em filé frescox.x.x Peixe frescox.x.x Peixe salgado,8244,,,,
1995,82,Grupo - Pescados de água-doce,8244,8244,PEIXE SALGADO SARDINHA DE AGUA DOCE,,9201,,9201,9201,x.x.x Pescados de água docex.x.x Acará frescax.x.x Acari frescox.x.x Anujá frescox.x.x Curimatã frescox.x.x Dourada frescax.x.x Jaraqui frescox.x.x Lambari frescox.x.x Mapará frescox.x.x Piau frescox.x.xx Surubim frescox.x.xx Tambaqui frescox.x.xx Tilápia frescax.x.xx Traíra frescax.x.xx Tucunaré frescox.x.xx Outros pescados em filé congeladox.x.xx Outros pescados em filé frescox.x.xx Outros pescados frescosx.x.xx Outros pescados salgadosx.x Pescados não especificadosx.x.x Peixe em filé congeladox.x.x Peixe em filé frescox.x.x Peixe frescox.x.x Peixe salgado,8245,,,,
1995,82,Grupo - Pescados de água-doce,8245,8245,PEIXE EM FILÉ CONGELADO SARDINHA DE ÁGUA DOCE,,9201,,9201,9201,x.x.x Pescados de água docex.x.x Acará frescax.x.x Acari frescox.x.x Anujá frescox.x.x Curimatã frescox.x.x Dourada frescax.x.x Jaraqui frescox.x.x Lambari frescox.x.x Mapará frescox.x.x Piau frescox.x.xx Surubim frescox.x.xx Tambaqui frescox.x.xx Tilápia frescax.x.xx Traíra frescax.x.xx Tucunaré frescox.x.xx Outros pescados em filé congeladox.x.xx Outros pescados em filé frescox.x.xx Outros pescados frescosx.x.xx Outros pescados salgadosx.x Pescados não especificadosx.x.x Peixe em filé congeladox.x.x Peixe em filé frescox.x.x Peixe frescox.x.x Peixe salgado,8251,,,,
1995,82,Grupo - Pescados de água-doce,8251,8251,PEIXE INTEIRO JARAQUI,,9201,,9201,9201,x.x.x Pescados de água docex.x.x Acará frescax.x.x Acari frescox.x.x Anujá frescox.x.x Curimatã frescox.x.x Dourada frescax.x.x Jaraqui frescox.x.x Lambari frescox.x.x Mapará frescox.x.x Piau frescox.x.xx Surubim frescox.x.xx Tambaqui frescox.x.xx Tilápia frescax.x.xx Traíra frescax.x.xx Tucunaré frescox.x.xx Outros pescados em filé congeladox.x.xx Outros pescados em filé frescox.x.xx Outros pescados frescosx.x.xx Outros pescados salgadosx.x Pescados não especificadosx.x.x Peixe em filé congeladox.x.x Peixe em filé frescox.x.x Peixe frescox.x.x Peixe salgado,8252,,,,
1995,82,Grupo - Pescados de água-doce,8252,8252,PEIXE EM POSTAS JARAQUI,,9201,,9201,9201,x.x.x Pescados de água docex.x.x Acará frescax.x.x Acari frescox.x.x Anujá frescox.x.x Curimatã frescox.x.x Dourada frescax.x.x Jaraqui frescox.x.x Lambari frescox.x.x Mapará frescox.x.x Piau frescox.x.xx Surubim frescox.x.xx Tambaqui frescox.x.xx Tilápia frescax.x.xx Traíra frescax.x.xx Tucunaré frescox.x.xx Outros pescados em filé congeladox.x.xx Outros pescados em filé frescox.x.xx Outros pescados frescosx.x.xx Outros pescados salgadosx.x Pescados não especificadosx.x.x Peixe em filé congeladox.x.x Peixe em filé frescox.x.x Peixe frescox.x.x Peixe salgado,8253,,,,
1995,82,Grupo - Pescados de água-doce,8253,8253,PEIXE EM FILÉ FRESCO JARAQUI,,9201,,9201,9201,x.x.x Pescados de água docex.x.x Acará frescax.x.x Acari frescox.x.x Anujá frescox.x.x Curimatã frescox.x.x Dourada frescax.x.x Jaraqui frescox.x.x Lambari frescox.x.x Mapará frescox.x.x Piau frescox.x.xx Surubim frescox.x.xx Tambaqui frescox.x.xx Tilápia frescax.x.xx Traíra frescax.x.xx Tucunaré frescox.x.xx Outros pescados em filé congeladox.x.xx Outros pescados em filé frescox.x.xx Outros pescados frescosx.x.xx Outros pescados salgadosx.x Pescados não especificadosx.x.x Peixe em filé congeladox.x.x Peixe em filé frescox.x.x Peixe frescox.x.x Peixe salgado,8254,,,,
1995,82,Grupo - Pescados de água-doce,8254,8254,PEIXE SALGADO JARAQUI,,9201,,9201,9201,x.x.x Pescados de água docex.x.x Acará frescax.x.x Acari frescox.x.x Anujá frescox.x.x Curimatã frescox.x.x Dourada frescax.x.x Jaraqui frescox.x.x Lambari frescox.x.x Mapará frescox.x.x Piau frescox.x.xx Surubim frescox.x.xx Tambaqui frescox.x.xx Tilápia frescax.x.xx Traíra frescax.x.xx Tucunaré frescox.x.xx Outros pescados em filé congeladox.x.xx Outros pescados em filé frescox.x.xx Outros pescados frescosx.x.xx Outros pescados salgadosx.x Pescados não especificadosx.x.x Peixe em filé congeladox.x.x Peixe em filé frescox.x.x Peixe frescox.x.x Peixe salgado,8255,,,,
1995,82,Grupo - Pescados de água-doce,8255,8255,PEIXE EM FILÉ CONGELADO JARAQUI,,9201,,9201,9201,x.x.x Pescados de água docex.x.x Acará frescax.x.x Acari frescox.x.x Anujá frescox.x.x Curimatã frescox.x.x Dourada frescax.x.x Jaraqui frescox.x.x Lambari frescox.x.x Mapará frescox.x.x Piau frescox.x.xx Surubim frescox.x.xx Tambaqui frescox.x.xx Tilápia frescax.x.xx Traíra frescax.x.xx Tucunaré frescox.x.xx Outros pescados em filé congeladox.x.xx Outros pescados em filé frescox.x.xx Outros pescados frescosx.x.xx Outros pescados salgadosx.x Pescados não especificadosx.x.x Peixe em filé congeladox.x.x Peixe em filé frescox.x.x Peixe frescox.x.x Peixe salgado,8261,,,,
1995,82,Grupo - Pescados de água-doce,8261,8261,PEIXE INTEIRO CACHORRO,,9201,,9201,9201,x.x.x Pescados de água docex.x.x Acará frescax.x.x Acari frescox.x.x Anujá frescox.x.x Curimatã frescox.x.x Dourada frescax.x.x Jaraqui frescox.x.x Lambari frescox.x.x Mapará frescox.x.x Piau frescox.x.xx Surubim frescox.x.xx Tambaqui frescox.x.xx Tilápia frescax.x.xx Traíra frescax.x.xx Tucunaré frescox.x.xx Outros pescados em filé congeladox.x.xx Outros pescados em filé frescox.x.xx Outros pescados frescosx.x.xx Outros pescados salgadosx.x Pescados não especificadosx.x.x Peixe em filé congeladox.x.x Peixe em filé frescox.x.x Peixe frescox.x.x Peixe salgado,8262,,,,
1995,82,Grupo - Pescados de água-doce,8262,8262,PEIXE EM POSTAS CACHORRO,,9201,,9201,9201,x.x.x Pescados de água docex.x.x Acará frescax.x.x Acari frescox.x.x Anujá frescox.x.x Curimatã frescox.x.x Dourada frescax.x.x Jaraqui frescox.x.x Lambari frescox.x.x Mapará frescox.x.x Piau frescox.x.xx Surubim frescox.x.xx Tambaqui frescox.x.xx Tilápia frescax.x.xx Traíra frescax.x.xx Tucunaré frescox.x.xx Outros pescados em filé congeladox.x.xx Outros pescados em filé frescox.x.xx Outros pescados frescosx.x.xx Outros pescados salgadosx.x Pescados não especificadosx.x.x Peixe em filé congeladox.x.x Peixe em filé frescox.x.x Peixe frescox.x.x Peixe salgado,8263,,,,
1995,82,Grupo - Pescados de água-doce,8263,8263,PEIXE EM FILÉ FRESCO CACHORRO,,9201,,9201,9201,x.x.x Pescados de água docex.x.x Acará frescax.x.x Acari frescox.x.x Anujá frescox.x.x Curimatã frescox.x.x Dourada frescax.x.x Jaraqui frescox.x.x Lambari frescox.x.x Mapará frescox.x.x Piau frescox.x.xx Surubim frescox.x.xx Tambaqui frescox.x.xx Tilápia frescax.x.xx Traíra frescax.x.xx Tucunaré frescox.x.xx Outros pescados em filé congeladox.x.xx Outros pescados em filé frescox.x.xx Outros pescados frescosx.x.xx Outros pescados salgadosx.x Pescados não especificadosx.x.x Peixe em filé congeladox.x.x Peixe em filé frescox.x.x Peixe frescox.x.x Peixe salgado,8264,,,,
1995,82,Grupo - Pescados de água-doce,8264,8264,PEIXE SALGADO CACHORRO,,9201,,9201,9201,x.x.x Pescados de água docex.x.x Acará frescax.x.x Acari frescox.x.x Anujá frescox.x.x Curimatã frescox.x.x Dourada frescax.x.x Jaraqui frescox.x.x Lambari frescox.x.x Mapará frescox.x.x Piau frescox.x.xx Surubim frescox.x.xx Tambaqui frescox.x.xx Tilápia frescax.x.xx Traíra frescax.x.xx Tucunaré frescox.x.xx Outros pescados em filé congeladox.x.xx Outros pescados em filé frescox.x.xx Outros pescados frescosx.x.xx Outros pescados salgadosx.x Pescados não especificadosx.x.x Peixe em filé congeladox.x.x Peixe em filé frescox.x.x Peixe frescox.x.x Peixe salgado,8265,,,,
1995,82,Grupo - Pescados de água-doce,8265,8265,PEIXE EM FILÉ CONGELADO CACHORRO,,9201,,9201,9201,x.x.x Pescados de água docex.x.x Acará frescax.x.x Acari frescox.x.x Anujá frescox.x.x Curimatã frescox.x.x Dourada frescax.x.x Jaraqui frescox.x.x Lambari frescox.x.x Mapará frescox.x.x Piau frescox.x.xx Surubim frescox.x.xx Tambaqui frescox.x.xx Tilápia frescax.x.xx Traíra frescax.x.xx Tucunaré frescox.x.xx Outros pescados em filé congeladox.x.xx Outros pescados em filé frescox.x.xx Outros pescados frescosx.x.xx Outros pescados salgadosx.x Pescados não especificadosx.x.x Peixe em filé congeladox.x.x Peixe em filé frescox.x.x Peixe frescox.x.x Peixe salgado,8271,,,,
1995,82,Grupo - Pescados de água-doce,8271,8271,PEIXE INTEIRO PIABAHA,,9201,,9201,9201,x.x.x Pescados de água docex.x.x Acará frescax.x.x Acari frescox.x.x Anujá frescox.x.x Curimatã frescox.x.x Dourada frescax.x.x Jaraqui frescox.x.x Lambari frescox.x.x Mapará frescox.x.x Piau frescox.x.xx Surubim frescox.x.xx Tambaqui frescox.x.xx Tilápia frescax.x.xx Traíra frescax.x.xx Tucunaré frescox.x.xx Outros pescados em filé congeladox.x.xx Outros pescados em filé frescox.x.xx Outros pescados frescosx.x.xx Outros pescados salgadosx.x Pescados não especificadosx.x.x Peixe em filé congeladox.x.x Peixe em filé frescox.x.x Peixe frescox.x.x Peixe salgado,8272,,,,
1995,82,Grupo - Pescados de água-doce,8272,8272,PEIXE EM POSTAS PIABAHA,,9201,,9201,9201,x.x.x Pescados de água docex.x.x Acará frescax.x.x Acari frescox.x.x Anujá frescox.x.x Curimatã frescox.x.x Dourada frescax.x.x Jaraqui frescox.x.x Lambari frescox.x.x Mapará frescox.x.x Piau frescox.x.xx Surubim frescox.x.xx Tambaqui frescox.x.xx Tilápia frescax.x.xx Traíra frescax.x.xx Tucunaré frescox.x.xx Outros pescados em filé congeladox.x.xx Outros pescados em filé frescox.x.xx Outros pescados frescosx.x.xx Outros pescados salgadosx.x Pescados não especificadosx.x.x Peixe em filé congeladox.x.x Peixe em filé frescox.x.x Peixe frescox.x.x Peixe salgado,8273,,,,
1995,82,Grupo - Pescados de água-doce,8273,8273,PEIXE EM FILÉ FRESCO PIABAHA,,9201,,9201,9201,x.x.x Pescados de água docex.x.x Acará frescax.x.x Acari frescox.x.x Anujá frescox.x.x Curimatã frescox.x.x Dourada frescax.x.x Jaraqui frescox.x.x Lambari frescox.x.x Mapará frescox.x.x Piau frescox.x.xx Surubim frescox.x.xx Tambaqui frescox.x.xx Tilápia frescax.x.xx Traíra frescax.x.xx Tucunaré frescox.x.xx Outros pescados em filé congeladox.x.xx Outros pescados em filé frescox.x.xx Outros pescados frescosx.x.xx Outros pescados salgadosx.x Pescados não especificadosx.x.x Peixe em filé congeladox.x.x Peixe em filé frescox.x.x Peixe frescox.x.x Peixe salgado,8274,,,,
1995,82,Grupo - Pescados de água-doce,8274,8274,PEIXE SALGADO PIABAHA,,9201,,9201,9201,x.x.x Pescados de água docex.x.x Acará frescax.x.x Acari frescox.x.x Anujá frescox.x.x Curimatã frescox.x.x Dourada frescax.x.x Jaraqui frescox.x.x Lambari frescox.x.x Mapará frescox.x.x Piau frescox.x.xx Surubim frescox.x.xx Tambaqui frescox.x.xx Tilápia frescax.x.xx Traíra frescax.x.xx Tucunaré frescox.x.xx Outros pescados em filé congeladox.x.xx Outros pescados em filé frescox.x.xx Outros pescados frescosx.x.xx Outros pescados salgadosx.x Pescados não especificadosx.x.x Peixe em filé congeladox.x.x Peixe em filé frescox.x.x Peixe frescox.x.x Peixe salgado,8275,,,,
1995,82,Grupo - Pescados de água-doce,8275,8275,PEIXE EM FILÉ CONGELADO PIABANHA,,9201,,9201,9201,x.x.x Pescados de água docex.x.x Acará frescax.x.x Acari frescox.x.x Anujá frescox.x.x Curimatã frescox.x.x Dourada frescax.x.x Jaraqui frescox.x.x Lambari frescox.x.x Mapará frescox.x.x Piau frescox.x.xx Surubim frescox.x.xx Tambaqui frescox.x.xx Tilápia frescax.x.xx Traíra frescax.x.xx Tucunaré frescox.x.xx Outros pescados em filé congeladox.x.xx Outros pescados em filé frescox.x.xx Outros pescados frescosx.x.xx Outros pescados salgadosx.x Pescados não especificadosx.x.x Peixe em filé congeladox.x.x Peixe em filé frescox.x.x Peixe frescox.x.x Peixe salgado,8281,,,,
1995,82,Grupo - Pescados de água-doce,8281,8281,PEIXE INTEIRO PIRAIBA,,9201,,9201,9201,x.x.x Pescados de água docex.x.x Acará frescax.x.x Acari frescox.x.x Anujá frescox.x.x Curimatã frescox.x.x Dourada frescax.x.x Jaraqui frescox.x.x Lambari frescox.x.x Mapará frescox.x.x Piau frescox.x.xx Surubim frescox.x.xx Tambaqui frescox.x.xx Tilápia frescax.x.xx Traíra frescax.x.xx Tucunaré frescox.x.xx Outros pescados em filé congeladox.x.xx Outros pescados em filé frescox.x.xx Outros pescados frescosx.x.xx Outros pescados salgadosx.x Pescados não especificadosx.x.x Peixe em filé congeladox.x.x Peixe em filé frescox.x.x Peixe frescox.x.x Peixe salgado,8282,,,,
1995,82,Grupo - Pescados de água-doce,8282,8282,PEIXE EM POSTAS PIRAIBA,,9201,,9201,9201,x.x.x Pescados de água docex.x.x Acará frescax.x.x Acari frescox.x.x Anujá frescox.x.x Curimatã frescox.x.x Dourada frescax.x.x Jaraqui frescox.x.x Lambari frescox.x.x Mapará frescox.x.x Piau frescox.x.xx Surubim frescox.x.xx Tambaqui frescox.x.xx Tilápia frescax.x.xx Traíra frescax.x.xx Tucunaré frescox.x.xx Outros pescados em filé congeladox.x.xx Outros pescados em filé frescox.x.xx Outros pescados frescosx.x.xx Outros pescados salgadosx.x Pescados não especificadosx.x.x Peixe em filé congeladox.x.x Peixe em filé frescox.x.x Peixe frescox.x.x Peixe salgado,8283,,,,
1995,82,Grupo - Pescados de água-doce,8283,8283,PEIXE EM FILÉ FRESCO PIRAIBA,,9201,,9201,9201,x.x.x Pescados de água docex.x.x Acará frescax.x.x Acari frescox.x.x Anujá frescox.x.x Curimatã frescox.x.x Dourada frescax.x.x Jaraqui frescox.x.x Lambari frescox.x.x Mapará frescox.x.x Piau frescox.x.xx Surubim frescox.x.xx Tambaqui frescox.x.xx Tilápia frescax.x.xx Traíra frescax.x.xx Tucunaré frescox.x.xx Outros pescados em filé congeladox.x.xx Outros pescados em filé frescox.x.xx Outros pescados frescosx.x.xx Outros pescados salgadosx.x Pescados não especificadosx.x.x Peixe em filé congeladox.x.x Peixe em filé frescox.x.x Peixe frescox.x.x Peixe salgado,8284,,,,
1995,82,Grupo - Pescados de água-doce,8284,8284,PEIXE SALGADO PIRAIBA,,9201,,9201,9201,x.x.x Pescados de água docex.x.x Acará frescax.x.x Acari frescox.x.x Anujá frescox.x.x Curimatã frescox.x.x Dourada frescax.x.x Jaraqui frescox.x.x Lambari frescox.x.x Mapará frescox.x.x Piau frescox.x.xx Surubim frescox.x.xx Tambaqui frescox.x.xx Tilápia frescax.x.xx Traíra frescax.x.xx Tucunaré frescox.x.xx Outros pescados em filé congeladox.x.xx Outros pescados em filé frescox.x.xx Outros pescados frescosx.x.xx Outros pescados salgadosx.x Pescados não especificadosx.x.x Peixe em filé congeladox.x.x Peixe em filé frescox.x.x Peixe frescox.x.x Peixe salgado,8285,,,,
1995,82,Grupo - Pescados de água-doce,8285,8285,PEIXE EM FILÉ CONGELADO PIRAIBA,,9201,,9201,9201,x.x.x Pescados de água docex.x.x Acará frescax.x.x Acari frescox.x.x Anujá frescox.x.x Curimatã frescox.x.x Dourada frescax.x.x Jaraqui frescox.x.x Lambari frescox.x.x Mapará frescox.x.x Piau frescox.x.xx Surubim frescox.x.xx Tambaqui frescox.x.xx Tilápia frescax.x.xx Traíra frescax.x.xx Tucunaré frescox.x.xx Outros pescados em filé congeladox.x.xx Outros pescados em filé frescox.x.xx Outros pescados frescosx.x.xx Outros pescados salgadosx.x Pescados não especificadosx.x.x Peixe em filé congeladox.x.x Peixe em filé frescox.x.x Peixe frescox.x.x Peixe salgado,8291,,,,
1995,82,Grupo - Pescados de água-doce,8291,8291,PEIXE INTEIRO BACÚ,,9201,,9201,9201,x.x.x Pescados de água docex.x.x Acará frescax.x.x Acari frescox.x.x Anujá frescox.x.x Curimatã frescox.x.x Dourada frescax.x.x Jaraqui frescox.x.x Lambari frescox.x.x Mapará frescox.x.x Piau frescox.x.xx Surubim frescox.x.xx Tambaqui frescox.x.xx Tilápia frescax.x.xx Traíra frescax.x.xx Tucunaré frescox.x.xx Outros pescados em filé congeladox.x.xx Outros pescados em filé frescox.x.xx Outros pescados frescosx.x.xx Outros pescados salgadosx.x Pescados não especificadosx.x.x Peixe em filé congeladox.x.x Peixe em filé frescox.x.x Peixe frescox.x.x Peixe salgado,8292,,,,
1995,82,Grupo - Pescados de água-doce,8292,8292,PEIXE EM POSTAS BACÚ,,9201,,9201,9201,x.x.x Pescados de água docex.x.x Acará frescax.x.x Acari frescox.x.x Anujá frescox.x.x Curimatã frescox.x.x Dourada frescax.x.x Jaraqui frescox.x.x Lambari frescox.x.x Mapará frescox.x.x Piau frescox.x.xx Surubim frescox.x.xx Tambaqui frescox.x.xx Tilápia frescax.x.xx Traíra frescax.x.xx Tucunaré frescox.x.xx Outros pescados em filé congeladox.x.xx Outros pescados em filé frescox.x.xx Outros pescados frescosx.x.xx Outros pescados salgadosx.x Pescados não especificadosx.x.x Peixe em filé congeladox.x.x Peixe em filé frescox.x.x Peixe frescox.x.x Peixe salgado,8293,,,,
1995,82,Grupo - Pescados de água-doce,8293,8293,PEIXE EM FILÉ FRESCO BACÚ,,9201,,9201,9201,x.x.x Pescados de água docex.x.x Acará frescax.x.x Acari frescox.x.x Anujá frescox.x.x Curimatã frescox.x.x Dourada frescax.x.x Jaraqui frescox.x.x Lambari frescox.x.x Mapará frescox.x.x Piau frescox.x.xx Surubim frescox.x.xx Tambaqui frescox.x.xx Tilápia frescax.x.xx Traíra frescax.x.xx Tucunaré frescox.x.xx Outros pescados em filé congeladox.x.xx Outros pescados em filé frescox.x.xx Outros pescados frescosx.x.xx Outros pescados salgadosx.x Pescados não especificadosx.x.x Peixe em filé congeladox.x.x Peixe em filé frescox.x.x Peixe frescox.x.x Peixe salgado,8294,,,,
1995,82,Grupo - Pescados de água-doce,8294,8294,PEIXE SALGADO BACÚ,,9201,,9201,9201,x.x.x Pescados de água docex.x.x Acará frescax.x.x Acari frescox.x.x Anujá frescox.x.x Curimatã frescox.x.x Dourada frescax.x.x Jaraqui frescox.x.x Lambari frescox.x.x Mapará frescox.x.x Piau frescox.x.xx Surubim frescox.x.xx Tambaqui frescox.x.xx Tilápia frescax.x.xx Traíra frescax.x.xx Tucunaré frescox.x.xx Outros pescados em filé congeladox.x.xx Outros pescados em filé frescox.x.xx Outros pescados frescosx.x.xx Outros pescados salgadosx.x Pescados não especificadosx.x.x Peixe em filé congeladox.x.x Peixe em filé frescox.x.x Peixe frescox.x.x Peixe salgado,8295,,,,
1995,82,Grupo - Pescados de água-doce,8295,8295,PEIXE EM FILÉ CONGELADO BACÚ,,9201,,9201,9201,x.x.x Pescados de água docex.x.x Acará frescax.x.x Acari frescox.x.x Anujá frescox.x.x Curimatã frescox.x.x Dourada frescax.x.x Jaraqui frescox.x.x Lambari frescox.x.x Mapará frescox.x.x Piau frescox.x.xx Surubim frescox.x.xx Tambaqui frescox.x.xx Tilápia frescax.x.xx Traíra frescax.x.xx Tucunaré frescox.x.xx Outros pescados em filé congeladox.x.xx Outros pescados em filé frescox.x.xx Outros pescados frescosx.x.xx Outros pescados salgadosx.x Pescados não especificadosx.x.x Peixe em filé congeladox.x.x Peixe em filé frescox.x.x Peixe frescox.x.x Peixe salgado,8301,,,,
1995,83,Grupo - Pescados de água-doce,8301,8301,PEIXE INTEIRO PIRARARA,,9201,,9201,9201,x.x.x Pescados de água docex.x.x Acará frescax.x.x Acari frescox.x.x Anujá frescox.x.x Curimatã frescox.x.x Dourada frescax.x.x Jaraqui frescox.x.x Lambari frescox.x.x Mapará frescox.x.x Piau frescox.x.xx Surubim frescox.x.xx Tambaqui frescox.x.xx Tilápia frescax.x.xx Traíra frescax.x.xx Tucunaré frescox.x.xx Outros pescados em filé congeladox.x.xx Outros pescados em filé frescox.x.xx Outros pescados frescosx.x.xx Outros pescados salgadosx.x Pescados não especificadosx.x.x Peixe em filé congeladox.x.x Peixe em filé frescox.x.x Peixe frescox.x.x Peixe salgado,8302,,,,
1995,83,Grupo - Pescados de água-doce,8302,8302,PEIXE EM POSTAS PIRARARA,,9201,,9201,9201,x.x.x Pescados de água docex.x.x Acará frescax.x.x Acari frescox.x.x Anujá frescox.x.x Curimatã frescox.x.x Dourada frescax.x.x Jaraqui frescox.x.x Lambari frescox.x.x Mapará frescox.x.x Piau frescox.x.xx Surubim frescox.x.xx Tambaqui frescox.x.xx Tilápia frescax.x.xx Traíra frescax.x.xx Tucunaré frescox.x.xx Outros pescados em filé congeladox.x.xx Outros pescados em filé frescox.x.xx Outros pescados frescosx.x.xx Outros pescados salgadosx.x Pescados não especificadosx.x.x Peixe em filé congeladox.x.x Peixe em filé frescox.x.x Peixe frescox.x.x Peixe salgado,8303,,,,
1995,83,Grupo - Pescados de água-doce,8303,8303,PEIXE EM FILÉ FRESCO PIRARARA,,9201,,9201,9201,x.x.x Pescados de água docex.x.x Acará frescax.x.x Acari frescox.x.x Anujá frescox.x.x Curimatã frescox.x.x Dourada frescax.x.x Jaraqui frescox.x.x Lambari frescox.x.x Mapará frescox.x.x Piau frescox.x.xx Surubim frescox.x.xx Tambaqui frescox.x.xx Tilápia frescax.x.xx Traíra frescax.x.xx Tucunaré frescox.x.xx Outros pescados em filé congeladox.x.xx Outros pescados em filé frescox.x.xx Outros pescados frescosx.x.xx Outros pescados salgadosx.x Pescados não especificadosx.x.x Peixe em filé congeladox.x.x Peixe em filé frescox.x.x Peixe frescox.x.x Peixe salgado,8304,,,,
1995,83,Grupo - Pescados de água-doce,8304,8304,PEIXE SALGADO PIRARARA,,9201,,9201,9201,x.x.x Pescados de água docex.x.x Acará frescax.x.x Acari frescox.x.x Anujá frescox.x.x Curimatã frescox.x.x Dourada frescax.x.x Jaraqui frescox.x.x Lambari frescox.x.x Mapará frescox.x.x Piau frescox.x.xx Surubim frescox.x.xx Tambaqui frescox.x.xx Tilápia frescax.x.xx Traíra frescax.x.xx Tucunaré frescox.x.xx Outros pescados em filé congeladox.x.xx Outros pescados em filé frescox.x.xx Outros pescados frescosx.x.xx Outros pescados salgadosx.x Pescados não especificadosx.x.x Peixe em filé congeladox.x.x Peixe em filé frescox.x.x Peixe frescox.x.x Peixe salgado,8305,,,,
1995,83,Grupo - Pescados de água-doce,8305,8305,PEIXE EM FILÉ CONGELADO PIRARARA,,9201,,9201,9201,x.x.x Pescados de água docex.x.x Acará frescax.x.x Acari frescox.x.x Anujá frescox.x.x Curimatã frescox.x.x Dourada frescax.x.x Jaraqui frescox.x.x Lambari frescox.x.x Mapará frescox.x.x Piau frescox.x.xx Surubim frescox.x.xx Tambaqui frescox.x.xx Tilápia frescax.x.xx Traíra frescax.x.xx Tucunaré frescox.x.xx Outros pescados em filé congeladox.x.xx Outros pescados em filé frescox.x.xx Outros pescados frescosx.x.xx Outros pescados salgadosx.x Pescados não especificadosx.x.x Peixe em filé congeladox.x.x Peixe em filé frescox.x.x Peixe frescox.x.x Peixe salgado,8311,,,,
1995,83,Grupo - Pescados de água-doce,8311,8311,PEIXE INTEIRO PACAMÃO DE AGUA DOCE,,9201,,9201,9201,x.x.x Pescados de água docex.x.x Acará frescax.x.x Acari frescox.x.x Anujá frescox.x.x Curimatã frescox.x.x Dourada frescax.x.x Jaraqui frescox.x.x Lambari frescox.x.x Mapará frescox.x.x Piau frescox.x.xx Surubim frescox.x.xx Tambaqui frescox.x.xx Tilápia frescax.x.xx Traíra frescax.x.xx Tucunaré frescox.x.xx Outros pescados em filé congeladox.x.xx Outros pescados em filé frescox.x.xx Outros pescados frescosx.x.xx Outros pescados salgadosx.x Pescados não especificadosx.x.x Peixe em filé congeladox.x.x Peixe em filé frescox.x.x Peixe frescox.x.x Peixe salgado,8312,,,,
1995,83,Grupo - Pescados de água-doce,8312,8312,PEIXE EM POSTAS PACAMÃO DE AGUA DOCE,,9201,,9201,9201,x.x.x Pescados de água docex.x.x Acará frescax.x.x Acari frescox.x.x Anujá frescox.x.x Curimatã frescox.x.x Dourada frescax.x.x Jaraqui frescox.x.x Lambari frescox.x.x Mapará frescox.x.x Piau frescox.x.xx Surubim frescox.x.xx Tambaqui frescox.x.xx Tilápia frescax.x.xx Traíra frescax.x.xx Tucunaré frescox.x.xx Outros pescados em filé congeladox.x.xx Outros pescados em filé frescox.x.xx Outros pescados frescosx.x.xx Outros pescados salgadosx.x Pescados não especificadosx.x.x Peixe em filé congeladox.x.x Peixe em filé frescox.x.x Peixe frescox.x.x Peixe salgado,8313,,,,
1995,83,Grupo - Pescados de água-doce,8313,8313,PEIXE EM FILÉ FRESCO PACAMÃO DE ÁGUA DOCE,,9201,,9201,9201,x.x.x Pescados de água docex.x.x Acará frescax.x.x Acari frescox.x.x Anujá frescox.x.x Curimatã frescox.x.x Dourada frescax.x.x Jaraqui frescox.x.x Lambari frescox.x.x Mapará frescox.x.x Piau frescox.x.xx Surubim frescox.x.xx Tambaqui frescox.x.xx Tilápia frescax.x.xx Traíra frescax.x.xx Tucunaré frescox.x.xx Outros pescados em filé congeladox.x.xx Outros pescados em filé frescox.x.xx Outros pescados frescosx.x.xx Outros pescados salgadosx.x Pescados não especificadosx.x.x Peixe em filé congeladox.x.x Peixe em filé frescox.x.x Peixe frescox.x.x Peixe salgado,8314,,,,
1995,83,Grupo - Pescados de água-doce,8314,8314,PEIXE SALGADO PACAMÃO DE ÁGUA DOCE,,9201,,9201,9201,x.x.x Pescados de água docex.x.x Acará frescax.x.x Acari frescox.x.x Anujá frescox.x.x Curimatã frescox.x.x Dourada frescax.x.x Jaraqui frescox.x.x Lambari frescox.x.x Mapará frescox.x.x Piau frescox.x.xx Surubim frescox.x.xx Tambaqui frescox.x.xx Tilápia frescax.x.xx Traíra frescax.x.xx Tucunaré frescox.x.xx Outros pescados em filé congeladox.x.xx Outros pescados em filé frescox.x.xx Outros pescados frescosx.x.xx Outros pescados salgadosx.x Pescados não especificadosx.x.x Peixe em filé congeladox.x.x Peixe em filé frescox.x.x Peixe frescox.x.x Peixe salgado,8315,,,,
1995,83,Grupo - Pescados de água-doce,8315,8315,PEIXE EM FILÉ CONGE PACAMÃO DE ÁGUA DOCE,,9201,,9201,9201,x.x.x Pescados de água docex.x.x Acará frescax.x.x Acari frescox.x.x Anujá frescox.x.x Curimatã frescox.x.x Dourada frescax.x.x Jaraqui frescox.x.x Lambari frescox.x.x Mapará frescox.x.x Piau frescox.x.xx Surubim frescox.x.xx Tambaqui frescox.x.xx Tilápia frescax.x.xx Traíra frescax.x.xx Tucunaré frescox.x.xx Outros pescados em filé congeladox.x.xx Outros pescados em filé frescox.x.xx Outros pescados frescosx.x.xx Outros pescados salgadosx.x Pescados não especificadosx.x.x Peixe em filé congeladox.x.x Peixe em filé frescox.x.x Peixe frescox.x.x Peixe salgado,8321,,,,
1995,83,Grupo - Pescados de água-doce,8321,8321,PEIXE INTEIRO DOURADO,,9201,,9201,9201,x.x.x Pescados de água docex.x.x Acará frescax.x.x Acari frescox.x.x Anujá frescox.x.x Curimatã frescox.x.x Dourada frescax.x.x Jaraqui frescox.x.x Lambari frescox.x.x Mapará frescox.x.x Piau frescox.x.xx Surubim frescox.x.xx Tambaqui frescox.x.xx Tilápia frescax.x.xx Traíra frescax.x.xx Tucunaré frescox.x.xx Outros pescados em filé congeladox.x.xx Outros pescados em filé frescox.x.xx Outros pescados frescosx.x.xx Outros pescados salgadosx.x Pescados não especificadosx.x.x Peixe em filé congeladox.x.x Peixe em filé frescox.x.x Peixe frescox.x.x Peixe salgado,8322,,,,
1995,83,Grupo - Pescados de água-doce,8322,8322,PEIXE EM POSTAS DOURADO,,9201,,9201,9201,x.x.x Pescados de água docex.x.x Acará frescax.x.x Acari frescox.x.x Anujá frescox.x.x Curimatã frescox.x.x Dourada frescax.x.x Jaraqui frescox.x.x Lambari frescox.x.x Mapará frescox.x.x Piau frescox.x.xx Surubim frescox.x.xx Tambaqui frescox.x.xx Tilápia frescax.x.xx Traíra frescax.x.xx Tucunaré frescox.x.xx Outros pescados em filé congeladox.x.xx Outros pescados em filé frescox.x.xx Outros pescados frescosx.x.xx Outros pescados salgadosx.x Pescados não especificadosx.x.x Peixe em filé congeladox.x.x Peixe em filé frescox.x.x Peixe frescox.x.x Peixe salgado,8323,,,,
1995,83,Grupo - Pescados de água-doce,8323,8323,PEIXE EM FILÉ FRESCO DOURADO,,9201,,9201,9201,x.x.x Pescados de água docex.x.x Acará frescax.x.x Acari frescox.x.x Anujá frescox.x.x Curimatã frescox.x.x Dourada frescax.x.x Jaraqui frescox.x.x Lambari frescox.x.x Mapará frescox.x.x Piau frescox.x.xx Surubim frescox.x.xx Tambaqui frescox.x.xx Tilápia frescax.x.xx Traíra frescax.x.xx Tucunaré frescox.x.xx Outros pescados em filé congeladox.x.xx Outros pescados em filé frescox.x.xx Outros pescados frescosx.x.xx Outros pescados salgadosx.x Pescados não especificadosx.x.x Peixe em filé congeladox.x.x Peixe em filé frescox.x.x Peixe frescox.x.x Peixe salgado,8324,,,,
1995,83,Grupo - Pescados de água-doce,8324,8324,PEIXE SALGADO DOURADO,,9201,,9201,9201,x.x.x Pescados de água docex.x.x Acará frescax.x.x Acari frescox.x.x Anujá frescox.x.x Curimatã frescox.x.x Dourada frescax.x.x Jaraqui frescox.x.x Lambari frescox.x.x Mapará frescox.x.x Piau frescox.x.xx Surubim frescox.x.xx Tambaqui frescox.x.xx Tilápia frescax.x.xx Traíra frescax.x.xx Tucunaré frescox.x.xx Outros pescados em filé congeladox.x.xx Outros pescados em filé frescox.x.xx Outros pescados frescosx.x.xx Outros pescados salgadosx.x Pescados não especificadosx.x.x Peixe em filé congeladox.x.x Peixe em filé frescox.x.x Peixe frescox.x.x Peixe salgado,8325,,,,
1995,83,Grupo - Pescados de água-doce,8325,8325,PEIXE EM FILÉ CONGELADO DOURADO,,9201,,9201,9201,x.x.x Pescados de água docex.x.x Acará frescax.x.x Acari frescox.x.x Anujá frescox.x.x Curimatã frescox.x.x Dourada frescax.x.x Jaraqui frescox.x.x Lambari frescox.x.x Mapará frescox.x.x Piau frescox.x.xx Surubim frescox.x.xx Tambaqui frescox.x.xx Tilápia frescax.x.xx Traíra frescax.x.xx Tucunaré frescox.x.xx Outros pescados em filé congeladox.x.xx Outros pescados em filé frescox.x.xx Outros pescados frescosx.x.xx Outros pescados salgadosx.x Pescados não especificadosx.x.x Peixe em filé congeladox.x.x Peixe em filé frescox.x.x Peixe frescox.x.x Peixe salgado,8331,,,,
1995,83,Grupo - Pescados de água-doce,8331,8331,PEIXE INTEIRO PIRANAMBU,,9201,,9201,9201,x.x.x Pescados de água docex.x.x Acará frescax.x.x Acari frescox.x.x Anujá frescox.x.x Curimatã frescox.x.x Dourada frescax.x.x Jaraqui frescox.x.x Lambari frescox.x.x Mapará frescox.x.x Piau frescox.x.xx Surubim frescox.x.xx Tambaqui frescox.x.xx Tilápia frescax.x.xx Traíra frescax.x.xx Tucunaré frescox.x.xx Outros pescados em filé congeladox.x.xx Outros pescados em filé frescox.x.xx Outros pescados frescosx.x.xx Outros pescados salgadosx.x Pescados não especificadosx.x.x Peixe em filé congeladox.x.x Peixe em filé frescox.x.x Peixe frescox.x.x Peixe salgado,8332,,,,
1995,83,Grupo - Pescados de água-doce,8332,8332,PEIXE EM POSTAS PIRANAMBU,,9201,,9201,9201,x.x.x Pescados de água docex.x.x Acará frescax.x.x Acari frescox.x.x Anujá frescox.x.x Curimatã frescox.x.x Dourada frescax.x.x Jaraqui frescox.x.x Lambari frescox.x.x Mapará frescox.x.x Piau frescox.x.xx Surubim frescox.x.xx Tambaqui frescox.x.xx Tilápia frescax.x.xx Traíra frescax.x.xx Tucunaré frescox.x.xx Outros pescados em filé congeladox.x.xx Outros pescados em filé frescox.x.xx Outros pescados frescosx.x.xx Outros pescados salgadosx.x Pescados não especificadosx.x.x Peixe em filé congeladox.x.x Peixe em filé frescox.x.x Peixe frescox.x.x Peixe salgado,8333,,,,
1995,83,Grupo - Pescados de água-doce,8333,8333,PEIXE EM FILÉ FRESCO PIRANAMBU,,9201,,9201,9201,x.x.x Pescados de água docex.x.x Acará frescax.x.x Acari frescox.x.x Anujá frescox.x.x Curimatã frescox.x.x Dourada frescax.x.x Jaraqui frescox.x.x Lambari frescox.x.x Mapará frescox.x.x Piau frescox.x.xx Surubim frescox.x.xx Tambaqui frescox.x.xx Tilápia frescax.x.xx Traíra frescax.x.xx Tucunaré frescox.x.xx Outros pescados em filé congeladox.x.xx Outros pescados em filé frescox.x.xx Outros pescados frescosx.x.xx Outros pescados salgadosx.x Pescados não especificadosx.x.x Peixe em filé congeladox.x.x Peixe em filé frescox.x.x Peixe frescox.x.x Peixe salgado,8334,,,,
1995,83,Grupo - Pescados de água-doce,8334,8334,PEIXE SALGADO PIRANAMBU,,9201,,9201,9201,x.x.x Pescados de água docex.x.x Acará frescax.x.x Acari frescox.x.x Anujá frescox.x.x Curimatã frescox.x.x Dourada frescax.x.x Jaraqui frescox.x.x Lambari frescox.x.x Mapará frescox.x.x Piau frescox.x.xx Surubim frescox.x.xx Tambaqui frescox.x.xx Tilápia frescax.x.xx Traíra frescax.x.xx Tucunaré frescox.x.xx Outros pescados em filé congeladox.x.xx Outros pescados em filé frescox.x.xx Outros pescados frescosx.x.xx Outros pescados salgadosx.x Pescados não especificadosx.x.x Peixe em filé congeladox.x.x Peixe em filé frescox.x.x Peixe frescox.x.x Peixe salgado,8335,,,,
1995,83,Grupo - Pescados de água-doce,8335,8335,PEIXE EM FILÉ CONGELADO PIRANAMBU,,9201,,9201,9201,x.x.x Pescados de água docex.x.x Acará frescax.x.x Acari frescox.x.x Anujá frescox.x.x Curimatã frescox.x.x Dourada frescax.x.x Jaraqui frescox.x.x Lambari frescox.x.x Mapará frescox.x.x Piau frescox.x.xx Surubim frescox.x.xx Tambaqui frescox.x.xx Tilápia frescax.x.xx Traíra frescax.x.xx Tucunaré frescox.x.xx Outros pescados em filé congeladox.x.xx Outros pescados em filé frescox.x.xx Outros pescados frescosx.x.xx Outros pescados salgadosx.x Pescados não especificadosx.x.x Peixe em filé congeladox.x.x Peixe em filé frescox.x.x Peixe frescox.x.x Peixe salgado,8341,,,,
1995,83,Grupo - Pescados de água-doce,8341,8341,PEIXE INTEIRO FIDALGO,,9201,,9201,9201,x.x.x Pescados de água docex.x.x Acará frescax.x.x Acari frescox.x.x Anujá frescox.x.x Curimatã frescox.x.x Dourada frescax.x.x Jaraqui frescox.x.x Lambari frescox.x.x Mapará frescox.x.x Piau frescox.x.xx Surubim frescox.x.xx Tambaqui frescox.x.xx Tilápia frescax.x.xx Traíra frescax.x.xx Tucunaré frescox.x.xx Outros pescados em filé congeladox.x.xx Outros pescados em filé frescox.x.xx Outros pescados frescosx.x.xx Outros pescados salgadosx.x Pescados não especificadosx.x.x Peixe em filé congeladox.x.x Peixe em filé frescox.x.x Peixe frescox.x.x Peixe salgado,8342,,,,
1995,83,Grupo - Pescados de água-doce,8342,8342,PEIXE EM POSTAS FIDALGO,,9201,,9201,9201,x.x.x Pescados de água docex.x.x Acará frescax.x.x Acari frescox.x.x Anujá frescox.x.x Curimatã frescox.x.x Dourada frescax.x.x Jaraqui frescox.x.x Lambari frescox.x.x Mapará frescox.x.x Piau frescox.x.xx Surubim frescox.x.xx Tambaqui frescox.x.xx Tilápia frescax.x.xx Traíra frescax.x.xx Tucunaré frescox.x.xx Outros pescados em filé congeladox.x.xx Outros pescados em filé frescox.x.xx Outros pescados frescosx.x.xx Outros pescados salgadosx.x Pescados não especificadosx.x.x Peixe em filé congeladox.x.x Peixe em filé frescox.x.x Peixe frescox.x.x Peixe salgado,8343,,,,
1995,83,Grupo - Pescados de água-doce,8343,8343,PEIXE EM FILÉ FRESCO FIDALGO,,9201,,9201,9201,x.x.x Pescados de água docex.x.x Acará frescax.x.x Acari frescox.x.x Anujá frescox.x.x Curimatã frescox.x.x Dourada frescax.x.x Jaraqui frescox.x.x Lambari frescox.x.x Mapará frescox.x.x Piau frescox.x.xx Surubim frescox.x.xx Tambaqui frescox.x.xx Tilápia frescax.x.xx Traíra frescax.x.xx Tucunaré frescox.x.xx Outros pescados em filé congeladox.x.xx Outros pescados em filé frescox.x.xx Outros pescados frescosx.x.xx Outros pescados salgadosx.x Pescados não especificadosx.x.x Peixe em filé congeladox.x.x Peixe em filé frescox.x.x Peixe frescox.x.x Peixe salgado,8344,,,,
1995,83,Grupo - Pescados de água-doce,8344,8344,PEIXE SALGADO FIDALGO,,9201,,9201,9201,x.x.x Pescados de água docex.x.x Acará frescax.x.x Acari frescox.x.x Anujá frescox.x.x Curimatã frescox.x.x Dourada frescax.x.x Jaraqui frescox.x.x Lambari frescox.x.x Mapará frescox.x.x Piau frescox.x.xx Surubim frescox.x.xx Tambaqui frescox.x.xx Tilápia frescax.x.xx Traíra frescax.x.xx Tucunaré frescox.x.xx Outros pescados em filé congeladox.x.xx Outros pescados em filé frescox.x.xx Outros pescados frescosx.x.xx Outros pescados salgadosx.x Pescados não especificadosx.x.x Peixe em filé congeladox.x.x Peixe em filé frescox.x.x Peixe frescox.x.x Peixe salgado,8345,,,,
1995,83,Grupo - Pescados de água-doce,8345,8345,PEIXE EM FILÉ CONGELADO FIDALGO,,9201,,9201,9201,x.x.x Pescados de água docex.x.x Acará frescax.x.x Acari frescox.x.x Anujá frescox.x.x Curimatã frescox.x.x Dourada frescax.x.x Jaraqui frescox.x.x Lambari frescox.x.x Mapará frescox.x.x Piau frescox.x.xx Surubim frescox.x.xx Tambaqui frescox.x.xx Tilápia frescax.x.xx Traíra frescax.x.xx Tucunaré frescox.x.xx Outros pescados em filé congeladox.x.xx Outros pescados em filé frescox.x.xx Outros pescados frescosx.x.xx Outros pescados salgadosx.x Pescados não especificadosx.x.x Peixe em filé congeladox.x.x Peixe em filé frescox.x.x Peixe frescox.x.x Peixe salgado,8351,,,,
1995,83,Grupo - Pescados de água-doce,8351,8351,PEIXE INTEIRO TABARANA,,9201,,9201,9201,x.x.x Pescados de água docex.x.x Acará frescax.x.x Acari frescox.x.x Anujá frescox.x.x Curimatã frescox.x.x Dourada frescax.x.x Jaraqui frescox.x.x Lambari frescox.x.x Mapará frescox.x.x Piau frescox.x.xx Surubim frescox.x.xx Tambaqui frescox.x.xx Tilápia frescax.x.xx Traíra frescax.x.xx Tucunaré frescox.x.xx Outros pescados em filé congeladox.x.xx Outros pescados em filé frescox.x.xx Outros pescados frescosx.x.xx Outros pescados salgadosx.x Pescados não especificadosx.x.x Peixe em filé congeladox.x.x Peixe em filé frescox.x.x Peixe frescox.x.x Peixe salgado,8352,,,,
1995,83,Grupo - Pescados de água-doce,8352,8352,PEIXE EM POSTAS TABARANA,,9201,,9201,9201,x.x.x Pescados de água docex.x.x Acará frescax.x.x Acari frescox.x.x Anujá frescox.x.x Curimatã frescox.x.x Dourada frescax.x.x Jaraqui frescox.x.x Lambari frescox.x.x Mapará frescox.x.x Piau frescox.x.xx Surubim frescox.x.xx Tambaqui frescox.x.xx Tilápia frescax.x.xx Traíra frescax.x.xx Tucunaré frescox.x.xx Outros pescados em filé congeladox.x.xx Outros pescados em filé frescox.x.xx Outros pescados frescosx.x.xx Outros pescados salgadosx.x Pescados não especificadosx.x.x Peixe em filé congeladox.x.x Peixe em filé frescox.x.x Peixe frescox.x.x Peixe salgado,8353,,,,
1995,83,Grupo - Pescados de água-doce,8353,8353,PEIXE EM FILE FRESCO TABARANA,,9201,,9201,9201,x.x.x Pescados de água docex.x.x Acará frescax.x.x Acari frescox.x.x Anujá frescox.x.x Curimatã frescox.x.x Dourada frescax.x.x Jaraqui frescox.x.x Lambari frescox.x.x Mapará frescox.x.x Piau frescox.x.xx Surubim frescox.x.xx Tambaqui frescox.x.xx Tilápia frescax.x.xx Traíra frescax.x.xx Tucunaré frescox.x.xx Outros pescados em filé congeladox.x.xx Outros pescados em filé frescox.x.xx Outros pescados frescosx.x.xx Outros pescados salgadosx.x Pescados não especificadosx.x.x Peixe em filé congeladox.x.x Peixe em filé frescox.x.x Peixe frescox.x.x Peixe salgado,8354,,,,
1995,83,Grupo - Pescados de água-doce,8354,8354,PEIXE SALGADO TABARANA,,9201,,9201,9201,x.x.x Pescados de água docex.x.x Acará frescax.x.x Acari frescox.x.x Anujá frescox.x.x Curimatã frescox.x.x Dourada frescax.x.x Jaraqui frescox.x.x Lambari frescox.x.x Mapará frescox.x.x Piau frescox.x.xx Surubim frescox.x.xx Tambaqui frescox.x.xx Tilápia frescax.x.xx Traíra frescax.x.xx Tucunaré frescox.x.xx Outros pescados em filé congeladox.x.xx Outros pescados em filé frescox.x.xx Outros pescados frescosx.x.xx Outros pescados salgadosx.x Pescados não especificadosx.x.x Peixe em filé congeladox.x.x Peixe em filé frescox.x.x Peixe frescox.x.x Peixe salgado,8355,,,,
1995,83,Grupo - Pescados de água-doce,8355,8355,PEIXE EM FILÉ CONGELADO TABARANA,,9201,,9201,9201,x.x.x Pescados de água docex.x.x Acará frescax.x.x Acari frescox.x.x Anujá frescox.x.x Curimatã frescox.x.x Dourada frescax.x.x Jaraqui frescox.x.x Lambari frescox.x.x Mapará frescox.x.x Piau frescox.x.xx Surubim frescox.x.xx Tambaqui frescox.x.xx Tilápia frescax.x.xx Traíra frescax.x.xx Tucunaré frescox.x.xx Outros pescados em filé congeladox.x.xx Outros pescados em filé frescox.x.xx Outros pescados frescosx.x.xx Outros pescados salgadosx.x Pescados não especificadosx.x.x Peixe em filé congeladox.x.x Peixe em filé frescox.x.x Peixe frescox.x.x Peixe salgado,8361,,,,
1995,83,Grupo - Pescados de água-doce,8361,8361,PEIXE INTEIRO MANDUBE,,9201,,9201,9201,x.x.x Pescados de água docex.x.x Acará frescax.x.x Acari frescox.x.x Anujá frescox.x.x Curimatã frescox.x.x Dourada frescax.x.x Jaraqui frescox.x.x Lambari frescox.x.x Mapará frescox.x.x Piau frescox.x.xx Surubim frescox.x.xx Tambaqui frescox.x.xx Tilápia frescax.x.xx Traíra frescax.x.xx Tucunaré frescox.x.xx Outros pescados em filé congeladox.x.xx Outros pescados em filé frescox.x.xx Outros pescados frescosx.x.xx Outros pescados salgadosx.x Pescados não especificadosx.x.x Peixe em filé congeladox.x.x Peixe em filé frescox.x.x Peixe frescox.x.x Peixe salgado,8362,,,,
1995,83,Grupo - Pescados de água-doce,8362,8362,PEIXE EM POSTAS MANDUBE,,9201,,9201,9201,x.x.x Pescados de água docex.x.x Acará frescax.x.x Acari frescox.x.x Anujá frescox.x.x Curimatã frescox.x.x Dourada frescax.x.x Jaraqui frescox.x.x Lambari frescox.x.x Mapará frescox.x.x Piau frescox.x.xx Surubim frescox.x.xx Tambaqui frescox.x.xx Tilápia frescax.x.xx Traíra frescax.x.xx Tucunaré frescox.x.xx Outros pescados em filé congeladox.x.xx Outros pescados em filé frescox.x.xx Outros pescados frescosx.x.xx Outros pescados salgadosx.x Pescados não especificadosx.x.x Peixe em filé congeladox.x.x Peixe em filé frescox.x.x Peixe frescox.x.x Peixe salgado,8363,,,,
1995,83,Grupo - Pescados de água-doce,8363,8363,PEIXE EM FILÉ FRESCO MANDUBE,,9201,,9201,9201,x.x.x Pescados de água docex.x.x Acará frescax.x.x Acari frescox.x.x Anujá frescox.x.x Curimatã frescox.x.x Dourada frescax.x.x Jaraqui frescox.x.x Lambari frescox.x.x Mapará frescox.x.x Piau frescox.x.xx Surubim frescox.x.xx Tambaqui frescox.x.xx Tilápia frescax.x.xx Traíra frescax.x.xx Tucunaré frescox.x.xx Outros pescados em filé congeladox.x.xx Outros pescados em filé frescox.x.xx Outros pescados frescosx.x.xx Outros pescados salgadosx.x Pescados não especificadosx.x.x Peixe em filé congeladox.x.x Peixe em filé frescox.x.x Peixe frescox.x.x Peixe salgado,8364,,,,
1995,83,Grupo - Pescados de água-doce,8364,8364,PEIXE SALGADO MANDUBE,,9201,,9201,9201,x.x.x Pescados de água docex.x.x Acará frescax.x.x Acari frescox.x.x Anujá frescox.x.x Curimatã frescox.x.x Dourada frescax.x.x Jaraqui frescox.x.x Lambari frescox.x.x Mapará frescox.x.x Piau frescox.x.xx Surubim frescox.x.xx Tambaqui frescox.x.xx Tilápia frescax.x.xx Traíra frescax.x.xx Tucunaré frescox.x.xx Outros pescados em filé congeladox.x.xx Outros pescados em filé frescox.x.xx Outros pescados frescosx.x.xx Outros pescados salgadosx.x Pescados não especificadosx.x.x Peixe em filé congeladox.x.x Peixe em filé frescox.x.x Peixe frescox.x.x Peixe salgado,8365,,,,
1995,83,Grupo - Pescados de água-doce,8365,8365,PEIXE EM FILÉ CONGELADO MANDUBE,,9201,,9201,9201,x.x.x Pescados de água docex.x.x Acará frescax.x.x Acari frescox.x.x Anujá frescox.x.x Curimatã frescox.x.x Dourada frescax.x.x Jaraqui frescox.x.x Lambari frescox.x.x Mapará frescox.x.x Piau frescox.x.xx Surubim frescox.x.xx Tambaqui frescox.x.xx Tilápia frescax.x.xx Traíra frescax.x.xx Tucunaré frescox.x.xx Outros pescados em filé congeladox.x.xx Outros pescados em filé frescox.x.xx Outros pescados frescosx.x.xx Outros pescados salgadosx.x Pescados não especificadosx.x.x Peixe em filé congeladox.x.x Peixe em filé frescox.x.x Peixe frescox.x.x Peixe salgado,8371,,,,
1995,83,Grupo - Pescados de água-doce,8371,8371,PEIXE INTEIRO PIRAPUTANGA,,9201,,9201,9201,x.x.x Pescados de água docex.x.x Acará frescax.x.x Acari frescox.x.x Anujá frescox.x.x Curimatã frescox.x.x Dourada frescax.x.x Jaraqui frescox.x.x Lambari frescox.x.x Mapará frescox.x.x Piau frescox.x.xx Surubim frescox.x.xx Tambaqui frescox.x.xx Tilápia frescax.x.xx Traíra frescax.x.xx Tucunaré frescox.x.xx Outros pescados em filé congeladox.x.xx Outros pescados em filé frescox.x.xx Outros pescados frescosx.x.xx Outros pescados salgadosx.x Pescados não especificadosx.x.x Peixe em filé congeladox.x.x Peixe em filé frescox.x.x Peixe frescox.x.x Peixe salgado,8372,,,,
1995,83,Grupo - Pescados de água-doce,8372,8372,PEIXE EM POSTAS PIRAPUTANGA,,9201,,9201,9201,x.x.x Pescados de água docex.x.x Acará frescax.x.x Acari frescox.x.x Anujá frescox.x.x Curimatã frescox.x.x Dourada frescax.x.x Jaraqui frescox.x.x Lambari frescox.x.x Mapará frescox.x.x Piau frescox.x.xx Surubim frescox.x.xx Tambaqui frescox.x.xx Tilápia frescax.x.xx Traíra frescax.x.xx Tucunaré frescox.x.xx Outros pescados em filé congeladox.x.xx Outros pescados em filé frescox.x.xx Outros pescados frescosx.x.xx Outros pescados salgadosx.x Pescados não especificadosx.x.x Peixe em filé congeladox.x.x Peixe em filé frescox.x.x Peixe frescox.x.x Peixe salgado,8373,,,,
1995,83,Grupo - Pescados de água-doce,8373,8373,PEIXE EM FILÉ FRESCO PIRAPUTANGA,,9201,,9201,9201,x.x.x Pescados de água docex.x.x Acará frescax.x.x Acari frescox.x.x Anujá frescox.x.x Curimatã frescox.x.x Dourada frescax.x.x Jaraqui frescox.x.x Lambari frescox.x.x Mapará frescox.x.x Piau frescox.x.xx Surubim frescox.x.xx Tambaqui frescox.x.xx Tilápia frescax.x.xx Traíra frescax.x.xx Tucunaré frescox.x.xx Outros pescados em filé congeladox.x.xx Outros pescados em filé frescox.x.xx Outros pescados frescosx.x.xx Outros pescados salgadosx.x Pescados não especificadosx.x.x Peixe em filé congeladox.x.x Peixe em filé frescox.x.x Peixe frescox.x.x Peixe salgado,8374,,,,
1995,83,Grupo - Pescados de água-doce,8374,8374,PEIXE SALGADO PIRAPUTANGA,,9201,,9201,9201,x.x.x Pescados de água docex.x.x Acará frescax.x.x Acari frescox.x.x Anujá frescox.x.x Curimatã frescox.x.x Dourada frescax.x.x Jaraqui frescox.x.x Lambari frescox.x.x Mapará frescox.x.x Piau frescox.x.xx Surubim frescox.x.xx Tambaqui frescox.x.xx Tilápia frescax.x.xx Traíra frescax.x.xx Tucunaré frescox.x.xx Outros pescados em filé congeladox.x.xx Outros pescados em filé frescox.x.xx Outros pescados frescosx.x.xx Outros pescados salgadosx.x Pescados não especificadosx.x.x Peixe em filé congeladox.x.x Peixe em filé frescox.x.x Peixe frescox.x.x Peixe salgado,8375,,,,
1995,83,Grupo - Pescados de água-doce,8375,8375,PEIXE EM FILÉ CONGELADO PIRAPUTANGA,,9201,,9201,9201,x.x.x Pescados de água docex.x.x Acará frescax.x.x Acari frescox.x.x Anujá frescox.x.x Curimatã frescox.x.x Dourada frescax.x.x Jaraqui frescox.x.x Lambari frescox.x.x Mapará frescox.x.x Piau frescox.x.xx Surubim frescox.x.xx Tambaqui frescox.x.xx Tilápia frescax.x.xx Traíra frescax.x.xx Tucunaré frescox.x.xx Outros pescados em filé congeladox.x.xx Outros pescados em filé frescox.x.xx Outros pescados frescosx.x.xx Outros pescados salgadosx.x Pescados não especificadosx.x.x Peixe em filé congeladox.x.x Peixe em filé frescox.x.x Peixe frescox.x.x Peixe salgado,8381,,,,
1995,83,Grupo - Pescados de água-doce,8381,8381,PEIXE INTEIRO JAÚ,,9201,,9201,9201,x.x.x Pescados de água docex.x.x Acará frescax.x.x Acari frescox.x.x Anujá frescox.x.x Curimatã frescox.x.x Dourada frescax.x.x Jaraqui frescox.x.x Lambari frescox.x.x Mapará frescox.x.x Piau frescox.x.xx Surubim frescox.x.xx Tambaqui frescox.x.xx Tilápia frescax.x.xx Traíra frescax.x.xx Tucunaré frescox.x.xx Outros pescados em filé congeladox.x.xx Outros pescados em filé frescox.x.xx Outros pescados frescosx.x.xx Outros pescados salgadosx.x Pescados não especificadosx.x.x Peixe em filé congeladox.x.x Peixe em filé frescox.x.x Peixe frescox.x.x Peixe salgado,8382,,,,
1995,83,Grupo - Pescados de água-doce,8382,8382,PEIXE EM POSTAS JAÚ,,9201,,9201,9201,x.x.x Pescados de água docex.x.x Acará frescax.x.x Acari frescox.x.x Anujá frescox.x.x Curimatã frescox.x.x Dourada frescax.x.x Jaraqui frescox.x.x Lambari frescox.x.x Mapará frescox.x.x Piau frescox.x.xx Surubim frescox.x.xx Tambaqui frescox.x.xx Tilápia frescax.x.xx Traíra frescax.x.xx Tucunaré frescox.x.xx Outros pescados em filé congeladox.x.xx Outros pescados em filé frescox.x.xx Outros pescados frescosx.x.xx Outros pescados salgadosx.x Pescados não especificadosx.x.x Peixe em filé congeladox.x.x Peixe em filé frescox.x.x Peixe frescox.x.x Peixe salgado,8383,,,,
1995,83,Grupo - Pescados de água-doce,8383,8383,PEIXE EM FILÉ FRESCO JAÚ,,9201,,9201,9201,x.x.x Pescados de água docex.x.x Acará frescax.x.x Acari frescox.x.x Anujá frescox.x.x Curimatã frescox.x.x Dourada frescax.x.x Jaraqui frescox.x.x Lambari frescox.x.x Mapará frescox.x.x Piau frescox.x.xx Surubim frescox.x.xx Tambaqui frescox.x.xx Tilápia frescax.x.xx Traíra frescax.x.xx Tucunaré frescox.x.xx Outros pescados em filé congeladox.x.xx Outros pescados em filé frescox.x.xx Outros pescados frescosx.x.xx Outros pescados salgadosx.x Pescados não especificadosx.x.x Peixe em filé congeladox.x.x Peixe em filé frescox.x.x Peixe frescox.x.x Peixe salgado,8384,,,,
1995,83,Grupo - Pescados de água-doce,8384,8384,PEIXE SALGADO JAÚ,,9201,,9201,9201,x.x.x Pescados de água docex.x.x Acará frescax.x.x Acari frescox.x.x Anujá frescox.x.x Curimatã frescox.x.x Dourada frescax.x.x Jaraqui frescox.x.x Lambari frescox.x.x Mapará frescox.x.x Piau frescox.x.xx Surubim frescox.x.xx Tambaqui frescox.x.xx Tilápia frescax.x.xx Traíra frescax.x.xx Tucunaré frescox.x.xx Outros pescados em filé congeladox.x.xx Outros pescados em filé frescox.x.xx Outros pescados frescosx.x.xx Outros pescados salgadosx.x Pescados não especificadosx.x.x Peixe em filé congeladox.x.x Peixe em filé frescox.x.x Peixe frescox.x.x Peixe salgado,8385,,,,
1995,83,Grupo - Pescados de água-doce,8385,8385,PEIXE EM FILÉ CONGELADO JAÚ,,9201,,9201,9201,x.x.x Pescados de água docex.x.x Acará frescax.x.x Acari frescox.x.x Anujá frescox.x.x Curimatã frescox.x.x Dourada frescax.x.x Jaraqui frescox.x.x Lambari frescox.x.x Mapará frescox.x.x Piau frescox.x.xx Surubim frescox.x.xx Tambaqui frescox.x.xx Tilápia frescax.x.xx Traíra frescax.x.xx Tucunaré frescox.x.xx Outros pescados em filé congeladox.x.xx Outros pescados em filé frescox.x.xx Outros pescados frescosx.x.xx Outros pescados salgadosx.x Pescados não especificadosx.x.x Peixe em filé congeladox.x.x Peixe em filé frescox.x.x Peixe frescox.x.x Peixe salgado,8391,,,,
1995,83,Grupo - Pescados de água-doce,8391,8391,PEIXE INTEIRO PIAPARA,,9201,,9201,9201,x.x.x Pescados de água docex.x.x Acará frescax.x.x Acari frescox.x.x Anujá frescox.x.x Curimatã frescox.x.x Dourada frescax.x.x Jaraqui frescox.x.x Lambari frescox.x.x Mapará frescox.x.x Piau frescox.x.xx Surubim frescox.x.xx Tambaqui frescox.x.xx Tilápia frescax.x.xx Traíra frescax.x.xx Tucunaré frescox.x.xx Outros pescados em filé congeladox.x.xx Outros pescados em filé frescox.x.xx Outros pescados frescosx.x.xx Outros pescados salgadosx.x Pescados não especificadosx.x.x Peixe em filé congeladox.x.x Peixe em filé frescox.x.x Peixe frescox.x.x Peixe salgado,8392,,,,
1995,83,Grupo - Pescados de água-doce,8392,8392,PEIXE EM POSTAS PIAPARA,,9201,,9201,9201,x.x.x Pescados de água docex.x.x Acará frescax.x.x Acari frescox.x.x Anujá frescox.x.x Curimatã frescox.x.x Dourada frescax.x.x Jaraqui frescox.x.x Lambari frescox.x.x Mapará frescox.x.x Piau frescox.x.xx Surubim frescox.x.xx Tambaqui frescox.x.xx Tilápia frescax.x.xx Traíra frescax.x.xx Tucunaré frescox.x.xx Outros pescados em filé congeladox.x.xx Outros pescados em filé frescox.x.xx Outros pescados frescosx.x.xx Outros pescados salgadosx.x Pescados não especificadosx.x.x Peixe em filé congeladox.x.x Peixe em filé frescox.x.x Peixe frescox.x.x Peixe salgado,8393,,,,
1995,83,Grupo - Pescados de água-doce,8393,8393,PEIXE EM FILÉ FRESCO PIAPARA,,9201,,9201,9201,x.x.x Pescados de água docex.x.x Acará frescax.x.x Acari frescox.x.x Anujá frescox.x.x Curimatã frescox.x.x Dourada frescax.x.x Jaraqui frescox.x.x Lambari frescox.x.x Mapará frescox.x.x Piau frescox.x.xx Surubim frescox.x.xx Tambaqui frescox.x.xx Tilápia frescax.x.xx Traíra frescax.x.xx Tucunaré frescox.x.xx Outros pescados em filé congeladox.x.xx Outros pescados em filé frescox.x.xx Outros pescados frescosx.x.xx Outros pescados salgadosx.x Pescados não especificadosx.x.x Peixe em filé congeladox.x.x Peixe em filé frescox.x.x Peixe frescox.x.x Peixe salgado,8394,,,,
1995,83,Grupo - Pescados de água-doce,8394,8394,PEIXE SALGADO PIAPARA,,9201,,9201,9201,x.x.x Pescados de água docex.x.x Acará frescax.x.x Acari frescox.x.x Anujá frescox.x.x Curimatã frescox.x.x Dourada frescax.x.x Jaraqui frescox.x.x Lambari frescox.x.x Mapará frescox.x.x Piau frescox.x.xx Surubim frescox.x.xx Tambaqui frescox.x.xx Tilápia frescax.x.xx Traíra frescax.x.xx Tucunaré frescox.x.xx Outros pescados em filé congeladox.x.xx Outros pescados em filé frescox.x.xx Outros pescados frescosx.x.xx Outros pescados salgadosx.x Pescados não especificadosx.x.x Peixe em filé congeladox.x.x Peixe em filé frescox.x.x Peixe frescox.x.x Peixe salgado,8395,,,,
1995,83,Grupo - Pescados de água-doce,8395,8395,PEIXE EM FILÉ CONGELADO PIAPARA,,9201,,9201,9201,x.x.x Pescados de água docex.x.x Acará frescax.x.x Acari frescox.x.x Anujá frescox.x.x Curimatã frescox.x.x Dourada frescax.x.x Jaraqui frescox.x.x Lambari frescox.x.x Mapará frescox.x.x Piau frescox.x.xx Surubim frescox.x.xx Tambaqui frescox.x.xx Tilápia frescax.x.xx Traíra frescax.x.xx Tucunaré frescox.x.xx Outros pescados em filé congeladox.x.xx Outros pescados em filé frescox.x.xx Outros pescados frescosx.x.xx Outros pescados salgadosx.x Pescados não especificadosx.x.x Peixe em filé congeladox.x.x Peixe em filé frescox.x.x Peixe frescox.x.x Peixe salgado,8401,,,,
1995,84,Grupo - Pescados de água-doce,8401,8401,PEIXE INTEIRO ARUANA,,9201,,9201,9201,x.x.x Pescados de água docex.x.x Acará frescax.x.x Acari frescox.x.x Anujá frescox.x.x Curimatã frescox.x.x Dourada frescax.x.x Jaraqui frescox.x.x Lambari frescox.x.x Mapará frescox.x.x Piau frescox.x.xx Surubim frescox.x.xx Tambaqui frescox.x.xx Tilápia frescax.x.xx Traíra frescax.x.xx Tucunaré frescox.x.xx Outros pescados em filé congeladox.x.xx Outros pescados em filé frescox.x.xx Outros pescados frescosx.x.xx Outros pescados salgadosx.x Pescados não especificadosx.x.x Peixe em filé congeladox.x.x Peixe em filé frescox.x.x Peixe frescox.x.x Peixe salgado,8402,,,,
1995,84,Grupo - Pescados de água-doce,8402,8402,PEIXE EM POSTAS ARUANA,,9201,,9201,9201,x.x.x Pescados de água docex.x.x Acará frescax.x.x Acari frescox.x.x Anujá frescox.x.x Curimatã frescox.x.x Dourada frescax.x.x Jaraqui frescox.x.x Lambari frescox.x.x Mapará frescox.x.x Piau frescox.x.xx Surubim frescox.x.xx Tambaqui frescox.x.xx Tilápia frescax.x.xx Traíra frescax.x.xx Tucunaré frescox.x.xx Outros pescados em filé congeladox.x.xx Outros pescados em filé frescox.x.xx Outros pescados frescosx.x.xx Outros pescados salgadosx.x Pescados não especificadosx.x.x Peixe em filé congeladox.x.x Peixe em filé frescox.x.x Peixe frescox.x.x Peixe salgado,8403,,,,
1995,84,Grupo - Pescados de água-doce,8403,8403,PEIXE EM FILÉ FRESCO ARUANA,,9201,,9201,9201,x.x.x Pescados de água docex.x.x Acará frescax.x.x Acari frescox.x.x Anujá frescox.x.x Curimatã frescox.x.x Dourada frescax.x.x Jaraqui frescox.x.x Lambari frescox.x.x Mapará frescox.x.x Piau frescox.x.xx Surubim frescox.x.xx Tambaqui frescox.x.xx Tilápia frescax.x.xx Traíra frescax.x.xx Tucunaré frescox.x.xx Outros pescados em filé congeladox.x.xx Outros pescados em filé frescox.x.xx Outros pescados frescosx.x.xx Outros pescados salgadosx.x Pescados não especificadosx.x.x Peixe em filé congeladox.x.x Peixe em filé frescox.x.x Peixe frescox.x.x Peixe salgado,8404,,,,
1995,84,Grupo - Pescados de água-doce,8404,8404,PEIXE SALGADO ARUANA,,9201,,9201,9201,x.x.x Pescados de água docex.x.x Acará frescax.x.x Acari frescox.x.x Anujá frescox.x.x Curimatã frescox.x.x Dourada frescax.x.x Jaraqui frescox.x.x Lambari frescox.x.x Mapará frescox.x.x Piau frescox.x.xx Surubim frescox.x.xx Tambaqui frescox.x.xx Tilápia frescax.x.xx Traíra frescax.x.xx Tucunaré frescox.x.xx Outros pescados em filé congeladox.x.xx Outros pescados em filé frescox.x.xx Outros pescados frescosx.x.xx Outros pescados salgadosx.x Pescados não especificadosx.x.x Peixe em filé congeladox.x.x Peixe em filé frescox.x.x Peixe frescox.x.x Peixe salgado,8405,,,,
1995,84,Grupo - Pescados de água-doce,8405,8405,PEIXE EM FILÉ CONGELADO ARUANA,,9201,,9201,9201,x.x.x Pescados de água docex.x.x Acará frescax.x.x Acari frescox.x.x Anujá frescox.x.x Curimatã frescox.x.x Dourada frescax.x.x Jaraqui frescox.x.x Lambari frescox.x.x Mapará frescox.x.x Piau frescox.x.xx Surubim frescox.x.xx Tambaqui frescox.x.xx Tilápia frescax.x.xx Traíra frescax.x.xx Tucunaré frescox.x.xx Outros pescados em filé congeladox.x.xx Outros pescados em filé frescox.x.xx Outros pescados frescosx.x.xx Outros pescados salgadosx.x Pescados não especificadosx.x.x Peixe em filé congeladox.x.x Peixe em filé frescox.x.x Peixe frescox.x.x Peixe salgado,8411,,,,
1995,84,Grupo - Pescados de água-doce,8411,8411,PEIXE INTEIRO PIRACANJUBA,,9201,,9201,9201,x.x.x Pescados de água docex.x.x Acará frescax.x.x Acari frescox.x.x Anujá frescox.x.x Curimatã frescox.x.x Dourada frescax.x.x Jaraqui frescox.x.x Lambari frescox.x.x Mapará frescox.x.x Piau frescox.x.xx Surubim frescox.x.xx Tambaqui frescox.x.xx Tilápia frescax.x.xx Traíra frescax.x.xx Tucunaré frescox.x.xx Outros pescados em filé congeladox.x.xx Outros pescados em filé frescox.x.xx Outros pescados frescosx.x.xx Outros pescados salgadosx.x Pescados não especificadosx.x.x Peixe em filé congeladox.x.x Peixe em filé frescox.x.x Peixe frescox.x.x Peixe salgado,8412,,,,
1995,84,Grupo - Pescados de água-doce,8412,8412,PEIXE EM POSTAS PIRACANJUBA,,9201,,9201,9201,x.x.x Pescados de água docex.x.x Acará frescax.x.x Acari frescox.x.x Anujá frescox.x.x Curimatã frescox.x.x Dourada frescax.x.x Jaraqui frescox.x.x Lambari frescox.x.x Mapará frescox.x.x Piau frescox.x.xx Surubim frescox.x.xx Tambaqui frescox.x.xx Tilápia frescax.x.xx Traíra frescax.x.xx Tucunaré frescox.x.xx Outros pescados em filé congeladox.x.xx Outros pescados em filé frescox.x.xx Outros pescados frescosx.x.xx Outros pescados salgadosx.x Pescados não especificadosx.x.x Peixe em filé congeladox.x.x Peixe em filé frescox.x.x Peixe frescox.x.x Peixe salgado,8413,,,,
1995,84,Grupo - Pescados de água-doce,8413,8413,PEIXE EM FILÉ FRESCO PIRACANJUBA,,9201,,9201,9201,x.x.x Pescados de água docex.x.x Acará frescax.x.x Acari frescox.x.x Anujá frescox.x.x Curimatã frescox.x.x Dourada frescax.x.x Jaraqui frescox.x.x Lambari frescox.x.x Mapará frescox.x.x Piau frescox.x.xx Surubim frescox.x.xx Tambaqui frescox.x.xx Tilápia frescax.x.xx Traíra frescax.x.xx Tucunaré frescox.x.xx Outros pescados em filé congeladox.x.xx Outros pescados em filé frescox.x.xx Outros pescados frescosx.x.xx Outros pescados salgadosx.x Pescados não especificadosx.x.x Peixe em filé congeladox.x.x Peixe em filé frescox.x.x Peixe frescox.x.x Peixe salgado,8414,,,,
1995,84,Grupo - Pescados de água-doce,8414,8414,PEIXE SALGADO PIRACANJUBA,,9201,,9201,9201,x.x.x Pescados de água docex.x.x Acará frescax.x.x Acari frescox.x.x Anujá frescox.x.x Curimatã frescox.x.x Dourada frescax.x.x Jaraqui frescox.x.x Lambari frescox.x.x Mapará frescox.x.x Piau frescox.x.xx Surubim frescox.x.xx Tambaqui frescox.x.xx Tilápia frescax.x.xx Traíra frescax.x.xx Tucunaré frescox.x.xx Outros pescados em filé congeladox.x.xx Outros pescados em filé frescox.x.xx Outros pescados frescosx.x.xx Outros pescados salgadosx.x Pescados não especificadosx.x.x Peixe em filé congeladox.x.x Peixe em filé frescox.x.x Peixe frescox.x.x Peixe salgado,8415,,,,
1995,84,Grupo - Pescados de água-doce,8415,8415,PEIXE EM FILÉ CONGELADO PIRACANJUBA,,9201,,9201,9201,x.x.x Pescados de água docex.x.x Acará frescax.x.x Acari frescox.x.x Anujá frescox.x.x Curimatã frescox.x.x Dourada frescax.x.x Jaraqui frescox.x.x Lambari frescox.x.x Mapará frescox.x.x Piau frescox.x.xx Surubim frescox.x.xx Tambaqui frescox.x.xx Tilápia frescax.x.xx Traíra frescax.x.xx Tucunaré frescox.x.xx Outros pescados em filé congeladox.x.xx Outros pescados em filé frescox.x.xx Outros pescados frescosx.x.xx Outros pescados salgadosx.x Pescados não especificadosx.x.x Peixe em filé congeladox.x.x Peixe em filé frescox.x.x Peixe frescox.x.x Peixe salgado,8421,,,,
1995,84,Grupo - Pescados de água-doce,8421,8421,PEIXE INTEIRO SAIRU,,9201,,9201,9201,x.x.x Pescados de água docex.x.x Acará frescax.x.x Acari frescox.x.x Anujá frescox.x.x Curimatã frescox.x.x Dourada frescax.x.x Jaraqui frescox.x.x Lambari frescox.x.x Mapará frescox.x.x Piau frescox.x.xx Surubim frescox.x.xx Tambaqui frescox.x.xx Tilápia frescax.x.xx Traíra frescax.x.xx Tucunaré frescox.x.xx Outros pescados em filé congeladox.x.xx Outros pescados em filé frescox.x.xx Outros pescados frescosx.x.xx Outros pescados salgadosx.x Pescados não especificadosx.x.x Peixe em filé congeladox.x.x Peixe em filé frescox.x.x Peixe frescox.x.x Peixe salgado,8422,,,,
1995,84,Grupo - Pescados de água-doce,8422,8422,PEIXE EM POSTAS SAIRU,,9201,,9201,9201,x.x.x Pescados de água docex.x.x Acará frescax.x.x Acari frescox.x.x Anujá frescox.x.x Curimatã frescox.x.x Dourada frescax.x.x Jaraqui frescox.x.x Lambari frescox.x.x Mapará frescox.x.x Piau frescox.x.xx Surubim frescox.x.xx Tambaqui frescox.x.xx Tilápia frescax.x.xx Traíra frescax.x.xx Tucunaré frescox.x.xx Outros pescados em filé congeladox.x.xx Outros pescados em filé frescox.x.xx Outros pescados frescosx.x.xx Outros pescados salgadosx.x Pescados não especificadosx.x.x Peixe em filé congeladox.x.x Peixe em filé frescox.x.x Peixe frescox.x.x Peixe salgado,8423,,,,
1995,84,Grupo - Pescados de água-doce,8423,8423,PEIXE EM FILÉ FRESCO SAIRU,,9201,,9201,9201,x.x.x Pescados de água docex.x.x Acará frescax.x.x Acari frescox.x.x Anujá frescox.x.x Curimatã frescox.x.x Dourada frescax.x.x Jaraqui frescox.x.x Lambari frescox.x.x Mapará frescox.x.x Piau frescox.x.xx Surubim frescox.x.xx Tambaqui frescox.x.xx Tilápia frescax.x.xx Traíra frescax.x.xx Tucunaré frescox.x.xx Outros pescados em filé congeladox.x.xx Outros pescados em filé frescox.x.xx Outros pescados frescosx.x.xx Outros pescados salgadosx.x Pescados não especificadosx.x.x Peixe em filé congeladox.x.x Peixe em filé frescox.x.x Peixe frescox.x.x Peixe salgado,8424,,,,
1995,84,Grupo - Pescados de água-doce,8424,8424,PEIXE SALGADO SAIRU,,9201,,9201,9201,x.x.x Pescados de água docex.x.x Acará frescax.x.x Acari frescox.x.x Anujá frescox.x.x Curimatã frescox.x.x Dourada frescax.x.x Jaraqui frescox.x.x Lambari frescox.x.x Mapará frescox.x.x Piau frescox.x.xx Surubim frescox.x.xx Tambaqui frescox.x.xx Tilápia frescax.x.xx Traíra frescax.x.xx Tucunaré frescox.x.xx Outros pescados em filé congeladox.x.xx Outros pescados em filé frescox.x.xx Outros pescados frescosx.x.xx Outros pescados salgadosx.x Pescados não especificadosx.x.x Peixe em filé congeladox.x.x Peixe em filé frescox.x.x Peixe frescox.x.x Peixe salgado,8425,,,,
1995,84,Grupo - Pescados de água-doce,8425,8425,PEIXE EM FILÉ CONGELADO SAIRU,,9201,,9201,9201,x.x.x Pescados de água docex.x.x Acará frescax.x.x Acari frescox.x.x Anujá frescox.x.x Curimatã frescox.x.x Dourada frescax.x.x Jaraqui frescox.x.x Lambari frescox.x.x Mapará frescox.x.x Piau frescox.x.xx Surubim frescox.x.xx Tambaqui frescox.x.xx Tilápia frescax.x.xx Traíra frescax.x.xx Tucunaré frescox.x.xx Outros pescados em filé congeladox.x.xx Outros pescados em filé frescox.x.xx Outros pescados frescosx.x.xx Outros pescados salgadosx.x Pescados não especificadosx.x.x Peixe em filé congeladox.x.x Peixe em filé frescox.x.x Peixe frescox.x.x Peixe salgado,8431,,,,
1995,84,Grupo - Pescados de água-doce,8431,8431,CAMARÃO DE AGUA DOCE,,9201,,9201,9201,x.x.x Pescados de água docex.x.x Acará frescax.x.x Acari frescox.x.x Anujá frescox.x.x Curimatã frescox.x.x Dourada frescax.x.x Jaraqui frescox.x.x Lambari frescox.x.x Mapará frescox.x.x Piau frescox.x.xx Surubim frescox.x.xx Tambaqui frescox.x.xx Tilápia frescax.x.xx Traíra frescax.x.xx Tucunaré frescox.x.xx Outros pescados em filé congeladox.x.xx Outros pescados em filé frescox.x.xx Outros pescados frescosx.x.xx Outros pescados salgadosx.x Pescados não especificadosx.x.x Peixe em filé congeladox.x.x Peixe em filé frescox.x.x Peixe frescox.x.x Peixe salgado,8432,,,,
1995,84,Grupo - Pescados de água-doce,8432,8432,CAMARÃO DE AGUA DOCE SEM CASCA,,9201,,9201,9201,x.x.x Pescados de água docex.x.x Acará frescax.x.x Acari frescox.x.x Anujá frescox.x.x Curimatã frescox.x.x Dourada frescax.x.x Jaraqui frescox.x.x Lambari frescox.x.x Mapará frescox.x.x Piau frescox.x.xx Surubim frescox.x.xx Tambaqui frescox.x.xx Tilápia frescax.x.xx Traíra frescax.x.xx Tucunaré frescox.x.xx Outros pescados em filé congeladox.x.xx Outros pescados em filé frescox.x.xx Outros pescados frescosx.x.xx Outros pescados salgadosx.x Pescados não especificadosx.x.x Peixe em filé congeladox.x.x Peixe em filé frescox.x.x Peixe frescox.x.x Peixe salgado,8434,,,,
1995,84,Grupo - Pescados de água-doce,8434,8434,CAMARÃO DE AGUA DOCE SALGADO,,9201,,9201,9201,x.x.x Pescados de água docex.x.x Acará frescax.x.x Acari frescox.x.x Anujá frescox.x.x Curimatã frescox.x.x Dourada frescax.x.x Jaraqui frescox.x.x Lambari frescox.x.x Mapará frescox.x.x Piau frescox.x.xx Surubim frescox.x.xx Tambaqui frescox.x.xx Tilápia frescax.x.xx Traíra frescax.x.xx Tucunaré frescox.x.xx Outros pescados em filé congeladox.x.xx Outros pescados em filé frescox.x.xx Outros pescados frescosx.x.xx Outros pescados salgadosx.x Pescados não especificadosx.x.x Peixe em filé congeladox.x.x Peixe em filé frescox.x.x Peixe frescox.x.x Peixe salgado,8441,,,,
1995,84,Grupo - Pescados de água-doce,8441,8441,TRACAJA,,9201,,9201,9201,x.x.x Pescados de água docex.x.x Acará frescax.x.x Acari frescox.x.x Anujá frescox.x.x Curimatã frescox.x.x Dourada frescax.x.x Jaraqui frescox.x.x Lambari frescox.x.x Mapará frescox.x.x Piau frescox.x.xx Surubim frescox.x.xx Tambaqui frescox.x.xx Tilápia frescax.x.xx Traíra frescax.x.xx Tucunaré frescox.x.xx Outros pescados em filé congeladox.x.xx Outros pescados em filé frescox.x.xx Outros pescados frescosx.x.xx Outros pescados salgadosx.x Pescados não especificadosx.x.x Peixe em filé congeladox.x.x Peixe em filé frescox.x.x Peixe frescox.x.x Peixe salgado,8442,,,,
1995,84,Grupo - Pescados de água-doce,8442,8442,TRACAJA EM POSTAS,,9201,,9201,9201,x.x.x Pescados de água docex.x.x Acará frescax.x.x Acari frescox.x.x Anujá frescox.x.x Curimatã frescox.x.x Dourada frescax.x.x Jaraqui frescox.x.x Lambari frescox.x.x Mapará frescox.x.x Piau frescox.x.xx Surubim frescox.x.xx Tambaqui frescox.x.xx Tilápia frescax.x.xx Traíra frescax.x.xx Tucunaré frescox.x.xx Outros pescados em filé congeladox.x.xx Outros pescados em filé frescox.x.xx Outros pescados frescosx.x.xx Outros pescados salgadosx.x Pescados não especificadosx.x.x Peixe em filé congeladox.x.x Peixe em filé frescox.x.x Peixe frescox.x.x Peixe salgado,8443,,,,
1995,84,Grupo - Pescados de água-doce,8443,8443,TRACAJA EM FILÉ FRESCO,,9201,,9201,9201,x.x.x Pescados de água docex.x.x Acará frescax.x.x Acari frescox.x.x Anujá frescox.x.x Curimatã frescox.x.x Dourada frescax.x.x Jaraqui frescox.x.x Lambari frescox.x.x Mapará frescox.x.x Piau frescox.x.xx Surubim frescox.x.xx Tambaqui frescox.x.xx Tilápia frescax.x.xx Traíra frescax.x.xx Tucunaré frescox.x.xx Outros pescados em filé congeladox.x.xx Outros pescados em filé frescox.x.xx Outros pescados frescosx.x.xx Outros pescados salgadosx.x Pescados não especificadosx.x.x Peixe em filé congeladox.x.x Peixe em filé frescox.x.x Peixe frescox.x.x Peixe salgado,8444,,,,
1995,84,Grupo - Pescados de água-doce,8444,8444,TRACAJA SALGADA,,9201,,9201,9201,x.x.x Pescados de água docex.x.x Acará frescax.x.x Acari frescox.x.x Anujá frescox.x.x Curimatã frescox.x.x Dourada frescax.x.x Jaraqui frescox.x.x Lambari frescox.x.x Mapará frescox.x.x Piau frescox.x.xx Surubim frescox.x.xx Tambaqui frescox.x.xx Tilápia frescax.x.xx Traíra frescax.x.xx Tucunaré frescox.x.xx Outros pescados em filé congeladox.x.xx Outros pescados em filé frescox.x.xx Outros pescados frescosx.x.xx Outros pescados salgadosx.x Pescados não especificadosx.x.x Peixe em filé congeladox.x.x Peixe em filé frescox.x.x Peixe frescox.x.x Peixe salgado,8445,,,,
1995,84,Grupo - Pescados de água-doce,8445,8445,TRACAJA EM FILÉ CONGELADO,,9201,,9201,9201,x.x.x Pescados de água docex.x.x Acará frescax.x.x Acari frescox.x.x Anujá frescox.x.x Curimatã frescox.x.x Dourada frescax.x.x Jaraqui frescox.x.x Lambari frescox.x.x Mapará frescox.x.x Piau frescox.x.xx Surubim frescox.x.xx Tambaqui frescox.x.xx Tilápia frescax.x.xx Traíra frescax.x.xx Tucunaré frescox.x.xx Outros pescados em filé congeladox.x.xx Outros pescados em filé frescox.x.xx Outros pescados frescosx.x.xx Outros pescados salgadosx.x Pescados não especificadosx.x.x Peixe em filé congeladox.x.x Peixe em filé frescox.x.x Peixe frescox.x.x Peixe salgado,8451,,,,
1995,84,Grupo - Pescados de água-doce,8451,8451,RÃ,,9201,,9201,9201,x.x.x Pescados de água docex.x.x Acará frescax.x.x Acari frescox.x.x Anujá frescox.x.x Curimatã frescox.x.x Dourada frescax.x.x Jaraqui frescox.x.x Lambari frescox.x.x Mapará frescox.x.x Piau frescox.x.xx Surubim frescox.x.xx Tambaqui frescox.x.xx Tilápia frescax.x.xx Traíra frescax.x.xx Tucunaré frescox.x.xx Outros pescados em filé congeladox.x.xx Outros pescados em filé frescox.x.xx Outros pescados frescosx.x.xx Outros pescados salgadosx.x Pescados não especificadosx.x.x Peixe em filé congeladox.x.x Peixe em filé frescox.x.x Peixe frescox.x.x Peixe salgado,8452,,,,
1995,84,Grupo - Pescados de água-doce,8452,8452,RÃ EM POSTAS,,9201,,9201,9201,x.x.x Pescados de água docex.x.x Acará frescax.x.x Acari frescox.x.x Anujá frescox.x.x Curimatã frescox.x.x Dourada frescax.x.x Jaraqui frescox.x.x Lambari frescox.x.x Mapará frescox.x.x Piau frescox.x.xx Surubim frescox.x.xx Tambaqui frescox.x.xx Tilápia frescax.x.xx Traíra frescax.x.xx Tucunaré frescox.x.xx Outros pescados em filé congeladox.x.xx Outros pescados em filé frescox.x.xx Outros pescados frescosx.x.xx Outros pescados salgadosx.x Pescados não especificadosx.x.x Peixe em filé congeladox.x.x Peixe em filé frescox.x.x Peixe frescox.x.x Peixe salgado,8453,,,,
1995,84,Grupo - Pescados de água-doce,8453,8453,RÃ EM FILÉ FRESCO,,9201,,9201,9201,x.x.x Pescados de água docex.x.x Acará frescax.x.x Acari frescox.x.x Anujá frescox.x.x Curimatã frescox.x.x Dourada frescax.x.x Jaraqui frescox.x.x Lambari frescox.x.x Mapará frescox.x.x Piau frescox.x.xx Surubim frescox.x.xx Tambaqui frescox.x.xx Tilápia frescax.x.xx Traíra frescax.x.xx Tucunaré frescox.x.xx Outros pescados em filé congeladox.x.xx Outros pescados em filé frescox.x.xx Outros pescados frescosx.x.xx Outros pescados salgadosx.x Pescados não especificadosx.x.x Peixe em filé congeladox.x.x Peixe em filé frescox.x.x Peixe frescox.x.x Peixe salgado,8454,,,,
1995,84,Grupo - Pescados de água-doce,8454,8454,RÃ SALGADA,,9201,,9201,9201,x.x.x Pescados de água docex.x.x Acará frescax.x.x Acari frescox.x.x Anujá frescox.x.x Curimatã frescox.x.x Dourada frescax.x.x Jaraqui frescox.x.x Lambari frescox.x.x Mapará frescox.x.x Piau frescox.x.xx Surubim frescox.x.xx Tambaqui frescox.x.xx Tilápia frescax.x.xx Traíra frescax.x.xx Tucunaré frescox.x.xx Outros pescados em filé congeladox.x.xx Outros pescados em filé frescox.x.xx Outros pescados frescosx.x.xx Outros pescados salgadosx.x Pescados não especificadosx.x.x Peixe em filé congeladox.x.x Peixe em filé frescox.x.x Peixe frescox.x.x Peixe salgado,8455,,,,
1995,84,Grupo - Pescados de água-doce,8455,8455,RÃ EM FILÉ CONGELADO,,9201,,9201,9201,x.x.x Pescados de água docex.x.x Acará frescax.x.x Acari frescox.x.x Anujá frescox.x.x Curimatã frescox.x.x Dourada frescax.x.x Jaraqui frescox.x.x Lambari frescox.x.x Mapará frescox.x.x Piau frescox.x.xx Surubim frescox.x.xx Tambaqui frescox.x.xx Tilápia frescax.x.xx Traíra frescax.x.xx Tucunaré frescox.x.xx Outros pescados em filé congeladox.x.xx Outros pescados em filé frescox.x.xx Outros pescados frescosx.x.xx Outros pescados salgadosx.x Pescados não especificadosx.x.x Peixe em filé congeladox.x.x Peixe em filé frescox.x.x Peixe frescox.x.x Peixe salgado,8461,,,,
1995,84,Grupo - Pescados de água-doce,8461,8461,PEIXE INTEIRO BAGRE DE AGUA DOCE,,9201,,9201,9201,x.x.x Pescados de água docex.x.x Acará frescax.x.x Acari frescox.x.x Anujá frescox.x.x Curimatã frescox.x.x Dourada frescax.x.x Jaraqui frescox.x.x Lambari frescox.x.x Mapará frescox.x.x Piau frescox.x.xx Surubim frescox.x.xx Tambaqui frescox.x.xx Tilápia frescax.x.xx Traíra frescax.x.xx Tucunaré frescox.x.xx Outros pescados em filé congeladox.x.xx Outros pescados em filé frescox.x.xx Outros pescados frescosx.x.xx Outros pescados salgadosx.x Pescados não especificadosx.x.x Peixe em filé congeladox.x.x Peixe em filé frescox.x.x Peixe frescox.x.x Peixe salgado,8462,,,,
1995,84,Grupo - Pescados de água-doce,8462,8462,PEIXE EM POSTAS BAGRE DE AGUA DOCE,,9201,,9201,9201,x.x.x Pescados de água docex.x.x Acará frescax.x.x Acari frescox.x.x Anujá frescox.x.x Curimatã frescox.x.x Dourada frescax.x.x Jaraqui frescox.x.x Lambari frescox.x.x Mapará frescox.x.x Piau frescox.x.xx Surubim frescox.x.xx Tambaqui frescox.x.xx Tilápia frescax.x.xx Traíra frescax.x.xx Tucunaré frescox.x.xx Outros pescados em filé congeladox.x.xx Outros pescados em filé frescox.x.xx Outros pescados frescosx.x.xx Outros pescados salgadosx.x Pescados não especificadosx.x.x Peixe em filé congeladox.x.x Peixe em filé frescox.x.x Peixe frescox.x.x Peixe salgado,8463,,,,
1995,84,Grupo - Pescados de água-doce,8463,8463,PEIXE EM FILÉ FRESCO BAGRE DE AGUA DOCE,,9201,,9201,9201,x.x.x Pescados de água docex.x.x Acará frescax.x.x Acari frescox.x.x Anujá frescox.x.x Curimatã frescox.x.x Dourada frescax.x.x Jaraqui frescox.x.x Lambari frescox.x.x Mapará frescox.x.x Piau frescox.x.xx Surubim frescox.x.xx Tambaqui frescox.x.xx Tilápia frescax.x.xx Traíra frescax.x.xx Tucunaré frescox.x.xx Outros pescados em filé congeladox.x.xx Outros pescados em filé frescox.x.xx Outros pescados frescosx.x.xx Outros pescados salgadosx.x Pescados não especificadosx.x.x Peixe em filé congeladox.x.x Peixe em filé frescox.x.x Peixe frescox.x.x Peixe salgado,8464,,,,
1995,84,Grupo - Pescados de água-doce,8464,8464,PEIXE SALGADO BAGRE DE AGUA DOCE,,9201,,9201,9201,x.x.x Pescados de água docex.x.x Acará frescax.x.x Acari frescox.x.x Anujá frescox.x.x Curimatã frescox.x.x Dourada frescax.x.x Jaraqui frescox.x.x Lambari frescox.x.x Mapará frescox.x.x Piau frescox.x.xx Surubim frescox.x.xx Tambaqui frescox.x.xx Tilápia frescax.x.xx Traíra frescax.x.xx Tucunaré frescox.x.xx Outros pescados em filé congeladox.x.xx Outros pescados em filé frescox.x.xx Outros pescados frescosx.x.xx Outros pescados salgadosx.x Pescados não especificadosx.x.x Peixe em filé congeladox.x.x Peixe em filé frescox.x.x Peixe frescox.x.x Peixe salgado,8465,,,,
1995,84,Grupo - Pescados de água-doce,8465,8465,PEIXE EM FILÉ CONGELADO BAGRE DE AGUA DOCE,,9201,,9201,9201,x.x.x Pescados de água docex.x.x Acará frescax.x.x Acari frescox.x.x Anujá frescox.x.x Curimatã frescox.x.x Dourada frescax.x.x Jaraqui frescox.x.x Lambari frescox.x.x Mapará frescox.x.x Piau frescox.x.xx Surubim frescox.x.xx Tambaqui frescox.x.xx Tilápia frescax.x.xx Traíra frescax.x.xx Tucunaré frescox.x.xx Outros pescados em filé congeladox.x.xx Outros pescados em filé frescox.x.xx Outros pescados frescosx.x.xx Outros pescados salgadosx.x Pescados não especificadosx.x.x Peixe em filé congeladox.x.x Peixe em filé frescox.x.x Peixe frescox.x.x Peixe salgado,8471,,,,
1995,84,Grupo - Pescados de água-doce,8471,8471,MUCUA,,9201,,9201,9201,x.x.x Pescados de água docex.x.x Acará frescax.x.x Acari frescox.x.x Anujá frescox.x.x Curimatã frescox.x.x Dourada frescax.x.x Jaraqui frescox.x.x Lambari frescox.x.x Mapará frescox.x.x Piau frescox.x.xx Surubim frescox.x.xx Tambaqui frescox.x.xx Tilápia frescax.x.xx Traíra frescax.x.xx Tucunaré frescox.x.xx Outros pescados em filé congeladox.x.xx Outros pescados em filé frescox.x.xx Outros pescados frescosx.x.xx Outros pescados salgadosx.x Pescados não especificadosx.x.x Peixe em filé congeladox.x.x Peixe em filé frescox.x.x Peixe frescox.x.x Peixe salgado,8472,,,,
1995,84,Grupo - Pescados de água-doce,8472,8472,MUCUA EM POSTAS,,9201,,9201,9201,x.x.x Pescados de água docex.x.x Acará frescax.x.x Acari frescox.x.x Anujá frescox.x.x Curimatã frescox.x.x Dourada frescax.x.x Jaraqui frescox.x.x Lambari frescox.x.x Mapará frescox.x.x Piau frescox.x.xx Surubim frescox.x.xx Tambaqui frescox.x.xx Tilápia frescax.x.xx Traíra frescax.x.xx Tucunaré frescox.x.xx Outros pescados em filé congeladox.x.xx Outros pescados em filé frescox.x.xx Outros pescados frescosx.x.xx Outros pescados salgadosx.x Pescados não especificadosx.x.x Peixe em filé congeladox.x.x Peixe em filé frescox.x.x Peixe frescox.x.x Peixe salgado,8473,,,,
1995,84,Grupo - Pescados de água-doce,8473,8473,MUCUA EM FILÉ FRESCO,,9201,,9201,9201,x.x.x Pescados de água docex.x.x Acará frescax.x.x Acari frescox.x.x Anujá frescox.x.x Curimatã frescox.x.x Dourada frescax.x.x Jaraqui frescox.x.x Lambari frescox.x.x Mapará frescox.x.x Piau frescox.x.xx Surubim frescox.x.xx Tambaqui frescox.x.xx Tilápia frescax.x.xx Traíra frescax.x.xx Tucunaré frescox.x.xx Outros pescados em filé congeladox.x.xx Outros pescados em filé frescox.x.xx Outros pescados frescosx.x.xx Outros pescados salgadosx.x Pescados não especificadosx.x.x Peixe em filé congeladox.x.x Peixe em filé frescox.x.x Peixe frescox.x.x Peixe salgado,8474,,,,
1995,84,Grupo - Pescados de água-doce,8474,8474,MUCUA SALGADA,,9201,,9201,9201,x.x.x Pescados de água docex.x.x Acará frescax.x.x Acari frescox.x.x Anujá frescox.x.x Curimatã frescox.x.x Dourada frescax.x.x Jaraqui frescox.x.x Lambari frescox.x.x Mapará frescox.x.x Piau frescox.x.xx Surubim frescox.x.xx Tambaqui frescox.x.xx Tilápia frescax.x.xx Traíra frescax.x.xx Tucunaré frescox.x.xx Outros pescados em filé congeladox.x.xx Outros pescados em filé frescox.x.xx Outros pescados frescosx.x.xx Outros pescados salgadosx.x Pescados não especificadosx.x.x Peixe em filé congeladox.x.x Peixe em filé frescox.x.x Peixe frescox.x.x Peixe salgado,8475,,,,
1995,84,Grupo - Pescados de água-doce,8475,8475,MUCUA EM FILÉ CONGELADO,,9201,,9201,9201,x.x.x Pescados de água docex.x.x Acará frescax.x.x Acari frescox.x.x Anujá frescox.x.x Curimatã frescox.x.x Dourada frescax.x.x Jaraqui frescox.x.x Lambari frescox.x.x Mapará frescox.x.x Piau frescox.x.xx Surubim frescox.x.xx Tambaqui frescox.x.xx Tilápia frescax.x.xx Traíra frescax.x.xx Tucunaré frescox.x.xx Outros pescados em filé congeladox.x.xx Outros pescados em filé frescox.x.xx Outros pescados frescosx.x.xx Outros pescados salgadosx.x Pescados não especificadosx.x.x Peixe em filé congeladox.x.x Peixe em filé frescox.x.x Peixe frescox.x.x Peixe salgado,8481,,,,
1995,84,Grupo - Pescados de água-doce,8481,8481,PEIXE INTEIRO ITUI,,9201,,9201,9201,x.x.x Pescados de água docex.x.x Acará frescax.x.x Acari frescox.x.x Anujá frescox.x.x Curimatã frescox.x.x Dourada frescax.x.x Jaraqui frescox.x.x Lambari frescox.x.x Mapará frescox.x.x Piau frescox.x.xx Surubim frescox.x.xx Tambaqui frescox.x.xx Tilápia frescax.x.xx Traíra frescax.x.xx Tucunaré frescox.x.xx Outros pescados em filé congeladox.x.xx Outros pescados em filé frescox.x.xx Outros pescados frescosx.x.xx Outros pescados salgadosx.x Pescados não especificadosx.x.x Peixe em filé congeladox.x.x Peixe em filé frescox.x.x Peixe frescox.x.x Peixe salgado,8482,,,,
1995,84,Grupo - Pescados de água-doce,8482,8482,PEIXE EM POSTAS ITUI,,9201,,9201,9201,x.x.x Pescados de água docex.x.x Acará frescax.x.x Acari frescox.x.x Anujá frescox.x.x Curimatã frescox.x.x Dourada frescax.x.x Jaraqui frescox.x.x Lambari frescox.x.x Mapará frescox.x.x Piau frescox.x.xx Surubim frescox.x.xx Tambaqui frescox.x.xx Tilápia frescax.x.xx Traíra frescax.x.xx Tucunaré frescox.x.xx Outros pescados em filé congeladox.x.xx Outros pescados em filé frescox.x.xx Outros pescados frescosx.x.xx Outros pescados salgadosx.x Pescados não especificadosx.x.x Peixe em filé congeladox.x.x Peixe em filé frescox.x.x Peixe frescox.x.x Peixe salgado,8483,,,,
1995,84,Grupo - Pescados de água-doce,8483,8483,PEIXE EM FILÉ FRESCO ITUI,,9201,,9201,9201,x.x.x Pescados de água docex.x.x Acará frescax.x.x Acari frescox.x.x Anujá frescox.x.x Curimatã frescox.x.x Dourada frescax.x.x Jaraqui frescox.x.x Lambari frescox.x.x Mapará frescox.x.x Piau frescox.x.xx Surubim frescox.x.xx Tambaqui frescox.x.xx Tilápia frescax.x.xx Traíra frescax.x.xx Tucunaré frescox.x.xx Outros pescados em filé congeladox.x.xx Outros pescados em filé frescox.x.xx Outros pescados frescosx.x.xx Outros pescados salgadosx.x Pescados não especificadosx.x.x Peixe em filé congeladox.x.x Peixe em filé frescox.x.x Peixe frescox.x.x Peixe salgado,8484,,,,
1995,84,Grupo - Pescados de água-doce,8484,8484,PEIXE SALGADO ITUI,,9201,,9201,9201,x.x.x Pescados de água docex.x.x Acará frescax.x.x Acari frescox.x.x Anujá frescox.x.x Curimatã frescox.x.x Dourada frescax.x.x Jaraqui frescox.x.x Lambari frescox.x.x Mapará frescox.x.x Piau frescox.x.xx Surubim frescox.x.xx Tambaqui frescox.x.xx Tilápia frescax.x.xx Traíra frescax.x.xx Tucunaré frescox.x.xx Outros pescados em filé congeladox.x.xx Outros pescados em filé frescox.x.xx Outros pescados frescosx.x.xx Outros pescados salgadosx.x Pescados não especificadosx.x.x Peixe em filé congeladox.x.x Peixe em filé frescox.x.x Peixe frescox.x.x Peixe salgado,8485,,,,
1995,84,Grupo - Pescados de água-doce,8485,8485,PEIXE EM FILÉ CONGELADO ITUI,,9201,,9201,9201,x.x.x Pescados de água docex.x.x Acará frescax.x.x Acari frescox.x.x Anujá frescox.x.x Curimatã frescox.x.x Dourada frescax.x.x Jaraqui frescox.x.x Lambari frescox.x.x Mapará frescox.x.x Piau frescox.x.xx Surubim frescox.x.xx Tambaqui frescox.x.xx Tilápia frescax.x.xx Traíra frescax.x.xx Tucunaré frescox.x.xx Outros pescados em filé congeladox.x.xx Outros pescados em filé frescox.x.xx Outros pescados frescosx.x.xx Outros pescados salgadosx.x Pescados não especificadosx.x.x Peixe em filé congeladox.x.x Peixe em filé frescox.x.x Peixe frescox.x.x Peixe salgado,8491,,,,
1995,84,Grupo - Pescados de água-doce,8491,8491,PEIXE INTEIRO TRUTA,,9201,,9201,9201,x.x.x Pescados de água docex.x.x Acará frescax.x.x Acari frescox.x.x Anujá frescox.x.x Curimatã frescox.x.x Dourada frescax.x.x Jaraqui frescox.x.x Lambari frescox.x.x Mapará frescox.x.x Piau frescox.x.xx Surubim frescox.x.xx Tambaqui frescox.x.xx Tilápia frescax.x.xx Traíra frescax.x.xx Tucunaré frescox.x.xx Outros pescados em filé congeladox.x.xx Outros pescados em filé frescox.x.xx Outros pescados frescosx.x.xx Outros pescados salgadosx.x Pescados não especificadosx.x.x Peixe em filé congeladox.x.x Peixe em filé frescox.x.x Peixe frescox.x.x Peixe salgado,8492,,,,
1995,84,Grupo - Pescados de água-doce,8492,8492,PEIXE EM POSTAS TRUTA,,9201,,9201,9201,x.x.x Pescados de água docex.x.x Acará frescax.x.x Acari frescox.x.x Anujá frescox.x.x Curimatã frescox.x.x Dourada frescax.x.x Jaraqui frescox.x.x Lambari frescox.x.x Mapará frescox.x.x Piau frescox.x.xx Surubim frescox.x.xx Tambaqui frescox.x.xx Tilápia frescax.x.xx Traíra frescax.x.xx Tucunaré frescox.x.xx Outros pescados em filé congeladox.x.xx Outros pescados em filé frescox.x.xx Outros pescados frescosx.x.xx Outros pescados salgadosx.x Pescados não especificadosx.x.x Peixe em filé congeladox.x.x Peixe em filé frescox.x.x Peixe frescox.x.x Peixe salgado,8493,,,,
1995,84,Grupo - Pescados de água-doce,8493,8493,PEIXE EM FILÉ FRESCO TRUTA,,9201,,9201,9201,x.x.x Pescados de água docex.x.x Acará frescax.x.x Acari frescox.x.x Anujá frescox.x.x Curimatã frescox.x.x Dourada frescax.x.x Jaraqui frescox.x.x Lambari frescox.x.x Mapará frescox.x.x Piau frescox.x.xx Surubim frescox.x.xx Tambaqui frescox.x.xx Tilápia frescax.x.xx Traíra frescax.x.xx Tucunaré frescox.x.xx Outros pescados em filé congeladox.x.xx Outros pescados em filé frescox.x.xx Outros pescados frescosx.x.xx Outros pescados salgadosx.x Pescados não especificadosx.x.x Peixe em filé congeladox.x.x Peixe em filé frescox.x.x Peixe frescox.x.x Peixe salgado,8494,,,,
1995,84,Grupo - Pescados de água-doce,8494,8494,PEIXE SALGADO TRUTA,,9201,,9201,9201,x.x.x Pescados de água docex.x.x Acará frescax.x.x Acari frescox.x.x Anujá frescox.x.x Curimatã frescox.x.x Dourada frescax.x.x Jaraqui frescox.x.x Lambari frescox.x.x Mapará frescox.x.x Piau frescox.x.xx Surubim frescox.x.xx Tambaqui frescox.x.xx Tilápia frescax.x.xx Traíra frescax.x.xx Tucunaré frescox.x.xx Outros pescados em filé congeladox.x.xx Outros pescados em filé frescox.x.xx Outros pescados frescosx.x.xx Outros pescados salgadosx.x Pescados não especificadosx.x.x Peixe em filé congeladox.x.x Peixe em filé frescox.x.x Peixe frescox.x.x Peixe salgado,8495,,,,
1995,84,Grupo - Pescados de água-doce,8495,8495,PEIXE EM FILÉ CONGELADO TRUTA,,9201,,9201,9201,x.x.x Pescados de água docex.x.x Acará frescax.x.x Acari frescox.x.x Anujá frescox.x.x Curimatã frescox.x.x Dourada frescax.x.x Jaraqui frescox.x.x Lambari frescox.x.x Mapará frescox.x.x Piau frescox.x.xx Surubim frescox.x.xx Tambaqui frescox.x.xx Tilápia frescax.x.xx Traíra frescax.x.xx Tucunaré frescox.x.xx Outros pescados em filé congeladox.x.xx Outros pescados em filé frescox.x.xx Outros pescados frescosx.x.xx Outros pescados salgadosx.x Pescados não especificadosx.x.x Peixe em filé congeladox.x.x Peixe em filé frescox.x.x Peixe frescox.x.x Peixe salgado,8501,,,,
1995,85,Grupo - Pescados de água-doce,8501,8501,AVIU,,9201,,9201,9201,x.x.x Pescados de água docex.x.x Acará frescax.x.x Acari frescox.x.x Anujá frescox.x.x Curimatã frescox.x.x Dourada frescax.x.x Jaraqui frescox.x.x Lambari frescox.x.x Mapará frescox.x.x Piau frescox.x.xx Surubim frescox.x.xx Tambaqui frescox.x.xx Tilápia frescax.x.xx Traíra frescax.x.xx Tucunaré frescox.x.xx Outros pescados em filé congeladox.x.xx Outros pescados em filé frescox.x.xx Outros pescados frescosx.x.xx Outros pescados salgadosx.x Pescados não especificadosx.x.x Peixe em filé congeladox.x.x Peixe em filé frescox.x.x Peixe frescox.x.x Peixe salgado,8502,,,,
1995,85,Grupo - Pescados de água-doce,8502,8502,AVIU SEM CASCA,,9201,,9201,9201,x.x.x Pescados de água docex.x.x Acará frescax.x.x Acari frescox.x.x Anujá frescox.x.x Curimatã frescox.x.x Dourada frescax.x.x Jaraqui frescox.x.x Lambari frescox.x.x Mapará frescox.x.x Piau frescox.x.xx Surubim frescox.x.xx Tambaqui frescox.x.xx Tilápia frescax.x.xx Traíra frescax.x.xx Tucunaré frescox.x.xx Outros pescados em filé congeladox.x.xx Outros pescados em filé frescox.x.xx Outros pescados frescosx.x.xx Outros pescados salgadosx.x Pescados não especificadosx.x.x Peixe em filé congeladox.x.x Peixe em filé frescox.x.x Peixe frescox.x.x Peixe salgado,8504,,,,
1995,85,Grupo - Pescados de água-doce,8504,8504,AVIU SALGADO,,9201,,9201,9201,x.x.x Pescados de água docex.x.x Acará frescax.x.x Acari frescox.x.x Anujá frescox.x.x Curimatã frescox.x.x Dourada frescax.x.x Jaraqui frescox.x.x Lambari frescox.x.x Mapará frescox.x.x Piau frescox.x.xx Surubim frescox.x.xx Tambaqui frescox.x.xx Tilápia frescax.x.xx Traíra frescax.x.xx Tucunaré frescox.x.xx Outros pescados em filé congeladox.x.xx Outros pescados em filé frescox.x.xx Outros pescados frescosx.x.xx Outros pescados salgadosx.x Pescados não especificadosx.x.x Peixe em filé congeladox.x.x Peixe em filé frescox.x.x Peixe frescox.x.x Peixe salgado,8511,,,,
1995,85,Grupo - Pescados de água-doce,8511,8511,PEIXE INTEIRO MATRINXA,,9201,,9201,9201,x.x.x Pescados de água docex.x.x Acará frescax.x.x Acari frescox.x.x Anujá frescox.x.x Curimatã frescox.x.x Dourada frescax.x.x Jaraqui frescox.x.x Lambari frescox.x.x Mapará frescox.x.x Piau frescox.x.xx Surubim frescox.x.xx Tambaqui frescox.x.xx Tilápia frescax.x.xx Traíra frescax.x.xx Tucunaré frescox.x.xx Outros pescados em filé congeladox.x.xx Outros pescados em filé frescox.x.xx Outros pescados frescosx.x.xx Outros pescados salgadosx.x Pescados não especificadosx.x.x Peixe em filé congeladox.x.x Peixe em filé frescox.x.x Peixe frescox.x.x Peixe salgado,8512,,,,
1995,85,Grupo - Pescados de água-doce,8512,8512,PEIXE EM POSTAS MATRINXA,,9201,,9201,9201,x.x.x Pescados de água docex.x.x Acará frescax.x.x Acari frescox.x.x Anujá frescox.x.x Curimatã frescox.x.x Dourada frescax.x.x Jaraqui frescox.x.x Lambari frescox.x.x Mapará frescox.x.x Piau frescox.x.xx Surubim frescox.x.xx Tambaqui frescox.x.xx Tilápia frescax.x.xx Traíra frescax.x.xx Tucunaré frescox.x.xx Outros pescados em filé congeladox.x.xx Outros pescados em filé frescox.x.xx Outros pescados frescosx.x.xx Outros pescados salgadosx.x Pescados não especificadosx.x.x Peixe em filé congeladox.x.x Peixe em filé frescox.x.x Peixe frescox.x.x Peixe salgado,8513,,,,
1995,85,Grupo - Pescados de água-doce,8513,8513,PEIXE EM FILÉ FRESCO MATRINXA,,9201,,9201,9201,x.x.x Pescados de água docex.x.x Acará frescax.x.x Acari frescox.x.x Anujá frescox.x.x Curimatã frescox.x.x Dourada frescax.x.x Jaraqui frescox.x.x Lambari frescox.x.x Mapará frescox.x.x Piau frescox.x.xx Surubim frescox.x.xx Tambaqui frescox.x.xx Tilápia frescax.x.xx Traíra frescax.x.xx Tucunaré frescox.x.xx Outros pescados em filé congeladox.x.xx Outros pescados em filé frescox.x.xx Outros pescados frescosx.x.xx Outros pescados salgadosx.x Pescados não especificadosx.x.x Peixe em filé congeladox.x.x Peixe em filé frescox.x.x Peixe frescox.x.x Peixe salgado,8514,,,,
1995,85,Grupo - Pescados de água-doce,8514,8514,PEIXE SALGADO MATRINXA,,9201,,9201,9201,x.x.x Pescados de água docex.x.x Acará frescax.x.x Acari frescox.x.x Anujá frescox.x.x Curimatã frescox.x.x Dourada frescax.x.x Jaraqui frescox.x.x Lambari frescox.x.x Mapará frescox.x.x Piau frescox.x.xx Surubim frescox.x.xx Tambaqui frescox.x.xx Tilápia frescax.x.xx Traíra frescax.x.xx Tucunaré frescox.x.xx Outros pescados em filé congeladox.x.xx Outros pescados em filé frescox.x.xx Outros pescados frescosx.x.xx Outros pescados salgadosx.x Pescados não especificadosx.x.x Peixe em filé congeladox.x.x Peixe em filé frescox.x.x Peixe frescox.x.x Peixe salgado,8515,,,,
1995,85,Grupo - Pescados de água-doce,8515,8515,PEIXE EM FILÉ CONGELADO MATRINXA,,9201,,9201,9201,x.x.x Pescados de água docex.x.x Acará frescax.x.x Acari frescox.x.x Anujá frescox.x.x Curimatã frescox.x.x Dourada frescax.x.x Jaraqui frescox.x.x Lambari frescox.x.x Mapará frescox.x.x Piau frescox.x.xx Surubim frescox.x.xx Tambaqui frescox.x.xx Tilápia frescax.x.xx Traíra frescax.x.xx Tucunaré frescox.x.xx Outros pescados em filé congeladox.x.xx Outros pescados em filé frescox.x.xx Outros pescados frescosx.x.xx Outros pescados salgadosx.x Pescados não especificadosx.x.x Peixe em filé congeladox.x.x Peixe em filé frescox.x.x Peixe frescox.x.x Peixe salgado,9001,,,,
1995,90,Grupo - Pescados de água-doce,9001,9001,AZEITONA,,2212,,2212,2212,x.x.xx Outrasx.x.x Maxixex.x.x Azeitona em conservax.x.x Outros feijões,9002,,,,
1995,90,Grupo - Pescados de água-doce,9002,9002,ERVILHA (PETIT POIS),,2212,,2212,2212,x.x.xx Outrasx.x.x Maxixex.x.x Azeitona em conservax.x.x Outros feijões,9003,,,,
1995,90,Grupo - Pescados de água-doce,9003,9003,ERVILHA COM CENOURA EM CONSERVA,,2212,,2212,2212,x.x.xx Outrasx.x.x Maxixex.x.x Azeitona em conservax.x.x Outros feijões,9004,,,,
1995,90,Grupo - Pescados de água-doce,9004,9004,MILHO VERDE EM CONSERVA,,1102,,1102,1102,x.x.x Milho secox.x.x Milho em grãox.x.x Milho verde em conservax.x.x Milho verde em espiga,9005,,,,
1995,90,Grupo - Pescados de água-doce,9005,9005,PALMITO EM CONSERVA,,16103,,16103,16103,xx.x.x Outros produtos,9006,,,,
1995,90,Grupo - Pescados de água-doce,9006,9006,COGUMELO EM CONSERVA,,16103,,16103,16103,xx.x.x Outros produtos,9007,,,,
1995,90,Grupo - Pescados de água-doce,9007,9007,ASPARGO EM CONSERVA,,16103,,16103,16103,xx.x.x Outros produtos,9008,,,,
1995,90,Grupo - Pescados de água-doce,9008,9008,CENOURA EM CONSERVA,,16103,,16103,16103,xx.x.x Outros produtos,9009,,,,
1995,90,Grupo - Pescados de água-doce,9009,9009,REPOLHO EM CONSERVA,,16103,,16103,16103,xx.x.x Outros produtos,9010,,,,
1995,90,Grupo - Pescados de água-doce,9010,9010,TOMATE SEM PELE EM CONSERVA,,16103,,16103,16103,xx.x.x Outros produtos,9011,,,,
1995,90,Grupo - Pescados de água-doce,9011,9011,LEGUMES (NÃO ESPECIFICADO) EM CONSERVA,,16103,,16103,16103,xx.x.x Outros produtos,9012,,,,
1995,90,Grupo - Pescados de água-doce,9012,9012,SOPA INFANTIL DE QUALQUER SABOR,,16103,,16103,16103,xx.x.x Outros produtos,9013,,,,
1995,90,Grupo - Pescados de água-doce,9013,9013,SOPA DE LEGUMES EM CONSERVA,,16103,,16103,16103,xx.x.x Outros produtos,9014,,,,
1995,90,Grupo - Pescados de água-doce,9014,9014,SOPA DESIDRATADA DE QUALQUER SABOR,,16103,,16103,16103,xx.x.x Outros produtos,9016,,,,
1995,90,Grupo - Pescados de água-doce,9016,9016,PIMENTA MALAGUETA EM CONSERVA,,16103,,16103,16103,xx.x.x Outros produtos,9017,,,,
1995,90,Grupo - Pescados de água-doce,9017,9017,PIMENTA DE CHEIRO EM CONSERVA,,13210,,13210,13210,xx.x.xx Outrosxx.x.xx Vinagre não especificadoxx.x.x Coco raladoxx.x.x Outros caldos em tabletexx.x.x Colorauxx.x.x Leite de coco,9018,,,,
1995,90,Grupo - Pescados de água-doce,9018,9018,PIMENTA (NÃO ESPECIFICADA) EM CONSERVA,,13210,,13210,13210,xx.x.xx Outrosxx.x.xx Vinagre não especificadoxx.x.x Coco raladoxx.x.x Outros caldos em tabletexx.x.x Colorauxx.x.x Leite de coco,9019,,,,
1995,90,Grupo - Pescados de água-doce,9019,9019,FEIJOADA EM CONSERVA,,16103,,16103,16103,xx.x.x Outros produtos,9020,,,,
1995,90,Grupo - Pescados de água-doce,9020,9020,FEIJÃO BRANCO COM DOBRADINHA EM CONSERVA,,16103,,16103,16103,xx.x.x Outros produtos,9021,,,,
1995,90,Grupo - Pescados de água-doce,9021,9021,COSIDO EM CONSERVA,,16103,,16103,16103,xx.x.x Outros produtos,9022,,,,
1995,90,Grupo - Pescados de água-doce,9022,9022,PATÊ DE FÍGADO EM CONSERVA,,8101,,8101,8101,x.x.x Bovina Fígado,9023,,,,
1995,90,Grupo - Pescados de água-doce,9023,9023,PATÊ DE CARNE EM CONSERVA,,7208,,7208,7208,x.x.x Outros  Capa de filéx.x.x Carne não especificadax.x.x Carne de hambúrgerx.x.x Carne de solx.x.x Carne moída não especificadax.x.x Carne não especificadax.x.x Mocotóx.x.x Outras x.x.x Carne-seca,9024,,,,
1995,90,Grupo - Pescados de água-doce,9024,9024,PATÊ DE PRESUNTO EM CONSERVA,,16103,,16103,16103,xx.x.x Outros produtos,9025,,,,
1995,90,Grupo - Pescados de água-doce,9025,9025,PATÊ DE GALINHA EM CONSERVA,,16103,,16103,16103,xx.x.x Outros produtos,9026,,,,
1995,90,Grupo - Pescados de água-doce,9026,9026,CARNE DE BOI EM CONSERVA,,7208,,7208,7208,x.x.x Outros  Capa de filéx.x.x Carne não especificadax.x.x Carne de hambúrgerx.x.x Carne de solx.x.x Carne moída não especificadax.x.x Carne não especificadax.x.x Mocotóx.x.x Outras x.x.x Carne-seca,9027,,,,
1995,90,Grupo - Pescados de água-doce,9027,9027,CARNE DE PORCO EM CONSERVA,,7506,,7506,7506,x.x.xx Outrasx.x.x Cane salgada não especificadax.x.x Costela de porco salgadax.x.x Paiox.x.x Pé de porco salgadox.x.x Salame,9028,,,,
1995,90,Grupo - Pescados de água-doce,9028,9028,SALSICHA EM CONSERVA,,7503,,7503,7503,x.x.x Salsichax.x.x Salsicha comum,9029,,,,
1995,90,Grupo - Pescados de água-doce,9029,9029,LINGUIÇA EM CONSERVA,,7506,,7506,7506,x.x.xx Outrasx.x.x Cane salgada não especificadax.x.x Costela de porco salgadax.x.x Paiox.x.x Pé de porco salgadox.x.x Salame,9030,,,,
1995,90,Grupo - Pescados de água-doce,9030,9030,PEIXE SARDINHA EM CONSERVA,,9107,,9107,9107,x.x.xx Sardinha em conserva,9031,,,,
1995,90,Grupo - Pescados de água-doce,9031,9031,PEIXE ANCHOVA EM CONSERVA,,9109,,9109,9109,x.x.xx Outrosx.x.x Anchova frescax.x.x Bagre frescox.x.x Cação frescox.x.x Meluza em filé congeladox.x.x Merluza em filé frescox.x.x Parati frescox.x.x Pescada em filé congeladox.x.xx Tainha frescax.x.xx Outros pescados em filé congeladox.x.xx Outros pescados em filé frescox.x.xx Outros pescados frescosx.x.x Outros pescados salgados,9032,,,,
1995,90,Grupo - Pescados de água-doce,9032,9032,PEIXE CORVINA EM CONSERVA,,9109,,9109,9109,x.x.xx Outrosx.x.x Anchova frescax.x.x Bagre frescox.x.x Cação frescox.x.x Meluza em filé congeladox.x.x Merluza em filé frescox.x.x Parati frescox.x.x Pescada em filé congeladox.x.xx Tainha frescax.x.xx Outros pescados em filé congeladox.x.xx Outros pescados em filé frescox.x.xx Outros pescados frescosx.x.x Outros pescados salgados,9033,,,,
1995,90,Grupo - Pescados de água-doce,9033,9033,PEIXE CAVALINHA EM CONSERVA,,9109,,9109,9109,x.x.xx Outrosx.x.x Anchova frescax.x.x Bagre frescox.x.x Cação frescox.x.x Meluza em filé congeladox.x.x Merluza em filé frescox.x.x Parati frescox.x.x Pescada em filé congeladox.x.xx Tainha frescax.x.xx Outros pescados em filé congeladox.x.xx Outros pescados em filé frescox.x.xx Outros pescados frescosx.x.x Outros pescados salgados,9034,,,,
1995,90,Grupo - Pescados de água-doce,9034,9034,PEIXE ATUM EM CONSERVA,,9109,,9109,9109,x.x.xx Outrosx.x.x Anchova frescax.x.x Bagre frescox.x.x Cação frescox.x.x Meluza em filé congeladox.x.x Merluza em filé frescox.x.x Parati frescox.x.x Pescada em filé congeladox.x.xx Tainha frescax.x.xx Outros pescados em filé congeladox.x.xx Outros pescados em filé frescox.x.xx Outros pescados frescosx.x.x Outros pescados salgados,9035,,,,
1995,90,Grupo - Pescados de água-doce,9035,9035,PEIXE SAVELHA EM CONSERVA,,9109,,9109,9109,x.x.xx Outrosx.x.x Anchova frescax.x.x Bagre frescox.x.x Cação frescox.x.x Meluza em filé congeladox.x.x Merluza em filé frescox.x.x Parati frescox.x.x Pescada em filé congeladox.x.xx Tainha frescax.x.xx Outros pescados em filé congeladox.x.xx Outros pescados em filé frescox.x.xx Outros pescados frescosx.x.x Outros pescados salgados,9036,,,,
1995,90,Grupo - Pescados de água-doce,9036,9036,CAMARÃO EM CONSERVA,,9109,,9109,9109,x.x.xx Outrosx.x.x Anchova frescax.x.x Bagre frescox.x.x Cação frescox.x.x Meluza em filé congeladox.x.x Merluza em filé frescox.x.x Parati frescox.x.x Pescada em filé congeladox.x.xx Tainha frescax.x.xx Outros pescados em filé congeladox.x.xx Outros pescados em filé frescox.x.xx Outros pescados frescosx.x.x Outros pescados salgados,9037,,,,
1995,90,Grupo - Pescados de água-doce,9037,9037,PEPINO EM CONSERVA,,16103,,16103,16103,xx.x.x Outros produtos,9038,,,,
1995,90,Grupo - Pescados de água-doce,9038,9038,CEBOLA EM CONSERVA,,16103,,16103,16103,xx.x.x Outros produtos,9039,,,,
1995,90,Grupo - Pescados de água-doce,9039,9039,PATÊ DE PEIXE EM CONSERVA,,9109,,9109,9109,x.x.xx Outrosx.x.x Anchova frescax.x.x Bagre frescox.x.x Cação frescox.x.x Meluza em filé congeladox.x.x Merluza em filé frescox.x.x Parati frescox.x.x Pescada em filé congeladox.x.xx Tainha frescax.x.xx Outros pescados em filé congeladox.x.xx Outros pescados em filé frescox.x.xx Outros pescados frescosx.x.x Outros pescados salgados,9040,,,,
1995,90,Grupo - Pescados de água-doce,9040,9040,PICLES,,16103,,16103,16103,xx.x.x Outros produtos,9041,,,,
1995,90,Grupo - Pescados de água-doce,9041,9041,PEIXE BONITO EM CONSERVA,,9109,,9109,9109,x.x.xx Outrosx.x.x Anchova frescax.x.x Bagre frescox.x.x Cação frescox.x.x Meluza em filé congeladox.x.x Merluza em filé frescox.x.x Parati frescox.x.x Pescada em filé congeladox.x.xx Tainha frescax.x.xx Outros pescados em filé congeladox.x.xx Outros pescados em filé frescox.x.xx Outros pescados frescosx.x.x Outros pescados salgados,9042,,,,
1995,90,Grupo - Pescados de água-doce,9042,9042,LENTILHA EM CONSERVA,,16103,,16103,16103,xx.x.x Outros produtos,9043,,,,
1995,90,Grupo - Pescados de água-doce,9043,9043,MORTADELA EM CONSERVA,,16103,,16103,16103,xx.x.x Outros produtos,9044,,,,
1995,90,Grupo - Pescados de água-doce,9044,9044,ALGAS EM CONSERVA,,9109,,9109,9109,x.x.xx Outrosx.x.x Anchova frescax.x.x Bagre frescox.x.x Cação frescox.x.x Meluza em filé congeladox.x.x Merluza em filé frescox.x.x Parati frescox.x.x Pescada em filé congeladox.x.xx Tainha frescax.x.xx Outros pescados em filé congeladox.x.xx Outros pescados em filé frescox.x.xx Outros pescados frescosx.x.x Outros pescados salgados,9045,,,,
1995,90,Grupo - Pescados de água-doce,9045,9045,PEIXES PESCADA EM CONSERVA,,9109,,9109,9109,x.x.xx Outrosx.x.x Anchova frescax.x.x Bagre frescox.x.x Cação frescox.x.x Meluza em filé congeladox.x.x Merluza em filé frescox.x.x Parati frescox.x.x Pescada em filé congeladox.x.xx Tainha frescax.x.xx Outros pescados em filé congeladox.x.xx Outros pescados em filé frescox.x.xx Outros pescados frescosx.x.x Outros pescados salgados,9046,,,,
1995,90,Grupo - Pescados de água-doce,9046,9046,CARNE DE FRANGO OU GALINHA EM CONSERVA,,16103,,16103,16103,xx.x.x Outros produtos,9047,,,,
1995,90,Grupo - Pescados de água-doce,9047,9047,PATÊ DE PERU EM CONSERVA,,7602,,7602,7602,x.x.x Outrasx.x.x Carne de cabritox.x.x Carne de carneiro,9048,,,,
1995,90,Grupo - Pescados de água-doce,9048,9048,PATÊ DE LINGUA EM CONSERVA,,16103,,16103,16103,xx.x.x Outros produtos,9049,,,,
1995,90,Grupo - Pescados de água-doce,9049,9049,PEIXE TAINHA EM CONSERVA,,16103,,16103,16103,xx.x.x Outros produtos,9050,,,,
1995,90,Grupo - Pescados de água-doce,9050,9050,BERBIGÃO EM CONSERVA,,16103,,16103,16103,xx.x.x Outros produtos,9051,,,,
1995,90,Grupo - Pescados de água-doce,9051,9051,FIAMBRE DE CHESTER,,,,,16103,xx.x.x Outros produtos,9052,,,,
1995,90,Grupo - Pescados de água-doce,9052,9052,NABO EM CONSERVA,,,,,16103,xx.x.x Outros produtos,9053,,,,
1995,90,Grupo - Pescados de água-doce,9053,9053,ALICHE,,,,,16103,xx.x.x Outros produtos,9054,,,,
1995,90,Grupo - Pescados de água-doce,9054,9054,STROGONOFF EM CONSERVA,,,,,16103,xx.x.x Outros produtos,9055,,,,
1995,90,Grupo - Pescados de água-doce,9055,9055,CONSERVANTE PARA ALIMENTOS,,,,,16103,xx.x.x Outros produtos,9101,,,,
1995,91,Grupo - Enlatados e conservas,9101,9101,FRANGO ABATIDO,,10104,,10104,10104,xx.x.x Frango abatido (inteiro)xx.x.x Frango abatido,9102,,,,
1995,91,Grupo - Enlatados e conservas,9102,9102,FRANGO CONGELADO,,10104,,10104,10104,xx.x.x Frango abatido (inteiro)xx.x.x Frango abatido,9103,,,,
1995,91,Grupo - Enlatados e conservas,9103,9103,PARTE DE GALINHA OU FRANGO (NÃO ESPECIFICADO),,10102,,10102,10102,xx.x.x Carne de frango não especificadaxx.x.x Carne não especificada de galinha,9104,,,,
1995,91,Grupo - Enlatados e conservas,9104,9104,PEITO DE GALINHA OU FRANGO,,10106,,10106,10106,xx.x.x Peito de frangoxx.x.x Peito de galinha,9105,,,,
1995,91,Grupo - Enlatados e conservas,9105,9105,COXA DE GALINHA OU FRANGO,,10103,,10103,10103,xx.x.x Coxa de frangoxx.x.x Coxa de galinha,9106,,,,
1995,91,Grupo - Enlatados e conservas,9106,9106,DORSO DE GALINHA OU FRANGO,,10107,,10107,10107,xx.x.xx Outrasxx.x.x Dorso de frangoxx.x.x Miúdos de frangoxx.x.x Outras carnes de frangoxx.x.xx Pato inteiro ou em cortesxx.x.xx Peru abatidoxx.x.xx Peru em cortes,9107,,,,
1995,91,Grupo - Enlatados e conservas,9107,9107,ASA DE GALINHA OU FRANGO,,10101,,10101,10101,xx.x.x Asa de frangoxx.x.x Asa de galinha,9108,,,,
1995,91,Grupo - Enlatados e conservas,9108,9108,PESCOÇO DE GALINHA OU FRANGO,,10107,,10107,10107,xx.x.xx Outrasxx.x.x Dorso de frangoxx.x.x Miúdos de frangoxx.x.x Outras carnes de frangoxx.x.xx Pato inteiro ou em cortesxx.x.xx Peru abatidoxx.x.xx Peru em cortes,9109,,,,
1995,91,Grupo - Enlatados e conservas,9109,9109,PÉ DE GALINHA OU FRANGO,,10107,,10107,10107,xx.x.xx Outrasxx.x.x Dorso de frangoxx.x.x Miúdos de frangoxx.x.x Outras carnes de frangoxx.x.xx Pato inteiro ou em cortesxx.x.xx Peru abatidoxx.x.xx Peru em cortes,9110,,,,
1995,91,Grupo - Enlatados e conservas,9110,9110,MIÚDOS DE GALINHA OU FRANGO (NÃO ESPECIFICADO),,10107,,10107,10107,xx.x.xx Outrasxx.x.x Dorso de frangoxx.x.x Miúdos de frangoxx.x.x Outras carnes de frangoxx.x.xx Pato inteiro ou em cortesxx.x.xx Peru abatidoxx.x.xx Peru em cortes,9111,,,,
1995,91,Grupo - Enlatados e conservas,9111,9111,MOELA DE GALINHA OU FRANGO,,10107,,10107,10107,xx.x.xx Outrasxx.x.x Dorso de frangoxx.x.x Miúdos de frangoxx.x.x Outras carnes de frangoxx.x.xx Pato inteiro ou em cortesxx.x.xx Peru abatidoxx.x.xx Peru em cortes,9112,,,,
1995,91,Grupo - Enlatados e conservas,9112,9112,CORAÇÃO DE GALINHA OU FRANGO,,10107,,10107,10107,xx.x.xx Outrasxx.x.x Dorso de frangoxx.x.x Miúdos de frangoxx.x.x Outras carnes de frangoxx.x.xx Pato inteiro ou em cortesxx.x.xx Peru abatidoxx.x.xx Peru em cortes,9113,,,,
1995,91,Grupo - Enlatados e conservas,9113,9113,FIGADO DE GALINHA OU FRANGO,,10107,,10107,10107,xx.x.xx Outrasxx.x.x Dorso de frangoxx.x.x Miúdos de frangoxx.x.x Outras carnes de frangoxx.x.xx Pato inteiro ou em cortesxx.x.xx Peru abatidoxx.x.xx Peru em cortes,9114,,,,
1995,91,Grupo - Enlatados e conservas,9114,9114,FRANGO VIVO,,10105,,10105,10105,xx.x.x Frango vivo,9115,,,,
1995,91,Grupo - Enlatados e conservas,9115,9115,PERÚ ABATIDO,,10107,,10107,10107,xx.x.xx Outrasxx.x.x Dorso de frangoxx.x.x Miúdos de frangoxx.x.x Outras carnes de frangoxx.x.xx Pato inteiro ou em cortesxx.x.xx Peru abatidoxx.x.xx Peru em cortes,9116,,,,
1995,91,Grupo - Enlatados e conservas,9116,9116,PERÚ CONGELADO,,10107,,10107,10107,xx.x.xx Outrasxx.x.x Dorso de frangoxx.x.x Miúdos de frangoxx.x.x Outras carnes de frangoxx.x.xx Pato inteiro ou em cortesxx.x.xx Peru abatidoxx.x.xx Peru em cortes,9117,,,,
1995,91,Grupo - Enlatados e conservas,9117,9117,PARTE DE PERÚ (NÃO ESPECIFICADA),,10107,,10107,10107,xx.x.xx Outrasxx.x.x Dorso de frangoxx.x.x Miúdos de frangoxx.x.x Outras carnes de frangoxx.x.xx Pato inteiro ou em cortesxx.x.xx Peru abatidoxx.x.xx Peru em cortes,9118,,,,
1995,91,Grupo - Enlatados e conservas,9118,9118,PEITO DE PERÚ,,10107,,10107,10107,xx.x.xx Outrasxx.x.x Dorso de frangoxx.x.x Miúdos de frangoxx.x.x Outras carnes de frangoxx.x.xx Pato inteiro ou em cortesxx.x.xx Peru abatidoxx.x.xx Peru em cortes,9119,,,,
1995,91,Grupo - Enlatados e conservas,9119,9119,COXA DE PERÚ,,10107,,10107,10107,xx.x.xx Outrasxx.x.x Dorso de frangoxx.x.x Miúdos de frangoxx.x.x Outras carnes de frangoxx.x.xx Pato inteiro ou em cortesxx.x.xx Peru abatidoxx.x.xx Peru em cortes,9120,,,,
1995,91,Grupo - Enlatados e conservas,9120,9120,DORSO DE PERÚ,,10107,,10107,10107,xx.x.xx Outrasxx.x.x Dorso de frangoxx.x.x Miúdos de frangoxx.x.x Outras carnes de frangoxx.x.xx Pato inteiro ou em cortesxx.x.xx Peru abatidoxx.x.xx Peru em cortes,9121,,,,
1995,91,Grupo - Enlatados e conservas,9121,9121,ASA DE PERÚ,,10107,,10107,10107,xx.x.xx Outrasxx.x.x Dorso de frangoxx.x.x Miúdos de frangoxx.x.x Outras carnes de frangoxx.x.xx Pato inteiro ou em cortesxx.x.xx Peru abatidoxx.x.xx Peru em cortes,9122,,,,
1995,91,Grupo - Enlatados e conservas,9122,9122,PERÚ VIVO,,10107,,10107,10107,xx.x.xx Outrasxx.x.x Dorso de frangoxx.x.x Miúdos de frangoxx.x.x Outras carnes de frangoxx.x.xx Pato inteiro ou em cortesxx.x.xx Peru abatidoxx.x.xx Peru em cortes,9130,,,,
1995,91,Grupo - Enlatados e conservas,9130,9130,"CODORNA ABATIDA, CONGELADA OU VIVA",,10107,,10107,10107,xx.x.xx Outrasxx.x.x Dorso de frangoxx.x.x Miúdos de frangoxx.x.x Outras carnes de frangoxx.x.xx Pato inteiro ou em cortesxx.x.xx Peru abatidoxx.x.xx Peru em cortes,9133,,,,
1995,91,Grupo - Enlatados e conservas,9133,9133,OVO DE GALINHA,,10201,,10201,10201,xx.x.x Ovo de galinha,9134,,,,
1995,91,Grupo - Enlatados e conservas,9134,9134,OVO DE PATA,,10202,,10202,10202,xx.x.x Outros,9135,,,,
1995,91,Grupo - Enlatados e conservas,9135,9135,OVO DE CODORNA,,10202,,10202,10202,xx.x.x Outros,9136,,,,
1995,91,Grupo - Enlatados e conservas,9136,9136,OVO DE GANSA,,10202,,10202,10202,xx.x.x Outros,9137,,,,
1995,91,Grupo - Enlatados e conservas,9137,9137,"OUTRAS AVES ABATIDAS, CONGELADAS OU VIVAS",,10107,,10107,10107,xx.x.xx Outrasxx.x.x Dorso de frangoxx.x.x Miúdos de frangoxx.x.x Outras carnes de frangoxx.x.xx Pato inteiro ou em cortesxx.x.xx Peru abatidoxx.x.xx Peru em cortes,9138,,,,
1995,91,Grupo - Enlatados e conservas,9138,9138,MIUDOS DE PERÚ (NÃO ESPECIFICADOS),,10107,,10107,10107,xx.x.xx Outrasxx.x.x Dorso de frangoxx.x.x Miúdos de frangoxx.x.x Outras carnes de frangoxx.x.xx Pato inteiro ou em cortesxx.x.xx Peru abatidoxx.x.xx Peru em cortes,9139,,,,
1995,91,Grupo - Enlatados e conservas,9139,9139,"PATO ABATIDO, CONGELADO OU VIVO",,10107,,10107,10107,xx.x.xx Outrasxx.x.x Dorso de frangoxx.x.x Miúdos de frangoxx.x.x Outras carnes de frangoxx.x.xx Pato inteiro ou em cortesxx.x.xx Peru abatidoxx.x.xx Peru em cortes,9140,,,,
1995,91,Grupo - Enlatados e conservas,9140,9140,"CABEÇA DE GALINHA, PATO, PERÚ, MARRECO, GALINHA D´ANGOLA",,10107,,10107,10107,xx.x.xx Outrasxx.x.x Dorso de frangoxx.x.x Miúdos de frangoxx.x.x Outras carnes de frangoxx.x.xx Pato inteiro ou em cortesxx.x.xx Peru abatidoxx.x.xx Peru em cortes,9141,,,,
1995,91,Grupo - Enlatados e conservas,9141,9141,PESCOÇO DE PERU,,10107,,10107,10107,xx.x.xx Outrasxx.x.x Dorso de frangoxx.x.x Miúdos de frangoxx.x.x Outras carnes de frangoxx.x.xx Pato inteiro ou em cortesxx.x.xx Peru abatidoxx.x.xx Peru em cortes,9142,,,,
1995,91,Grupo - Enlatados e conservas,9142,9142,"SANGUE DE GALINHA, PATO, PERU",,,,,10107,xx.x.xx Outrasxx.x.x Dorso de frangoxx.x.x Miúdos de frangoxx.x.x Outras carnes de frangoxx.x.xx Pato inteiro ou em cortesxx.x.xx Peru abatidoxx.x.xx Peru em cortes,9143,,,,
1995,91,Grupo - Enlatados e conservas,9143,9143,OVO DE MARRECA,,,,,11106,xx.x.x Outros,9151,,,,
1995,91,Grupo - Enlatados e conservas,9151,9151,LEITE DE VACA PASTEURIZADO,,11104,,11104,11104,xx.x.x Leite de vaca pasteurizado,9152,,,,
1995,91,Grupo - Enlatados e conservas,9152,9152,LEITE DE VACA FRESCO (IN NATURA),,11103,,11103,11103,xx.x.x Leite de vaca fresco,9153,,,,
1995,91,Grupo - Enlatados e conservas,9153,9153,LEITE DE CABRA,,11106,,11106,11106,xx.x.x Outros,9154,,,,
1995,91,Grupo - Enlatados e conservas,9154,9154,LEITE DE BUFALA,,11106,,11106,11106,xx.x.x Outros,9155,,,,
1995,91,Grupo - Enlatados e conservas,9155,9155,LEITE DE JUMENTA,,11106,,11106,11106,xx.x.x Outros,9156,,,,
1995,91,Grupo - Enlatados e conservas,9156,9156,LEITE EM PÓ INTEGRAL,,11105,,11105,11105,xx.x.x Leite em pó integralxx.x.x Leite em pó desengorduradoxx.x.x Leite em pó não especificado,9157,,,,
1995,91,Grupo - Enlatados e conservas,9157,9157,LEITE EM PÓ DESENGORDURADO,,11105,,11105,11105,xx.x.x Leite em pó integralxx.x.x Leite em pó desengorduradoxx.x.x Leite em pó não especificado,9158,,,,
1995,91,Grupo - Enlatados e conservas,9158,9158,LEITE EM PÓ (NÃO ESPECIFICADO),,11105,,11105,11105,xx.x.x Leite em pó integralxx.x.x Leite em pó desengorduradoxx.x.x Leite em pó não especificado,9159,,,,
1995,91,Grupo - Enlatados e conservas,9159,9159,LEITE CONDENSADO,,11102,,11102,11102,xx.x.x Leite condensado,9160,,,,
1995,91,Grupo - Enlatados e conservas,9160,9160,CREME DE LEITE,,11101,,11101,11101,xx.x.x Creme de leitexx.x.x Creme de leite em conserva,9161,,,,
1995,91,Grupo - Enlatados e conservas,9161,9161,CHANTILLY,,11106,,11106,11106,xx.x.x Outros,9162,,,,
1995,91,Grupo - Enlatados e conservas,9162,9162,IOGURTE DE QUALQUER SABOR,,11301,,11301,11301,xx.x.x Iogurte,9163,,,,
1995,91,Grupo - Enlatados e conservas,9163,9163,YAKULT DE QUALQUER SABOR,,11302,,11302,11302,xx.x.x Leite fermentado,9164,,,,
1995,91,Grupo - Enlatados e conservas,9164,9164,COALHADA,,11304,,11304,11304,xx.x.x Outros,9165,,,,
1995,91,Grupo - Enlatados e conservas,9165,9165,MANTEIGA COM OU SEM SAL,,11303,,11303,11303,xx.x.x Manteiga,9166,,,,
1995,91,Grupo - Enlatados e conservas,9166,9166,MARGARINA VEGETAL COM OU SEM SAL,,14201,,14201,14201,xx.x.x Margarina vegetal,9167,,,,
1995,91,Grupo - Enlatados e conservas,9167,9167,QUEIJO PRATO,,11203,,11203,11203,xx.x.x Queijo prato,9168,,,,
1995,91,Grupo - Enlatados e conservas,9168,9168,QUEIJO MUZARELLA,,11202,,11202,11202,xx.x.x Queijo mozarela,9169,,,,
1995,91,Grupo - Enlatados e conservas,9169,9169,QUEIJO DO REINO,,11202,,11202,11202,xx.x.x Queijo mozarela,9170,,,,
1995,91,Grupo - Enlatados e conservas,9170,9170,QUEIJO DE MINAS,,11201,,11201,11201,xx.x.x Queijo minas,9172,,,,
1995,91,Grupo - Enlatados e conservas,9172,9172,QUEIJO RICOTA,,11204,,11204,11204,xx.x.x Outros queijosxx.x.x Queijo não especificadoxx.x.x Queijo parmezão,9174,,,,
1995,91,Grupo - Enlatados e conservas,9174,9174,QUEIJO PARMEZON,,11204,,11204,11204,xx.x.x Outros queijosxx.x.x Queijo não especificadoxx.x.x Queijo parmezão,9175,,,,
1995,91,Grupo - Enlatados e conservas,9175,9175,QUEIJO PROVOLONE,,11204,,11204,11204,xx.x.x Outros queijosxx.x.x Queijo não especificadoxx.x.x Queijo parmezão,9176,,,,
1995,91,Grupo - Enlatados e conservas,9176,9176,QUEIJO CAMEMBERT,,11204,,11204,11204,xx.x.x Outros queijosxx.x.x Queijo não especificadoxx.x.x Queijo parmezão,9177,,,,
1995,91,Grupo - Enlatados e conservas,9177,9177,QUEIJO DE MARAJO,,11204,,11204,11204,xx.x.x Outros queijosxx.x.x Queijo não especificadoxx.x.x Queijo parmezão,9178,,,,
1995,91,Grupo - Enlatados e conservas,9178,9178,QUEIJO POLEGUINHO,,11204,,11204,11204,xx.x.x Outros queijosxx.x.x Queijo não especificadoxx.x.x Queijo parmezão,9179,,,,
1995,91,Grupo - Enlatados e conservas,9179,9179,REQUEIJÃO,,11205,,11205,11205,xx.x.x Requeijão,9180,,,,
1995,91,Grupo - Enlatados e conservas,9180,9180,QUEIJO (NÃO ESPECIFICADO),,11204,,11204,11204,xx.x.x Outros queijosxx.x.x Queijo não especificadoxx.x.x Queijo parmezão,9182,,,,
1995,91,Grupo - Enlatados e conservas,9182,9182,NATA DOCE OU SALGADA,,11204,,11204,11204,xx.x.x Outros queijosxx.x.x Queijo não especificadoxx.x.x Queijo parmezão,9185,,,,
1995,91,Grupo - Enlatados e conservas,9185,9185,LEITE DE SOJA EM PÓ,,11204,,11204,11204,xx.x.x Outros queijosxx.x.x Queijo não especificadoxx.x.x Queijo parmezão,9186,,,,
1995,91,Grupo - Enlatados e conservas,9186,9186,QUEIJO DE SOJA,,11204,,11204,11204,xx.x.x Outros queijosxx.x.x Queijo não especificadoxx.x.x Queijo parmezão,9187,,,,
1995,91,Grupo - Enlatados e conservas,9187,9187,QUEIJO GORGONZOLA,,11204,,11204,11204,xx.x.x Outros queijosxx.x.x Queijo não especificadoxx.x.x Queijo parmezão,9188,,,,
1995,91,Grupo - Enlatados e conservas,9188,9188,LEITE COM SABOR,,11106,,11106,11106,xx.x.x Outros,9189,,,,
1995,91,Grupo - Enlatados e conservas,9189,9189,LEITE DE SOJA COM SABOR (LÍQUIDO),,11106,,11106,11106,xx.x.x Outros,9196,,,,
1995,91,Grupo - Enlatados e conservas,9196,9196,OUTROS QUEIJOS,,,,,11106,xx.x.x Outros,9201,,,,
1995,92,"Grupo - Aves, ovos e laticínios",9201,9201,PÃO FRANCES,,6103,,6103,6103,x.x.x Pão francês,9202,,,,
1995,92,"Grupo - Aves, ovos e laticínios",9202,9202,PÃO DOCE,,6102,,6102,6102,x.x.x Pão doce,9203,,,,
1995,92,"Grupo - Aves, ovos e laticínios",9203,9203,PÃO DE FORMA DE PADARIA (ADOCICADO),,6101,,6101,6101,x.x.x Pão de forma industrializado,9204,,,,
1995,92,"Grupo - Aves, ovos e laticínios",9204,9204,PÃO DE FORMA DE PADARIA (SALGADO),,6101,,6101,6101,x.x.x Pão de forma industrializado,9205,,,,
1995,92,"Grupo - Aves, ovos e laticínios",9205,9205,PÃO DE FORMA INDUSTRIALIZADO DE QUALQUER MARCA,,6101,,6101,6101,x.x.x Pão de forma industrializado,9206,,,,
1995,92,"Grupo - Aves, ovos e laticínios",9206,9206,PÃO DE ARROZ,,6104,,6104,6104,x.x.x Pão caseirox.x.x Pão de forma de padariax.x.x Pão de milhox.x.x Pão de queijox.x.x Pão integralx.x.x Torradax.x.x Outros,9207,,,,
1995,92,"Grupo - Aves, ovos e laticínios",9207,9207,PÃO DE GLUTEN,,6104,,6104,6104,x.x.x Pão caseirox.x.x Pão de forma de padariax.x.x Pão de milhox.x.x Pão de queijox.x.x Pão integralx.x.x Torradax.x.x Outros,9208,,,,
1995,92,"Grupo - Aves, ovos e laticínios",9208,9208,PÃO DE QUEIJO,,6104,,6104,6104,x.x.x Pão caseirox.x.x Pão de forma de padariax.x.x Pão de milhox.x.x Pão de queijox.x.x Pão integralx.x.x Torradax.x.x Outros,9209,,,,
1995,92,"Grupo - Aves, ovos e laticínios",9209,9209,PÃO DE CEVADA,,6104,,6104,6104,x.x.x Pão caseirox.x.x Pão de forma de padariax.x.x Pão de milhox.x.x Pão de queijox.x.x Pão integralx.x.x Torradax.x.x Outros,9210,,,,
1995,92,"Grupo - Aves, ovos e laticínios",9210,9210,PÃO DE BATATA,,6104,,6104,6104,x.x.x Pão caseirox.x.x Pão de forma de padariax.x.x Pão de milhox.x.x Pão de queijox.x.x Pão integralx.x.x Torradax.x.x Outros,9211,,,,
1995,92,"Grupo - Aves, ovos e laticínios",9211,9211,PÃO DE MILHO,,6104,,6104,6104,x.x.x Pão caseirox.x.x Pão de forma de padariax.x.x Pão de milhox.x.x Pão de queijox.x.x Pão integralx.x.x Torradax.x.x Outros,9212,,,,
1995,92,"Grupo - Aves, ovos e laticínios",9212,9212,PÃO DE AIPIM,,6104,,6104,6104,x.x.x Pão caseirox.x.x Pão de forma de padariax.x.x Pão de milhox.x.x Pão de queijox.x.x Pão integralx.x.x Torradax.x.x Outros,9213,,,,
1995,92,"Grupo - Aves, ovos e laticínios",9213,9213,PÃO DE CENTEIO,,6104,,6104,6104,x.x.x Pão caseirox.x.x Pão de forma de padariax.x.x Pão de milhox.x.x Pão de queijox.x.x Pão integralx.x.x Torradax.x.x Outros,9214,,,,
1995,92,"Grupo - Aves, ovos e laticínios",9214,9214,PÃO DE INTEGRAL,,6104,,6104,6104,x.x.x Pão caseirox.x.x Pão de forma de padariax.x.x Pão de milhox.x.x Pão de queijox.x.x Pão integralx.x.x Torradax.x.x Outros,9215,,,,
1995,92,"Grupo - Aves, ovos e laticínios",9215,9215,PÃO DE CARA,,6104,,6104,6104,x.x.x Pão caseirox.x.x Pão de forma de padariax.x.x Pão de milhox.x.x Pão de queijox.x.x Pão integralx.x.x Torradax.x.x Outros,9216,,,,
1995,92,"Grupo - Aves, ovos e laticínios",9216,9216,PÃO DE INHAME,,6104,,6104,6104,x.x.x Pão caseirox.x.x Pão de forma de padariax.x.x Pão de milhox.x.x Pão de queijox.x.x Pão integralx.x.x Torradax.x.x Outros,9217,,,,
1995,92,"Grupo - Aves, ovos e laticínios",9217,9217,PÃO DE AVEIA,,6104,,6104,6104,x.x.x Pão caseirox.x.x Pão de forma de padariax.x.x Pão de milhox.x.x Pão de queijox.x.x Pão integralx.x.x Torradax.x.x Outros,9218,,,,
1995,92,"Grupo - Aves, ovos e laticínios",9218,9218,PÃO DE RABANADA,,6104,,6104,6104,x.x.x Pão caseirox.x.x Pão de forma de padariax.x.x Pão de milhox.x.x Pão de queijox.x.x Pão integralx.x.x Torradax.x.x Outros,9219,,,,
1995,92,"Grupo - Aves, ovos e laticínios",9219,9219,TORRADA DE QUALQUER PÃO,,6104,,6104,6104,x.x.x Pão caseirox.x.x Pão de forma de padariax.x.x Pão de milhox.x.x Pão de queijox.x.x Pão integralx.x.x Torradax.x.x Outros,9220,,,,
1995,92,"Grupo - Aves, ovos e laticínios",9220,9220,ROSCA DOCE,,6303,,6303,6303,x.x.x Biscoito não especificadox.x.x Rosca docex.x.x Rosca não especificadax.x.x Rosca salgadax.x.x Outros,9221,,,,
1995,92,"Grupo - Aves, ovos e laticínios",9221,9221,ROSCA SALGADA,,6303,,6303,6303,x.x.x Biscoito não especificadox.x.x Rosca docex.x.x Rosca não especificadax.x.x Rosca salgadax.x.x Outros,9222,,,,
1995,92,"Grupo - Aves, ovos e laticínios",9222,9222,BISCOITO SALGADO,,6302,,6302,6302,x.x.x Biscoito salgado,9223,,,,
1995,92,"Grupo - Aves, ovos e laticínios",9223,9223,BISCOITO DOCE,,6301,,6301,6301,x.x.x Biscoito doce,9224,,,,
1995,92,"Grupo - Aves, ovos e laticínios",9224,9224,BISCOITO DE POLVILHO DOCE,,6301,,6301,6301,x.x.x Biscoito doce,9225,,,,
1995,92,"Grupo - Aves, ovos e laticínios",9225,9225,BOLO DE QUALQUER MARCA E SABOR,,6303,,6303,6303,x.x.x Biscoito não especificadox.x.x Rosca docex.x.x Rosca não especificadax.x.x Rosca salgadax.x.x Outros,9226,,,,
1995,92,"Grupo - Aves, ovos e laticínios",9226,9226,BOLO DE MILHO,,6201,,6201,6201,x.x.x Bolo de trigox.x.x Outros bolos,9227,,,,
1995,92,"Grupo - Aves, ovos e laticínios",9227,9227,BOLO DE AIPIM,,6201,,6201,6201,x.x.x Bolo de trigox.x.x Outros bolos,9228,,,,
1995,92,"Grupo - Aves, ovos e laticínios",9228,9228,BOLO DE BATATA DOCE,,6201,,6201,6201,x.x.x Bolo de trigox.x.x Outros bolos,9229,,,,
1995,92,"Grupo - Aves, ovos e laticínios",9229,9229,BOLO DE ARROZ,,6201,,6201,6201,x.x.x Bolo de trigox.x.x Outros bolos,9230,,,,
1995,92,"Grupo - Aves, ovos e laticínios",9230,9230,BOLO DE CENTEIO,,6201,,6201,6201,x.x.x Bolo de trigox.x.x Outros bolos,9231,,,,
1995,92,"Grupo - Aves, ovos e laticínios",9231,9231,BOLO DE CARA,,6201,,6201,6201,x.x.x Bolo de trigox.x.x Outros bolos,9232,,,,
1995,92,"Grupo - Aves, ovos e laticínios",9232,9232,BOLO DE INHAME,,6201,,6201,6201,x.x.x Bolo de trigox.x.x Outros bolos,9233,,,,
1995,92,"Grupo - Aves, ovos e laticínios",9233,9233,MISTURAS INDUSTRIAIS DE PÃES,,6104,,6104,6104,x.x.x Pão caseirox.x.x Pão de forma de padariax.x.x Pão de milhox.x.x Pão de queijox.x.x Pão integralx.x.x Torradax.x.x Outros,9234,,,,
1995,92,"Grupo - Aves, ovos e laticínios",9234,9234,"MISTURAS INDUSTRIAIS DE BOLOS, TORTAS, BISCOITOS, ETC.",,16106,,16106,16106,xx.x.x Mistura para boloxx.x.x Mistura industrial para bolo,9235,,,,
1995,92,"Grupo - Aves, ovos e laticínios",9235,9235,TORTAS DOCES DE QUALQUER SABOR,,6303,,6303,6303,x.x.x Biscoito não especificadox.x.x Rosca docex.x.x Rosca não especificadax.x.x Rosca salgadax.x.x Outros,9236,,,,
1995,92,"Grupo - Aves, ovos e laticínios",9236,9236,TORTAS SALGADAS DE QUALQUER SABOR,,6303,,6303,6303,x.x.x Biscoito não especificadox.x.x Rosca docex.x.x Rosca não especificadax.x.x Rosca salgadax.x.x Outros,9237,,,,
1995,92,"Grupo - Aves, ovos e laticínios",9237,9237,SONHO,,6303,,6303,6303,x.x.x Biscoito não especificadox.x.x Rosca docex.x.x Rosca não especificadax.x.x Rosca salgadax.x.x Outros,9239,,,,
1995,92,"Grupo - Aves, ovos e laticínios",9239,9239,PÃO BRIOCHE,,6104,,6104,6104,x.x.x Pão caseirox.x.x Pão de forma de padariax.x.x Pão de milhox.x.x Pão de queijox.x.x Pão integralx.x.x Torradax.x.x Outros,9243,,,,
1995,92,"Grupo - Aves, ovos e laticínios",9243,9243,PÃO DE SOJA,,6104,,6104,6104,x.x.x Pão caseirox.x.x Pão de forma de padariax.x.x Pão de milhox.x.x Pão de queijox.x.x Pão integralx.x.x Torradax.x.x Outros,9244,,,,
1995,92,"Grupo - Aves, ovos e laticínios",9244,9244,"PÃO DE CENOURA, ALHO, CEBOLA, TORRESMO, ETC.",,6104,,6104,6104,x.x.x Pão caseirox.x.x Pão de forma de padariax.x.x Pão de milhox.x.x Pão de queijox.x.x Pão integralx.x.x Torradax.x.x Outros,9245,,,,
1995,92,"Grupo - Aves, ovos e laticínios",9245,9245,BRÔA DE COCO,,6104,,6104,6104,x.x.x Pão caseirox.x.x Pão de forma de padariax.x.x Pão de milhox.x.x Pão de queijox.x.x Pão integralx.x.x Torradax.x.x Outros,9251,,,,
1995,92,"Grupo - Aves, ovos e laticínios",9251,9251,CARNE SECA,,7208,,7208,7208,x.x.x Outros  Capa de filéx.x.x Carne não especificadax.x.x Carne de hambúrgerx.x.x Carne de solx.x.x Carne moída não especificadax.x.x Carne não especificadax.x.x Mocotóx.x.x Outras x.x.x Carne-seca,9252,,,,
1995,92,"Grupo - Aves, ovos e laticínios",9252,9252,CARNE DE SOL,,7208,,7208,7208,x.x.x Outros  Capa de filéx.x.x Carne não especificadax.x.x Carne de hambúrgerx.x.x Carne de solx.x.x Carne moída não especificadax.x.x Carne não especificadax.x.x Mocotóx.x.x Outras x.x.x Carne-seca,9253,,,,
1995,92,"Grupo - Aves, ovos e laticínios",9253,9253,CARNE DE BOI DEFUMADA,,7208,,7208,7208,x.x.x Outros  Capa de filéx.x.x Carne não especificadax.x.x Carne de hambúrgerx.x.x Carne de solx.x.x Carne moída não especificadax.x.x Carne não especificadax.x.x Mocotóx.x.x Outras x.x.x Carne-seca,9254,,,,
1995,92,"Grupo - Aves, ovos e laticínios",9254,9254,CARNE DE BOI SALGADA,,7208,,7208,7208,x.x.x Outros  Capa de filéx.x.x Carne não especificadax.x.x Carne de hambúrgerx.x.x Carne de solx.x.x Carne moída não especificadax.x.x Carne não especificadax.x.x Mocotóx.x.x Outras x.x.x Carne-seca,9255,,,,
1995,92,"Grupo - Aves, ovos e laticínios",9255,9255,CARNE DE HAMBURGUER,,7208,,7208,7208,x.x.x Outros  Capa de filéx.x.x Carne não especificadax.x.x Carne de hambúrgerx.x.x Carne de solx.x.x Carne moída não especificadax.x.x Carne não especificadax.x.x Mocotóx.x.x Outras x.x.x Carne-seca,9256,,,,
1995,92,"Grupo - Aves, ovos e laticínios",9256,9256,CARNE DE PORCO DEFUMADA,,7506,,7506,7506,x.x.xx Outrasx.x.x Cane salgada não especificadax.x.x Costela de porco salgadax.x.x Paiox.x.x Pé de porco salgadox.x.x Salame,9257,,,,
1995,92,"Grupo - Aves, ovos e laticínios",9257,9257,ORELHA DE PORCO DEFUMADA,,7506,,7506,7506,x.x.xx Outrasx.x.x Cane salgada não especificadax.x.x Costela de porco salgadax.x.x Paiox.x.x Pé de porco salgadox.x.x Salame,9258,,,,
1995,92,"Grupo - Aves, ovos e laticínios",9258,9258,LOMBO DE PORCO DEFUMADO,,7506,,7506,7506,x.x.xx Outrasx.x.x Cane salgada não especificadax.x.x Costela de porco salgadax.x.x Paiox.x.x Pé de porco salgadox.x.x Salame,9259,,,,
1995,92,"Grupo - Aves, ovos e laticínios",9259,9259,COSTELA DE PORCO DEFUMADA,,7506,,7506,7506,x.x.xx Outrasx.x.x Cane salgada não especificadax.x.x Costela de porco salgadax.x.x Paiox.x.x Pé de porco salgadox.x.x Salame,9260,,,,
1995,92,"Grupo - Aves, ovos e laticínios",9260,9260,TOUCINHO DE PORCO DEFUMADO,,7504,,7504,7504,x.x.x Toucinho frescox.x.x Toucinho defumadox.x.x Toucinho,9261,,,,
1995,92,"Grupo - Aves, ovos e laticínios",9261,9261,RABO DE PORCO DEFUMADO,,7506,,7506,7506,x.x.xx Outrasx.x.x Cane salgada não especificadax.x.x Costela de porco salgadax.x.x Paiox.x.x Pé de porco salgadox.x.x Salame,9262,,,,
1995,92,"Grupo - Aves, ovos e laticínios",9262,9262,CHISPE DEFUMADO,,7506,,7506,7506,x.x.xx Outrasx.x.x Cane salgada não especificadax.x.x Costela de porco salgadax.x.x Paiox.x.x Pé de porco salgadox.x.x Salame,9263,,,,
1995,92,"Grupo - Aves, ovos e laticínios",9263,9263,CARNE DE PORCO SALGADA,,7506,,7506,7506,x.x.xx Outrasx.x.x Cane salgada não especificadax.x.x Costela de porco salgadax.x.x Paiox.x.x Pé de porco salgadox.x.x Salame,9264,,,,
1995,92,"Grupo - Aves, ovos e laticínios",9264,9264,ORELHA DE PORCO SALGADA,,7506,,7506,7506,x.x.xx Outrasx.x.x Cane salgada não especificadax.x.x Costela de porco salgadax.x.x Paiox.x.x Pé de porco salgadox.x.x Salame,9265,,,,
1995,92,"Grupo - Aves, ovos e laticínios",9265,9265,COSTELA DE PORCO SALGADA,,7506,,7506,7506,x.x.xx Outrasx.x.x Cane salgada não especificadax.x.x Costela de porco salgadax.x.x Paiox.x.x Pé de porco salgadox.x.x Salame,9266,,,,
1995,92,"Grupo - Aves, ovos e laticínios",9266,9266,LOMBO DE PORCO SALGADO,,7506,,7506,7506,x.x.xx Outrasx.x.x Cane salgada não especificadax.x.x Costela de porco salgadax.x.x Paiox.x.x Pé de porco salgadox.x.x Salame,9267,,,,
1995,92,"Grupo - Aves, ovos e laticínios",9267,9267,PÉ DE PORCO SALGADO,,7506,,7506,7506,x.x.xx Outrasx.x.x Cane salgada não especificadax.x.x Costela de porco salgadax.x.x Paiox.x.x Pé de porco salgadox.x.x Salame,9268,,,,
1995,92,"Grupo - Aves, ovos e laticínios",9268,9268,RABO DE PORCO SALGADO,,7506,,7506,7506,x.x.xx Outrasx.x.x Cane salgada não especificadax.x.x Costela de porco salgadax.x.x Paiox.x.x Pé de porco salgadox.x.x Salame,9269,,,,
1995,92,"Grupo - Aves, ovos e laticínios",9269,9269,TOUCINHO DE PORCO SALGADO,,7504,,7504,7504,x.x.x Toucinho frescox.x.x Toucinho defumadox.x.x Toucinho,9270,,,,
1995,92,"Grupo - Aves, ovos e laticínios",9270,9270,VÍSCERAS DE PORCO SALGADAS,,8103,,8103,8103,x.x.x Vísceras suínasx.x Vísceras suínas,9271,,,,
1995,92,"Grupo - Aves, ovos e laticínios",9271,9271,SALSICHA (VAREJO),,7503,,7503,7503,x.x.x Salsichax.x.x Salsicha comum,9272,,,,
1995,92,"Grupo - Aves, ovos e laticínios",9272,9272,LINGUIÇA (VAREJO),,7601,,7601,7601,x.x.x Linguiça,9273,,,,
1995,92,"Grupo - Aves, ovos e laticínios",9273,9273,"RETALHO PARA PIZZA (MISTURA DE QUEIJO, PRESUNTO, MORTADELA, ETC.)",,7601,,7601,7601,x.x.x Linguiça,9274,,,,
1995,92,"Grupo - Aves, ovos e laticínios",9274,9274,CHOURIÇO,,7601,,7601,7601,x.x.x Linguiça,9275,,,,
1995,92,"Grupo - Aves, ovos e laticínios",9275,9275,PAIO,,7601,,7601,7601,x.x.x Linguiça,9276,,,,
1995,92,"Grupo - Aves, ovos e laticínios",9276,9276,MORTADELA,,7501,,7501,7501,x.x.x Mortadela,9277,,,,
1995,92,"Grupo - Aves, ovos e laticínios",9277,9277,SALAME,,7506,,7506,7506,x.x.xx Outrasx.x.x Cane salgada não especificadax.x.x Costela de porco salgadax.x.x Paiox.x.x Pé de porco salgadox.x.x Salame,9279,,,,
1995,92,"Grupo - Aves, ovos e laticínios",9279,9279,PRESUNTO DE QUALQUER TIPO,,7502,,7502,7502,x.x.x Presunto,9282,,,,
1995,92,"Grupo - Aves, ovos e laticínios",9282,9282,PATÊ DE PRESUNTO EMBUTIDO,,7506,,7506,7506,x.x.xx Outrasx.x.x Cane salgada não especificadax.x.x Costela de porco salgadax.x.x Paiox.x.x Pé de porco salgadox.x.x Salame,9283,,,,
1995,92,"Grupo - Aves, ovos e laticínios",9283,9283,PATÊ DE CARNE EMBUTIDO,,7208,,7208,7208,x.x.x Outros  Capa de filéx.x.x Carne não especificadax.x.x Carne de hambúrgerx.x.x Carne de solx.x.x Carne moída não especificadax.x.x Carne não especificadax.x.x Mocotóx.x.x Outras x.x.x Carne-seca,9284,,,,
1995,92,"Grupo - Aves, ovos e laticínios",9284,9284,PATÊ DE FÍGADO EMBUTIDO,,8101,,8101,8101,x.x.x Bovina Fígado,9285,,,,
1995,92,"Grupo - Aves, ovos e laticínios",9285,9285,PATÊ DE GALINHA EMBUTIDO,,10107,,10107,10107,xx.x.xx Outrasxx.x.x Dorso de frangoxx.x.x Miúdos de frangoxx.x.x Outras carnes de frangoxx.x.xx Pato inteiro ou em cortesxx.x.xx Peru abatidoxx.x.xx Peru em cortes,9289,,,,
1995,92,"Grupo - Aves, ovos e laticínios",9289,9289,PURURUCA,,7506,,7506,7506,x.x.xx Outrasx.x.x Cane salgada não especificadax.x.x Costela de porco salgadax.x.x Paiox.x.x Pé de porco salgadox.x.x Salame,9290,,,,
1995,92,"Grupo - Aves, ovos e laticínios",9290,9290,PATÊ DE PEIXE EMBUTIDO,,9109,,9109,9109,x.x.xx Outrosx.x.x Anchova frescax.x.x Bagre frescox.x.x Cação frescox.x.x Meluza em filé congeladox.x.x Merluza em filé frescox.x.x Parati frescox.x.x Pescada em filé congeladox.x.xx Tainha frescax.x.xx Outros pescados em filé congeladox.x.xx Outros pescados em filé frescox.x.xx Outros pescados frescosx.x.x Outros pescados salgados,9291,,,,
1995,92,"Grupo - Aves, ovos e laticínios",9291,9291,CARNE DE AVES DEFUMADA,,10107,,10107,10107,xx.x.xx Outrasxx.x.x Dorso de frangoxx.x.x Miúdos de frangoxx.x.x Outras carnes de frangoxx.x.xx Pato inteiro ou em cortesxx.x.xx Peru abatidoxx.x.xx Peru em cortes,9292,,,,
1995,92,"Grupo - Aves, ovos e laticínios",9292,9292,"MASSA DE QUIBE, CROQUETE, SALGADINHO DE PEIXE, ETC.",,5303,,5303,5303,x.x.x Massa de pizzax.x.x Outrasx.x.x Massa de lasanha,9293,,,,
1995,92,"Grupo - Aves, ovos e laticínios",9293,9293,CARNE SALGADAS DE FEIJOADA,,7506,,7506,7506,x.x.xx Outrasx.x.x Cane salgada não especificadax.x.x Costela de porco salgadax.x.x Paiox.x.x Pé de porco salgadox.x.x Salame,9295,,,,
1995,92,"Grupo - Aves, ovos e laticínios",9295,9295,ALMONDEGA CONGELADA DE QUALQUER ANIMAL (CRUA),,7208,,7208,7208,x.x.x Outros  Capa de filéx.x.x Carne não especificadax.x.x Carne de hambúrgerx.x.x Carne de solx.x.x Carne moída não especificadax.x.x Carne não especificadax.x.x Mocotóx.x.x Outras x.x.x Carne-seca,9296,,,,
1995,92,"Grupo - Aves, ovos e laticínios",9296,9296,ORELHA DE BOI SALGADA,,7208,,7208,7208,x.x.x Outros  Capa de filéx.x.x Carne não especificadax.x.x Carne de hambúrgerx.x.x Carne de solx.x.x Carne moída não especificadax.x.x Carne não especificadax.x.x Mocotóx.x.x Outras x.x.x Carne-seca,9297,,,,
1995,92,"Grupo - Aves, ovos e laticínios",9297,9297,"ROSBIFE, BIFE A MILANEZA INDUSTRIALIZADO (SEMIPRONTO)",,,,,7208,x.x.x Outros  Capa de filéx.x.x Carne não especificadax.x.x Carne de hambúrgerx.x.x Carne de solx.x.x Carne moída não especificadax.x.x Carne não especificadax.x.x Mocotóx.x.x Outras x.x.x Carne-seca,9298,,,,
1995,92,"Grupo - Aves, ovos e laticínios",9298,9298,CARNE SALGADA DE OUTROS ANIMAIS,,,,,7208,x.x.x Outros  Capa de filéx.x.x Carne não especificadax.x.x Carne de hambúrgerx.x.x Carne de solx.x.x Carne moída não especificadax.x.x Carne não especificadax.x.x Mocotóx.x.x Outras x.x.x Carne-seca,9301,,,,
1995,93,Grupo - Panificados e carnes industrializadas,9301,9301,REFRIGERANTE COCA COLA,,15202,,15202,15202,xx.x.x Refrigerante de cola,9302,,,,
1995,93,Grupo - Panificados e carnes industrializadas,9302,9302,REFRIGERANTE PEPSI,,15202,,15202,15202,xx.x.x Refrigerante de cola,9303,,,,
1995,93,Grupo - Panificados e carnes industrializadas,9303,9303,REFRIGERANTE GUARANA,,15203,,15203,15203,xx.x.x Refrigerante de guaraná,9304,,,,
1995,93,Grupo - Panificados e carnes industrializadas,9304,9304,"REFRIGERANTE FANTA LARANJA, UVA, LIMÃO",,15204,,15204,15204,xx.x.x Refrigerante de laranja,9305,,,,
1995,93,Grupo - Panificados e carnes industrializadas,9305,9305,REFRIGERANTE CRUSH,,15206,,15206,15206,xx.x.x Outros refrigerantesxx.x.x Refrigerante não especificadoxx.x.x Refrigerante de maçãxx.x.x Refrigerante de uvaxx.x.x Bebida energética,9306,,,,
1995,93,Grupo - Panificados e carnes industrializadas,9306,9306,REFRIGERANTE MINEIRINHO,,15206,,15206,15206,xx.x.x Outros refrigerantesxx.x.x Refrigerante não especificadoxx.x.x Refrigerante de maçãxx.x.x Refrigerante de uvaxx.x.x Bebida energética,9307,,,,
1995,93,Grupo - Panificados e carnes industrializadas,9307,9307,REFRIGERANTE SODA LIMONADA,,15205,,15205,15205,xx.x.x Refrigerante de limão,9308,,,,
1995,93,Grupo - Panificados e carnes industrializadas,9308,9308,REFRIGERANTE MIRINDA,,15206,,15206,15206,xx.x.x Outros refrigerantesxx.x.x Refrigerante não especificadoxx.x.x Refrigerante de maçãxx.x.x Refrigerante de uvaxx.x.x Bebida energética,9309,,,,
1995,93,Grupo - Panificados e carnes industrializadas,9309,9309,REFRIGERANTE MINUANO,,15206,,15206,15206,xx.x.x Outros refrigerantesxx.x.x Refrigerante não especificadoxx.x.x Refrigerante de maçãxx.x.x Refrigerante de uvaxx.x.x Bebida energética,9310,,,,
1995,93,Grupo - Panificados e carnes industrializadas,9310,9310,REFRIGERANTE AGUA MINERAL,,15201,,15201,15201,xx.x.x Água mineral,9311,,,,
1995,93,Grupo - Panificados e carnes industrializadas,9311,9311,REFRIGERANTE MATE COURO,,15206,,15206,15206,xx.x.x Outros refrigerantesxx.x.x Refrigerante não especificadoxx.x.x Refrigerante de maçãxx.x.x Refrigerante de uvaxx.x.x Bebida energética,9312,,,,
1995,93,Grupo - Panificados e carnes industrializadas,9312,9312,REFRIGERANTE BIDÚ,,15206,,15206,15206,xx.x.x Outros refrigerantesxx.x.x Refrigerante não especificadoxx.x.x Refrigerante de maçãxx.x.x Refrigerante de uvaxx.x.x Bebida energética,9313,,,,
1995,93,Grupo - Panificados e carnes industrializadas,9313,9313,REFRIGERANTE JÃO,,15206,,15206,15206,xx.x.x Outros refrigerantesxx.x.x Refrigerante não especificadoxx.x.x Refrigerante de maçãxx.x.x Refrigerante de uvaxx.x.x Bebida energética,9314,,,,
1995,93,Grupo - Panificados e carnes industrializadas,9314,9314,REFRIGERANTE ALOA,,15206,,15206,15206,xx.x.x Outros refrigerantesxx.x.x Refrigerante não especificadoxx.x.x Refrigerante de maçãxx.x.x Refrigerante de uvaxx.x.x Bebida energética,9315,,,,
1995,93,Grupo - Panificados e carnes industrializadas,9315,9315,REFRIGERANTE SUKITA,,15206,,15206,15206,xx.x.x Outros refrigerantesxx.x.x Refrigerante não especificadoxx.x.x Refrigerante de maçãxx.x.x Refrigerante de uvaxx.x.x Bebida energética,9316,,,,
1995,93,Grupo - Panificados e carnes industrializadas,9316,9316,REFRIGERANTE POP LARANJA,,15204,,15204,15204,xx.x.x Refrigerante de laranja,9317,,,,
1995,93,Grupo - Panificados e carnes industrializadas,9317,9317,REFRIGERANTE XODÓ DA BAHIA,,15206,,15206,15206,xx.x.x Outros refrigerantesxx.x.x Refrigerante não especificadoxx.x.x Refrigerante de maçãxx.x.x Refrigerante de uvaxx.x.x Bebida energética,9318,,,,
1995,93,Grupo - Panificados e carnes industrializadas,9318,9318,REFRIGERANTE TUBAINA,,15203,,15203,15203,xx.x.x Refrigerante de guaraná,9319,,,,
1995,93,Grupo - Panificados e carnes industrializadas,9319,9319,REFRIGERANTE GASOSA,,15206,,15206,15206,xx.x.x Outros refrigerantesxx.x.x Refrigerante não especificadoxx.x.x Refrigerante de maçãxx.x.x Refrigerante de uvaxx.x.x Bebida energética,9320,,,,
1995,93,Grupo - Panificados e carnes industrializadas,9320,9320,CALDO DE CANA,,15209,,15209,15209,xx.x.xx Outras,9321,,,,
1995,93,Grupo - Panificados e carnes industrializadas,9321,9321,AGUA DE COCO,,15209,,15209,15209,xx.x.xx Outras,9322,,,,
1995,93,Grupo - Panificados e carnes industrializadas,9322,9322,SUCO DE FRUTAS OU VEGETAIS (ENGARRAFADO),,15208,,15208,15208,xx.x.xx Suco de fruta envasado,9323,,,,
1995,93,Grupo - Panificados e carnes industrializadas,9323,9323,REFRESCO DE FRUTAS (ENGARRAFADO),,15208,,15208,15208,xx.x.xx Suco de fruta envasado,9324,,,,
1995,93,Grupo - Panificados e carnes industrializadas,9324,9324,SUCO DE FRUTAS OU VEGETAL ARTIFICIAL (PÓ),,15207,,15207,15207,xx.x.xx Suco de fruta em pó,9325,,,,
1995,93,Grupo - Panificados e carnes industrializadas,9325,9325,CAFÉ MOÍDO,,15301,,15301,15301,xx.x.x Café moído,9326,,,,
1995,93,Grupo - Panificados e carnes industrializadas,9326,9326,CAFÉ SOLUVEL,,15302,,15302,15302,xx.x.x Café solúvel,9327,,,,
1995,93,Grupo - Panificados e carnes industrializadas,9327,9327,CHA PRETO,,15402,,15402,15402,xx.x.x Outrosxx.x.x Chá preto,9328,,,,
1995,93,Grupo - Panificados e carnes industrializadas,9328,9328,CHA MATE,,15401,,15401,15401,xx.x.x Chá-mate,9329,,,,
1995,93,Grupo - Panificados e carnes industrializadas,9329,9329,ERVADOCE (CHA),,15402,,15402,15402,xx.x.x Outrosxx.x.x Chá preto,9330,,,,
1995,93,Grupo - Panificados e carnes industrializadas,9330,9330,HORTELÃ (CHA),,15402,,15402,15402,xx.x.x Outrosxx.x.x Chá preto,9332,,,,
1995,93,Grupo - Panificados e carnes industrializadas,9332,9332,CANELA (CHA),,15402,,15402,15402,xx.x.x Outrosxx.x.x Chá preto,9333,,,,
1995,93,Grupo - Panificados e carnes industrializadas,9333,9333,ERVA CIDREIRA (CHA),,15402,,15402,15402,xx.x.x Outrosxx.x.x Chá preto,9334,,,,
1995,93,Grupo - Panificados e carnes industrializadas,9334,9334,LEVEDURA DE CERVEJA,,15104,,15104,15104,xx.x.x Outras,9335,,,,
1995,93,Grupo - Panificados e carnes industrializadas,9335,9335,REFRIGERANTES (NÃO ESPECIFICADO),,15206,,15206,15206,xx.x.x Outros refrigerantesxx.x.x Refrigerante não especificadoxx.x.x Refrigerante de maçãxx.x.x Refrigerante de uvaxx.x.x Bebida energética,9336,,,,
1995,93,Grupo - Panificados e carnes industrializadas,9336,9336,CAFÉ DE CEVADA,,15303,,15303,15303,xx.x.x Outros,9337,,,,
1995,93,Grupo - Panificados e carnes industrializadas,9337,9337,CAFÉ EM GRÃO,,15303,,15303,15303,xx.x.x Outros,9338,,,,
1995,93,Grupo - Panificados e carnes industrializadas,9338,9338,REFRESCO EM SACO PLÁSTICO,,15104,,15104,15104,xx.x.x Outras,9339,,,,
1995,93,Grupo - Panificados e carnes industrializadas,9339,9339,"REFRIGERANTE LARANJA (EXCETO FANTA, SUKITA, POP, CRUSH)",,15204,,15204,15204,xx.x.x Refrigerante de laranja,9340,,,,
1995,93,Grupo - Panificados e carnes industrializadas,9340,9340,REFRIGERANTE COLA (EXCETO COCA-COLA E PEPSI-COLA),,15202,,15202,15202,xx.x.x Refrigerante de cola,9341,,,,
1995,93,Grupo - Panificados e carnes industrializadas,9341,9341,REFRIGERANTE MAÇÃ (QUALQUER MARCA),,15206,,15206,15206,xx.x.x Outros refrigerantesxx.x.x Refrigerante não especificadoxx.x.x Refrigerante de maçãxx.x.x Refrigerante de uvaxx.x.x Bebida energética,9342,,,,
1995,93,Grupo - Panificados e carnes industrializadas,9342,9342,REFRIGERANTE TUTI FRUTI (QUALQUER MARCA),,15206,,15206,15206,xx.x.x Outros refrigerantesxx.x.x Refrigerante não especificadoxx.x.x Refrigerante de maçãxx.x.x Refrigerante de uvaxx.x.x Bebida energética,9343,,,,
1995,93,Grupo - Panificados e carnes industrializadas,9343,9343,REFRIGERANTE TANGERINA (QUALQUER MARCA),,15206,,15206,15206,xx.x.x Outros refrigerantesxx.x.x Refrigerante não especificadoxx.x.x Refrigerante de maçãxx.x.x Refrigerante de uvaxx.x.x Bebida energética,9344,,,,
1995,93,Grupo - Panificados e carnes industrializadas,9344,9344,MARCELA (CHA),,15402,,15402,15402,xx.x.x Outrosxx.x.x Chá preto,9345,,,,
1995,93,Grupo - Panificados e carnes industrializadas,9345,9345,CHOCOLATE ENGARRAFADO OU ENCARTONADO,,15209,,15209,15209,xx.x.xx Outras,9346,,,,
1995,93,Grupo - Panificados e carnes industrializadas,9346,9346,REFRIGERANTE CAJÚ (QUALQUER MARCA),,15206,,15206,15206,xx.x.x Outros refrigerantesxx.x.x Refrigerante não especificadoxx.x.x Refrigerante de maçãxx.x.x Refrigerante de uvaxx.x.x Bebida energética,9347,,,,
1995,93,Grupo - Panificados e carnes industrializadas,9347,9347,SUCO DE FRUTAS OU VEGETAIS (ENCARTONADO),,15208,,15208,15208,xx.x.xx Suco de fruta envasado,9348,,,,
1995,93,Grupo - Panificados e carnes industrializadas,9348,9348,"GÊLO EM CUBO, PEDRA, ETC.",,15209,,15209,15209,xx.x.xx Outras,9349,,,,
1995,93,Grupo - Panificados e carnes industrializadas,9349,9349,REFRIGERANTE AGUA TÔNICA,,,,,15206,xx.x.x Outros refrigerantesxx.x.x Refrigerante não especificadoxx.x.x Refrigerante de maçãxx.x.x Refrigerante de uvaxx.x.x Bebida energética,9350,,,,
1995,93,Grupo - Panificados e carnes industrializadas,9350,9350,REFRIGERANTE GRAPETE,,15102,,15102,15102,xx.x.x Cerveja,9351,,,,
1995,93,Grupo - Panificados e carnes industrializadas,9351,9351,SUCO DE FRUTAS OU VEGETAIS (EM LATA),,15102,,15102,15102,xx.x.x Cerveja,9352,,,,
1995,93,Grupo - Panificados e carnes industrializadas,9352,9352,CHA DIETÉTICO,,15102,,15102,15102,xx.x.x Cerveja,9353,,,,
1995,93,Grupo - Panificados e carnes industrializadas,9353,9353,SUCO DE FRUTAS OU VEGETAIS (EM SACO PLÁSTICO),,15101,,15101,15101,xx.x.x Outras aguardentesxx.x.x Aguardente de cana,9354,,,,
1995,93,Grupo - Panificados e carnes industrializadas,9354,9354,REFRIGERANTE PARAGUAI,,15101,,15101,15101,xx.x.x Outras aguardentesxx.x.x Aguardente de cana,9355,,,,
1995,93,Grupo - Panificados e carnes industrializadas,9355,9355,REFRIGERANTE GOIANINHA,,15101,,15101,15101,xx.x.x Outras aguardentesxx.x.x Aguardente de cana,9356,,,,
1995,93,Grupo - Panificados e carnes industrializadas,9356,9356,MULTIERVAS (CHA),,15104,,15104,15104,xx.x.x Outras,9357,,,,
1995,93,Grupo - Panificados e carnes industrializadas,9357,9357,REFRIGERANTE REAL,,15104,,15104,15104,xx.x.x Outras,9358,,,,
1995,93,Grupo - Panificados e carnes industrializadas,9358,9358,REFRIGERANTE FRATELLY VITA,,15104,,15104,15104,xx.x.x Outras,9359,,,,
1995,93,Grupo - Panificados e carnes industrializadas,9359,9359,TAFFMAN E.,,15104,,15104,15104,xx.x.x Outras,9360,,,,
1995,93,Grupo - Panificados e carnes industrializadas,9360,9360,REFRIGERANTE DIETÉTICO,,15104,,15104,15104,xx.x.x Outras,9361,,,,
1995,93,Grupo - Panificados e carnes industrializadas,9361,9361,OUTROS CHAS,,15104,,15104,15104,xx.x.x Outras,9362,,,,
1995,93,Grupo - Panificados e carnes industrializadas,9362,9362,GATORATE,,15104,,15104,15104,xx.x.x Outras,9363,,,,
1995,93,Grupo - Panificados e carnes industrializadas,9363,9363,SNAPPLE,,15104,,15104,15104,xx.x.x Outras,9364,,,,
1995,93,Grupo - Panificados e carnes industrializadas,9364,9364,CAFÉ CAPUCCINO (SOLÚVEL),,15104,,15104,15104,xx.x.x Outras,9365,,,,
1995,93,Grupo - Panificados e carnes industrializadas,9365,9365,ARRUDA (CHA),,15104,,15104,15104,xx.x.x Outras,9401,,,,
1995,94,Grupo - Bebidas não-alcoólicas e infusões,9401,9401,AZEITE DE OLIVA,,14101,,14101,14101,xx.x.x Azeite de oliva,9402,,,,
1995,94,Grupo - Bebidas não-alcoólicas e infusões,9402,9402,AZEITE DE DENDÊ,,14104,,14104,14104,xx.x.x Óleo não especificadoxx.x.x Óleo de girassolxx.x.x Óleo de canola x. xOutros,9403,,,,
1995,94,Grupo - Bebidas não-alcoólicas e infusões,9403,9403,ÓLEO DE SOJA,,14103,,14103,14103,xx.x.x Óleo de soja,9404,,,,
1995,94,Grupo - Bebidas não-alcoólicas e infusões,9404,9404,ÓLEO DE MILHO,,14102,,14102,14102,xx.x.x Óleo de milho,9405,,,,
1995,94,Grupo - Bebidas não-alcoólicas e infusões,9405,9405,ÓLEO DE AMENDOIM,,14104,,14104,14104,xx.x.x Óleo não especificadoxx.x.x Óleo de girassolxx.x.x Óleo de canola x. xOutros,9406,,,,
1995,94,Grupo - Bebidas não-alcoólicas e infusões,9406,9406,ÓLEO DE ALGODÃO,,14104,,14104,14104,xx.x.x Óleo não especificadoxx.x.x Óleo de girassolxx.x.x Óleo de canola x. xOutros,9407,,,,
1995,94,Grupo - Bebidas não-alcoólicas e infusões,9407,9407,ÓLEO DE COCO BABAÇÚ,,14104,,14104,14104,xx.x.x Óleo não especificadoxx.x.x Óleo de girassolxx.x.x Óleo de canola x. xOutros,9408,,,,
1995,94,Grupo - Bebidas não-alcoólicas e infusões,9408,9408,ÓLEO DE GIRASSOL,,14104,,14104,14104,xx.x.x Óleo não especificadoxx.x.x Óleo de girassolxx.x.x Óleo de canola x. xOutros,9409,,,,
1995,94,Grupo - Bebidas não-alcoólicas e infusões,9409,9409,ÓLEO DE ARROZ,,14104,,14104,14104,xx.x.x Óleo não especificadoxx.x.x Óleo de girassolxx.x.x Óleo de canola x. xOutros,9410,,,,
1995,94,Grupo - Bebidas não-alcoólicas e infusões,9410,9410,ÓLEO DE PEIXE,,14104,,14104,14104,xx.x.x Óleo não especificadoxx.x.x Óleo de girassolxx.x.x Óleo de canola x. xOutros,9411,,,,
1995,94,Grupo - Bebidas não-alcoólicas e infusões,9411,9411,ÓLEO DE AMENDOA,,14104,,14104,14104,xx.x.x Óleo não especificadoxx.x.x Óleo de girassolxx.x.x Óleo de canola x. xOutros,9412,,,,
1995,94,Grupo - Bebidas não-alcoólicas e infusões,9412,9412,ÓLEO DE GENGIBRE,,14104,,14104,14104,xx.x.x Óleo não especificadoxx.x.x Óleo de girassolxx.x.x Óleo de canola x. xOutros,9413,,,,
1995,94,Grupo - Bebidas não-alcoólicas e infusões,9413,9413,ÓLEO DE UVA,,14104,,14104,14104,xx.x.x Óleo não especificadoxx.x.x Óleo de girassolxx.x.x Óleo de canola x. xOutros,9414,,,,
1995,94,Grupo - Bebidas não-alcoólicas e infusões,9414,9414,ÓLEO DE COCO TUCUM,,14104,,14104,14104,xx.x.x Óleo não especificadoxx.x.x Óleo de girassolxx.x.x Óleo de canola x. xOutros,9415,,,,
1995,94,Grupo - Bebidas não-alcoólicas e infusões,9415,9415,ÓLEO DE COCO OURICURI,,14104,,14104,14104,xx.x.x Óleo não especificadoxx.x.x Óleo de girassolxx.x.x Óleo de canola x. xOutros,9416,,,,
1995,94,Grupo - Bebidas não-alcoólicas e infusões,9416,9416,ÓLEO DE PEQUI,,14104,,14104,14104,xx.x.x Óleo não especificadoxx.x.x Óleo de girassolxx.x.x Óleo de canola x. xOutros,9417,,,,
1995,94,Grupo - Bebidas não-alcoólicas e infusões,9417,9417,ÓLEO DE COCO MAÇAUBA,,14104,,14104,14104,xx.x.x Óleo não especificadoxx.x.x Óleo de girassolxx.x.x Óleo de canola x. xOutros,9418,,,,
1995,94,Grupo - Bebidas não-alcoólicas e infusões,9418,9418,BANHA DE PORCO,,14202,,14202,14202,xx.x.x Outrasxx.x.x Banha de porco,9419,,,,
1995,94,Grupo - Bebidas não-alcoólicas e infusões,9419,9419,BANHA DE GALINHA,,14202,,14202,14202,xx.x.x Outrasxx.x.x Banha de porco,9420,,,,
1995,94,Grupo - Bebidas não-alcoólicas e infusões,9420,9420,BANHA VEGETAL,,14202,,14202,14202,xx.x.x Outrasxx.x.x Banha de porco,9421,,,,
1995,94,Grupo - Bebidas não-alcoólicas e infusões,9421,9421,GORDURA DE PORCO,,14202,,14202,14202,xx.x.x Outrasxx.x.x Banha de porco,9422,,,,
1995,94,Grupo - Bebidas não-alcoólicas e infusões,9422,9422,GORDURA DE COCO,,14202,,14202,14202,xx.x.x Outrasxx.x.x Banha de porco,9423,,,,
1995,94,Grupo - Bebidas não-alcoólicas e infusões,9423,9423,GORDURA DE PEIXE,,14202,,14202,14202,xx.x.x Outrasxx.x.x Banha de porco,9424,,,,
1995,94,Grupo - Bebidas não-alcoólicas e infusões,9424,9424,GORDURA DE OVELHA,,14202,,14202,14202,xx.x.x Outrasxx.x.x Banha de porco,9425,,,,
1995,94,Grupo - Bebidas não-alcoólicas e infusões,9425,9425,GORDURA DE RINS DE BODE,,14202,,14202,14202,xx.x.x Outrasxx.x.x Banha de porco,9426,,,,
1995,94,Grupo - Bebidas não-alcoólicas e infusões,9426,9426,ÓLEO DE GERGELIM,,14202,,14202,14202,xx.x.x Outrasxx.x.x Banha de porco,9427,,,,
1995,94,Grupo - Bebidas não-alcoólicas e infusões,9427,9427,ÓLEO DE COCO DA BAHIA,,14104,,14104,14104,xx.x.x Óleo não especificadoxx.x.x Óleo de girassolxx.x.x Óleo de canola x. xOutros,9428,,,,
1995,94,Grupo - Bebidas não-alcoólicas e infusões,9428,9428,GORDURA DE GALINHA,,,,,14104,xx.x.x Óleo não especificadoxx.x.x Óleo de girassolxx.x.x Óleo de canola x. xOutros,9429,,,,
1995,94,Grupo - Bebidas não-alcoólicas e infusões,9429,9429,ÓLEO DE GRANOLA,,,,,14104,xx.x.x Óleo não especificadoxx.x.x Óleo de girassolxx.x.x Óleo de canola x. xOutros,9451,,,,
1995,94,Grupo - Bebidas não-alcoólicas e infusões,9451,9451,REFEIÇÕES PRONTAS PARA VIAGEM,,16104,,16104,16104,xx.x.x Refeiçãoxx.x.x Refeição pronta,9452,,,,
1995,94,Grupo - Bebidas não-alcoólicas e infusões,9452,9452,SALGADINHOS PARA VIAGEM,,16105,,16105,16105,xx.x.x Salgadinhoxx.x.x Salgadinho,9453,,,,
1995,94,Grupo - Bebidas não-alcoólicas e infusões,9453,9453,SANDUICHE PARA VIAGEM,,16103,,16103,16103,xx.x.x Outros produtos,9454,,,,
1995,94,Grupo - Bebidas não-alcoólicas e infusões,9454,9454,SUCO PARA VIAGEM,,16103,,16103,16103,xx.x.x Outros produtos,9455,,,,
1995,94,Grupo - Bebidas não-alcoólicas e infusões,9455,9455,VITAMINA PARA VIAGEM,,16103,,16103,16103,xx.x.x Outros produtos,9456,,,,
1995,94,Grupo - Bebidas não-alcoólicas e infusões,9456,9456,REFRESCO PARA VIAGEM,,16103,,16103,16103,xx.x.x Outros produtos,9457,,,,
1995,94,Grupo - Bebidas não-alcoólicas e infusões,9457,9457,ALIMENTOS PRONTOS CONGELADOS PARA VIAGEM,,16103,,16103,16103,xx.x.x Outros produtos,9458,,,,
1995,94,Grupo - Bebidas não-alcoólicas e infusões,9458,9458,"SALADAS, VERDURAS COZIDAS PRONTAS (EXCETO DE FRUTAS) (PARA VIAGEM)",,16103,,16103,16103,xx.x.x Outros produtos,9459,,,,
1995,94,Grupo - Bebidas não-alcoólicas e infusões,9459,9459,MASSAS PRONTAS (PREPARADAS PARA CONSUMO) PARA VIAGEM,,16102,,16102,16102,xx.x.x Massaxx.x.x Massa preparada,9460,,,,
1995,94,Grupo - Bebidas não-alcoólicas e infusões,9460,9460,FRANGO ASSADO OU DEFUMADO PARA VIAGEM,,16101,,16101,16101,xx.x.x Frango assado ou defumadoxx.x.x Frango assado ou defumado,9461,,,,
1995,94,Grupo - Bebidas não-alcoólicas e infusões,9461,9461,CARNE ASSADA OU BIFE (DE QUALQUER ANIMAL) PARA VIAGEM,,16104,,16104,16104,xx.x.x Refeiçãoxx.x.x Refeição pronta,9462,,,,
1995,94,Grupo - Bebidas não-alcoólicas e infusões,9462,9462,PIPOCA DOCE OU SALGADA PARA VIAGEM,,16104,,16104,16104,xx.x.x Refeiçãoxx.x.x Refeição pronta,9463,,,,
1995,94,Grupo - Bebidas não-alcoólicas e infusões,9463,9463,CAFÉ PREPARADO PURO OU COM LEITE PARA VIAGEM,,16104,,16104,16104,xx.x.x Refeiçãoxx.x.x Refeição pronta,9464,,,,
1995,94,Grupo - Bebidas não-alcoólicas e infusões,9464,9464,MILHO VERDE COZIDO PARA VIAGEM,,16104,,16104,16104,xx.x.x Refeiçãoxx.x.x Refeição pronta,9465,,,,
1995,94,Grupo - Bebidas não-alcoólicas e infusões,9465,9465,BATATA FRITA PARA VIAGEM,,16104,,16104,16104,xx.x.x Refeiçãoxx.x.x Refeição pronta,9466,,,,
1995,94,Grupo - Bebidas não-alcoólicas e infusões,9466,9466,ACARAJÉ EM CAIXA PARA VIAGEM,,16104,,16104,16104,xx.x.x Refeiçãoxx.x.x Refeição pronta,9467,,,,
1995,94,Grupo - Bebidas não-alcoólicas e infusões,9467,9467,ANGÚ DE MILHO (SEMIPRONTO),,16104,,16104,16104,xx.x.x Refeiçãoxx.x.x Refeição pronta,9468,,,,
1995,94,Grupo - Bebidas não-alcoólicas e infusões,9468,9468,PEIXE FRITO PARA VIAGEM,,16104,,16104,16104,xx.x.x Refeiçãoxx.x.x Refeição pronta,9469,,,,
1995,94,Grupo - Bebidas não-alcoólicas e infusões,9469,9469,MUNGUZA PARA VIAGEM,,16104,,16104,16104,xx.x.x Refeiçãoxx.x.x Refeição pronta,9470,,,,
1995,94,Grupo - Bebidas não-alcoólicas e infusões,9470,9470,MASSA DE ARROZ PREPARADA PARA VIAGEM,,16102,,16102,16102,xx.x.x Massaxx.x.x Massa preparada,9471,,,,
1995,94,Grupo - Bebidas não-alcoólicas e infusões,9471,9471,CAMARÃO COZIDO PARA VIAGEM,,16104,,16104,16104,xx.x.x Refeiçãoxx.x.x Refeição pronta,9472,,,,
1995,94,Grupo - Bebidas não-alcoólicas e infusões,9472,9472,FAROFA PARA VIAGEM,,16104,,16104,16104,xx.x.x Refeiçãoxx.x.x Refeição pronta,9473,,,,
1995,94,Grupo - Bebidas não-alcoólicas e infusões,9473,9473,MINGAU PARA VIAGEM,,16104,,16104,16104,xx.x.x Refeiçãoxx.x.x Refeição pronta,9474,,,,
1995,94,Grupo - Bebidas não-alcoólicas e infusões,9474,9474,TACACA PARA VIAGEM,,16104,,16104,16104,xx.x.x Refeiçãoxx.x.x Refeição pronta,9475,,,,
1995,94,Grupo - Bebidas não-alcoólicas e infusões,9475,9475,BATATA DOCE COZIDA PARA VIAGEM,,,,,16104,xx.x.x Refeiçãoxx.x.x Refeição pronta,9476,,,,
1995,94,Grupo - Bebidas não-alcoólicas e infusões,9476,9476,PERÚ ASSADO OU DEFUMADO PARA VIAGEM,,,,,16104,xx.x.x Refeiçãoxx.x.x Refeição pronta,9477,,,,
1995,94,Grupo - Bebidas não-alcoólicas e infusões,9477,9477,RISOTO PARA VIAGEM,,,,,16104,xx.x.x Refeiçãoxx.x.x Refeição pronta,9478,,,,
1995,94,Grupo - Bebidas não-alcoólicas e infusões,9478,9478,FRANGO EMPANADO,,,,,16104,xx.x.x Refeiçãoxx.x.x Refeição pronta,9479,,,,
1995,94,Grupo - Bebidas não-alcoólicas e infusões,9479,9479,FAROFA PRONTA EM PACOTE (INDUSTRIALIZADA),,,,,16104,xx.x.x Refeiçãoxx.x.x Refeição pronta,9480,,,,
1995,94,Grupo - Bebidas não-alcoólicas e infusões,9480,9480,CARPACCIO (CARNE LAMINADA COM ORÉGANO),,,,,16104,xx.x.x Refeiçãoxx.x.x Refeição pronta,9481,,,,
1995,94,Grupo - Bebidas não-alcoólicas e infusões,9481,9481,BATATA CONGELADA (SEMIPRONTA),,,,,16104,xx.x.x Refeiçãoxx.x.x Refeição pronta,9482,,,,
1995,94,Grupo - Bebidas não-alcoólicas e infusões,9482,9482,"CALDO (CARNE, FEIJÃO, MOCOTÓ, ETC.) (PARA VIAGEM)",,,,,16104,xx.x.x Refeiçãoxx.x.x Refeição pronta,9501,,,,
1995,95,"Grupo - Óleos, gorduras e alimentos preparados ou semi-preparados",9501,9501,AGUA SANITARIA,,32002,32002,32002,32002,Artigos_de_limpeza,9502,,,,
1995,95,"Grupo - Óleos, gorduras e alimentos preparados ou semi-preparados",9502,9502,ESPONJA DE LIMPEZA,,32002,,32002,32002,Artigos_de_limpeza,9503,,,,
1995,95,"Grupo - Óleos, gorduras e alimentos preparados ou semi-preparados",9503,9503,ESCOVA DE LIMPEZA,,32002,,32002,32002,Artigos_de_limpeza,9504,,,,
1995,95,"Grupo - Óleos, gorduras e alimentos preparados ou semi-preparados",9504,9504,VASSOURA DE QUALQUER TIPO,,32002,,32002,32002,Artigos_de_limpeza,9505,,,,
1995,95,"Grupo - Óleos, gorduras e alimentos preparados ou semi-preparados",9505,9505,RODO,,32002,,32002,32002,Artigos_de_limpeza,9506,,,,
1995,95,"Grupo - Óleos, gorduras e alimentos preparados ou semi-preparados",9506,9506,ESPANADOR,,32002,,32002,32002,Artigos_de_limpeza,9507,,,,
1995,95,"Grupo - Óleos, gorduras e alimentos preparados ou semi-preparados",9507,9507,FLANELA,,32002,,32002,32002,Artigos_de_limpeza,9508,,,,
1995,95,"Grupo - Óleos, gorduras e alimentos preparados ou semi-preparados",9508,9508,PANO DE CHÃO,,32002,,32002,32002,Artigos_de_limpeza,9509,,,,
1995,95,"Grupo - Óleos, gorduras e alimentos preparados ou semi-preparados",9509,9509,LATA DE LIXO,,32003,32003,32003,32003,Mobiliarios_e_artigos_do_lar,9510,,,,
1995,95,"Grupo - Óleos, gorduras e alimentos preparados ou semi-preparados",9510,9510,PA DE LIXO,,32003,32003,32003,32003,Mobiliarios_e_artigos_do_lar,9511,,,,
1995,95,"Grupo - Óleos, gorduras e alimentos preparados ou semi-preparados",9511,9511,SACO DE LIXO DE QUALQUER MATERIAL,,32002,,32002,32002,Artigos_de_limpeza,9512,,,,
1995,95,"Grupo - Óleos, gorduras e alimentos preparados ou semi-preparados",9512,9512,SACOLA DE COMPRA,,32003,32003,32003,32003,Mobiliarios_e_artigos_do_lar,9513,,,,
1995,95,"Grupo - Óleos, gorduras e alimentos preparados ou semi-preparados",9513,9513,EMBALAGEM PLASTIFICADA,,32003,32003,32003,32003,Mobiliarios_e_artigos_do_lar,9514,,,,
1995,95,"Grupo - Óleos, gorduras e alimentos preparados ou semi-preparados",9514,9514,DESINFETANTE,,32002,,32002,32002,Artigos_de_limpeza,9515,,,,
1995,95,"Grupo - Óleos, gorduras e alimentos preparados ou semi-preparados",9515,9515,SOLVENTE,,32002,,32002,32002,Artigos_de_limpeza,9516,,,,
1995,95,"Grupo - Óleos, gorduras e alimentos preparados ou semi-preparados",9516,9516,SODA CAÚSTICA,,32002,,32002,32002,Artigos_de_limpeza,9517,,,,
1995,95,"Grupo - Óleos, gorduras e alimentos preparados ou semi-preparados",9517,9517,ALCOOL (MATERIAL DE LIMPEZA),,32002,,32002,32002,Artigos_de_limpeza,9518,,,,
1995,95,"Grupo - Óleos, gorduras e alimentos preparados ou semi-preparados",9518,9518,DETERGENTE,,32002,,32002,32002,Artigos_de_limpeza,9519,,,,
1995,95,"Grupo - Óleos, gorduras e alimentos preparados ou semi-preparados",9519,9519,SABÃO LÍQUIDO,,32002,,32002,32002,Artigos_de_limpeza,9520,,,,
1995,95,"Grupo - Óleos, gorduras e alimentos preparados ou semi-preparados",9520,9520,SABÃO PASTOSO,,32002,,32002,32002,Artigos_de_limpeza,9521,,,,
1995,95,"Grupo - Óleos, gorduras e alimentos preparados ou semi-preparados",9521,9521,SABÃO DE COCO,,32002,,32002,32002,Artigos_de_limpeza,9522,,,,
1995,95,"Grupo - Óleos, gorduras e alimentos preparados ou semi-preparados",9522,9522,SABÃO EM PÓ,,32002,,32002,32002,Artigos_de_limpeza,9523,,,,
1995,95,"Grupo - Óleos, gorduras e alimentos preparados ou semi-preparados",9523,9523,SAPONACEO,,32002,,32002,32002,Artigos_de_limpeza,9524,,,,
1995,95,"Grupo - Óleos, gorduras e alimentos preparados ou semi-preparados",9524,9524,ALVEJANTE,,32002,,32002,32002,Artigos_de_limpeza,9525,,,,
1995,95,"Grupo - Óleos, gorduras e alimentos preparados ou semi-preparados",9525,9525,DESODORANTE AMBIENTAL,,32002,,32002,32002,Artigos_de_limpeza,9526,,,,
1995,95,"Grupo - Óleos, gorduras e alimentos preparados ou semi-preparados",9526,9526,INSETICIDA,,32002,,32002,32002,Artigos_de_limpeza,9527,,,,
1995,95,"Grupo - Óleos, gorduras e alimentos preparados ou semi-preparados",9527,9527,RATICIDA,,32002,,32002,32002,Artigos_de_limpeza,9528,,,,
1995,95,"Grupo - Óleos, gorduras e alimentos preparados ou semi-preparados",9528,9528,BOMBA DE INSETICIDA,,32003,32003,32003,32003,Mobiliarios_e_artigos_do_lar,9529,,,,
1995,95,"Grupo - Óleos, gorduras e alimentos preparados ou semi-preparados",9529,9529,RATOEIRA,,32003,32003,32003,32003,Mobiliarios_e_artigos_do_lar,9530,,,,
1995,95,"Grupo - Óleos, gorduras e alimentos preparados ou semi-preparados",9530,9530,PALHA DE AÇO,,32002,,32002,32002,Artigos_de_limpeza,9531,,,,
1995,95,"Grupo - Óleos, gorduras e alimentos preparados ou semi-preparados",9531,9531,CÊRA DE ASSOALHO,,32002,,32002,32002,Artigos_de_limpeza,9532,,,,
1995,95,"Grupo - Óleos, gorduras e alimentos preparados ou semi-preparados",9532,9532,ÓLEO DE MÓVEIS,,32002,,32002,32002,Artigos_de_limpeza,9533,,,,
1995,95,"Grupo - Óleos, gorduras e alimentos preparados ou semi-preparados",9533,9533,POLIDOR DE METAIS,,32002,,32002,32002,Artigos_de_limpeza,9534,,,,
1995,95,"Grupo - Óleos, gorduras e alimentos preparados ou semi-preparados",9534,9534,GRAXA DE SAPATO,,32002,,32002,32002,Artigos_de_limpeza,9535,,,,
1995,95,"Grupo - Óleos, gorduras e alimentos preparados ou semi-preparados",9535,9535,ESCOVA DE ROUPA,,32003,32003,32003,32003,Mobiliarios_e_artigos_do_lar,9536,,,,
1995,95,"Grupo - Óleos, gorduras e alimentos preparados ou semi-preparados",9536,9536,ÓLEO DE MÓVEIS,,32003,32003,32003,32003,Mobiliarios_e_artigos_do_lar,9537,,,,
1995,95,"Grupo - Óleos, gorduras e alimentos preparados ou semi-preparados",9537,9537,PREGADOR DE ROUPA,,32003,32003,32003,32003,Mobiliarios_e_artigos_do_lar,9538,,,,
1995,95,"Grupo - Óleos, gorduras e alimentos preparados ou semi-preparados",9538,9538,CORDA DE VARAL,,32003,32003,32003,32003,Mobiliarios_e_artigos_do_lar,9539,,,,
1995,95,"Grupo - Óleos, gorduras e alimentos preparados ou semi-preparados",9539,9539,PAPEL TOALHA,,32003,32003,32003,32003,Mobiliarios_e_artigos_do_lar,9540,,,,
1995,95,"Grupo - Óleos, gorduras e alimentos preparados ou semi-preparados",9540,9540,DESENTUPIDOR DE RALOS,,32003,32003,32003,32003,Mobiliarios_e_artigos_do_lar,9541,,,,
1995,95,"Grupo - Óleos, gorduras e alimentos preparados ou semi-preparados",9541,9541,PALITO,,32003,32003,32003,32003,Mobiliarios_e_artigos_do_lar,9542,,,,
1995,95,"Grupo - Óleos, gorduras e alimentos preparados ou semi-preparados",9542,9542,SULFATO DE ALUMÍNIO (LIMPEZA DOMÉSTICA),,32003,32003,32003,32003,Mobiliarios_e_artigos_do_lar,9543,,,,
1995,95,"Grupo - Óleos, gorduras e alimentos preparados ou semi-preparados",9543,9543,GUARDANAPO DE PAPEL,,32003,32003,32003,32003,Mobiliarios_e_artigos_do_lar,9544,,,,
1995,95,"Grupo - Óleos, gorduras e alimentos preparados ou semi-preparados",9544,9544,"PRATO OU BANDEJA DE PAPEL, ALUMINIZADO OU PLASTICO",,32003,32003,32003,32003,Mobiliarios_e_artigos_do_lar,9546,,,,
1995,95,"Grupo - Óleos, gorduras e alimentos preparados ou semi-preparados",9546,9546,COADOR DE CAFÉ (PAPEL),,32003,32003,32003,32003,Mobiliarios_e_artigos_do_lar,9547,,,,
1995,95,"Grupo - Óleos, gorduras e alimentos preparados ou semi-preparados",9547,9547,TOALHA DE PAPEL,,32003,32003,32003,32003,Mobiliarios_e_artigos_do_lar,9548,,,,
1995,95,"Grupo - Óleos, gorduras e alimentos preparados ou semi-preparados",9548,9548,CANUDINHO DE PAPEL OU PLÁSTICO,,32003,32003,32003,32003,Mobiliarios_e_artigos_do_lar,9549,,,,
1995,95,"Grupo - Óleos, gorduras e alimentos preparados ou semi-preparados",9549,9549,"FORMA, COPO, ETC., DE PAPEL OU PAPELÃO",,32003,32003,32003,32003,Mobiliarios_e_artigos_do_lar,9550,,,,
1995,95,"Grupo - Óleos, gorduras e alimentos preparados ou semi-preparados",9550,9550,PAPEL ALUMÍNIO OU ALUMINIZADO,,32003,32003,32003,32003,Mobiliarios_e_artigos_do_lar,9551,,,,
1995,95,"Grupo - Óleos, gorduras e alimentos preparados ou semi-preparados",9551,9551,PAPEL ABSORVENTE DE COPA E COZINHA,,32003,32003,32003,32003,Mobiliarios_e_artigos_do_lar,9552,,,,
1995,95,"Grupo - Óleos, gorduras e alimentos preparados ou semi-preparados",9552,9552,PAPEL CELOFANE,,32003,32003,32003,32003,Mobiliarios_e_artigos_do_lar,9553,,,,
1995,95,"Grupo - Óleos, gorduras e alimentos preparados ou semi-preparados",9553,9553,FÓSFORO,,32003,32003,32003,32003,Mobiliarios_e_artigos_do_lar,9554,,,,
1995,95,"Grupo - Óleos, gorduras e alimentos preparados ou semi-preparados",9554,9554,VELAS DE ILUMINAÇÃO,,32003,32003,32003,32003,Mobiliarios_e_artigos_do_lar,9555,,,,
1995,95,"Grupo - Óleos, gorduras e alimentos preparados ou semi-preparados",9555,9555,LÂMPADA DE QUALQUER TIPO,,32003,32003,32003,32003,Mobiliarios_e_artigos_do_lar,9556,,,,
1995,95,"Grupo - Óleos, gorduras e alimentos preparados ou semi-preparados",9556,9556,QUEROSENE (MATERIAL DE LIMPEZA),,32002,,32002,32002,Artigos_de_limpeza,9557,,,,
1995,95,"Grupo - Óleos, gorduras e alimentos preparados ou semi-preparados",9557,9557,CARVÃO VEGETAL (PARA CHURRASCO),,32003,,32003,32003,Mobiliarios_e_artigos_do_lar,9558,,,,
1995,95,"Grupo - Óleos, gorduras e alimentos preparados ou semi-preparados",9558,9558,GASOLINA (MATERIAL DE LIMPEZA),,32002,,32002,32002,Artigos_de_limpeza,9559,,,,
1995,95,"Grupo - Óleos, gorduras e alimentos preparados ou semi-preparados",9559,9559,PILHA,,32003,32003,32003,32003,Mobiliarios_e_artigos_do_lar,9560,,,,
1995,95,"Grupo - Óleos, gorduras e alimentos preparados ou semi-preparados",9560,9560,CÊRA DE MÓVEIS,,32002,,32002,32002,Artigos_de_limpeza,9561,,,,
1995,95,"Grupo - Óleos, gorduras e alimentos preparados ou semi-preparados",9561,9561,SHAMPU DE CARPETE,,32002,,32002,32002,Artigos_de_limpeza,9562,,,,
1995,95,"Grupo - Óleos, gorduras e alimentos preparados ou semi-preparados",9562,9562,"TALHERES DE PLÁSTICO (GARFO, FACA, COLHER)",,32003,32003,32003,32003,Mobiliarios_e_artigos_do_lar,9563,,,,
1995,95,"Grupo - Óleos, gorduras e alimentos preparados ou semi-preparados",9563,9563,AMONÍACO,,32002,,32002,32002,Artigos_de_limpeza,9564,,,,
1995,95,"Grupo - Óleos, gorduras e alimentos preparados ou semi-preparados",9564,9564,ANTIMOFO,,32002,,32002,32002,Artigos_de_limpeza,9565,,,,
1995,95,"Grupo - Óleos, gorduras e alimentos preparados ou semi-preparados",9565,9565,LIMPA-VIDROS,,32002,,32002,32002,Artigos_de_limpeza,9566,,,,
1995,95,"Grupo - Óleos, gorduras e alimentos preparados ou semi-preparados",9566,9566,LIMPA-FORNO,,32002,,32002,32002,Artigos_de_limpeza,9567,,,,
1995,95,"Grupo - Óleos, gorduras e alimentos preparados ou semi-preparados",9567,9567,VELA DE ANIVERSARIO,,32003,32003,32003,32003,Mobiliarios_e_artigos_do_lar,9568,,,,
1995,95,"Grupo - Óleos, gorduras e alimentos preparados ou semi-preparados",9568,9568,VAPORIZADOR ELÉTRICO (CONTRA INSETOS),,32003,32003,32003,32003,Mobiliarios_e_artigos_do_lar,9569,,,,
1995,95,"Grupo - Óleos, gorduras e alimentos preparados ou semi-preparados",9569,9569,ESTOPA DE LIMPEZA DE CASA,,32002,,32002,32002,Artigos_de_limpeza,9570,,,,
1995,95,"Grupo - Óleos, gorduras e alimentos preparados ou semi-preparados",9570,9570,ALGODÃO DE LIMPEZA,,32002,,32002,32002,Artigos_de_limpeza,9571,,,,
1995,95,"Grupo - Óleos, gorduras e alimentos preparados ou semi-preparados",9571,9571,ANTIFERRUGEM,,32002,,32002,32002,Artigos_de_limpeza,9572,,,,
1995,95,"Grupo - Óleos, gorduras e alimentos preparados ou semi-preparados",9572,9572,SAQUINHO DE LANCHE (PLÁSTICO OU PAPEL),,32003,32003,32003,32003,Mobiliarios_e_artigos_do_lar,9573,,,,
1995,95,"Grupo - Óleos, gorduras e alimentos preparados ou semi-preparados",9573,9573,ANILINA E TINTA DE ASSOALHO,,32002,,32002,32002,Artigos_de_limpeza,9574,,,,
1995,95,"Grupo - Óleos, gorduras e alimentos preparados ou semi-preparados",9574,9574,ESFREGADEIRA DE LAVAR ROUPA,,32003,32003,32003,32003,Mobiliarios_e_artigos_do_lar,9575,,,,
1995,95,"Grupo - Óleos, gorduras e alimentos preparados ou semi-preparados",9575,9575,CLORO LÍQUIDO DE LIMPEZA DOMÉSTICA,,32002,,32002,32002,Artigos_de_limpeza,9576,,,,
1995,95,"Grupo - Óleos, gorduras e alimentos preparados ou semi-preparados",9576,9576,"TALHERES DE MADEIRA (GARFO, ESPETO, ETC.)",,32003,32003,32003,32003,Mobiliarios_e_artigos_do_lar,9577,,,,
1995,95,"Grupo - Óleos, gorduras e alimentos preparados ou semi-preparados",9577,9577,SECADOR DE LOUÇA (LÍQUIDO DE MÁQUINA DE LAVAR LOUÇA),,32003,,32003,32003,Mobiliarios_e_artigos_do_lar,9578,,,,
1995,95,"Grupo - Óleos, gorduras e alimentos preparados ou semi-preparados",9578,9578,FOLHA DE BANANEIRA (EMBALAGEM),,32003,32003,32003,32003,Mobiliarios_e_artigos_do_lar,9579,,,,
1995,95,"Grupo - Óleos, gorduras e alimentos preparados ou semi-preparados",9579,9579,FILTRO DE PAPEL DE EXAUSTOR,,32003,32003,32003,32003,Mobiliarios_e_artigos_do_lar,9580,,,,
1995,95,"Grupo - Óleos, gorduras e alimentos preparados ou semi-preparados",9580,9580,PAPEL MANTEIGA,,,32003,32003,32003,Mobiliarios_e_artigos_do_lar,9581,,,,
1995,95,"Grupo - Óleos, gorduras e alimentos preparados ou semi-preparados",9581,9581,CHAMINHA,,,32002,32002,32002,Artigos_de_limpeza,9591,,,,
1995,95,"Grupo - Óleos, gorduras e alimentos preparados ou semi-preparados",9591,9591,ALIMENTOS DE CÃES,,40006,40006,40006,40006,Outras_despesas_diversas,9592,,,,
1995,95,"Grupo - Óleos, gorduras e alimentos preparados ou semi-preparados",9592,9592,"ALIMENTO DE OUTROS ANIMAIS (PÁSSAROS, PEIXES, GATOS, COELHOS, ETC.)",,40006,40006,40006,40006,Outras_despesas_diversas,9593,,,,
1995,95,"Grupo - Óleos, gorduras e alimentos preparados ou semi-preparados",9593,9593,PRODUTOS DE LIMPEZA E HIGIENE DE ANIMAIS,,40006,40006,40006,40006,Outras_despesas_diversas,9594,,,,
1995,95,"Grupo - Óleos, gorduras e alimentos preparados ou semi-preparados",9594,9594,"OBJETOS DE ANIMAIS (CORRENTE, COLEIRA, GAIOLA, ETC.)",,40006,40006,40006,40006,Outras_despesas_diversas,9599,,,,
1995,95,"Grupo - Óleos, gorduras e alimentos preparados ou semi-preparados",9599,9599,FLORES NATURAIS (QUALQUER),,40006,40006,40006,40006,Outras_despesas_diversas,9601,,,,
1995,96,Grupo - Produtos de limpeza doméstica e outros,9601,9601,CREME DENTAL E FIO DENTAL,,35004,35004,35004,35004,Produtos_de_uso_pessoal,9602,,,,
1995,96,Grupo - Produtos de limpeza doméstica e outros,9602,9602,"ESCOVA DE DENTES (MACIA, MÉDIA, DURA)",,35004,35004,35004,35004,Produtos_de_uso_pessoal,9603,,,,
1995,96,Grupo - Produtos de limpeza doméstica e outros,9603,9603,SABONETE,,35003,35003,35003,35003,Sabonete,9604,,,,
1995,96,Grupo - Produtos de limpeza doméstica e outros,9604,9604,"XAMPU, CREME RINSE E OUTROS PRODUTOS DE CABELO",,35002,35002,35002,35002,Produtos_para_cabelo,9605,,,,
1995,96,Grupo - Produtos de limpeza doméstica e outros,9605,9605,DESODORANTE PESSOAL,,35004,35004,35004,35004,Produtos_de_uso_pessoal,9606,,,,
1995,96,Grupo - Produtos de limpeza doméstica e outros,9606,9606,"CREME, PINCEL E OUTROS PRODUTOS DE BARBA",,35004,35004,35004,35004,Produtos_de_uso_pessoal,9607,,,,
1995,96,Grupo - Produtos de limpeza doméstica e outros,9607,9607,LÂMINA DE BARBEAR,,35004,35004,35004,35004,Produtos_de_uso_pessoal,9608,,,,
1995,96,Grupo - Produtos de limpeza doméstica e outros,9608,9608,ABSORVENTE HIGIÊNICO,,35004,35004,35004,35004,Produtos_de_uso_pessoal,9609,,,,
1995,96,Grupo - Produtos de limpeza doméstica e outros,9609,9609,LENÇO DE PAPEL,,35004,35004,35004,35004,Produtos_de_uso_pessoal,9611,,,,
1995,96,Grupo - Produtos de limpeza doméstica e outros,9611,9611,PRODUTOS DE BANHO,,35004,35004,35004,35004,Produtos_de_uso_pessoal,9612,,,,
1995,96,Grupo - Produtos de limpeza doméstica e outros,9612,9612,PAPEL HIGIÊNICO,,35004,35004,35004,35004,Produtos_de_uso_pessoal,9613,,,,
1995,96,Grupo - Produtos de limpeza doméstica e outros,9613,9613,BARBEADOR DE LÂMINA,,35004,35004,35004,35004,Produtos_de_uso_pessoal,9614,,,,
1995,96,Grupo - Produtos de limpeza doméstica e outros,9614,9614,SABONETE LÍQUIDO,,35003,35003,35003,35003,Sabonete,9615,,,,
1995,96,Grupo - Produtos de limpeza doméstica e outros,9615,9615,HALITOL,,35004,35004,35004,35004,Produtos_de_uso_pessoal,9616,,,,
1995,96,Grupo - Produtos de limpeza doméstica e outros,9616,9616,PLAX DENTAL,,,35004,35004,35004,Produtos_de_uso_pessoal,9701,,,,
1995,97,Grupo - Produtos de higiene corporal e bebidas alcoólicas,9701,9701,CERVEJA,,15402,,15402,15102,xx.x.x Cerveja,9702,,,,
1995,97,Grupo - Produtos de higiene corporal e bebidas alcoólicas,9702,9702,CHOPP,,15402,,15402,15102,xx.x.x Cerveja,9703,,,,
1995,97,Grupo - Produtos de higiene corporal e bebidas alcoólicas,9703,9703,AGUARDENTE DE CANA,,15206,,15206,15101,xx.x.x Outras aguardentesxx.x.x Aguardente de cana,9704,,,,
1995,97,Grupo - Produtos de higiene corporal e bebidas alcoólicas,9704,9704,AGUARDENTE DE UVA,,15402,,15402,15101,xx.x.x Outras aguardentesxx.x.x Aguardente de cana,9705,,,,
1995,97,Grupo - Produtos de higiene corporal e bebidas alcoólicas,9705,9705,BATIDA DE QUALQUER SABOR,,15206,,15206,15104,xx.x.x Outras,9706,,,,
1995,97,Grupo - Produtos de higiene corporal e bebidas alcoólicas,9706,9706,STEINHARGER,,15402,,15402,15104,xx.x.x Outras,9707,,,,
1995,97,Grupo - Produtos de higiene corporal e bebidas alcoólicas,9707,9707,RUN,,15402,,15402,15104,xx.x.x Outras,9708,,,,
1995,97,Grupo - Produtos de higiene corporal e bebidas alcoólicas,9708,9708,VODKA,,15402,,15402,15104,xx.x.x Outras,9709,,,,
1995,97,Grupo - Produtos de higiene corporal e bebidas alcoólicas,9709,9709,GIN,,15402,,15402,15104,xx.x.x Outras,9710,,,,
1995,97,Grupo - Produtos de higiene corporal e bebidas alcoólicas,9710,9710,UÍSQUE,,15402,,15402,15104,xx.x.x Outras,9711,,,,
1995,97,Grupo - Produtos de higiene corporal e bebidas alcoólicas,9711,9711,CAMPARI,,15402,,15402,15104,xx.x.x Outras,9712,,,,
1995,97,Grupo - Produtos de higiene corporal e bebidas alcoólicas,9712,9712,CHAMPANHE,,15208,,15208,15104,xx.x.x Outras,9713,,,,
1995,97,Grupo - Produtos de higiene corporal e bebidas alcoólicas,9713,9713,VERMUTE,,15206,,15206,15104,xx.x.x Outras,9714,,,,
1995,97,Grupo - Produtos de higiene corporal e bebidas alcoólicas,9714,9714,CINZANO,,15206,,15206,15104,xx.x.x Outras,9715,,,,
1995,97,Grupo - Produtos de higiene corporal e bebidas alcoólicas,9715,9715,MARTINI,,15402,,15402,15104,xx.x.x Outras,9716,,,,
1995,97,Grupo - Produtos de higiene corporal e bebidas alcoólicas,9716,9716,CONHAQUE,,15402,,15402,15104,xx.x.x Outras,9717,,,,
1995,97,Grupo - Produtos de higiene corporal e bebidas alcoólicas,9717,9717,"DRINH ""DREHER"" E OUTROS",,15402,,15402,15104,xx.x.x Outras,9718,,,,
1995,97,Grupo - Produtos de higiene corporal e bebidas alcoólicas,9718,9718,SAN RAFAEL,,15206,,15206,15104,xx.x.x Outras,9719,,,,
1995,97,Grupo - Produtos de higiene corporal e bebidas alcoólicas,9719,9719,LICOR DE QUALQUER SABOR,,15206,,15206,15104,xx.x.x Outras,9720,,,,
1995,97,Grupo - Produtos de higiene corporal e bebidas alcoólicas,9720,9720,SHERRY,,15402,,15402,15104,xx.x.x Outras,9721,,,,
1995,97,Grupo - Produtos de higiene corporal e bebidas alcoólicas,9721,9721,FERNET,,15402,,15402,15104,xx.x.x Outras,9722,,,,
1995,97,Grupo - Produtos de higiene corporal e bebidas alcoólicas,9722,9722,BITTER,,15402,,15402,15104,xx.x.x Outras,9723,,,,
1995,97,Grupo - Produtos de higiene corporal e bebidas alcoólicas,9723,9723,AGUARDENTE DE ARROZ,,,,,15101,xx.x.x Outras aguardentesxx.x.x Aguardente de cana,9724,,,,
1995,97,Grupo - Produtos de higiene corporal e bebidas alcoólicas,9724,9724,VINHO DE UVA E OUTROS,,15402,,15402,15104,xx.x.x Outras,9725,,,,
1995,97,Grupo - Produtos de higiene corporal e bebidas alcoólicas,9725,9725,AGUARDENTE DE BANANA,,15402,,15402,15101,xx.x.x Outras aguardentesxx.x.x Aguardente de cana,9726,,,,
1995,97,Grupo - Produtos de higiene corporal e bebidas alcoólicas,9726,9726,AGUARDENTE DE ALCACHOFRA,,15402,,15402,15101,xx.x.x Outras aguardentesxx.x.x Aguardente de cana,9727,,,,
1995,97,Grupo - Produtos de higiene corporal e bebidas alcoólicas,9727,9727,ST.REMY,,15402,,15402,15104,xx.x.x Outras,9728,,,,
1995,97,Grupo - Produtos de higiene corporal e bebidas alcoólicas,9728,9728,KEEP COOLER,,15402,,15402,15104,xx.x.x Outras,9729,,,,
1995,97,Grupo - Produtos de higiene corporal e bebidas alcoólicas,9729,9729,COQUETEL DE FRUTAS,,15402,,15402,15104,xx.x.x Outras,9730,,,,
1995,97,Grupo - Produtos de higiene corporal e bebidas alcoólicas,9730,9730,UNDERBERG,,15402,,15402,15104,xx.x.x Outras,9993,,,,
1995,99,Grupo - Agregados,9993,9993,VAREJÃO,,40006,,40006,40006,Outras_despesas_diversas,9994,,,,
1995,99,Grupo - Agregados,9994,9994,CESTA,,40006,,40006,40006,Outras_despesas_diversas,9995,,,,
1995,99,Grupo - Agregados,9995,9995,SACOLA COBAL,,40006,,40006,40006,Outras_despesas_diversas,9996,,,,
1995,99,Grupo - Agregados,9996,9996,FEIRINHA,,40006,,40006,40006,Outras_despesas_diversas,9997,,,,
1995,99,Grupo - Agregados,9997,9997,SACOLÃO,,40006,,40006,40006,Outras_despesas_diversas,9998,,,,
1995,99,Grupo - Agregados,9998,9998,AGREGADO 37,,40006,,40006,40006,Outras_despesas_diversas,,,,,
