0,1,2,3,9,10
,,,,1988,
,,,,0700,DESPESA DO DOMICILIO PRINCIPAL COM SERVIÇOS PUBLICOS OU SIMILARES
PESQUISA DE ORÇAMENTOS FAMILIARES 1987-1988,,,,0701,AGUA E ESGOTO (DOMICÍLIO PRINCIPAL)
CADASTRO DE PRODUTOS E SERVIÇOS,,,,0702,ENERGIA ELÉTRICA (DOMICÍLIO PRINCIPAL)
,,,,0703,GÁS ENCANADO (DOMICÍLIO PRINCIPAL)
"( Nas situações de existência de diferentes descrições para o mesmo código,",,,,0704,TELELEFONE RESIDENCIAL (DOMICÍLIO PRINCIPAL)
significa que foram consideradas sinônimas ou denominações locais),,,,0705,GÁS DE BUTIJÃO (DOMICÍLIO PRINCIPAL)
1995,,,,0706,AQUISIÇÃO D´ÁGUA (DOMICÍLIO PRINCIPAL)
CÓDIGO DO ITEM,,DESCRIÇÃO DO ITEM,1988,0707,LENHA E CARVÃO (COMBUSTÍVEIS DOMÉSTICOS) (DOMICÍLIO PRINCIPAL)
700,0700,DESPESAS DO DOMICILIO PRINCIPAL COM SERVIÇOS PUBLICOS,DESPESA DO DOMICILIO PRINCIPAL COM SERVIÇOS PUBLICOS OU SIMILARES,0708,GÁS DE BUTIJÃO PARA ILUMINAÇÃO (DOMICÍLIO PRINCIPAL)
701,0701,AGUA E ESGOTO,AGUA E ESGOTO (DOMICÍLIO PRINCIPAL),0709,QUEROSENE (COMBUSTÍVEL DOMESTICO) (DOMICÍLIO PRINCIPAL)
702,0702,ENERGIA ELETRICA,ENERGIA ELÉTRICA (DOMICÍLIO PRINCIPAL),0711,ALCOOL (COMBUSTÍVEL DOMESTICO) (DOMICÍLIO PRINCIPAL)
703,0703,GAS ENCANADO,GÁS ENCANADO (DOMICÍLIO PRINCIPAL),0712,ÓLEO DIESEL (COMBUSTÍVEL DOMESTICO) (DOMICÍLIO PRINCIPAL)
704,0704,TELEFONE RESIDENCIAL,TELELEFONE RESIDENCIAL (DOMICÍLIO PRINCIPAL),0713,TELEFONE RESIDENCIAL (CHAMADA INTERURBANA) (DOMICÍLIO PRINCIPAL)
705,0705,GAS DE BUJÃO,GÁS DE BUTIJÃO (DOMICÍLIO PRINCIPAL),0714,TELEFONE RESIDENCIAL (CHAMADA INTENACIONAL) (DOMICÍLIO PRINCIPAL)
706,0706,COMPRA D'AGUA,AQUISIÇÃO D´ÁGUA (DOMICÍLIO PRINCIPAL),0715,TELEFONE MÓVEL OU CELULAR (DOMICÍLIO PRINCIPAL)
706,0706,GARRAFÃO D'AGUA (ENTREGA DOMICILIAR),AQUISIÇÃO D´ÁGUA (DOMICÍLIO PRINCIPAL),0798,AGREGADO 1
707,0707,LENHA,LENHA E CARVÃO (COMBUSTÍVEIS DOMÉSTICOS) (DOMICÍLIO PRINCIPAL),0800,"DESPESA COM CONSTRUÇÃO, REFORMA E PEQUENOS REPAROS DE IMÓVEIS E JARDINAGEM"
708,0708,GAS DE BUJÃO PARA ILUMINAÇÃO,GÁS DE BUTIJÃO PARA ILUMINAÇÃO (DOMICÍLIO PRINCIPAL),0801,AZULEJO E PISO
709,0709,QUEROSENE (COMBUSTIVEL),QUEROSENE (COMBUSTÍVEL DOMESTICO) (DOMICÍLIO PRINCIPAL),0802,"PIA, VASO, BIDE, SABONETEIRA E CONJUNTO SANITARIO"
710,0710,CARVÃO VEGETAL (COMBUSTIVEL),,0803,JANELA E PORTA
711,0711,ALCOOL (COMBUSTIVEL),ALCOOL (COMBUSTÍVEL DOMESTICO) (DOMICÍLIO PRINCIPAL),0804,MADEIRA E TACO
712,0712,OLEO (COMBUSTIVEL DOMESTICO),ÓLEO DIESEL (COMBUSTÍVEL DOMESTICO) (DOMICÍLIO PRINCIPAL),0805,CIMENTO
798,0798,AGREGADO,AGREGADO 1,0806,TIJOLO
800,0800,DESPESAS DO DOMICILIO PRINCIPAL COM HABITAÇÃO,"DESPESA COM CONSTRUÇÃO, REFORMA E PEQUENOS REPAROS DE IMÓVEIS E JARDINAGEM",0807,VIDRO
805,0805,ALUGUEL DO IMOVEL,CIMENTO,0808,TINTA
807,0807,PRESTAÇÃO DO IMOVEL,VIDRO,0809,MATERIAL DE PINTURA EM GERAL
810,0810,ALUGUEL DE GARAGEM,"TORNEIRA, CANO E MATERIAL HIDRÁULICO EM GERAL",0810,"TORNEIRA, CANO E MATERIAL HIDRÁULICO EM GERAL"
812,0812,CONDOMINIO,FIO E MATERIAL ELÉTRICO EM GERAL,0811,"FERRAGENS (FECHADURA, FERRO, ARAME, PREGO, ETC.)"
814,0814,IMPOSTO PREDIAL,"DEDETIZAÇÃO, DESRATIZAÇÃO, DESINSETIZAÇÃO",0812,FIO E MATERIAL ELÉTRICO EM GERAL
900,0900,DESPESAS DO DOMICILIO PRINCIPAL COM OUTROS SERVIÇOS DE UTILIDADE PUBLICA E HABITAÇÃO,"DESPESA COM CONSERTO E MANUTENÇÃO DE MOVEIS, APARELHOS, MAQUINAS E UTENSÍLIOS DOMESTICOS",0813,"MÃO-DE-OBRA (PEDREIRO, MARCENEIRO, ELETRICISTA, ETC.)"
901,0901,"AQUISIÇÃO DO IMOVEL A VISTA (VALOR PAGO, IMPOSTO DE TRANSMISSÃO, ETC.)",CONSERTO DE MOVEIS,0814,"DEDETIZAÇÃO, DESRATIZAÇÃO, DESINSETIZAÇÃO"
901,0901,IMPOSTO DE TRANSMISSÃO DO IMOVEL (AQUISIÇÃO A VISTA),CONSERTO DE MOVEIS,0815,"VITRIFICAÇÃO (SINTECO, POLIURETANO, ETC.)"
902,0902,"AQUISIÇÃO DO IMOVEL A PRAZO (ENTRADA, PARCELAS, TAXAS, IMPOSTOS, ETC.)",MANUTENÇÃO DE MOVEIS,0816,REFORMA OU OBRA POR EMPREITADA
902,0902,TAXAS PARA AQUISIÇÃO DO IMOVEL A PRAZO,MANUTENÇÃO DE MOVEIS,0817,"LINCENÇA PARA OBRA, PLANTA, DESEMBARAÇO DE DOCUMENTAÇÃO"
902,0902,IMPOSTOS PARA AQUISIÇÃO DO IMOVEL A PRAZO,MANUTENÇÃO DE MOVEIS,0818,"ARTIGO DE JARDINAGEM (PLANTA, TERRA, SEMENTES, XAXIM, SUPORTE DE VASO)"
902,0902,PARCELAS PARA AQUISIÇÃO DO IMOVEL A PRAZO,MANUTENÇÃO DE MOVEIS,0819,ALUGUEL DE CARRETO PARA MATERIAL DE CONSTRUÇÃO
902,0902,ENTRADA PARA AQUISIÇÃO DO IMOVEL A PRAZO,MANUTENÇÃO DE MOVEIS,0820,CAIXA DE CORREIO
903,0903,LOCAÇÃO DO IMOVEL,CONSERTO DE ASPIRADOR DE PÓ (PEÇA+MÃO-DE-OBRA),0821,LAJE PRE-MOLDADA
903,0903,CONTRATO DE LOCAÇÃO DO IMOVEL,CONSERTO DE ASPIRADOR DE PÓ (PEÇA+MÃO-DE-OBRA),0822,"AREIA, TERRA, BARRO, SAIBRO, CASCALHO, ETC."
903,0903,DEPOSITOS DE LOCAÇÃO DO IMOVEL,CONSERTO DE ASPIRADOR DE PÓ (PEÇA+MÃO-DE-OBRA),0823,"PEDRA (BRITADA, MARROADA, PARALELEPÍPEDO, EM PÓ, ETC.)"
903,0903,DEPOSITOS DE CONSERVAÇÃO DO IMOVEL,CONSERTO DE ASPIRADOR DE PÓ (PEÇA+MÃO-DE-OBRA),0824,PORTÃO
904,0904,MUDANÇA,,0825,INPS DE OBRA
905,0905,"SEGUROS SOBRE O IMOVEL (INCENDIO, ROUBO, ETC.)",,0826,BASCULANTE
905,0905,SEGURO CONTRA ROUBO DO IMOVEL,,0827,COLA (EXCETO DUREPOX)
905,0905,SEGURO CONTRA INCENDIO DO IMOVEL,,0828,ARGAMASSA
906,0906,"TAXAS (COLETA DE LIXO, PREVENÇÃO E EXTINÇÃO DE INCENDIO, SEGURANÇA, ETC.)",MANUTENÇÃO DE APARELHOS DOMÉSTICOS,0829,"TELHA (BARRO, AMIANTO, FIBRA, ALUMINIO, ETC.)"
906,0906,TAXA DE COLETA DE LIXO,MANUTENÇÃO DE APARELHOS DOMÉSTICOS,0830,SOLEIRA E PARAPEITO DE JANELA DE QUALQUER.MATERIAL
906,0906,TAXA DE PREVENÇÃO E EXTINÇÃO DE INCENDIO,MANUTENÇÃO DE APARELHOS DOMÉSTICOS,0831,PEDRA MÁRMORE PARA PIA
906,0906,TAXA DE SEGURANÇA,MANUTENÇÃO DE APARELHOS DOMÉSTICOS,0832,CAIXA DÀGUA DE QUALQUER MATERIAL
906,0906,TAXA DE ILUMINAÇÃO PUBLICA,MANUTENÇÃO DE APARELHOS DOMÉSTICOS,0833,GRADE DE FERRO
906,0906,TAXA DE CONSERVAÇÃO URBANA,MANUTENÇÃO DE APARELHOS DOMÉSTICOS,0834,BLOCO DE CIMENTO
906,0906,TAXA DE LIXO,MANUTENÇÃO DE APARELHOS DOMÉSTICOS,0835,BOX DE BANHEIRO DE QUALQUER MATERIAL
906,0906,TAXA DE ASFALTAMENTO,MANUTENÇÃO DE APARELHOS DOMÉSTICOS,0836,TANQUE DE QUALQUER MATERIAL
906,0906,ASFALTAMENTO (TAXA),MANUTENÇÃO DE APARELHOS DOMÉSTICOS,0837,PORTAL
907,0907,TAXA DE OCUPAÇÃO DE IMOVEL,CONSERTO DE MOTO-BOMBA (PEÇA+MÃO-DE-OBRA),0838,CAIXA DE LUZ (PADRÃO)
908,0908,TAXA DE INSTALAÇÃO DE RELOGIO D'AGUA,CONSERTO DE FERRO ELÉTRICO (PEÇA+MÃO-DE-OBRA),0839,CAIXA DE DESCARGA
908,0908,INSTALAÇÃO DE RELOGIO D'AGUA (TAXA),CONSERTO DE FERRO ELÉTRICO (PEÇA+MÃO-DE-OBRA),0840,GESSO
908,0908,RELOGIO D'AGUA (TAXA DE INSTALAÇAO),CONSERTO DE FERRO ELÉTRICO (PEÇA+MÃO-DE-OBRA),0841,ESPELHO DE BANHEIRO
909,0909,TAXA DE TRANSFERENCIA DE TELEFONE,MANUTENÇÃO DE UTENSÍLIOS DOMÉSTICOS (EXCETO ELÉTRICOS),0842,MANILHA
909,0909,TRANSFERENCIA DE TELEFONE (TAXA),MANUTENÇÃO DE UTENSÍLIOS DOMÉSTICOS (EXCETO ELÉTRICOS),0843,"PLACA, ANEL, VIGA, PALANQUE, ETC., DE CIMENTO OU CONCRETO"
910,0910,"TAXA DE INSTALAÇÃO DE INTERFONE,TELEFONE",CONSERTO DE FERRO ELÉTRICO (PEÇA),0844,CAIXA DE REGISTRO DÀGUA
910,0910,INTERFONE (TAXA DE INSTALAÇÃO),CONSERTO DE FERRO ELÉTRICO (PEÇA),0845,MATERIAL PLÁSTICO PARA COBERTURA
910,0910,TELEFONE (TAXA DE INSTALAÇÃO),CONSERTO DE FERRO ELÉTRICO (PEÇA),0846,DUREPOX
911,0911,TAXA DE MANUTENÇÃO DE ELEVADOR,,0847,CUBA PARA PIA (QUALQUER MATERIAL)
911,0911,MANUTENÇÃO DE ELEVADOR,,0848,CALHA
996,0996,AGREGADO,,0849,ESQUADRIA
997,0997,VALOR ESCRITURAL DO IMOVEL ADQUIRIDO EM 1ª LOCAÇÃO (A VISTA OU A PRAZO),,0850,FÓRMICA (FOLHA)
998,0998,ALUGUEL ESTIMADO,AGREGADO 3,0851,POSTE (CIMENTO)
1000,1000,"DESPESAS COM CONSTRUÇÃO,REFORMA E PEQUENOS REPAROS DE IMOVEIS, E COM JARDINEIRO",DESPESAS DO DOMICÍLIO PRINCIPAL COM HABITAÇÃO,0852,CUPINICIDA
1001,1001,AZULEJO E PISO,,0853,PRODUTOS PARA PISCINA
1001,1001,PISO,,0854,BETUME
1002,1002,"PIA, VASO, BIDE, BANHEIRA, SABONETEIRA E CONJUNTO SANITARIO",,0855,ESCADA CARACOL
1002,1002,BIDE,,0856,IMPERMEABILIZANTE
1002,1002,CONJUNTO SANITARIO,,0857,PALHA PARA COBERTURA
1002,1002,VASO SANITARIO,,0858,ESCADA DE CONCRETO (PRÉ-MOLDADA)
1002,1002,BANHEIRA,,0859,MASSA DE FIXAÇÃO E VEDAÇÃO DE VIDRO
1002,1002,SABONETEIRA (NÃO PLASTICA),,0860,GRADE DE MADEIRA
1003,1003,JANELA E PORTA,,0861,BANDEIRA DE JANELA
1003,1003,PORTA,,0862,CONCRETO USINADO
1004,1004,MADEIRA E TACO,,0863,FORMA DE LAJE
1004,1004,TACO,,0864,TETO SOLAR
1005,1005,CIMENTO,ALUGUEL DO IMÓVEL (DOMICÍLIO PRINCIPAL),0866,FOSSA SÉPTICA
1005,1005,CIMENTO BRANCO,ALUGUEL DO IMÓVEL (DOMICÍLIO PRINCIPAL),0867,FIXOTAC
1006,1006,TIJOLO,,0868,MEIO-FIO DE CALÇADA
1007,1007,VIDRO,PRESTAÇÃO DO IMÓVEL (DOMICÍLIO PRINCIPAL),0869,LATA VAZIA (USADA EM CONSTRUÇÃO)
1008,1008,TINTA,,0870,RUFO DE TELHADO
1009,1009,MATERIAL DE PINTURA EM GERAL,,0871,ÓXIDO DE FERRO (PARA PISO DE CERÂMICA)
1009,1009,MASSA CORRIDA PARA PAREDE,,0872,CHAMINÉ PRONTA (QUALQUER MATERIAL)
1009,1009,CAL,,0873,LIXEIRA METÁLICA
1009,1009,CAL VIRGEM,,0898,AGREGADO 2
1009,1009,ROLO PARA PINTURA,,0900,"DESPESA COM CONSERTO E MANUTENÇÃO DE MOVEIS, APARELHOS, MAQUINAS E UTENSÍLIOS DOMESTICOS"
1009,1009,LIXA PARA MADEIRA,,0901,CONSERTO DE MOVEIS
1010,1010,"TORNEIRA,CANO E MATERIAL HIDRAULICO EM GERAL",ALUGUEL DE GARAGEM (DOMICÍLIO PRINCIPAL),0902,MANUTENÇÃO DE MOVEIS
1010,1010,CANO,ALUGUEL DE GARAGEM (DOMICÍLIO PRINCIPAL),0903,CONSERTO DE ASPIRADOR DE PÓ (PEÇA+MÃO-DE-OBRA)
1010,1010,MATERIAL HIDRAULICO,ALUGUEL DE GARAGEM (DOMICÍLIO PRINCIPAL),0906,MANUTENÇÃO DE APARELHOS DOMÉSTICOS
1011,1011,"FERRAGENS (FECHADURA, FERRO, ARAME, PREGO, ETC.)",,0907,CONSERTO DE MOTO-BOMBA (PEÇA+MÃO-DE-OBRA)
1011,1011,FECHADURA,,0908,CONSERTO DE FERRO ELÉTRICO (PEÇA+MÃO-DE-OBRA)
1011,1011,FERRO,,0909,MANUTENÇÃO DE UTENSÍLIOS DOMÉSTICOS (EXCETO ELÉTRICOS)
1011,1011,ARAME,,0910,CONSERTO DE FERRO ELÉTRICO (PEÇA)
1011,1011,PREGO,,0912,CONSERTO DE UTENSÍLIOS DOMÉSTICOS (EXECETO ELÉTRICO)
1011,1011,CADEADO,,0915,MONTAGEM DE MÓVEIS
1011,1011,"RALO (ESGOTO, BANHEIRO, ETC.)",,0920,CONSERTO DE GELADEIRA OU FREEZER (PEÇA)
1011,1011,TELA DE ARAME,,0921,CONSERTO DE GELADEIRA OU FREEZER (MÃO-DE-OBRA)
1011,1011,TRILHO METALICO,,0922,CONSERTO DE GELADADEIRA OU FREEZER (PEÇA+MÃO-DE-OBRA)
1012,1012,FIOS E MATERIAL ELETRICO EM GERAL,CONDOMÍNIO (DOMICÍLIO PRINCIPAL),0923,CONSERTO DE TELEVISÃO E TELÃO (PEÇA)
1012,1012,MATERIAL ELETRICO PARA INSTALAÇÃO,CONDOMÍNIO (DOMICÍLIO PRINCIPAL),0924,CONSERTO DE TELEVISÃO E TELÃO (MÃO-DE-OBRA)
1012,1012,FIO PARA INSTALÇÃO ELETRICA,CONDOMÍNIO (DOMICÍLIO PRINCIPAL),0925,CONSERTO DE TELEVISÃO E TELÃO (PEÇA+MÃO-DE-OBRA)
1013,1013,"MÃO-DE-OBRA (PEDREIRO, MARCENEIRO, ELETRICISTA, ETC.)",,0926,CONSERTO DE APARELHO SONORO (PEÇA)
1013,1013,PEDREIRO,,0927,CONSERTO DE APARELHO SONORO (MÃO-DE-OBRA)
1013,1013,MARCENEIRO,,0928,CONSERTO DE APARELHO SONORO (PEÇA+MÃO-DE-OBRA)
1013,1013,ELETRICISTA,,0929,CONSERTO DE VIDEO-CASSETE (PEÇA)
1014,1014,"DEDETIZAÇÃO, DESRATIZAÇÃO, ETC.",IMPOSTO PREDIAL (DOMICÍLIO PRINCIPAL),0930,CONSERTO DE VIDEO-CASSETE (MÃO-DE-OBRA)
1014,1014,DESRATIZAÇÃO,IMPOSTO PREDIAL (DOMICÍLIO PRINCIPAL),0931,CONSERTO DE VIDEO-CASSETE (PEÇA+MÃO-DE-OBRA)
1015,1015,"VITRIFICAÇÃO (SINTECO, POLIURETANO, ETC.)",,0932,CONSERTO DE MAQUINA DE LAVAR OU SECAR ROUPA (PEÇA)
1015,1015,SINTECO,,0933,CONSERTO DE MAQUINA DE LAVAR OU SECAR ROUPA (MÃO-DE-OBRA)
1015,1015,POLIURETANO,,0934,CONSERTO DE MAQUINA DE LAVAR OU SECAR ROUPA (PEÇA+MÃO-DE-OBRA)
1016,1016,REFORMAS OU OBRAS POR EMPREITADA,"ADICIONAIS DE ALUGUEL DO IMOVEL (JUROS, MULTA, ETC.) (DOMICÍLIO PRINCIPAL)",0935,CONSERTO DE FOGÃO (PEÇA)
1016,1016,CONSTRUÇÃO POR EMPREITADA,"ADICIONAIS DE ALUGUEL DO IMOVEL (JUROS, MULTA, ETC.) (DOMICÍLIO PRINCIPAL)",0936,CONSERTO DE FOGÃO (MÃO-DE-OBRA)
1016,1016,EMPREITEIRO,"ADICIONAIS DE ALUGUEL DO IMOVEL (JUROS, MULTA, ETC.) (DOMICÍLIO PRINCIPAL)",0937,CONSERTO DE FOGÃO (PEÇA+MÃO-DE-OBRA)
1016,1016,EMPREITADA,"ADICIONAIS DE ALUGUEL DO IMOVEL (JUROS, MULTA, ETC.) (DOMICÍLIO PRINCIPAL)",0938,CONSERTO DE AR CONDICIONADO (PEÇA)
1016,1016,OBRA POR EMPREITADA,"ADICIONAIS DE ALUGUEL DO IMOVEL (JUROS, MULTA, ETC.) (DOMICÍLIO PRINCIPAL)",0939,CONSERTO DE AR CONDICIONADO (MÃO-DE-OBRA)
1017,1017,"LICENÇA PARA OBRAS,PLANTA E DESEMBARAÇO DE DOCUMENTAÇÃO","ADICIONAIS DE PRESTAÇÃO DO IMOVEL (JUROS, MULTA, ETC.) (DOMICÍLIO PRINCIPAL)",0940,CONSERTO DE AR CONDICIONADO (PEÇA+MÃO-DE-OBRA)
1017,1017,PLANTA PARA OBRA,"ADICIONAIS DE PRESTAÇÃO DO IMOVEL (JUROS, MULTA, ETC.) (DOMICÍLIO PRINCIPAL)",0941,CONSERTO DE PORTÃO ELETRÔNICO (PEÇA)
1017,1017,DESEMBARAÇO DE DOCUMENTAÇÃO PARA OBRA,"ADICIONAIS DE PRESTAÇÃO DO IMOVEL (JUROS, MULTA, ETC.) (DOMICÍLIO PRINCIPAL)",0942,CONSERTO DE PORTÃO ELETRÔNICO (MÃO-DE-OBRA)
1018,1018,"ARTIGOS DE JARDINAGEM (PLANTAS,  TERRA,  SEMENTES,  XAXIM,  VASO,  SUPORTE PARA PLANTA, ETC.)","ADICIONAIS DE ALUGUEL DE GARAGEM (JUROS, MULTA, ETC.) (DOMICÍLIO PRINCIPAL)",0943,CONSERTO DE PORTÃO ELETRÔNICO (PEÇA+MÃO-DE-OBRA)
1018,1018,PLANTAS NATURAIS,"ADICIONAIS DE ALUGUEL DE GARAGEM (JUROS, MULTA, ETC.) (DOMICÍLIO PRINCIPAL)",0944,CONSERTO DE FURADEIRA ELÉTRICA (PEÇA)
1018,1018,TERRA VEGETAL,"ADICIONAIS DE ALUGUEL DE GARAGEM (JUROS, MULTA, ETC.) (DOMICÍLIO PRINCIPAL)",0945,CONSERTO DE FURADEIRA ELÉTRICA (MÃO-DE-OBRA)
1018,1018,SEMENTES,"ADICIONAIS DE ALUGUEL DE GARAGEM (JUROS, MULTA, ETC.) (DOMICÍLIO PRINCIPAL)",0946,CONSERTO DE FURADEIRA ELÉTRICA (PEÇA+MÃO-DE-OBRA)
1018,1018,XAXIM,"ADICIONAIS DE ALUGUEL DE GARAGEM (JUROS, MULTA, ETC.) (DOMICÍLIO PRINCIPAL)",0947,CONSERTO DE AQUECEDOR (PEÇA+MÃO-DE-OBRA)
1018,1018,VASO PARA PLANTA,"ADICIONAIS DE ALUGUEL DE GARAGEM (JUROS, MULTA, ETC.) (DOMICÍLIO PRINCIPAL)",0948,CONSERTO DE ÓRGÃO ELETRICO (PEÇA+MÃO-DE-OBRA)
1018,1018,SUPORTE PARA PLANTA,"ADICIONAIS DE ALUGUEL DE GARAGEM (JUROS, MULTA, ETC.) (DOMICÍLIO PRINCIPAL)",0949,CONSERTO DE SECRETARIA ELETRONICA (PEÇA+MÃO-DE-OBRA)
1018,1018,TESOURA PODADEIRA,"ADICIONAIS DE ALUGUEL DE GARAGEM (JUROS, MULTA, ETC.) (DOMICÍLIO PRINCIPAL)",0950,CONSERTO DE MAQUINA.DE COSTURA OU OVERLOCK (PEÇA)
1018,1018,PODÃO,"ADICIONAIS DE ALUGUEL DE GARAGEM (JUROS, MULTA, ETC.) (DOMICÍLIO PRINCIPAL)",0951,CONSERTO DE MAQUINA DE COSTURA.OU OVERLOCK (MÃO-DE-OBRA)
1019,1019,CARRETO DE MATERIAL DE CONSTRUÇÃO,"ADICIONAIS DE CONDOMÍNIO (JUROS, MULTAS, ETC.) (DOMICÍLIO PRINCIPAL)",0952,CONSERTO DE MAQUINA DE.COSTURA OU OVERLOCK (PEÇA+MÃO-DE-OBRA)
1019,1019,FRETE DE MATERIAL DE CONSTRUÇÃO,"ADICIONAIS DE CONDOMÍNIO (JUROS, MULTAS, ETC.) (DOMICÍLIO PRINCIPAL)",0953,"CONSERTO DE BATEDEIRA DE BOLO, MULTIPROCESSADOR E LIQUIDIFICADOR (PEÇA)"
1020,1020,CAIXA PARA CORREIO,"ADICIONAIS DE IMPOSTO PREDIAL (JUROS, MULTA, ETC.) (DOMICÍLIO PRINCIPAL)",0954,"CONSERTO DE BATEDEIRA DE BOLO, MULTIPROCESSADOR E LIQUIDIFICADOR (MÃO-DE-OBRA)"
1020,1020,CAIXA PARA CORRESPONDENCIA,"ADICIONAIS DE IMPOSTO PREDIAL (JUROS, MULTA, ETC.) (DOMICÍLIO PRINCIPAL)",0955,"CONSERTO DE BATEDEIRA DE BOLO, MULTIPROCESSADOR E LIQUIDIFICADOR (PEÇA+MÃO-DE-OBRA"
1021,1021,LAGE PRE-MOLDADA,TAXA EXTRA DE CONDOMÍNIO (REFORMA E MANUTENÇÃO DE PREDIO),0956,CONSERTO DE FORNO ELÉTRICO (PEÇA+MÃO-DE-OBRA)
1022,1022,AREIA,IMPOSTO TERRITORIAL RURAL,0957,CONSERTO DE FILMADORA (PEÇA+MÃO-DE-OBRA)
1022,1022,ARENOSO,IMPOSTO TERRITORIAL RURAL,0958,CONSERTO DE MAQUINA DE LAVAR LOUÇAS (MÃO-DE-OBRA)
1022,1022,BARRO,IMPOSTO TERRITORIAL RURAL,0959,CONSERTO DE RELÓGIO DE MESA OU DE PAREDE (PEÇA+MÃO-DE-OBRA)
1022,1022,SAIBRO,IMPOSTO TERRITORIAL RURAL,0960,CONSERTO DE VENTILADOR (PEÇA+MÃO-DE-OBRA)
1022,1022,CAULIM,IMPOSTO TERRITORIAL RURAL,0961,CONSERTO DE OZONIZADOR E TORNEIRA ELETRICA
1022,1022,TERRA,IMPOSTO TERRITORIAL RURAL,0962,CONSERTO DE MAQUINA DE LAVAR LOUÇAS (PEÇAS)
1022,1022,ATERRO,IMPOSTO TERRITORIAL RURAL,0963,CONSERTO DE MAQUINA DE LAVAR LOUÇAS (PEÇAS+MÃO-DE-OBRA)
1023,1023,PEDRA BRITADA,SPU (SERVIÇO DE PATRIMONIO DA UNIÃO),0964,CONSERTO DE FILMADORA (PEÇA)
1023,1023,BRITA,SPU (SERVIÇO DE PATRIMONIO DA UNIÃO),0965,CONSERTO DE FILMADORA (MÃO-DE-OBRA)
1023,1023,PO DE PEDRA,SPU (SERVIÇO DE PATRIMONIO DA UNIÃO),0966,CONSERTO DE ENCERADEIRA (PEÇA)
1023,1023,PEDRA MARROADA,SPU (SERVIÇO DE PATRIMONIO DA UNIÃO),0967,CONSERTO DE ENCERADEIRA (MÃO-DE-OBRA)
1023,1023,PEDRA PARA ALICERCE,SPU (SERVIÇO DE PATRIMONIO DA UNIÃO),0968,CONSERTO DE ENCERADEIRA (PEÇA+MÃO-DE-OBRA)
1024,1024,PORTÃO,,0969,CONSERTO DE MICROCOMPUTADOR (PEÇA)
1025,1025,INPS PARA OBRA,,0970,CONSERTO DE MICROCOMPUTADOR (MÃO-DE-OBRA)
1026,1026,BASCULANTE,,0971,CONSERTO DE MICROCOMPUTADOR (PEÇA+MÃO-DE-OBRA)
1027,1027,COLA (EXCETO DUREPOX),,0972,CONSERTO DE CHUVEIRO ELÉTRICO (PEÇA)
1028,1028,ARGAMASSA,,0973,CONSERTO DE CHUVEIRO ELÉTRICO (MÃO-DE-OBRA)
1029,1029,"TELHAS (BARRO, AMIANTO, FIBRA, ALUMINIO, ETC.)",,0974,CONSERTO DE CHUVEIRO ELÉTRICO (PEÇA+MÃO-DE-OBRA)
1030,1030,SOLEIRA E PARAPEITO DE JANELA DE QUALQUER MATERIAL,,0975,CONSERTO DE SECADOR DE CABELOS (PEÇA)
1030,1030,SOLEIRA DE QUALQUER MATERIAL,,0976,CONSERTO DE SECADOR DE CABELOS (MÃO-DE-OBRA)
1030,1030,PARAPEITO DE JANELA DE QUALQUER MATERIAL,,0977,CONSERTO DE SECADOR DE CABELOS (PEÇA+MÃO-DE-OBRA)
1031,1031,PEDRA MARMORE,,0998,AGREGADO 3
1031,1031,MARMORE (PEDRA),,1000,DESPESAS DO DOMICÍLIO PRINCIPAL COM HABITAÇÃO
1031,1031,BALCÃO DE MARMORE PARA PIA,,1005,ALUGUEL DO IMÓVEL (DOMICÍLIO PRINCIPAL)
1032,1032,CAIXA D'AGUA,,1007,PRESTAÇÃO DO IMÓVEL (DOMICÍLIO PRINCIPAL)
1032,1032,TAMPA PARA CAIXA D'AGUA,,1010,ALUGUEL DE GARAGEM (DOMICÍLIO PRINCIPAL)
1033,1033,GRADE DE FERRO,,1012,CONDOMÍNIO (DOMICÍLIO PRINCIPAL)
1034,1034,BLOCO DE CIMENTO,,1014,IMPOSTO PREDIAL (DOMICÍLIO PRINCIPAL)
1034,1034,BLOCKET (BLOCO DE CIMENTO),,1016,"ADICIONAIS DE ALUGUEL DO IMOVEL (JUROS, MULTA, ETC.) (DOMICÍLIO PRINCIPAL)"
1035,1035,BOX PARA BANHEIRO,,1017,"ADICIONAIS DE PRESTAÇÃO DO IMOVEL (JUROS, MULTA, ETC.) (DOMICÍLIO PRINCIPAL)"
1036,1036,TANQUE,,1018,"ADICIONAIS DE ALUGUEL DE GARAGEM (JUROS, MULTA, ETC.) (DOMICÍLIO PRINCIPAL)"
1037,1037,PORTAL,,1019,"ADICIONAIS DE CONDOMÍNIO (JUROS, MULTAS, ETC.) (DOMICÍLIO PRINCIPAL)"
1038,1038,CAIXA DE LUZ (PADRÃO),,1020,"ADICIONAIS DE IMPOSTO PREDIAL (JUROS, MULTA, ETC.) (DOMICÍLIO PRINCIPAL)"
1039,1039,CAIXA DE DESCARGA,,1021,TAXA EXTRA DE CONDOMÍNIO (REFORMA E MANUTENÇÃO DE PREDIO)
1040,1040,GESSO PARA CONSTRUÇÃO E REFORMA,,1021,"AQUISIÇÃO DE IMOVEL À VISTA (VALOR PAGO, IMPOSTOS DE TRANSMISSÃO, ETC.) (DOMICILIO PRINCIPAL)"
1041,1041,ESPELHO PARA BANHEIRO,,1022,IMPOSTO TERRITORIAL RURAL
1042,1042,MANILHA,,1023,SPU (SERVIÇO DE PATRIMONIO DA UNIÃO)
1043,1043,"PLACA,  ANEL, VIGA, ETC. DE CIMENTO OU CONCRETO",,1100,"DESPESAS COM CONSTRUÇÃO, REFORMA E MANUTENÇÃO DE JAZIGO"
1043,1043,ANEL DE CIMENTO OU CONCRETO,,1101,CONSTRUÇÃO DE JAZIGO
1043,1043,VIGA DE CIMENTO,,1102,REFORMA DE JAZIGO
1044,1044,CAIXA DE REGISTRO D'AGUA,,1103,MANUTENÇÃO DE JAZIGO
1045,1045,MATERIAL PLASTICO PARA COBERTURA,,1104,EXUMAÇÃO
1045,1045,TOLDO PLASTICO,,1105,LÁPIDE DE JAZIGO
1045,1045,PLASTICO (MATERIAL PARA COBERTURA),,1106,PLACA DE JAZIGO
1046,1046,DUREPOX,,1107,CONDOMÍNIO DE JAZIGO
1046,1046,EPOX (COLA),,1108,GRAVAÇÃO EM JAZIGO
1047,1047,CUBA PARA PIA,,1109,GAVETA DE JAZIGO
1047,1047,PIA (CUBA),,1198,AGREGADO 4
1048,1048,CALHA,,1202,"AQUISIÇÃO DO IMOVEL À PRAZO (ENTRADA, PARCELAS, TAXAS, IMPOSTOS, ETC.) (DOMICÍLIO PRINCIPAL)"
1049,1049,ESQUADRIA,,1203,LOCAÇÃO DO IMOVEL (DOMICILIO PRINCIPAL)
1050,1050,FORMICA (FOLHA),,1204,MUDANÇA (DOMICILIO PRINCIPAL)
1050,1050,FOLHA DE FORMICA,,1205,"SEGUROS SOBRE O IMÓVEL (INCENDIO, ROUBO, ETC.) (DOMICÍLIO PRINCIPAL)"
1051,1051,POSTE (CIMENTO),,1206,"TAXAS (COLETA DE LIXO, PREVENÇÃO E EXTINÇÃO DE INCENDIO, SEGURANÇA, ETC.) (DOMICÍLIO PRINCIPAL)"
1052,1052,CUPINICIDA,,1207,TAXA DE OCUPAÇÃO DO IMOVEL (DOMICILIO PRINCIPAL)
1052,1052,REMEDIO PARA CUPIM (CUPINICIDA),,1208,TAXA DE INSTALAÇÃO DE RELOGIO D´ÁGUA (DOMICÍLIO PRINCIPAL)
1053,1053,PRODUTOS PARA PISCINA,,1209,TAXA DE TRANSFERÊNCIA DE TELEFONE (DOMICÍLIO PRINCIPAL)
1053,1053,CLORO PARA PISCINA,,1210,"TAXA DE INSTALAÇÃO DE INTERFONE, TELEFONE (DOMICÍLIO PRINCIPAL)"
1054,1054,BETUME,,1211,TAXA DE MANUTENCÃO DE ELEVADOR (DOMICÍLIO PRINCIPAL)
1055,1055,ESCADA CARACOL,,1212,TAXA DE LIGAÇÃO DE LUZ (DOMICÍLIO PRINCIPAL)
1056,1056,IMPERMEABILIZANTE,,1213,TAXA DE ISENÇÃO DE IMPOSTO PREDIAL (DOMICÍLIO PRINCIPAL)
1057,1057,PALHA PARA COBERTURA,,1214,TAXA DE VERIFICAÇÃO DE VAZAMENTO D´ÁGUA (DOMICÍLIO PRINCIPAL)
1057,1057,SAPE PARA COBERTURA,,1215,TAXA DE INSTALAÇÃO DE CENTRAL DE GÁS
1058,1058,ESCADA DE CONCRETO (PRE-MOLDADA),,1216,TAXA DE INSCRIÇÃO DE TELEFONE CELULAR
1059,1059,MASSA PARA FIXAÇÃO E VEDAÇÃO DE VIDRO,,1217,TAXA DE UTILIZAÇÃO E MANUTENÇÃO DE BOMBA D´ÁGUA
1060,1060,GRADE DE MADEIRA,,1218,TAXA DE MANUTENÇÃO DE LINHA TELEFÔNICA COMUNITARIA
1061,1061,BANDEIRA DE JANELA,,1219,TAXA DE CERTIDÃO DE IMPOSTO (DIVIDA ATIVA)
1098,1098,AGREGADO,,1220,SERVIÇO DE INSTALAÇÃO DE TV A CABO
1100,1100,"DESPESAS COM CONSTRUÇÃO, REFORMA E MANUTENÇÃO DE JAZIGO","DESPESAS COM CONSTRUÇÃO, REFORMA E MANUTENÇÃO DE JAZIGO",1292,VALOR DO IMOVEL ADQUIRIDO EM 1ª LOCAÇÃO À VISTA (DOMICILIO PRINCIPAL)
1101,1101,CONSTRUÇÃO DE JAZIGO,CONSTRUÇÃO DE JAZIGO,1293,VALOR DO IMOVEL ADQUIRIDO EM 1ª LOCAÇÃO À PRAZO (DOMICILIO PRINCIPAL)
1102,1102,REFORMA DE JAZIGO,REFORMA DE JAZIGO,1294,VALOR DO IMOVEL ADQUIRIDO USADO À VISTA (DOMICILIO.PRINCIPAL)
1103,1103,MANUTENÇÃO DE JAZIGO,MANUTENÇÃO DE JAZIGO,1295,VALOR DO IMOVEL ADQUIRIDO USADO À PRAZO (DOMICILIO PRINCIPAL)
1104,1104,EXUMAÇÃO,EXUMAÇÃO,1296,AGREGADO 5
1104,1104,TRANSFERENCIA DE OSSOS,EXUMAÇÃO,1300,DESPESAS COM ALUGUEL DE APARELHOS E UTILIDADES DE USO DOMESTICO
1105,1105,LAPIDE DE JAZIGO,LÁPIDE DE JAZIGO,1301,AR CONDICIONADO (ALUGUEL)
1106,1106,PLACA PARA JAZIGO,PLACA DE JAZIGO,1302,TELEFONE RESIDENCIAL (ALUGUEL)
1107,1107,CONDOMINIO DE JAZIGO,CONDOMÍNIO DE JAZIGO,1303,TELEFONE (ALUGUEL)
1107,1107,TAXA DE CONDOMINIO DE JAZIGO,CONDOMÍNIO DE JAZIGO,1304,VIDEOCASSETE (ALUGUEL)
1108,1108,GRAVAÇÃO EM JAZIGO,GRAVAÇÃO EM JAZIGO,1305,BIP (ALUGUEL)
1198,1198,AGREGADO,AGREGADO 4,1306,MAQUINA DE COSTURA (ALUGUEL)
1200,1200,"DESPESAS COM CONSERTO E MANUTENÇÃO DE MOVEIS,  APARELHOS,  MAQUINAS E UTENSILIOS DOMESTICOS",,1307,PIANO (ALUGUEL)
1201,1201,CONSERTO DE MOVEIS,,1308,BUTIJÃO DE GÁS (ALUGUEL)
1202,1202,MANUTENÇÃO DE MOVEIS,"AQUISIÇÃO DO IMOVEL À PRAZO (ENTRADA, PARCELAS, TAXAS, IMPOSTOS, ETC.) (DOMICÍLIO PRINCIPAL)",1309,TELEFONE MOVEL OU CELULAR (ALUGUEL)
1203,1203,CONSERTO DE APARELHO DOMESTICO (PEÇA),LOCAÇÃO DO IMOVEL (DOMICILIO PRINCIPAL),1310,MICROCOMPUTADOR (ALUGUEL)
1204,1204,CONSERTO DE APARELHO DOMESTICO (MÃO-DE-OBRA),MUDANÇA (DOMICILIO PRINCIPAL),1311,FILMADORA (ALUGUEL)
1205,1205,CONSERTO DE APARELHO DOMESTICO (PEÇA+MÃO-DE-OBRA),"SEGUROS SOBRE O IMÓVEL (INCENDIO, ROUBO, ETC.) (DOMICÍLIO PRINCIPAL)",1312,TELÃO (ALUGUEL)
1206,1206,MANUTENÇÃO DE APARELHO DOMESTICO (MATERIAL),"TAXAS (COLETA DE LIXO, PREVENÇÃO E EXTINÇÃO DE INCENDIO, SEGURANÇA, ETC.) (DOMICÍLIO PRINCIPAL)",1313,"TV A CABO (MENSALIDADE, ASSINATURA, ALUGUEL)"
1207,1207,MANUTENÇÃO DE APARELHO DOMESTICO (MÃO-DE-OBRA),TAXA DE OCUPAÇÃO DO IMOVEL (DOMICILIO PRINCIPAL),1314,"TELEFONE VIRTUAL - MENSAGEM (MENSALIDADE, ASSINATURA, ALUGUEL)"
1208,1208,MANUTENÇÃO DE APARELHO DOMESTICO (MATERIAL+MÃO-DE-OBRA),TAXA DE INSTALAÇÃO DE RELOGIO D´ÁGUA (DOMICÍLIO PRINCIPAL),1315,ALUGUEL DE MAQUINA DE ESCREVER ELETRICA
1209,1209,MANUTENÇÃO DE UTENSILIOS DOMESTICOS NÃO ELETRICOS (MATERIAL),TAXA DE TRANSFERÊNCIA DE TELEFONE (DOMICÍLIO PRINCIPAL),1316,ALUGUEL DE LIXADEIRA ELETRICA
1210,1210,MANUTENÇÃO DE UTENSILIOS DOMESTICOS NÃO ELETRICOS (MÃO-DE-OBRA),"TAXA DE INSTALAÇÃO DE INTERFONE, TELEFONE (DOMICÍLIO PRINCIPAL)",1317,INTERNET
1211,1211,MANUTENÇÃO DE UTENSILIOS DOMESTICOS NÃO ELETRICOS (MATERIAL+MÃO-DE-OBRA),TAXA DE MANUTENCÃO DE ELEVADOR (DOMICÍLIO PRINCIPAL),1318,ALUGUEL DE VIDEOGAME
1212,1212,CONSERTO DE UTENSILIOS DOMESTICOS NÃO ELETRICOS (PEÇA),TAXA DE LIGAÇÃO DE LUZ (DOMICÍLIO PRINCIPAL),1319,"TV POR ASSINATURA (MENSALIDADE, ASSINATURA, ALUGUEL) (NÃO A CABO)"
1213,1213,CONSERTO DE UTENSILIOS DOMESTICOS NÃO ELETRICOS (MÃO-DE-OBRA),TAXA DE ISENÇÃO DE IMPOSTO PREDIAL (DOMICÍLIO PRINCIPAL),1398,AGREGADO 6
1214,1214,CONSERTO DE UTENSILIOS DOMESTICOS NÃO ELETRICOS (PEÇA+MÃO-DE-OBRA),TAXA DE VERIFICAÇÃO DE VAZAMENTO D´ÁGUA (DOMICÍLIO PRINCIPAL),1400,INVENTARIO DE BENS DURAVEIS DO DOMICILIO PRINCIPAL
1215,1215,MONTAGEM DE MOVEIS,TAXA DE INSTALAÇÃO DE CENTRAL DE GÁS,1401,FOGÃO (INVENTÁRIO)
1298,1298,AGREGADO,,1402,FREEZER (INVENTÁRIO)
1300,1300,DESPESAS COM ALUGUEL DE APARELHOS E UTILIDADES DE USO DOMESTICO,DESPESAS COM ALUGUEL DE APARELHOS E UTILIDADES DE USO DOMESTICO,1403,GELADEIRA (INVENTÁRIO)
1301,1301,AR CONDICIONADO (ALUGUEL),AR CONDICIONADO (ALUGUEL),1404,MAQUINA DE LAVAR PRATOS (INVENTÁRIO)
1302,1302,TELEFONE (ALUGUEL),TELEFONE RESIDENCIAL (ALUGUEL),1405,BATEDEIRA DE BOLO (INVENTÁRIO)
1303,1303,TELEVISÃO (ALUGUEL),TELEFONE (ALUGUEL),1406,LIQUIDIFICADOR (INVENTÁRIO)
1304,1304,VIDEO-CASSETE (ALUGUEL),VIDEOCASSETE (ALUGUEL),1407,TORRADEIRA ELÉTRICA (INVENTÁRIO)
1305,1305,BIP (ALUGUEL),BIP (ALUGUEL),1408,ASPIRADOR DE PÓ (INVENTÁRIO)
1306,1306,MAQUINA DE COSTURA (ALUGUEL),MAQUINA DE COSTURA (ALUGUEL),1409,ENCERADEIRA (INVENTÁRIO)
1307,1307,PIANO (ALUGUEL),PIANO (ALUGUEL),1410,FERRO ELÉTRICO (INVENTÁRIO)
1398,1398,AGREGADO,AGREGADO 6,1411,MAQUINA DE LAVAR ROUPA (INVENTÁRIO)
1400,1400,INVENTARIO DE BENS DURAVEIS DO DOMICILIO PRINCIPAL,INVENTARIO DE BENS DURAVEIS DO DOMICILIO PRINCIPAL,1412,MAQUINA DE SECAR ROUPA (INVENTÁRIO)
1401,1401,FOGÃO (INVENTARIO),FOGÃO (INVENTÁRIO),1413,TELEVISÃO EM CORES (INVENTARIO)
1402,1402,FREEZER (INVENTARIO),FREEZER (INVENTÁRIO),1414,TELEVISÃO EM PRETO E BRANCO (INVENTARIO)
1403,1403,GELADEIRA (INVENTARIO),GELADEIRA (INVENTÁRIO),1415,CONJUNTO DE SOM ACOPLADO (INVENTARIO)
1404,1404,MAQUINA DE LAVAR PRATOS (INVENTARIO),MAQUINA DE LAVAR PRATOS (INVENTÁRIO),1416,GRAVADOR E TOCA-FITAS (INVENTARIO)
1405,1405,BATEDEIRA DE BOLO (INVENTARIO),BATEDEIRA DE BOLO (INVENTÁRIO),1417,RADIO DE MESA (INVENTARIO)
1406,1406,LIQUIDIFICADOR (INVENTARIO),LIQUIDIFICADOR (INVENTÁRIO),1418,RADIO PORTÁTIL (INVENTÁRIO)
1407,1407,TORRADEIRA ELETRICA (INVENTARIO),TORRADEIRA ELÉTRICA (INVENTÁRIO),1419,TOCA-DISCOS DE AGULHA (INVENTÁRIO)
1408,1408,ASPIRADOR DE PO (INVENTARIO),ASPIRADOR DE PÓ (INVENTÁRIO),1420,AR CONDICIONADO (INVENTÁRIO)
1409,1409,ENCERADEIRA (INVENTARIO),ENCERADEIRA (INVENTÁRIO),1421,VENTILADOR E CIRCULADOR DE AR (INVENTÁRIO)
1410,1410,FERRO ELETRICO (INVENTARIO),FERRO ELÉTRICO (INVENTÁRIO),1422,MAQUINA DE COSTURA (INVENTÁRIO)
1411,1411,MAQUINA DE LAVAR ROUPAS (INVENTARIO),MAQUINA DE LAVAR ROUPA (INVENTÁRIO),1423,SECADOR DE CABELOS (INVENTÁRIO)
1412,1412,MAQUINA DE SECAR ROUPAS (INVENTARIO),MAQUINA DE SECAR ROUPA (INVENTÁRIO),1424,AUTOMÓVEL (INVENTÁRIO)
1413,1413,TELEVISÃO EM CORES (INVENTARIO),TELEVISÃO EM CORES (INVENTARIO),1425,BICICLETA (INVENTÁRIO)
1414,1414,TELEVISÃO EM PRETO E BRANCO (INVENTARIO),TELEVISÃO EM PRETO E BRANCO (INVENTARIO),1426,MOTOCICLETA (INVENTÁRIO)
1415,1415,CONJUNTO DE SOM ACOPLADO (INVENTARIO),CONJUNTO DE SOM ACOPLADO (INVENTARIO),1427,MICROCOMPUTADOR (INVENTÁRIO)
1416,1416,GRAVADOR TOCA-FITAS (INVENTARIO),GRAVADOR E TOCA-FITAS (INVENTARIO),1428,VIDEOCASSETE (INVENTÁRIO)
1417,1417,RADIO DE MESA (INVENTARIO),RADIO DE MESA (INVENTARIO),1429,OZONIZADOR (INVENTÁRIO)
1418,1418,RADIO PORTATIL (INVENTARIO),RADIO PORTÁTIL (INVENTÁRIO),1430,FORMA DE MICROONDAS (INVENTÁRIO)
1419,1419,TOCA-DISCOS (INVENTARIO),TOCA-DISCOS DE AGULHA (INVENTÁRIO),1431,ANTENA PARABÓLICA (INVENTÁRIO)
1420,1420,AR CONDICIONADO (INVENTARIO),AR CONDICIONADO (INVENTÁRIO),1432,TOCA-DISCOS A LASER (INVENTÁRIO)
1421,1421,VENTILADOR E CIRCULADOR DE AR (INVENTARIO),VENTILADOR E CIRCULADOR DE AR (INVENTÁRIO),1500,DESPESA COM AQUISIÇÃO DE APARELHO E MAQUINAS DE USO DOMESTICO
1422,1422,MAQUINA DE COSTURA (INVENTARIO),MAQUINA DE COSTURA (INVENTÁRIO),1501,EXAUSTOR
1423,1423,SECADOR DE CABELO (INVENTARIO),SECADOR DE CABELOS (INVENTÁRIO),1502,FOGÃO A GÁS OU ELÉTRICO
1424,1424,AUTOMOVEL (INVENTARIO),AUTOMÓVEL (INVENTÁRIO),1503,FOGÃO A LENHA
1425,1425,BICICLETA (INVENTARIO),BICICLETA (INVENTÁRIO),1504,FORNO ELÉTRICO
1426,1426,MOTOCICLETA (INVENTARIO),MOTOCICLETA (INVENTÁRIO),1505,FREEZER
1500,1500,DESPESAS COM AQUISIÇÃO DE APARELHOS E MAQUINAS DE USO DOMESTICO,DESPESA COM AQUISIÇÃO DE APARELHO E MAQUINAS DE USO DOMESTICO,1506,GELADEIRA
1501,1501,EXAUSTOR,EXAUSTOR,1507,MAQUINA DE LAVAR PRATOS
1501,1501,PURIFICADOR DE AR (EXAUSTOR),EXAUSTOR,1508,ABRIDOR E AFIADOR ELÉTRICO
1502,1502,FOGÃO A GAS OU ELETRICO,FOGÃO A GÁS OU ELÉTRICO,1509,BATEDEIRA DE BOLO
1503,1503,FOGÃO A LENHA,FOGÃO A LENHA,1510,CAFETEIRA ELÉTRICA
1504,1504,FORNO ELETRICO,FORNO ELÉTRICO,1511,ESPREMEDOR DE FRUTAS ELÉTRICO
1505,1505,FREEZER,FREEZER,1512,FACA ELÉTRICA
1506,1506,GELADEIRA,GELADEIRA,1513,GRILL
1507,1507,MAQUINA DE LAVAR PRATOS,MAQUINA DE LAVAR PRATOS,1514,LIQUIDIFICADOR
1508,1508,ABRIDOR OU AFIADOR ELETRICO,ABRIDOR E AFIADOR ELÉTRICO,1515,MÁQUINA DE MOER CARNE (ELÉTRICO)
1508,1508,AFIADOR ELETRICO,ABRIDOR E AFIADOR ELÉTRICO,1516,PURIFICADOR DE ÁGUA (OZONIZADOR)
1509,1509,BATEDEIRA DE BOLO,BATEDEIRA DE BOLO,1517,TORRADEIRA ELÉTRICA
1510,1510,CAFETEIRA ELETRICA,CAFETEIRA ELÉTRICA,1518,ASPIRADOR DE PÓ
1511,1511,ESPREMEDOR DE FRUTAS ELETRICO,ESPREMEDOR DE FRUTAS ELÉTRICO,1519,ENCERADEIRA
1512,1512,FACA ELETRICA,FACA ELÉTRICA,1520,FERRO ELÉTRICO
1513,1513,GRILL,GRILL,1521,MÁQUINA DE LAVAR ROUPAS
1514,1514,LIQUIDIFICADOR,LIQUIDIFICADOR,1522,MÁQUINA DE SECAR ROUPAS
1515,1515,MAQUINA ELETRICA DE MOER CARNE,MÁQUINA DE MOER CARNE (ELÉTRICO),1523,ANTENA DE TELEVISÃO (EXCETO PARABÓLICA)
1516,1516,OZONIZADOR,PURIFICADOR DE ÁGUA (OZONIZADOR),1524,TELEVISÃO EM CORES
1516,1516,PURIFICADOR DE AGUA (OZONIZADOR),PURIFICADOR DE ÁGUA (OZONIZADOR),1525,TELEVISÃO EM PRETO E BRANCO
1517,1517,TORRADEIRA ELETRICA,TORRADEIRA ELÉTRICA,1526,VIDEOCASSETE
1518,1518,ASPIRADOR DE PO,ASPIRADOR DE PÓ,1527,AMPLIFICADOR E SINTONIZADOR (RADIO)
1519,1519,ENCERADEIRA,ENCERADEIRA,1528,CAIXA DE SOM
1520,1520,FERRO ELETRICO,FERRO ELÉTRICO,1529,CONJUNTO DE SOM ACOPLADO
1521,1521,MAQUINA DE LAVAR ROUPAS,MÁQUINA DE LAVAR ROUPAS,1530,GRAVADOR E TOCA-FITA
1522,1522,MAQUINA DE SECAR ROUPAS,MÁQUINA DE SECAR ROUPAS,1531,TOCA-DISCOS A LASER
1523,1523,ANTENA DE TELEVISÃO,ANTENA DE TELEVISÃO (EXCETO PARABÓLICA),1532,RADIO PORTATIL
1524,1524,TELEVISÃO EM CORES,TELEVISÃO EM CORES,1533,RADIO RELÓGIO OU DE MESA
1525,1525,TELEVISÃO EM PRETO E BRANCO,TELEVISÃO EM PRETO E BRANCO,1534,AMPLIFICADOR
1526,1526,VIDEO-CASSETE,VIDEOCASSETE,1535,TAPE-DECK
1527,1527,AMPLIFICADOR E SINTONIZADOR (RADIO),AMPLIFICADOR E SINTONIZADOR (RADIO),1536,TOCA-DISCOS DE AGULHA
1528,1528,CAIXA DE SOM,CAIXA DE SOM,1537,VIDEOGAME E ACESSÓRIO
1529,1529,CONJUNTO DE SOM ACOPLADO,CONJUNTO DE SOM ACOPLADO,1538,WALKMAN
1530,1530,GRAVADOR E TOCA-FITAS,GRAVADOR E TOCA-FITA,1539,AR CONDICIONADO
1530,1530,TOCA-FITAS,GRAVADOR E TOCA-FITA,1540,AQUECEDOR DE AR
1530,1530,RADIO GRAVADOR,GRAVADOR E TOCA-FITA,1541,CIRCULADOR DE AR
1530,1530,RADIO TOCA-FITAS,GRAVADOR E TOCA-FITA,1542,VENTILADOR
1531,1531,RADIO DE MESA,TOCA-DISCOS A LASER,1543,MÁQUINA DE COSTURA (A PEDAL)
1532,1532,RADIO PORTATIL,RADIO PORTATIL,1544,MÁQUINA DE COSTURA (ELÉTRICA)
1533,1533,RADIO RELOGIO,RADIO RELÓGIO OU DE MESA,1545,MÁQUINA DE TRICO
1534,1534,AMPLIFICADOR,AMPLIFICADOR,1546,AQUECEDOR CENTRAL DE ÁGUA (ELÉTRICO)
1535,1535,TAPE-DECK,TAPE-DECK,1547,AQUECEDOR DE ÁGUA (A GÁS)
1536,1536,TOCA-DISCOS,TOCA-DISCOS DE AGULHA,1548,BOMBA D'ÁGUA (A GÁS)
1537,1537,VIDEO-GAME E ACESSORIOS,VIDEOGAME E ACESSÓRIO,1549,CHUVEIRO OU DUCHA ELÉTRICOS
1538,1538,WALKMAN,WALKMAN,1550,TORNEIRA ELÉTRICA
1539,1539,AR CONDICIONADO,AR CONDICIONADO,1551,SECADOR E MODELADOR DE CABELOS
1540,1540,AQUECEDOR DE AR,AQUECEDOR DE AR,1552,BARBEADOR ELÉTRICO
1541,1541,CIRCULADOR DE AR,CIRCULADOR DE AR,1553,DEPILADOR ELÉTRICO
1542,1542,VENTILADOR,VENTILADOR,1554,TELEFONE VIRTUAL (MENSAGENS EM VISOR)
1543,1543,MAQUINA DE COSTURA A PEDAL,MÁQUINA DE COSTURA (A PEDAL),1555,GERADOR
1544,1544,MAQUINA DE COSTURA ELETRICA,MÁQUINA DE COSTURA (ELÉTRICA),1556,REGULADOR DE VOLTAGEM
1545,1545,MAQUINA DE TRICO,MÁQUINA DE TRICO,1557,RECEPTOR DE TV A CABO
1546,1546,AQUECEDOR CENTRAL DE AGUA ELETRICO,AQUECEDOR CENTRAL DE ÁGUA (ELÉTRICO),1558,CENTRIFUGA
1546,1546,AQUECEDOR DE AGUA ELETRICO (CENTRAL),AQUECEDOR CENTRAL DE ÁGUA (ELÉTRICO),1559,TELEFONE RADIO-RELÓGIO
1547,1547,AQUECEDOR DE AGUA A GAS,AQUECEDOR DE ÁGUA (A GÁS),1560,PRENSA DE PASSAR ROUPA (ELÉTRICA)
1548,1548,BOMBA D'AGUA,BOMBA D'ÁGUA (A GÁS),1561,PROCESSADOR DE ALIMENTOS (ELÉTRICA)
1549,1549,CHUVEIRO ELETRICO OU DUCHA,CHUVEIRO OU DUCHA ELÉTRICOS,1562,MICROCOMPUTADOR
1550,1550,TORNEIRA ELETRICA,TORNEIRA ELÉTRICA,1563,IOGURTEIRA
1551,1551,SECADOR E MODELADOR DE CABELOS,SECADOR E MODELADOR DE CABELOS,1564,IMPRESSORA DE MICROCOMPUTADOR
1552,1552,BARBEADOR ELETRICO,BARBEADOR ELÉTRICO,1565,TANQUE DE ROUPA ELÉTRICO
1553,1553,DEPILADOR ELETRICO,DEPILADOR ELÉTRICO,1566,FORNO DE MICROONDAS
1554,1554,ACENDEDOR ELETRICO,TELEFONE VIRTUAL (MENSAGENS EM VISOR),1567,APARELHO DE FAX
1555,1555,GERADOR,GERADOR,1568,FRITADEIRA ELÉTRICA
1556,1556,REGULADOR DE VOLTAGEM,REGULADOR DE VOLTAGEM,1569,SELADORA
1557,1557,MAQUINA DE COSTURA MANUAL,RECEPTOR DE TV A CABO,1571,ESTERILIZADOR
1557,1557,MINI MAQUINA DE COSTURA MANUAL,RECEPTOR DE TV A CABO,1572,TOUCA ELÉTRICA
1558,1558,CENTRIFUGA,CENTRIFUGA,1573,MÁQUINA DE MOER CAFÉ (MANUAL)
1559,1559,RADIO RELOGIO TELEFONE,TELEFONE RADIO-RELÓGIO,1574,SECRETARIA ELETRÔNICA
1559,1559,TELEFONE RADIO RELOGIO,TELEFONE RADIO-RELÓGIO,1575,TRITURADOR ELÉTRICO
1560,1560,HADFONE,PRENSA DE PASSAR ROUPA (ELÉTRICA),1577,"ALTO-FALANTE, TWEETHER, MEGAFONE, MICROFONE, ETC."
1560,1560,FONE PARA OUVIDO,PRENSA DE PASSAR ROUPA (ELÉTRICA),1578,"CONTROLE REMOTO DE TV, SOM, VIDEOCASSETE"
1560,1560,EGOISTA (FONE PARA OUVIDO),PRENSA DE PASSAR ROUPA (ELÉTRICA),1579,BABÁ ELETRÔNICA
1561,1561,PROCESSADOR DE ALIMENTOS (ELETRICO),PROCESSADOR DE ALIMENTOS (ELÉTRICA),1580,SAUNA RESIDENCIAL
1561,1561,PREPARADOR DE ALIMENTOS (ELETRICO),PROCESSADOR DE ALIMENTOS (ELÉTRICA),1581,PIPOQUEIRA ELÉTRICA
1561,1561,MULTIPROCESSADOR DE ALIMENTOS (ELETRICO),PROCESSADOR DE ALIMENTOS (ELÉTRICA),1583,SORVETEIRA ELÉTRICA
1561,1561,MULTIPREPARADOR DE ALIMENTOS (ELETRICO),PROCESSADOR DE ALIMENTOS (ELÉTRICA),1584,APARELHO PARA MASCARA FACIAL
1561,1561,WALITTA MASTER,PROCESSADOR DE ALIMENTOS (ELÉTRICA),1585,FORNO A GÁS
1561,1561,MASTER WALITTA,PROCESSADOR DE ALIMENTOS (ELÉTRICA),1586,MASSAGEADOR ELÉTRICO
1562,1562,MICROCOMPUTADOR,MICROCOMPUTADOR,1587,WATER PEACH
1562,1562,COMPUTADOR E ACESSORIOS,MICROCOMPUTADOR,1588,CORTADOR DE FRIOS (ELÉTRICO)
1563,1563,IOGURTEIRA,IOGURTEIRA,1589,SANDUICHEIRA ELÉTRICA
1564,1564,MAQUINA DE PRESSÃO PARA BOTÃO,IMPRESSORA DE MICROCOMPUTADOR,1590,VAPORIZADOR ELÉTRICO (INALADOR)
1565,1565,TANQUE ELETRICO PARA ROUPA,TANQUE DE ROUPA ELÉTRICO,1591,TELEVISÃO E RADIO ACOPLADOS
1566,1566,FORNO DE MICROONDAS,FORNO DE MICROONDAS,1592,RADIOTRANSMISSOR
1567,1567,MAQUINA DE MOER CARNE MANUAL,APARELHO DE FAX,1593,TELEVISÃO E VIDEOCASSETE (ACOPLADOS)
1567,1567,MAQUINA MANUAL DE MOER CARNE,APARELHO DE FAX,1594,ANTENA PARABÓLICA E EQUIPAMENTOS
1568,1568,FRITADEIRA ELETRICA,FRITADEIRA ELÉTRICA,1595,MICROSYSTEM (APARELHO DE SOM)
1569,1569,SELADORA,SELADORA,1596,WAPORETO
1569,1569,MAQUINA SELADORA,SELADORA,1597,AGREGADO 7
1570,1570,MICROFONE,,1600,"DESPESAS COM INSTRUMENTOS E ACESSORIOS MUSICAIS, FOTOGRAFIAS, MAQUINA DE ESCREVER E UTILIDADES DOMESTICAS"
1571,1571,ESTERILIZADOR,ESTERILIZADOR,1601,ACESSÓRIOS DE INSTRUMENTOS MUSICAIS
1572,1572,TOUCA ELETRICA,TOUCA ELÉTRICA,1605,GUITARRA
1572,1572,TOUCA TERMICA,TOUCA ELÉTRICA,1606,PIANO
1573,1573,MAQUINA DE MOER CAFE,MÁQUINA DE MOER CAFÉ (MANUAL),1607,VIOLÃO
1574,1574,SECRETARIA ELETRONICA,SECRETARIA ELETRÔNICA,1608,BINÓCULOS
1575,1575,TRITURADOR ELETRICO,TRITURADOR ELÉTRICO,1609,FILMADORA
1575,1575,BRAUM MINI PINER,TRITURADOR ELÉTRICO,1610,FLASH ELETRÔNICO
1575,1575,WALITTA MIX,TRITURADOR ELÉTRICO,1611,MÁQUINA FOTOGRAFICA
1576,1576,MOTOR DE MAQUINA DE COSTURA,,1612,PROJETOR DE FILMES
1577,1577,"ALTO-FALANTE, TWEETHER, MEGAFONE, ETC.","ALTO-FALANTE, TWEETHER, MEGAFONE, MICROFONE, ETC.",1613,PROJETOR DE SLIDES
1577,1577,"TWEETHER, ALTO-FALANTE, MEGAFONE, ETC.","ALTO-FALANTE, TWEETHER, MEGAFONE, MICROFONE, ETC.",1614,CALCULADORA MECANICA
1577,1577,"MEGAFONE, TWEETHER, ALTO-FALANTE, ETC.","ALTO-FALANTE, TWEETHER, MEGAFONE, MICROFONE, ETC.",1615,CALCULADORA E AGENDA ELETRÔNICA
1578,1578,EQUALIZADOR,"CONTROLE REMOTO DE TV, SOM, VIDEOCASSETE",1616,MÁQUINA DE ESCREVER (MECÂNICA)
1579,1579,GELAGUA (PARA GARRAFÃO D'AGUA),BABÁ ELETRÔNICA,1617,MÁQUINA DE ESCREVER (ELÉTRICA)
1580,1580,SAUNA RESIDENCIAL,SAUNA RESIDENCIAL,1618,BARRACA DE ACAMPAMENTO
1581,1581,ANTENA PARA RADIO (NÃO VEICULO),PIPOQUEIRA ELÉTRICA,1619,CHURRASQUEIRA
1582,1582,AQUECEDOR DE MAMADEIRA ELETRICO,,1620,FOGAREIRO
1584,1584,APARELHO PARA MASCARA FACIAL,APARELHO PARA MASCARA FACIAL,1621,LAMPIÃO
1584,1584,BRAUN BEAULTY CARE,APARELHO PARA MASCARA FACIAL,1622,APARELHO DE CHÁ OU CAFÉ
1585,1585,FORNO A GAS,FORNO A GÁS,1623,APARELHO DE JANTAR
1598,1598,AGREGADO,,1624,BAIXELA
1600,1600,"DESPESAS COM INSTRUMENTOS E ACESSORIOS MUSICAIS, FOTOGRAFIA,  ACAMPAMENTO,  MAQUINA DE ESCRITORIO E UTILIDADE DOMESTICA","DESPESAS COM INSTRUMENTOS E ACESSORIOS MUSICAIS, FOTOGRAFIAS, MAQUINA DE ESCREVER E UTILIDADES DOMESTICAS",1625,BATERIA DE COZINHA
1601,1601,ACESSORIOS PARA INSTRUMENTOS MUSICAIS,ACESSÓRIOS DE INSTRUMENTOS MUSICAIS,1626,FAQUEIRO
1602,1602,ACORDEÃO,,1627,CONJUNTO COMPLETO DE COPOS
1603,1603,FLAUTA,,1628,CONJUNTO DE LATAS DE MANTIMENTOS OU CONDIMENTOS
1604,1604,GAITA,,1629,FILTRO DE ÁGUA
1605,1605,GUITARRA,GUITARRA,1630,FERRAMENTAS EM GERAL
1606,1606,PIANO,PIANO,1631,ACENDEDOR ELETRÔNICO
1607,1607,VIOLÃO,VIOLÃO,1632,MÁQUINA DE COSTURA (MANUAL)
1607,1607,CAVAQUINHO,VIOLÃO,1633,HADFONE
1608,1608,BINOCULOS,BINÓCULOS,1634,"FURADEIRA, LIXADEIRA, ESMERILHADORA, SERRA ELÉTRICA"
1609,1609,FILMADORA,FILMADORA,1635,MÁQUINA DE PRESSÃO PARA BOTÃO
1610,1610,FLASH ELETRONICO,FLASH ELETRÔNICO,1636,MÁQUINA DE MOER CARNE (MANUAL)
1611,1611,MAQUINA FOTOGRAFICA,MÁQUINA FOTOGRAFICA,1637,EQUALIZADOR
1612,1612,PROJETOR DE FILMES,PROJETOR DE FILMES,1638,APARELHO TELEFÔNICO (NÃO CELULAR)
1613,1613,PROJETOR DE SLIDES,PROJETOR DE SLIDES,1639,LINHA TELEFÔNICA (RESIDENCIAL)
1614,1614,CALCULADORA MECANICA,CALCULADORA MECANICA,1640,COMPRA E TRATAMENTO DE ANIMAIS DOMÉSTICOS
1615,1615,CALCULADORA ELETRONICA,CALCULADORA E AGENDA ELETRÔNICA,1641,CARRINHO DE FEIRA
1616,1616,MAQUINA DE ESCREVER MECANICA,MÁQUINA DE ESCREVER (MECÂNICA),1642,SECADOR DE ROUPA
1617,1617,MAQUINA DE ESCREVER ELETRICA,MÁQUINA DE ESCREVER (ELÉTRICA),1643,ORGÃO E TECLADO
1618,1618,BARRACA DE ACAMPAMENTO,BARRACA DE ACAMPAMENTO,1644,ESCADA
1619,1619,CHURRASQUEIRA,CHURRASQUEIRA,1645,LANTERNA DE PILHA
1620,1620,FOGAREIRO,FOGAREIRO,1646,MANGUEIRA DE BORRACHA OU PLÁSTICO
1621,1621,LAMPIÃO,LAMPIÃO,1647,TÁBUA DE PASSAR ROUPA
1621,1621,LAMPARINA,LAMPIÃO,1648,INTERFONE
1622,1622,APARELHO DE CHA OU CAFE,APARELHO DE CHÁ OU CAFÉ,1649,MÁQUINA AGRÍCOLA DE PEQUENO PORTE
1622,1622,CONJUNTO DE XICARAS,APARELHO DE CHÁ OU CAFÉ,1650,GELÁGUA (PARA GARRAFÃO D'ÁGUA)
1623,1623,APARELHO DE JANTAR,APARELHO DE JANTAR,1651,LUNETA
1623,1623,CONJUNTO DE PRATOS,APARELHO DE JANTAR,1652,VIBRADOR
1624,1624,BAIXELA,BAIXELA,1653,CONJUNTO PARA SORVETE
1625,1625,BATERIA DE COZINHA,BATERIA DE COZINHA,1654,CONJUNTO DE SALADEIRAS
1625,1625,CONJUNTO DE PANELAS,BATERIA DE COZINHA,1655,CONJUNTO DE FORMAS DE BARQUETE
1626,1626,FAQUEIRO,FAQUEIRO,1656,CONJUNTO DE PANELAS DE BARRO
1627,1627,CONJUNTO COMPLETO DE COPOS,CONJUNTO COMPLETO DE COPOS,1657,BALANÇA PARA PESSOA
1628,1628,JOGO DE LATAS DE MANTIMENTOS,CONJUNTO DE LATAS DE MANTIMENTOS OU CONDIMENTOS,1658,FOTOCOPIADORA
1629,1629,FILTRO DE AGUA,FILTRO DE ÁGUA,1659,ANTENA DE RÁDIO (EXCETO DE VEÍCULO)
1630,1630,"ALICATE E CHAVE (BOCA, ESTRIA, ETC.)",FERRAMENTAS EM GERAL,1660,AQUECEDOR DE MAMADEIRA (ELÉTRICO)
1631,1631,CONJUNTO DE FERRAMENTAS,ACENDEDOR ELETRÔNICO,1661,APARELHO PARA MASSA (CILINDROS)
1631,1631,CAIXA COM FERRAMENTAS,ACENDEDOR ELETRÔNICO,1662,RELÓGIO DESPERTADOR
1632,1632,CHAVE DE FENDA,MÁQUINA DE COSTURA (MANUAL),1663,ELIMINADOR DE PILHAS
1633,1633,CORTADOR DE GRAMA,HADFONE,1664,CONJUNTO DE BALDES (QUALQUER MATERIAL)
1634,1634,FURADEIRA ELETRICA,"FURADEIRA, LIXADEIRA, ESMERILHADORA, SERRA ELÉTRICA",1665,AQUECEDOR DE ÁGUA (ELÉTRICO)
1634,1634,SERRADEIRA ELETRICA,"FURADEIRA, LIXADEIRA, ESMERILHADORA, SERRA ELÉTRICA",1666,CONJUNTO DE BACIAS DE ALUMÍNIO
1634,1634,LIXADEIRA ELETRICA,"FURADEIRA, LIXADEIRA, ESMERILHADORA, SERRA ELÉTRICA",1667,CONJUNTO PLASTICO DE MANTIMENTOS OU CONDIMENTOS
1635,1635,MARTELO,MÁQUINA DE PRESSÃO PARA BOTÃO,1668,CONJUNTO COMPOTEIRAS
1636,1636,SERRA MANUAL,MÁQUINA DE MOER CARNE (MANUAL),1669,CAMPAINHA MUSICAL
1636,1636,FURADEIRA MANUAL,MÁQUINA DE MOER CARNE (MANUAL),1670,BALANÇA PARA ALIMENTOS
1636,1636,PUA (FURADEIRA MANUAL),MÁQUINA DE MOER CARNE (MANUAL),1671,ARTIGOS DE LONA OU PLÁSTICOS PAPA ACAMPAMENTO
1637,1637,SERROTE,EQUALIZADOR,1672,TELEFONE CELULAR
1638,1638,APARELHO TELEFONICO,APARELHO TELEFÔNICO (NÃO CELULAR),1673,RAMAL TELEFÔNICO (LINHA COMUNITÁRIA)
1639,1639,LINHA TELEFONICA,LINHA TELEFÔNICA (RESIDENCIAL),1674,CONJUNTO DE MARMITAS
1640,1640,COMPRA E TRATAMENTO DE ANIMAIS DOMESTICOS,COMPRA E TRATAMENTO DE ANIMAIS DOMÉSTICOS,1675,LAVA A JATO
1640,1640,ANIMAL DOMESTICO (COMPRA),COMPRA E TRATAMENTO DE ANIMAIS DOMÉSTICOS,1676,TELÃO
1640,1640,ANIMAL DOMESTICO (TRATAMENTO),COMPRA E TRATAMENTO DE ANIMAIS DOMÉSTICOS,1677,BATERIA DE TELEFONE CELULAR
1640,1640,VETERINARIO,COMPRA E TRATAMENTO DE ANIMAIS DOMÉSTICOS,1678,MICROSCÓPIO (HOBBY)
1640,1640,VACINA PARA ANIMAL DOMESTICO,COMPRA E TRATAMENTO DE ANIMAIS DOMÉSTICOS,1679,CONJUNTO DE FORMAS PIREX
1640,1640,INJEÇÃO PARA ANIMAL DOMESTICO,COMPRA E TRATAMENTO DE ANIMAIS DOMÉSTICOS,1680,MÁQUINA DE SOLDA ELÉTRICA
1640,1640,MEDICAMENTO PARA ANIMAL DOMESTICO,COMPRA E TRATAMENTO DE ANIMAIS DOMÉSTICOS,1682,CAFETEIRA (EXCETO ELÉTRICA)
1640,1640,REMEDIOS PARA ANIMAIS,COMPRA E TRATAMENTO DE ANIMAIS DOMÉSTICOS,1683,"CONJUNTO DE FORMAS PARA TORTA, BOLO"
1641,1641,CARRINHO DE FEIRA,CARRINHO DE FEIRA,1684,MATERIAL OU INSTRUMENTO PARA REVELAÇÃO FOTOGRAFICA (HOBBY)
1642,1642,SECADOR DE ROUPA,SECADOR DE ROUPA,1688,JOGO DE FACAS
1643,1643,ORGÃO,ORGÃO E TECLADO,1689,AGREGADO 8
1644,1644,ESCADA,ESCADA,1690,"OUTROS INSTRUMENTOS MUSICAIS (ACORDEÃO, FLAUTA, GAITA, BATERIA, CONTRABAIXO, ETC.)"
1645,1645,LANTERNA DE PILHA,LANTERNA DE PILHA,1691,CONJUNTO DE ESPETOS
1646,1646,MANGUEIRA DE BORRACHA OU PLASTICO,MANGUEIRA DE BORRACHA OU PLÁSTICO,1692,CONJUNTO DE TRAVESSAS REFRATARIAS PARA MICROONDAS
1647,1647,TABUA DE PASSAR ROUPA,TÁBUA DE PASSAR ROUPA,1693,BINA (IDENTIFICADOR DE TELEFONE)
1648,1648,INTERFONE,INTERFONE,1694,COFRE
1649,1649,"ENXADA, CAVADEIRA, ANCINHO AGRICOLA",MÁQUINA AGRÍCOLA DE PEQUENO PORTE,1695,EXTINTOR DE INCÊNDIO
1649,1649,CAVADEIRA,MÁQUINA AGRÍCOLA DE PEQUENO PORTE,1696,APARELHO PARA FONDUE
1649,1649,ANCINHO AGRICOLA,MÁQUINA AGRÍCOLA DE PEQUENO PORTE,1697,LINHA TELEFÔNICA (MÓVEL OU CELULAR)
1649,1649,MOENDA DE CANA,MÁQUINA AGRÍCOLA DE PEQUENO PORTE,1700,DESPESAS COM AQUISIÇÃO DE MOVEIS
1649,1649,PULVERIZADOR DE AGROTOXICO,MÁQUINA AGRÍCOLA DE PEQUENO PORTE,1701,ARCA COM OU SEM VITRINA OU ORATÓRIO
1649,1649,MAQUINA DE RALAR MACAXEIRA,MÁQUINA AGRÍCOLA DE PEQUENO PORTE,1702,CADEIRA (SALA)
1649,1649,RALADORA DE MACAXEIRA,MÁQUINA AGRÍCOLA DE PEQUENO PORTE,1703,CARRINHO DE CHÁ OU BEBIDAS
1649,1649,MAQUINA DE PICAR CAPIM,MÁQUINA AGRÍCOLA DE PEQUENO PORTE,1704,CRISTALEIRA OU VITRINE
1649,1649,PICADORA DE CAPIM,MÁQUINA AGRÍCOLA DE PEQUENO PORTE,1705,CONJUNTO ESTOFADO
1649,1649,TERÇADO,MÁQUINA AGRÍCOLA DE PEQUENO PORTE,1706,CONJUNTO ESTOFADO E MESINHA
1649,1649,PICARETA,MÁQUINA AGRÍCOLA DE PEQUENO PORTE,1707,ESTANTE
1649,1649,PE-DE-CABRA,MÁQUINA AGRÍCOLA DE PEQUENO PORTE,1708,MESA E CADEIRA (SALA)
1649,1649,FOICE,MÁQUINA AGRÍCOLA DE PEQUENO PORTE,1709,POLTRONA
1650,1650,PENEIRA,GELÁGUA (PARA GARRAFÃO D'ÁGUA),1710,SOFÁ OU SOFÁ CAMA
1651,1651,LUNETA,LUNETA,1711,"MESA DE TV, SOM, VIDEO, COMPUTADOR, MICROCOMPUTADOR"
1651,1651,TELESCOPIO,LUNETA,1712,PORTA-JORNAL E REVISTA
1652,1652,VIBRADOR,VIBRADOR,1713,CADEIRA DE BALANÇO
1653,1653,CONJUNTO PARA SORVETE,CONJUNTO PARA SORVETE,1714,MESINHA DE CENTRO
1653,1653,JOGO PARA SORVETE,CONJUNTO PARA SORVETE,1715,MESA (SALA)
1654,1654,CONJUNTO DE SALADEIRAS,CONJUNTO DE SALADEIRAS,1716,BAÚ (SALA)
1654,1654,JOGO DE SALADEIRAS,CONJUNTO DE SALADEIRAS,1717,BAR (SALA)
1655,1655,FORMAS DE BARQUETE,CONJUNTO DE FORMAS DE BARQUETE,1718,CHAPELEIRA
1655,1655,BARQUETES (FORMAS),CONJUNTO DE FORMAS DE BARQUETE,1719,SUPORTE DE TV (GIRATÓRIA)
1656,1656,CONJUNTO DE PANELAS DE BARRO,CONJUNTO DE PANELAS DE BARRO,1720,"ARMÁRIO SIMPLES, DUPLEX OU EMBUTIDO (QUARTO)"
1656,1656,JOGO DE PANELAS DE BARRO,CONJUNTO DE PANELAS DE BARRO,1721,"DORMITORIO COMPLETO (ARMARIO, CAMA, MESINHA, ETC.)"
1657,1657,BALANÇA PARA PESSOAS,BALANÇA PARA PESSOA,1722,"BICAMA, BELICHE, TRILICHE"
1657,1657,BALANÇA DE BANHEIRO,BALANÇA PARA PESSOA,1723,CAMA (ADULTO)
1658,1658,FOTOCOPIADORA,FOTOCOPIADORA,1724,COLCHÃO (ADULTO)
1659,1659,FERRAMENTAS PARA SERVIÇO DE PEDREIRO,ANTENA DE RÁDIO (EXCETO DE VEÍCULO),1725,CÔMODA (QUARTO ADULTO)
1659,1659,NIVEL,ANTENA DE RÁDIO (EXCETO DE VEÍCULO),1726,CONSOLE
1659,1659,ESCALA,ANTENA DE RÁDIO (EXCETO DE VEÍCULO),1727,PENTEADEIRA
1659,1659,RISCADOR,ANTENA DE RÁDIO (EXCETO DE VEÍCULO),1729,MESINHA DE CABECEIRA (QUARTO ADULTO)
1659,1659,DESEMPENADEIRA,ANTENA DE RÁDIO (EXCETO DE VEÍCULO),1730,CAMA E MESINHA DE CABECEIRA (QUARTO ADULTO)
1659,1659,COLHER DE PEDREIRO,ANTENA DE RÁDIO (EXCETO DE VEÍCULO),1731,CABIDE DE PÉ
1659,1659,PA DE PEDREIRO,ANTENA DE RÁDIO (EXCETO DE VEÍCULO),1732,BAÚ (QUARTO ADULTO)
1659,1659,METRO,ANTENA DE RÁDIO (EXCETO DE VEÍCULO),1733,DIVISÓRIA (QUARTO ADULTO)
1660,1660,CHAVE INGLESA,AQUECEDOR DE MAMADEIRA (ELÉTRICO),1734,CADEIRA (QUARTO ADULTO)
1661,1661,BROCA E TARRACHA,APARELHO PARA MASSA (CILINDROS),1735,BANCO (SALA)
1661,1661,TARRACHA E BROCA,APARELHO PARA MASSA (CILINDROS),1736,MÓVEL DE SAPATOS
1662,1662,RELOGIO DESPERTADOR,RELÓGIO DESPERTADOR,1737,MÓVEL PARA MÁQUINA DE COSTURA (GABINETE)
1663,1663,PLAINA,ELIMINADOR DE PILHAS,1740,ARMÁRIO (COPA E COZINHA)
1664,1664,FERRO PARA SOLDAR E MAÇARICO,CONJUNTO DE BALDES (QUALQUER MATERIAL),1741,"ARMÁRIO, MESA E CADEIRAS (COPA E COZINHA)"
1664,1664,SOLDADOR (FERRO PARA SOLDAR),CONJUNTO DE BALDES (QUALQUER MATERIAL),1742,BANCO (COPA E COZINHA)
1664,1664,MAÇARICO,CONJUNTO DE BALDES (QUALQUER MATERIAL),1743,BUFE (MOVEL DE COPA E COZINHA)
1665,1665,BATERIA MUSICAL,AQUECEDOR DE ÁGUA (ELÉTRICO),1744,MESA E CADEIRA (COPA E COZINHA)
1665,1665,INSTRUMENTOS DE BATERIA MUSICAL,AQUECEDOR DE ÁGUA (ELÉTRICO),1745,MESA (COPA E COZINHA)
1666,1666,LIMA (FERRAMENTA),CONJUNTO DE BACIAS DE ALUMÍNIO,1746,CADEIRA (COPA E COZINHA)
1666,1666,GROSA,CONJUNTO DE BACIAS DE ALUMÍNIO,1760,ARMÁRIO (MOVEIS INFANTIS)
1666,1666,FORMÃO,CONJUNTO DE BACIAS DE ALUMÍNIO,1761,"ARMÁRIO, CAMA E MESINHA DE CABECEIRA (MOVEIS INFANTIS)"
1666,1666,OUTRAS FERRAMENTAS DE MARCENEIRO,CONJUNTO DE BACIAS DE ALUMÍNIO,1762,BEBE CONFORTO
1667,1667,CONJUNTO DE PORTA-CONDIMENTOS,CONJUNTO PLASTICO DE MANTIMENTOS OU CONDIMENTOS,1763,BERÇO
1667,1667,JOGO DE LATAS PARA CONDIMENTOS,CONJUNTO PLASTICO DE MANTIMENTOS OU CONDIMENTOS,1764,CADEIRA ALTA DE REFEIÇÃO
1667,1667,CONJUNTO DE LATAS PARA CONDIMENTOS,CONJUNTO PLASTICO DE MANTIMENTOS OU CONDIMENTOS,1765,CAMA (MÓVEL INFANTIL)
1668,1668,CARRINHO DE MÃO,CONJUNTO COMPOTEIRAS,1766,CARRINHO DE BEBE E GONDOLA
1669,1669,CONTRA-BAIXO,CAMPAINHA MUSICAL,1767,COLCHÃO (INFANTIL)
1670,1670,BALANÇA PARA ALIMENTOS,BALANÇA PARA ALIMENTOS,1769,CERCADO DE CRIANÇA
1671,1671,ARTIGOS DE LONA OU PLASTICO PARA ACAMPAMENTO,ARTIGOS DE LONA OU PLÁSTICOS PAPA ACAMPAMENTO,1770,CAMA E MESINHA DE CABECEIRA (QUARTO INFANTIL)
1671,1671,PLASTICO OU LONA PARA ACAMPAMENTO,ARTIGOS DE LONA OU PLÁSTICOS PAPA ACAMPAMENTO,1771,MESINHA DE CABECEIRA (QUARTO INFANTIL)
1671,1671,LONA OU PLASTICO PARA ACAMPAMENTO,ARTIGOS DE LONA OU PLÁSTICOS PAPA ACAMPAMENTO,1772,PROTETOR DE BERÇO
1671,1671,SACO DE DORMIR,ARTIGOS DE LONA OU PLÁSTICOS PAPA ACAMPAMENTO,1773,BAÚ (QUARTO INFANTIL)
1672,1672,CITARA,TELEFONE CELULAR,1774,BANHEIRA COM TROCA-FRALDAS
1673,1673,TESOURA PARA CORTAR LATÃO,RAMAL TELEFÔNICO (LINHA COMUNITÁRIA),1775,ANDADOR
1674,1674,JOGO DE MARMITAS,CONJUNTO DE MARMITAS,1776,CADEIRINHA (INFANTIL)
1674,1674,CONJUNTO DE MARMITAS,CONJUNTO DE MARMITAS,1777,CÔMODA (QUARTO INFANTIL)
1675,1675,MACHADO,LAVA A JATO,1778,ESTANTE (QUARTO INFANTIL)
1676,1676,TELÃO,TELÃO,1780,"BANCO (JARDIM, VARANDA, ETC.)"
1677,1677,CHAVE DE TESTE (ELETRICIDADE),BATERIA DE TELEFONE CELULAR,1781,"CADEIRA (JARDIM, VARANDA, ETC.)"
1678,1678,MICROSCOPIO (HOBBY),MICROSCÓPIO (HOBBY),1782,GUARDA-SOL
1679,1679,CONJUNTO DE FORMAS PIREX,CONJUNTO DE FORMAS PIREX,1783,"MESA (JARDIM, VARANDA, ETC.)"
1679,1679,CONJUNTO PIREX (FORMAS),CONJUNTO DE FORMAS PIREX,1784,"MESA E CADEIRAS (JARDIM, VARANDA, ETC.)"
1680,1680,TOSADEIRA DE ANIMAL,MÁQUINA DE SOLDA ELÉTRICA,1785,REDE DE ADULTO E CRIANÇA
1680,1680,MAQUINA DE TOSAR ANIMAL,MÁQUINA DE SOLDA ELÉTRICA,1786,EPREGUIÇADEIRA
1681,1681,MOTOSSERRA,,1787,PISCINA DE PLÁSTICO
1682,1682,CAFETEIRA NÃO ELETRICA,CAFETEIRA (EXCETO ELÉTRICA),1788,ESCRIVANINHA
1683,1683,"CONJUNTO DE FORMAS PARA TORTA,BOLO","CONJUNTO DE FORMAS PARA TORTA, BOLO",1789,MESA DE TELEFONE
1683,1683,"FORMAS PARA TORTA,BOLO (CONJUNTO)","CONJUNTO DE FORMAS PARA TORTA, BOLO",1790,ARMÁRIO DE BANHEIRO (EXCETO DE PLÁSTICO)
1684,1684,MATERIAL OU INSTRUMENTOS PARA REVELAÇÃO FOTOGRAFICA (HOBBY),MATERIAL OU INSTRUMENTO PARA REVELAÇÃO FOTOGRAFICA (HOBBY),1791,ESTEIRA DE DORMIR
1684,1684,INSTRUMENTOS OU MATERIAL PARA REVELAÇÃO FOTOGRAFICA (HOBBY),MATERIAL OU INSTRUMENTO PARA REVELAÇÃO FOTOGRAFICA (HOBBY),1792,COLCHONETE
1685,1685,PISTOLA PARA PINTURA,,1793,CESTA DE VIME
1686,1686,REBITADEIRA,,1794,PRATELEIRA
1687,1687,TORNO DE MESA (MORSA),,1795,ARQUIVO DE AÇO
1687,1687,MORSA (TORNO DE MESA),,1797,AGREGADO 9
1688,1688,JOGO DE FACAS,JOGO DE FACAS,1800,DESPESAS COM AQUISIÇÃO DE ARTIGOS DE DECORAÇÃO E FORRAÇÃO
1698,1698,AGREGADO,,1801,CARPETE
1700,1700,DESPESAS COM AQUISIÇÃO DE MOVEIS,DESPESAS COM AQUISIÇÃO DE MOVEIS,1802,TAPEÇARIA
1701,1701,ARCA COM OU SEM VITRINA OU ORATORIA,ARCA COM OU SEM VITRINA OU ORATÓRIO,1803,TAPETE DE SALA OU QUARTO
1702,1702,CADEIRA (SALA),CADEIRA (SALA),1805,TAPETE DE BANHEIRO (TECIDO)
1703,1703,CARRINHO DE CHA OU BEBIDAS,CARRINHO DE CHÁ OU BEBIDAS,1850,ALMOFADA
1704,1704,CRISTALEIRA,CRISTALEIRA OU VITRINE,1851,CORTINA PRONTA (EXCETO DE PLÁSTICO)
1705,1705,CONJUNTO ESTOFADO,CONJUNTO ESTOFADO,1852,ESCULTURA
1706,1706,CONJUNTO ESTOFADO E MESINHA(S),CONJUNTO ESTOFADO E MESINHA,1853,"LUMINARIA, ABAJUR, LUSTRE, GLOBO DE LUZ"
1707,1707,ESTANTE,ESTANTE,1854,PEÇA DE LOUÇA (DECORAÇÃO)
1707,1707,RACK,ESTANTE,1855,PEÇA DE METAL (EXCETO PRATA) (DECORAÇÃO)
1707,1707,ARMARIO EMBUTIDO (SALA),ESTANTE,1856,PEÇA DE PRATA (DECORAÇÃO)
1708,1708,MESA E CADEIRAS (SALA),MESA E CADEIRA (SALA),1857,ESPELHO
1709,1709,POLTRONA,POLTRONA,1858,"QUADRO OU MOLDURA DE QUADRO, POSTER, PORTA-RETRATO, ETC."
1710,1710,SOFA OU SOFA CAMA,SOFÁ OU SOFÁ CAMA,1859,RELÓGIO DE MESA DE PAREDE
1711,1711,"MESA PARA TV, SOM, VIDEO","MESA DE TV, SOM, VIDEO, COMPUTADOR, MICROCOMPUTADOR",1860,PERSIANA
1712,1712,PORTA-JORNAL E REVISTA,PORTA-JORNAL E REVISTA,1861,PAPEL DE PAREDE
1713,1713,CADEIRA DE BALANÇO,CADEIRA DE BALANÇO,1862,PUFE
1714,1714,MESINHA DE CENTRO (SALA),MESINHA DE CENTRO,1863,AQUÁRIO ORNAMENTAL E EQUIPAMENTOS
1715,1715,MESA (SALA),MESA (SALA),1864,PEÇA DE CERÂMICA (DECORAÇÃO)
1716,1716,BAU (SALA),BAÚ (SALA),1865,FLOREIRA DE MADEIRA
1717,1717,BAR (SALA),BAR (SALA),1866,PEÇA DE GESSO (DECORAÇÃO)
1717,1717,BARZINHO,BAR (SALA),1867,GAIOLA
1718,1718,CHAPELEIRA,CHAPELEIRA,1868,PEÇA DE MADEIRA (DECORAÇÃO)
1719,1719,SUPORTE PARA TV (GIRATORIO),SUPORTE DE TV (GIRATÓRIA),1869,ENFEITE DE BERÇO
1720,1720,"ARMARIO SIMPLES,DUPLEX OU EMBUTIDO (QUARTO)","ARMÁRIO SIMPLES, DUPLEX OU EMBUTIDO (QUARTO)",1870,PEÇA DE CRISTAL (DECORAÇÃO)
1721,1721,"DORMITORIO COMPLETO (ARMARIO, CAMA, MESINHA, ETC.)","DORMITORIO COMPLETO (ARMARIO, CAMA, MESINHA, ETC.)",1871,LEQUE (PEÇA DECORAÇÃO)
1722,1722,"BICAMA, BELICHE, TRILICHE","BICAMA, BELICHE, TRILICHE",1872,BIBELO DE QUALQUER MATERIAL
1722,1722,BELICHE,"BICAMA, BELICHE, TRILICHE",1873,PEÇA DE PORCELANA (DECORAÇÃO)
1722,1722,TRILICHE,"BICAMA, BELICHE, TRILICHE",1874,PEÇA DE VIDRO (DECORAÇÃO)
1723,1723,CAMA (NÃO INFANTIL),CAMA (ADULTO),1875,CINZEIRO
1724,1724,COLCHÃO (NÃO INFANTIL),COLCHÃO (ADULTO),1876,ENFEITES DE ÁRVORE DE NATAL
1725,1725,COMODA,CÔMODA (QUARTO ADULTO),1877,PEÇA DE PALHA (DECORAÇÃO)
1726,1726,CONSOLE,CONSOLE,1878,ESTAMPARIA SERIGRAFICA
1727,1727,PENTEADEIRA,PENTEADEIRA,1879,"CONCHA, BUZIOS"
1728,1728,TRAVESSEIRO,,1880,SUPORTE DE BÍBLIA
1729,1729,MESINHA DE CABECEIRA (QUARTO ADULTO),MESINHA DE CABECEIRA (QUARTO ADULTO),1881,ISQUEIRO DE MESA
1730,1730,CAMA E MESINHA DE CABECEIRA (QUARTO ADULTO),CAMA E MESINHA DE CABECEIRA (QUARTO ADULTO),1882,PEÇA DE PLÁSTICO OU RESINA (DECORAÇÃO)
1731,1731,CABIDE DE PE,CABIDE DE PÉ,1883,PEDESTAL
1740,1740,ARMARIO (COPA E COZINHA),ARMÁRIO (COPA E COZINHA),1884,PEÇA DE CORDA (DECORAÇÃO)
1740,1740,GABINETE PARA PIA (COPA E COZINHA),ARMÁRIO (COPA E COZINHA),1885,PEÇA DE PEDRA SABÃO (DECORAÇÃO)
1741,1741,"ARMARIO,MESA E CADEIRAS (COPA E COZINHA)","ARMÁRIO, MESA E CADEIRAS (COPA E COZINHA)",1886,PAPIRO
1742,1742,BANCO (COPA E COZINHA),BANCO (COPA E COZINHA),1887,PEÇA DE TECIDO (DECORAÇÃO)
1743,1743,BUFE (MOVEL DE COPA E COZINHA),BUFE (MOVEL DE COPA E COZINHA),1888,CASCO DE TARTARUGA
1744,1744,MESA E CADEIRAS (COPA E COZINHA),MESA E CADEIRA (COPA E COZINHA),1889,BANDÔ
1745,1745,MESA (COPA E COZINHA),MESA (COPA E COZINHA),1890,FLÔRES ARTIFICIAIS
1746,1746,CADEIRA (COPA E COZINHA),CADEIRA (COPA E COZINHA),1891,PORTA-JÓIAS
1760,1760,ARMARIO (MOVEIS INFANTIS),ARMÁRIO (MOVEIS INFANTIS),1892,CAIXINHA DE MÚSICA
1761,1761,"ARMARIO,CAMA E MESINHA DE CABECEIRA (MOVEIS INFANTIS)","ARMÁRIO, CAMA E MESINHA DE CABECEIRA (MOVEIS INFANTIS)",1893,PEÇA DE ÁGATA OU ESMALTADA
1762,1762,BEBE CONFORTO,BEBE CONFORTO,1894,PORTA-LAPISEIRA
1763,1763,BERÇO,BERÇO,1895,PORTA-CD
1764,1764,CADEIRA ALTA PARA REFEIÇÃO,CADEIRA ALTA DE REFEIÇÃO,1897,AGREGADO 10
1765,1765,CAMA (MOVEL INFANTIL),CAMA (MÓVEL INFANTIL),1900,DESPESAS COM SERVIÇOS DOMÉSTICOS
1766,1766,CARRINHO DE BEBE E GONDOLA,CARRINHO DE BEBE E GONDOLA,1901,EMPREGADO
1766,1766,GONDOLA,CARRINHO DE BEBE E GONDOLA,1902,COZINHEIRO
1767,1767,COLCHÃO (INFANTIL),COLCHÃO (INFANTIL),1903,FAXINEIRO
1768,1768,TRAVESSEIRO INFANTIL,,1904,BABÁ
1769,1769,CERCADO PARA CRIANÇA,CERCADO DE CRIANÇA,1905,JARDINEIRO
1770,1770,CAMA E MESINHA DE CABECEIRA (QUARTO INFANTIL),CAMA E MESINHA DE CABECEIRA (QUARTO INFANTIL),1906,MOTORISTA
1771,1771,MESINHA DE CABECEIRA (QUARTO INFANTIL),MESINHA DE CABECEIRA (QUARTO INFANTIL),1907,VIGIA
1772,1772,PROTETOR DE BERÇO,PROTETOR DE BERÇO,1908,ARRUMADEIRA
1772,1772,ALMOFADA (PROTETOR DE BERÇO),PROTETOR DE BERÇO,1909,GOVERNANTA
1772,1772,ALMOFADÃO (PROTETOR DE BERÇO),PROTETOR DE BERÇO,1910,MORDONO
1773,1773,BAU (QUARTO INFANTIL),BAÚ (QUARTO INFANTIL),1911,CASEIRO
1774,1774,BANHEIRA COM TROCA-FRALDAS,BANHEIRA COM TROCA-FRALDAS,1912,ACOMPANHANTE
1775,1775,ANDADOR,ANDADOR,1913,LAVADEIRA
1775,1775,VOADOR (ANDADOR),ANDADOR,1915,PASSADEIRA (EMPREGADA)
1776,1776,CADEIRINHA (INFANTIL),CADEIRINHA (INFANTIL),1916,COPEIRA
1776,1776,CADEIRA PEQUENA (INFANTIL),CADEIRINHA (INFANTIL),1917,LAVADEIRA E PASSADEIRA
1780,1780,"BANCO (JARDIM, VARANDA, ETC,)","BANCO (JARDIM, VARANDA, ETC.)",1918,GARÇOM
1781,1781,"CADEIRA (JARDIM, VARANDA, ETC.)","CADEIRA (JARDIM, VARANDA, ETC.)",1919,CARREGADOR D'ÁGUA
1782,1782,GUARDA SOL,GUARDA-SOL,1920,LIMPADOR DE TERRENO (CAPINADOR)
1783,1783,"MESA (JARDIM, VARANDA, ETC.)","MESA (JARDIM, VARANDA, ETC.)",1921,LIMPADOR DE PISCINA
1784,1784,"MESA E CADEIRAS (JARDIM, VARANDA, ETC.)","MESA E CADEIRAS (JARDIM, VARANDA, ETC.)",1922,LAVADOR DE CARRO
1785,1785,REDE PARA ADULTO E CRIANÇA,REDE DE ADULTO E CRIANÇA,1923,BISCATEIRO (SERVIÇOS DIVERSOS)
1786,1786,ESPREGUIÇADEIRA,EPREGUIÇADEIRA,1924,LIMPADOR DE FOSSA
1787,1787,PISCINA DE PLASTICO,PISCINA DE PLÁSTICO,1925,ENFERMEIRA (SERVIÇO DOMÉSTICO)
1787,1787,PISCINA DE FIBRA,PISCINA DE PLÁSTICO,1926,CARREGADOR DE LENHA
1788,1788,ESCRIVANINHA,ESCRIVANINHA,1927,TRATADOR DE ANIMAIS
1788,1788,BUREAU,ESCRIVANINHA,1928,SALVA-VIDAS
1789,1789,MESA PARA TELEFONE,MESA DE TELEFONE,1929,SERVENTE
1789,1789,"MESINHA PARA TELEFONE, VENTILADOR, ETC.",MESA DE TELEFONE,1930,MARINHEIRO
1790,1790,ARMARIO PARA BANHEIRO (NÃO PLASTICO),ARMÁRIO DE BANHEIRO (EXCETO DE PLÁSTICO),1948,AGREGADO 11
1791,1791,ESTEIRA PARA DORMIR,ESTEIRA DE DORMIR,1951,EMPREGADO (INSS)
1792,1792,COLCHONETE,COLCHONETE,1952,COZINHEIRO (INSS)
1793,1793,CESTA DE VIME,CESTA DE VIME,1953,FAXINEIRO (INSS)
1794,1794,PRATELEIRA,PRATELEIRA,1954,BABÁ (INSS)
1795,1795,ARQUIVO DE AÇO,ARQUIVO DE AÇO,1955,JARDINEIRO (INSS)
1798,1798,AGREGADO,,1956,MOTORISTA (INSS)
1800,1800,DESPESAS COM AQUISIÇÃO DE ARTIGOS DE DECORAÇÃO E FORRAÇÃO,DESPESAS COM AQUISIÇÃO DE ARTIGOS DE DECORAÇÃO E FORRAÇÃO,1957,VIGIA (INSS)
1801,1801,CARPETE,CARPETE,1958,ARRUMADEIRA (INSS)
1802,1802,TAPEÇARIA,TAPEÇARIA,1959,GOVERNANTA (INSS)
1803,1803,TAPETE DE SALA,TAPETE DE SALA OU QUARTO,1960,MORDONO (INSS)
1804,1804,TAPETE DE QUARTO,,1961,CASEIRO (INSS)
1805,1805,TAPETE DE BANHEIRO (TECIDO),TAPETE DE BANHEIRO (TECIDO),1962,ACOMPANHANTE (INSS)
1850,1850,ALMOFADA,ALMOFADA,1963,LAVADEIRA (INSS)
1851,1851,CORTINA PRONTA (NÃO PLASTICA),CORTINA PRONTA (EXCETO DE PLÁSTICO),1964,AJUDANTE DE COZINHA (INSS)
1852,1852,ESCULTURA,ESCULTURA,1965,PASSADEIRA (EMPREGADA) (INSS)
1853,1853,"LUMINARIA, ABAJUR, LUSTRE, GLOBO DE LUZ, ETC.","LUMINARIA, ABAJUR, LUSTRE, GLOBO DE LUZ",1966,COPEIRA (INSS)
1853,1853,ABAJUR,"LUMINARIA, ABAJUR, LUSTRE, GLOBO DE LUZ",1967,LAVADEIRA E PASSADEIRA (INSS)
1853,1853,LUSTRE,"LUMINARIA, ABAJUR, LUSTRE, GLOBO DE LUZ",1968,GARÇOM (INSS)
1853,1853,GLOBO DE LUZ,"LUMINARIA, ABAJUR, LUSTRE, GLOBO DE LUZ",1969,CARREGADOR D'ÁGUA (INSS)
1854,1854,PEÇA DE LOUÇA,PEÇA DE LOUÇA (DECORAÇÃO),1970,LIMPADOR DE TERRENO (CAPINADOR) (INSS)
1854,1854,LOUÇA (PEÇA PARA DECORAÇÃO),PEÇA DE LOUÇA (DECORAÇÃO),1971,LIMPADOR DE PISCINA (INSS)
1855,1855,PEÇA DE METAL (EXCETO PRATA),PEÇA DE METAL (EXCETO PRATA) (DECORAÇÃO),1972,LAVADOR DE CARRO (INSS)
1855,1855,METAL EXCETO PRATA (PEÇA PARA DECORAÇÃO),PEÇA DE METAL (EXCETO PRATA) (DECORAÇÃO),1973,BISCATEIRO (SERVIÇOS DIVERSOS) (INSS)
1856,1856,PEÇA DE PRATA,PEÇA DE PRATA (DECORAÇÃO),1974,LIMPADOR DE FOSSA (INSS)
1856,1856,PRATA (PEÇA PARA DECORAÇÃO),PEÇA DE PRATA (DECORAÇÃO),1975,ENFERMEIRA (SERVIÇO DOMÉSTICO) (INSS)
1857,1857,ESPELHO,ESPELHO,1976,CARREGADOR DE LENHA (INSS)
1858,1858,QUADRO OU MOLDURA PARA QUADRO,"QUADRO OU MOLDURA DE QUADRO, POSTER, PORTA-RETRATO, ETC.",1977,TRATADOR DE ANIMAIS (INSS)
1858,1858,TELA A OLEO,"QUADRO OU MOLDURA DE QUADRO, POSTER, PORTA-RETRATO, ETC.",1978,SALVA-VIDAS (INSS)
1858,1858,MOLDURA PARA QUADRO,"QUADRO OU MOLDURA DE QUADRO, POSTER, PORTA-RETRATO, ETC.",1979,SERVENTE (INSS)
1858,1858,GRAVURA,"QUADRO OU MOLDURA DE QUADRO, POSTER, PORTA-RETRATO, ETC.",1980,MARINHEIRO (INSS)
1859,1859,RELOGIO DE MESA,RELÓGIO DE MESA DE PAREDE,1998,AGREGADO (INSS)
1859,1859,RELOGIO DE PAREDE,RELÓGIO DE MESA DE PAREDE,2200,DESPESAS COM COMUNICAÇÕES
1860,1860,PERSIANA,PERSIANA,2201,"CORREIO (CARTA, SELO, ETC.)"
1861,1861,PAPEL DE PAREDE,PAPEL DE PAREDE,2202,TELEFONE PÚBLICO
1861,1861,CONTACT,PAPEL DE PAREDE,2298,AGREGADO 38
1862,1862,PUFE,PUFE,2300,DESPESAS COM TRANSPORTES
1863,1863,AQUARIO (ORNAMENTAL) E EQUIPAMENTOS,AQUÁRIO ORNAMENTAL E EQUIPAMENTOS,2301,ÔNIBUS URBANO
1863,1863,EQUIPAMENTOS PARA AQUARIO ORNAMENTAL,AQUÁRIO ORNAMENTAL E EQUIPAMENTOS,2302,TREM
1863,1863,FILTRO BIOLOGICO PARA AQUARIO ORNAMENTAL,AQUÁRIO ORNAMENTAL E EQUIPAMENTOS,2303,TÁXI
1863,1863,OXIGENADOR PARA AQUARIO ORNAMENTAL,AQUÁRIO ORNAMENTAL E EQUIPAMENTOS,2304,METRÔ
1864,1864,PEÇA DE CERAMICA,PEÇA DE CERÂMICA (DECORAÇÃO),2305,BARCA
1864,1864,CERAMICA (PEÇA PARA DECORAÇÃO),PEÇA DE CERÂMICA (DECORAÇÃO),2306,ÁLCOOL (COMBUSTÍVEL DE VEÍCULO)
1865,1865,FLOREIRA DE MADEIRA,FLOREIRA DE MADEIRA,2307,GASOLINA
1866,1866,PEÇA DE GESSO PARA DECORAÇÃO,PEÇA DE GESSO (DECORAÇÃO),2308,ESTACIONAMENTO
1866,1866,GESSO (PEÇA PARA DECORAÇÃO),PEÇA DE GESSO (DECORAÇÃO),2309,PEDAGIO
1867,1867,GAIOLA PARA DECORAÇÃO,GAIOLA,2310,INTEGRAÇÃO ÔNIBUS-METRÔ
1868,1868,PEÇA DE MADEIRA PARA DECORAÇÃO,PEÇA DE MADEIRA (DECORAÇÃO),2311,INTEGRAÇÃO TREM-METRÔ
1868,1868,MADEIRA (PEÇA PARA DECORAÇÃO),PEÇA DE MADEIRA (DECORAÇÃO),2312,ESTACIONAMENTO-METRÔ
1869,1869,ENFEITE PARA BERÇO,ENFEITE DE BERÇO,2313,ÓLEO DIESEL
1869,1869,MOBILE (ENFEITE PARA BERÇO),ENFEITE DE BERÇO,2314,"BONDE, BONDINHO"
1870,1870,PEÇA DE CRISTAL PARA DECORAÇÃO,PEÇA DE CRISTAL (DECORAÇÃO),2315,PLANO INCLINADO
1870,1870,CRISTAL (PEÇA PARA DECORAÇÃO),PEÇA DE CRISTAL (DECORAÇÃO),2316,INTEGRAÇÃO TREM-ÔNIBUS
1871,1871,LEQUE (DECORAÇÃO),LEQUE (PEÇA DECORAÇÃO),2317,QUEROSENE (COMBUSTÍVEL DE VEÍCULO)
1872,1872,BIBELO DE QUALQUER MATERIAL,BIBELO DE QUALQUER MATERIAL,2318,GÁS
1872,1872,BONEQUINHOS DE QUALQUER MATERIAL (DECORAÇÃO),BIBELO DE QUALQUER MATERIAL,2320,ÔNIBUS INTERMUNICIPAL
1873,1873,PEÇA DE PORCELANA PARA DECORAÇÃO,PEÇA DE PORCELANA (DECORAÇÃO),2321,ÔNIBUS INTERESTADUAL
1873,1873,PORCELANA (PEÇA PARA DECORAÇÃO),PEÇA DE PORCELANA (DECORAÇÃO),2322,AEROBARCO
1874,1874,PEÇA DE VIDRO PARA DECORAÇÃO,PEÇA DE VIDRO (DECORAÇÃO),2323,TRANSPORTE ALTERNATIVO
1874,1874,VIDRO (PEÇA PARA DECORAÇÃO),PEÇA DE VIDRO (DECORAÇÃO),2324,FERRY-BOAT
1875,1875,CINZEIRO,CINZEIRO,2325,BANHEIRO PÚBLICO
1876,1876,ENFEITES PARA ARVORE DE NATAL,ENFEITES DE ÁRVORE DE NATAL,2326,MOTO-TAXI
1876,1876,ARVORE DE NATAL (ARTIFICIAL),ENFEITES DE ÁRVORE DE NATAL,2398,AGREGADO 12
1876,1876,ENFEITES DE NATAL,ENFEITES DE ÁRVORE DE NATAL,2400,DESPESA COM ALIMENTAÇÃO FORA DE CASA
1877,1877,PEÇA DE PALHA PARA DECORAÇÃO,PEÇA DE PALHA (DECORAÇÃO),2401,ALMOÇO E JANTAR (REFEIÇÃO)
1877,1877,PALHA (PEÇA PARA DECORAÇÃO),PEÇA DE PALHA (DECORAÇÃO),2402,"LEITE, CAFÉ COM LEITE, CHOCOLATE, ETC."
1878,1878,ESTAMPARIA SERIGRAFICA,ESTAMPARIA SERIGRAFICA,2403,PÃO E PÃO COM MANTEIGA
1878,1878,SERIGRAFIA (ESTAMPARIA),ESTAMPARIA SERIGRAFICA,2404,SANDUICHE E SALGADINHO
1879,1879,"CONCHAS,BUZIOS (PEÇA PARA DECORAÇÃO)","CONCHA, BUZIOS",2405,CAFEZINHO
1879,1879,"BUZIOS, CONCHAS (PEÇA PARA DECORAÇÃO)","CONCHA, BUZIOS",2406,REFRIGERANTE E ÁGUA MINERAL
1880,1880,SUPORTE PARA BIBLIA,SUPORTE DE BÍBLIA,2407,"VITAMINA, SUCO E REFRESCO DE FRUTAS OU VEGETAIS"
1881,1881,ISQUEIRO DE MESA,ISQUEIRO DE MESA,2408,"BALA, CHICLETE, DOCE, SORVETE, CHOCOLATE EM BARRA, PICOLE, ETC."
1882,1882,PEÇA DE PLASTICO PARA DECORAÇÃO,PEÇA DE PLÁSTICO OU RESINA (DECORAÇÃO),2409,AGUARDENTE
1882,1882,PLASTICO (PEÇA PARA DECORAÇÃO),PEÇA DE PLÁSTICO OU RESINA (DECORAÇÃO),2410,CERVEJA
1883,1883,PEDESTAL,PEDESTAL,2411,OUTRAS BEBIDAS ALCOÓLICAS
1898,1898,AGREGADO,,2412,CHOPP
1900,1900,DESPESAS COM SERVIÇOS DOMESTICOS,DESPESAS COM SERVIÇOS DOMÉSTICOS,2413,IOGURTE
1901,1901,EMPREGADO,EMPREGADO,2414,FRUTA
1902,1902,COZINHEIRO,COZINHEIRO,2415,SALADA DE FRUTAS
1903,1903,FAXINEIRO,FAXINEIRO,2416,ESPIGA DE MILHO ASSADA OU COZIDA
1904,1904,BABA,BABÁ,2417,TACACÁ
1905,1905,JARDINEIRO,JARDINEIRO,2418,BISCOITO DOCE OU SALGADO
1906,1906,MOTORISTA,MOTORISTA,2419,TAPIOCA (BEIJU)
1907,1907,VIGIA,VIGIA,2420,AÇAÍ (EMULSÃO)
1908,1908,ARRUMADEIRA,ARRUMADEIRA,2421,"CALDO (CARNE, FEIJÃO, MOCOTÓ, ETC.)"
1909,1909,GOVERNANTA,GOVERNANTA,2422,CHÁ PREPARADO
1910,1910,MORDOMO,MORDONO,2423,TUBÉRCULOS
1911,1911,CASEIRO,CASEIRO,2424,TOMATE
1912,1912,ACOMPANHANTE (POF2),ACOMPANHANTE,2425,MINGAU
1913,1913,LAVADEIRA,LAVADEIRA,2426,CUSCUZ
1914,1914,AJUDANTE DE COZINHA,,2427,CANJICA
1915,1915,PASSADEIRA,PASSADEIRA (EMPREGADA),2428,YAKULT
1916,1916,COPEIRA,COPEIRA,2429,COALHADA
1917,1917,LAVADEIRA E PASSADEIRA,LAVADEIRA E PASSADEIRA,2430,PAMONHA
1917,1917,PASSADEIRA E LAVADEIRA,LAVADEIRA E PASSADEIRA,2431,TAFFMAN
1918,1918,GARÇOM,GARÇOM,2432,ÁGUA COMUM (SACO)
1919,1919,CARREGADOR D'AGUA,CARREGADOR D'ÁGUA,2433,ÁGUA DOCE
1919,1919,PUXADOR D'AGUA,CARREGADOR D'ÁGUA,2434,FARINHA LÁCTEA
1920,1920,LIMPADOR DE TERRENO (CAPINADOR),LIMPADOR DE TERRENO (CAPINADOR),2435,GEMADA
1920,1920,CAPINADOR (LIMPADOR DE TERRENO),LIMPADOR DE TERRENO (CAPINADOR),2436,MAMY (LEITE DE SOJA COM SABOR-LÍQUIDO)
1921,1921,LIMPADOR DE PISCINA,LIMPADOR DE PISCINA,2437,LANCHE
1922,1922,LAVADOR DE CARRO,LAVADOR DE CARRO,2438,ABARA
1923,1923,BISCATEIRO (SERVIÇOS DIVERSOS),BISCATEIRO (SERVIÇOS DIVERSOS),2439,TODDYNHO
1924,1924,LIMPADOR DE FOSSA,LIMPADOR DE FOSSA,2440,MILK SHAKE
1925,1925,ENFERMEIRA (SERVIÇO DOMESTICO),ENFERMEIRA (SERVIÇO DOMÉSTICO),2498,AGREGADO 13
1926,1926,CARREGADOR DE LENHA,CARREGADOR DE LENHA,2500,DESPESAS COM FUMO
1998,1998,AGREGADO,AGREGADO (INSS),2501,CIGARRO
2200,2200,DESPESAS COM ALIMENTAÇÃO FORA DE CASA,DESPESAS COM COMUNICAÇÕES,2503,CHARUTO
2201,2201,ALMOÇO E JANTAR (REFEIÇÃO) (POF4),"CORREIO (CARTA, SELO, ETC.)",2504,CIGARRILHA
2201,2201,JANTAR (REFEIÇÃO) (POF4),"CORREIO (CARTA, SELO, ETC.)",2505,FUMO DESFIADO
2202,2202,"LEITE, CAFE COM LEITE, CHOCOLATE, ETC. (POF4)",TELEFONE PÚBLICO,2507,FÓSFOROS (FUMANTE)
2203,2203,PÃO E PÃO COM MANTEIGA (POF4),,2509,PITEIRA
2203,2203,PÃO COM MANTEIGA (POF4),,2510,FLUIDO DE ISQUEIRO
2204,2204,SANDUICHE E SALGADINHO (POF4),,2511,GÁS DE ISQUEIRO
2204,2204,SALGADINHO (POF4),,2512,PEDRA DE ISQUEIRO
2204,2204,TIRA-GOSTO,,2513,FUMO DE ROLO
2204,2204,CACHORRO QUENTE (POF4),,2514,RAPÉ
2204,2204,CHEESBURGUER (SANDUICHE) (POF4),,2515,CIGARRO DE PALHA
2204,2204,BAURU (SANDUICHE) (POF4),,2516,PALHA DE CIGARRO
2204,2204,AMERICANO (SANDUICHE) (POF4),,2517,MACONHA
2204,2204,"TORRADA COM QUEIJO, PRESUNTO, OVOS, ETC. (POF4)",,2518,COCAINA
2204,2204,PASTEL (POF4),,2598,AGREGADO 14
2204,2204,CROQUETE (POF4),,2600,DESPESAS COM JOGOS E APOSTAS
2204,2204,"BOLINHO SALGADO (CARNE, CAMARÃO, ETC.) (POF4)",,2601,LOTERIA ESPORTIVA
2204,2204,COXINHA (POF4),,2602,LOTERIA FEDERAL E ESTADUAL
2204,2204,EMPADA (POF4),,2603,LOTO
2204,2204,RIZOLE (POF4),,2604,JOGO DO BICHO
2204,2204,PIZZA EM PEDAÇO (POF4),,2605,CORRIDA DE CAVALOS
2204,2204,HAMBURGUER (SANDUICHE) (POF4),,2606,BRIGA DE GALOS
2204,2204,EGSSBURGUER (SANDUICHE) (POF4),,2607,JOGO DE CARTAS
2204,2204,MISTO QUENTE OU FRIO (POF4),,2608,OUTROS JOGOS E APOSTAS
2204,2204,QUEIJO (PEDAÇO OU PORÇÃO) (POF4),,2609,RIFA
2204,2204,ACARAJE (POF4),,2610,BINGO
2204,2204,OVO COZIDO (POF4),,2612,SENA
2205,2205,CAFEZINHO (POF4),,2613,TELESENA
2206,2206,REFRIGERANTE E AGUA MINERAL (POF4),,2614,RASPADINHA
2206,2206,AGUA MINERAL (POF4),,2615,PAPATUDO
2207,2207,"VITAMINA,SUCO E REFRESCO DE FRUTAS OU VEGETAIS (POF4)",,2616,QUINA
2207,2207,SUCO DE FRUTAS OU VEGETAIS (POF4),,2698,AGREGADO 15
2207,2207,REFRESCOS DE FRUTAS (POF4),,2700,DESPESAS COM LEITURA
2207,2207,AGUA DE COCO,,2701,JORNAL
2207,2207,CALDO DE CANA,,2702,REVISTA INFANTIL
2207,2207,VITAMINA DE FRUTAS OU VEGETAIS (POF4),,2703,OUTRAS REVISTAS
2208,2208,"BALA, CHICLETE, DOCE, SORVETE, CHOCOLATE EM BARRA, PICOLE, ETC. (POF4)",,2704,ALBUM E FIGURINHAS
2208,2208,CHICLETE (POF4),,2705,FOLHETO
2208,2208,DOCE (POF4),,2798,AGREGADO 16
2208,2208,SORVETE (POF4),,2800,DESPESAS COM DIVERSÕES E ESPORTES
2208,2208,CHOCOLATE EM BARRA (POF4),,2801,CINEMA
2208,2208,PIPOCA (POF4),,2802,TEATRO
2208,2208,BOLO QUALQUER,,2803,FUTEBOL
2208,2208,AMENDOIM SALGADO OU DOCE (POF4),,2804,"VOLEIBOL, BASQUETEBOL, ETC."
2208,2208,DINDIM (SACOLE),,2805,CLUBE (MENSALIDADE E TAXA)
2208,2208,TORTA DOCE,,2806,DISCO DE VINIL
2208,2208,BROA (POF4),,2807,FILME E FLASH DESCARTAVEL
2208,2208,SONHO (POF4),,2808,REVELAÇÃO E CÓPIA
2208,2208,RAPADURA (POF4),,2809,ALUGUEL DE FITA DE VIDEOCASSETE
2209,2209,AGUARDENTE (POF4),,2810,FITA DE VIDEOCASSETE GRAVADA
2210,2210,CERVEJA (POF4),,2811,SHOW
2211,2211,OUTRAS BEBIDAS ALCOOLICAS (POF4),,2812,PARQUE DE DIVERSÕES
2212,2212,CHOPP (CLARO OU ESCURO),,2813,JARDIM ZOOLÓGICO
2213,2213,IOGURTE,,2814,MUSEU
2214,2214,FRUTA (QUALQUER),,2815,JOGOS ELETRÔNICOS (FICHA)
2215,2215,SALADA DE FRUTAS,,2816,LOCAÇÃO DE CHARRETE (PASSEIO)
2216,2216,ESPIGA DE MILHO ASSADA OU COZIDA (POF4),,2817,ALUGUEL DE QUADRA E CAMPO
2216,2216,MILHO ASSADO OU COZIDO (POF4),,2818,EXPOSIÇÃO (INGRESSO)
2217,2217,TACACA,,2819,CIRCO
2218,2218,BISCOITO DOCE OU SALGADO,,2820,"BOITE, DANCETERIA E DISCOTECA"
2218,2218,BOLACHA DOCE OU SALGADA,,2821,"SINUCA, TOTO E BOLICHE"
2219,2219,TAPIOCA (BEIJU),,2822,FOGOS E ARTEFATOS JUNINOS
2220,2220,AÇAI (MASSA OU PASTA),,2825,MOTEL
2221,2221,"CALDOS (CARNE, FEIJÃO, MOCOTO, ETC.)",,2828,"ALUGUEL DE CLUBE, TEATRO, ETC., PARA SHOW"
2222,2222,CHA PREPARADO,,2829,PROSTITUTA
2223,2223,TUBERCULOS (POF4),,2830,PIQUENIQUE (TAXA)
2223,2223,BATATA DOCE (POF4),,2831,TAXA DE SALTO (PARQUEDISMO)
2223,2223,INHAME (POF4),,2832,PLANETÁRIO
2224,2224,TOMATE (POF4),,2833,HIDRELÉTRICA
2225,2225,MINGAU (POF4),,2834,"PISCINA EM PARQUE, RESERVA, ETC."
2226,2226,CUSCUZ (POF4),,2835,RINHA (INGRESSO)
2227,2227,CANJICA (POF4),,2836,RODEIO (INGRESSO)
2227,2227,MUNGUNZA (POF4),,2837,CARREGADOR DE TACOS DE GOLFE
2227,2227,MUGUNZA (POF4),,2838,SERESTA
2227,2227,CURAU DE MILHO,,2839,ALUGUEL DE BRINQUEDO ELÉTRICO OU ELETRÔNICO
2228,2228,YAKULT (POF4),,2840,DISCO LASER
2229,2229,COALHADA,,2841,FITA DE VIDEO GAME
2230,2230,PAMONHA (POF4),,2842,ALUGUEL DE FITA DE VIDEO GAME
2231,2231,TAFFMAN E,,2843,FITA CASSETE GRAVADA
2232,2232,AGUA COMUM (SACO),,2844,FITA CASSETE VIRGEM
2233,2233,AGUA DOCE,,2845,FITA DE VIDEOCASSETE VIRGEM
2298,2298,AGREGADO,AGREGADO 38,2846,ALUGUEL DE COMPACT DISC
2300,2300,DESPESAS COM TRANSPORTES,DESPESAS COM TRANSPORTES,2847,CD ROOM (DISCO)
2301,2301,ONIBUS,ÔNIBUS URBANO,2848,DISQUETE PARA COMPUTADOR
2301,2301,LOTAÇÃO,ÔNIBUS URBANO,2849,PISTA DE PATINAÇÃO (INGRESSO)
2302,2302,TREM,TREM,2850,HOTEL (INGRESSO)
2303,2303,TAXI,TÁXI,2851,PESQUE-PAGUE
2303,2303,AUTOMOVEL DE ALUGUEL (TAXI),TÁXI,2852,FITA DE IMPRESSORA PARA COMPUTADOR
2304,2304,METRO,METRÔ,2853,TÍTULO DE TURISMO (MENSALIDADE)
2305,2305,BARCO E AEROBARCO,BARCA,2854,ALUGEL DE BRINQUEDO NÃO ELÉTRICO OU NÃO ELETRÔNICO
2305,2305,AEROBARCO,BARCA,2898,AGREGADO 17
2305,2305,BARCA,BARCA,2900,DESPESAS COM PRODUTOS FARMACEUTICOS
2306,2306,ALCOOL (COMBUSTIVEL) (POF4),ÁLCOOL (COMBUSTÍVEL DE VEÍCULO),2901,ANTINFECCIOSO E ANTIBIÓTICO
2307,2307,GASOLINA (COMBUSTIVEL),GASOLINA,2902,ANALGÉSICO E ANTITÉRMICO
2308,2308,ESTACIONAMENTO,ESTACIONAMENTO,2903,ANTINFLAMATÓRIO
2309,2309,PEDAGIO,PEDAGIO,2904,ANTIGRIPAL E ANTITUSSIGENO
2310,2310,INTEGRAÇÃO ONIBUS-METRO,INTEGRAÇÃO ÔNIBUS-METRÔ,2905,ANTIALÉRGICO
2311,2311,INTEGRAÇÃO TREM-METRO,INTEGRAÇÃO TREM-METRÔ,2906,VASO DILATADOR E PARA PRESSÃO ARTERIAL
2312,2312,ESTACIONAMENTO-METRO,ESTACIONAMENTO-METRÔ,2907,CALMANTE ESTIMULANTE
2313,2313,OLEO DISEL (COMBUSTIVEL),ÓLEO DIESEL,2908,PARA O FÍGADO (HEPÁTICO)
2314,2314,"BONDE,BONDINHO","BONDE, BONDINHO",2909,PARA OS RINS (RENAL)
2315,2315,PLANO INCLINADO (TRANSPORTE),PLANO INCLINADO,2910,ANTIÁCIDO
2315,2315,ELEVADOR,PLANO INCLINADO,2911,FORTIFICANTE
2316,2316,INTEGRAÇÃO TREM-ONIBUS,INTEGRAÇÃO TREM-ÔNIBUS,2912,ANTICONCEPCIONAL E HORMÔNIO
2398,2398,AGREGADO,AGREGADO 12,2913,MODERADOR DE APETITE
2400,2400,DESPESAS COM COMUNICAÇÕES,DESPESA COM ALIMENTAÇÃO FORA DE CASA,2914,PARA DIABETES
2401,2401,CORREIO,ALMOÇO E JANTAR (REFEIÇÃO),2915,DERMATOLOGICO
2401,2401,CARTAS,ALMOÇO E JANTAR (REFEIÇÃO),2916,VITAMINA (EXCETO B12)
2401,2401,TELEGRAMAS,ALMOÇO E JANTAR (REFEIÇÃO),2917,QUIMIOTERÁPICO
2401,2401,SELOS,ALMOÇO E JANTAR (REFEIÇÃO),2918,ANTIDIARREICO
2401,2401,ENCOMENDAS,ALMOÇO E JANTAR (REFEIÇÃO),2919,ANTICONVULSIVO
2401,2401,AEROGRAMA,ALMOÇO E JANTAR (REFEIÇÃO),2920,VERMIFUGO
2401,2401,ORDEM DE PAGAMENTO (CORREIO),ALMOÇO E JANTAR (REFEIÇÃO),2921,PARA GASES
2401,2401,TELEX,ALMOÇO E JANTAR (REFEIÇÃO),2922,PARA COLESTEROL
2401,2401,CAIXA POSTAL,ALMOÇO E JANTAR (REFEIÇÃO),2923,PARA OSTEOSPOROSE
2401,2401,TELEGRAMA FONADO,ALMOÇO E JANTAR (REFEIÇÃO),2924,PARA ESTRESSE
2401,2401,REEMBOLSO POSTAL,ALMOÇO E JANTAR (REFEIÇÃO),2925,PARA SISTEMA NERVOSO
2402,2402,TELEFONE PUBLICO,"LEITE, CAFÉ COM LEITE, CHOCOLATE, ETC.",2926,LAXANTE E PURGATIVO
2402,2402,FICHA TELEFONICA,"LEITE, CAFÉ COM LEITE, CHOCOLATE, ETC.",2927,ANTIREUMATICO
2402,2402,"LIGAÇÃO URBANA, INTERURBANA, INTERNACIONAL, DDD","LEITE, CAFÉ COM LEITE, CHOCOLATE, ETC.",2928,DEPURATIVO SANGUINEO
2498,2498,AGREGADO,AGREGADO 13,2929,ANTIREFLUXIVO GÁSTRICO
2500,2500,DESPESAS COM FUMO,DESPESAS COM FUMO,2930,PANCREÁTICO
2501,2501,CIGARRO COM FILTRO,CIGARRO,2931,ANSIOLÍTICO
2502,2502,CIGARRO SEM FILTRO,,2932,ANTIASMÁTICO
2503,2503,CHARUTO,CHARUTO,2933,AMINOÁCIDO
2504,2504,CIGARRILHA,CIGARRILHA,2934,VITAMINA B12
2505,2505,FUMO PARA CACHIMBO,FUMO DESFIADO,2935,SORO FISIOLÓGICO HIDRATANTE
2506,2506,FUMO PARA CIGARRO,,2936,REMÉDIO PARA VARIZES
2507,2507,FOSFORO (POF4),FÓSFOROS (FUMANTE),2937,VACINA ANTI-TETANICA
2508,2508,ISQUEIRO,,2951,MATERIAL DE CURATIVO
2509,2509,PITEIRA,PITEIRA,2952,CHUPETA OU BICO
2510,2510,FLUIDO PARA ISQUEIRO,FLUIDO DE ISQUEIRO,2953,MAMADEIRA
2511,2511,GAS PARA ISQUEIRO,GÁS DE ISQUEIRO,2954,SERINGA
2512,2512,PEDRA PARA ISQUEIRO,PEDRA DE ISQUEIRO,2955,TERMOMETRO
2513,2513,FUMO DE ROLO,FUMO DE ROLO,2956,VASELINA
2514,2514,RAPE,RAPÉ,2957,SOLUÇÃO DE LENTE DE CONTACTO
2515,2515,CIGARRO DE PALHA,CIGARRO DE PALHA,2958,SHAMPÚ MEDICINAL
2516,2516,PALHA PARA CIGARRO,PALHA DE CIGARRO,2959,COREGA
2516,2516,PAPEL PARA CIGARRO,PALHA DE CIGARRO,2960,COTONETES
2517,2517,MACONHA,MACONHA,2961,MORDEDOR DE BEBE
2517,2517,CIGARRO DE MACONHA,MACONHA,2962,SABONETE MEDICINAL
2518,2518,COCAINA,COCAINA,2963,TESTE DE GRAVIDEZ
2598,2598,AGREGADO,AGREGADO 14,2964,CANFORA
2600,2600,DESPESAS COM JOGOS E APOSTAS,DESPESAS COM JOGOS E APOSTAS,2965,UTENSILIO PARA COLETAR FEZES E URINA
2601,2601,LOTERIA ESPORTIVA,LOTERIA ESPORTIVA,2966,BOLSA DE ÁGUA QUENTE
2602,2602,LOTERIA FEDERAL E ESTADUAL,LOTERIA FEDERAL E ESTADUAL,2967,ENXOFRE
2603,2603,LOTO,LOTO,2968,APLICAÇÃO DE INJEÇÃO
2604,2604,JOGO DO BICHO,JOGO DO BICHO,2969,GARROTE DE BORRACHA
2604,2604,BICHOTECA,JOGO DO BICHO,2970,BOMBA DE TIRAR LEITE HUMANO
2605,2605,CORRIDA DE CAVALOS,CORRIDA DE CAVALOS,2971,PROTETOR DE SEIO
2606,2606,BRIGA DE GALOS,BRIGA DE GALOS,2972,CREME DENTAL MEDICINAL
2607,2607,JOGO DE CARTAS,JOGO DE CARTAS,2973,PRESERVATIVO MASCULINO
2608,2608,OUTROS JOGOS E APOSTAS,OUTROS JOGOS E APOSTAS,2974,COLÍRIO
2609,2609,RIFA,RIFA,2975,AMONEA
2610,2610,BINGO,BINGO,2976,"IODO, SALICILATO (PARA MASSAGEM)"
2698,2698,AGREGADO,AGREGADO 15,2977,GEL REDUTOR DE GORDURA
2700,2700,DESPESAS COM LEITURA,DESPESAS COM LEITURA,2978,DUCHA DE BORRACHA (PRODUTO FARMACEUTICO)
2701,2701,JORNAIS,JORNAL,2979,NENE DENTE (MEDICAMENTO PARA GENGIVA)
2702,2702,REVISTAS INFANTIL,REVISTA INFANTIL,2980,ÓLEO PARA ASSADURA
2703,2703,OUTRAS REVISTAS,OUTRAS REVISTAS,2981,LÍQUIDO PARA CONTRASTE (EXAME)
2703,2703,FOTONOVELAS,OUTRAS REVISTAS,2982,MANTEIGA DE CACAU
2703,2703,REVISTAS ESPORTIVAS,OUTRAS REVISTAS,2998,AGREGADO 18
2703,2703,REVISTAS DE MODA,OUTRAS REVISTAS,3000,DESPESAS COM ARTIGOS DE TOUCADOR
2703,2703,REVISTAS MASCULINAS,OUTRAS REVISTAS,3001,ESCOVA DE CABELO E PENTE
2703,2703,REVISTAS DE CULINARIA,OUTRAS REVISTAS,3002,PERFUME
2703,2703,REVISTAS INFORMATIVAS,OUTRAS REVISTAS,3003,TALCO
2704,2704,ALBUM DE FIGURINHAS,ALBUM E FIGURINHAS,3004,ARTIGOS DE MAQUIAGEM
2704,2704,FIGURINHAS PARA ALBUM,ALBUM E FIGURINHAS,3005,CREME DE PELE BRONZEADOR
2705,2705,FOLHETOS,FOLHETO,3006,"ESMALTE, BASE, ACETONA, LIXA, PAU DE LARANJEIRA"
2705,2705,FOLHETO MUSICAL,FOLHETO,3007,"GRAMPO, PREGADOR, BOB, TOUCA, ETC., DE CABELO"
2798,2798,AGREGADO,AGREGADO 16,3008,"ALICATE, TESOURINHA DE UNHA, CORTADOR DE UNHA, PINÇA"
2800,2800,"DESPESAS COM ARTIGOS DE PAPELARIA, LIVROS NÃO DIDATICOS E ASSINATURAS DE PERIODICOS",DESPESAS COM DIVERSÕES E ESPORTES,3009,PERUCA
2801,2801,CADERNO,CINEMA,3010,PRODUTOS DE LIMPEZA DE PELE
2802,2802,LAPIS,TEATRO,3013,ESPELHO DE BOLSO
2802,2802,BORRACHA,TEATRO,3014,PORTA-MAQUIAGEM
2802,2802,CANETA,TEATRO,3015,CERA DEPILATÓRIA
2802,2802,APONTADOR,TEATRO,3016,"ESTOJO (TALCO, SABONETE, PERFUME, ETC.)"
2802,2802,ESTOJO ESCOLAR,TEATRO,3017,PURPURINA
2802,2802,CARGA DE CANETA,TEATRO,3018,ESTOJO DE MANICURO
2803,2803,OUTROS ARTIGOS DE PAPELARIA,FUTEBOL,3019,"ESTOJO (ESPELHO, ESCOVA, PENTE)"
2803,2803,PAPEL,FUTEBOL,3020,DESODORANTE PARA OS PÉS
2803,2803,CLIPS,FUTEBOL,3021,APARELHO DE BARBEAR (EXCETO DESCARTÁVEL)
2803,2803,GRAMPO PARA GRAMPEADOR,FUTEBOL,3022,"ESTOJO (APARARELHO DE BARBEAR, SABONETEIRA, PENTE)"
2803,2803,GRAMPEADOR,FUTEBOL,3023,ESPONJA DE TALCO
2803,2803,BLOCO DE PAPEL,FUTEBOL,3024,MÁQUINA DE CORTAR CABELO
2803,2803,CARTOLINA,FUTEBOL,3098,AGREGADO 19
2803,2803,COLA,FUTEBOL,3100,DESPESAS COM SERVIÇOS PESSOAIS
2803,2803,FITA ADESIVA,FUTEBOL,3101,BARBEIRO
2803,2803,REGUA,FUTEBOL,3102,CABELEIREIRO
2803,2803,COMPASSO,FUTEBOL,3103,MANICURO E PEDICURO
2803,2803,TRANSFERIDOR,FUTEBOL,3104,SAPATEIRO
2803,2803,ESQUADRO,FUTEBOL,3105,TINTURARIA E LAVANDERIA
2803,2803,ENVELOPE,FUTEBOL,3106,LIMPEZA DE PELE
2803,2803,BANDEIRINHAS PARA FESTA,FUTEBOL,3107,ENGRAXATE
2803,2803,ENFEITES DE PAREDE PARA FESTA,FUTEBOL,3108,DEPILAÇÃO
2803,2803,CARTÃO DE ANIVERSARIO,FUTEBOL,3109,ESTETICISTA
2803,2803,CARTÃO DE VISITA,FUTEBOL,3110,"AMOLAGEM DE FACA, TESOURA, ALICATE, ETC."
2803,2803,CONVITE,FUTEBOL,3111,MAQUIAGEM
2803,2803,CARTÃO DE NATAL,FUTEBOL,3112,MASSAGEM E SAUNA
2803,2803,GRAFITE,FUTEBOL,3113,RELOJOEIRO
2803,2803,CONFETE,FUTEBOL,3114,JOALHEIRO
2803,2803,ENFEITE PARA BOLO,FUTEBOL,3115,CONSERTO DE SOMBRINHA
2803,2803,ARRANJO PARA BOLO,FUTEBOL,3116,CONSERTO DE ÓCULOS
2803,2803,ETIQUETAS,FUTEBOL,3117,COSTUREIRA
2803,2803,AGENDA,FUTEBOL,3118,"CONSERTO DE MÁQUINA FOTOGRÁFICA, FLASH"
2803,2803,FITA PARA MAQUINA DE ESCREVER,FUTEBOL,3119,PINTURA EM CAMISA
2804,2804,LIVROS NÃO DIDATICOS,"VOLEIBOL, BASQUETEBOL, ETC.",3120,CONSERTO DE BRINQUEDOS E EQUIPAMENTOS ESPORTIVOS (EXCETO CAÇA E PESCA)
2804,2804,COLEÇÃO DE LIVROS NÃO DIDATICOS,"VOLEIBOL, BASQUETEBOL, ETC.",3121,"CONSERTO DE ESQUIPAMENTOS DE CAÇA (ARMA DE FOGO, ETC.)"
2804,2804,FASCICULO,"VOLEIBOL, BASQUETEBOL, ETC.",3122,CONSERTO DE WALKMAN
2804,2804,ROMANCE (LIVRO),"VOLEIBOL, BASQUETEBOL, ETC.",3123,CHAVEIRO (CÓPIA DE CHAVE)
2804,2804,BIBLIA,"VOLEIBOL, BASQUETEBOL, ETC.",3124,"CONSERTO DE ESQUIPAMENTO DE PESCA (TARRAFA, MOLINETE, ETC.)"
2804,2804,LIVRO DE CATECISMO,"VOLEIBOL, BASQUETEBOL, ETC.",3125,VIDRACEIRO
2804,2804,CATECISMO (LIVRO),"VOLEIBOL, BASQUETEBOL, ETC.",3126,"CONSERTO DE CANETA, LAPISEIRA"
2805,2805,"ASSINATURAS DE PERIODICOS (JORNAL, REVISTA, ETC.)",CLUBE (MENSALIDADE E TAXA),3127,CONSERTO DE BARBEADOR ELÉTRICO
2805,2805,ASSINATURA DE JORNAIS,CLUBE (MENSALIDADE E TAXA),3128,"GRAVAÇÃO DE NOME EM OBJETOS PESSOAIS (CANETA, MEDALHA, ETC.)"
2805,2805,ASSINATURA DE REVISTAS,CLUBE (MENSALIDADE E TAXA),3129,CONSERTO DE CALCULADORA
2806,2806,XEROX,DISCO DE VINIL,3130,CONSERTO DE ALTO-FALANTE
2806,2806,FOTOCOPIA,DISCO DE VINIL,3131,CONSERTO DE VIOLÃO
2806,2806,COPIA XEROX,DISCO DE VINIL,3132,EMOLDURADOR DE QUADRO
2807,2807,ALBUM DE FOTOGRAFIAS,FILME E FLASH DESCARTAVEL,3133,CONSERTO DE PIANO
2808,2808,PASTA DE PLASTICO (NÃO ESCOLAR),REVELAÇÃO E CÓPIA,3135,ALFAIATE
2809,2809,MASSA PARA MODELAR,ALUGUEL DE FITA DE VIDEOCASSETE,3136,BORDADEIRA
2809,2809,MASSA DE MODELAR,ALUGUEL DE FITA DE VIDEOCASSETE,3137,CERZIDEIRA
2810,2810,FICHARIO PARA CARTAS,FITA DE VIDEOCASSETE GRAVADA,3138,FOTÓGRAFO (EXCETO DE CERIMÔNIA FAMILIARES)
2811,2811,PASTA SUSPENSA,SHOW,3139,ENCARDENAÇÃO
2898,2898,AGREGADO,AGREGADO 17,3140,CONSERTO DE LANTERNA
2900,2900,DESPESAS COM PRODUTOS FARMACEUTICOS,DESPESAS COM PRODUTOS FARMACEUTICOS,3141,TATUAGEM
2901,2901,REMEDIOS,ANTINFECCIOSO E ANTIBIÓTICO,3198,AGREGADO 20
2901,2901,XAROPE,ANTINFECCIOSO E ANTIBIÓTICO,3200,"DESPESA COM ARTGIGOS DE PAPELARIA, LIVROS NÃO DIDATICOS, ASSINATURA DE PERIODICOS)"
2901,2901,"COMPRIMIDO (ANTIGRIPAL, ANTIACIDO, ANTITERMICO, ETC.)",ANTINFECCIOSO E ANTIBIÓTICO,3201,CADERNO
2901,2901,POMADA,ANTINFECCIOSO E ANTIBIÓTICO,3202,"LAPIS, BORRACHA, CANETA, ETC."
2901,2901,ALCOOL (MEDICAMENTO) (POF4),ANTINFECCIOSO E ANTIBIÓTICO,3203,OUTROS ARTIGOS DE PAPELARIA
2901,2901,INJEÇÃO,ANTINFECCIOSO E ANTIBIÓTICO,3204,LIVRO NÃO DIDÁTICO
2901,2901,ANALGESICO (COMPRIMIDO E LIQUIDO),ANTINFECCIOSO E ANTIBIÓTICO,3205,"ASSINATURA DE PERIÓDICO INFORMATATIVO (JORNAL, REVISTA, ETC.)"
2902,2902,MATERIAL PARA CURATIVOS,ANALGÉSICO E ANTITÉRMICO,3206,FOTOCÓPIA
2902,2902,ALGODÃO,ANALGÉSICO E ANTITÉRMICO,3207,ALBUM DE FOTOGRAFIAS (EXCETO DE CERIMÔNIA FAMILIAR)
2902,2902,ATADURA,ANALGÉSICO E ANTITÉRMICO,3208,PASTA PLÁSTICA (EXCETO ESCOLAR)
2902,2902,ESPARADRAPO,ANALGÉSICO E ANTITÉRMICO,3209,MASSA DE MODELAR
2902,2902,ANTISEPTICO,ANALGÉSICO E ANTITÉRMICO,3210,FICHÁRIO DE CARTAS
2902,2902,DESINFETANTE (MEDICAMENTO),ANALGÉSICO E ANTITÉRMICO,3211,PASTA SUSPENSA
2902,2902,GAZE,ANALGÉSICO E ANTITÉRMICO,3212,PRANCHETA
2902,2902,MERCURIO CROMO,ANALGÉSICO E ANTITÉRMICO,3213,TRANSPARENCIA
2902,2902,IODO,ANALGÉSICO E ANTITÉRMICO,3298,AGREGADO 21
2903,2903,MAMADEIRAS,ANTINFLAMATÓRIO,3300,DESPESA COM BRIQUEDO E MATERIAL DE RECREAÇÃO
2904,2904,CHUPETAS OU BICOS,ANTIGRIPAL E ANTITUSSIGENO,3301,BOLA DE CRIANÇA
2904,2904,BICOS (CHUPETAS),ANTIGRIPAL E ANTITUSSIGENO,3302,"EQUIPAMENTOS ESPORTIVOS (BOLA, RAQUETE, REDE, TORNOZELEIRA, CHUTEIRA, ETC.)"
2905,2905,TERMOMETRO,ANTIALÉRGICO,3303,BONECA
2906,2906,SERINGA,VASO DILATADOR E PARA PRESSÃO ARTERIAL,3304,BRINQUEDOS E JOGOS DE ADULTOS E CRIANÇAS
2907,2907,VASELINA,CALMANTE ESTIMULANTE,3305,"PATINS, SKATES, VELOCIPEDES"
2908,2908,ANTICONCEPCIONAL DE QUALQUER TIPO,PARA O FÍGADO (HEPÁTICO),3306,BARRACA DE PRAIA
2908,2908,DIU (ANTICONCEPCIONAL),PARA O FÍGADO (HEPÁTICO),3307,ARMA DE FOGO E MUNIÇÃO (EXCETO DE CAÇA)
2908,2908,PRESERVATIVO,PARA O FÍGADO (HEPÁTICO),3308,MATERIAL DE CAÇA E PESCA
2909,2909,SOLUÇÃO PARA LENTE DE CONTACTO,PARA OS RINS (RENAL),3309,PORTE DE ARMA
2909,2909,SORO FISIOLOGICO,PARA OS RINS (RENAL),3310,REGISTRO DE ARMA
2910,2910,SHAMPOO MEDICINAL,ANTIÁCIDO,3311,CADEIRA DE PRAIA
2911,2911,COREGA,FORTIFICANTE,3312,CELA DE CAVALO (RECREÇÃO)
2911,2911,FIXADOR DE DENTADURA,FORTIFICANTE,3313,BICICLETA DE GINÁSTICA
2912,2912,COTONETE,ANTICONCEPCIONAL E HORMÔNIO,3314,PORTA-PATINS
2913,2913,MORDEDOR PARA BEBE,MODERADOR DE APETITE,3315,ESTEIRA DE GINÁSTICA
2913,2913,BORRACHA PARA MORDER,MODERADOR DE APETITE,3316,MINIGAME E AGENDA ELETRÔNICA INFANTIL
2913,2913,BORRACHA PARA DENTIÇÃO DE BEBE,MODERADOR DE APETITE,3317,KIT CARNAVALESCO
2913,2913,MORDEDOR PARA DENTIÇÃO DE BEBE,MODERADOR DE APETITE,3318,LICENÇA DE CAÇA E PESCA
2914,2914,SABONETE MEDICINAL,PARA DIABETES,3319,REMO SECO (APARELHO DE GINÁSTICA)
2914,2914,SABONETE PARA PIOLHOS,PARA DIABETES,3320,SOFTWARE DE JOGO
2914,2914,SABONETE ANTI-ALERGICO,PARA DIABETES,3321,ESTEPE (APARELHO DE GINÁSTICA)
2915,2915,TESTE DE GRAVIDEZ,DERMATOLOGICO,3398,AGREGADO 22
2916,2916,CANFORA,VITAMINA (EXCETO B12),3400,DESPESAS COM ROUPAS DE HOMEN
2917,2917,UTENSILIOS PARA COLETAR FEZES E URINA,QUIMIOTERÁPICO,3401,"AGASALHO (CASACO, SUETER, ETC.) (HOMEM)"
2918,2918,BOLSA DE AGUA QUENTE,ANTIDIARREICO,3402,"BERMUDA, CALÇÃO, SHORT E SUNGA (HOMEM)"
2998,2998,AGREGADO,AGREGADO 18,3403,CALÇA COMPRIDA (HOMEM)
3000,3000,DESPESAS COM ARTIGOS DE TOUCADOR,DESPESAS COM ARTIGOS DE TOUCADOR,3404,CAMISA (HOMEM)
3001,3001,ESCOVA DE CABELOS E PENTE,ESCOVA DE CABELO E PENTE,3405,CAMISETA (HOMEM)
3001,3001,PENTE,ESCOVA DE CABELO E PENTE,3406,CONJUNTO ESPÓRTIVO (HOMEM)
3002,3002,PERFUME,PERFUME,3407,CUECA (HOMEM)
3002,3002,AGUA DE COLONIA,PERFUME,3408,GRAVATA (HOMEM)
3002,3002,LAVANDA,PERFUME,3409,LENÇO (HOMEM)
3002,3002,LEITE DE COLONIA,PERFUME,3410,MACACÃO (HOMEM)
3002,3002,LEITE DE ROSAS,PERFUME,3411,MEIAS (HOMEM)
3002,3002,COLONIA,PERFUME,3412,PALETÓ E BLAZER (HOMEM)
3003,3003,TALCO,TALCO,3413,PIJAMA E ROBE (HOMEM)
3004,3004,ARTIGOS PARA MAQUIAGEM,ARTIGOS DE MAQUIAGEM,3414,TERNO (HOMEM)
3004,3004,CILIO POSTIÇO,ARTIGOS DE MAQUIAGEM,3415,COLETE (HOMEM)
3004,3004,UNHA POSTIÇA,ARTIGOS DE MAQUIAGEM,3416,GORRO (HOMEM)
3005,3005,CREME PARA PELE E BRONZEADOR,CREME DE PELE BRONZEADOR,3417,"LUVA DE COURO, MALHA, TECIDO (HOMEM)"
3005,3005,BRONZEADOR,CREME DE PELE BRONZEADOR,3418,ALUGUEL DE ROUPA (HOMEM)
3005,3005,LOÇÃO PARA PELE,CREME DE PELE BRONZEADOR,3419,FARDAMENTO MILITAR (HOMEM)
3005,3005,MASCARA DE BELEZA,CREME DE PELE BRONZEADOR,3420,CAPA DE CHUVA (HOMEM)
3005,3005,CREME PARA MÃOS,CREME DE PELE BRONZEADOR,3421,SLACK (HOMEM)
3005,3005,OLEO PARA PELE,CREME DE PELE BRONZEADOR,3422,CAMISA (UNIFORME DE ESPORTE) (HOMEM)
3006,3006,"ESMALTE, BASE, ACETONA, LIXA, PAU DE LARANJEIRA","ESMALTE, BASE, ACETONA, LIXA, PAU DE LARANJEIRA",3423,CALÇÃO (UNIFORME DE ESPORTE) (HOMEM)
3006,3006,BASE,"ESMALTE, BASE, ACETONA, LIXA, PAU DE LARANJEIRA",3424,MEIÃO (UNIFORME DE ESPORTE) (HOMEM)
3006,3006,ACETONA,"ESMALTE, BASE, ACETONA, LIXA, PAU DE LARANJEIRA",3425,FANTASIA (HOMEM)
3006,3006,LIXA,"ESMALTE, BASE, ACETONA, LIXA, PAU DE LARANJEIRA",3426,MACACÃO DE MOTOQUEIRO (HOMEM)
3006,3006,ESCOVA PARA UNHA,"ESMALTE, BASE, ACETONA, LIXA, PAU DE LARANJEIRA",3427,CONJUNTO DE CALÇA E CAMISA (HOMEM)
3006,3006,PAU DE LARANJEIRA PARA UNHA,"ESMALTE, BASE, ACETONA, LIXA, PAU DE LARANJEIRA",3428,CONJUNTO DE SHORT E CAMISA (HOMEM)
3006,3006,RALADOR DE PE,"ESMALTE, BASE, ACETONA, LIXA, PAU DE LARANJEIRA",3429,SMOKING (HOMEM)
3006,3006,REMOVEDOR DE CUTICULA,"ESMALTE, BASE, ACETONA, LIXA, PAU DE LARANJEIRA",3430,QUIMONO (HOMEM)
3007,3007,GRAMPO PARA CABELO,"GRAMPO, PREGADOR, BOB, TOUCA, ETC., DE CABELO",3431,CONJUNTO DE CALÇA E JAQUETA (HOMEM)
3007,3007,BOB PARA CABELO,"GRAMPO, PREGADOR, BOB, TOUCA, ETC., DE CABELO",3432,UNIFORME DE TRABALHO (HOMEM)
3007,3007,TOUCA PARA CABELO,"GRAMPO, PREGADOR, BOB, TOUCA, ETC., DE CABELO",3433,FAIXA DE SMOKING (HOMEM)
3007,3007,REDE PARA CABELO,"GRAMPO, PREGADOR, BOB, TOUCA, ETC., DE CABELO",3434,GUARDA-CHUVA (HOMEM)
3007,3007,PREGADOR PARA CABELO,"GRAMPO, PREGADOR, BOB, TOUCA, ETC., DE CABELO",3435,CHAPÉU (HOMEM)
3007,3007,PRENDEDOR DE CABELO,"GRAMPO, PREGADOR, BOB, TOUCA, ETC., DE CABELO",3436,BONÉ E VISEIRA (HOMEM)
3008,3008,ALICATE PARA UNHA,"ALICATE, TESOURINHA DE UNHA, CORTADOR DE UNHA, PINÇA",3437,BATA (HOMEM)
3008,3008,PINÇA,"ALICATE, TESOURINHA DE UNHA, CORTADOR DE UNHA, PINÇA",3498,AGREGADO 23
3008,3008,CORTADOR DE UNHA,"ALICATE, TESOURINHA DE UNHA, CORTADOR DE UNHA, PINÇA",3500,DESPESAS COM ROUPAS DE MULHER
3009,3009,PERUCA,PERUCA,3501,"AGASALHO (CASACO, SUETER, ETC.) (MULHER)"
3010,3010,PRODUTOS PARA LIMPEZA DE PELE,PRODUTOS DE LIMPEZA DE PELE,3502,BERMUDA E SHORT (MULHER)
3010,3010,SABONETE PARA LIMPEZA DE PELE,PRODUTOS DE LIMPEZA DE PELE,3503,BLUSA (MULHER)
3011,3011,USO DIORF (PRODUTOS PARA BANHO - USO PESSOAL),,3504,CALÇA COMPRIDA (MULHER)
3012,3012,USO DIORF (PRODUTOS PARA CABELO - USO PESSOAL),,3505,CALCINHA E SUTIÃ (MULHER)
3012,3012,LOÇÃO TONICA OU TONIFICANTE,,3506,CAMISETA E COLLANT (MULHER)
3012,3012,OLEO PARA CABELO,,3507,"CAMISOLA, PIJAMA E ROBE (MULHER)"
3013,3013,ESPELHO DE BOLSO,ESPELHO DE BOLSO,3508,CONJUNTO ESPORTIVO (MULHER)
3014,3014,PORTA-MAQUILAGEM,PORTA-MAQUIAGEM,3509,LENÇO DE CABEÇA (MULHER)
3015,3015,CERA DEPILATORIA,CERA DEPILATÓRIA,3510,MACACÃO (MULHER)
3016,3016,"ESTOJO (PERFUME, SABONETE, TALCO, ETC.)","ESTOJO (TALCO, SABONETE, PERFUME, ETC.)",3511,MAIÔ E BIQUINI (MULHER)
3016,3016,"PERFUME, SABONETE, TALCO, ETC. (ESTOJO)","ESTOJO (TALCO, SABONETE, PERFUME, ETC.)",3512,MEIAS (MULHER)
3017,3017,PURPURINA,PURPURINA,3513,SAIA (MULHER)
3018,3018,ESTOJO PARA MANICURO,ESTOJO DE MANICURO,3514,VESTIDO (MULHER)
3098,3098,AGREGADO,AGREGADO 19,3515,LENCINHO (MULHER)
3100,3100,DESPESAS COM SERVIÇOS PESSOAIS,DESPESAS COM SERVIÇOS PESSOAIS,3516,"LUVA DE COURO, MALHA, TECIDO (MULHER)"
3101,3101,BARBEIRO,BARBEIRO,3517,COMBINAÇÃO (MULHER)
3102,3102,CABELEIREIRO,CABELEIREIRO,3518,GORRO (MULHER)
3103,3103,MANICURO E PEDICURO,MANICURO E PEDICURO,3519,ALUGUEL DE ROUPA (MULHER)
3103,3103,PEDICURO,MANICURO E PEDICURO,3520,CINTA (MULHER)
3103,3103,CALISTA,MANICURO E PEDICURO,3521,SAIDA DE PRAIA (MULHER)
3104,3104,SAPATEIRO,SAPATEIRO,3522,PONCHO DE LÃ (MULHER)
3104,3104,CONSERTO DE SAPATO,SAPATEIRO,3523,CAPA DE CHUVA (MULHER)
3104,3104,CONSERTO DE CHINELO,SAPATEIRO,3524,SLACK (MULHER)
3104,3104,CONSERTO DE BOLSA,SAPATEIRO,3525,"VESTIMENTO DE NOIVA (VESTIDO, GRINALDA) (MULHER)"
3105,3105,TINTURARIA E LAVANDERIA,TINTURARIA E LAVANDERIA,3526,CAMISA (UNIFORME DE ESPORTE) (MULHER)
3105,3105,LAVANDERIA,TINTURARIA E LAVANDERIA,3527,CALÇÃO (UNIFORME DE ESPORTE) (MULHER)
3106,3106,LIMPEZA DE PELE,LIMPEZA DE PELE,3528,MEIÃO (UNIFORME DE ESPORTE) (MULHER)
3107,3107,ENGRAXATE,ENGRAXATE,3529,FANTASIA (MULHER)
3108,3108,DEPILAÇÃO,DEPILAÇÃO,3530,BUSTIE (MULHER)
3109,3109,ESTETICISTA,ESTETICISTA,3531,MACACÃO DE MOTOQUEIRO (MULHER)
3110,3110,"AMOLAGEM DE FACA, TESOURA, ALICATE, ETC.","AMOLAGEM DE FACA, TESOURA, ALICATE, ETC.",3532,POLAINAS (MULHER)
3110,3110,SERVIÇO DE CUTELARIA,"AMOLAGEM DE FACA, TESOURA, ALICATE, ETC.",3533,CONJUNTO DE SAIA E BLUSA (MULHER)
3111,3111,MAQUIAGEM (SERVIÇO),MAQUIAGEM,3534,CONJUNTO DE SHORT E BLUSA (MULHER)
3112,3112,MASSAGEM E SAUNA,MASSAGEM E SAUNA,3535,BLAZER (MULHER)
3112,3112,SAUNA,MASSAGEM E SAUNA,3536,CONJUNTO DE SAIA E BLAZER (MULHER)
3113,3113,RELOJOEIRO,RELOJOEIRO,3537,TERNO OU TERNINHO (MULHER)
3113,3113,CONSERTO DE RELOGIO,RELOJOEIRO,3538,MACAQUITO (MULHER)
3114,3114,JOALHEIRO,JOALHEIRO,3539,CONJUNTO DE CALÇA E BLUSA (MULHER)
3114,3114,CONSERTO DE JOIAS,JOALHEIRO,3540,LENÇO DE PESCOÇO (MULHER)
3114,3114,OURIVES (CONSERTO DE JOIAS),JOALHEIRO,3541,CALÇA PLÁSTICA (MULHER)
3115,3115,CONSERTO DE SOMBRINHA,CONSERTO DE SOMBRINHA,3542,UNIFORME DE TRABALHO (MULHER)
3116,3116,CONSERTO DE OCULOS,CONSERTO DE ÓCULOS,3543,COLETE (MULHER)
3117,3117,"COSTUREIRO, ALFAIATE, BORDADEIRA",COSTUREIRA,3544,CONJUNTO DE CALÇA E JAQUETA (MULHER)
3117,3117,ALFAIATE,COSTUREIRA,3545,CONJUNTO DE SAIA E JAQUETA (MULHER)
3117,3117,BORDADEIRA,COSTUREIRA,3546,QUIMONO (MULHER)
3117,3117,PLISSADEIRA,COSTUREIRA,3547,GRAVATA (MULHER)
3118,3118,"CONSERTO DE MAQUINA FOTOGRAFICA,FLASH","CONSERTO DE MÁQUINA FOTOGRÁFICA, FLASH",3548,CALÇA DE CAPÓEIRA (ABADA) (MULHER)
3118,3118,CONSERTO DE FLASH,"CONSERTO DE MÁQUINA FOTOGRÁFICA, FLASH",3549,SAIA-CALÇA (MULHER)
3119,3119,PINTURA EM CAMISA,PINTURA EM CAMISA,3550,SOMBRINHA (MULHER)
3120,3120,CONSERTO DE BRINQUEDOS E EQUIPAMENTOS ESPORTIVOS (EXCETO CAÇA E PESCA),CONSERTO DE BRINQUEDOS E EQUIPAMENTOS ESPORTIVOS (EXCETO CAÇA E PESCA),3551,CHÁPEU (MULHER)
3121,3121,"CONSERTO DE EQUIPAMENTOS DE CAÇA (ARMA DE FOGO, ETC.)","CONSERTO DE ESQUIPAMENTOS DE CAÇA (ARMA DE FOGO, ETC.)",3552,BONÉ E VISEIRA (MULHER)
3122,3122,CONSERTO DE WALKMAN,CONSERTO DE WALKMAN,3598,AGREGADO (MULHER)
3123,3123,CHAVEIRO (COPIA DE CHAVE),CHAVEIRO (CÓPIA DE CHAVE),3600,DESPESAS COM ROUPAS DE CRIANÇA ATE 14 ANOS
3123,3123,COPIA DE CHAVE,CHAVEIRO (CÓPIA DE CHAVE),3601,"AGASALHO (CASACO, SUETER, ETC.) (CRIANÇA)"
3124,3124,"CONSERTO DE EQUIPAMENTOS DE PESCA (TARRAFA, MOLINETE, ETC.)","CONSERTO DE ESQUIPAMENTO DE PESCA (TARRAFA, MOLINETE, ETC.)",3602,BERMUDA E SHORT (CRIANÇA)
3125,3125,VIDRACEIRO (SERVIÇO PESSOAL),VIDRACEIRO,3603,BLUSA OU CAMISA (CRIANÇA)
3126,3126,"CONSERTO DE CANETA,LAPISEIRA","CONSERTO DE CANETA, LAPISEIRA",3604,CALÇA COMPRIDA (CRIANÇA)
3198,3198,AGREGADO,AGREGADO 20,3605,"CALÇÃO, SUNGA, MAIO, BIQUINI, TANGA (CRIANÇA)"
3200,3200,DESPESAS COM DIVERSÕES E ESPORTES,"DESPESA COM ARTGIGOS DE PAPELARIA, LIVROS NÃO DIDATICOS, ASSINATURA DE PERIODICOS)",3606,CALCINHA E SUTIÃ (CRIANÇA)
3201,3201,CINEMA,CADERNO,3607,CAMISETA E COLLANT (CRIANÇA)
3202,3202,TEATRO,"LAPIS, BORRACHA, CANETA, ETC.",3608,"CAMISOLA, PIJAMA E ROBE (CRIANÇA)"
3202,3202,DANÇA CLASSICA,"LAPIS, BORRACHA, CANETA, ETC.",3609,CONJUNTO ESPORTIVO (CRIANÇA)
3202,3202,OPERA,"LAPIS, BORRACHA, CANETA, ETC.",3610,CUECA (CRIANÇA)
3203,3203,FUTEBOL,OUTROS ARTIGOS DE PAPELARIA,3611,FRALDA DESCARTÁVEL (CRIANÇA)
3204,3204,"VOLEIBOL, BASQUETEBOL, ETC.",LIVRO NÃO DIDÁTICO,3612,FRALDA DE TECIDO (CRIANÇA)
3204,3204,BASQUETEBOL,LIVRO NÃO DIDÁTICO,3613,MACACÃO (CRIANÇA)
3204,3204,FUTEBOL DE SALÃO,LIVRO NÃO DIDÁTICO,3614,MEIAS (CRIANÇA)
3204,3204,CORRIDA AUTOMOBILISTICA,LIVRO NÃO DIDÁTICO,3615,"PALETÓ, BLAZER, E TERNO (CRIANÇA)"
3204,3204,TENIS (INGRESSO),LIVRO NÃO DIDÁTICO,3616,SAIA (CRIANÇA)
3205,3205,"CLUBE (MENSALIDADE, TAXA)","ASSINATURA DE PERIÓDICO INFORMATATIVO (JORNAL, REVISTA, ETC.)",3617,VESTIDO (CRIANÇA)
3205,3205,VIDEO CLUBE (TAXA),"ASSINATURA DE PERIÓDICO INFORMATATIVO (JORNAL, REVISTA, ETC.)",3618,OUTRAS ROUPAS DE BEBE (CRIANÇA)
3205,3205,ASSOCIAÇÃO RECREATIVA,"ASSINATURA DE PERIÓDICO INFORMATATIVO (JORNAL, REVISTA, ETC.)",3619,LENÇO (CRIANÇA)
3206,3206,DISCO E FITA,FOTOCÓPIA,3620,ANÁGUA (CRIANÇA)
3206,3206,FITA CASSETE,FOTOCÓPIA,3621,COMBINAÇÃO (CRIANÇA)
3207,3207,FILME E FLASH DESCARTAVEL,ALBUM DE FOTOGRAFIAS (EXCETO DE CERIMÔNIA FAMILIAR),3622,GORRO (CRIANÇA)
3207,3207,FLASH DESCARTAVEL,ALBUM DE FOTOGRAFIAS (EXCETO DE CERIMÔNIA FAMILIAR),3623,SAIA DE PRAIA (CRIANÇA)
3208,3208,REVELAÇÃO E COPIA,PASTA PLÁSTICA (EXCETO ESCOLAR),3624,"LUVA DE COURO, MALHA, TECIDO (CRIANÇA)"
3208,3208,COPIA DE FILME,PASTA PLÁSTICA (EXCETO ESCOLAR),3625,CONJUNTO DE SHORT E BLUSA OU CAMISA (CRIANÇA)
3209,3209,ALUGUEL DE FITAS PARA VIDEO-CASSETE E VIDEO-GAME,MASSA DE MODELAR,3626,CAPA DE CHUVA (CRIANÇA)
3210,3210,COMPRA DE FITAS PARA VIDEO-CASSETE E VIDEO-GAME,FICHÁRIO DE CARTAS,3627,ALUGUEL DE ROUPA (CRIANÇA)
3211,3211,SHOW,PASTA SUSPENSA,3628,LENÇO DE CABEÇA (CRIANÇA)
3212,3212,PARQUE DE DIVERSÕES,PRANCHETA,3629,CAMISA (UNIFORME DE ESPORTE) (CRIANÇA)
3213,3213,JARDIM ZOOLOGICO,TRANSPARENCIA,3630,CALÇÃO (UNIFORME DE ESPORTE) (CRIANÇA)
3214,3214,MUSEU,,3631,MEIÃO (UNIFORME DE ESPORTE) (CRIANÇA)
3215,3215,JOGOS ELETRONICOS (FICHAS),,3632,FANTASIA (CRIANÇA)
3215,3215,FLIPERAMA (FICHAS),,3633,BUSTIE (CRIANÇA)
3216,3216,LOCAÇÃO DE CHARRETE PARA PASSEIO,,3634,CONJUNTO DE SAIA E BLUSA OU CAMISA (CRIANÇA)
3216,3216,LOCAÇÃO DE CAVALOS PARA PASSEIO,,3635,CONJUNTO DE CALÇA E BLUSA OU CAMISA (CRIANÇA)
3216,3216,ALUGUEL DE CHARRETE PARA PASSEIO,,3636,QUIMONO (CRIANÇA)
3216,3216,ALUGUEL DE CAVALO PARA PASSEIO,,3637,CONJUNTO DE CALÇA E JAQUETA (CRIANÇA)
3216,3216,ALUGUEL DE BICICLETA PARA PASSEIO,,3638,PONCHO (CRIANÇA)
3216,3216,LOCAÇÃO DE BICICLETA PARA PASSEIO,,3639,MACAQUITO (CRIANÇA)
3216,3216,ALUGUEL DE BOTE PARA PASSEIO,,3640,GRAVATA (CRIANÇA)
3216,3216,LOCAÇÃO DE BOTE PARA PASSEIO,,3641,POLAINAS (CRIANÇA)
3217,3217,ALUGUEL DE QUADRA E CAMPO,,3642,COLETE (CRIANÇA)
3218,3218,EXPOSIÇÃO (INGRESSO),,3643,GRINALDA (CRIANÇA)
3219,3219,CIRCO,,3644,SLACK (CRIANÇA)
3220,3220,BOITE,,3645,CONJUNTO DE SAIA E JAQUETA (CRIANÇA)
3221,3221,"SINUCA, TOTO, ,BOLICHE (FICHAS)",,3646,ENFEITE DE CABELO (CRIANÇA)
3222,3222,FOGOS E ARTEFATOS JUNINOS,,3647,GUARDA-CHUVA E SOMBRINHA (CRIANÇA)
3223,3223,BAR OU BARZINHO (COUVERT ARTISTICO),,3648,BONÉ E VISEIRA (CRIANÇA)
3224,3224,"CLUBE (INGRESSO PARA BAILE, FESTA, ETC.)",,3649,ENXOVAL DE BEBE
3225,3225,MOTEL,,3650,CHÁPEU (CRIANÇA)
3226,3226,DANCETERIA,,3651,UNIFORME DE BALE (CRIANÇA)
3226,3226,DISCOTECA,,3652,UNIFORME PARA CORAL DE IGREJA (CRIANÇA)
3227,3227,KARAOKE,,3698,AGREGADO (CRIANÇA)
3228,3228,"ALUGUEL DE CLUBE, TEATRO, ETC. PARA SHOW",,3700,"DESPESA COM ARTIGOS DE ARMARINHO, TECIDOS E ROUPAS DE BANHO CAMA E MESA"
3228,3228,"LOCAÇÃO DE CLUBE, TEATRO, ETC. PARASHOW",,3701,ARTIGOS DE ARMARINHO
3229,3229,PROSTITUTA,,3702,TECIDOS
3230,3230,PIC-NIC (TAXA),,3703,ROUPA DE BANHO (TOALHAS DE BANHO E ROSTO)
3230,3230,TAXA DE PIC-NIC,,3704,"ROUPA DE CAMA (LENÇOL, FRONHA, COBERTOR, ETC.)"
3231,3231,TAXA DE SALTO (PARAQUEDISMO),,3705,"ROUPA DE MESA DE TECIDO (TOALHA, PANO DE PRATO, GUARDANAPO, ETC.)"
3231,3231,PARAQUEDISMO (TAXA DE SALTO),,3706,"ROUPA DE MESA DE PLASTICO (TOALHA, PANO DE CENTRO, ETC.)"
3298,3298,AGREGADO,AGREGADO 21,3707,LEQUE
3300,3300,DESPESAS COM BRINQUEDOS E MATERIAL DE RECREAÇÃO,DESPESA COM BRIQUEDO E MATERIAL DE RECREAÇÃO,3708,TINTA DE TECIDO
3301,3301,BOLA PARA CRIANÇA,BOLA DE CRIANÇA,3710,ACORTINADO (CORTINADO)
3302,3302,"BOLA,RAQUETE E OUTROS EQUIPAMENTOS PARA ESPORTE","EQUIPAMENTOS ESPORTIVOS (BOLA, RAQUETE, REDE, TORNOZELEIRA, CHUTEIRA, ETC.)",3711,"ENCHEMENTO DE ALMOFADA, TRAVESSEIRO, ETC."
3302,3302,RAQUETE,"EQUIPAMENTOS ESPORTIVOS (BOLA, RAQUETE, REDE, TORNOZELEIRA, CHUTEIRA, ETC.)",3712,REVESTIMENTO DE TÁBUA DE PASSAR ROUPA
3302,3302,BOLA DE TENIS,"EQUIPAMENTOS ESPORTIVOS (BOLA, RAQUETE, REDE, TORNOZELEIRA, CHUTEIRA, ETC.)",3713,"AVENTAL, LUVA, ETC. PARA SERVIÇOS DOMÉSTICOS"
3302,3302,BOLA DE PING-PONG,"EQUIPAMENTOS ESPORTIVOS (BOLA, RAQUETE, REDE, TORNOZELEIRA, CHUTEIRA, ETC.)",3714,OMBREIRA
3302,3302,REDE DE VOLEIBOL,"EQUIPAMENTOS ESPORTIVOS (BOLA, RAQUETE, REDE, TORNOZELEIRA, CHUTEIRA, ETC.)",3715,PLÁSTICO
3302,3302,EQUIPAMENTO PARA ESPORTE,"EQUIPAMENTOS ESPORTIVOS (BOLA, RAQUETE, REDE, TORNOZELEIRA, CHUTEIRA, ETC.)",3716,LENÇOL DESCARTÁVEL
3302,3302,BOLA DE SINUCA,"EQUIPAMENTOS ESPORTIVOS (BOLA, RAQUETE, REDE, TORNOZELEIRA, CHUTEIRA, ETC.)",3717,PUNHO DE REDE
3302,3302,TORNOZELEIRA PARA ESPORTE,"EQUIPAMENTOS ESPORTIVOS (BOLA, RAQUETE, REDE, TORNOZELEIRA, CHUTEIRA, ETC.)",3718,NAPA
3302,3302,CHUTEIRA,"EQUIPAMENTOS ESPORTIVOS (BOLA, RAQUETE, REDE, TORNOZELEIRA, CHUTEIRA, ETC.)",3719,COURO
3302,3302,SAPATILHA DE GINASTICA,"EQUIPAMENTOS ESPORTIVOS (BOLA, RAQUETE, REDE, TORNOZELEIRA, CHUTEIRA, ETC.)",3720,PROTETOR DE COLCHÃO
3302,3302,OCULOS PARA NATAÇÃO,"EQUIPAMENTOS ESPORTIVOS (BOLA, RAQUETE, REDE, TORNOZELEIRA, CHUTEIRA, ETC.)",3721,TINTA DE CALÇADO
3302,3302,TOUCA PARA NATAÇÃO,"EQUIPAMENTOS ESPORTIVOS (BOLA, RAQUETE, REDE, TORNOZELEIRA, CHUTEIRA, ETC.)",3722,PÉ-DE-COELHO
3302,3302,STRAP,"EQUIPAMENTOS ESPORTIVOS (BOLA, RAQUETE, REDE, TORNOZELEIRA, CHUTEIRA, ETC.)",3723,TRAVESSEIRO
3302,3302,CANELEIRA (FUTEBOL),"EQUIPAMENTOS ESPORTIVOS (BOLA, RAQUETE, REDE, TORNOZELEIRA, CHUTEIRA, ETC.)",3724,"ENXOVAL (ROUPAS DE CAMA, MESA, BANHO)"
3302,3302,PE-DE-PATO,"EQUIPAMENTOS ESPORTIVOS (BOLA, RAQUETE, REDE, TORNOZELEIRA, CHUTEIRA, ETC.)",3725,ESPUMA DE COLCHÃO
3303,3303,BONECA,BONECA,3726,PRENDEDOR DE CHUPETA
3304,3304,BRINQUEDOS E JOGOS PARA ADULTOS E CRIANÇAS,BRINQUEDOS E JOGOS DE ADULTOS E CRIANÇAS,3798,AGREGADO 39
3304,3304,JOGO DE ARMAR,BRINQUEDOS E JOGOS DE ADULTOS E CRIANÇAS,3800,"DESPESAS COM BOLSAS, CALÇADOS E CINTOS"
3304,3304,JOGO EDUCATIVO,BRINQUEDOS E JOGOS DE ADULTOS E CRIANÇAS,3801,BOLSA E CARTEIRA DE HOMEM
3304,3304,JOGO PARA ADULTO E CRIANÇA,BRINQUEDOS E JOGOS DE ADULTOS E CRIANÇAS,3802,BOLSA E CARTEIRA DE MULHER
3304,3304,DAMA,BRINQUEDOS E JOGOS DE ADULTOS E CRIANÇAS,3803,FRASQUEIRA
3304,3304,XADREZ,BRINQUEDOS E JOGOS DE ADULTOS E CRIANÇAS,3804,VALISE
3304,3304,BARALHO,BRINQUEDOS E JOGOS DE ADULTOS E CRIANÇAS,3805,MALA
3304,3304,QUEBRA-CABEÇA,BRINQUEDOS E JOGOS DE ADULTOS E CRIANÇAS,3806,SANDALIA DE CRIANÇA (EXCETO DE BORRACHA OU PLASTICO)
3304,3304,CARRINHO DE BRINQUEDO,BRINQUEDOS E JOGOS DE ADULTOS E CRIANÇAS,3807,SANDALIA DE HOMEM (EXCETO DE BORRACHA OU PLASTICO)
3304,3304,CARRO DE BRINQUEDO,BRINQUEDOS E JOGOS DE ADULTOS E CRIANÇAS,3808,SANDALIA DE MULHER (EXCETO DE BORRACHA OU PLASTICO)
3304,3304,MESA DE SINUCA,BRINQUEDOS E JOGOS DE ADULTOS E CRIANÇAS,3809,"SANDALIA DE BORRACHA DE CRIANÇA, HOMEN, MULHER"
3304,3304,MESA DE TOTO,BRINQUEDOS E JOGOS DE ADULTOS E CRIANÇAS,3810,SANDALIA E SAPATO DE PLÁSTICO DE CRIANÇA
3304,3304,MESA DE PING-PONG,BRINQUEDOS E JOGOS DE ADULTOS E CRIANÇAS,3811,SANDALIA E SAPATO DE PLÁSTICO DE MULHER
3304,3304,JOGO DE MONTAR,BRINQUEDOS E JOGOS DE ADULTOS E CRIANÇAS,3812,SAPATO E BOTA DE CRIANÇA (EXCETO DE PLÁSTICO)
3304,3304,QUADRO NEGRO,BRINQUEDOS E JOGOS DE ADULTOS E CRIANÇAS,3813,SAPATO E BOTA DE HOMEM
3304,3304,BEXIGA,BRINQUEDOS E JOGOS DE ADULTOS E CRIANÇAS,3814,SAPATO E BOTA DE MULHER (EXCETO DE PLASTICO)
3304,3304,BOLA DE SOPRAR,BRINQUEDOS E JOGOS DE ADULTOS E CRIANÇAS,3815,TENIS DE CRIANÇA
3304,3304,BALÃO,BRINQUEDOS E JOGOS DE ADULTOS E CRIANÇAS,3816,TENIS DE HOMEM E MULHER
3304,3304,BALÃO DE GAS,BRINQUEDOS E JOGOS DE ADULTOS E CRIANÇAS,3817,CINTO DE HOMEM
3304,3304,CHAPEUZINHO DE PAPEL,BRINQUEDOS E JOGOS DE ADULTOS E CRIANÇAS,3818,CINTO DE MULHER
3304,3304,MOTO DE BRINQUEDO,BRINQUEDOS E JOGOS DE ADULTOS E CRIANÇAS,3819,CHINELO
3304,3304,XIQUE-XIQUE,BRINQUEDOS E JOGOS DE ADULTOS E CRIANÇAS,3820,TAMANCO
3304,3304,PIPA,BRINQUEDOS E JOGOS DE ADULTOS E CRIANÇAS,3821,CINTO DE CRIANÇA
3304,3304,URSO DE PELUCIA,BRINQUEDOS E JOGOS DE ADULTOS E CRIANÇAS,3822,SUSPENSÓRIO
3305,3305,"PATINS, SKATES, VELOCIPEDES, ETC.","PATINS, SKATES, VELOCIPEDES",3823,BOLSA DE CRIANÇA
3305,3305,SKATE,"PATINS, SKATES, VELOCIPEDES",3824,SAPATINHO DE BEBE (EXCETO DE LÃ)
3305,3305,VELOCIPEDE,"PATINS, SKATES, VELOCIPEDES",3825,MOCHILA (EXCETO ESCOLAR)
3305,3305,PRANCHA DE SURF,"PATINS, SKATES, VELOCIPEDES",3826,ALPARGATA DE HOMEM
3305,3305,MOREY BOGGIES (PRANCHA DE SURF),"PATINS, SKATES, VELOCIPEDES",3827,ALPARGATA DE MULHER
3305,3305,BODY BOARDING (PRANCHA DE SURF),"PATINS, SKATES, VELOCIPEDES",3828,ALPARGATA DE CRIANÇA
3306,3306,BARRACA DE PRAIA,BARRACA DE PRAIA,3829,"ALUGUEL DE BOLSA, CALÇADO, CINTO, CHAPEU, LUVA, ETC."
3307,3307,ARMAS DE FOGO E MUNIÇÃO (NÃO PARA CAÇA),ARMA DE FOGO E MUNIÇÃO (EXCETO DE CAÇA),3830,SAPATILHA
3307,3307,ESPINGARDA,ARMA DE FOGO E MUNIÇÃO (EXCETO DE CAÇA),3832,SANDÁLIA E SAPATO DE PLÁSTICO DE HOMEM
3307,3307,REVOLVER,ARMA DE FOGO E MUNIÇÃO (EXCETO DE CAÇA),3833,"GALOCHA DE CRIANÇA, HOMEM E MULHER"
3307,3307,PISTOLA,ARMA DE FOGO E MUNIÇÃO (EXCETO DE CAÇA),3834,BOTA DE PLÁSTICO DE CRIANÇA
3307,3307,MAUSA,ARMA DE FOGO E MUNIÇÃO (EXCETO DE CAÇA),3835,PORTA-NIQUEIS
3307,3307,RIFLE,ARMA DE FOGO E MUNIÇÃO (EXCETO DE CAÇA),3836,SACOLA DE BEBE
3307,3307,CARABINA,ARMA DE FOGO E MUNIÇÃO (EXCETO DE CAÇA),3837,SACOLA DE VIAGEM
3307,3307,MUNIÇÃO PARA ARMA DE FOGO (NÃO PARA CAÇA),ARMA DE FOGO E MUNIÇÃO (EXCETO DE CAÇA),3838,"CARRINHO DE CARREGAR MALA, VALISE, ETC."
3308,3308,MATERIAL DE CAÇA E PESCA,MATERIAL DE CAÇA E PESCA,3898,AGREGADO 40
3308,3308,ESPINGARDA PARA CAÇA,MATERIAL DE CAÇA E PESCA,3900,"DESPESAS COM UTENSILIOS AVULSOS E ARTIGOS.DE BANHEIRO, COPA E COZINHA"
3308,3308,ARMA PARA CAÇA,MATERIAL DE CAÇA E PESCA,3901,COPO DE VIDRO
3308,3308,RIFLE PARA CAÇA,MATERIAL DE CAÇA E PESCA,3902,PRATO DE LOUÇA
3308,3308,CARABINA PARA CAÇA,MATERIAL DE CAÇA E PESCA,3903,TRAVESSA DE VIDRO OU LOUÇA
3308,3308,MUNIÇÃO PARA ARMA DE FOGO (PARA CAÇA),MATERIAL DE CAÇA E PESCA,3904,XÍCARA
3308,3308,MATERIAL DE PESCA,MATERIAL DE CAÇA E PESCA,3905,OUTROS UTENSÍLIOS DE VIDRO OU LOUÇA
3308,3308,ANZOL,MATERIAL DE CAÇA E PESCA,3906,"FRIGIDEIRA, LEITEIRA, PANELA, ETC."
3308,3308,LINHA PARA PESCA,MATERIAL DE CAÇA E PESCA,3907,"TALHERES (FACA, GARFO, COLHER)"
3308,3308,PESO DE CHUMBO PARA PESCA,MATERIAL DE CAÇA E PESCA,3908,OUTROS UTENSÍLIOS DE METAL
3308,3308,CHUMBO PARA PESCA,MATERIAL DE CAÇA E PESCA,3909,UTENSÍLIOS DE PLÁSTICO
3308,3308,PUÇA,MATERIAL DE CAÇA E PESCA,3910,GARRAFA TÉRMICA
3308,3308,REDE DE PESCA,MATERIAL DE CAÇA E PESCA,3911,VELA DE FILTRO
3308,3308,ARRASTÃO,MATERIAL DE CAÇA E PESCA,3912,CAPACHO
3308,3308,SAMBURA,MATERIAL DE CAÇA E PESCA,3916,UTENSÍLIOS DE MADEIRA
3308,3308,ARPÃO,MATERIAL DE CAÇA E PESCA,3917,"CAPA DE LIQUIDIFICADOR, ENCERADEIRA, MAQUINA DE LAVAR, ETC."
3308,3308,VARA DE PESCA,MATERIAL DE CAÇA E PESCA,3919,COADOR DE TECIDO
3308,3308,ISCA ARTIFICIAL PARA PESCA,MATERIAL DE CAÇA E PESCA,3920,BUJÃO DE GAS (VAZIO)
3308,3308,TARRAFA,MATERIAL DE CAÇA E PESCA,3922,UTENSÍLIOS DE BARRO
3308,3308,CANIÇO,MATERIAL DE CAÇA E PESCA,3923,UTENSÍLIOS DE ACRÍLICO
3308,3308,CORDA PARA REDE DE PESCA,MATERIAL DE CAÇA E PESCA,3924,PRATO DE ESMALTE
3308,3308,CANTIL,MATERIAL DE CAÇA E PESCA,3925,UTENSÍLIOS DE ISOPOR
3309,3309,PORTE DE ARMA,PORTE DE ARMA,3926,PASSADEIRA
3310,3310,REGISTRO DE ARMA,REGISTRO DE ARMA,3928,UTENSÍLIOS DE BORRACHA
3311,3311,CADEIRA DE PRAIA,CADEIRA DE PRAIA,3930,CESTO PARA ROUPA
3312,3312,CELA PARA CAVALO (RECREAÇÃO),CELA DE CAVALO (RECREÇÃO),3931,APARELHO DE CORTAR VERDURA
3313,3313,BICICLETA PARA GINASTICA,BICICLETA DE GINÁSTICA,3933,FRUTEIRA (INOX)
3313,3313,PEDALETE (BICICLETA PARA GINASTICA),BICICLETA DE GINÁSTICA,3934,UTENSÍLIOS DE FIBRA VEGETAL
3398,3398,AGREGADO,AGREGADO 22,3935,BANDEJA (INOX)
3400,3400,DESPESAS COM ROUPAS DE HOMEM,DESPESAS COM ROUPAS DE HOMEN,3936,PORTA-TOALHA DE TECIDO
3401,3401,"AGASALHO (CASACO, SUETER, ETC.) (HOMEM)","AGASALHO (CASACO, SUETER, ETC.) (HOMEM)",3937,CONJUNTO DE TECIDO DE BANHEIRO
3401,3401,SUETER (HOMEM),"AGASALHO (CASACO, SUETER, ETC.) (HOMEM)",3938,SAPATEIRA
3401,3401,BLUSA DE LÃ (HOMEM),"AGASALHO (CASACO, SUETER, ETC.) (HOMEM)",3939,TAÇA DE SORVETE
3401,3401,JAQUETA (HOMEM),"AGASALHO (CASACO, SUETER, ETC.) (HOMEM)",3940,PROTETOR DE PORTA
3401,3401,PULOVER (HOMEM),"AGASALHO (CASACO, SUETER, ETC.) (HOMEM)",3941,CAPA DE SOFA
3401,3401,CACHECOL (HOMEM),"AGASALHO (CASACO, SUETER, ETC.) (HOMEM)",3942,JARRA DE CRISTAL
3401,3401,CASACO (HOMEM),"AGASALHO (CASACO, SUETER, ETC.) (HOMEM)",3943,COPO DE CRISTAL
3402,3402,"BERMUDA ,CALÇÃO, SHORT E SUNGA (HOMEM)","BERMUDA, CALÇÃO, SHORT E SUNGA (HOMEM)",3944,LANCHEIRA (EXCETO ESCOLAR)
3402,3402,CALÇÃO (HOMEM),"BERMUDA, CALÇÃO, SHORT E SUNGA (HOMEM)",3945,CAMISA DE LAMPIÃO A GAS
3402,3402,SHORT (HOMEM),"BERMUDA, CALÇÃO, SHORT E SUNGA (HOMEM)",3946,PORTA-BOLO DE PÓRCELANA
3402,3402,SUNGA PARA PRAIA (HOMEM),"BERMUDA, CALÇÃO, SHORT E SUNGA (HOMEM)",3947,EXTENSÃO DE FERRO ELÉTRICO (ESPECÍFICO)
3402,3402,BERMUDA (HOMEM),"BERMUDA, CALÇÃO, SHORT E SUNGA (HOMEM)",3948,SUPORTE PARA GARRAFÃO DÀGUA
3403,3403,CALÇA COMPRIDA (HOMEM),CALÇA COMPRIDA (HOMEM),3949,VARAL (DE APARTAMENTO)
3404,3404,CAMISA (HOMEM),CAMISA (HOMEM),3950,REGISTRO DE FOGÃO
3404,3404,BLUSA (HOMEM),CAMISA (HOMEM),3951,TAÇA DE CRISTAL
3404,3404,BLUSA OU CAMISA (HOMEM),CAMISA (HOMEM),3952,"PÉS PARA GELADEIRA (METAL, LOUÇA, ETC.)"
3405,3405,CAMISETA (HOMEM),CAMISETA (HOMEM),3953,"CONJUNTO DE GARFOS, FACAS, ESCUMADEIRA E CONCHAS"
3406,3406,CONJUNTOS ESPORTIVOS (HOMEM),CONJUNTO ESPÓRTIVO (HOMEM),3954,BORRACHA DE PANELA DE PRESSÃO
3406,3406,JOGGING (HOMEM),CONJUNTO ESPÓRTIVO (HOMEM),3955,"CAPA DE SOM, VÍDEO"
3406,3406,TRAINNING (HOMEM),CONJUNTO ESPÓRTIVO (HOMEM),3998,AGREGADO 24
3407,3407,CUECA (HOMEM),CUECA (HOMEM),4000,OUTRAS DESPESA
3408,3408,GRAVATA (HOMEM),GRAVATA (HOMEM),4001,BIJUTERIA
3409,3409,LENÇO (HOMEM),LENÇO (HOMEM),4002,CACHIMBO
3410,3410,MACACÃO (HOMEM),MACACÃO (HOMEM),4005,ÓCULOS SEM GRAU E LENTES DE ÓCULOS SEM GRAU
3410,3410,JARDINEIRA (HOMEM),MACACÃO (HOMEM),4007,TRNSPORTE DE MERCADORIAS
3411,3411,MEIAS (HOMEM),MEIAS (HOMEM),4009,ALUGUEL DE CAIXA FORTE E COFRE
3412,3412,PALETO E BLAZER (HOMEM),PALETÓ E BLAZER (HOMEM),4011,MASCARA DE CARNAVAL
3412,3412,BLAZER (HOMEM),PALETÓ E BLAZER (HOMEM),4022,ADESIVO PLÁSTICO OU PANFLETO
3413,3413,PIJAMA E ROBE (HOMEM),PIJAMA E ROBE (HOMEM),4023,MOEDA
3413,3413,ROBE (HOMEM),PIJAMA E ROBE (HOMEM),4025,SELO (HOBBY)
3413,3413,ROUPÃO (HOMEM),PIJAMA E ROBE (HOMEM),4026,"BATERIA DE RELÓGIO, BRIQUEDO, APARELHO AUDUTIVO, ETC."
3414,3414,TERNO (HOMEM),TERNO (HOMEM),4029,PARAFINA
3415,3415,COLETE (HOMEM),COLETE (HOMEM),4030,CIGARREIRA
3416,3416,GORRO (HOMEM),GORRO (HOMEM),4031,CHAVEIRO
3417,3417,"LUVA DE COURO, MALHA, TECIDO (HOMEM)","LUVA DE COURO, MALHA, TECIDO (HOMEM)",4032,BOMBA E GUIA OU PORONGO DE CHIMARRÃO
3418,3418,ALUGUEL DE ROUPA (HOMEM),ALUGUEL DE ROUPA (HOMEM),4034,PLASTIFICAÇÃO DE DOCUMENTO
3419,3419,FARDAMENTO CIVIL E MILITAR (HOMEM),FARDAMENTO MILITAR (HOMEM),4035,"PINCEL, TINTA E VERNIZ PARA PINTURA DE TELA,VASO, ETC."
3420,3420,CAPA DE CHUVA (HOMEM),CAPA DE CHUVA (HOMEM),4036,PORTA-ÓCULOS
3421,3421,SLACK (HOMEM),SLACK (HOMEM),4037,BABY BAG
3422,3422,CAMISA (UNIFORME PARA ESPORTE) (HOMEM),CAMISA (UNIFORME DE ESPORTE) (HOMEM),4038,MONÓCULO
3423,3423,CALÇÃO (UNIFORME PARA ESPORTE) (HOMEM),CALÇÃO (UNIFORME DE ESPORTE) (HOMEM),4042,ALUGUEL DE ASSENTO
3424,3424,MEIÃO (UNIFORME PARA ESPORTE) (HOMEM),MEIÃO (UNIFORME DE ESPORTE) (HOMEM),4043,CAVALETE DE PINTURA DE TELA
3425,3425,FANTASIA (HOMEM),FANTASIA (HOMEM),4049,MASCARA PROTETORA (PROTEÇÃO PROFISSIONAL)
3426,3426,MACACÃO DE PLASTICO PARA MOTOQUEIRO (HOMEM),MACACÃO DE MOTOQUEIRO (HOMEM),4050,PEDRA DE AMOLAR
3427,3427,CONJUNTO DE CALÇA E BLUSA OU CAMISA (HOMEM),CONJUNTO DE CALÇA E CAMISA (HOMEM),4060,LIMPADOR DE CACHIMBO
3428,3428,CONJUNTO DE SHORT E BLUSA OU CAMISA (HOMEM),CONJUNTO DE SHORT E CAMISA (HOMEM),4061,BOLSA DE CACHIMBO
3429,3429,SMOKING (HOMEM),SMOKING (HOMEM),4067,DESMAGNETIZADOR DE FITA DE VIDEOCASSETE
3430,3430,QUIMONO (HOMEM),QUIMONO (HOMEM),4068,FLÂMULA
3430,3430,UNIFORME PARA JUDO (QUIMONO) (HOMEM),QUIMONO (HOMEM),4069,CANIVETE
3431,3431,CONJUNTO DE CALÇA E JAQUETA (HOMEM),CONJUNTO DE CALÇA E JAQUETA (HOMEM),4071,ISQUEIRO DESCARTAVEL
3432,3432,UNIFORME PARA TRABALHO,UNIFORME DE TRABALHO (HOMEM),4072,ISQUEIRO NÃO DESCARTAVEL (DE USO PESSOAL)
3498,3498,AGREGADO,AGREGADO 23,4098,AGREGADO 25
3500,3500,DESPESAS COM ROUPAS DE MULHER,DESPESAS COM ROUPAS DE MULHER,4100,DESPESAS COM VIAGENS
3501,3501,"AGASALHO (CASACO, SUETER, ETC.) (MULHER)","AGASALHO (CASACO, SUETER, ETC.) (MULHER)",4101,ÔNIBUS URBANO (VIAGEM)
3501,3501,CASACO (MULHER),"AGASALHO (CASACO, SUETER, ETC.) (MULHER)",4102,TREM (VIAGEM)
3501,3501,SUETER (MULHER),"AGASALHO (CASACO, SUETER, ETC.) (MULHER)",4103,AVIÃO (VIAGEM)
3501,3501,PULOVER (MULHER),"AGASALHO (CASACO, SUETER, ETC.) (MULHER)",4104,NAVIO (VIAGEM)
3501,3501,CACHECOL (MULHER),"AGASALHO (CASACO, SUETER, ETC.) (MULHER)",4105,CONBUSTÍVEL DE VEÍCULO (VIAGEM)
3501,3501,JAQUETA (MULHER),"AGASALHO (CASACO, SUETER, ETC.) (MULHER)",4106,ALIMENTAÇÃO (VIAGEM)
3501,3501,ECHARPE (MULHER),"AGASALHO (CASACO, SUETER, ETC.) (MULHER)",4107,HOSPEDAGEM (VIAGEM)
3502,3502,BERMUDA E SHORT (MULHER),BERMUDA E SHORT (MULHER),4108,EXCURSÃO (EXCETO ESCOLAR).(VIAGEM)
3502,3502,SHORT (MULHER),BERMUDA E SHORT (MULHER),4109,GARAGEM (VIAGEM)
3502,3502,BERMUDA (MULHER),BERMUDA E SHORT (MULHER),4110,ALUGUEL DE VEÍCULO (VIAGEM)
3503,3503,BLUSA (MULHER),BLUSA (MULHER),4111,TAXI (VIAGEM)
3503,3503,BLUSA OU CAMISA (MULHER),BLUSA (MULHER),4112,BARCO (VIAGEM)
3503,3503,CAMISA (MULHER),BLUSA (MULHER),4113,PEDAGIO (VIAGEM)
3503,3503,BATA (MULHER),BLUSA (MULHER),4114,METRO (VIAGEM)
3504,3504,CALÇA COMPRIDA (MULHER),CALÇA COMPRIDA (MULHER),4115,CAMINHÃO (VIAGEM)
3505,3505,CALCINHA E SUTIÃ (MULHER),CALCINHA E SUTIÃ (MULHER),4116,AUTOMÓVEL UTILITARIO (VIAGEM)
3505,3505,SUTIÃ (MULHER),CALCINHA E SUTIÃ (MULHER),4117,COLONIA DE FÉRIAS (VIAGEM)
3505,3505,ANAGUA (MULHER),CALCINHA E SUTIÃ (MULHER),4118,TAXA ALFANDEGARIA (VIAGEM)
3505,3505,MODELADOR (MULHER),CALCINHA E SUTIÃ (MULHER),4119,GUARDA-VOLUMES (VIAGEM)
3506,3506,CAMISETA E COLLANT (MULHER),CAMISETA E COLLANT (MULHER),4120,ÔNIBUS-INTERMUNICIPAL (VIAGEM)
3506,3506,COLLANT (MULHER),CAMISETA E COLLANT (MULHER),4121,ÔNIBUS-INTERNACIONAL (VIAGEM)
3506,3506,MALHA PARA GINASTICA,CAMISETA E COLLANT (MULHER),4122,ÔNIBUS-INTERESTADUAL (VIAGEM)
3507,3507,"CAMISOLA, PIJAMA E ROBE (MULHER)","CAMISOLA, PIJAMA E ROBE (MULHER)",4123,FERRY-BOAT (VIAGEM)
3507,3507,PIJAMA (MULHER),"CAMISOLA, PIJAMA E ROBE (MULHER)",4124,CARREGADOR DE BAGAGEM (VIAGEM)
3507,3507,ROBE (MULHER),"CAMISOLA, PIJAMA E ROBE (MULHER)",4198,AGREGADO 26
3507,3507,ROUPÃO (MULHER),"CAMISOLA, PIJAMA E ROBE (MULHER)",4200,DESPESAS COM SERVIÇOS DE ASSISTENCIA A SAÚDE
3508,3508,CONJUNTOS ESPORTIVOS (MULHER),CONJUNTO ESPORTIVO (MULHER),4201,CONSULTA MÉDICA
3508,3508,JOGGING (MULHER),CONJUNTO ESPORTIVO (MULHER),4202,CURANDEIRO E CURIOSO
3508,3508,TRAINNING (MULHER),CONJUNTO ESPORTIVO (MULHER),4203,"PROTESE E APARELHO DENTARIO (DENTADURA, PIVO, APARELHO ORTODONTICO, ETC.)"
3509,3509,LENÇO DE CABEÇA (MULHER),LENÇO DE CABEÇA (MULHER),4204,"TRATAMENTO DENTARIO (EXTRAÇÃO, OBTURAÇÃO, TRATAMENTO DE CANAL COLO JAQUETA, ETC.)"
3510,3510,MACACÃO (MULHER),MACACÃO (MULHER),4205,"PROFISSIONAIS DE SAÚDE (CIRURGIÃO, OBSTETRA, ANESTESISTA, ETC.) PARA CIRURGIA E PARTO"
3510,3510,JARDINEIRA (MULHER),MACACÃO (MULHER),4206,HOSPITALIZAÇÃO
3511,3511,MAIO E BIQUINI (MULHER),MAIÔ E BIQUINI (MULHER),4207,ELETRODIAGNOSTICO
3511,3511,BIQUINI (MULHER),MAIÔ E BIQUINI (MULHER),4208,EXAME DE LABORATÓRIO
3512,3512,MEIAS (MULHER),MEIAS (MULHER),4209,RADIOGRAFIA
3513,3513,SAIA (MULHER),SAIA (MULHER),4210,"CAUTERIZAÇÃO, CURATATIVO, NEBULIZAÇÃO, VACINAÇÃO E OUTROS TRATAMENTOS AMBULATORIAIS"
3514,3514,VESTIDO (MULHER),VESTIDO (MULHER),4211,ARMAÇÃO DE ÓCULOS
3515,3515,LENCINHO (MULHER),LENCINHO (MULHER),4212,ARTIGOS ORTOPÉDICOS E OUTROS ARTIGOS MÉDICOS
3516,3516,"LUVA DE COURO, MALHA, TECIDO (MULHER)","LUVA DE COURO, MALHA, TECIDO (MULHER)",4213,ALUGUEL DE APARELHOS MÉDICOS
3517,3517,COMBINAÇÃO (MULHER),COMBINAÇÃO (MULHER),4214,SEGURO SAÚDE
3518,3518,GORRO (MULHER),GORRO (MULHER),4215,"OUTROS TRATAMENTOS (PSICOLOGICOS, FISIOTERATIPOS, MASSAGEM, ETC.)"
3519,3519,ALUGUEL DE ROUPA (MULHER),ALUGUEL DE ROUPA (MULHER),4216,ENFERMEIRA
3520,3520,CINTA (MULHER),CINTA (MULHER),4217,CONSERTO E REPARO DE ARTIGO E APARELHO MEDICO
3521,3521,SAIDA DE PRAIA (MULHER),SAIDA DE PRAIA (MULHER),4218,ACOMPANHANTE DE QUARTO HOSPITALAR
3522,3522,PONCHO DE LÃ,PONCHO DE LÃ (MULHER),4219,AMBULANCIA (REMOÇÃO)
3523,3523,CAPA DE CHUVA (MULHER),CAPA DE CHUVA (MULHER),4220,RAIO LASER (APLICAÇÃO)
3524,3524,SLACK (MULHER),SLACK (MULHER),4221,EXAMES EM POSTOS OU PROFISSIONAIS VOLANTES
3525,3525,"VESTIMENTOS DE NOIVA (VESTIDO, GRINALDA)","VESTIMENTO DE NOIVA (VESTIDO, GRINALDA) (MULHER)",4222,SANGUE HUMANO
3525,3525,VESTIDO (VESTIMENTO DE NOIVA),"VESTIMENTO DE NOIVA (VESTIDO, GRINALDA) (MULHER)",4223,FOTOGRAFIA RELATIVA A CIRURGIA
3525,3525,GRINALDA (VESTIMENTO DE NOIVA),"VESTIMENTO DE NOIVA (VESTIDO, GRINALDA) (MULHER)",4225,MENSALIDADE DE CLINICA
3525,3525,ARRANJO PARA CABELO,"VESTIMENTO DE NOIVA (VESTIDO, GRINALDA) (MULHER)",4226,PLANO DE SAÚDE
3526,3526,CAMISA (UNIFORME PARA ESPORTE) (MULHER),CAMISA (UNIFORME DE ESPORTE) (MULHER),4227,LENTE DE ÓCULOS (DE GRAU)
3527,3527,CALÇÃO (UNIFORME PARA ESPORTE) (MULHER),CALÇÃO (UNIFORME DE ESPORTE) (MULHER),4228,LENTE DE CONTATO
3528,3528,MEIÃO (UNIFORME PARA ESPORTE) (MULHER),MEIÃO (UNIFORME DE ESPORTE) (MULHER),4229,OXIGÊNIO (DESPESA COM SAÚDE)
3529,3529,FANTASIA (MULHER),FANTASIA (MULHER),4230,EXAME PREVENTIVO DE CANCER
3530,3530,BUSTIE (MULHER),BUSTIE (MULHER),4231,PLANO ODONTOLÓGICO
3531,3531,MACACÃO PARA MOTOQUEIRA (MULHER),MACACÃO DE MOTOQUEIRO (MULHER),4232,EXAME ERGOMÉTRICOO
3532,3532,POLAINAS (MULHER),POLAINAS (MULHER),4233,EXAME AUDIOMÉTRICO
3532,3532,CANELEIRA (POLAINA) (MULHER),POLAINAS (MULHER),4234,LENTE INTRAOCULAR
3533,3533,CONJUNTO DE SAIA E BLUSA OU CAMISA (MULHER),CONJUNTO DE SAIA E BLUSA (MULHER),4298,AGREGADO1
3534,3534,CONJUNTO DE SHORT E BLUSA OU CAMISA (MULHER),CONJUNTO DE SHORT E BLUSA (MULHER),4300,DESPESAS COM ACESSORIOS E MANUTENÇÃO DE VEÍCULO
3535,3535,BLAZER (MULHER),BLAZER (MULHER),4301,LAVAGEM E LUBRIFICAÇÃO
3536,3536,CONJUNTO DE SAIA E BLAZER (MULHER),CONJUNTO DE SAIA E BLAZER (MULHER),4302,ÓLEO LUBRIFICANTE (COMPLEMENTAÇÃO OU TROCA) DE VEÍCULO
3537,3537,TERNO OU TERNINHO (MULHER),TERNO OU TERNINHO (MULHER),4303,PEÇA ELÉTRICA OU MECÂNICA DE VEÍCULO
3538,3538,MACAQUITO (MULHER),MACAQUITO (MULHER),4304,CAMARA E PNEU
3538,3538,MACAQUINHO (MULHER),MACAQUITO (MULHER),4305,MÃO-DE-OBRA DE CONSERTO DE VEÍCULO
3539,3539,CONJUNTO DE CALÇA E BLUSA OU CAMISA (MULHER),CONJUNTO DE CALÇA E BLUSA (MULHER),4306,CONSERTO DE VEÍCULO (PEÇA + MÃO-DE-OBRA)
3540,3540,LENÇO DE PESCOÇO (MULHER),LENÇO DE PESCOÇO (MULHER),4307,BATERIA DE VEÍCULO
3541,3541,CALÇA PLASTICA (MULHER),CALÇA PLÁSTICA (MULHER),4308,"OUTRAS PEÇAS E ACESSÓRIOS (RETROVISOR, TAPETE, BUZINA, ETC ) DE VEICULOS"
3542,3542,UNIFORME PARA TRABALHO,UNIFORME DE TRABALHO (MULHER),4309,RADIO (VEÍCULO)
3543,3543,COLETE (MULHER),COLETE (MULHER),4310,TOCA-FITA (VEÍCULO)
3544,3544,CONJUNTO DE CALÇA E JAQUETA (MULHER),CONJUNTO DE CALÇA E JAQUETA (MULHER),4311,AR CONDICIONADO (VEÍCULO)
3598,3598,AGREGADO,AGREGADO (MULHER),4312,ADITIVO (VEÍCULO)
3600,3600,DESPESAS COM ROUPAS DE CRIANÇA ATE 14 ANOS,DESPESAS COM ROUPAS DE CRIANÇA ATE 14 ANOS,4313,REBOQUE
3601,3601,"AGASALHO (CASACO, SUETER, ETC.) (CRIANÇA)","AGASALHO (CASACO, SUETER, ETC.) (CRIANÇA)",4314,ESTOPA
3601,3601,SUETER (CRIANÇA),"AGASALHO (CASACO, SUETER, ETC.) (CRIANÇA)",4315,SHAMPU (VEÍCULO)
3601,3601,JAQUETA (CRIANÇA),"AGASALHO (CASACO, SUETER, ETC.) (CRIANÇA)",4316,LIMPA-PARA-BRISA
3601,3601,PULOVER (CRIANÇA),"AGASALHO (CASACO, SUETER, ETC.) (CRIANÇA)",4317,PINTURA (MATERIAL + MÃO-DE-OBRA) DE VEÍCULO
3601,3601,CACHECOL (CRIANÇA),"AGASALHO (CASACO, SUETER, ETC.) (CRIANÇA)",4318,CERA
3601,3601,CASACO (CRIANÇA),"AGASALHO (CASACO, SUETER, ETC.) (CRIANÇA)",4319,CAPACETE DE MOTOQUEIRO
3602,3602,BERMUDA E SHORT (CRIANÇA),BERMUDA E SHORT (CRIANÇA),4320,TINTA (VEÍCULO)
3602,3602,SHORT (CRIANÇA),BERMUDA E SHORT (CRIANÇA),4321,CARGA DE BATERIA
3602,3602,BERMUDA (CRIANÇA),BERMUDA E SHORT (CRIANÇA),4322,GAS DE AR CONDICIONADO (VEÍCULO)
3603,3603,BLUSA OU CAMISA (CRIANÇA),BLUSA OU CAMISA (CRIANÇA),4323,LIXA DE FERRO (VEÍCULO)
3603,3603,CAMISA (CRIANÇA),BLUSA OU CAMISA (CRIANÇA),4324,TELEVISÃO (VEÍCULO)
3603,3603,BLUSA (CRIANÇA),BLUSA OU CAMISA (CRIANÇA),4325,CAROCERIA DE CAMIONETA
3604,3604,CALÇA COMPRIDA (CRIANÇA),CALÇA COMPRIDA (CRIANÇA),4326,SOLVENTE (VEÍCULO)
3605,3605,"CALÇÃO, SUNGA, MAIO, BIQUINI E TANGA (CRIANÇA)","CALÇÃO, SUNGA, MAIO, BIQUINI, TANGA (CRIANÇA)",4327,MOTOR DE AUTOMÓVEL
3605,3605,SUNGA (CRIANÇA),"CALÇÃO, SUNGA, MAIO, BIQUINI, TANGA (CRIANÇA)",4328,MOTOR DE LANCHA
3605,3605,MAIO (CRIANÇA),"CALÇÃO, SUNGA, MAIO, BIQUINI, TANGA (CRIANÇA)",4329,AMPLIFICADOR (VEICULO)
3605,3605,BIQUINI (CRIANÇA),"CALÇÃO, SUNGA, MAIO, BIQUINI, TANGA (CRIANÇA)",4330,MASSA DE LANTERNAGEM
3605,3605,TANGA (CRIANÇA),"CALÇÃO, SUNGA, MAIO, BIQUINI, TANGA (CRIANÇA)",4331,ESTOFAMENTO DE VEICULO
3606,3606,CALCINHA E SUTIÃ (CRIANÇA),CALCINHA E SUTIÃ (CRIANÇA),4332,FLUIDO DE FREIO
3606,3606,SUTIÃ (CRIANÇA),CALCINHA E SUTIÃ (CRIANÇA),4333,MOTOR DE MOTOCICLETA
3607,3607,CAMISETA (CRIANÇA),CAMISETA E COLLANT (CRIANÇA),4334,CD PLAYER PARA VEICULO
3607,3607,COLLANT (CRIANÇA),CAMISETA E COLLANT (CRIANÇA),4335,CONSERTO DE AMPLIFICADOR DE SOM (VEÍCULO)
3608,3608,"CAMISOLA,PIJAMA E ROBE (CRIANÇA)","CAMISOLA, PIJAMA E ROBE (CRIANÇA)",4398,AGREGADO 27
3608,3608,PIJAMA (CRIANÇA),"CAMISOLA, PIJAMA E ROBE (CRIANÇA)",4400,DESPESAS COM SERVIÇOS DE CARTÓRIO E PROFISSIONAIS
3608,3608,ROBE (CRIANÇA),"CAMISOLA, PIJAMA E ROBE (CRIANÇA)",4401,CARTÓRIO
3608,3608,ROUPÃO (CRIANÇA),"CAMISOLA, PIJAMA E ROBE (CRIANÇA)",4402,ADVOGADO
3609,3609,CONJUNTOS ESPORTIVOS (CRIANÇA),CONJUNTO ESPORTIVO (CRIANÇA),4403,DESPACHANTE
3609,3609,JOGGING (CRIANÇA),CONJUNTO ESPORTIVO (CRIANÇA),4404,DESENHISTA
3609,3609,TRAINNING (CRIANÇA),CONJUNTO ESPORTIVO (CRIANÇA),4405,DECORADOR
3610,3610,CUECAS (CRIANÇA),CUECA (CRIANÇA),4406,CONTADOR
3611,3611,FRALDAS DESCARTAVEIS (CRIANÇA),FRALDA DESCARTÁVEL (CRIANÇA),4407,ORGÃOS PÚBLICOS (TAXAS)
3612,3612,FRALDAS DE TECIDO (CRIANÇA),FRALDA DE TECIDO (CRIANÇA),4408,ENGENHEIRO
3613,3613,MACACÃO (CRIANÇA),MACACÃO (CRIANÇA),4409,CORRETOR
3613,3613,JARDINEIRA (CRIANÇA),MACACÃO (CRIANÇA),4410,DATILÓGRAFO
3614,3614,MEIAS (CRIANÇA),MEIAS (CRIANÇA),4411,TOPÓGRAFO
3615,3615,"PALETO, BLAZER E TERNO (CRIANÇA)","PALETÓ, BLAZER, E TERNO (CRIANÇA)",4412,IMOBILIARIA (COMISSÃO)
3615,3615,BLAZER (CRIANÇA),"PALETÓ, BLAZER, E TERNO (CRIANÇA)",4413,FISCALIZAÇÃO DE OBRA (PREFEITURA)
3615,3615,TERNO (CRIANÇA),"PALETÓ, BLAZER, E TERNO (CRIANÇA)",4414,BATISTERIO
3616,3616,SAIA (CRIANÇA),SAIA (CRIANÇA),4415,ANUNCIO CLASSIFICADO
3617,3617,VESTIDO (CRIANÇA),VESTIDO (CRIANÇA),4416,TRADUTOR JURAMENTADO
3618,3618,OUTRAS ROUPAS DE BEBE (CRIANÇA),OUTRAS ROUPAS DE BEBE (CRIANÇA),4417,DEFESA DO CONSUMIDOR
3618,3618,CALÇA PLASTICA (CRIANÇA),OUTRAS ROUPAS DE BEBE (CRIANÇA),4418,AVALIADOR DE IMÓVEL
3618,3618,CUEIRO (CRIANÇA),OUTRAS ROUPAS DE BEBE (CRIANÇA),4498,AGREGADO 28
3618,3618,MANTA (CRIANÇA),OUTRAS ROUPAS DE BEBE (CRIANÇA),4500,DESPESAS COM CERIMÔNIAS FAMILIARES E PRATICAS RELIGIOSAS
3618,3618,CINTEIRO (CRIANÇA),OUTRAS ROUPAS DE BEBE (CRIANÇA),4501,CASAMENTO
3618,3618,BABADOR (CRIANÇA),OUTRAS ROUPAS DE BEBE (CRIANÇA),4502,OUTRAS CERIMÔNIAS RELIGIOSAS
3618,3618,CALÇA ENXUTA (CRIANÇA),OUTRAS ROUPAS DE BEBE (CRIANÇA),4503,FUNERAL E ARTIGOS RELIGIOSOS
3618,3618,UMBIGUEIRO (CRIANÇA),OUTRAS ROUPAS DE BEBE (CRIANÇA),4504,CARTOMANTE
3618,3618,SAPATINHO DE LÃ OU LINHA,OUTRAS ROUPAS DE BEBE (CRIANÇA),4505,FOTOGRAFIA DE CERIMÔNIAS (FOTÓGRAFO PROFISSIONAL)
3619,3619,LENÇO (CRIANÇA),LENÇO (CRIANÇA),4506,ANIVERSARIO (FESTA)
3620,3620,ANAGUA (CRIANÇA),ANÁGUA (CRIANÇA),4507,BAILE (FESTA)
3621,3621,COMBINAÇÃO (CRIANÇA),COMBINAÇÃO (CRIANÇA),4508,OUTRAS FESTAS OU RECEPÇÕES
3622,3622,GORRO (CRIANÇA),GORRO (CRIANÇA),4509,FILMAGEM DE CERIMONIA
3623,3623,SAIDA DE PRAIA (CRIANÇA),SAIA DE PRAIA (CRIANÇA),4510,JOGO DE BÚZIOS (PRATICA RELIGIOSA)
3624,3624,"LUVA DE COURO,MALHA,TECIDO (CRIANÇA)","LUVA DE COURO, MALHA, TECIDO (CRIANÇA)",4598,AGREGADO 29
3625,3625,CONJUNTO DE SHORT E BLUSA OU CAMISA (CRIANÇA),CONJUNTO DE SHORT E BLUSA OU CAMISA (CRIANÇA),4600,DESPESAS COM JÓIAS
3626,3626,CAPA DE CHUVA (CRIANÇA),CAPA DE CHUVA (CRIANÇA),4601,"JÓIAS (ALIANÇA, ANEL, CORDÃO, ETC.)"
3627,3627,ALUGUEL DE ROUPA (CRIANÇA),ALUGUEL DE ROUPA (CRIANÇA),4602,RELÓGIO DE PULSO DE CRIANÇA
3628,3628,LENÇO DE CABEÇA (CRIANÇA),LENÇO DE CABEÇA (CRIANÇA),4603,RELÓGIO DE PULSO DE HOMEM
3629,3629,CAMISA (UNIFORME PARA ESPORTE) (CRIANÇA),CAMISA (UNIFORME DE ESPORTE) (CRIANÇA),4604,RELÓGIO DE PULSO DE MULHER
3630,3630,CALÇÃO (UNIFORME PARA ESPORTE) (CRIANÇA),CALÇÃO (UNIFORME DE ESPORTE) (CRIANÇA),4605,CANETA RELÓGIO
3631,3631,MEIÃO (UNIFORME PARA ESPORTE) (CRIANÇA),MEIÃO (UNIFORME DE ESPORTE) (CRIANÇA),4606,CANETA DE OURO OU PRATA
3632,3632,FANTASIA (CRIANÇA),FANTASIA (CRIANÇA),4607,"ISQUEIRO DE OURO, PRATA OU SIMILAR"
3633,3633,BUSTIE (CRIANÇA),BUSTIE (CRIANÇA),4608,RELÓGIO DE BOLSO
3634,3634,CONJUNTO DE SAIA E BLUSA OU CAMISA (CRIANÇA),CONJUNTO DE SAIA E BLUSA OU CAMISA (CRIANÇA),4609,BARRA DE OURO
3635,3635,CONJUNTO DE CALÇA E BLUSA OU CAMISA (CRIANÇA),CONJUNTO DE CALÇA E BLUSA OU CAMISA (CRIANÇA),4610,CARTÃO DE PRATA
3636,3636,QUIMONO (CRIANÇA),QUIMONO (CRIANÇA),4611,RELÓGIO DE DEDO
3636,3636,UNIFORME PARA JUDO (QUIMONO) (CRIANÇA),QUIMONO (CRIANÇA),4698,AGREGADO 30
3637,3637,CONJUNTO DE CALÇA E JAQUETA (CRIANÇA),CONJUNTO DE CALÇA E JAQUETA (CRIANÇA),4700,DESPESAS COM OUTROS IMÓVEIS
3698,3698,AGREGADO,AGREGADO (CRIANÇA),4701,AQUISÇÃO DE IMÓVEL A VISTA OU A PRAZO
3700,3700,"DESPESAS COM ARTIGOS DE ARMARINHO, TECIDOS, ROUPAS DE BANHO, CAMA E MESA","DESPESA COM ARTIGOS DE ARMARINHO, TECIDOS E ROUPAS DE BANHO CAMA E MESA",4702,"ALUGUEL IMÓVEL (CONTRATO DE LOCAÇÃO, ETC.)"
3701,3701,ARTIGOS DE ARMARINHO,ARTIGOS DE ARMARINHO,4703,ALUGUEL DE GARAGEM (OUTROS IMÓVEIS)
3701,3701,LINHA,ARTIGOS DE ARMARINHO,4704,CONDOMINIO (OUTROS IMÓVEIS)
3701,3701,ALFINETE,ARTIGOS DE ARMARINHO,4705,IMPOSTO PREDIAL (OUTROS IMÓVEIS)
3701,3701,AGULHA,ARTIGOS DE ARMARINHO,4706,SEGURO CONTRA ROUBO E INCÊNDIO (OUTROS IMÓVEIS)
3701,3701,BOTÃO,ARTIGOS DE ARMARINHO,4707,"ENERGIA ELÉTRICA, GAS ENCANADO OU DE BUJÃO, ETC."
3701,3701,RENDA,ARTIGOS DE ARMARINHO,4708,"TAXAS (INCÊNDIO, LIXO, ETC.) (OUTROS IMOVEIS)"
3701,3701,NOVELO,ARTIGOS DE ARMARINHO,4709,AQUISIÇÃO DE SEPULTURA (OUTROS IMOVEIS)
3701,3701,CARRETEL,ARTIGOS DE ARMARINHO,4710,AQUISIÇÃO DE TÍTULO DE CLUBE (OUTROS IMOVEIS)
3701,3701,FECHO,ARTIGOS DE ARMARINHO,4711,IMPOSTO TERRITORIAL RURAL (OUTROS IMOVEIS)
3701,3701,COLCHETE,ARTIGOS DE ARMARINHO,4712,ALUGUEL DE TERRENO PARA SEPULTURA (OUTROS IMOVEIS)
3701,3701,TESOURA,ARTIGOS DE ARMARINHO,4713,MUDANÇA (OUTROS IMOVEIS)
3701,3701,ELASTICO,ARTIGOS DE ARMARINHO,4714,SPU (SERVIÇO DE PATRIMONIO DA UNIÃO)
3701,3701,ESTOJO DE COSTURA,ARTIGOS DE ARMARINHO,4794,VALOR DO IMOVEL ADQUIRIDO EM PRIMEIRA LOCAÇÃO
3701,3701,FITA METRICA,ARTIGOS DE ARMARINHO,4795,VALOR DO IMOVEL ADQUIRIDO USADO (OUTROS IMOVEIS)
3701,3701,ILHOS,ARTIGOS DE ARMARINHO,4796,AGREGADO 31
3701,3701,DEDAL,ARTIGOS DE ARMARINHO,4800,"DESPESAS COM CONTRATO, TRANSFERENCIA E ENCARGO FINAMCEIRO"
3701,3701,CARRETILHA DE LINHA (CARRETEL DE LINHA DE ARMARINHO),ARTIGOS DE ARMARINHO,4801,CONSELHO E ASSOCIAÇÃO DE CLASSE
3701,3701,FITA ADESIVA PARA FRALDA,ARTIGOS DE ARMARINHO,4802,"DOAÇÕES (IGREJA, ORFANATO, MUSEU, ETC.)"
3701,3701,FIVELA PARA CINTO,ARTIGOS DE ARMARINHO,4803,CAIXA ESCOLAR (CONTRIBUIÇÃO)
3702,3702,TECIDOS,TECIDOS,4804,"MESADA, PRESTAÇÃO EM DINHEIRO DADOS PARA OUTRA UC"
3703,3703,"ROUPAS DE BANHO (TOALHA DE BANHO, ROSTO, ETC)",ROUPA DE BANHO (TOALHAS DE BANHO E ROSTO),4805,PENSÃO ALIMENTÍCIA
3703,3703,TOALHAS DE BANHO,ROUPA DE BANHO (TOALHAS DE BANHO E ROSTO),4806,PREVIDENCIA PRIVADA ABERTA OU FECHADA
3703,3703,TOALHAS INFANTIS DE BANHO,ROUPA DE BANHO (TOALHAS DE BANHO E ROSTO),4807,SEGURO DE ACIDENTES PESSOAIS
3703,3703,JOGO DE TOALHAS DE BANHO,ROUPA DE BANHO (TOALHAS DE BANHO E ROSTO),4808,SEGURO DE VIDA
3703,3703,TOALHAS DE ROSTO,ROUPA DE BANHO (TOALHAS DE BANHO E ROSTO),4809,ANUIDADE DE CARTÃO DE CRÉDITO
3704,3704,"ROUPAS DE CAMA (LENÇOL, FRONHA, ETC)","ROUPA DE CAMA (LENÇOL, FRONHA, COBERTOR, ETC.)",4810,JUROS DE CHEQUE ESPECIAL E CARTÃO DE CRÉDITO
3704,3704,LENÇOL,"ROUPA DE CAMA (LENÇOL, FRONHA, COBERTOR, ETC.)",4811,JUROS E SEGURO DE EMPRÉSTIMO
3704,3704,MANTA DE CAMA,"ROUPA DE CAMA (LENÇOL, FRONHA, COBERTOR, ETC.)",4812,PAGAMENTO DE EMPRÉSTIMO
3704,3704,COBERTOR,"ROUPA DE CAMA (LENÇOL, FRONHA, COBERTOR, ETC.)",4813,SEGURO-EDUCAÇÃO
3704,3704,FRONHA,"ROUPA DE CAMA (LENÇOL, FRONHA, COBERTOR, ETC.)",4814,PAGAMENTO DE ASILO
3704,3704,COLCHA,"ROUPA DE CAMA (LENÇOL, FRONHA, COBERTOR, ETC.)",4815,CARNE DE MERCADORIAS
3705,3705,"ROUPAS DE MESA DE TECIDO (TOALHA, PANO DE PRATO, GUARDANAPO)","ROUPA DE MESA DE TECIDO (TOALHA, PANO DE PRATO, GUARDANAPO, ETC.)",4816,TALÃO DE CHEQUES
3705,3705,TOALHA DE MESA (TECIDO),"ROUPA DE MESA DE TECIDO (TOALHA, PANO DE PRATO, GUARDANAPO, ETC.)",4817,SPC (TAXAS)
3705,3705,PANO DE PRATO,"ROUPA DE MESA DE TECIDO (TOALHA, PANO DE PRATO, GUARDANAPO, ETC.)",4818,"PREVIDENCIA PUBLICA (FEDERAL-IAPAS,.ESTADUAL, MUNICIPAL, MILITAR)"
3705,3705,JOGO PARA MESA (TECIDO),"ROUPA DE MESA DE TECIDO (TOALHA, PANO DE PRATO, GUARDANAPO, ETC.)",4819,INDENIZAÇÃO A TERCEIROS
3705,3705,JOGO AMERICANO (TECIDO),"ROUPA DE MESA DE TECIDO (TOALHA, PANO DE PRATO, GUARDANAPO, ETC.)",4820,PECULIO DOMICILIAR
3705,3705,GUARDANAPO DE MESA (TECIDO),"ROUPA DE MESA DE TECIDO (TOALHA, PANO DE PRATO, GUARDANAPO, ETC.)",4821,ESMOLA
3706,3706,"ROUPAS DE MESA DE PLASTICO (TOALHA, PANO DE CENTRO, ETC.)","ROUPA DE MESA DE PLASTICO (TOALHA, PANO DE CENTRO, ETC.)",4822,PAX DOMINNI (AUXÍLIO FUNERAL)
3706,3706,PANO DE CENTRO (PLASTICO),"ROUPA DE MESA DE PLASTICO (TOALHA, PANO DE CENTRO, ETC.)",4823,MAÇONARIA
3706,3706,TOALHA DE MESA (PLASTICO),"ROUPA DE MESA DE PLASTICO (TOALHA, PANO DE CENTRO, ETC.)",4824,"CAIXINHA ENTRE ASSOCIADOS (FUNCIONARIO, AMIGO, ETC.)"
3707,3707,LEQUE,LEQUE,4825,PENSÃO (PENSIONISTA)
3708,3708,TINTA PARA TECIDO,TINTA DE TECIDO,4826,CONTRIBUIÇAO PARA OUTRAS ASSOCIAÇÕES
3708,3708,TINTURA PARA ROUPA,TINTA DE TECIDO,4827,PAGAMENTO DE TÍTULO PROTESTADO
3709,3709,FITA PARA CABELO,,4828,ALISTAMENTO MILITAR (MULTA)
3710,3710,ACORTINADO (CORTINADO),ACORTINADO (CORTINADO),4829,SEGURO DE BENS MOVEIS (EXCETO VEICULOS)
3710,3710,CORTINADO (ACORTINADO),ACORTINADO (CORTINADO),4830,TAXA DE MANUTENÇÃO DE ARMAS
3710,3710,MOSQUITEIRO,ACORTINADO (CORTINADO),4831,DINHEIRO ROUBADO
3711,3711,"ENCHIMENTO DE ALMOFADA, TRAVESSEIRO, ETC. (ESPUMA, PAINA, ESPONJA, ETC.)","ENCHEMENTO DE ALMOFADA, TRAVESSEIRO, ETC.",4832,JUSTIÇA DO TRABALHO
3711,3711,"ESPUMA PARA ENCHIMENTO DE ALMOFADA, TRAVESSEIRO, ETC.","ENCHEMENTO DE ALMOFADA, TRAVESSEIRO, ETC.",4833,EXTRATO BANCARIO
3711,3711,"PAINA PARA ENCHIMENTO DE ALMOFADA, TRAVESSEIRO, ETC.","ENCHEMENTO DE ALMOFADA, TRAVESSEIRO, ETC.",4834,CADASTRO BANCARIO
3711,3711,"ESPONJA PARA ENCHIMENTO DE ALMOFADA, TRAVESSEIRO, ETC","ENCHEMENTO DE ALMOFADA, TRAVESSEIRO, ETC.",4835,TRANSFERENCIA INTERBANCARIA (TAXA)
3712,3712,REVESTIMENTO PARA TABUA DE PASSAR ROUPA,REVESTIMENTO DE TÁBUA DE PASSAR ROUPA,4836,CATÃO ESPECIAL (TAXA)
3713,3713,"AVENTAL,LUVA,ETC PARA SERVIÇOS DOMESTICOS","AVENTAL, LUVA, ETC. PARA SERVIÇOS DOMÉSTICOS",4837,IMPOSTO SOBRE CHEQUES (IPMF)
3713,3713,LUVA PARA SERVIÇOS DOMESTICOS,"AVENTAL, LUVA, ETC. PARA SERVIÇOS DOMÉSTICOS",4838,COMPLEMENTAÇÃO DO IMPOSTO DE RENDA
3714,3714,OMBREIRA,OMBREIRA,4839,IMPOSTO SINDICAL (ANUAL)
3715,3715,PLASTICO (ARMARINHO),PLÁSTICO,4840,GORJETA
3716,3716,LENÇOL DESCARTAVEL,LENÇOL DESCARTÁVEL,4841,TAXA DE INSCRIÇÃO PARA CONCURSO (EMPREGO)
3717,3717,PUNHO PARA REDE,PUNHO DE REDE,4842,TÍTULO DE CAPITALIZAÇÃO (AQUISIÇÃO)
3718,3718,NAPA (ARMARINHO),NAPA,4843,CONTRIBUIÇÃO PARA PARTIDO POLÍTICO
3719,3719,COURO (ARMARINHO),COURO,4844,ALIMENTAÇÃO SUBSIDIADA
3798,3798,AGREGADO,AGREGADO 39,4845,TRANSPORTE SUBSIDIADO
3800,3800,"DESPESAS COM BOLSAS, CALÇADOS E CINTOS","DESPESAS COM BOLSAS, CALÇADOS E CINTOS",4846,IMPOSTO SOBRE SERVIÇOS (ISS) (EVENTUAL)
3801,3801,BOLSA E CARTEIRA DE HOMEM,BOLSA E CARTEIRA DE HOMEM,4847,AUXÍLIO-EDUCAÇÃO (DESCONTO)
3801,3801,PASTA DE HOMEM,BOLSA E CARTEIRA DE HOMEM,4848,TAXA DE SAQUE ELETRÔNICO
3801,3801,MALETA,BOLSA E CARTEIRA DE HOMEM,4898,AGREGADO 32
3801,3801,CARTEIRA DE HOMEM,BOLSA E CARTEIRA DE HOMEM,4900,DESPESAS COM EDUCAÇÃO
3801,3801,BOLSA DE HOMEM,BOLSA E CARTEIRA DE HOMEM,4901,CURSO PRE-ESCOLAR
3802,3802,BOLSA E CARTEIRA DE MULHER,BOLSA E CARTEIRA DE MULHER,4902,CURSO SUPLETIVO
3802,3802,CARTEIRA DE MULHER,BOLSA E CARTEIRA DE MULHER,4903,AULA PARTICULAR
3802,3802,BOLSA DE MULHER,BOLSA E CARTEIRA DE MULHER,4904,CURSO EM DISCO OU FITA (LINGUAFONE)
3802,3802,PORTA-CHEQUE (CARTEIRA DE MULHER),BOLSA E CARTEIRA DE MULHER,4905,TAXAS ESCOLARES
3803,3803,FRASQUEIRA,FRASQUEIRA,4906,ASSINATURA DE PERIÓDICO TÉCNICO
3804,3804,VALISE,VALISE,4907,LIVRO ESCOLAR DE PRIMEIRO E SEGUNDO GRAU
3805,3805,MALA,MALA,4908,LIVRO E REVISTA TECNICA E OUTROS LIVROS DIDATICOS
3806,3806,SANDALIA DE CRIANÇA (EXCETO DE BORRACHA OU PLASTICO),SANDALIA DE CRIANÇA (EXCETO DE BORRACHA OU PLASTICO),4909,TRANSPORTE ESCOLAR
3807,3807,SANDALIA DE HOMEM (EXCETO DE BORRACHA OU PLASTICO),SANDALIA DE HOMEM (EXCETO DE BORRACHA OU PLASTICO),4910,UNIFORME ESCOLAR
3808,3808,SANDALIA DE MULHER (EXCETO DE BORRACHA OU PLASTICO),SANDALIA DE MULHER (EXCETO DE BORRACHA OU PLASTICO),4911,CRECHE
3809,3809,"SANDALIA DE BORRACHA DE CRIANÇA, HOMEM E MULHER","SANDALIA DE BORRACHA DE CRIANÇA, HOMEN, MULHER",4912,LOCAÇÃO DE ALOJAMENTO ESTUDANTIL
3810,3810,SANDALIA E SAPATO DE PLASTICO DE CRIANÇA,SANDALIA E SAPATO DE PLÁSTICO DE CRIANÇA,4914,CARNE DE FORMATURA
3810,3810,SAPATO DE PLASTICO DE CRIANÇA,SANDALIA E SAPATO DE PLÁSTICO DE CRIANÇA,4915,BERÇARIO
3811,3811,SANDALIA E SAPATO DE PLASTICO DE MULHER,SANDALIA E SAPATO DE PLÁSTICO DE MULHER,4916,EXCRUSÃO ESCOLAR
3811,3811,SAPATO DE PLASTICO DE MULHER,SANDALIA E SAPATO DE PLÁSTICO DE MULHER,4917,"TAXA DE CONGRESSO, SEMINARIO, ETC. (EDUCAÇÃO)"
3812,3812,SAPATO E BOTA DE CRIANÇA (EXCETO DE PLASTICO),SAPATO E BOTA DE CRIANÇA (EXCETO DE PLÁSTICO),4918,ASSOCIAÇÃO DE PAIS E MESTRES (APM)
3812,3812,BOTA DE CRIANÇA (EXCETO DE PLASTICO),SAPATO E BOTA DE CRIANÇA (EXCETO DE PLÁSTICO),4919,PASTA ESCOLAR
3813,3813,SAPATO E BOTA DE HOMEM,SAPATO E BOTA DE HOMEM,4920,MERENDEIRA ESCOLAR
3813,3813,BOTA DE HOMEM,SAPATO E BOTA DE HOMEM,4921,MOCHILA ESCOLAR
3814,3814,SAPATO E BOTA DE MULHER (EXCETO DE PLASTICO),SAPATO E BOTA DE MULHER (EXCETO DE PLASTICO),4922,PÓS-GRADUAÇÃO (MESTRADO)
3814,3814,BOTA DE MULHER (EXCETO DE PLASTICO),SAPATO E BOTA DE MULHER (EXCETO DE PLASTICO),4923,CRECHE (DOMICÍLIO PARTICULAR)
3815,3815,TENIS DE CRIANÇA,TENIS DE CRIANÇA,4924,COLÔNIA DE FÉRIAS (EDUCAÇÃO)
3816,3816,TENIS DE HOMEM E MULHER,TENIS DE HOMEM E MULHER,4925,INSTRUMENTOS E APARELHOS DE CURSOS EDUCATIVOS
3817,3817,CINTO DE HOMEM,CINTO DE HOMEM,4926,ALIMENTAÇÃO ESCOLAR
3818,3818,CINTO DE MULHER,CINTO DE MULHER,4927,"BIBLIOTECA (MENSALIDADE, MULTA, ETC.)"
3819,3819,CHINELO,CHINELO,4928,GRÊMIO ESTUDANTIL
3819,3819,PANTUFA,CHINELO,4929,MAPA ESCOLAR
3820,3820,TAMANCO,TAMANCO,4930,TRADUTOR
3821,3821,CINTO DE CRIANÇA,CINTO DE CRIANÇA,4931,CURSO REGULAR DE 1º GRAU
3822,3822,SUSPENSORIO,SUSPENSÓRIO,4932,CURSO REGULAR DE 2º GRAU
3823,3823,BOLSA DE CRIANÇA,BOLSA DE CRIANÇA,4933,CURSO REGULAR DE 3º GRAU
3823,3823,CARTEIRA DE CRIANÇA,BOLSA DE CRIANÇA,4934,GINASTICA
3823,3823,PONCHETE,BOLSA DE CRIANÇA,4935,DATILOGRAFIA
3824,3824,SAPATINHO DE BEBE (NÃO DE LÃ),SAPATINHO DE BEBE (EXCETO DE LÃ),4936,BAILE
3825,3825,MOCHILA DE QUALQUER TIPO,MOCHILA (EXCETO ESCOLAR),4937,IOGA
3826,3826,ALPARGATA PARA HOMEM,ALPARGATA DE HOMEM,4938,MÚSICA
3827,3827,ALPARGATA PARA MULHER,ALPARGATA DE MULHER,4939,INFORMATICA
3828,3828,ALPARGATA PARA CRIANÇA,ALPARGATA DE CRIANÇA,4940,OUTROS CURSOS
3829,3829,"ALUGUEL DE BOLSA, CALÇADO, CINTO, CHAPEU, LUVA, ETC.","ALUGUEL DE BOLSA, CALÇADO, CINTO, CHAPEU, LUVA, ETC.",4941,PÓS-GRADUAÇÃO (DOUTORADO)
3830,3830,SAPATILHA,SAPATILHA,4942,TAXA DE INSCRIÇÃO DE VESTIBULAR
3831,3831,SAPATILHA PARA BALE,,4943,NATAÇÃO
3832,3832,SANDALIA E SAPATO DE PLASTICO DE HOMEM,SANDÁLIA E SAPATO DE PLÁSTICO DE HOMEM,4944,CURSO DE IDIOMA (EXCETO LINGUAFONE)
3832,3832,SAPATO DE PLASTICO DE HOMEM,SANDÁLIA E SAPATO DE PLÁSTICO DE HOMEM,4945,ALUGUEL DE LIVRO DE 1º GRAU
3833,3833,"GALOCHA DE CRIANÇA, HOMEM E MULHER","GALOCHA DE CRIANÇA, HOMEM E MULHER",4946,"TAXA DE INSCRIÇÃO PARA CONCURSO (ESCOLA TECNICA, ETC.)"
3834,3834,BOTA DE PLASTICO DE CRIANÇA,BOTA DE PLÁSTICO DE CRIANÇA,4947,CURSO DE MECÂNICA EM REFRIGERAÇÃO
3898,3898,AGREGADO,AGREGADO 40,4948,SOFTWARE DE CURSO
3900,3900,"DESPESAS COM UTENSILIOS AVULSOS E ARTIGOS DE BANHEIRO, COPA E COZINHA","DESPESAS COM UTENSILIOS AVULSOS E ARTIGOS.DE BANHEIRO, COPA E COZINHA",4949,CURSO DE PRIMEIROS SOCORROS
3901,3901,COPO DE VIDRO,COPO DE VIDRO,4950,CURSO PARA EXCEPCIONAL
3902,3902,PRATO DE LOUÇA,PRATO DE LOUÇA,4998,AGREGADO 33
3903,3903,TRAVESSA DE VIDRO OU LOUÇA,TRAVESSA DE VIDRO OU LOUÇA,5000,"DESPESAS COM DOCUMENTAÇÃO, SEGURO E OUTROS GASTOS COM VEICULOS"
3904,3904,XICARA,XÍCARA,5001,EMPLACAMENTO
3905,3905,OUTROS UTENSILIOS DE VIDRO OU LOUÇA,OUTROS UTENSÍLIOS DE VIDRO OU LOUÇA,5002,MULTA
3906,3906,"FRIGIDEIRA, LEITEIRA, PANELA, ETC.","FRIGIDEIRA, LEITEIRA, PANELA, ETC.",5003,SEGURO OBRIGATÓRIO
3906,3906,PANELA,"FRIGIDEIRA, LEITEIRA, PANELA, ETC.",5004,IMPOSTO SOBRE PROPRIEDADE DE VEÍCULOS AUTOMOTORES (IPVA)
3906,3906,LEITEIRA,"FRIGIDEIRA, LEITEIRA, PANELA, ETC.",5005,ASSISTÊNCIA AUTOMOBILÍSTICA (MENSALIDADE E TAXA)
3906,3906,PANELA DE PRESSÃO,"FRIGIDEIRA, LEITEIRA, PANELA, ETC.",5006,SEGURO VOLUNTARIO DE VEÍCULO
3906,3906,PIPOQUEIRA (PANELA),"FRIGIDEIRA, LEITEIRA, PANELA, ETC.",5007,VAGA CATIVA DE ESTACIONAMENTO
3907,3907,"TALHERES (FACA, GARFO, COLHER)","TALHERES (FACA, GARFO, COLHER)",5008,ALUGUEL DE VEÍCULO
3907,3907,FACA,"TALHERES (FACA, GARFO, COLHER)",5009,TAXA DE EXPEDIENTE (DETRAN)
3907,3907,GARFO,"TALHERES (FACA, GARFO, COLHER)",5010,TRANSFERÊNCIA DE CONSÓRCIO DE VEÍCULO
3907,3907,COLHER,"TALHERES (FACA, GARFO, COLHER)",5011,PROPINA
3908,3908,OUTROS UTENSILIOS DE METAL,OUTROS UTENSÍLIOS DE METAL,5012,LEASING DE AUTOMÓVEL
3908,3908,SOCADOR DE CARNE (METAL),OUTROS UTENSÍLIOS DE METAL,5098,AGREGADO 34
3908,3908,CANECA DE METAL,OUTROS UTENSÍLIOS DE METAL,5100,DESPESAS COM AQUISIÇÃO DE VEÍCULOS
3908,3908,RALADOR DE QUEIJO,OUTROS UTENSÍLIOS DE METAL,5101,AUTOMÓVEL DE PASSEIO NACIONAL NOVO
3908,3908,ESCORREDOR DE METAL,OUTROS UTENSÍLIOS DE METAL,5102,BARCO
3908,3908,"ABRIDOR DE GARRAFA,LATA,ETC",OUTROS UTENSÍLIOS DE METAL,5103,BICICLETA
3908,3908,TORRADEIRA DE PÃO (NÃO ELETRICA),OUTROS UTENSÍLIOS DE METAL,5104,MOTOCICLETA
3908,3908,FACÃO,OUTROS UTENSÍLIOS DE METAL,5105,WINDSURF
3908,3908,LATA PARA CONDIMENTO (AVULSA),OUTROS UTENSÍLIOS DE METAL,5106,ASA DELTA
3908,3908,PORTA-CONDIMENTO (AVULSO),OUTROS UTENSÍLIOS DE METAL,5107,TRAILLER
3908,3908,SUPORTE PARA PANELAS,OUTROS UTENSÍLIOS DE METAL,5108,ULTRALEVE
3908,3908,FORMA PARA BAURU,OUTROS UTENSÍLIOS DE METAL,5109,CAIQUE
3908,3908,"FORMA PARA BOLO, PIZZA, PUDIM",OUTROS UTENSÍLIOS DE METAL,5110,AUTOMÓVEL UTILITARIO NACIONAL NOVO
3908,3908,PORTA-COPOS,OUTROS UTENSÍLIOS DE METAL,5111,CAMINHÃO
3908,3908,RASPADOR DE COCO,OUTROS UTENSÍLIOS DE METAL,5112,LANCHA
3908,3908,TRIPE PARA PANELAS (METAL),OUTROS UTENSÍLIOS DE METAL,5113,JET SKI
3909,3909,UTENSILIOS DE PLASTICO,UTENSÍLIOS DE PLÁSTICO,5120,AUTOMÓVEL UTILITARIO IMPORTADO NOVO
3909,3909,BALDE PLASTICO,UTENSÍLIOS DE PLÁSTICO,5121,AUTOMÓVEL DE PASSEIO IMPORTADO NOVO
3909,3909,BACIA PLASTICA,UTENSÍLIOS DE PLÁSTICO,5122,VEÍCULO DE TRAÇÃO ANIMAL E ANIMAL DE TRAÇÃO
3909,3909,CONJUNTO PLASTICO PARA MANTIMENTOS,UTENSÍLIOS DE PLÁSTICO,5123,WALK MACHINE
3909,3909,GARRAFA PLASTICA PARA AGUA,UTENSÍLIOS DE PLÁSTICO,5124,KART
3909,3909,VASILHAME PLASTICO PARA MANTIMENTOS,UTENSÍLIOS DE PLÁSTICO,5151,AUTOMÓVEL DE PASSEIO OU UTILITARIO USADO
3909,3909,GARRAFÃO PLASTICO PARA AGUA,UTENSÍLIOS DE PLÁSTICO,5198,AGREGADO 35
3909,3909,ENGRADADO PLASTICO,UTENSÍLIOS DE PLÁSTICO,5300,RENDIMENTOS RECEBIDOS E DEDUÇÕES
3909,3909,PORTA-TOALHA DE PLASTICO,UTENSÍLIOS DE PLÁSTICO,5301,EMPREGADO PRIVADO
3909,3909,ARMARIO DE PLASTICO PARA BANHEIRO,UTENSÍLIOS DE PLÁSTICO,5302,EMPREGADO PÚBLICO
3909,3909,BANHEIRA PLASTICA PARA CRIANÇA OU BEBE,UTENSÍLIOS DE PLÁSTICO,5303,EMPREGADO DOMÉSTICO
3909,3909,CONJUNTO PARA BANHEIRO (PLASTICO),UTENSÍLIOS DE PLÁSTICO,5304,EMPREGADOR
3909,3909,CONJUNTO PLASTICO PARA BANHEIRO,UTENSÍLIOS DE PLÁSTICO,5305,CONTA PRÓPRIA PERMANETE
3909,3909,JOGO PLASTICO PARA MANTIMENTOS,UTENSÍLIOS DE PLÁSTICO,5306,CONTA PRÓPRIA EVENTUAL
3909,3909,JOGO PARA MANTIMENTOS (PLASTICO),UTENSÍLIOS DE PLÁSTICO,5311,APOSENTADORIA E PENSÃO DO INSTITUTO DE PREVIDENCIA PRIVADA (ABERTA OU FECHADA)
3909,3909,ASSENTO PARA VASO SANITARIO,UTENSÍLIOS DE PLÁSTICO,5312,"APOSENTADORIA, SUPLEMENTAÇÃO E COMPLEMENTAÇÃO DA PREVIDENCIA PRIVADA (ABERTA OU FECHADA)"
3909,3909,TAMPA PARA TANQUE (PLASTICO),UTENSÍLIOS DE PLÁSTICO,5313,BOLSA DE ESTUDO
3909,3909,TORNEIRA DE FILTRO (PLASTICO),UTENSÍLIOS DE PLÁSTICO,5314,"PENSÃO ALIMENTÍCIA, MESADA E DOAÇÃO"
3909,3909,PORTA-PAPEL HIGIENICO,UTENSÍLIOS DE PLÁSTICO,5321,"ALUGUEL, USO OU EXPLORAÇÃO DE BENS IMOVEIS"
3909,3909,VITA-SUCO (COPO PARA LIQUIDIFICADOR),UTENSÍLIOS DE PLÁSTICO,5322,"ALUGUEL, USO OU EXPLORAÇÃO DE BENS MOVEIS"
3909,3909,ENFEITE PARA GELADEIRA (PLASTICO),UTENSÍLIOS DE PLÁSTICO,5331,AUXÍLIO-ALIMENTAÇÃO
3910,3910,GARRAFA TERMICA E VIDRO DE GARRAFA TERMICA,GARRAFA TÉRMICA,5332,AUXÍLIO-TRANSPORTE
3910,3910,VIDRO DE GARRAFA TERMICA,GARRAFA TÉRMICA,5333,AUXÍLIO-COMBUSTÍVEL
3911,3911,VELA DE FILTRO,VELA DE FILTRO,5400,"OUTROS RECEBIMENTOS, RECEITAS, EMPRESTIMOS E DEDUÇÃO"
3912,3912,CAPACHO,CAPACHO,5401,RENDIMENTO E ABONO PIS-PASEP
3913,3913,CORTINAS E TAPETES DE BORRACHA OU PLASTICO,,5402,"SAQUE DO PIS-PASEP, FGTS E INDENIZAÇÃO TRABALHISTA"
3913,3913,TAPETES DE BORRACHA OU PLASTICO,,5403,LUCRO DE NEGÓCIOS
3914,3914,TABUA DE CARNE,,5404,RESTITUIÇÃO DO IMOSTO DE RENDA
3915,3915,SOCADOR DE ALHO (MADEIRA),,5405,HERANÇA E OUTRAS TRANSFERÊNCIAS PATRIMONIAIS
3916,3916,OUTROS UTENSILIOS DE MADEIRA,UTENSÍLIOS DE MADEIRA,5406,PRÊMIO RESTITUÍDO E INDENIZAÇÃO PAGA POR SEGURADORA
3916,3916,ENGRADADO DE MADEIRA,UTENSÍLIOS DE MADEIRA,5407,"GANHO EM JOGOS (LOTERIA, SENA, RASPADINHA, LOTO, ETC.) OU PREMIO"
3917,3917,"CAPA PARA LIQUIDIFICADOR, ENCERADEIRA, ETC.","CAPA DE LIQUIDIFICADOR, ENCERADEIRA, MAQUINA DE LAVAR, ETC.",5408,VENDA DE AUTOMÓVEL
3918,3918,CHAPA E CACHIMBO PARA FOGÃO,,5409,VENDA DE IMÓVEL (EXCETO TERRENO)
3918,3918,CACHIMBO E CHAPA PARA FOGÃO,,5410,GANHO COM VIAGEM A TRABALHO
3918,3918,REGULADOR DE PRESSÃO PARA BUJÃO DE GAS,,5412,AUXÍLIO-NATALIDADE
3918,3918,BORBOLETA PARA BUJÃO A GAS,,5413,AUXÍLIO-DOENÇA (PREVIDÊNCIA PÚBLICA)
3918,3918,CLICK (BORBOLETA PARA BUJÃO A GAS),,5414,EMPRÉSTIMO
3918,3918,VALVULA PARA BUJÃO A GAS,,5415,DIVIDENDOS DE AÇÕES (DINHEIRO)
3918,3918,TAMPA PARA CACHIMBO DE FOGÃO,,5416,VENDA DE TERRENO
3919,3919,COADOR DE TECIDO,COADOR DE TECIDO,5423,SEGURO-DESEMPREGO
3920,3920,BUJÃO DE GAS (VAZIO),BUJÃO DE GAS (VAZIO),5424,AUXÍLIO-MATERNIDADE
3920,3920,BUTIJÃO DE GAS (VAZIO),BUJÃO DE GAS (VAZIO),5425,CRÉDITO-EDUCATIVO
3921,3921,PANELA DE BARRO,,5426,AUXÍLIO-SAÚDE
3922,3922,OUTROS UTENSILIOS DE BARRO,UTENSÍLIOS DE BARRO,5427,AUXÍLIO-DOENÇA (PREVIDÊNCIA PRIVADA)
3923,3923,ACRILICO (UTENSILIOS),UTENSÍLIOS DE ACRÍLICO,5428,ACIDENTE DE TRABALHO (PREVIDÊNCIA PÚBLICA)
3923,3923,UTENSILIOS DE ACRILICO,UTENSÍLIOS DE ACRÍLICO,5429,RESTITUIÇÃO DA PREVIDÊNCIA PÚBLICA
3924,3924,PRATO DE ESMALTE,PRATO DE ESMALTE,5430,PENSIONISTA (RENDIMENTO)
3925,3925,UTENSILIOS DE ISOPOR,UTENSÍLIOS DE ISOPOR,5431,JUROS DE EMPRÉSTIMOS
3925,3925,ISOPOR (CAIXA E OUTROS UTENSILIOS),UTENSÍLIOS DE ISOPOR,5432,AUXÍLIO-EDUCAÇÃO
3925,3925,PORTA-MAMADEIRA DE ISOPOR,UTENSÍLIOS DE ISOPOR,5434,RESTITUIÇÃO JUDICIAL
3926,3926,PASSADEIRA,PASSADEIRA,5435,CAIXINHA
3926,3926,TAPETE DE PANO,PASSADEIRA,5436,AUXÍLIO-FUNERAL
3927,3927,PENICO,,5438,AUXÍLIO-VELHICE
3927,3927,OURINOL,,5439,DINHEIRO ACHADO
3928,3928,UTENSILIOS DE BORRACHA,UTENSÍLIOS DE BORRACHA,5440,RESTITUIÇÃO DA PREVIDÊNCIA PRIVADA
3929,3929,SUPORTE PARA GARRAFA TERMICA (QUALQUER MATERIAL),,5441,SEGURO HABTITAÇÃO (RESTITUIÇÃO)
3930,3930,CESTO PARA ROUPA,CESTO PARA ROUPA,5443,AUXÍLIO-TRATAMENTO
3930,3930,SACOLA PARA ROUPA,CESTO PARA ROUPA,5444,"VENDA DE CONSÓRCIO, CARNE E OUTROS"
3931,3931,APARELHO PARA CORTAR VERDURA,APARELHO DE CORTAR VERDURA,5445,"DÉCIMO TERCEIRO SALARIO, FÉRIAS, ABONO DE FÉRIAS, ETC."
3931,3931,CORTADOR DE VERDURA (APARELHO),APARELHO DE CORTAR VERDURA,5446,TÍTULO DE CAPITALIZAÇÃO (RESGATE)
3932,3932,CAMISA PARALAMPIÃO A GAS,,5447,PARTICIPAÇÃO NOS LUCROS DE EMPRESA
3933,3933,FRUTEIRA (INOX),FRUTEIRA (INOX),5448,VENDA DE MATERIAL DE CONSTRUÇÃO
3934,3934,UTENSILIOS DE FIBRA VEGETAL,UTENSÍLIOS DE FIBRA VEGETAL,5449,VENDA DE VEÍCULO DE TRAÇÃO ANIMAL OU ANIMAL DE TRAÇÃO
3934,3934,PENEIRA DE FIBRA VEGETAL,UTENSÍLIOS DE FIBRA VEGETAL,5450,VENDA DE BICICLETA
3935,3935,BANDEJA (INOX),BANDEJA (INOX),5451,VENDA DE LINHA TELEFÔNICA
3936,3936,PORTA-TOALHA DE TECIDO,PORTA-TOALHA DE TECIDO,5452,COMISSÃO DE VENDA (ESPORADICA)
3937,3937,CONJUNTO PARA BANHEIRO (TECIDO),CONJUNTO DE TECIDO DE BANHEIRO,5453,RESTITUIÇÃO DE CONVENIO DE SAÚDE
3937,3937,JOGO PARA BANHEIRO (TECIDO),CONJUNTO DE TECIDO DE BANHEIRO,5454,RESTITUIÇÃO DE MULTA DE TRÂNSITO
3938,3938,SAPATEIRA,SAPATEIRA,5455,AUXÍLIO-MORADIA
3939,3939,TAÇA PARA SORVETE,TAÇA DE SORVETE,5456,PRESENTE EM DINHEIRO (ESPORADICO)
3940,3940,PROTETOR PARA PORTA,PROTETOR DE PORTA,5457,RECEBIMENTO DE PECÚLIO
3941,3941,CAPA PARA SOFA,CAPA DE SOFA,5458,RESCISÃO CONTRATUAL
3998,3998,AGREGADO,AGREGADO 24,5459,RESTITUIÇÃO DE MATRÍCULA ESCOLAR
4000,4000,OUTRAS DESPESAS,OUTRAS DESPESA,5490,IMPOSTO DE RENDA RETIDO NA FONTE E ANTECIPADO (CARNE LEÃO)
4001,4001,BIJUTERIA,BIJUTERIA,5491,VENDA DE MOTOCICLETA
4001,4001,COLAR,BIJUTERIA,5492,RESTIRUIÇÃO DE DINHEIRO NA COMPRA POR CARNE
4001,4001,PINGENTE,BIJUTERIA,5497,AGREGADO 36
4001,4001,BRINCO,BIJUTERIA,5500,MOVIMENTAÇÃO DO ATIVO FINANCEIRO
4001,4001,BROCHE,BIJUTERIA,5501,POUPANÇA (DEPÓSITO)
4001,4001,GARGANTILHA,BIJUTERIA,5502,"FUNDO E DEPÓSITO DE APLICAÇÃO FINANCEIRA (CDB, RDB, COMMODITIES, ETC.)"
4002,4002,CACHIMBO,CACHIMBO,5503,AÇÕES (APLICAÇÃO)
4003,4003,CHAPEU DE QUALQUER TIPO,,5504,"OUTROS (OURO, MOEDAS ESTRANGEIRAS, ETC.) (APLICAÇÃO)"
4004,4004,GUARDA CHUVA E SOMBRINHA,,5511,POUPANÇA (RETIRADA)
4004,4004,SOMBRINHA,,5512,"FUNDO DE APLICAÇÃO FINANCEIRA (CDB, RDB, COMMODITIES, ETC.) (RETIRADA OU RESGATE)"
4005,4005,OCULOS SEM GRAU E LENTES PARA OCULOS SEM GRAU,ÓCULOS SEM GRAU E LENTES DE ÓCULOS SEM GRAU,5513,AÇÕES (RESGATE)
4005,4005,LENTES PARA OCULOS SEM GRAU,ÓCULOS SEM GRAU E LENTES DE ÓCULOS SEM GRAU,5514,"OUTROS (OURO, MOEDAS ESTRANGEIRAS, ETC.) (RESGATE)"
4006,4006,FLORES ARTIFICIAIS,,5601,EMPREGADO PRIVADO (IR)
4007,4007,TRANSPORTE DE MERCADORIAS,TRNSPORTE DE MERCADORIAS,5602,EMPREGADO PÚBLICO (IR)
4008,4008,ANUNCIO CLASSIFICADO,,5603,EMPREGADO DOMÉSTICO (IR)
4008,4008,PROMESSA EM JORNAL,,5604,EMPREGADOR (IR)
4009,4009,ALUGUEL DE CAIXA FORTE E COFRE,ALUGUEL DE CAIXA FORTE E COFRE,5605,CONTA PRÓPRIA PERMANENTE (IR)
4010,4010,CABIDE,,5606,CONTA PRÓPRIA EVENTUAL (IR)
4011,4011,MASCARA DE CARNAVAL,MASCARA DE CARNAVAL,5611,APOSENTADORIA E PENSÃO DO INSTITUTO DE PREVIDENCIA
4012,4012,BONE,,5612,"APOSENTADORIA, SUPLEMENTAÇÃO E COMPLEMENTAÇÃO DE PREVIDENCIA"
4013,4013,VISEIRA,,5613,BOLSA DE ESTUDO (IR)
4014,4014,PALMILHA COMUM,,5614,PENSÃO ALIMENTÍCIA MESADA E DOAÇÃO
4015,4015,PULSEIRA PARA RELOGIO,,5621,"ALUGUEL, USO OU EXPLORAÇÃO DE BENS IMOVEIS"
4016,4016,PORTA-RETRATO,,5622,"ALUGUEL, USO OU EXPLORAÇÃO DE BENS MOVEIS"
4016,4016,MOLDURA PARA RETRATO OU FOTO,,5631,AUXÍLIO-ALIMENTAÇÃO (IR)
4017,4017,DOCUMENTAÇÃO (IDENTIDADE),,5632,AUXÍLIO-TRANSPORTE (IR)
4017,4017,DOCUMENTAÇÃO (CARTEIRA DE SAUDE),,5633,AUXÍLIO-COMBUSTÍVEL(IR)
4017,4017,DOCUMENTAÇÃO (OUTRAS CARTEIRAS EXCETO DE MOTORISTA OU DE HABILITAÇÃO),,5701,EMPREGADO PRIVADO (INSS)
4017,4017,DOCUMENTO (PASSAPORTE),,5702,EMPREGADO PÚBLICO (INSS)
4017,4017,PASSAPORTE (DOCUMENTO),,5703,EMPREGADO DOMÉSTICO (INSS)
4018,4018,FOTOGRAFIA PARA DOCUMENTAÇÃO,,5704,EMPREGADOR (INSS)
4018,4018,FOTO PARA DOCUMENTAÇÃO,,5705,CONTA PRÓPRIA PERMANENTE (INSS)
4018,4018,FOTOGRAFIA EM FOTOGRAFO,,5706,CONTA PRÓPRIA EVENTUAL (INSS)
4019,4019,POSTER OU FOTOGRAFIA A VENDA,,5711,APOSENTADORIA E PENSÃO DO INSTITUTO DE PREVIDÊNCIA
4019,4019,FOTOGRAFIA A VENDA,,5712,"APOSENTADORIA, SUPLEMENTAÇÃO E COMPLEMENTAÇÃO"
4020,4020,TAXA DE INSCRIÇÃO (EXCETO PARA EDUCAÇÃO),,5713,BOLSA DE ESTUDO (INSS)
4021,4021,CADARÇO,,5714,"PENSÃO ALIMENTÍCIA, MESADA E DOAÇÃO"
4022,4022,ADESIVO PLASTICO OU PANFLETO,ADESIVO PLÁSTICO OU PANFLETO,5721,"ALUGUEL, USO OU EXPLORAÇÃO DE BENS IMÓVEIS"
4022,4022,PANFLETO OU ADESIVO PLASTICO,ADESIVO PLÁSTICO OU PANFLETO,5722,"ALUGUEL, USO OU EXPLORAÇÃO DE BENS MÓVEIS"
4023,4023,MOEDAS,MOEDA,5731,AUXÍLIO-ALIMENTAÇÃO (INSS)
4024,4024,CAIXINHA OU GORJETA,,5732,AUXÍLIO-TRANSPORTE (INSS)
4024,4024,GORJETA OU CAIXINHA,,5733,AUXÍLIO-COMBUSTÍVEL (INSS)
4025,4025,SELOS (HOBBY),SELO (HOBBY),5801,EMPREGADO PRIVADO (OUTRAS)
4025,4025,ALBUM DE SELOS,SELO (HOBBY),5802,EMPREGADO PÚBLICO (OUTRAS)
4026,4026,BATERIA PARA RELOGIO,"BATERIA DE RELÓGIO, BRIQUEDO, APARELHO AUDUTIVO, ETC.",5803,EMPREGADO DOMÉSTICO (OUTRAS)
4027,4027,PORTA-JOIAS,,5804,EMPREGADOR (OUTRAS)
4028,4028,FITA (ARRANJO) DE CABELO PARA CRIANÇA,,5805,CONTA PROPRIA PERMANENTE (OUTRAS)
4028,4028,ENFEITE (LACINHO) DE CABELO PARA CRIANÇA,,5806,CONTA PROPRIA EVENTUAL (OUTRAS)
4028,4028,LACINHO (ENFEITE) DE CABELO PARA CRIANÇA,,5811,APOSENTADORIA E PENSÃO DO INSTITUTO
4029,4029,PARAFINA,PARAFINA,5812,"APOSENTADORIA, SUPLEMENTAÇÃO E COMPLEMENTAÇÃO"
4030,4030,CIGARREIRA,CIGARREIRA,5813,BOLSA DE ESTUDO (OUTRAS)
4031,4031,CHAVEIRO,CHAVEIRO,5814,"PENSÃO ALIMENTÍCIA, MESADA E DOAÇÃO"
4032,4032,BOMBA E CUIA OU PORONGO PARA CHIMARRÃO,BOMBA E GUIA OU PORONGO DE CHIMARRÃO,5821,"ALUGUEL, USO OU EXPLORAÇÃO DE BENS IMÓVEIS"
4032,4032,BOMBA PARA CHIMARRÃO,BOMBA E GUIA OU PORONGO DE CHIMARRÃO,5822,"ALUGUEL, USO OU EXPLORAÇÃO DE BENS MÓVEIS"
4032,4032,CUIA PARA CHIMARRÃO,BOMBA E GUIA OU PORONGO DE CHIMARRÃO,5831,AUXÍLIO ALIMENTAÇÃO (OUTRAS)
4032,4032,PORONGO PARA CHIMARRÃO,BOMBA E GUIA OU PORONGO DE CHIMARRÃO,5832,AUXÍLIO TRANSPORTE (OUTRAS)
4033,4033,TRAVA PARA CHUTEIRA,,5833,AUXÍLIO COMBUSTÍVEL (OUTRAS)
4034,4034,PLASTIFICAÇÃO DE DOCUMENTO,PLASTIFICAÇÃO DE DOCUMENTO,6301,ARROZ POLIDO
4035,4035,"PINCEL, TINTA E VERNIZ PARA PINTURA DE TELA, VASO, ETC.","PINCEL, TINTA E VERNIZ PARA PINTURA DE TELA,VASO, ETC.",6302,ARROZ INTEGRAL
4035,4035,"TINTA PARA PINTURA DE TELA, VASO, ETC.","PINCEL, TINTA E VERNIZ PARA PINTURA DE TELA,VASO, ETC.",6303,ARROZ COM CASCA
4035,4035,"VERNIZ PARA PINTURA DE TELA, VASO, ETC.","PINCEL, TINTA E VERNIZ PARA PINTURA DE TELA,VASO, ETC.",6304,AVEIA EM GRÃO
4036,4036,PORTA-OCULOS,PORTA-ÓCULOS,6305,CENTEIO EM GRÃO
4037,4037,BABY BAG,BABY BAG,6306,CEVADA EM GRÃO
4037,4037,CANGURU (BABY BAG),BABY BAG,6307,MILHO EM GRÃO
4038,4038,MONOCULO,MONÓCULO,6308,MILHO VERDE EM ESPIGA
4039,4039,ENCADERNAÇÃO,,6309,TRIGO EM GRÃO
4040,4040,CAIXINHA DE MUSICA,,6310,AMENDOIM EM GRÃO (IN NATURA)
4041,4041,CORREIA DE CHINELO,,6311,ERVILHA EM GRÃO
4042,4042,ALUGUEL DE ASSENTO,ALUGUEL DE ASSENTO,6312,FAVA EM GRÃO
4043,4043,CAVALETE PARA PINTURA DE TELA,CAVALETE DE PINTURA DE TELA,6313,FEIJÃO MANTEIGA
4044,4044,SOUVENIR,,6314,FEIJÃO MULATINHO
4044,4044,"FITA DE RECORDAÇÃO (SENHOR DO BONFIM,ETC)",,6315,FEIJÃO PRETO
4045,4045,"CAIXA DE MADEIRA (PORTA-LENÇO, MATERIAL DE COSTURA, TRICO, ETC.)",,6316,FEIJÃO FRADINHO
4045,4045,PORTA-LENÇO (CAIXA DE MADEIRA),,6317,FEIJÃO JALO
4046,4046,FRALDEIRO,,6318,FEIJÃO MANGALO
4047,4047,PORTA-DISCOS,,6319,FEIJÃO ROXO
4047,4047,ALBUM DE DISCOS (PORTA-DISCOS),,6320,FEIJÃO RAPÉ
4048,4048,PORTA-CHAVES,,6321,FEIJÃO RAJADO
4049,4049,MASCARA PROTETORA (PROTEÇÃO PROFISSIONAL),MASCARA PROTETORA (PROTEÇÃO PROFISSIONAL),6322,FEIJÃO ROSINHA
4050,4050,PEDRA DE AMOLAR,PEDRA DE AMOLAR,6323,FEIJÃO ENXOFRE
4050,4050,AMOLADOR (PEDRA),PEDRA DE AMOLAR,6324,FEIJÃO PARDO
4051,4051,PORTA-CARTÃO,,6325,FEIJÃO CHUMBINHO
4052,4052,BARBANTE,,6326,GUANDO
4052,4052,CORDÃO (BARBANTE),,6327,TREMOÇO
4053,4053,SALTO PARA CALÇADO,,6328,GRÃO DE BICO
4054,4054,TINTA PARA CALÇADO,,6329,LENTILHA
4055,4055,ALBUM COM FOTOGRAFIAS (NÃO CERIMONIA FAMILIAR),,6330,SOJA EM GRÃO
4056,4056,QUEIMA DE PEÇAS DE ARGILA,,6331,FEIJÃO (NÃO ESPECIFICADO)
4097,4097,USO DIORF (BNHPBC),,6332,SEMENTE DE ABÓBORA
4098,4098,AGREGADO,AGREGADO 25,6333,ARROZ PRÉ-COZIDO
4100,4100,DESPESAS COM JOIAS,DESPESAS COM VIAGENS,6335,SEMENTE DE GERGELIM
4101,4101,"JOIA (ALIANÇA, ANEL, CORDÃO, ETC.)",ÔNIBUS URBANO (VIAGEM),6336,FEIJÃO ADZUKI
4101,4101,PULSEIRA (JOIA),ÔNIBUS URBANO (VIAGEM),6337,ARROZ ESPECIAL (JAPONÊS)
4101,4101,CORDÃO (JOIA),ÔNIBUS URBANO (VIAGEM),6351,BATATA INGLESA
4101,4101,ANEL (JOIA),ÔNIBUS URBANO (VIAGEM),6352,ARARUTA
4101,4101,ALIANÇA (JOIA),ÔNIBUS URBANO (VIAGEM),6353,BATATA BAROA
4101,4101,SEMI-JOIA,ÔNIBUS URBANO (VIAGEM),6354,BATATA DOCE
4102,4102,RELOGIO DE PULSO DE CRIANÇA,TREM (VIAGEM),6355,INHAME
4103,4103,RELOGIO DE PULSO DE HOMEM,AVIÃO (VIAGEM),6356,MANDIOCA
4104,4104,RELOGIO DE PULSO DE MULHER,NAVIO (VIAGEM),6357,CARA
4105,4105,CANETA RELOGIO,CONBUSTÍVEL DE VEÍCULO (VIAGEM),6358,MANGARITO
4106,4106,CANETA DE OURO OU PRATA (JOIA),ALIMENTAÇÃO (VIAGEM),6359,BATATA AIPÓ
4107,4107,ISQUEIRO DE OURO OU PRATA (JOIA),HOSPEDAGEM (VIAGEM),6360,RABANETE
4108,4108,RELOGIO DE BOLSO,EXCURSÃO (EXCETO ESCOLAR).(VIAGEM),6361,BETERRABA
4109,4109,BARRA DE OURO,GARAGEM (VIAGEM),6362,CENOURA
4109,4109,OURO EM BARRA,GARAGEM (VIAGEM),6363,NABO
4109,4109,OURO EM PO,GARAGEM (VIAGEM),6364,NABICA
4198,4198,AGREGADO,AGREGADO 26,6365,GOBO
4200,4200,DESPESAS COM SERVIÇOS DE ASSISTENCIA A SAUDE,DESPESAS COM SERVIÇOS DE ASSISTENCIA A SAÚDE,6366,AÇAFRÃO
4201,4201,CONSULTA MEDICA,CONSULTA MÉDICA,6401,CREME DE ARROZ
4202,4202,CURANDEIRO E CURIOSO,CURANDEIRO E CURIOSO,6402,FLOCOS DE ARROZ
4202,4202,CURIOSO,CURANDEIRO E CURIOSO,6403,FARINHA DE ARROZ
4203,4203,"PROTESES E APARELHOS DENTARIOS (DENTADURA, PIVO, APARELHO ORTODONTICO, ETC.)","PROTESE E APARELHO DENTARIO (DENTADURA, PIVO, APARELHO ORTODONTICO, ETC.)",6404,AVEIA EM FLOCOS
4203,4203,APARELHO ORTODONTICO,"PROTESE E APARELHO DENTARIO (DENTADURA, PIVO, APARELHO ORTODONTICO, ETC.)",6405,FARINHA DE CENTEIO
4203,4203,PIVO,"PROTESE E APARELHO DENTARIO (DENTADURA, PIVO, APARELHO ORTODONTICO, ETC.)",6406,FUBA DE MILHO
4203,4203,DENTADURA,"PROTESE E APARELHO DENTARIO (DENTADURA, PIVO, APARELHO ORTODONTICO, ETC.)",6407,MAIZENA
4204,4204,"TRATAMENTO DENTARIO (EXTRAÇÃO, OBTURAÇÃO, TRATAMENTO DE CANAL, COLOCAÇÃO DE  JAQUETA, ETC.)","TRATAMENTO DENTARIO (EXTRAÇÃO, OBTURAÇÃO, TRATAMENTO DE CANAL COLO JAQUETA, ETC.)",6408,CREMOGEMA
4204,4204,TRATAMENTO DE CANAL DENTARIO,"TRATAMENTO DENTARIO (EXTRAÇÃO, OBTURAÇÃO, TRATAMENTO DE CANAL COLO JAQUETA, ETC.)",6409,FLOCOS DE MILHO
4204,4204,OBTURAÇÃO DENTARIA,"TRATAMENTO DENTARIO (EXTRAÇÃO, OBTURAÇÃO, TRATAMENTO DE CANAL COLO JAQUETA, ETC.)",6410,FARINHA DE TRIGO
4204,4204,EXTRAÇÃO DENTARIA,"TRATAMENTO DENTARIO (EXTRAÇÃO, OBTURAÇÃO, TRATAMENTO DE CANAL COLO JAQUETA, ETC.)",6411,FARINHA DE ROSCA
4204,4204,COLOCAÇÃO DE JAQUETA DENTARIA,"TRATAMENTO DENTARIO (EXTRAÇÃO, OBTURAÇÃO, TRATAMENTO DE CANAL COLO JAQUETA, ETC.)",6412,FARINHA DE QUIBE
4205,4205,"PROFISSIONAIS DE SAUDE (CIRURGIÃO, OBSTETRA, ANESTESISTA, ETC.) PARA CIRURGIA E PARTO","PROFISSIONAIS DE SAÚDE (CIRURGIÃO, OBSTETRA, ANESTESISTA, ETC.) PARA CIRURGIA E PARTO",6413,"GERME, GLUTEM E FIBRA DE TRIGO"
4205,4205,ANESTESISTA PARA CIRURGIA E PARTO,"PROFISSIONAIS DE SAÚDE (CIRURGIÃO, OBSTETRA, ANESTESISTA, ETC.) PARA CIRURGIA E PARTO",6414,FARINHA DE MANDIOCA
4205,4205,OBSTETRA  PARA CIRURGIA E PARTO,"PROFISSIONAIS DE SAÚDE (CIRURGIÃO, OBSTETRA, ANESTESISTA, ETC.) PARA CIRURGIA E PARTO",6415,FÉCULA DE MANDIOCA
4205,4205,CIRURGIÃO PARA OPERAÇÃO E PARTO,"PROFISSIONAIS DE SAÚDE (CIRURGIÃO, OBSTETRA, ANESTESISTA, ETC.) PARA CIRURGIA E PARTO",6416,FÉCULA DE BATATA
4206,4206,HOSPITALIZAÇÃO,HOSPITALIZAÇÃO,6417,FARINHA DE ARARUTA
4206,4206,INTERNAÇÃO EM PRONTO SOCORRO,HOSPITALIZAÇÃO,6418,FÉCULA DE ARARUTA
4206,4206,INTERNAÇÃO EM MATERNIDADE,HOSPITALIZAÇÃO,6419,FARINHA DE SOJA
4206,4206,INTERNAÇÃO EM HOSPITAL,HOSPITALIZAÇÃO,6420,FARINHA LACTEA
4207,4207,ELETRODIAGNOSTICO,ELETRODIAGNOSTICO,6421,NESTON
4207,4207,ULTRASONOGRAFIA,ELETRODIAGNOSTICO,6422,MASSA DE PÃO COMUM
4207,4207,CARDIOTOCOGRAFIA,ELETRODIAGNOSTICO,6423,MASSA DE PÃO DE QUEIJO
4207,4207,ELETROCARDIOGRAMA,ELETRODIAGNOSTICO,6424,MASSA DE PIZZA
4207,4207,TOMOGRAFIA,ELETRODIAGNOSTICO,6425,MASSA DE TORTA
4207,4207,ELETROENCEFALOGRAMA,ELETRODIAGNOSTICO,6426,MASSA DE PASTEL
4207,4207,ENDOSCOPIA,ELETRODIAGNOSTICO,6427,MASSA DE NHOQUE
4207,4207,ECOGRAFIA,ELETRODIAGNOSTICO,6428,MASSA DE RAVIOLE
4208,4208,EXAME DE LABORATORIO,EXAME DE LABORATÓRIO,6429,MASSA DE LASANHA
4208,4208,EXAME DE BACILO,EXAME DE LABORATÓRIO,6430,MASSA DE CANELONE
4208,4208,EXAME DE FEZES,EXAME DE LABORATÓRIO,6431,MASSA DE CAPELETI
4208,4208,EXAME DE SANGUE,EXAME DE LABORATÓRIO,6432,MACARRÃO SEM OVOS
4208,4208,EXAME DE URINA,EXAME DE LABORATÓRIO,6433,MACARRÃO COM OVOS
4208,4208,EXAME PRE-NUPCIAL,EXAME DE LABORATÓRIO,6434,MACARRÃO (NÃO ESPECIFICADO)
4209,4209,RADIOGRAFIA,RADIOGRAFIA,6435,PURÊ DE BATATA EM CAIXA
4210,4210,"CAUTERIZAÇÃO, CURATIVO, NEBULIZAÇÃO, VACINAÇÃO E OUTROS TRATAMENTOS AMBULATORIAIS","CAUTERIZAÇÃO, CURATATIVO, NEBULIZAÇÃO, VACINAÇÃO E OUTROS TRATAMENTOS AMBULATORIAIS",6436,BIFE VEGETAL
4210,4210,VACINAÇÃO,"CAUTERIZAÇÃO, CURATATIVO, NEBULIZAÇÃO, VACINAÇÃO E OUTROS TRATAMENTOS AMBULATORIAIS",6437,OUTRAS FARINHAS
4210,4210,TRATAMENTO AMBULATORIAL,"CAUTERIZAÇÃO, CURATATIVO, NEBULIZAÇÃO, VACINAÇÃO E OUTROS TRATAMENTOS AMBULATORIAIS",6439,MANDIOPÂ
4210,4210,NEBULIZAÇÃO,"CAUTERIZAÇÃO, CURATATIVO, NEBULIZAÇÃO, VACINAÇÃO E OUTROS TRATAMENTOS AMBULATORIAIS",6442,MASSA DE COXINHA
4210,4210,CURATIVO,"CAUTERIZAÇÃO, CURATATIVO, NEBULIZAÇÃO, VACINAÇÃO E OUTROS TRATAMENTOS AMBULATORIAIS",6443,MASSA DE ROTOLONE (SEMIPRONTA)
4211,4211,"OCULOS, ARMAÇÃO, LENTE,L ENTE DE CONTATO",ARMAÇÃO DE ÓCULOS,6444,GRANOLA (FLOCOS DE CEREAL)
4211,4211,ARMAÇÃO DE OCULOS,ARMAÇÃO DE ÓCULOS,6451,COCO DA BAHIA (SECO OU VERDE)
4211,4211,LENTE DE OCULOS,ARMAÇÃO DE ÓCULOS,6452,COCO RALADO INDUSTRIALIZADO
4211,4211,LENTE DE CONTATO,ARMAÇÃO DE ÓCULOS,6453,CASTANHA PORTUGUESA
4211,4211,OCULOS (DE GRAU),ARMAÇÃO DE ÓCULOS,6454,PINHÃO
4212,4212,ARTIGO ORTOPEDICO E OUTROS ARTIGOS MEDICOS,ARTIGOS ORTOPÉDICOS E OUTROS ARTIGOS MÉDICOS,6455,AMENDOA
4212,4212,SAPATO ORTOPEDICO,ARTIGOS ORTOPÉDICOS E OUTROS ARTIGOS MÉDICOS,6456,AVELÃ
4212,4212,MULETA,ARTIGOS ORTOPÉDICOS E OUTROS ARTIGOS MÉDICOS,6457,CASTANHA DO PARA
4212,4212,CAMA HOSPITALAR,ARTIGOS ORTOPÉDICOS E OUTROS ARTIGOS MÉDICOS,6458,CASTANHA DE CAJÚ
4212,4212,EQUIPAMENTO DE MASSAGEM,ARTIGOS ORTOPÉDICOS E OUTROS ARTIGOS MÉDICOS,6459,COCO DO OURICURI
4212,4212,PALMILHA (ORTOPEDICA),ARTIGOS ORTOPÉDICOS E OUTROS ARTIGOS MÉDICOS,6460,COCO DE BABAÇU
4212,4212,CADEIRA DE RODAS,ARTIGOS ORTOPÉDICOS E OUTROS ARTIGOS MÉDICOS,6461,COCO DE TUCUM
4212,4212,BOTA ORTOPEDICA,ARTIGOS ORTOPÉDICOS E OUTROS ARTIGOS MÉDICOS,6462,COCO MACAUBA
4212,4212,OUTROS ARTIGOS MEDICOS,ARTIGOS ORTOPÉDICOS E OUTROS ARTIGOS MÉDICOS,6463,COCO DENDE
4212,4212,SANDALIA ORTOPEDICA,ARTIGOS ORTOPÉDICOS E OUTROS ARTIGOS MÉDICOS,6464,COCO BABAO
4212,4212,APARELHO PARA SURDEZ,ARTIGOS ORTOPÉDICOS E OUTROS ARTIGOS MÉDICOS,6465,NOZ (NOGUEIRA)
4212,4212,FONOAUDITIVOS,ARTIGOS ORTOPÉDICOS E OUTROS ARTIGOS MÉDICOS,6466,COCO INAJA
4212,4212,TORNOZELEIRA ORTOPEDICA,ARTIGOS ORTOPÉDICOS E OUTROS ARTIGOS MÉDICOS,6467,AÇAÍ (EMULSÃO)
4212,4212,APARELHO DENTAL GET,ARTIGOS ORTOPÉDICOS E OUTROS ARTIGOS MÉDICOS,6468,COCO DE PUPUNHA
4212,4212,DENTAL GET (APARELHO),ARTIGOS ORTOPÉDICOS E OUTROS ARTIGOS MÉDICOS,6469,COCO BACABA
4213,4213,ALUGUEL DE APARELHOS MEDICOS,ALUGUEL DE APARELHOS MÉDICOS,6470,CASTANHA DA INDIA
4213,4213,ALUGUEL DE EQUIPAMENTO DE MASSAGEM,ALUGUEL DE APARELHOS MÉDICOS,6471,COCO BURITI
4213,4213,ALUGUEL DE CADEIRA DE RODAS,ALUGUEL DE APARELHOS MÉDICOS,6501,ALFACE
4213,4213,ALUGUEL DE CAMA HOSPITALAR,ALUGUEL DE APARELHOS MÉDICOS,6502,BERTALHA
4214,4214,SEGURO SAUDE E ASSOCIAÇÃO DE ASSISTENCIA MEDICA,SEGURO SAÚDE,6503,CHICÓRIA
4214,4214,ASSOCIAÇÃO DE ASSISTENCIA MEDICA,SEGURO SAÚDE,6504,COENTRO (VERDURA)
4215,4215,"OUTROS TRATAMENTOS (PSICOLOGICO, FISIOTERAPICO, MASSAGEM, ETC.)","OUTROS TRATAMENTOS (PSICOLOGICOS, FISIOTERATIPOS, MASSAGEM, ETC.)",6505,COUVE
4215,4215,TRATAMENTO COM MASSAGEM,"OUTROS TRATAMENTOS (PSICOLOGICOS, FISIOTERATIPOS, MASSAGEM, ETC.)",6506,COUVE-FLOR
4215,4215,TRATAMENTO PSICOLOGICO,"OUTROS TRATAMENTOS (PSICOLOGICOS, FISIOTERATIPOS, MASSAGEM, ETC.)",6507,ESPINAFRE
4215,4215,TRATAMENTO FISIOTERAPICO,"OUTROS TRATAMENTOS (PSICOLOGICOS, FISIOTERATIPOS, MASSAGEM, ETC.)",6508,MOSTARDA (VERDURA)
4215,4215,TRATAMENTO DE ENFERMAGEM,"OUTROS TRATAMENTOS (PSICOLOGICOS, FISIOTERATIPOS, MASSAGEM, ETC.)",6509,REPOLHO
4215,4215,TRATAMENTO COM DIETISTA,"OUTROS TRATAMENTOS (PSICOLOGICOS, FISIOTERATIPOS, MASSAGEM, ETC.)",6510,SALSA
4215,4215,TRATAMENTO COM ACUPUNTURA,"OUTROS TRATAMENTOS (PSICOLOGICOS, FISIOTERATIPOS, MASSAGEM, ETC.)",6511,CEBOLINHA
4215,4215,ACUPUNTURA (TRATAMENTO),"OUTROS TRATAMENTOS (PSICOLOGICOS, FISIOTERATIPOS, MASSAGEM, ETC.)",6512,CHEIRO VERDE (QUALQUER COMBINAÇÃO DE HORTALIÇAS DE TEMPERO)
4216,4216,ENFERMEIRA,ENFERMEIRA,6513,AGRIÃO
4217,4217,CONSERTO E REPARO DE ARTIGOS E APARELHOS MEDICOS,CONSERTO E REPARO DE ARTIGO E APARELHO MEDICO,6514,TAIOBA
4218,4218,ACOMPANHANTE DE QUARTO HOSPITALAR (POF4),ACOMPANHANTE DE QUARTO HOSPITALAR,6515,ACELGA
4219,4219,AMBULANCIA (REMOÇÃO),AMBULANCIA (REMOÇÃO),6516,ALMEIRÃO
4220,4220,RAIO LASER (APLICAÇÃO),RAIO LASER (APLICAÇÃO),6517,COUVE - BRÓCOLIS
4220,4220,APLICAÇÃO DE RAIO LASER,RAIO LASER (APLICAÇÃO),6518,SERRALHA
4221,4221,EXAMES EM POSTOS OU PROFISSIONAIS VOLANTES,EXAMES EM POSTOS OU PROFISSIONAIS VOLANTES,6519,CARURU
4221,4221,PRESSÃO ARTERIAL (EM POSTOS OU PROFISSIONAIS VOLANTES),EXAMES EM POSTOS OU PROFISSIONAIS VOLANTES,6520,RÚCULA
4221,4221,EXAME DE PRESSÃO ARTERIAL (EM POSTOS OU PROFISSIONAIS VOLANTES),EXAMES EM POSTOS OU PROFISSIONAIS VOLANTES,6521,JAMBUAÇÚ
4222,4222,SANGUE HUMANO,SANGUE HUMANO,6522,LÍNGUA DE VACA (HORTALIÇA)
4223,4223,FOTOGRAFIA RELATIVA A CIRURGIA,FOTOGRAFIA RELATIVA A CIRURGIA,6523,ALCACHOFRA
4298,4298,AGREGADO,AGREGADO1,6524,SAMAMBAIA DO CAMPO
4300,4300,DESPESAS COM EDUCAÇÃO,DESPESAS COM ACESSORIOS E MANUTENÇÃO DE VEÍCULO,6525,BREDO
4301,4301,"CURSO REGULAR DE 1º, 2º, 3º GRAUS E PRE-ESCOLAR",LAVAGEM E LUBRIFICAÇÃO,6526,AIPO
4301,4301,CURSO PRE-ESCOLAR,LAVAGEM E LUBRIFICAÇÃO,6528,ERVA DOCE
4301,4301,CURSO REGULAR DE 1º GRAU,LAVAGEM E LUBRIFICAÇÃO,6529,FOLHA DE BETERRABA
4301,4301,CURSO REGULAR DE 2º GRAU,LAVAGEM E LUBRIFICAÇÃO,6530,FOLHA DE MANDIOCA
4301,4301,CURSO REGULAR DE 3º GRAU,LAVAGEM E LUBRIFICAÇÃO,6531,BROTO DE FEIJÃO
4302,4302,"OUTROS CURSOS (SUPLETIVO, GINASTICA, DATILOGRAFIA, ETC.)",ÓLEO LUBRIFICANTE (COMPLEMENTAÇÃO OU TROCA) DE VEÍCULO,6532,BROTO DE BAMBÚ
4302,4302,CURSO SUPLETIVO,ÓLEO LUBRIFICANTE (COMPLEMENTAÇÃO OU TROCA) DE VEÍCULO,6533,ABÓBORA MORANGA
4302,4302,CURSO DE BALE,ÓLEO LUBRIFICANTE (COMPLEMENTAÇÃO OU TROCA) DE VEÍCULO,6534,ABÓBORA MENINA
4302,4302,CURSO DE GINASTICA,ÓLEO LUBRIFICANTE (COMPLEMENTAÇÃO OU TROCA) DE VEÍCULO,6535,ABÓBORA MELÃO
4302,4302,CURSO DE DATILOGRAFIA,ÓLEO LUBRIFICANTE (COMPLEMENTAÇÃO OU TROCA) DE VEÍCULO,6536,ABÓBORA D'AGUA
4302,4302,CURSO DE IOGA,ÓLEO LUBRIFICANTE (COMPLEMENTAÇÃO OU TROCA) DE VEÍCULO,6537,ABOBRINHA
4302,4302,CURSO DE MUSICA,ÓLEO LUBRIFICANTE (COMPLEMENTAÇÃO OU TROCA) DE VEÍCULO,6538,ABÓBORA DE PESCOÇO
4302,4302,CURSO DE MOTORISTA,ÓLEO LUBRIFICANTE (COMPLEMENTAÇÃO OU TROCA) DE VEÍCULO,6539,ABÓBORA (NÃO ESPECIFICACA)
4302,4302,CURSO DE DIREÇÃO DE VEICULOS,ÓLEO LUBRIFICANTE (COMPLEMENTAÇÃO OU TROCA) DE VEÍCULO,6540,PEPINO
4302,4302,AUTO-ESCOLA,ÓLEO LUBRIFICANTE (COMPLEMENTAÇÃO OU TROCA) DE VEÍCULO,6541,CHUCHU
4303,4303,AULA PARTICULAR,PEÇA ELÉTRICA OU MECÂNICA DE VEÍCULO,6542,JILÓ
4304,4304,CURSO EM DISCO OU FITA (LINGUAFONE),CAMARA E PNEU,6543,MAXIXE
4304,4304,CURSO EM FITA CASSETE,CAMARA E PNEU,6544,PALMITO (FRESCO)
4304,4304,CURSO EM DISCO,CAMARA E PNEU,6545,PIMENTÃO
4305,4305,TAXA DE MATERIAL ESCOLAR,MÃO-DE-OBRA DE CONSERTO DE VEÍCULO,6546,PIMENTA MALAGUETA (IN NATURA)
4305,4305,TAXA ESCOLAR,MÃO-DE-OBRA DE CONSERTO DE VEÍCULO,6547,PIMENTA DE CHEIRO (IN NATURA)
4305,4305,TAXA DE EXAME BIOMEDICO,MÃO-DE-OBRA DE CONSERTO DE VEÍCULO,6548,PIMENTA POMBINHA (IN NATURA)
4306,4306,ASSINATURA DE PERIODICO TECNICO,CONSERTO DE VEÍCULO (PEÇA + MÃO-DE-OBRA),6549,PIMENTA (NÃO ESPECIFICADA IN NATURA)
4307,4307,LIVRO ESCOLAR DE 1º E 2º GRAUS,BATERIA DE VEÍCULO,6550,QUIABO
4308,4308,LIVROS E REVISTAS TECNICAS E OUTROS LIVROS DIDATICOS,"OUTRAS PEÇAS E ACESSÓRIOS (RETROVISOR, TAPETE, BUZINA, ETC ) DE VEICULOS",6551,TOMATE
4308,4308,LIVRO TECNICO,"OUTRAS PEÇAS E ACESSÓRIOS (RETROVISOR, TAPETE, BUZINA, ETC ) DE VEICULOS",6552,VAGEM
4308,4308,REVISTA TECNICA,"OUTRAS PEÇAS E ACESSÓRIOS (RETROVISOR, TAPETE, BUZINA, ETC ) DE VEICULOS",6553,COGUMELO (FRESCO)
4308,4308,LIVRO DIDATICO,"OUTRAS PEÇAS E ACESSÓRIOS (RETROVISOR, TAPETE, BUZINA, ETC ) DE VEICULOS",6554,BERINJELA
4308,4308,DICIONARIO,"OUTRAS PEÇAS E ACESSÓRIOS (RETROVISOR, TAPETE, BUZINA, ETC ) DE VEICULOS",6555,ERVILHA (EM VAGEM)
4308,4308,APOSTILAS,"OUTRAS PEÇAS E ACESSÓRIOS (RETROVISOR, TAPETE, BUZINA, ETC ) DE VEICULOS",6556,CABAÇA
4309,4309,TRANSPORTE ESCOLAR,RADIO (VEÍCULO),6557,CEBOLA
4310,4310,UNIFORME ESCOLAR,TOCA-FITA (VEÍCULO),6558,CATALONHA
4311,4311,CRECHE,AR CONDICIONADO (VEÍCULO),6559,COUVE RABANO
4312,4312,LOCAÇÃO DE ALOJAMENTO ESTUDANTIL,ADITIVO (VEÍCULO),6560,NIRA
4312,4312,LOCAÇÃO DE QUARTO,ADITIVO (VEÍCULO),6561,JARDINEIRA (SELETA)
4312,4312,LOCAÇÃO DE VAGA (MORADIA),ADITIVO (VEÍCULO),6562,CEBOLINHA BRANCA
4313,4313,TAXA DE TRANSFERENCIA ESCOLAR,REBOQUE,6601,BANANA D'AGUA
4313,4313,CERTIFICADO DE CONCLUSÃO ESCOLAR,REBOQUE,6602,BANANA PRATA
4313,4313,DOCUMENTAÇÃO ESCOLAR (EMOLUMENTO),REBOQUE,6603,BANANA OURO
4313,4313,EMOLUMENTO (DESPESA COM DOCUMENTAÇÃO ESCOLAR),REBOQUE,6604,BANANA MAÇÃ
4313,4313,FICHA MODELO 18 E 19,REBOQUE,6605,BANANA FIGO
4313,4313,DIPLOMA,REBOQUE,6606,BANANA MARMELO
4313,4313,CARTEIRA DE ESTUDANTE,REBOQUE,6607,BANANA ROXA
4313,4313,CADERNETA ESCOLAR,REBOQUE,6608,BANANA SÃO DOMINGOS
4313,4313,DECLARAÇÃO ESCOLAR,REBOQUE,6609,BANANA SÃO TOMÉ
4314,4314,CARNET DE FORMATURA,ESTOPA,6610,BANANA DA TERRA
4314,4314,FORMATURA (CARNET),ESTOPA,6611,BANANA (NÃO ESPECIFICADA)
4314,4314,COLAÇÃO DE GRAU,ESTOPA,6612,LARANJA LIMA
4314,4314,FESTA ESCOLAR,ESTOPA,6613,LARANJA SELETA
4315,4315,BERÇARIO,SHAMPU (VEÍCULO),6614,LARANJA PÊRA
4316,4316,EXCURSÃO ESCOLAR,LIMPA-PARA-BRISA,6615,LARANJA BAHIA
4317,4317,TAXA DE INSCRIÇÃO PARA EDUCAÇÃO,PINTURA (MATERIAL + MÃO-DE-OBRA) DE VEÍCULO,6616,LARANJA DA CHINA
4317,4317,CONGRESSO (TAXA DE INSCRIÇÃO),PINTURA (MATERIAL + MÃO-DE-OBRA) DE VEÍCULO,6617,LARANJA DA TERRA
4317,4317,SEMINARIO (TAXA DE INSCRIÇÃO),PINTURA (MATERIAL + MÃO-DE-OBRA) DE VEÍCULO,6618,LARANJA (NÃO ESPECIFICADA)
4317,4317,PALESTRA EDUCATIVA,PINTURA (MATERIAL + MÃO-DE-OBRA) DE VEÍCULO,6619,LIMA
4318,4318,ASSOCIAÇÃO DE PAIS E MESTRES (APM),CERA,6620,LIMÃO COMUM
4318,4318,CIRCULO DE PAIS E MESTRES (CPM),CERA,6621,LIMÃO GALEGO
4319,4319,PASTA ESCOLAR,CAPACETE DE MOTOQUEIRO,6622,TANGERINA
4320,4320,MERENDEIRA ESCOLAR,TINTA (VEÍCULO),6623,CIDRA
4320,4320,LANCHEIRA ESCOLAR,TINTA (VEÍCULO),6624,KINKAN
4321,4321,MOCHILA ESCOLAR,CARGA DE BATERIA,6625,CANA DE AÇÚCAR
4322,4322,POS-GRADUAÇÃO (CURSO),GAS DE AR CONDICIONADO (VEÍCULO),6626,ABACAXI
4322,4322,CURSO DE POS-GRADUAÇÃO,GAS DE AR CONDICIONADO (VEÍCULO),6627,ABACATE
4322,4322,ESPECIALIZAÇÃO (CURSO),GAS DE AR CONDICIONADO (VEÍCULO),6628,CAQUÍ
4322,4322,CURSO DE ESPECIALIZAÇÃO,GAS DE AR CONDICIONADO (VEÍCULO),6629,FIGO
4322,4322,MESTRADO (CURSO),GAS DE AR CONDICIONADO (VEÍCULO),6630,MAÇÃ
4322,4322,CURSO DE MESTRADO,GAS DE AR CONDICIONADO (VEÍCULO),6631,MAMÃO
4323,4323,CRECHE (DOMICILIO PARTICULAR),LIXA DE FERRO (VEÍCULO),6632,MANGA
4324,4324,COLONIA DE FERIAS (EDUCAÇÃO),TELEVISÃO (VEÍCULO),6633,MARACUJA
4325,4325,INSTRUMENTOS E APARELHOS PARA CURSO SUPERIOR,CAROCERIA DE CAMIONETA,6634,MELANCIA
4325,4325,APARELHOS PARA CURSO SUPERIOR,CAROCERIA DE CAMIONETA,6635,MELÃO
4325,4325,ESTETOSCOPIO,CAROCERIA DE CAMIONETA,6636,PÊRA
4325,4325,TENSIOMETRO,CAROCERIA DE CAMIONETA,6637,PÊSSEGO
4326,4326,ALIMENTAÇÃO ESCOLAR,SOLVENTE (VEÍCULO),6638,FRUTA DE CONDE
4327,4327,"BIBLIOTECA (MENSALIDADE, MULTA, ETC.)",MOTOR DE AUTOMÓVEL,6639,UVA
4327,4327,MENSALIDADE DE BIBLIOTECA,MOTOR DE AUTOMÓVEL,6640,JENIPAPO
4327,4327,MULTA DE BIBLIOTECA,MOTOR DE AUTOMÓVEL,6641,JACA
4328,4328,GREMIO ESTUDANTIL,MOTOR DE LANCHA,6642,GOIABA
4398,4398,AGREGADO,AGREGADO 27,6643,AMEIXA
4400,4400,DESPESAS COM SERVIÇOS DE CARTORIO E PROFISSIONAIS,DESPESAS COM SERVIÇOS DE CARTÓRIO E PROFISSIONAIS,6644,CAJÚ
4401,4401,CARTORIO,CARTÓRIO,6645,CEREJA
4401,4401,REGISTRO DE IMOVEL,CARTÓRIO,6646,CAJA MANGA
4401,4401,CERTIDÃO DE CASAMENTO,CARTÓRIO,6647,TAPEREBA
4401,4401,INVENTARIO,CARTÓRIO,6648,CARAMBOLA
4401,4401,ATESTADO DE OBITO,CARTÓRIO,6649,JABOTICABA
4401,4401,CERTIDÃO DE NASCIMENTO,CARTÓRIO,6650,GRAVIOLA
4401,4401,JUIZ DE PAZ,CARTÓRIO,6651,ARATICUM
4401,4401,ESCRITURA,CARTÓRIO,6652,MORANGO
4401,4401,AUTENTICAÇÃO DE DOCUMENTO,CARTÓRIO,6653,JAMBO
4402,4402,ADVOGADO,ADVOGADO,6654,ABRICÓ
4403,4403,DESPACHANTE,DESPACHANTE,6655,GROSELHA (FRUTA)
4404,4404,DESENHISTA,DESENHISTA,6656,MANGABA
4405,4405,DECORADOR,DECORADOR,6657,ARAÇA
4406,4406,CONTADOR,CONTADOR,6658,NESPERA
4407,4407,OFICIAL DE JUSTIÇA,ORGÃOS PÚBLICOS (TAXAS),6659,FRUTA PÃO
4407,4407,ATESTADO DE BONS ANTECEDENTES,ORGÃOS PÚBLICOS (TAXAS),6660,SAPOTI
4407,4407,CERTIDÃO DA POLINTER,ORGÃOS PÚBLICOS (TAXAS),6661,UXI
4408,4408,ENGENHEIRO,ENGENHEIRO,6662,TAMARINDO
4409,4409,CORRETOR,CORRETOR,6663,CACAU
4410,4410,DATILOGRAFO,DATILÓGRAFO,6664,PITOMBA
4411,4411,TOPOGRAFO,TOPÓGRAFO,6665,BACÚRI
4412,4412,IMOBILIARIA (COMISSÃO),IMOBILIARIA (COMISSÃO),6666,INGA
4412,4412,COMISSÃO PARA IMOBILIARIA,IMOBILIARIA (COMISSÃO),6667,PEQUI
4413,4413,FISCALIZAÇÃO DE OBRA (PREFEITURA),FISCALIZAÇÃO DE OBRA (PREFEITURA),6668,PITANGA
4413,4413,FISCAL DE OBRA (PREFEITURA),FISCALIZAÇÃO DE OBRA (PREFEITURA),6669,CIRIGUELA
4498,4498,AGREGADO,AGREGADO 28,6670,MURICI
4500,4500,DESPESAS COM CERIMONIAS FAMILIARES E PRATICAS RELIGIOSAS,DESPESAS COM CERIMÔNIAS FAMILIARES E PRATICAS RELIGIOSAS,6671,UMBÚ
4501,4501,CASAMENTO,CASAMENTO,6672,BERIBA
4501,4501,BUFFET (CASAMENTO),CASAMENTO,6673,CUPUAÇU
4501,4501,CONVITE DE CASAMENTO,CASAMENTO,6674,NECTARINA
4501,4501,TEMPLO RELIGIOSO (CASAMENTO),CASAMENTO,6675,MARI
4501,4501,IGREJA (CASAMENTO),CASAMENTO,6676,ROMA
4501,4501,ALUGUEL DE SALÃO (CASAMENTO),CASAMENTO,6677,GUABIRABA
4502,4502,CERIMONIA RELIGIOSA (EXCETO CASAMENTO),OUTRAS CERIMÔNIAS RELIGIOSAS,6678,AMORA
4502,4502,BATIZADO,OUTRAS CERIMÔNIAS RELIGIOSAS,6679,FRAMBOESA
4502,4502,COMUNHÃO,OUTRAS CERIMÔNIAS RELIGIOSAS,6680,ABIU
4502,4502,OFERENDA RELIGIOSA,OUTRAS CERIMÔNIAS RELIGIOSAS,6681,CRUA
4502,4502,REUNIÃO DE CULTO RELIGIOSO,OUTRAS CERIMÔNIAS RELIGIOSAS,6682,MARMELO
4502,4502,MISSA,OUTRAS CERIMÔNIAS RELIGIOSAS,6683,OITICORO
4502,4502,PROMESSA RELIGIOSA,OUTRAS CERIMÔNIAS RELIGIOSAS,6684,JURUBEBA
4503,4503,FUNERAL,FUNERAL E ARTIGOS RELIGIOSOS,6685,JATOBA
4503,4503,ARTIGO RELIGIOSO,FUNERAL E ARTIGOS RELIGIOSOS,6686,ACEROLA
4503,4503,CREMAÇÃO,FUNERAL E ARTIGOS RELIGIOSOS,6687,KIWI
4504,4504,CARTOMANTE,CARTOMANTE,6688,MANGOSTIM
4505,4505,FOTOGRAFIA DE CERIMONIAS (FOTOGRAFO PROFISSIONAL),FOTOGRAFIA DE CERIMÔNIAS (FOTÓGRAFO PROFISSIONAL),6701,AÇÚCAR REFINADO
4505,4505,FOTO DE CERIMONIAS (FOTOGRAFO PROFISSIONAL),FOTOGRAFIA DE CERIMÔNIAS (FOTÓGRAFO PROFISSIONAL),6702,AÇÚCAR CRISTAL
4506,4506,ANIVERSARIO (FESTA),ANIVERSARIO (FESTA),6703,AÇÚCAR DEMERARA
4506,4506,FESTA DE ANIVERSARIO,ANIVERSARIO (FESTA),6704,RAPADURA
4507,4507,BAILE (FESTA),BAILE (FESTA),6705,SORVETE INDUSTRIALIZADO (QUALQUER SABOR)
4507,4507,FESTA (BAILE),BAILE (FESTA),6706,CHICLETE
4508,4508,OUTRAS FESTAS OU RECEPÇÕES,OUTRAS FESTAS OU RECEPÇÕES,6707,TABLETE DE CHOCOLATE
4509,4509,FILMAGEM DE CERIMONIAS,FILMAGEM DE CERIMONIA,6708,CHOCOLATE EM PÓ DE QUALQUER MARCA
4510,4510,JOGO DE BUZIOS (PRATICA RELIGIOSA),JOGO DE BÚZIOS (PRATICA RELIGIOSA),6709,BOMBOM DE QUALQUER MARCA
4510,4510,BUZIOS (PRATICA RELIGIOSA),JOGO DE BÚZIOS (PRATICA RELIGIOSA),6710,GELÉIA DE FRUTAS - QUALQUER MARCA OU SABOR
4598,4598,AGREGADO,AGREGADO 29,6711,GELÉIA DE MOCOTÓ
4600,4600,DESPESAS COM VIAGENS,DESPESAS COM JÓIAS,6712,DOCE DE FRUTAS EM PASTA - QUALQUER SABOR
4601,4601,ONIBUS (VIAGEM),"JÓIAS (ALIANÇA, ANEL, CORDÃO, ETC.)",6713,DOCE DE FRUTAS EM CALDA - QUALQUER SABOR
4602,4602,TREM (VIAGEM),RELÓGIO DE PULSO DE CRIANÇA,6714,DOCE DE FRUTAS CRISTALIZADO - QUALQUER SABOR
4603,4603,AVIÃO,RELÓGIO DE PULSO DE HOMEM,6715,MELADO
4604,4604,NAVIO,RELÓGIO DE PULSO DE MULHER,6716,MEL DE ABELHA
4605,4605,GASTO COM COMBUSTIVEL EM VIAGEM DE AUTOMOVEL,CANETA RELÓGIO,6717,GELATINA
4606,4606,ALIMENTAÇÃO (VIAGEM),CANETA DE OURO OU PRATA,6718,ADOÇANTES ARTIFICIAIS
4607,4607,HOSPEDAGEM (VIAGEM),"ISQUEIRO DE OURO, PRATA OU SIMILAR",6719,GLICOSE DE MILHO
4607,4607,APART-HOTEL (VIAGEM),"ISQUEIRO DE OURO, PRATA OU SIMILAR",6720,CREME DE AÇÚCAR
4607,4607,CAMPING (VIAGEM),"ISQUEIRO DE OURO, PRATA OU SIMILAR",6721,CORANTE DE CAFÉ
4607,4607,TRAILLER (VIAGEM),"ISQUEIRO DE OURO, PRATA OU SIMILAR",6722,CONFEITOS DE BOLOS E DOCES
4607,4607,BARRACA (VIAGEM),"ISQUEIRO DE OURO, PRATA OU SIMILAR",6723,SCHIMIER DE CANA
4607,4607,HOTEL (VIAGEM),"ISQUEIRO DE OURO, PRATA OU SIMILAR",6724,FRUTA SECA OU DESIDRATADA (QUALQUER)
4607,4607,IGLOO (VIAGEM),"ISQUEIRO DE OURO, PRATA OU SIMILAR",6725,SOBREMESAS INFANTIS (QUALQUER MARCA OU SABOR)
4608,4608,EXCURSÕES (NÃO ESCOLAR),RELÓGIO DE BOLSO,6726,PUDIM DE QUALQUER SABOR
4608,4608,TRANSPORTE EM EXCURSÃO,RELÓGIO DE BOLSO,6727,MANJAR
4608,4608,GUIA TURISTICO EM EXCURSÃO,RELÓGIO DE BOLSO,6728,"MISTURAS INDUSTRIAIS, DOCES, SORVETE, PUDIM"
4608,4608,HOSPEDAGEM EM EXCURSÃO,RELÓGIO DE BOLSO,6729,CUSCUZ
4609,4609,GARAGEM (VIAGEM),BARRA DE OURO,6730,MARIA MOLE
4609,4609,ESTACIONAMENTO (VIAGEM),BARRA DE OURO,6731,COCADA
4610,4610,ALUGUEL DE VEICULO (VIAGEM),CARTÃO DE PRATA,6732,DOCE DE AMENDOIM
4611,4611,TAXI (VIAGEM),RELÓGIO DE DEDO,6733,AMENDOIM SALGADO
4612,4612,BARCO (VIAGEM),,6734,DOCE DE ABÓBORA
4613,4613,PEDAGIO (VIAGEM),,6735,DOCE DE BATATA DOCE
4614,4614,METRO (VIAGEM),,6736,BRIGADEIRO
4615,4615,CAMINHÃO (VIAGEM),,6737,BOMBA DE QUALQUER TIPO
4615,4615,PAU-DE-ARARA (VIAGEM),,6738,MIL FOLHAS
4616,4616,AUTOMOVEL UTILITARIO (VIAGEM),,6739,QUEIJADINHA
4617,4617,COLONIA DE FERIAS,,6740,DOCE DE QUEIJO
4618,4618,TAXA ALFANDEGARIA,,6741,DOCE A BASE DE OVOS
4618,4618,ALFANDEGA (TAXA),,6742,DOCE A BASE DE LEITE
4697,4697,EMPRESTIMO COMPULSORIO (VIAGEM AO EXTERIOR),,6743,DOCE DE LEITE
4698,4698,AGREGADO,AGREGADO 30,6744,CANUDINHO RECHEADO
4700,4700,DESPESAS COM OUTROS IMOVEIS,DESPESAS COM OUTROS IMÓVEIS,6745,SAROLHO
4701,4701,"AQUISIÇÃO DE IMOVEL A VISTA OU A PRAZO (PARCELAS, TAXAS, ETC.) (OUTROS IMOVEIS)",AQUISÇÃO DE IMÓVEL A VISTA OU A PRAZO,6746,SCHIMIER DE FRUTAS QUALQUER (MENOS DE CANA)
4702,4702,"ALUGUEL DE IMOVEL (CONTRATO DE LOCAÇÃO, DEPOSITOS, ETC.) (OUTROS IMOVEIS)","ALUGUEL IMÓVEL (CONTRATO DE LOCAÇÃO, ETC.)",6747,BEIJO DE MOÇA
4703,4703,ALUGUEL DE GARAGEM (OUTROS IMOVEIS),ALUGUEL DE GARAGEM (OUTROS IMÓVEIS),6748,PICOLÉ ENSACADO
4704,4704,CONDOMINIO (OUTROS IMOVEIS),CONDOMINIO (OUTROS IMÓVEIS),6749,DOCE CONFEITADO DE QUALQUER TIPO
4705,4705,IMPOSTO PREDIAL (OUTROS IMOVEIS),IMPOSTO PREDIAL (OUTROS IMÓVEIS),6750,CHURROS
4706,4706,SEGURO CONTRA ROUBO E INCENDIO (OUTROS IMOVEIS),SEGURO CONTRA ROUBO E INCÊNDIO (OUTROS IMÓVEIS),6751,PAMONHA
4707,4707,"ENERGIA ELETRICA, GAS ENCANADO, GAS DE BUJÃO, LENHA, ETC. (OUTROS IMOVEIS)","ENERGIA ELÉTRICA, GAS ENCANADO OU DE BUJÃO, ETC.",6752,CHOCOLATE GRANULADO
4707,4707,LUZ (OUTROS IMOVEIS),"ENERGIA ELÉTRICA, GAS ENCANADO OU DE BUJÃO, ETC.",6753,ADOÇANTE NATURAL CONCENTRADO
4707,4707,TELEFONE RESIDENCIAL (OUTROS IMOVEIS),"ENERGIA ELÉTRICA, GAS ENCANADO OU DE BUJÃO, ETC.",6754,ALGODÃO DOCE
4707,4707,GAS ENCANADO (OUTROS IMOVEIS),"ENERGIA ELÉTRICA, GAS ENCANADO OU DE BUJÃO, ETC.",6755,COBERTURA DE QUALQUER SABOR (SORVETE)
4707,4707,AGUA E ESGOTO (OUTROS IMOVEIS),"ENERGIA ELÉTRICA, GAS ENCANADO OU DE BUJÃO, ETC.",6756,CHOCOLATE EM CREME
4707,4707,GAS DE BUJÃO (OUTROS IMOVEIS),"ENERGIA ELÉTRICA, GAS ENCANADO OU DE BUJÃO, ETC.",6757,GUARANA EM PÓ (NATURAL)
4707,4707,LENHA (OUTROS IMOVEIS),"ENERGIA ELÉTRICA, GAS ENCANADO OU DE BUJÃO, ETC.",6758,OVO DE PASCOA
4708,4708,"TAXAS (INCENDIO, LIXO, SEGURANÇA, ETC.) (OUTROS IMOVEIS)","TAXAS (INCÊNDIO, LIXO, ETC.) (OUTROS IMOVEIS)",6759,TORRONE
4708,4708,TAXA DE MELHORAMENTOS (OUTROS IMOVEIS),"TAXAS (INCÊNDIO, LIXO, ETC.) (OUTROS IMOVEIS)",6760,ARROZ-DOCE
4708,4708,TAXA DE SEGURANÇA (OUTROS IMOVEIS),"TAXAS (INCÊNDIO, LIXO, ETC.) (OUTROS IMOVEIS)",6761,PRÓPOLIS
4708,4708,TAXA DE LIXO (OUTROS IMOVEIS),"TAXAS (INCÊNDIO, LIXO, ETC.) (OUTROS IMOVEIS)",6762,GELEIA REAL
4708,4708,PREVENÇÃO E EXTINÇÃO DE INCENDIO (OUTROS IMOVEIS),"TAXAS (INCÊNDIO, LIXO, ETC.) (OUTROS IMOVEIS)",6763,DOCE SÍRIO
4708,4708,COLETA DE LIXO (OUTROS IMOVEIS),"TAXAS (INCÊNDIO, LIXO, ETC.) (OUTROS IMOVEIS)",6764,POLPA DE FRUTA (CONGELADA)
4709,4709,AQUISIÇÃO DE TERRENO PARA SEPULTURA,AQUISIÇÃO DE SEPULTURA (OUTROS IMOVEIS),6765,DIET SHAKE
4710,4710,AQUISIÇÃO DE TITULO DE CLUBE,AQUISIÇÃO DE TÍTULO DE CLUBE (OUTROS IMOVEIS),6801,SAL REFINADO
4710,4710,TITULO DE CLUBE (AQUISIÇÃO),AQUISIÇÃO DE TÍTULO DE CLUBE (OUTROS IMOVEIS),6802,SAL GROSSO
4710,4710,CADEIRA CATIVA (VALOR UNICO OU PARCELAS),AQUISIÇÃO DE TÍTULO DE CLUBE (OUTROS IMOVEIS),6803,SAL AMONÍACO
4711,4711,IMPOSTO TERRITORIAL (OUTROS IMOVEIS),IMPOSTO TERRITORIAL RURAL (OUTROS IMOVEIS),6804,TEMPERO MISTO INDUSTRIALIZADO (ALHO + SAL)
4712,4712,ALUGUEL DE TERRENO PARA SEPULTURA,ALUGUEL DE TERRENO PARA SEPULTURA (OUTROS IMOVEIS),6805,BICARBONATO DE SÓDIO
4713,4713,MUDANÇA (OUTROS IMOVEIS),MUDANÇA (OUTROS IMOVEIS),6806,FERMENTO EM PÓ
4796,4796,AGREGADO,AGREGADO 31,6807,GLUTAMATO MONOSSÓDICO
4797,4797,VALOR ESCRITURAL DO IMOVEL ADQUIRIDO EM 1ª LOCAÇÃO (A VISTA OU A PRAZO) (OUTROS IMOVEIS),,6808,GERSAL
4800,4800,"DESPESAS COM CONTRIBUIÇÕES, TRANSFERENCIAS E ENCARGOS FINANCEIROS","DESPESAS COM CONTRATO, TRANSFERENCIA E ENCARGO FINAMCEIRO",6809,BAUNILHA EM PÓ
4801,4801,CONSELHO E ASSOCIAÇÃO DE CLASSE,CONSELHO E ASSOCIAÇÃO DE CLASSE,6810,CANELA EM PÓ
4801,4801,ASSOCIAÇÃO DE CLASSE,CONSELHO E ASSOCIAÇÃO DE CLASSE,6811,CRAVO (CONDIMENTO)
4802,4802,"INSTITUIÇÃO DE CARIDADE, MUSEU, IGREJA, CLUBE, ETC.","DOAÇÕES (IGREJA, ORFANATO, MUSEU, ETC.)",6812,COLORAU
4802,4802,MUSEU (DOAÇÃO),"DOAÇÕES (IGREJA, ORFANATO, MUSEU, ETC.)",6813,PAPRIKA
4802,4802,DOAÇÃO PARA MUSEU,"DOAÇÕES (IGREJA, ORFANATO, MUSEU, ETC.)",6814,NOZ MOSCADA (CONDIMENTO)
4802,4802,DOAÇÃO PARA INSTITUIÇÃO DE CARIDADE,"DOAÇÕES (IGREJA, ORFANATO, MUSEU, ETC.)",6815,MOSTARDA (CONDIMENTO)
4802,4802,DIZIMO PARA IGREJA,"DOAÇÕES (IGREJA, ORFANATO, MUSEU, ETC.)",6816,LOURO
4803,4803,CONTRIBUIÇÃO PARA CAIXA ESCOLAR,CAIXA ESCOLAR (CONTRIBUIÇÃO),6817,AÇAFRÃO EM PÓ
4803,4803,CAIXA ESCOLAR (CONTRIBUIÇÃO),CAIXA ESCOLAR (CONTRIBUIÇÃO),6818,COMINHO
4804,4804,MESADA E PRESENTE EM DINHEIRO DADOS PARA OUTRA UC,"MESADA, PRESTAÇÃO EM DINHEIRO DADOS PARA OUTRA UC",6819,SEGURELHA
4804,4804,PRESENTE EM DINHEIRO DADO PARA OUTRA UC,"MESADA, PRESTAÇÃO EM DINHEIRO DADOS PARA OUTRA UC",6820,GENGIBRE
4805,4805,PENSÃO ALIMENTICIA,PENSÃO ALIMENTÍCIA,6821,ALFAVACA
4806,4806,PREVIDENCIA PRIVADA ABERTA OU FECHADA,PREVIDENCIA PRIVADA ABERTA OU FECHADA,6822,ORÉGANO
4807,4807,SEGURO DE ACIDENTES PESSOAIS,SEGURO DE ACIDENTES PESSOAIS,6823,HORTELÃ
4808,4808,SEGURO DE VIDA,SEGURO DE VIDA,6824,ALCAPARRA
4809,4809,ANUIDADE DE CARTÃO DE CREDITO,ANUIDADE DE CARTÃO DE CRÉDITO,6825,MANJERONA
4809,4809,TAXA DE CARTÃO DE CREDITO,ANUIDADE DE CARTÃO DE CRÉDITO,6826,COÊNTRO (CONDIMENTO)
4810,4810,JUROS DE CHEQUE ESPECIAL E CARTÃO DE CREDITO,JUROS DE CHEQUE ESPECIAL E CARTÃO DE CRÉDITO,6827,ALHO EM PÓ
4811,4811,JUROS E SEGURO DE EMPRESTIMO,JUROS E SEGURO DE EMPRÉSTIMO,6828,CEBOLA EM PÓ
4812,4812,PAGAMENTO DE EMPRESTIMO,PAGAMENTO DE EMPRÉSTIMO,6829,CHEIRO VERDE EM PÓ
4812,4812,EMPRESTIMO (PAGAMENTO),PAGAMENTO DE EMPRÉSTIMO,6830,PIMENTÃO EM PÓ
4812,4812,CREDITO EDUCATIVO (PAGAMENTO),PAGAMENTO DE EMPRÉSTIMO,6831,PIMENTA DO REINO
4812,4812,PAGAMENTO DE CREDITO EDUCATIVO,PAGAMENTO DE EMPRÉSTIMO,6832,PIMENTA DO REINO E COMINHO
4813,4813,SEGURO-EDUCAÇÃO,SEGURO-EDUCAÇÃO,6833,VINAGRE DE ALCOOL
4814,4814,PAGAMENTO DE ASILO,PAGAMENTO DE ASILO,6834,VINAGRE DE VINHO
4814,4814,ASILO (PAGAMENTO),PAGAMENTO DE ASILO,6835,VINAGRE DE MAÇÃ
4815,4815,CARNET DE MESCADORIAS,CARNE DE MERCADORIAS,6836,MOLHO DE SOJA
4816,4816,"TARIFAS BANCARIAS (TALÃO DE CHEQUES, ORDEM DE PAGAMENTO, CARTÃO ESPECIAL, ETC.)",TALÃO DE CHEQUES,6837,MOLHO INGLÊS
4816,4816,TALÃO DE CHEQUES,TALÃO DE CHEQUES,6838,LEITE DE COCO
4816,4816,ORDEM DE PAGAMENTO (TARIFA BANCARIA),TALÃO DE CHEQUES,6839,MOLHO TARTARO
4816,4816,CARTÃO ESPECIAL,TALÃO DE CHEQUES,6840,MOLHO DE GERGELIM
4816,4816,EXTRATO DE CONTA CORRENTE,TALÃO DE CHEQUES,6841,MOLHO DE TUCUPI (COM PIMENTA)
4816,4816,RETIRADA COMPUTADORIZADA (TARIFA BANCARIA),TALÃO DE CHEQUES,6842,MOLHO DE HORTELÃ
4817,4817,SPC (TAXAS),SPC (TAXAS),6843,MAIONESE
4817,4817,SERVIÇO DE PROTEÇÃO AO CREDITO (TAXAS),SPC (TAXAS),6844,CALDO DE GALINHA
4818,4818,"PREVIDENCIA PUBLICA (FEDERAL-IAPAS, ESTADUAL, MUNICIPAL, MILITAR)","PREVIDENCIA PUBLICA (FEDERAL-IAPAS,.ESTADUAL, MUNICIPAL, MILITAR)",6845,CALDO DE CARNE
4818,4818,FUNRURAL,"PREVIDENCIA PUBLICA (FEDERAL-IAPAS,.ESTADUAL, MUNICIPAL, MILITAR)",6846,CURRY
4818,4818,SEGURO COLETIVO DE TRABALHO (PREVIDENCIA PUBLICA),"PREVIDENCIA PUBLICA (FEDERAL-IAPAS,.ESTADUAL, MUNICIPAL, MILITAR)",6847,MASSA DE TOMATE
4819,4819,INDENIZAÇÃO A TERCEIROS,INDENIZAÇÃO A TERCEIROS,6848,MOLHO DE TOMATE
4820,4820,PECULIO DOMICILIAR,PECULIO DOMICILIAR,6849,MOLHO BOLONHESA
4820,4820,PECULIO,PECULIO DOMICILIAR,6850,ALHO
4821,4821,ESMOLA,ESMOLA,6851,ALHO PORRÓ
4821,4821,ESMOLET,ESMOLA,6852,COMINHO EM PÓ
4822,4822,PAX DOMINNI (AUXILIO FUNERAL),PAX DOMINNI (AUXÍLIO FUNERAL),6853,PIMENTA DO REINO E ALHO EM PÓ (TEMPERO MISTO)
4822,4822,AUXILIO FUNERAL (PAX DOMINNI),PAX DOMINNI (AUXÍLIO FUNERAL),6854,CALDO DE LEGUMES
4822,4822,ASSOCIAÇÃO DE AJUDA FUNERARIA,PAX DOMINNI (AUXÍLIO FUNERAL),6855,PEIXE EM PÓ
4822,4822,ASSOCIAÇÃO POSTUMA,PAX DOMINNI (AUXÍLIO FUNERAL),6856,PURÊ DE CEBOLA
4822,4822,ASSOCIAÇÃO FUNERARIA,PAX DOMINNI (AUXÍLIO FUNERAL),6857,SAL DIETÉTICO
4823,4823,MAÇONARIA,MAÇONARIA,6858,TEMPERO DE FEIJÃO (TABLETE)
4824,4824,"CAIXINHA ENTRE ASSOCIADOS (FUNCIONARIOS,AMIGOS,ETC)","CAIXINHA ENTRE ASSOCIADOS (FUNCIONARIO, AMIGO, ETC.)",6859,AMACIANTE DE CARNE
4824,4824,"CONTRIBUIÇÃO PARA GRUPO (FUNCIONARIOS,AMIGOS,CASAIS,ETC)","CAIXINHA ENTRE ASSOCIADOS (FUNCIONARIO, AMIGO, ETC.)",6860,FONDOR
4824,4824,CAIXA BENEFICENTE,"CAIXINHA ENTRE ASSOCIADOS (FUNCIONARIO, AMIGO, ETC.)",6861,PIMENTA EM PÓ
4825,4825,PENSÃO (PENSIONISTA),PENSÃO (PENSIONISTA),6862,TEMPERO DE OMELETE (EM PÓ)
4826,4826,OUTRAS ASSOCIAÇÕES (CONTRIBUIÇÃO),CONTRIBUIÇAO PARA OUTRAS ASSOCIAÇÕES,6863,MASSA DE PEIXE
4826,4826,ASSOCIAÇÕES OUTRAS (CONTRIBUIÇÃO),CONTRIBUIÇAO PARA OUTRAS ASSOCIAÇÕES,6864,EXTRATO DE INHAME
4826,4826,CONTRIBUIÇÃO PARA OUTRAS ASSOCIAÇÕES,CONTRIBUIÇAO PARA OUTRAS ASSOCIAÇÕES,6865,"ERVILHA FRITA, EM PÓ OU GRÃO"
4826,4826,ASSOCIAÇÃO DE EMPREGADOS,CONTRIBUIÇAO PARA OUTRAS ASSOCIAÇÕES,6866,"FAVA FRITA, EM PÓ OU GRÃO"
4826,4826,COOPERATIVA (MENSALIDADE),CONTRIBUIÇAO PARA OUTRAS ASSOCIAÇÕES,6867,MOLHO DE MILHO VERDE
4827,4827,PAGAMENTO DE TITULO PROTESTADO,PAGAMENTO DE TÍTULO PROTESTADO,6868,MISSO
4827,4827,PROTESTO DE TITULO,PAGAMENTO DE TÍTULO PROTESTADO,6869,SALSA DESIDRATADA
4827,4827,TITULO PROTESTADO,PAGAMENTO DE TÍTULO PROTESTADO,6870,MOLHO DE PIZZA
4828,4828,ALISTAMENTO MILITAR (MULTA),ALISTAMENTO MILITAR (MULTA),6871,TUCUPI (CALDO) (SEM PIMENTA)
4828,4828,MULTA DE ALISTAMENTO MILITAR,ALISTAMENTO MILITAR (MULTA),6872,MOLHO BRANCO
4829,4829,SEGURO DE BENS MOVEIS (EXCETO DE VEICULOS),SEGURO DE BENS MOVEIS (EXCETO VEICULOS),6873,CALDO DE BACON
4898,4898,AGREGADO,AGREGADO 32,6874,CALDO DE CALABREZA
4900,4900,DESPESAS COM ACESSORIOS E MANUTENÇÃO DE VEICULO,DESPESAS COM EDUCAÇÃO,6875,CALDO DE QUEIJO
4901,4901,LAVAGEM E LUBRIFICAÇÃO DE VEICULO,CURSO PRE-ESCOLAR,6901,FILÉ MIGNON
4901,4901,LUBRIFICAÇÃO DE VEICULO,CURSO PRE-ESCOLAR,6902,CONTRA FILÉ
4902,4902,TROCA DE OLEO DE VEICULO,CURSO SUPLETIVO,6903,ALCATRA
4902,4902,COMPLEMENTAÇÃO DE OLEO LUBRIFICANTE DE VEICULO,CURSO SUPLETIVO,6904,CHÃ DE DENTRO
4902,4902,OLEO LUBRIFICANTE DE VEICULO (COMPLEMENTAÇÃO),CURSO SUPLETIVO,6905,PATINHO
4903,4903,PEÇA ELETRICA OU MECANICA PARA VEICULO,AULA PARTICULAR,6906,LAGARDO REDEONDO
4903,4903,PEÇA MECANICA PARA VEICULO,AULA PARTICULAR,6907,LAGARDO COMUM
4904,4904,CAMARA E PNEU DE VEICULO,CURSO EM DISCO OU FITA (LINGUAFONE),6908,ACÉM
4904,4904,PNEU DE VEICULO,CURSO EM DISCO OU FITA (LINGUAFONE),6909,PA
4905,4905,MÃO-DE-OBRA PARA REPARO DE VEICULO,TAXAS ESCOLARES,6910,MÚSCULO DE BOI
4905,4905,MECANICO,TAXAS ESCOLARES,6911,PEITO DE BOI
4905,4905,BORRACHEIRO,TAXAS ESCOLARES,6912,CAPA DE FILÉ
4906,4906,SERVIÇO DE REPARO (MÃO-DE-OBRA E PEÇAS),ASSINATURA DE PERIÓDICO TÉCNICO,6913,COSTELA DE BOI
4907,4907,BATERIA PARA VEICULOS,LIVRO ESCOLAR DE PRIMEIRO E SEGUNDO GRAU,6914,CARNE MOÍDA DE PRIMEIRA
4908,4908,"OUTRAS PEÇAS E ACESSORIOS PARA VEICULOS (RETROVISOR, TAPETE, BUZINA, ETC.)",LIVRO E REVISTA TECNICA E OUTROS LIVROS DIDATICOS,6915,CARNE MOÍDA DE SEGUNDA
4908,4908,RETROVISOR DE VEICULO,LIVRO E REVISTA TECNICA E OUTROS LIVROS DIDATICOS,6916,CARNE DE BOI DE PRIMEIRA
4908,4908,TAPETE DE VEICULO,LIVRO E REVISTA TECNICA E OUTROS LIVROS DIDATICOS,6917,CARNE DE BOI DE SEGUNDA
4909,4909,RADIO PARA VEICULO,TRANSPORTE ESCOLAR,6918,VÍCERAS DE BOI (NÃO ESPECIFICADAS)
4910,4910,TOCA-FITAS PARA VEICULO,UNIFORME ESCOLAR,6919,CORAÇÃO DE BOI
4910,4910,RADIO TOCA-FITAS PARA VEICULO,UNIFORME ESCOLAR,6920,RIM DE BOI
4911,4911,AR-CONDICIONADO PARA VEICULO,CRECHE,6921,PULMÃO DE BOI
4912,4912,ADITIVO PARA MOTOR E AGUA DESTILADA PARA BATERIA,LOCAÇÃO DE ALOJAMENTO ESTUDANTIL,6922,MIOLO DE BOI
4912,4912,AGUA DESTILADA PARA BATERIA,LOCAÇÃO DE ALOJAMENTO ESTUDANTIL,6923,BUCHO DE BOI
4913,4913,REBOQUE DE VEICULO,,6924,TRIPA DE BOI
4913,4913,GUINCHO (REBOQUE),,6925,FÍGADO DE BOI
4914,4914,ESTOPA,CARNE DE FORMATURA,6926,CUPIM
4915,4915,SHAMPOO PARA VEICULO,BERÇARIO,6927,LÍNGUA DE BOI
4916,4916,LIMPA PARA-BRISA,EXCRUSÃO ESCOLAR,6928,RABADA DE BOI
4917,4917,PINTURA DE VEICULO (MATERIAL+MÃO-DE-OBRA),"TAXA DE CONGRESSO, SEMINARIO, ETC. (EDUCAÇÃO)",6929,TESTÍCULO DE BOI
4918,4918,CERA PARA VEICULO,ASSOCIAÇÃO DE PAIS E MESTRES (APM),6930,CABEÇA DE BOI
4918,4918,POLIDOR PARA VEICULO,ASSOCIAÇÃO DE PAIS E MESTRES (APM),6931,MOCOTÓ DE BOI
4919,4919,CAPACETE PARA MOTO,PASTA ESCOLAR,6932,OSSO DE BOI
4920,4920,TINTA PARA VEICULO,MERENDEIRA ESCOLAR,6933,CARRÉ DE PORCO
4921,4921,CARGA DE BATERIA,MOCHILA ESCOLAR,6934,PERNIL DE PORCO
4921,4921,RECARGA DE BATERIA,MOCHILA ESCOLAR,6935,COSTELA DE PORCO
4922,4922,GAS PARA AR CONDICIONADO DE VEICULO,PÓS-GRADUAÇÃO (MESTRADO),6936,CARNE DE PORCO COM OSSO (NÃO ESPECIFICADA)
4923,4923,LIXA PARA PINTURA DE VEICULO,CRECHE (DOMICÍLIO PARTICULAR),6937,LOMBO DE PORCO
4924,4924,TELEVISÃO PARA VEICULO,COLÔNIA DE FÉRIAS (EDUCAÇÃO),6938,TOUCINHO
4925,4925,CARROCERIA PARA CAMIONETA,INSTRUMENTOS E APARELHOS DE CURSOS EDUCATIVOS,6939,VÍSCERAS DE PORCO (NÃO ESPECIFICADAS)
4926,4926,SOLVENTE,ALIMENTAÇÃO ESCOLAR,6940,CORAÇÃO DE PORCO
4927,4927,MOTOR DE AUTOMOVEL,"BIBLIOTECA (MENSALIDADE, MULTA, ETC.)",6941,RIM DE PORCO
4928,4928,MOTOR DE LANCHA,GRÊMIO ESTUDANTIL,6942,BOFE DE PORCO
4929,4929,AMPLIFICADOR PARA AUTOMOVEL,MAPA ESCOLAR,6943,MIOLO DE PORCO
4998,4998,AGREGADO,AGREGADO 33,6944,BUCHO DE PORCO
5000,5000,"DESPESAS COM DOCUMENTAÇÃO, SEGURO E OUTROS GASTOS COM VEICULOS","DESPESAS COM DOCUMENTAÇÃO, SEGURO E OUTROS GASTOS COM VEICULOS",6945,TRIPA DE PORCO
5001,5001,EMPLACAMENTO DE VEICULO,EMPLACAMENTO,6946,FÍGADO DE PORCO
5002,5002,MULTAS DE VEICULO,MULTA,6947,LINGUA DE PORCO
5003,5003,SEGURO OBRIGATORIO DE VEICULO,SEGURO OBRIGATÓRIO,6948,RABO DE PORCO
5004,5004,IMPOSTO SOBRE PROPRIEDADE DE VEICULOS AUTOMOTORES (IPVA),IMPOSTO SOBRE PROPRIEDADE DE VEÍCULOS AUTOMOTORES (IPVA),6949,CABEÇA DE PORCO
5004,5004,IPVA (IMPOSTO SOBRE PROPRIEDADE DE VEICULO),IMPOSTO SOBRE PROPRIEDADE DE VEÍCULOS AUTOMOTORES (IPVA),6950,ORELHA DE PORCO FRESCA
5005,5005,ASSOCIAÇÃO DE ASSISTENCIA AUTOMOBILISTICA (MENSALIDADE E TAXA),ASSISTÊNCIA AUTOMOBILÍSTICA (MENSALIDADE E TAXA),6951,SANGUE DE PORCO
5006,5006,SEGURO VOLUNTARIO PARA VEICULO,SEGURO VOLUNTARIO DE VEÍCULO,6952,OSSO DE PORCO
5007,5007,VAGAS CATIVAS DE ESTACIONAMENTO DE VEICULO,VAGA CATIVA DE ESTACIONAMENTO,6953,PORCO VIVO
5007,5007,VAGA DE ESTACIONAMENTO DE VEICULO,VAGA CATIVA DE ESTACIONAMENTO,6954,CARNE DE CABRITO
5008,5008,ALUGUEL DE VEICULO,ALUGUEL DE VEÍCULO,6955,CABRITO VIVO
5009,5009,TAXA DE CARTEIRA DE HABILITAÇÃO,TAXA DE EXPEDIENTE (DETRAN),6956,CARNE DE CARNEIRO
5009,5009,TAXA DE EXPEDIENTE (DETRAN),TAXA DE EXPEDIENTE (DETRAN),6957,CARNEIRO VIVO
5009,5009,PERICIA DE VEICULO (TAXA),TAXA DE EXPEDIENTE (DETRAN),6967,OUTROS ANIMAIS VIVOS
5009,5009,TAXA DE EMPLACAMENTO DE VEICULO,TAXA DE EXPEDIENTE (DETRAN),6969,PASSARINHA DE BOI
5009,5009,EMPLACAMENTO DE VEICULO (TAXA),TAXA DE EXPEDIENTE (DETRAN),6970,PASSARINHA DE PORCO
5009,5009,TAXA DE TRANSFERENCIA DE VEICULO,TAXA DE EXPEDIENTE (DETRAN),6971,BRAJOLA
5009,5009,TRANSFERENCIA DE VEICULO (TAXA),TAXA DE EXPEDIENTE (DETRAN),6972,BUCHO DE CARNEIRO
5009,5009,TAXA DE TRANSFERENCIA DE PLACA DE VEICULO,TAXA DE EXPEDIENTE (DETRAN),6973,LIMPEZA (CARNE DE BOI)
5009,5009,TRANSFERENCIA DE PLACA DE VEICULO (TAXA),TAXA DE EXPEDIENTE (DETRAN),6974,JOELHO DE PORCO
5009,5009,FOTOGRAFIA DE ACIDENTE (PERICIA),TAXA DE EXPEDIENTE (DETRAN),6975,SUA DE PORCO
5009,5009,DOCUMENTO UNICO DE TRANSITO,TAXA DE EXPEDIENTE (DETRAN),6976,CARNE DE OUTROS ANIMAIS
5009,5009,DUT (DOCUMENTO UNICO DE TRANSITO),TAXA DE EXPEDIENTE (DETRAN),6979,KIT DE CARNE DE CHURRASCO
5009,5009,TAXA DE NADA CONSTA,TAXA DE EXPEDIENTE (DETRAN),6981,VÍSCERAS DE CARNEIRO
5009,5009,NADA CONSTA (TAXA),TAXA DE EXPEDIENTE (DETRAN),6982,NARIZ DE PORCO
5098,5098,AGREGADO,AGREGADO 34,6983,PÉ DE PORCO FRESCO
5100,5100,DESPESAS COM COMPRA DE VEICULOS,DESPESAS COM AQUISIÇÃO DE VEÍCULOS,6984,PORCO OU LEITÃO MORTO (EVISCERADO)
5101,5101,AUTOMOVEL,AUTOMÓVEL DE PASSEIO NACIONAL NOVO,6985,APARA (CARNE DE PORCO)
5102,5102,BARCO,BARCO,6986,GARGANTA DE BOI
5103,5103,BICICLETA,BICICLETA,6988,CARNE DE TERNEIRO NÃO NASCIDO
5104,5104,MOTOCICLETA,MOTOCICLETA,7001,PEIXE INTEIRO DE MAR (NÃO ESPECIFICADO)
5105,5105,WINDSURF,WINDSURF,7002,PEIXE EM POSTAS DE MAR (NÃO ESPECIFICADO)
5106,5106,ASA DELTA,ASA DELTA,7003,PEIXE EM FILÉ FRESCO DE MAR (NÃO ESPECIFICADO)
5107,5107,TRAILLER,TRAILLER,7004,PEIXE SALGADO DE MAR (NÃO ESPECIFICADO)
5108,5108,ULTRA-LEVE,ULTRALEVE,7005,PEIXE EM FILÉ CONGELADO DE MAR (NÃO ESPECICADO)
5109,5109,CAIQUE,CAIQUE,7011,PEIXE INTEIRO ANCHOVA
5110,5110,CAMIONETA (UTILITARIO),AUTOMÓVEL UTILITARIO NACIONAL NOVO,7012,PEIXE EM POSTAS ANCHOVA
5111,5111,CAMINHÃO (UTILITARIO),CAMINHÃO,7013,PEIXE EM FILÉ FRESCO ANCHOVA
5112,5112,LANCHA,LANCHA,7014,PEIXE SALGADO ANCHOVA
5197,5197,EMPRESTIMO COMPULSORIO (COMPRA DE VEICULO),,7015,PEIXE EM FILÉ CONGELADO ANCHOVA
5198,5198,AGREGADO,AGREGADO 35,7021,PEIXE INTEIRO BADEJO
5300,5300,RENDIMENTOS HABITUAIS RECEBIDOS,RENDIMENTOS RECEBIDOS E DEDUÇÕES,7022,PEIXE EM POSTAS BADEJO
5311,5311,EMPREGADO,APOSENTADORIA E PENSÃO DO INSTITUTO DE PREVIDENCIA PRIVADA (ABERTA OU FECHADA),7023,PEIXE EM FILÉ FRESCO BADEJO
5312,5312,EMPREGADOR,"APOSENTADORIA, SUPLEMENTAÇÃO E COMPLEMENTAÇÃO DA PREVIDENCIA PRIVADA (ABERTA OU FECHADA)",7024,PEIXE SALGADO BADEJO
5313,5313,CONTA-PROPRIA,BOLSA DE ESTUDO,7025,PEIXE EM FILÉ CONGELADO BADEJO
5321,5321,APOSENTADORIA DE INSTITUTO DE PREVIDENCIA PUBLICA,"ALUGUEL, USO OU EXPLORAÇÃO DE BENS IMOVEIS",7031,PEIXE INTEIRO CORVINA
5322,5322,PENSÃO E ABONO DE PERMANENCIA EM SERVIÇO,"ALUGUEL, USO OU EXPLORAÇÃO DE BENS MOVEIS",7032,PEIXE EM POSTAS CORVINA
5323,5323,"APOSENTADORIA, SUPLEMENTAÇÃO E COMPLEMENTAÇÃO DA PREVIDENCIA PRIVADA (ABERTA OU FECHADA)",,7033,PEIXE EM FILÉ FRESCO CORVINA
5324,5324,BOLSA DE ESTUDO,,7034,PEIXE SALGADO CORVINA
5325,5325,"PENSÃO ALIMENTICIA,MESADA E DOAÇÃO",,7035,PEIXE EM FILÉ CONGELADO CORVINA
5331,5331,"ALUGUEL, USO OU EXPLORAÇÃO DE BENS IMOVEIS",AUXÍLIO-ALIMENTAÇÃO,7041,PEIXE INTEIRO CASTANHA
5332,5332,"ALUGUEL, USO OU EXPLORAÇÃO DE BENS MOVEIS",AUXÍLIO-TRANSPORTE,7042,PEIXE EM POSTAS CASTANHA
5400,5400,DEDUÇÕES DOS RENDIMENTOS HABITUAIS RECEBIDOS,"OUTROS RECEBIMENTOS, RECEITAS, EMPRESTIMOS E DEDUÇÃO",7043,PEIXE EM FILÉ FRESCO CASTANHA
5401,5401,IMPOSTO DE RENDA RETIDO NA FONTE,RENDIMENTO E ABONO PIS-PASEP,7044,PEIXE SALGADO CASTANHA
5402,5402,IMPOSTO DE RENDA ANTECIPADO (CARNET-LEÃO),"SAQUE DO PIS-PASEP, FGTS E INDENIZAÇÃO TRABALHISTA",7045,PEIXE EM FILÉ CONGELADO CASTANHA
5403,5403,COMPLEMENTAÇÃO DO IMPOSTO DE RENDA (ULTIMO EXERCICIO),LUCRO DE NEGÓCIOS,7051,PEIXE INTEIRO CAVALINHA
5404,5404,"CONTRIBUIÇÃO PARA PREVIDENCIA PUBLICA (FEDERAL, IAPAS, ESTADUAL, MUNICIPAL E MILITAR)",RESTITUIÇÃO DO IMOSTO DE RENDA,7052,PEIXE EM POSTAS CAVALINHA
5405,5405,CONTRIBUIÇÃO SINDICAL,HERANÇA E OUTRAS TRANSFERÊNCIAS PATRIMONIAIS,7053,PEIXE EM FILÉ FRESCO CAVALINHA
5406,5406,IMPOSTO SOBRE SERVIÇOS (ISS),PRÊMIO RESTITUÍDO E INDENIZAÇÃO PAGA POR SEGURADORA,7054,PEIXE SALGADO CAVALINHA
5500,5500,"OUTROS RENDIMENTOS, RECEITAS E EMPRESTIMOS",MOVIMENTAÇÃO DO ATIVO FINANCEIRO,7055,PEIXE EM FILÉ CONGELADO CAVALINHA
5501,5501,RENDIMENTOS E ABONO-SALARIO DO PIS E PASEP,POUPANÇA (DEPÓSITO),7061,PEIXE INTEIRO CHICHARRO
5502,5502,SAQUES DO PIS E PASEP E DO FGTS E INDENIZAÇÕES TRABALHISTAS,"FUNDO E DEPÓSITO DE APLICAÇÃO FINANCEIRA (CDB, RDB, COMMODITIES, ETC.)",7062,PEIXE EM POSTAS CHICHARRO
5503,5503,LUCROS DE NEGOCIOS,AÇÕES (APLICAÇÃO),7063,PEIXE EM FILÉ FRESCO CHICHARRO
5504,5504,RESTITUIÇÃO DO IMPOSTO DE RENDA,"OUTROS (OURO, MOEDAS ESTRANGEIRAS, ETC.) (APLICAÇÃO)",7064,PEIXE SALGADO CHICHARRO
5505,5505,HERANÇAS E OUTRAS TRANSFERENCIAS PATRIMONIAIS,,7065,PEIXE EM FILÉ CONGELADO CHICHARRO
5506,5506,PREMIOS RESTITUIDOS E INDENIZAÇÕES PAGOS POR SEGURADORAS,,7071,PEIXE INTEIRO RAIA
5507,5507,"GANHOS DE JOGOS (LOTO, LOTERIA ESPORTIVA, ETC.) OU PREMIOS",,7072,PEIXE EM POSTAS RAIA
5507,5507,"PREMIOS OU GANHOS DE JOGOS (LOTO, LOTERIA ESPORTIVA, ETC)",,7073,PEIXE EM FILÉ FRESCO RAIA
5508,5508,VENDAS DE AUTOMOVEIS,,7074,PEIXE SALGADO RAIA
5509,5509,"VENDAS ESPORADICAS DE IMOVEIS, CONSORCIOS, CARNETS, ANIMAIS E OUTROS BENS",,7075,PEIXE EM FILÉ CONGELADO RAIA
5510,5510,GANHOS COM VIAGENS A TRABALHO,,7081,PEIXE INTEIRO NAMORADO
5511,5511,SALARIO-FAMILIA,POUPANÇA (RETIRADA),7082,PEIXE EM POSTAS NAMORADO
5512,5512,AUXILIO-NATALIDADE,"FUNDO DE APLICAÇÃO FINANCEIRA (CDB, RDB, COMMODITIES, ETC.) (RETIRADA OU RESGATE)",7083,PEIXE EM FILÉ FRESCO NAMORADO
5513,5513,AUXILIO-DOENÇA (PREVIDENCIA PUBLICA),AÇÕES (RESGATE),7085,PEIXE EM FILÉ CONGELADO NAMORADO
5514,5514,EMPRESTIMOS,"OUTROS (OURO, MOEDAS ESTRANGEIRAS, ETC.) (RESGATE)",7091,PEIXE INTEIRO PESCADINHA
5514,5514,PENHORA (EMPRESTIMO),"OUTROS (OURO, MOEDAS ESTRANGEIRAS, ETC.) (RESGATE)",7092,PEIXE EM POSTAS PESCADINHA
5515,5515,GANHOS COM OPERAÇÕES FINANCEIRAS DE TITULOS DE RENDA,,7093,PEIXE EM FILÉ FRESCO PESCADINHA
5516,5516,LUCROS E DIVIDENDOS EM DINHEIRO ATRIBUIDOS A AÇÕES,,7094,PEIXE SALGADO PESCADINHA
5517,5517,SAQUES DE CADERNETA DE POUPANÇA,,7095,PEIXE EM FILÉ CONGELADO PESCADINHA
5518,5518,RESGATE DE COTAS DE FUNDOS DE INVESTIMENTOS,,7101,PEIXE INTEIRO TAINHA
5519,5519,JUROS E CORREÇÃO MONETARIA DE CADERNETA DE POUPANÇA (ULTIMO EXERCICIO),,7102,PEIXE EM POSTAS TAINHA
5520,5520,"JUROS E CORREÇÃO MONETARIA DE OUTROS ATIVOS (RDB, CDB, OTN, ETC.) (ULTIMO EXERCICIO)",,7103,PEIXE EM FILÉ FRESCO TAINHA
5521,5521,VALORIZAÇÃO E BONIFICAÇÃO DE AÇÕES (ULTIMO EXERCICIO),,7104,PEIXE SALGADO TAINHA
5522,5522,VALORIZAÇÃO DE FUNDOS DE INVESTIMENTOS (ULTIMO EXERCICIO),,7105,PEIXE EM FILÉ CONGELADO TAINHA
5523,5523,SEGURO-DESEMPREGO,,7111,PEIXE INTEIRO SARDINHA
5523,5523,SALARIO-DESEMPREGO,,7112,PEIXE EM POSTAS SARDINHA
5524,5524,AUXILIO-MATERNIDADE,,7113,PEIXE EM FILÉ FRESCO SARDINHA
5525,5525,CREDITO-EDUCATIVO,,7114,PEIXE SALGADO SARDINHA
5526,5526,AUXILIO-DOENÇA (EMPREGADOR),,7115,PEIXE EM FILÉ CONGELADO SARDINHA
5527,5527,AUXILIO-DOENÇA (PREVIDENCIA PRIVADA),,7116,PEIXE DEFUMADO SARDINHA
5528,5528,ACIDENTE DE TRABALHO (PREVIDENCIA PUBLICA),,7121,PEIXE INTEIRO VERMELHO
5529,5529,RESTITUIÇÃO DA PREVIDENCIA,,7122,PEIXE EM POSTAS VERMELHO
5529,5529,DEVOLUÇÃO DA PREVIDENCIA,,7123,PEIXE EM FILÉ FRESCO VERMELHO
5530,5530,PENSIONISTA (RENDIMENTO),,7124,PEIXE SALGADO VERMELHO
5531,5531,JUROS DE EMPRESTIMO,,7125,PEIXE EM FILÉ CONGELADO VERMELHO
5532,5532,SALARIO-EDUCAÇÃO,,7131,PEIXE INTEIRO CIOBA
5533,5533,CARNET PNL (LEITE),,7132,PEIXE EM POSTAS CIOBA
5533,5533,PNL (CARNET) (LEITE),,7133,PEIXE EM FILÉ FRESCO CIOBA
5534,5534,RESTITUIÇÃO JUDICIAL,,7134,PEIXE SALGADO CIOBA
5535,5535,CAIXINHA,,7135,PEIXE EM FILÉ CONGELADO CIOBA
5536,5536,AUXILIO-FUNERAL,,7141,PEIXE INTEIRO BAGRE DE MAR
5537,5537,AUXILIO-CRECHE,,7142,PEIXE EM POSTAS BAGRE DE MAR
5538,5538,AUXILIO-VELHICE,,7143,PEIXE EM FILÉ FRESCO BAGRE DE MAR
5539,5539,DINHEIRO ACHADO,,7144,PEIXE SALGADO BAGRE DE MAR
5598,5598,AGREGADO,,7145,PEIXE EM FILÉ CONGELADO BAGRE DE MAR
5600,5600,DEDUÇÕES DE OUTROS RENDIMENTOS E RECEITAS,,7151,PEIXE INTEIRO CARAPEBA
5601,5601,IMPOSTO DE RENDA RETIDO NA FONTE E ANTECIPADO (CARNET-LEÃO),EMPREGADO PRIVADO (IR),7152,PEIXE EM POSTAS CARAPEBA
5602,5602,COMPLEMENTAÇÃO DO IMPOSTO DE RENDA (ULTIMO EXERCICIO),EMPREGADO PÚBLICO (IR),7153,PEIXE EM FILÉ FRESCO CARAPEBA
6300,6300,CEREAIS E LEGUMINOSAS,,7154,PEIXE SALGADO CARAPEBA
6301,6301,ARROZ POLIDO,ARROZ POLIDO,7155,PEIXE EM FILÉ CONGELADO CARAPEBA
6301,6301,ARROZ HIBRIDO,ARROZ POLIDO,7161,PEIXE INTEIRO CAVALA
6301,6301,ARROZ BICA CORRIDA,ARROZ POLIDO,7162,PEIXE EM POSTAS CAVALA
6301,6301,ARROZ QUIRERA,ARROZ POLIDO,7163,PEIXE EM FILÉ FRESCO CAVALA
6301,6301,ARROZ LISO,ARROZ POLIDO,7164,PEIXE SALGADO CAVALA
6301,6301,ARROZ MACERADO,ARROZ POLIDO,7165,PEIXE EM FILÉ CONGELADO CAVALA
6301,6301,ARROZ PARBOILIZADO,ARROZ POLIDO,7171,PEIXE INTEIRO CARAPICU
6301,6301,XEREM DE ARROZ,ARROZ POLIDO,7172,PEIXE EM POSTAS CARAPICU
6302,6302,ARROZ INTEGRAL,ARROZ INTEGRAL,7173,PEIXE EM FILÉ FFRESCO CARAPICU
6302,6302,ARROZ PILADO,ARROZ INTEGRAL,7174,PEIXE SALGADO CARAPICU
6302,6302,ARROZ NÃO POLIDO,ARROZ INTEGRAL,7175,PEIXE EM FILÉ CONGELADO CARAPICU
6303,6303,ARROZ COM CASCA,ARROZ COM CASCA,7181,PEIXE INTEIRO GALO
6304,6304,AVEIA (EM GRÃO),AVEIA EM GRÃO,7182,PEIXE EM POSTAS GALO
6305,6305,CENTEIO (EM GRÃO),CENTEIO EM GRÃO,7183,PEIXE EM FILÉ FRESCO GALO
6306,6306,CEVADA (EM GRÃO),CEVADA EM GRÃO,7184,PEIXE SALGADO GALO
6307,6307,MILHO (EM GRÃO),MILHO EM GRÃO,7185,PEIXE EM FILÉ CONGELADO GALO
6307,6307,MILHO BRANCO (EM GRÃO),MILHO EM GRÃO,7191,PEIXE INTEIRO CORCOROCA
6307,6307,MILHO PARA CANJICA,MILHO EM GRÃO,7192,PEIXE EM POSTAS CORCOROCA
6307,6307,MILHO CANJIQUINHA,MILHO EM GRÃO,7193,PEIXE EM FILÉ FRESCO CORCOROCA
6307,6307,MILHO DE PIPOCA,MILHO EM GRÃO,7194,PEIXE SALGADO CORCOROCA
6307,6307,CANJIQUINHA (MILHO EM GRÃO),MILHO EM GRÃO,7195,PEIXE EM FILÉ CONGELADO CORCOROCA
6307,6307,XEREM DE MILHO,MILHO EM GRÃO,7201,PEIXE INTEIRO MANJUBA
6307,6307,QUIRERA DE MILHO,MILHO EM GRÃO,7202,PEIXE EM POSTAS MANJUBA
6307,6307,CANJICA (MILHO EM GRÃO),MILHO EM GRÃO,7203,PEIXE EM FILÉ FRESCO MANJUBA
6307,6307,MILHO AMARELO (EM GRÃO),MILHO EM GRÃO,7204,PEIXE SALGADO MANJUBA
6307,6307,MILHO PARA MUNGUZA,MILHO EM GRÃO,7205,PEIXE EM FILÉ CONGELADO MANJUBA
6308,6308,MILHO VERDE (EM ESPIGA),MILHO VERDE EM ESPIGA,7211,PEIXE INTEIRO PAPATERRA
6309,6309,TRIGO (EM GRÃO),TRIGO EM GRÃO,7212,PEIXE EM POSTAS PAPATERRA
6309,6309,TRIGO INTEGRAL,TRIGO EM GRÃO,7213,PEIXE EM FILÉ FRESCO PAPATERRA
6309,6309,QUIRERA DE TRIGO,TRIGO EM GRÃO,7214,PEIXE SALGADO PAPATERRA
6310,6310,AMENDOIM (EM GRÃO) (IN NATURA),AMENDOIM EM GRÃO (IN NATURA),7215,PEIXE EM FILÉ CONGELADO PAPATERRA
6310,6310,MENDOIM,AMENDOIM EM GRÃO (IN NATURA),7221,PEIXE INTEIRO DOURADO DE MAR
6310,6310,MENDOBIM,AMENDOIM EM GRÃO (IN NATURA),7222,PEIXE EM POSTAS DOURADO DE MAR
6310,6310,MEDUBIM,AMENDOIM EM GRÃO (IN NATURA),7223,PEIXE EM FILÉ FRESCO DOURADO DE MAR
6310,6310,AMENDOIM (EM CASCA) (IN NATURA),AMENDOIM EM GRÃO (IN NATURA),7224,PEIXE SALGADO DOURADO DE MAR
6311,6311,ERVILHA (EM GRÃO),ERVILHA EM GRÃO,7225,PEIXE EM FILÉ CONGELADO DOURADO DE MAR
6312,6312,FAVA (EM GRÃO),FAVA EM GRÃO,7231,PEIXE INTEIRO ATUM
6312,6312,FAVA DE LIMA (EM GRÃO),FAVA EM GRÃO,7232,PEIXE EM POSTAS ATUM
6312,6312,FEIJOA (EM GRÃO),FAVA EM GRÃO,7233,PEIXE EM FILÉ FRESCO ATUM
6312,6312,MANGALO AMARGO (EM GRÃO),FAVA EM GRÃO,7234,PEIXE SALGADO ATUM
6312,6312,FEIJÃO FAVA (EM GRÃO),FAVA EM GRÃO,7235,PEIXE EM FILÉ CONGELADO ATUM
6313,6313,FEIJÃO MANTEIGA,FEIJÃO MANTEIGA,7241,PEIXE INTEIRO OLHO DE BOI
6313,6313,FEIJÃO BICO DE OURO,FEIJÃO MANTEIGA,7242,PEIXE EM POSTAS OLHO DE BOI
6313,6313,FEIJÃO CAETE,FEIJÃO MANTEIGA,7243,PEIXE EM FILÉ FRESCO OLHO DE BOI
6313,6313,FEIJÃO PINGO DE OURO,FEIJÃO MANTEIGA,7244,PEIXE SALGADO OLHO DE BOI
6313,6313,FEIJÃO GRÃO DE OURO,FEIJÃO MANTEIGA,7245,PEIXE EM FILÉ CONGELADO OLHO DE BOI
6313,6313,FEIJÃO BRANCO,FEIJÃO MANTEIGA,7251,PEIXE INTEIRO SERRA
6313,6313,FEIJÃO LOUÇA,FEIJÃO MANTEIGA,7252,PEIXE EM POSTAS SERRA
6313,6313,FEIJÃO CANARINHO,FEIJÃO MANTEIGA,7253,PEIXE EM FILÉ FRESCO SERRA
6314,6314,FEIJÃO MULATINHO,FEIJÃO MULATINHO,7254,PEIXE SALGADO SERRA
6314,6314,FEIJÃO COFELISTA,FEIJÃO MULATINHO,7255,PEIXE EM FILÉ COGELADO SERRA
6314,6314,FEIJÃO PAULISTA,FEIJÃO MULATINHO,7261,PEIXE INTEIRO PARGO
6314,6314,FEIJÃO MOURO,FEIJÃO MULATINHO,7262,PEIXE EM POSTAS PARGO
6314,6314,FEIJÃO SESSENTA DIAS,FEIJÃO MULATINHO,7263,PEIXE EM FILÉ FRESCO PARGO
6314,6314,FEIJÃO MULATA GORDA,FEIJÃO MULATINHO,7264,PEIXE SALGADO PARGO
6314,6314,FEIJÃO MARROM,FEIJÃO MULATINHO,7265,PEIXE EM FILÉ CONGELADO PARGO
6314,6314,FEIJÃO MORENINHO,FEIJÃO MULATINHO,7271,PEIXE INTEIRO RONCADOR
6314,6314,FEIJÃO CAFE COM LEITE,FEIJÃO MULATINHO,7272,PEIXE EM POSTAS RONCADOR
6314,6314,FEIJÃO NAGE,FEIJÃO MULATINHO,7273,PEIXE EM FILÉ FRESCO RONCADOR
6314,6314,FEIJÃO NAVEGADOR MARROM,FEIJÃO MULATINHO,7274,PEIXE SALGADO RONCADOR
6315,6315,FEIJÃO PRETO,FEIJÃO PRETO,7275,PEIXE EM FILÉ CONGELADO RONCADOR
6315,6315,FEIJÃO ESCURINHO,FEIJÃO PRETO,7281,PEIXE INTEIRO PESCADA
6315,6315,FEIJÃO FLORESTA NEGRA,FEIJÃO PRETO,7282,PEIXE EM POSTAS PESCADA
6315,6315,FEIJÃO BORBÃO,FEIJÃO PRETO,7283,PEIXE EM FILÉ FRESCO PESCADA
6315,6315,FEIJÃO QUEBRANCHO,FEIJÃO PRETO,7284,PEIXE SALGADO PESCADA
6315,6315,FEIJÃO REBENTA NEGRO,FEIJÃO PRETO,7285,PEIXE EM FILÉ CONGELADO PESCADA
6315,6315,FEIJÃO DO MILHO,FEIJÃO PRETO,7291,PEIXE INTEIRO GAROUPA
6315,6315,FEIJÃO BEIRA-LINHA,FEIJÃO PRETO,7292,PEIXE EM POSTAS GAROUPA
6315,6315,FEIJÃO ITALIANINHO,FEIJÃO PRETO,7293,PEIXE EM FILÉ FRESCO GAROUPA
6316,6316,FEIJÃO FRADINHO,FEIJÃO FRADINHO,7294,PEIXE SALGADO GAROUPA
6316,6316,FEIJÃO MACASSAR,FEIJÃO FRADINHO,7295,PEIXE EM FILÉ CONGELADO GAROUPA
6316,6316,FEIJÃO DE CORDA,FEIJÃO FRADINHO,7301,PEIXE INTEIRO LINGUADO
6316,6316,FEIJÃO DE METRO,FEIJÃO FRADINHO,7302,PEIXE EM POSTAS LINGUADO
6316,6316,FEIJÃO ORELHA DE FRADE,FEIJÃO FRADINHO,7303,PEIXE EM FILÉ FRESCO LINGUADO
6316,6316,FEIJÃO CORUJA,FEIJÃO FRADINHO,7304,PEIXE SALGADO LINGUADO
6316,6316,FEIJÃO DE MOITA,FEIJÃO FRADINHO,7305,PEIXE EM FILÉ CONGELADO LINGUADO
6316,6316,FEIJÃO QUARENTINHA,FEIJÃO FRADINHO,7311,PEIXE INTEIRO ROBALO
6316,6316,FEIJÃO LIGEIRO,FEIJÃO FRADINHO,7312,PEIXE EM POSTAS ROBALO
6316,6316,FEIJÃO CATADOR,FEIJÃO FRADINHO,7313,PEIXE EM FILÉ FRESCO ROBALO
6316,6316,FEIJÃO MIUDO,FEIJÃO FRADINHO,7314,PEIXE SALGADO ROBALO
6316,6316,FEIJÃO GURGUTUBA,FEIJÃO FRADINHO,7315,PEIXE EM FILÉ CONGELADO ROBALO
6316,6316,FEIJÃO GURUTUBA,FEIJÃO FRADINHO,7321,PEIXE INTEIRO MERO
6316,6316,FEIJÃO OLHO DE CABRA,FEIJÃO FRADINHO,7322,PEIXE EM POSTAS MERO
6316,6316,FEIJÃO PENDANGA,FEIJÃO FRADINHO,7323,PEIXE EM FILÉ FRESCO MERO
6316,6316,FEIJÃO PITIUBA,FEIJÃO FRADINHO,7324,PEIXE SALGADO MERO
6316,6316,FEIJÃO QUARENTA DIAS,FEIJÃO FRADINHO,7325,PEIXE EM FILÉ CONGELADO MERO
6316,6316,FEIJÃO BOCA PRETA,FEIJÃO FRADINHO,7331,PEIXE INTEIRO XERELETE
6316,6316,FEIJÃO DE FRADE,FEIJÃO FRADINHO,7332,PEIXE EM POSTAS XERELETE
6316,6316,FEIJÃO DE VARA,FEIJÃO FRADINHO,7333,PEIXE EM FILÉ FRESCO XERELETE
6316,6316,FEIJÃO OLHO PRETO,FEIJÃO FRADINHO,7334,PEIXE SALGADO XERELETE
6316,6316,FEIJÃO DO RIO,FEIJÃO FRADINHO,7335,PEIXE EM FILÉ CONGELADO XERELETE
6316,6316,FEIJÃO IBRA,FEIJÃO FRADINHO,7341,PEIXE INTEIRO ESPADA
6316,6316,FEIJÃO DE RAMA,FEIJÃO FRADINHO,7342,PEIXE EM POSTAS ESPADA
6316,6316,FEIJÃO BAIANO,FEIJÃO FRADINHO,7343,PEIXE EM FILÉ FRESCO ESPADA
6316,6316,FEIJÃO VINAGRE,FEIJÃO FRADINHO,7344,PEIXE SALGADO ESPADA
6316,6316,FEIJÃO SEMPRE VERDE,FEIJÃO FRADINHO,7345,PEIXE EM FILÉ CONGELADO ESPADA
6317,6317,FEIJÃO JALO,FEIJÃO JALO,7351,PEIXE INTEIRO PARATI
6317,6317,FEIJÃO VERMELHO,FEIJÃO JALO,7352,PEIXE EM POSTAS PARATI
6317,6317,FEIJÃO MOLEQUE,FEIJÃO JALO,7353,PEIXE EM FILÉ FRESCO PARATI
6317,6317,FEIJÃO ENCARNADO,FEIJÃO JALO,7354,PEIXE SALGADO PARATI
6317,6317,FEIJÃO GORDO,FEIJÃO JALO,7355,PEIXE EM FILÉ CONGELADO PARATI
6317,6317,FEIJÃO ENXOFRÃO,FEIJÃO JALO,7361,PEIXE INTEIRO CAÇÃO
6317,6317,FEIJÃO DO SUL,FEIJÃO JALO,7362,PEIXE EM POSTAS CAÇÃO
6318,6318,FEIJÃO MANGALO,FEIJÃO MANGALO,7363,PEIXE EM FILÉ FRESCO CAÇÃO
6318,6318,FEIJÃO DA INDIA,FEIJÃO MANGALO,7364,PEIXE SALGADO CAÇÃO
6318,6318,FEIJÃO LABLAB,FEIJÃO MANGALO,7365,PEIXE EM FILÉ CONGELADO CAÇÃO
6318,6318,MANGALO,FEIJÃO MANGALO,7371,PEIXE INTEIRO CANHANHA
6318,6318,CUMANDATIA,FEIJÃO MANGALO,7372,PEIXE EM POSTAS CANHANHA
6318,6318,FAVA CUMANDATIA (FEIJÃO MANGALO),FEIJÃO MANGALO,7373,PEIXE EM FILÉ FRESCO CANHANHA
6319,6319,FEIJÃO ROXO,FEIJÃO ROXO,7374,PEIXE SALGADO CANHANHA
6319,6319,FEIJÃO ROCHEDO,FEIJÃO ROXO,7375,PEIXE EM FILÉ CONGELADO CANHANHA
6319,6319,FEIJÃO BICO ROXO,FEIJÃO ROXO,7381,PEIXE INTEIRO MERLUZA
6319,6319,FEIJÃO BORDO,FEIJÃO ROXO,7382,PEIXE EM POSTAS MERLUZA
6319,6319,FEIJÃO BRABINHO,FEIJÃO ROXO,7383,PEIXE EM FILÉ FRESCO MERLUZA
6319,6319,FEIJÃO MARUMBE,FEIJÃO ROXO,7384,PEIXE SALGADO MERLUZA
6319,6319,FEIJÃO ROXINHO,FEIJÃO ROXO,7385,PEIXE EM FILÉ CONGELADO MERLUZA
6319,6319,FEIJÃO ROXÃO,FEIJÃO ROXO,7391,PEIXE INTEIRO BEIJUPIRA
6319,6319,FEIJÃO ROXOTI,FEIJÃO ROXO,7392,PEIXE EM POSTAS BEIJUPIRA
6320,6320,FEIJÃO RAPE,FEIJÃO RAPÉ,7393,PEIXE EM FILE FRESCO BEIJUPIRA
6321,6321,FEIJÃO RAJADO,FEIJÃO RAJADO,7394,PEIXE SALGADO BEIJUPIRA
6321,6321,FEIJÃO AMENDOIM,FEIJÃO RAJADO,7395,PEIXE EM FILÉ CONGELADO BEIJUPIRA
6321,6321,FEIJÃO CHITA FINA,FEIJÃO RAJADO,7401,PEIXE INTEIRO PAMPO
6321,6321,FEIJÃO VERMELHO E BRANCO,FEIJÃO RAJADO,7402,PEIXE EM POSTAS PAMPO
6321,6321,FEIJÃO ZEBRINHA,FEIJÃO RAJADO,7403,PEIXE EM FILÉ FRESCO PAMPO
6321,6321,FEIJÃO CASCA DE COCO,FEIJÃO RAJADO,7404,PEIXE SALGADO PAMPO
6321,6321,FEIJÃO CASCÃO,FEIJÃO RAJADO,7405,PEIXE EM FILÉ CONGELADO PAMPO
6321,6321,FEIJÃO PINTADO,FEIJÃO RAJADO,7411,PEIXE INTEIRO XAREU
6321,6321,FEIJÃO PINTADINHO,FEIJÃO RAJADO,7412,PEIXE EM POSTAS XAREU
6321,6321,FEIJÃO RISCADINHO,FEIJÃO RAJADO,7413,PEIXE EM FILÉ FRESCO XAREU
6321,6321,FEIJÃO CARNAVAL,FEIJÃO RAJADO,7414,PEIXE SALGADO XAREU
6321,6321,FEIJÃO GROSSO,FEIJÃO RAJADO,7415,PEIXE EM FILÉ CONGELADO XAREU
6321,6321,FEIJÃO CHOCOLATE,FEIJÃO RAJADO,7421,PEIXE INTEIRO CARAMURU
6321,6321,FEIJÃO CARIOCA,FEIJÃO RAJADO,7422,PEIXE EM POSTAS CARAMURU
6321,6321,FEIJÃO RAJADINHO,FEIJÃO RAJADO,7423,PEIXE EM FILÉ FRESCO CARAMURU
6322,6322,FEIJÃO ROSINHA,FEIJÃO ROSINHA,7424,PEIXE SALGADO CARAMURU
6322,6322,FEIJÃO MARIA ROSA,FEIJÃO ROSINHA,7425,PEIXE EM FILÉ CONGELADO CARAMURU
6322,6322,FEIJÃO MOURA ROSA,FEIJÃO ROSINHA,7431,PEIXE INTEIRO CANGULO
6322,6322,FEIJÃO ROSADO,FEIJÃO ROSINHA,7432,PEIXE EM POSTAS CANGULO
6322,6322,FEIJÃO BARROSINHO,FEIJÃO ROSINHA,7433,PEIXE EM FILÉ FRESCO CANGULO
6322,6322,FEIJÃO GANCHEIRO,FEIJÃO ROSINHA,7434,PEIXE SALGADO CANGULO
6322,6322,FEIJÃO PAQUETA,FEIJÃO ROSINHA,7435,PEIXE EM FILÉ CONGELADO CANGULO
6323,6323,FEIJÃO ENXOFRE,FEIJÃO ENXOFRE,7441,PEIXE INTEIRO CAMURUPIM
6323,6323,FEIJÃO AMARELO,FEIJÃO ENXOFRE,7442,PEIXE EM POSTAS CAMURUPIM
6323,6323,FEIJÃO OURO,FEIJÃO ENXOFRE,7443,PEIXE EM FILÉ FRESCO CAMURUPIM
6323,6323,FEIJÃO MINEIRO AMARELO,FEIJÃO ENXOFRE,7444,PEIXE SALGADO CAMURUPIM
6323,6323,FEIJÃO MINEIRO,FEIJÃO ENXOFRE,7445,PEIXE EM FILÉ CONGELADO CAMURUPIM
6324,6324,FEIJÃO PARDO,FEIJÃO PARDO,7451,PEIXE INTEIRO GUARAJUBA
6324,6324,FEIJÃO FUMAÇA,FEIJÃO PARDO,7452,PEIXE EM POSTAS GUARAJUBA
6325,6325,FEIJÃO CHUMBINHO,FEIJÃO CHUMBINHO,7453,PEIXE EM FILÉ FRESCO GUARAJUBA
6325,6325,FEIJÃO CAFEZINHO,FEIJÃO CHUMBINHO,7454,PEIXE SALGADO GUARAJUBA
6325,6325,FEIJÃO PAQUINHO,FEIJÃO CHUMBINHO,7455,PEIXE EM FILÉ CONGELADO GUARAJUBA
6325,6325,FEIJÃO PACO MINEIRO,FEIJÃO CHUMBINHO,7461,PEIXE INTEIRO AGULHA
6325,6325,FEIJÃO CAQUI,FEIJÃO CHUMBINHO,7462,PEIXE EM POSTAS AGULHA
6325,6325,FEIJÃO OPAQUINHO,FEIJÃO CHUMBINHO,7463,PEIXE EM FILÉ FRESCO AGULHA
6325,6325,FEIJÃO CAFE,FEIJÃO CHUMBINHO,7464,PEIXE SALGADO AGULHA
6325,6325,FEIJÃO TERRINHA,FEIJÃO CHUMBINHO,7465,PEIXE EM FILÉ CONGELADO AGULHA
6325,6325,FEIJÃO CARA SUJA,FEIJÃO CHUMBINHO,7471,PEIXE INTEIRO UBARANA
6325,6325,FEIJÃO OPACO,FEIJÃO CHUMBINHO,7472,PEIXE EM POSTAS UBARANA
6325,6325,FEIJÃO FIGADO DE GALINHA,FEIJÃO CHUMBINHO,7473,PEIXE EM FILÉ FRESCO UBARANA
6326,6326,GUANDO,GUANDO,7474,PEIXE SALGADO UBARANA
6326,6326,ANDU,GUANDO,7475,PEIXE EM FILÉ CONGELADO UBARANA
6326,6326,GUANDU,GUANDO,7481,PEIXE INTEIRO GUAIVIRA
6326,6326,FEIJÃO GUANDO,GUANDO,7482,PEIXE EM POSTAS GUAIVIRA
6326,6326,FEIJÃO ANDU,GUANDO,7483,PEIXE EM FILÉ FRESCO GUAIVIRA
6326,6326,FEIJÃO GUINE,GUANDO,7484,PEIXE SALGADO GUAIVIRA
6326,6326,FEIJÃO CRISTA,GUANDO,7485,PEIXE EM FILÉ CONGELADO GUAIVIRA
6326,6326,FEIJÃO SETE CAMADAS,GUANDO,7491,PEIXE INTEIRO BICUDA
6326,6326,FEIJÃO GUANDU,GUANDO,7492,PEIXE EM POSTAS BICUDA
6327,6327,TREMOÇO,TREMOÇO,7493,PEIXE EM FILÉ FRESCO BICUDA
6327,6327,TREMOÇO BRANCO,TREMOÇO,7494,PEIXE SALGADO BICUDA
6327,6327,TREMOÇO AMARELO,TREMOÇO,7495,PEIXE EM FILÉ CONGELADO BICUDA
6328,6328,GRÃO DE BICO,GRÃO DE BICO,7501,PEIXE INTEIRO TRILHA
6329,6329,LENTILHA,LENTILHA,7502,PEIXE EM POSTAS TRILHA
6330,6330,SOJA (EM GRÃO),SOJA EM GRÃO,7503,PEIXE EM FILÉ FRESCO TRILHA
6330,6330,FEIJÃO SOJA,SOJA EM GRÃO,7504,PEIXE SALGADO TRILHA
6331,6331,FEIJÃO (NÃO ESPECIFICADO),FEIJÃO (NÃO ESPECIFICADO),7505,PEIXE EM FILÉ CONGELADO TRILHA
6332,6332,SEMENTE DE ABOBORA,SEMENTE DE ABÓBORA,7511,PEIXE INTEIRO PARU
6333,6333,ARROZ PRE-COZIDO,ARROZ PRÉ-COZIDO,7512,PEIXE EM POSTAS PARU
6334,6334,FEIJÃO DA COLONIA,,7513,PEIXE EM FILÉ FRESCO PARU
6335,6335,SEMENTE DE GERGELIM,SEMENTE DE GERGELIM,7514,PEIXE SALGADO PARU
6335,6335,GERGELIM (SEMENTE),SEMENTE DE GERGELIM,7515,PEIXE EM FILÉ CONGELADO PARU
6335,6335,GERGELIM (GRÃO),SEMENTE DE GERGELIM,7521,PEIXE INTEIRO VOADOR
6336,6336,FEIJÃO ADZUKI,FEIJÃO ADZUKI,7522,PEIXE EM POSTAS VOADOR
6336,6336,FEIJÃO JAPONES (ADZUKI),FEIJÃO ADZUKI,7523,PEIXE EM FILÉ FRESCO VOADOR
6336,6336,SOJA JAPONESA (FEIJÃO ADZUKI),FEIJÃO ADZUKI,7524,PEIXE SALGADO VOADOR
6337,6337,ARROZ ESPECIAL (JAPONES),ARROZ ESPECIAL (JAPONÊS),7525,PEIXE EM FILÉ CONGELADO VOADOR
6337,6337,ARROZ JAPONES (ESPECIAL),ARROZ ESPECIAL (JAPONÊS),7531,PEIXE INTEIRO BONITO
6350,6350,TUBERCULOS E RAIZES,,7532,PEIXE EM POSTAS BONITO
6351,6351,BATATA INGLESA,BATATA INGLESA,7533,PEIXE EM FILÉ FRESCO BONITO
6351,6351,BATATA DO REINO,BATATA INGLESA,7534,PEIXE SALGADO BONITO
6351,6351,BATATA ROSA,BATATA INGLESA,7535,PEIXE EM FILÉ CONGELADO BONITO
6351,6351,BATATA PORTUGUESA,BATATA INGLESA,7541,PEIXE INTEIRO SAVELHA
6351,6351,BATATA INGESA ROSA,BATATA INGLESA,7542,PEIXE EM POSTAS SAVELHA
6351,6351,BATATINHA,BATATA INGLESA,7543,PEIXE EM FILÉ FRESCO SAVELHA
6351,6351,BATATA LISA,BATATA INGLESA,7544,PEIXE SALGADO SAVELHA
6351,6351,BATATA HOLANDESA,BATATA INGLESA,7545,PEIXE EM FILÉ CONGELADO SAVELHA
6352,6352,ARARUTA,ARARUTA,7551,PEIXE INTEIRO BODIÃO
6353,6353,BATATA BAROA,BATATA BAROA,7552,PEIXE EM POSTAS BODIÃO
6353,6353,BATATA BARONESA,BATATA BAROA,7553,PEIXE EM FILÉ FRESCO BODIÃO
6353,6353,MANDIOQUINHA SALSA (BATATA BAROA),BATATA BAROA,7554,PEIXE SALGADO BODIÃO
6353,6353,CENOURA AMARELA (BATATA BAROA),BATATA BAROA,7555,PEIXE EM FILÉ CONGELADO BODIÃO
6353,6353,CEREFOLIO,BATATA BAROA,7561,PEIXE INTEIRO GORDINHO
6354,6354,BATATA DOCE,BATATA DOCE,7562,PEIXE EM POSTAS GORDINHO
6354,6354,BATATA DOCE ROXA,BATATA DOCE,7563,PEIXE EM FILE FRESCO GORDINHO
6354,6354,BATATA DA TERRA,BATATA DOCE,7564,PEIXE SALGADO GORDINHO
6354,6354,BATATA DE ANGOLA,BATATA DOCE,7565,PEIXE EM FILÉ CONGELADO GORDINHO
6354,6354,BATATA MASTRUS,BATATA DOCE,7571,PEIXE INTEIRO PALOMBETA
6355,6355,INHAME,INHAME,7572,PEIXE EM POSTAS PALOMBETA
6355,6355,INHAME TAIA,INHAME,7573,PEIXE EM FILÉ FRESCO PALOMBETA
6355,6355,INHAME SÃO TOME,INHAME,7574,PEIXE SALGADO PALOMBETA
6355,6355,INHAME CHINES,INHAME,7575,PEIXE EM FILÉ CONGELADO PALOMBETA
6355,6355,INHAME DA COSTA,INHAME,7581,PEIXE INTEIRO MIRAGAIA
6355,6355,INHAME D'AGUA,INHAME,7582,PEIXE EM POSTAS MIRAGAIA
6355,6355,TAIOBA SÃO TOME,INHAME,7583,PEIXE EM FILÉ FRESCO MIRAGAIA
6355,6355,QUIÇARE,INHAME,7584,PEIXE SALGADO MIRAGAIA
6355,6355,TAIA JAPONES,INHAME,7585,PEIXE EM FILÉ CONGELADO MIRAGAIA
6355,6355,COIO ROSA,INHAME,7591,PEIXE INTEIRO REI (PEIXE REI)
6356,6356,MANDIOCA,MANDIOCA,7592,PEIXE EM POSTAS REI (PEIXE REI)
6356,6356,MANDIOCA DOCE,MANDIOCA,7593,PEIXE EM FILÉ FRESCO REI (PEIXE REI)
6356,6356,MANDIOCA MANSA,MANDIOCA,7594,PEIXE SALGADO REI (PEIXE REI)
6356,6356,MANDIOCA BRANCA,MANDIOCA,7595,PEIXE EM FILÉ CONGELADO REI (PEIXE REI)
6356,6356,MANDIOCA CACAU,MANDIOCA,7601,PEIXE INTEIRO MOREIA
6356,6356,MANDIOCA BRAVA,MANDIOCA,7602,PEIXE EM POSTAS MOREIA
6356,6356,MANDIOCA VASSOURINHA,MANDIOCA,7603,PEIXE EM FILÉ FRESCO MOREIA
6356,6356,MANIVA,MANDIOCA,7604,PEIXE SALGADO MOREIA
6356,6356,AIPIM,MANDIOCA,7605,PEIXE EM FILÉ CONGELADO MOREIA
6356,6356,MACAXEIRA,MANDIOCA,7611,PEIXE INTEIRO ALBACORA
6356,6356,AIPI,MANDIOCA,7612,PEIXE EM POSTAS ALBACORA
6357,6357,CARA,CARA,7613,PEIXE EM FILÉ FRESCO ALBACORA
6357,6357,CARA INHAME,CARA,7614,PEIXE SALGADO ALBACORA
6357,6357,CARA CHINES,CARA,7615,PEIXE EM FILÉ CONGELADO ALBACORA
6357,6357,CARA BRANCO,CARA,7621,PEIXE INTEIRO CHERNE
6357,6357,CARA DA GUINE,CARA,7622,PEIXE EM POSTAS CHERNE
6357,6357,CARA DE SAPATEIRO,CARA,7623,PEIXE EM FILÉ FRESCO CHERNE
6357,6357,CARA DO AR,CARA,7624,PEIXE SALGADO CHERNE
6357,6357,CARA MIMOSO,CARA,7625,PEIXE EM FILÉ CONGELADO CHERNE
6357,6357,CARATINGA,CARA,7631,PEIXE INTEIRO PIRA (MAR)
6357,6357,ARRAS,CARA,7632,PEIXE EM POSTAS PIRA
6357,6357,BATATA NAMBU,CARA,7633,PEIXE EM FILÉ FRESCO PIRA
6357,6357,INAMBU (CARA),CARA,7634,PEIXE SALGADO PIRA
6357,6357,INHAME CARAQUENTO (CARA),CARA,7635,PEIXE EM FILÉ CONGELADO PIRA
6357,6357,INHAME LISO (CARA),CARA,7641,PEIXE INTEIRO AGULHÃO
6357,6357,INHAME CASCO (CARA),CARA,7642,PEIXE EM POSTAS AGULHÃO
6357,6357,BATATA DO AR,CARA,7643,PEIXE EM FILÉ FRESCO AGULHÃO
6357,6357,BATATA DE RAMA,CARA,7644,PEIXE SALGADO AGULHÃO
6357,6357,CARA NAMBU,CARA,7645,PEIXE EM FILÉ CONGELADO AGULHÃO
6358,6358,MANGARITO,MANGARITO,7651,PEIXE INTEIRO SALMONETE
6358,6358,MANGARA MIRIM,MANGARITO,7652,PEIXE EM POSTAS SALMONETE
6359,6359,BATATA AIPO,BATATA AIPÓ,7653,PEIXE EM FILÉ FRESCO SALMONETE
6359,6359,BATATA SALSA,BATATA AIPÓ,7654,PEIXE SALGADO SALMONETE
6359,6359,BATATA DO BARÃO,BATATA AIPÓ,7655,PEIXE EM FILÉ CONGELADO SALMONETE
6359,6359,BATATA SUIÇA,BATATA AIPÓ,7656,CABEÇA DE PEIXE SALGADO (QUALQUER TIPO)
6359,6359,BATATA CENOURA,BATATA AIPÓ,7661,CAMARÃO
6359,6359,BATATA FIUZA,BATATA AIPÓ,7662,CAMARÃO SEM CASCA
6359,6359,AIPO DO PERU (BATATA AIPO),BATATA AIPÓ,7664,CAMARÃO SECO
6359,6359,MANDIOQUINHA,BATATA AIPÓ,7671,SIRI
6360,6360,RABANETE,RABANETE,7672,SIRI SEM CASCA
6360,6360,NABO CHINES (RABANETE),RABANETE,7674,SIRI SALGADO
6361,6361,BETERRABA,BETERRABA,7681,CARANGUEJO
6362,6362,CENOURA,CENOURA,7682,CARANGUEJO SEM CASCA
6362,6362,CENOURA VERMELHA,CENOURA,7684,CARANGUEJO SALGADO
6362,6362,CENOURINHA,CENOURA,7691,MARISCO
6363,6363,NABO,NABO,7692,MARISCO SEM CASCA
6363,6363,NABO ROXO,NABO,7694,MARISCO SALGADO
6363,6363,NABO BRANCO,NABO,7701,OSTRA
6364,6364,NABIÇA,NABICA,7702,OSTRA SEM CASCA
6364,6364,SARAMAGO,NABICA,7704,OSTRA SALGADA
6364,6364,RABANETE DE CAVALO (NABIÇA),NABICA,7711,LULA
6365,6365,GOBO,GOBO,7721,SURURU
6365,6365,BARDANA,GOBO,7722,SURURU SEM CASCA
6366,6366,AÇAFRÃO,AÇAFRÃO,7724,SURURU SALGADO
6400,6400,"FARINHAS,FECULAS E MASSAS",,7731,LAGOSTA
6401,6401,CREME DE ARROZ,CREME DE ARROZ,7732,LAGOSTA SEM CASCA
6401,6401,CREME DE ARROZ VITAMINADO,CREME DE ARROZ,7734,LAGOSTA SALGADA
6401,6401,FARINHA DE ARROZ,CREME DE ARROZ,7741,VIEIRA
6401,6401,ARROZINA,CREME DE ARROZ,7742,VIEIRA SEM CASCA
6401,6401,MUCILON,CREME DE ARROZ,7744,VIEIRA SALGADA
6401,6401,MASSA DE ARROZ,CREME DE ARROZ,7751,TARTARUGA DE MAR
6402,6402,FLOCOS DE ARROZ,FLOCOS DE ARROZ,7752,TARTARUGA EM POSTAS
6402,6402,CROQUINHOS,FLOCOS DE ARROZ,7753,TARTARUGA EM FILÉ FRESCO
6403,6403,FARINHA DE AVEIA,FARINHA DE ARROZ,7754,TARTARUGA SALGADA
6404,6404,AVEIA EM FLOCOS,AVEIA EM FLOCOS,7755,TARTARUGA EM FILÉ CONGELADO
6404,6404,FLOCOS DE AVEIA,AVEIA EM FLOCOS,7764,BACALHAU
6404,6404,AVEIA INSTANTANEA,AVEIA EM FLOCOS,7771,PEIXE INTEIRO CAIÇANHA
6404,6404,VITAVENA,AVEIA EM FLOCOS,7772,PEIXE EM POSTAS CAIÇANHA
6404,6404,AVEIA QUAKER,AVEIA EM FLOCOS,7773,PEIXE EM FILÉ FRESCO CAIÇANHA
6405,6405,FARINHA DE CENTEIO,FARINHA DE CENTEIO,7774,PEIXE SALGADO CAIÇANHA
6406,6406,FUBA DE MILHO,FUBA DE MILHO,7775,PEIXE EM FILÉ CONGELADO CAIÇANHA
6406,6406,FUBA,FUBA DE MILHO,7781,PEIXE INTEIRO MISTURA DE MAR
6406,6406,FARINHA DE MILHO,FUBA DE MILHO,7782,PEIXE EM POSTAS MISTURA DE MAR
6406,6406,MILHARINA,FUBA DE MILHO,7783,PEIXE EM FILÉ FRESCO MISTURA DE MAR
6406,6406,CREME DE MILHO,FUBA DE MILHO,7784,PEIXE SALGADO MISTURA DE MAR
6406,6406,FLOR DE MILHO,FUBA DE MILHO,7791,PEIXE INTEIRO TIRAVIRA
6406,6406,SEMOLA DE MILHO,FUBA DE MILHO,7792,PEIXE EM POSTAS TIRAVIRA
6406,6406,MASSA DE MILHO,FUBA DE MILHO,7793,PEIXE EM FILÉ FRESCO TIRAVIRA
6406,6406,PUBA DE MILHO,FUBA DE MILHO,7794,PEIXE SALGADO TIRAVIRA
6406,6406,PUBA DE FUBA,FUBA DE MILHO,7795,PEIXE EM FILÉ CONGELADO TIRAVIRA
6406,6406,MASSA PARA CANJICA,FUBA DE MILHO,7801,OVAS DE PEIXE (QUALQUER ESPÉCIE)
6407,6407,MAIZENA,MAIZENA,7804,OVAS DE PEIXE SALGADAS (QUALQUER ESPÉCIE)
6407,6407,AMIDO DE MILHO,MAIZENA,7811,PEIXE INTEIRO ALICHE
6407,6407,GOMA DE MILHO,MAIZENA,7812,PEIXE EM POSTAS ALICHE
6407,6407,AMIDOMIL,MAIZENA,7813,PEIXE EM FILE FRESCO ALICHE
6408,6408,CREMOGEMA,CREMOGEMA,7814,PEIXE SALGADO ALICHE
6408,6408,VITAMILHO,CREMOGEMA,7815,PEIXE EM FILÉ CONGELADO ALICHE
6408,6408,CREMOVITA,CREMOGEMA,7821,POLVO
6409,6409,FLOCOS DE MILHO,FLOCOS DE MILHO,7822,POLVO EM POSTAS
6409,6409,SUCRILHOS,FLOCOS DE MILHO,7824,POLVO SALGADO
6410,6410,FARINHA DE TRIGO,FARINHA DE TRIGO,7831,PEIXE INTEIRO ABROTE
6410,6410,FARINHA DO REINO,FARINHA DE TRIGO,7832,PEIXE EM POSTAS ABROTE
6410,6410,SEMOLINA DE TRIGO,FARINHA DE TRIGO,7833,PEIXE EM FILÉ FRESCO ABROTE
6411,6411,FARINHA DE ROSCA,FARINHA DE ROSCA,7834,PEIXE SALGADO ABROTE
6412,6412,FARINHA PARA QUIBE,FARINHA DE QUIBE,7835,PEIXE EM FILE CONGELADO ABROTE
6412,6412,FARINHA DE TRIGO PARA QUIBE,FARINHA DE QUIBE,7841,PEIXE INTEIRO BABOSA
6412,6412,TRIGUILHO,FARINHA DE QUIBE,7842,PEIXE EM POSTAS BABOSA
6412,6412,BULGOR,FARINHA DE QUIBE,7843,PEIXE EM FILÉ FRESCO BABOSA
6413,6413,GERME DE TRIGO,"GERME, GLUTEM E FIBRA DE TRIGO",7844,PEIXE SALGADO BABOSA
6414,6414,FARINHA DE MANDIOCA,FARINHA DE MANDIOCA,7845,PEIXE EM FILÉ CONGELADO BABOSA
6414,6414,FARINHA DE MANDIOCA CRUA,FARINHA DE MANDIOCA,7851,PEIXE INTEIRO PENA
6414,6414,FARINHA DE MANDIOCA TORRADA,FARINHA DE MANDIOCA,7852,PEIXE EM POSTAS PENA
6414,6414,FARINHA DE MANDIOCA BIJU,FARINHA DE MANDIOCA,7853,PEIXE EM FILÉ FRESCO PENA
6414,6414,FARINHA DE MANDIOCA MORENA,FARINHA DE MANDIOCA,7854,PEIXE SALGADO PENA
6414,6414,FARINHA DE MANDIOCA AMARELA,FARINHA DE MANDIOCA,7855,PEIXE EM FILÉ CONGELADO PENA
6414,6414,FARINHA DE MANDIOCA BRANCA,FARINHA DE MANDIOCA,8001,PEIXE INTEIRO DE AGUA DOCE (NÃO ESPECIFICADO)
6414,6414,FARINHA DE MANDIOCA MISTURADA,FARINHA DE MANDIOCA,8002,PEIXE EM POSTAS DE AGUA DOCE (NÃO ESPECIFICADO)
6414,6414,FARINHA DE MANDIOCA COMUM,FARINHA DE MANDIOCA,8003,PEIXE EM FILÉ FRESCO DE AGUA DOCE (NÃO ESPECIFICADO)
6414,6414,FARINHA DE COPIOBA,FARINHA DE MANDIOCA,8004,PEIXE SALGADO DE AGUA DOCE (NÃO ESPECIFICADO)
6414,6414,FARINHA DE MESA,FARINHA DE MANDIOCA,8005,PEIXE EM FILÉ CONGELADO DE AGUA DOCE (NÃO ESPECIFICADO)
6414,6414,FARINHA DE CARIMÃ,FARINHA DE MANDIOCA,8011,PEIXE INTEIRO TRAIRA
6414,6414,FARINHA DE SURUI,FARINHA DE MANDIOCA,8012,PEIXE EM POSTAS TRAIRA
6414,6414,MASSA DE MANDIOCA,FARINHA DE MANDIOCA,8013,PEIXE EM FILÉ FRESCO TRAIRA
6414,6414,FARINHA D'AGUA,FARINHA DE MANDIOCA,8014,PEIXE SALGADO TRAIRA
6415,6415,FECULA DE MANDIOCA,FÉCULA DE MANDIOCA,8015,PEIXE EM FILÉ CONGELADO TRAIRA
6415,6415,GOMA DE MANDIOCA,FÉCULA DE MANDIOCA,8021,PEIXE INTEIRO ACARA
6415,6415,POLVILHO DE MANDIOCA,FÉCULA DE MANDIOCA,8022,PEIXE EM POSTAS ACARA
6415,6415,POLVILHO AZEDO,FÉCULA DE MANDIOCA,8023,PEIXE EM FILE FRESCO ACARA
6415,6415,SAGU DE MANDIOCA,FÉCULA DE MANDIOCA,8024,PEIXE SALGADO ACARA
6415,6415,GOMA DE CARIMÃ,FÉCULA DE MANDIOCA,8025,PEIXE EM FILÉ CONGELADO ACARA
6415,6415,CREME DE MACAXEIRA,FÉCULA DE MANDIOCA,8031,PEIXE INTEIRO LAMBARI
6415,6415,GOMA DE TAPIOCA,FÉCULA DE MANDIOCA,8032,PEIXE EM POSTAS LAMBARI
6415,6415,TAPIOCA (GOMA),FÉCULA DE MANDIOCA,8033,PEIXE EM FILÉ FRESCO LAMBARI
6415,6415,FARINHA DE TAPIOCA,FÉCULA DE MANDIOCA,8034,PEIXE SALGADO LAMBARI
6415,6415,FARINHA BEIJU,FÉCULA DE MANDIOCA,8035,PEIXE EM FILÉ CONGELADO LAMBARI
6415,6415,POLVILHO DOCE,FÉCULA DE MANDIOCA,8041,PEIXE INTEIRO SURUBIM
6415,6415,CARIMÃ (PUBA DE MANDIOCA),FÉCULA DE MANDIOCA,8042,PEIXE EM POSTAS SURUBIM
6415,6415,PUBA DE MANDIOCA,FÉCULA DE MANDIOCA,8043,PEIXE EM FILÉ FRESCO SURUBIM
6415,6415,SAGU (DE MANDIOCA),FÉCULA DE MANDIOCA,8044,PEIXE SALGADO SURUBIM
6415,6415,TAPIOCA DE GOMA (MANDIOCA),FÉCULA DE MANDIOCA,8045,PEIXE EM FILÉ CONGELADO SURUBIM
6416,6416,FECULA DE BATATA,FÉCULA DE BATATA,8051,PEIXE INTEIRO JACUNDA
6417,6417,FARINHA DE ARARUTA,FARINHA DE ARARUTA,8052,PEIXE EM POSTAS JACUNDA
6418,6418,FECULA DE ARARUTA,FÉCULA DE ARARUTA,8053,PEIXE EM FILÉ FRESCO JACUNDA
6418,6418,GOMA DE ARARUTA,FÉCULA DE ARARUTA,8054,PEIXE SALGADO JACUNDA
6419,6419,FARINHA DE SOJA,FARINHA DE SOJA,8055,PEIXE EM FILÉ CONGELADO JACUNDA
6420,6420,FARINHA LACTEA,FARINHA LACTEA,8061,PEIXE INTEIRO PIRARUCU
6420,6420,FARINHA VITAMINADA,FARINHA LACTEA,8062,PEIXE EM POSTAS PIRARUCU
6420,6420,SUSTAGEM,FARINHA LACTEA,8063,PEIXE EM FILÉ FRESCO PIRARUCU
6420,6420,GEVRAL,FARINHA LACTEA,8064,PEIXE SALGADO PIRARUCU
6420,6420,LECITINA (COMPLEMENTO VITAMINICO DE SOJA),FARINHA LACTEA,8065,PEIXE EM FILÉ CONGELADO PIRARUCU
6420,6420,MERITENE,FARINHA LACTEA,8071,PEIXE INTEIRO ARACU
6420,6420,PROTEINAC,FARINHA LACTEA,8072,PEIXE EM POSTAS ARACU
6420,6420,PROTEINA DE SOJA,FARINHA LACTEA,8073,PEIXE EM FILÉ FRESCO ARACU
6420,6420,SOJA (PROTEINA),FARINHA LACTEA,8074,PEIXE SALGADO ARACU
6420,6420,COMPLEMENTO ALIMENTAR DE QUALQUER SABOR,FARINHA LACTEA,8075,PEIXE EM FILÉ CONGELADO ARACU
6420,6420,COMPOSTO ALIMENTAR DE QUALQUER SABOR,FARINHA LACTEA,8081,PEIXE INTEIRO TILAPIA
6420,6420,PROTEINA VEGETAL,FARINHA LACTEA,8082,PEIXE EM POSTAS TILAPIA
6421,6421,NESTON,NESTON,8083,PEIXE EM FILÉ FRESCO TILAPIA
6421,6421,FLOCOS DE CEREAIS,NESTON,8084,PEIXE SALGADO TILAPIA
6421,6421,ALIMENTOS INFANTIS QUATRO CEREAIS,NESTON,8085,PEIXE EM FILÉ CONGELADO TILAPIA
6421,6421,EXTRATO DE CEREAIS,NESTON,8091,PEIXE INTEIRO JEJU
6421,6421,VITAFLOCOS,NESTON,8092,PEIXE EM POSTAS JEJU
6421,6421,MUSLI (CEREAL MATINAL),NESTON,8093,PEIXE EM FILÉ FRESCO JEJU
6422,6422,MASSA PARA PÃO COMUM,MASSA DE PÃO COMUM,8094,PEIXE SALGADO JEJU
6423,6423,MASSA PARA PÃO DE QUEIJO,MASSA DE PÃO DE QUEIJO,8095,PEIXE EM FILÉ CONGELADO JEJU
6424,6424,MASSA PARA PIZZA,MASSA DE PIZZA,8101,PEIXE INTEIRO CURIMATÃ
6424,6424,PIZZA SEMI-PRONTA,MASSA DE PIZZA,8102,PEIXE EM POSTAS CURIMATÃ
6425,6425,MASSA PARA TORTA,MASSA DE TORTA,8103,PEIXE EM FILÉ FRESCO CURIMATÃ
6426,6426,MASSA PARA PASTEL,MASSA DE PASTEL,8104,PEIXE SALGADO CURIMATÃ
6426,6426,FILHO (MASSA PARA PASTEL),MASSA DE PASTEL,8105,PEIXE EM FILÉ CONGELADO CURIMATÃ
6427,6427,MASSA PARA NHOQUE,MASSA DE NHOQUE,8111,PEIXE INTEIRO TUCUNARÉ
6428,6428,MASSA PARA RAVIOLE,MASSA DE RAVIOLE,8112,PEIXE EM POSTAS TUCUNARÉ
6429,6429,MASSA PARA LASANHA,MASSA DE LASANHA,8113,PEIXE EM FILÉ FRESCO TUCUNARÉ
6430,6430,MASSA PARA CANELONE,MASSA DE CANELONE,8114,PEIXE SALGADO TUCUNARÉ
6431,6431,MASSA PARA CAPELETE,MASSA DE CAPELETI,8115,PEIXE EM FILÉ CONGELADO TUCUNARÉ
6432,6432,MACARRÃO SEM OVOS,MACARRÃO SEM OVOS,8121,PEIXE INTEIRO ACARÍ
6432,6432,MACARRÃO DE GLUTEN SEM OVOS,MACARRÃO SEM OVOS,8122,PEIXE EM POSTAS ACARÍ
6432,6432,MACARRÃO DE SEMOLA SEM OVOS,MACARRÃO SEM OVOS,8123,PEIXE EM FILÉ FRESCO ACARÍ
6432,6432,MACARRÃO DE SEMOLINA SEM OVOS,MACARRÃO SEM OVOS,8124,PEIXE SALGADO ACARÍ
6432,6432,MACARRÃO PARA SOPA SEM OVOS,MACARRÃO SEM OVOS,8125,PEIXE EM FILÉ CONGELADO ACARÍ
6432,6432,MASSA SEM OVOS,MACARRÃO SEM OVOS,8131,PEIXE INTEIRO PIRAMUTABA
6432,6432,MASSA DE GLUTEN SEM OVOS,MACARRÃO SEM OVOS,8132,PEIXE EM POSTAS PIRAMUTABA
6432,6432,MASSA DE SEMOLA SEM OVOS,MACARRÃO SEM OVOS,8133,PEIXE EM FILÉ FRESCO PIRAMUTABA
6432,6432,MASSA DE SEMOLINA SEM OVOS,MACARRÃO SEM OVOS,8134,PEIXE SALGADO PIRAMUTABA
6432,6432,MASSA PARA SOPA SEM OVOS,MACARRÃO SEM OVOS,8135,PEIXE EM FILÉ CONGELADO PIRAMUTABA
6432,6432,TALHARIM SEM OVOS,MACARRÃO SEM OVOS,8141,PEIXE INTEIRO PIAU
6432,6432,SPAGHETTI SEM OVOS,MACARRÃO SEM OVOS,8142,PEIXE EM POSTAS PIAU
6432,6432,ESPAGUETE SEM OVOS,MACARRÃO SEM OVOS,8143,PEIXE EM FILÉ FRESCO PIAU
6432,6432,ALETRIA SEM OVOS,MACARRÃO SEM OVOS,8144,PEIXE SALGADO PIAU
6433,6433,MACARRÃO COM OVOS,MACARRÃO COM OVOS,8145,PEIXE EM FILÉ CONGELADO PIAU
6433,6433,MACARRÃO DE GLUTEN COM OVOS,MACARRÃO COM OVOS,8151,PEIXE INTEIRO MUCUM
6433,6433,MACARRÃO DE SEMOLA COM OVOS,MACARRÃO COM OVOS,8152,PEIXE EM POSTAS MUCUM
6433,6433,MACARRÃO DE SEMOLINA COM OVOS,MACARRÃO COM OVOS,8153,PEIXE EM FILÉ FRESCO MUCUM
6433,6433,MACARRÃO PARA SOPA COM OVOS,MACARRÃO COM OVOS,8154,PEIXE SALGADO MUCUM
6433,6433,MASSA COM OVOS,MACARRÃO COM OVOS,8155,PEIXE EM FILÉ CONGELADO MUCUM
6433,6433,MASSA DE GLUTEN COM OVOS,MACARRÃO COM OVOS,8161,PEIXE INTEIRO DOURADO DE AGUA DOCE
6433,6433,MASSA DE SEMOLA COM OVOS,MACARRÃO COM OVOS,8162,PEIXE EM POSTAS DOURADO DE AGUA DOCE
6433,6433,MASSA DE SEMOLINA COM OVOS,MACARRÃO COM OVOS,8163,PEIXE EM FILÉ FRESCO DOURADO DE ÁGUA DOCE
6433,6433,MASSA PARA SOPA COM OVOS,MACARRÃO COM OVOS,8164,PEIXE SALGADO DOURADO DE ÁGUA DOCE
6433,6433,TALHARIM COM OVOS,MACARRÃO COM OVOS,8165,PEIXE EM FILÉ CONGELADO DOURADO DE ÁGUA DOCE
6433,6433,SPAGHETTI COM OVOS,MACARRÃO COM OVOS,8171,PEIXE INTEIRO TAMOATA
6433,6433,ESPAGUETE COM OVOS,MACARRÃO COM OVOS,8172,PEIXE EM POSTAS TAMOATA
6433,6433,ALETRIA COM OVOS,MACARRÃO COM OVOS,8173,PEIXE EM FILÉ FRESCO TAMOATA
6434,6434,MACARRÃO (NÃO ESPECIFICADO),MACARRÃO (NÃO ESPECIFICADO),8174,PEIXE SALGADO TAMOATA
6435,6435,PURE DE BATATA EM CAIXA,PURÊ DE BATATA EM CAIXA,8175,PEIXE EM FILÉ CONGELADO TAMOATA
6436,6436,BIFE VEGETAL,BIFE VEGETAL,8181,PEIXE INTEIRO PIRAPEUA
6436,6436,MASSA DE SOJA (CARNE VEGETAL),BIFE VEGETAL,8182,PEIXE EM POSTAS PIRAPEUA
6436,6436,CARNE VEGETAL,BIFE VEGETAL,8183,PEIXE EM FILÉ FRESCO PIRAPEUA
6436,6436,PASTA DE SOJA,BIFE VEGETAL,8184,PEIXE SALGADO PIRAPEUA
6437,6437,FARINHA DE AMENDOIM,OUTRAS FARINHAS,8185,PEIXE EM FILÉ CONGELADO PIRAPEUA
6437,6437,AMENDOIM MOIDO,OUTRAS FARINHAS,8191,PEIXE INTEIRO MAPARA
6438,6438,FARINHA DE FEIJÃO,,8192,PEIXE EM POSTAS MAPARA
6439,6439,MANDIOPÃ,MANDIOPÂ,8193,PEIXE EM FILÉ FRESCO MAPARA
6439,6439,FRITOPAM,MANDIOPÂ,8194,PEIXE SALGADO MAPARA
6440,6440,FARINHA DE PEIXE,,8195,PEIXE EM FILÉ CONGELADO MAPARA
6441,6441,GLUTEN,,8201,PEIXE INTEIRO PIRANHA
6442,6442,MASSA PARA COXINHA,MASSA DE COXINHA,8202,PEIXE EM POSTAS PIRANHA
6442,6442,COXINHA PARA FRITAR (MASSA),MASSA DE COXINHA,8203,PEIXE EM FILÉ FRESCO PIRANHA
6443,6443,FIBRA DE TRIGO,MASSA DE ROTOLONE (SEMIPRONTA),8204,PEIXE SALGADO PIRANHA
6444,6444,FARINHA DE BANANA,GRANOLA (FLOCOS DE CEREAL),8205,PEIXE EM FILÉ CONGELADO PIRANHA
6450,6450,"COCOS,CASTANHAS E NOZES",,8211,PEIXE INTEIRO PACÚ
6451,6451,COCO DA BAHIA (SECO OU VERDE),COCO DA BAHIA (SECO OU VERDE),8212,PEIXE EM POSTAS PACÚ
6451,6451,COCO DA PRAIA,COCO DA BAHIA (SECO OU VERDE),8213,PEIXE EM FILÉ FRESCO PACÚ
6451,6451,COCO DA INDIA,COCO DA BAHIA (SECO OU VERDE),8214,PEIXE SALGADO PACÚ
6452,6452,COCO RALADO INDUSTRIALIZADO,COCO RALADO INDUSTRIALIZADO,8215,PEIXE EM FILÉ CONGELADO PACÚ
6453,6453,CASTANHA PORTUGUESA,CASTANHA PORTUGUESA,8221,PEIXE INTEIRO TAMBAQUI
6453,6453,CASTANHA DA EUROPA,CASTANHA PORTUGUESA,8222,PEIXE EM POSTAS TAMBAQUI
6454,6454,PINHÃO,PINHÃO,8223,PEIXE EM FILÉ FRESCO TAMBAQUI
6454,6454,PINHÃO DO PARANA,PINHÃO,8224,PEIXE SALGADO TAMBAQUI
6454,6454,PINHA DO PARANA (PINHÃO),PINHÃO,8225,PEIXE EM FILÉ CONGELADO TAMBAQUI
6455,6455,AMENDOA,AMENDOA,8231,PEIXE INTEIRO ANUJA
6456,6456,AVELÃ,AVELÃ,8232,PEIXE EM POSTAS ANUJA
6457,6457,CASTANHA DO PARA,CASTANHA DO PARA,8233,PEIXE EM FILÉ FRESCO ANUJA
6457,6457,CASTANHA MARANHENSE,CASTANHA DO PARA,8234,PEIXE SALGADO ANUJA
6457,6457,AMENDOA DA AMERICA (CASTANHA DO PARA),CASTANHA DO PARA,8235,PEIXE EM FILÉ CONGELADO ANUJA
6458,6458,CASTANHA DE CAJU,CASTANHA DE CAJÚ,8241,PEIXE INTEIRO SARDINHA DE AGUA DOCE
6459,6459,COCO OURICURI,COCO DO OURICURI,8242,PEIXE EM POSTAS SARDINHA DE AGUA DOCE
6459,6459,ARICUI,COCO DO OURICURI,8243,PEIXE EM FILÉ FRESCO SARDINHA DE AGUA DOCE
6459,6459,ARIRI,COCO DO OURICURI,8244,PEIXE SALGADO SARDINHA DE AGUA DOCE
6459,6459,NICURI,COCO DO OURICURI,8245,PEIXE EM FILÉ CONGELADO SARDINHA DE ÁGUA DOCE
6459,6459,ALICURI,COCO DO OURICURI,8251,PEIXE INTEIRO JARAQUI
6459,6459,COCO ARICURI,COCO DO OURICURI,8252,PEIXE EM POSTAS JARAQUI
6459,6459,COCO ALICURI,COCO DO OURICURI,8253,PEIXE EM FILÉ FRESCO JARAQUI
6459,6459,COCO ARIRI,COCO DO OURICURI,8254,PEIXE SALGADO JARAQUI
6459,6459,COCO NICURI,COCO DO OURICURI,8255,PEIXE EM FILÉ CONGELADO JARAQUI
6459,6459,OURICURI,COCO DO OURICURI,8261,PEIXE INTEIRO CACHORRO
6459,6459,ARICURI,COCO DO OURICURI,8262,PEIXE EM POSTAS CACHORRO
6460,6460,COCO DE BABAÇU,COCO DE BABAÇU,8263,PEIXE EM FILÉ FRESCO CACHORRO
6460,6460,COCO BABAÇU,COCO DE BABAÇU,8264,PEIXE SALGADO CACHORRO
6460,6460,COCO BAUAÇU,COCO DE BABAÇU,8265,PEIXE EM FILÉ CONGELADO CACHORRO
6460,6460,COCO BAGUAÇU,COCO DE BABAÇU,8271,PEIXE INTEIRO PIABAHA
6460,6460,BABAÇU,COCO DE BABAÇU,8272,PEIXE EM POSTAS PIABAHA
6460,6460,BAUAÇU,COCO DE BABAÇU,8273,PEIXE EM FILÉ FRESCO PIABAHA
6460,6460,BAGUAÇU,COCO DE BABAÇU,8274,PEIXE SALGADO PIABAHA
6461,6461,COCO DE TUCUM,COCO DE TUCUM,8275,PEIXE EM FILÉ CONGELADO PIABANHA
6461,6461,COCO DE TICUM,COCO DE TUCUM,8281,PEIXE INTEIRO PIRAIBA
6461,6461,COCO DE NATAL,COCO DE TUCUM,8282,PEIXE EM POSTAS PIRAIBA
6461,6461,COCO MARAJA,COCO DE TUCUM,8283,PEIXE EM FILÉ FRESCO PIRAIBA
6461,6461,TUCUM,COCO DE TUCUM,8284,PEIXE SALGADO PIRAIBA
6461,6461,TICUM,COCO DE TUCUM,8285,PEIXE EM FILÉ CONGELADO PIRAIBA
6461,6461,MARAJA,COCO DE TUCUM,8291,PEIXE INTEIRO BACÚ
6462,6462,COCO MACAUBA,COCO MACAUBA,8292,PEIXE EM POSTAS BACÚ
6462,6462,COCO DE MACAUBA,COCO MACAUBA,8293,PEIXE EM FILÉ FRESCO BACÚ
6462,6462,COCO DE CATARRO,COCO MACAUBA,8294,PEIXE SALGADO BACÚ
6462,6462,COCO DE ESPINHO,COCO MACAUBA,8295,PEIXE EM FILÉ CONGELADO BACÚ
6462,6462,COCO MACAIBA,COCO MACAUBA,8301,PEIXE INTEIRO PIRARARA
6462,6462,COCO BOCAIUVA,COCO MACAUBA,8302,PEIXE EM POSTAS PIRARARA
6462,6462,COCO MACAJUBA,COCO MACAUBA,8303,PEIXE EM FILÉ FRESCO PIRARARA
6462,6462,COCO MUCAJA,COCO MACAUBA,8304,PEIXE SALGADO PIRARARA
6462,6462,COCO MUCAIA,COCO MACAUBA,8305,PEIXE EM FILÉ CONGELADO PIRARARA
6462,6462,COCO MOCAJUBA,COCO MACAUBA,8311,PEIXE INTEIRO PACAMÃO DE AGUA DOCE
6462,6462,MACAUBA,COCO MACAUBA,8312,PEIXE EM POSTAS PACAMÃO DE AGUA DOCE
6462,6462,MACAIBA,COCO MACAUBA,8313,PEIXE EM FILÉ FRESCO PACAMÃO DE ÁGUA DOCE
6462,6462,BOCAIUVA,COCO MACAUBA,8314,PEIXE SALGADO PACAMÃO DE ÁGUA DOCE
6462,6462,MACAJUBA,COCO MACAUBA,8315,PEIXE EM FILÉ CONGE PACAMÃO DE ÁGUA DOCE
6462,6462,MUCAIA,COCO MACAUBA,8321,PEIXE INTEIRO DOURADO
6462,6462,MOCAJUBA,COCO MACAUBA,8322,PEIXE EM POSTAS DOURADO
6463,6463,COCO DENDE,COCO DENDE,8323,PEIXE EM FILÉ FRESCO DOURADO
6463,6463,COCO DE DENDE,COCO DENDE,8324,PEIXE SALGADO DOURADO
6463,6463,DENDE,COCO DENDE,8325,PEIXE EM FILÉ CONGELADO DOURADO
6464,6464,COCO BABÃO,COCO BABAO,8331,PEIXE INTEIRO PIRANAMBU
6464,6464,COCO CATOLE,COCO BABAO,8332,PEIXE EM POSTAS PIRANAMBU
6464,6464,COCO AMARGOSO,COCO BABAO,8333,PEIXE EM FILÉ FRESCO PIRANAMBU
6464,6464,COCO DE QUARESMA,COCO BABAO,8334,PEIXE SALGADO PIRANAMBU
6464,6464,BABÃO,COCO BABAO,8335,PEIXE EM FILÉ CONGELADO PIRANAMBU
6464,6464,CATOLE,COCO BABAO,8341,PEIXE INTEIRO FIDALGO
6465,6465,NOZ (NOGUEIRA),NOZ (NOGUEIRA),8342,PEIXE EM POSTAS FIDALGO
6466,6466,COCO INAJA,COCO INAJA,8343,PEIXE EM FILÉ FRESCO FIDALGO
6466,6466,COCO ANAJA,COCO INAJA,8344,PEIXE SALGADO FIDALGO
6466,6466,COCO NAJA,COCO INAJA,8345,PEIXE EM FILÉ CONGELADO FIDALGO
6466,6466,COCO ANAIA,COCO INAJA,8351,PEIXE INTEIRO TABARANA
6466,6466,INAJA,COCO INAJA,8352,PEIXE EM POSTAS TABARANA
6466,6466,ANAJA,COCO INAJA,8353,PEIXE EM FILE FRESCO TABARANA
6466,6466,NAJA,COCO INAJA,8354,PEIXE SALGADO TABARANA
6466,6466,ANAIA,COCO INAJA,8355,PEIXE EM FILÉ CONGELADO TABARANA
6467,6467,COCO AÇAI,AÇAÍ (EMULSÃO),8361,PEIXE INTEIRO MANDUBE
6467,6467,COCO JUÇARA,AÇAÍ (EMULSÃO),8362,PEIXE EM POSTAS MANDUBE
6467,6467,COCO JIÇARA,AÇAÍ (EMULSÃO),8363,PEIXE EM FILÉ FRESCO MANDUBE
6467,6467,COCO UAÇAI,AÇAÍ (EMULSÃO),8364,PEIXE SALGADO MANDUBE
6467,6467,COCO PINA,AÇAÍ (EMULSÃO),8365,PEIXE EM FILÉ CONGELADO MANDUBE
6467,6467,AÇAI,AÇAÍ (EMULSÃO),8371,PEIXE INTEIRO PIRAPUTANGA
6467,6467,JUÇARA,AÇAÍ (EMULSÃO),8372,PEIXE EM POSTAS PIRAPUTANGA
6467,6467,JIÇARA,AÇAÍ (EMULSÃO),8373,PEIXE EM FILÉ FRESCO PIRAPUTANGA
6467,6467,UAÇAI,AÇAÍ (EMULSÃO),8374,PEIXE SALGADO PIRAPUTANGA
6467,6467,PINA,AÇAÍ (EMULSÃO),8375,PEIXE EM FILÉ CONGELADO PIRAPUTANGA
6468,6468,COCO DE PUPUNHA,COCO DE PUPUNHA,8381,PEIXE INTEIRO JAÚ
6468,6468,COCO DE PIRAJA,COCO DE PUPUNHA,8382,PEIXE EM POSTAS JAÚ
6468,6468,COCO PUPUNHA,COCO DE PUPUNHA,8383,PEIXE EM FILÉ FRESCO JAÚ
6468,6468,COCO PIRAJA,COCO DE PUPUNHA,8384,PEIXE SALGADO JAÚ
6468,6468,PUPUNHA,COCO DE PUPUNHA,8385,PEIXE EM FILÉ CONGELADO JAÚ
6468,6468,PIRAJA,COCO DE PUPUNHA,8391,PEIXE INTEIRO PIAPARA
6469,6469,COCO BACABA,COCO BACABA,8392,PEIXE EM POSTAS PIAPARA
6469,6469,BACABA,COCO BACABA,8393,PEIXE EM FILÉ FRESCO PIAPARA
6469,6469,BACABINHA,COCO BACABA,8394,PEIXE SALGADO PIAPARA
6469,6469,BACABUÇU,COCO BACABA,8395,PEIXE EM FILÉ CONGELADO PIAPARA
6469,6469,BACABAI,COCO BACABA,8401,PEIXE INTEIRO ARUANA
6469,6469,COCO BACABAI,COCO BACABA,8402,PEIXE EM POSTAS ARUANA
6469,6469,COCO BACABINHA,COCO BACABA,8403,PEIXE EM FILÉ FRESCO ARUANA
6469,6469,COCO BACABUÇU,COCO BACABA,8404,PEIXE SALGADO ARUANA
6470,6470,CASTANHA DA INDIA,CASTANHA DA INDIA,8405,PEIXE EM FILÉ CONGELADO ARUANA
6500,6500,HORTALIÇAS,,8411,PEIXE INTEIRO PIRACANJUBA
6501,6501,ALFACE,ALFACE,8412,PEIXE EM POSTAS PIRACANJUBA
6501,6501,ALFACE PAULISTA,ALFACE,8413,PEIXE EM FILÉ FRESCO PIRACANJUBA
6501,6501,ALFACE REPOLHUDA,ALFACE,8414,PEIXE SALGADO PIRACANJUBA
6501,6501,ALFACE AMARGA,ALFACE,8415,PEIXE EM FILÉ CONGELADO PIRACANJUBA
6501,6501,ALFACE CRESPA,ALFACE,8421,PEIXE INTEIRO SAIRU
6501,6501,ALFACE ROMANA,ALFACE,8422,PEIXE EM POSTAS SAIRU
6501,6501,ALFACE MANTEIGA,ALFACE,8423,PEIXE EM FILÉ FRESCO SAIRU
6501,6501,ALFACE LISA,ALFACE,8424,PEIXE SALGADO SAIRU
6502,6502,BERTALHA,BERTALHA,8425,PEIXE EM FILÉ CONGELADO SAIRU
6502,6502,BRETALHA,BERTALHA,8431,CAMARÃO DE AGUA DOCE
6502,6502,BAIANO,BERTALHA,8432,CAMARÃO DE AGUA DOCE SEM CASCA
6503,6503,CHICORIA,CHICÓRIA,8434,CAMARÃO DE AGUA DOCE SALGADO
6503,6503,CHICORIA CRESPA,CHICÓRIA,8441,TRACAJA
6503,6503,CHICORIA FRISADA,CHICÓRIA,8442,TRACAJA EM POSTAS
6503,6503,ESCAROLA,CHICÓRIA,8443,TRACAJA EM FILÉ FRESCO
6503,6503,ENDIVIA,CHICÓRIA,8444,TRACAJA SALGADA
6504,6504,COENTRO (VERDURA),COENTRO (VERDURA),8445,TRACAJA EM FILÉ CONGELADO
6505,6505,COUVE,COUVE,8451,RÃ
6505,6505,COUVE MANTEIGA,COUVE,8452,RÃ EM POSTAS
6505,6505,COUVE REPOLHUDA,COUVE,8453,RÃ EM FILÉ FRESCO
6505,6505,COUVE PALMITO,COUVE,8454,RÃ SALGADA
6505,6505,COUVE CRESPA,COUVE,8455,RÃ EM FILÉ CONGELADO
6505,6505,COUVE DE FOLHAS,COUVE,8461,PEIXE INTEIRO BAGRE DE AGUA DOCE
6506,6506,COUVE FLOR,COUVE-FLOR,8462,PEIXE EM POSTAS BAGRE DE AGUA DOCE
6507,6507,ESPINAFRE,ESPINAFRE,8463,PEIXE EM FILÉ FRESCO BAGRE DE AGUA DOCE
6507,6507,ESPINAFRE JAPONES,ESPINAFRE,8464,PEIXE SALGADO BAGRE DE AGUA DOCE
6507,6507,ORENÇÃO,ESPINAFRE,8465,PEIXE EM FILÉ CONGELADO BAGRE DE AGUA DOCE
6507,6507,ORENÇO,ESPINAFRE,8471,MUCUA
6508,6508,MOSTARDA (VERDURA),MOSTARDA (VERDURA),8472,MUCUA EM POSTAS
6509,6509,REPOLHO,REPOLHO,8473,MUCUA EM FILÉ FRESCO
6509,6509,REPOLHO BRANCO,REPOLHO,8474,MUCUA SALGADA
6509,6509,REPOLHO ROXO,REPOLHO,8475,MUCUA EM FILÉ CONGELADO
6510,6510,SALSA,SALSA,8481,PEIXE INTEIRO ITUI
6511,6511,CEBOLINHA,CEBOLINHA,8482,PEIXE EM POSTAS ITUI
6511,6511,CEBOLINHA VERDE,CEBOLINHA,8483,PEIXE EM FILÉ FRESCO ITUI
6511,6511,CEBOLINHA DE TODO O ANO,CEBOLINHA,8484,PEIXE SALGADO ITUI
6511,6511,CEBOLA DE TODO O ANO (CEBOLINHA VERDE),CEBOLINHA,8485,PEIXE EM FILÉ CONGELADO ITUI
6512,6512,CHEIRO VERDE (QUALQUER COMBINAÇÃO DE HORTALIÇAS PARA TEMPERO),CHEIRO VERDE (QUALQUER COMBINAÇÃO DE HORTALIÇAS DE TEMPERO),8491,PEIXE INTEIRO TRUTA
6512,6512,SALSA E CEBOLINHA,CHEIRO VERDE (QUALQUER COMBINAÇÃO DE HORTALIÇAS DE TEMPERO),8492,PEIXE EM POSTAS TRUTA
6512,6512,COENTRO E CEBOLINHA,CHEIRO VERDE (QUALQUER COMBINAÇÃO DE HORTALIÇAS DE TEMPERO),8493,PEIXE EM FILÉ FRESCO TRUTA
6513,6513,AGRIÃO,AGRIÃO,8494,PEIXE SALGADO TRUTA
6513,6513,AGRIÃO COMUM,AGRIÃO,8495,PEIXE EM FILÉ CONGELADO TRUTA
6513,6513,AGRIÃO DAS HORTAS,AGRIÃO,8501,AVIU
6513,6513,AGRIÃO D'AGUA,AGRIÃO,8502,AVIU SEM CASCA
6513,6513,AGRIÃO ORDINARIO,AGRIÃO,8504,AVIU SALGADO
6513,6513,AGRIÃO DA TERRA,AGRIÃO,8511,PEIXE INTEIRO MATRINXA
6513,6513,AGRIÃO DOS JARDINS,AGRIÃO,8512,PEIXE EM POSTAS MATRINXA
6514,6514,TAIOBA,TAIOBA,8513,PEIXE EM FILÉ FRESCO MATRINXA
6514,6514,TAIOBA SÃO TOME,TAIOBA,8514,PEIXE SALGADO MATRINXA
6514,6514,TAIA,TAIOBA,8515,PEIXE EM FILÉ CONGELADO MATRINXA
6515,6515,ACELGA,ACELGA,9001,AZEITONA
6515,6515,SELGA,ACELGA,9002,ERVILHA (PETIT POIS)
6515,6515,ROLESO,ACELGA,9003,ERVILHA COM CENOURA EM CONSERVA
6515,6515,RACUSAI,ACELGA,9004,MILHO VERDE EM CONSERVA
6515,6515,BETERRABA BRANCA (ACELGA),ACELGA,9005,PALMITO EM CONSERVA
6515,6515,BETERRABA CAMPESTRE (ACELGA),ACELGA,9006,COGUMELO EM CONSERVA
6516,6516,ALMEIRÃO,ALMEIRÃO,9007,ASPARGO EM CONSERVA
6516,6516,RADITE,ALMEIRÃO,9008,CENOURA EM CONSERVA
6516,6516,CHICORIA AMARGA (ALMEIRÃO),ALMEIRÃO,9009,REPOLHO EM CONSERVA
6516,6516,CHICORIA SELVAGEM (ALMEIRÃO),ALMEIRÃO,9010,TOMATE SEM PELE EM CONSERVA
6517,6517,COUVE BROCOLOS,COUVE - BRÓCOLIS,9011,LEGUMES (NÃO ESPECIFICADO) EM CONSERVA
6517,6517,COUVE BROCOLIS,COUVE - BRÓCOLIS,9012,SOPA INFANTIL DE QUALQUER SABOR
6517,6517,BROCOLOS,COUVE - BRÓCOLIS,9013,SOPA DE LEGUMES EM CONSERVA
6517,6517,BROCOLIS,COUVE - BRÓCOLIS,9014,SOPA DESIDRATADA DE QUALQUER SABOR
6518,6518,SERRALHA,SERRALHA,9016,PIMENTA MALAGUETA EM CONSERVA
6519,6519,CARURU,CARURU,9017,PIMENTA DE CHEIRO EM CONSERVA
6519,6519,CARURU AZEDO,CARURU,9018,PIMENTA (NÃO ESPECIFICADA) EM CONSERVA
6519,6519,CARURU DA GUINE,CARURU,9019,FEIJOADA EM CONSERVA
6519,6519,AZEDA,CARURU,9020,FEIJÃO BRANCO COM DOBRADINHA EM CONSERVA
6519,6519,ROSELA,CARURU,9021,COSIDO EM CONSERVA
6519,6519,CUXA,CARURU,9022,PATÊ DE FÍGADO EM CONSERVA
6519,6519,VINAGREIRA,CARURU,9023,PATÊ DE CARNE EM CONSERVA
6519,6519,CARIVEL,CARURU,9024,PATÊ DE PRESUNTO EM CONSERVA
6519,6519,QUIABO AZEDO (CARURU),CARURU,9025,PATÊ DE GALINHA EM CONSERVA
6519,6519,QUIABO ROXO (CARURU),CARURU,9026,CARNE DE BOI EM CONSERVA
6519,6519,QUIABO ROSA (CARURU),CARURU,9027,CARNE DE PORCO EM CONSERVA
6519,6519,QUIABO DE ANGOLA (CARURU),CARURU,9028,SALSICHA EM CONSERVA
6520,6520,RUCULA,RÚCULA,9029,LINGUIÇA EM CONSERVA
6520,6520,RUCOLA,RÚCULA,9030,PEIXE SARDINHA EM CONSERVA
6520,6520,PINCHÃO,RÚCULA,9031,PEIXE ANCHOVA EM CONSERVA
6520,6520,ROQUETE,RÚCULA,9032,PEIXE CORVINA EM CONSERVA
6521,6521,JAMBUAÇU,JAMBUAÇÚ,9033,PEIXE CAVALINHA EM CONSERVA
6521,6521,ABECEDARIA,JAMBUAÇÚ,9034,PEIXE ATUM EM CONSERVA
6521,6521,AGRIÃO DO PARA (JAMBUAÇU),JAMBUAÇÚ,9035,PEIXE SAVELHA EM CONSERVA
6521,6521,AGRIÃO DO BRASIL (JAMBUAÇU),JAMBUAÇÚ,9036,CAMARÃO EM CONSERVA
6521,6521,JAMBU (JAMBUAÇU),JAMBUAÇÚ,9037,PEPINO EM CONSERVA
6522,6522,LINGUA DE VACA (HORTALIÇA),LÍNGUA DE VACA (HORTALIÇA),9038,CEBOLA EM CONSERVA
6522,6522,MARIA GORDA,LÍNGUA DE VACA (HORTALIÇA),9039,PATÊ DE PEIXE EM CONSERVA
6522,6522,MARIA GOMBE,LÍNGUA DE VACA (HORTALIÇA),9040,PICLES
6522,6522,MANJONGOME,LÍNGUA DE VACA (HORTALIÇA),9041,PEIXE BONITO EM CONSERVA
6522,6522,JOÃO GOMES,LÍNGUA DE VACA (HORTALIÇA),9042,LENTILHA EM CONSERVA
6522,6522,MARIA GOMES,LÍNGUA DE VACA (HORTALIÇA),9043,MORTADELA EM CONSERVA
6523,6523,ALCACHOFRA,ALCACHOFRA,9044,ALGAS EM CONSERVA
6523,6523,ALCACHOFRA BRAVA,ALCACHOFRA,9045,PEIXES PESCADA EM CONSERVA
6523,6523,CARDO,ALCACHOFRA,9046,CARNE DE FRANGO OU GALINHA EM CONSERVA
6523,6523,CARDONA,ALCACHOFRA,9047,PATÊ DE PERU EM CONSERVA
6524,6524,SAMAMBAIA DO CAMPO,SAMAMBAIA DO CAMPO,9048,PATÊ DE LINGUA EM CONSERVA
6525,6525,BREDO,BREDO,9049,PEIXE TAINHA EM CONSERVA
6525,6525,BREDO DE ESPINHO,BREDO,9050,BERBIGÃO EM CONSERVA
6525,6525,BREDO ROXO,BREDO,9051,FIAMBRE DE CHESTER
6525,6525,BREDO VERMELHO,BREDO,9052,NABO EM CONSERVA
6525,6525,BREDO VERDADEIRO,BREDO,9053,ALICHE
6525,6525,CARURU BRAVO (BREDO),BREDO,9054,STROGONOFF EM CONSERVA
6525,6525,CARURU DA MATA (BREDO),BREDO,9055,CONSERVANTE PARA ALIMENTOS
6525,6525,CARURU GRANDE (BREDO),BREDO,9101,FRANGO ABATIDO
6525,6525,CARURU VERMELHO (BREDO),BREDO,9102,FRANGO CONGELADO
6525,6525,CARURU DE PORCO (BREDO),BREDO,9103,PARTE DE GALINHA OU FRANGO (NÃO ESPECIFICADO)
6525,6525,AMARANTO,BREDO,9104,PEITO DE GALINHA OU FRANGO
6525,6525,CRISTA DE GALO,BREDO,9105,COXA DE GALINHA OU FRANGO
6526,6526,AIPO,AIPO,9106,DORSO DE GALINHA OU FRANGO
6526,6526,AIPO D'AGUA,AIPO,9107,ASA DE GALINHA OU FRANGO
6526,6526,AIPO DOS PANTANOS,AIPO,9108,PESCOÇO DE GALINHA OU FRANGO
6526,6526,SALSÃO (AIPO),AIPO,9109,PÉ DE GALINHA OU FRANGO
6526,6526,SALSA ROMANA (AIPO),AIPO,9110,MIÚDOS DE GALINHA OU FRANGO (NÃO ESPECIFICADO)
6527,6527,ASPARGO (FRESCO),,9111,MOELA DE GALINHA OU FRANGO
6527,6527,ESPARGO (FRESCO),,9112,CORAÇÃO DE GALINHA OU FRANGO
6527,6527,MELINDRE (FRESCO),,9113,FIGADO DE GALINHA OU FRANGO
6528,6528,ERVA DOCE,ERVA DOCE,9114,FRANGO VIVO
6528,6528,FUNCHO,ERVA DOCE,9115,PERÚ ABATIDO
6528,6528,FUNCHO DE FLORENÇA,ERVA DOCE,9116,PERÚ CONGELADO
6528,6528,RUNCHO,ERVA DOCE,9117,PARTE DE PERÚ (NÃO ESPECIFICADA)
6529,6529,FOLHA DE BETERRABA,FOLHA DE BETERRABA,9118,PEITO DE PERÚ
6530,6530,FOLHA DE MANDIOCA,FOLHA DE MANDIOCA,9119,COXA DE PERÚ
6530,6530,FOLHA DE MANIVA,FOLHA DE MANDIOCA,9120,DORSO DE PERÚ
6530,6530,FOLHA DE AIPIM,FOLHA DE MANDIOCA,9121,ASA DE PERÚ
6530,6530,FOLHA DE MACAXEIRA,FOLHA DE MANDIOCA,9122,PERÚ VIVO
6531,6531,BROTO DE FEIJÃO,BROTO DE FEIJÃO,9130,"CODORNA ABATIDA, CONGELADA OU VIVA"
6532,6532,BROTO DE BAMBU,BROTO DE BAMBÚ,9133,OVO DE GALINHA
6533,6533,ABOBORA MOGANGA,ABÓBORA MORANGA,9134,OVO DE PATA
6533,6533,ABOBORA MOCANGA,ABÓBORA MORANGA,9135,OVO DE CODORNA
6533,6533,ABOBORA MORANGA,ABÓBORA MORANGA,9136,OVO DE GANSA
6533,6533,ABOBORA CARNEIRA,ABÓBORA MORANGA,9137,"OUTRAS AVES ABATIDAS, CONGELADAS OU VIVAS"
6533,6533,ABOBORA DE PORCO,ABÓBORA MORANGA,9138,MIUDOS DE PERÚ (NÃO ESPECIFICADOS)
6533,6533,MORANGA (ABOBORA),ABÓBORA MORANGA,9139,"PATO ABATIDO, CONGELADO OU VIVO"
6534,6534,ABOBORA MENINA,ABÓBORA MENINA,9140,"CABEÇA DE GALINHA, PATO, PERÚ, MARRECO, GALINHA D´ANGOLA"
6534,6534,ABOBORA GRANDE,ABÓBORA MENINA,9141,PESCOÇO DE PERU
6534,6534,ABOBORA GIGANTE,ABÓBORA MENINA,9142,"SANGUE DE GALINHA, PATO, PERU"
6534,6534,ABOBORA BAIANA,ABÓBORA MENINA,9143,OVO DE MARRECA
6534,6534,ABOBORA VERMELHA,ABÓBORA MENINA,9151,LEITE DE VACA PASTEURIZADO
6534,6534,ABOBORA DA BAHIA,ABÓBORA MENINA,9152,LEITE DE VACA FRESCO (IN NATURA)
6535,6535,ABOBORA MELÃO,ABÓBORA MELÃO,9153,LEITE DE CABRA
6535,6535,ABOBORA ALMISCAR,ABÓBORA MELÃO,9154,LEITE DE BUFALA
6535,6535,ABOBORA CATINGA,ABÓBORA MELÃO,9155,LEITE DE JUMENTA
6535,6535,ABOBORA CHEIROSA,ABÓBORA MELÃO,9156,LEITE EM PÓ INTEGRAL
6536,6536,ABOBORA D'AGUA,ABÓBORA D'AGUA,9157,LEITE EM PÓ DESENGORDURADO
6536,6536,ABOBORA VERDE,ABÓBORA D'AGUA,9158,LEITE EM PÓ (NÃO ESPECIFICADO)
6536,6536,ABOBORA DA PRAIA,ABÓBORA D'AGUA,9159,LEITE CONDENSADO
6537,6537,ABOBRINHA,ABOBRINHA,9160,CREME DE LEITE
6537,6537,ABOBRINHA VERDE,ABOBRINHA,9161,CHANTILLY
6537,6537,ABOBRINHA ITALIANA,ABOBRINHA,9162,IOGURTE DE QUALQUER SABOR
6537,6537,ABOBRINHA BRASILEIRA,ABOBRINHA,9163,YAKULT DE QUALQUER SABOR
6537,6537,ABOBORA JAPONESA (ABOBRINHA),ABOBRINHA,9164,COALHADA
6537,6537,ABOBORA BAIANINHA (ABOBRINHA),ABOBRINHA,9165,MANTEIGA COM OU SEM SAL
6537,6537,CAXI,ABOBRINHA,9166,MARGARINA VEGETAL COM OU SEM SAL
6537,6537,XOXO,ABOBRINHA,9167,QUEIJO PRATO
6538,6538,ABOBORA DE PESCOÇO,ABÓBORA DE PESCOÇO,9168,QUEIJO MUZARELLA
6538,6538,ABOBORA DE CABOCLO,ABÓBORA DE PESCOÇO,9169,QUEIJO DO REINO
6538,6538,ABOBORA DO SERTÃO,ABÓBORA DE PESCOÇO,9170,QUEIJO DE MINAS
6538,6538,ABOBORA JACARE,ABÓBORA DE PESCOÇO,9172,QUEIJO RICOTA
6538,6538,JERIMUM,ABÓBORA DE PESCOÇO,9174,QUEIJO PARMEZON
6538,6538,JERIMUM DE LEITE,ABÓBORA DE PESCOÇO,9175,QUEIJO PROVOLONE
6538,6538,JERIMUM CABOCLO,ABÓBORA DE PESCOÇO,9176,QUEIJO CAMEMBERT
6539,6539,ABOBORA (NÃO ESPECIFICADA),ABÓBORA (NÃO ESPECIFICACA),9177,QUEIJO DE MARAJO
6539,6539,ABOBORA COMUM,ABÓBORA (NÃO ESPECIFICACA),9178,QUEIJO POLEGUINHO
6539,6539,ABOBORA MADURA,ABÓBORA (NÃO ESPECIFICACA),9179,REQUEIJÃO
6540,6540,PEPINO,PEPINO,9180,QUEIJO (NÃO ESPECIFICADO)
6541,6541,CHUCHU,CHUCHU,9182,NATA DOCE OU SALGADA
6541,6541,MACHUCHU (CHUCHU),CHUCHU,9185,LEITE DE SOJA EM PÓ
6541,6541,CAXIXE,CHUCHU,9186,QUEIJO DE SOJA
6541,6541,CHOCHO,CHUCHU,9187,QUEIJO GORGONZOLA
6541,6541,MACHUCHO (CHUCHU),CHUCHU,9188,LEITE COM SABOR
6542,6542,JILO,JILÓ,9189,LEITE DE SOJA COM SABOR (LÍQUIDO)
6542,6542,JILO PAULISTA,JILÓ,9196,OUTROS QUEIJOS
6542,6542,JILO JAPONES,JILÓ,9201,PÃO FRANCES
6543,6543,MAXIXE,MAXIXE,9202,PÃO DOCE
6543,6543,MAXIXO,MAXIXE,9203,PÃO DE FORMA DE PADARIA (ADOCICADO)
6543,6543,MAXIXE BRAVO,MAXIXE,9204,PÃO DE FORMA DE PADARIA (SALGADO)
6543,6543,MAXIXE DO MATO,MAXIXE,9205,PÃO DE FORMA INDUSTRIALIZADO DE QUALQUER MARCA
6543,6543,MAXIXOLA,MAXIXE,9206,PÃO DE ARROZ
6543,6543,PEPININHO (MAXIXE),MAXIXE,9207,PÃO DE GLUTEN
6543,6543,PEPINO DE ESPINHO (MAXIXE),MAXIXE,9208,PÃO DE QUEIJO
6544,6544,PALMITO (FRESCO),PALMITO (FRESCO),9209,PÃO DE CEVADA
6544,6544,PALMITO DOCE (FRESCO),PALMITO (FRESCO),9210,PÃO DE BATATA
6544,6544,PALMITO MOLE (FRESCO),PALMITO (FRESCO),9211,PÃO DE MILHO
6544,6544,PALMITO AMARGOSO (FRESCO),PALMITO (FRESCO),9212,PÃO DE AIPIM
6544,6544,PALMITO DO CHÃO (FRESCO),PALMITO (FRESCO),9213,PÃO DE CENTEIO
6544,6544,PALMITO AÇAI (FRESCO),PALMITO (FRESCO),9214,PÃO DE INTEGRAL
6544,6544,PALMITO JUÇARA (FRESCO),PALMITO (FRESCO),9215,PÃO DE CARA
6544,6544,CAMARGO (FRESCO),PALMITO (FRESCO),9216,PÃO DE INHAME
6544,6544,GUARIROBA (PALMITO),PALMITO (FRESCO),9217,PÃO DE AVEIA
6544,6544,GUEIROBA,PALMITO (FRESCO),9218,PÃO DE RABANADA
6544,6544,GUEROBA,PALMITO (FRESCO),9219,TORRADA DE QUALQUER PÃO
6545,6545,PIMENTÃO,PIMENTÃO,9220,ROSCA DOCE
6545,6545,PIMENTÃO VERDE,PIMENTÃO,9221,ROSCA SALGADA
6545,6545,PIMENTÃO MADURO,PIMENTÃO,9222,BISCOITO SALGADO
6546,6546,PIMENTA MALAGUETA (IN NATURA),PIMENTA MALAGUETA (IN NATURA),9223,BISCOITO DOCE
6546,6546,PIMENTA CUMARI (IN NATURA),PIMENTA MALAGUETA (IN NATURA),9224,BISCOITO DE POLVILHO DOCE
6546,6546,MALAGUETA (IN NATURA),PIMENTA MALAGUETA (IN NATURA),9225,BOLO DE QUALQUER MARCA E SABOR
6546,6546,CUMARI (IN NATURA),PIMENTA MALAGUETA (IN NATURA),9226,BOLO DE MILHO
6546,6546,PIMENTA DE CUMARI (IN NATURA),PIMENTA MALAGUETA (IN NATURA),9227,BOLO DE AIPIM
6546,6546,PIMENTA BRANCA (IN NATURA),PIMENTA MALAGUETA (IN NATURA),9228,BOLO DE BATATA DOCE
6546,6546,PIMENTA MADEIRA (IN NATURA),PIMENTA MALAGUETA (IN NATURA),9229,BOLO DE ARROZ
6546,6546,PIMENTA CHIFRE DE VEADO (IN NATURA),PIMENTA MALAGUETA (IN NATURA),9230,BOLO DE CENTEIO
6547,6547,PIMENTA DE CHEIRO (IN NATURA),PIMENTA DE CHEIRO (IN NATURA),9231,BOLO DE CARA
6547,6547,PIMENTA PITANGA (IN NATURA),PIMENTA DE CHEIRO (IN NATURA),9232,BOLO DE INHAME
6547,6547,PIMENTA MURICI (IN NATURA),PIMENTA DE CHEIRO (IN NATURA),9233,MISTURAS INDUSTRIAIS DE PÃES
6547,6547,PIMENTA CABACINHA (IN NATURA),PIMENTA DE CHEIRO (IN NATURA),9234,"MISTURAS INDUSTRIAIS DE BOLOS, TORTAS, BISCOITOS, ETC."
6547,6547,PIMENTA MURUPI (IN NATURA),PIMENTA DE CHEIRO (IN NATURA),9235,TORTAS DOCES DE QUALQUER SABOR
6547,6547,PIMENTA BODE (IN NATURA),PIMENTA DE CHEIRO (IN NATURA),9236,TORTAS SALGADAS DE QUALQUER SABOR
6547,6547,PIMENTA DOCE (IN NATURA),PIMENTA DE CHEIRO (IN NATURA),9237,SONHO
6547,6547,PIMENTA SINO (IN NATURA),PIMENTA DE CHEIRO (IN NATURA),9239,PÃO BRIOCHE
6547,6547,PIMENTA OLHO DE BODE (IN NATURA),PIMENTA DE CHEIRO (IN NATURA),9243,PÃO DE SOJA
6547,6547,PIMENTA MORANGA (IN NATURA),PIMENTA DE CHEIRO (IN NATURA),9244,"PÃO DE CENOURA, ALHO, CEBOLA, TORRESMO, ETC."
6547,6547,PIMENTA DE CHAPEU,PIMENTA DE CHEIRO (IN NATURA),9245,BRÔA DE COCO
6548,6548,PIMENTA POMBINHA (IN NATURA),PIMENTA POMBINHA (IN NATURA),9251,CARNE SECA
6548,6548,PIMENTA PASSARINHO (IN NATURA),PIMENTA POMBINHA (IN NATURA),9252,CARNE DE SOL
6548,6548,PIMENTA CUMARI MIUDA (IN NATURA),PIMENTA POMBINHA (IN NATURA),9253,CARNE DE BOI DEFUMADA
6549,6549,PIMENTA (NÃO ESPECIFICADA IN NATURA),PIMENTA (NÃO ESPECIFICADA IN NATURA),9254,CARNE DE BOI SALGADA
6550,6550,QUIABO,QUIABO,9255,CARNE DE HAMBURGUER
6550,6550,GOMBO,QUIABO,9256,CARNE DE PORCO DEFUMADA
6550,6550,QUIGOMBO,QUIABO,9257,ORELHA DE PORCO DEFUMADA
6551,6551,TOMATE,TOMATE,9258,LOMBO DE PORCO DEFUMADO
6551,6551,TOMATE PAULISTA,TOMATE,9259,COSTELA DE PORCO DEFUMADA
6551,6551,TOMATE MAÇÃ,TOMATE,9260,TOUCINHO DE PORCO DEFUMADO
6551,6551,TOMATE PERA,TOMATE,9261,RABO DE PORCO DEFUMADO
6551,6551,TOMATE JAPONES,TOMATE,9262,CHISPE DEFUMADO
6551,6551,TOMATE VERDE,TOMATE,9263,CARNE DE PORCO SALGADA
6551,6551,TOMATE CAQUI,TOMATE,9264,ORELHA DE PORCO SALGADA
6552,6552,VAGEM,VAGEM,9265,COSTELA DE PORCO SALGADA
6552,6552,VAGEM MANTEIGA,VAGEM,9266,LOMBO DE PORCO SALGADO
6552,6552,FEIJÃO VERDE EM VAGEM,VAGEM,9267,PÉ DE PORCO SALGADO
6553,6553,COGUMELO (FRESCO),COGUMELO (FRESCO),9268,RABO DE PORCO SALGADO
6554,6554,BERINJELA,BERINJELA,9269,TOUCINHO DE PORCO SALGADO
6554,6554,BRINJELA,BERINJELA,9270,VÍSCERAS DE PORCO SALGADAS
6555,6555,ERVILHA (EM VAGEM),ERVILHA (EM VAGEM),9271,SALSICHA (VAREJO)
6555,6555,ERVILHA DE VAGEM,ERVILHA (EM VAGEM),9272,LINGUIÇA (VAREJO)
6556,6556,CABAÇA,CABAÇA,9273,"RETALHO PARA PIZZA (MISTURA DE QUEIJO, PRESUNTO, MORTADELA, ETC.)"
6556,6556,CABAÇA PURUNGA,CABAÇA,9274,CHOURIÇO
6556,6556,CABAÇA VERDE,CABAÇA,9275,PAIO
6556,6556,CABAÇA PORONGO,CABAÇA,9276,MORTADELA
6557,6557,CEBOLA,CEBOLA,9277,SALAME
6557,6557,CEBOLA CABEÇA BRANCA,CEBOLA,9279,PRESUNTO DE QUALQUER TIPO
6557,6557,CEBOLA BRANCA,CEBOLA,9282,PATÊ DE PRESUNTO EMBUTIDO
6557,6557,CEBOLA ROXA,CEBOLA,9283,PATÊ DE CARNE EMBUTIDO
6557,6557,CEBOLA DO REINO,CEBOLA,9284,PATÊ DE FÍGADO EMBUTIDO
6557,6557,CEBOLA PERA,CEBOLA,9285,PATÊ DE GALINHA EMBUTIDO
6557,6557,CEBOLA GIGANTE,CEBOLA,9289,PURURUCA
6557,6557,CEBOLA VERMELHA,CEBOLA,9290,PATÊ DE PEIXE EMBUTIDO
6557,6557,CEBOLA CABROBO BRANCA,CEBOLA,9291,CARNE DE AVES DEFUMADA
6557,6557,CEBOLA EM CABEÇA BRANCA,CEBOLA,9292,"MASSA DE QUIBE, CROQUETE, SALGADINHO DE PEIXE, ETC."
6558,6558,CATALONHA,CATALONHA,9293,CARNE SALGADAS DE FEIJOADA
6558,6558,CATALONIA,CATALONHA,9295,ALMONDEGA CONGELADA DE QUALQUER ANIMAL (CRUA)
6559,6559,COUVE RABANO,COUVE RABANO,9296,ORELHA DE BOI SALGADA
6559,6559,COUVE RABÃO,COUVE RABANO,9297,"ROSBIFE, BIFE A MILANEZA INDUSTRIALIZADO (SEMIPRONTO)"
6559,6559,RABANO PRETO,COUVE RABANO,9298,CARNE SALGADA DE OUTROS ANIMAIS
6559,6559,COLORABA,COUVE RABANO,9301,REFRIGERANTE COCA COLA
6559,6559,COUVE RABANO PRETO,COUVE RABANO,9302,REFRIGERANTE PEPSI
6559,6559,COUVE RABANA,COUVE RABANO,9303,REFRIGERANTE GUARANA
6560,6560,NIRA,NIRA,9304,"REFRIGERANTE FANTA LARANJA, UVA, LIMÃO"
6561,6561,JARDINEIRA (SELETA),JARDINEIRA (SELETA),9305,REFRIGERANTE CRUSH
6561,6561,SELETA (JARDINEIRA),JARDINEIRA (SELETA),9306,REFRIGERANTE MINEIRINHO
6600,6600,FRUTAS,,9307,REFRIGERANTE SODA LIMONADA
6601,6601,BANANA D'AGUA,BANANA D'AGUA,9308,REFRIGERANTE MIRINDA
6601,6601,BANANA NANICA,BANANA D'AGUA,9309,REFRIGERANTE MINUANO
6601,6601,BANANA DA CHINA,BANANA D'AGUA,9310,REFRIGERANTE AGUA MINERAL
6601,6601,BANANA DE ITALIANO,BANANA D'AGUA,9311,REFRIGERANTE MATE COURO
6601,6601,BANANA MANGALO,BANANA D'AGUA,9312,REFRIGERANTE BIDÚ
6601,6601,BANANA INGLESA,BANANA D'AGUA,9313,REFRIGERANTE JÃO
6601,6601,BANANA TATU,BANANA D'AGUA,9314,REFRIGERANTE ALOA
6601,6601,BANANA PETIÇA,BANANA D'AGUA,9315,REFRIGERANTE SUKITA
6601,6601,BANANA CATARINA,BANANA D'AGUA,9316,REFRIGERANTE POP LARANJA
6601,6601,BANANA CHORONA,BANANA D'AGUA,9317,REFRIGERANTE XODÓ DA BAHIA
6601,6601,BANANA PEROA,BANANA D'AGUA,9318,REFRIGERANTE TUBAINA
6601,6601,BANANA CASCA VERDE,BANANA D'AGUA,9319,REFRIGERANTE GASOSA
6601,6601,BANANA AÇUCARINA,BANANA D'AGUA,9320,CALDO DE CANA
6601,6601,BANANA CAMBOTA,BANANA D'AGUA,9321,AGUA DE COCO
6601,6601,BANANA CATURRA,BANANA D'AGUA,9322,SUCO DE FRUTAS OU VEGETAIS (ENGARRAFADO)
6602,6602,BANANA PRATA,BANANA PRATA,9323,REFRESCO DE FRUTAS (ENGARRAFADO)
6602,6602,BANANA ALTONA,BANANA PRATA,9324,SUCO DE FRUTAS OU VEGETAL ARTIFICIAL (PÓ)
6602,6602,BANANA AMARELA,BANANA PRATA,9325,CAFÉ MOÍDO
6602,6602,BANANA BICO VERDE,BANANA PRATA,9326,CAFÉ SOLUVEL
6602,6602,BANANA BRANCA,BANANA PRATA,9327,CHA PRETO
6602,6602,BANANA DE CAMBOEIRO,BANANA PRATA,9328,CHA MATE
6602,6602,BANANA UMBIGO VERDE,BANANA PRATA,9329,ERVADOCE (CHA)
6602,6602,BANANA DA PRATA,BANANA PRATA,9330,HORTELÃ (CHA)
6603,6603,BANANA OURO,BANANA OURO,9332,CANELA (CHA)
6603,6603,BANANA CRAVO,BANANA OURO,9333,ERVA CIDREIRA (CHA)
6603,6603,BANANA DOURADA,BANANA OURO,9334,LEVEDURA DE CERVEJA
6603,6603,BANANA IMPERIAL,BANANA OURO,9335,REFRIGERANTES (NÃO ESPECIFICADO)
6603,6603,BANANA INAJA,BANANA OURO,9336,CAFÉ DE CEVADA
6603,6603,BANANA MARIQUINHA,BANANA OURO,9337,CAFÉ EM GRÃO
6603,6603,BANANA PISANGO REAL,BANANA OURO,9338,REFRESCO EM SACO PLÁSTICO
6603,6603,BANANA REAL,BANANA OURO,9339,"REFRIGERANTE LARANJA (EXCETO FANTA, SUKITA, POP, CRUSH)"
6603,6603,BANANA URINHO,BANANA OURO,9340,REFRIGERANTE COLA (EXCETO COCA-COLA E PEPSI-COLA)
6603,6603,BANANINHA,BANANA OURO,9341,REFRIGERANTE MAÇÃ (QUALQUER MARCA)
6604,6604,BANANA MAÇÃ,BANANA MAÇÃ,9342,REFRIGERANTE TUTI FRUTI (QUALQUER MARCA)
6604,6604,BANANA CARAPE,BANANA MAÇÃ,9343,REFRIGERANTE TANGERINA (QUALQUER MARCA)
6604,6604,BANANA COCO,BANANA MAÇÃ,9344,MARCELA (CHA)
6604,6604,BANANA LEITE,BANANA MAÇÃ,9345,CHOCOLATE ENGARRAFADO OU ENCARTONADO
6604,6604,BANANA MAÇÃ PAINA,BANANA MAÇÃ,9346,REFRIGERANTE CAJÚ (QUALQUER MARCA)
6604,6604,BANANA PEDRA,BANANA MAÇÃ,9347,SUCO DE FRUTAS OU VEGETAIS (ENCARTONADO)
6604,6604,BANANA PERA,BANANA MAÇÃ,9348,"GÊLO EM CUBO, PEDRA, ETC."
6604,6604,BANANA MAÇÃZINHA DA BAHIA,BANANA MAÇÃ,9349,REFRIGERANTE AGUA TÔNICA
6605,6605,BANANA FIGO,BANANA FIGO,9350,REFRIGERANTE GRAPETE
6605,6605,BANANA ABOBORA,BANANA FIGO,9351,SUCO DE FRUTAS OU VEGETAIS (EM LATA)
6605,6605,BANANA AÇU,BANANA FIGO,9352,CHA DIETÉTICO
6605,6605,BANANA BABA DE BOI,BANANA FIGO,9353,SUCO DE FRUTAS OU VEGETAIS (EM SACO PLÁSTICO)
6605,6605,BANANA BABONA,BANANA FIGO,9354,REFRIGERANTE PARAGUAI
6605,6605,BANANA CACAU,BANANA FIGO,9355,REFRIGERANTE GOIANINHA
6605,6605,BANANA CAFE,BANANA FIGO,9356,MULTIERVAS (CHA)
6605,6605,BANANA CAIXÃO,BANANA FIGO,9357,REFRIGERANTE REAL
6605,6605,BANANA CAJU,BANANA FIGO,9358,REFRIGERANTE FRATELLY VITA
6605,6605,BANANA CARAMBOLA,BANANA FIGO,9359,TAFFMAN E.
6605,6605,BANANA CASADA,BANANA FIGO,9360,REFRIGERANTE DIETÉTICO
6605,6605,BANANA CASCA GROSSA,BANANA FIGO,9361,OUTROS CHAS
6605,6605,BANANA CHOCOLATE,BANANA FIGO,9362,GATORATE
6605,6605,BANANA CINZA,BANANA FIGO,9363,SNAPPLE
6605,6605,BANANA CORUJA,BANANA FIGO,9364,CAFÉ CAPUCCINO (SOLÚVEL)
6605,6605,BANANA DE VELHO,BANANA FIGO,9365,ARRUDA (CHA)
6605,6605,BANANA JACARE,BANANA FIGO,9401,AZEITE DE OLIVA
6605,6605,BANANA JASMIM,BANANA FIGO,9402,AZEITE DE DENDÊ
6605,6605,BANANA MENCI,BANANA FIGO,9403,ÓLEO DE SOJA
6605,6605,BANANA MINEIRA,BANANA FIGO,9404,ÓLEO DE MILHO
6605,6605,BANANA MURICI,BANANA FIGO,9405,ÓLEO DE AMENDOIM
6605,6605,BANANA PÃO,BANANA FIGO,9406,ÓLEO DE ALGODÃO
6605,6605,BANANA PARA,BANANA FIGO,9407,ÓLEO DE COCO BABAÇÚ
6605,6605,BANANA PAU,BANANA FIGO,9408,ÓLEO DE GIRASSOL
6605,6605,BANANA RIACHÃO,BANANA FIGO,9409,ÓLEO DE ARROZ
6605,6605,BANANA ROSA,BANANA FIGO,9410,ÓLEO DE PEIXE
6605,6605,BANANA SAPA,BANANA FIGO,9411,ÓLEO DE AMENDOA
6605,6605,BANANA TAJAMAIA,BANANA FIGO,9412,ÓLEO DE GENGIBRE
6605,6605,BANANA TANJA,BANANA FIGO,9413,ÓLEO DE UVA
6605,6605,BANANA TRES QUINAS,BANANA FIGO,9414,ÓLEO DE COCO TUCUM
6605,6605,BANANA VERMELHA,BANANA FIGO,9415,ÓLEO DE COCO OURICURI
6606,6606,BANANA MARMELO,BANANA MARMELO,9416,ÓLEO DE PEQUI
6606,6606,BANANA MARECA,BANANA MARMELO,9417,ÓLEO DE COCO MAÇAUBA
6607,6607,BANANA ROXA,BANANA ROXA,9418,BANHA DE PORCO
6607,6607,BANANA CAMBORI,BANANA ROXA,9419,BANHA DE GALINHA
6607,6607,BANANA DAS ALMAS,BANANA ROXA,9420,BANHA VEGETAL
6607,6607,BANANA MULATA,BANANA ROXA,9421,GORDURA DE PORCO
6607,6607,BANANA PATROQUIA,BANANA ROXA,9422,GORDURA DE COCO
6607,6607,BANANA VINAGRE,BANANA ROXA,9423,GORDURA DE PEIXE
6608,6608,BANANA SÃO DOMINGOS,BANANA SÃO DOMINGOS,9424,GORDURA DE OVELHA
6608,6608,BANANA RAJADA,BANANA SÃO DOMINGOS,9425,GORDURA DE RINS DE BODE
6609,6609,BANANA SÃO TOME,BANANA SÃO TOMÉ,9426,ÓLEO DE GERGELIM
6609,6609,BANANA CURTA,BANANA SÃO TOMÉ,9427,ÓLEO DE COCO DA BAHIA
6609,6609,BANANA DO PARAISO,BANANA SÃO TOMÉ,9428,GORDURA DE GALINHA
6610,6610,BANANA DA TERRA,BANANA DA TERRA,9429,ÓLEO DE GRANOLA
6610,6610,BANANA PACOVA,BANANA DA TERRA,9451,REFEIÇÕES PRONTAS PARA VIAGEM
6610,6610,BANANA PACOVEIRA,BANANA DA TERRA,9452,SALGADINHOS PARA VIAGEM
6610,6610,BANANA PACOBEIRA,BANANA DA TERRA,9453,SANDUICHE PARA VIAGEM
6610,6610,BANANA PACOBUÇU,BANANA DA TERRA,9454,SUCO PARA VIAGEM
6610,6610,BANANA BURITI,BANANA DA TERRA,9455,VITAMINA PARA VIAGEM
6610,6610,BANANA CHIFRE DE VACA,BANANA DA TERRA,9456,REFRESCO PARA VIAGEM
6610,6610,BANANA COMPRIDA,BANANA DA TERRA,9457,ALIMENTOS PRONTOS CONGELADOS PARA VIAGEM
6610,6610,BANANA FARTA GENTE,BANANA DA TERRA,9458,"SALADAS, VERDURAS COZIDAS PRONTAS (EXCETO DE FRUTAS) (PARA VIAGEM)"
6610,6610,BANANA FARTA HOMEM,BANANA DA TERRA,9459,MASSAS PRONTAS (PREPARADAS PARA CONSUMO) PARA VIAGEM
6610,6610,BANANA FARTA VELHACO,BANANA DA TERRA,9460,FRANGO ASSADO OU DEFUMADO PARA VIAGEM
6610,6610,BANANA GRANDE,BANANA DA TERRA,9461,CARNE ASSADA OU BIFE (DE QUALQUER ANIMAL) PARA VIAGEM
6610,6610,BANANA GRANDE AMARELA,BANANA DA TERRA,9462,PIPOCA DOCE OU SALGADA PARA VIAGEM
6610,6610,BANANA MARANHENSE,BANANA DA TERRA,9463,CAFÉ PREPARADO PURO OU COM LEITE PARA VIAGEM
6610,6610,BANANA PACOVI,BANANA DA TERRA,9464,MILHO VERDE COZIDO PARA VIAGEM
6610,6610,BANANA ANGOLA,BANANA DA TERRA,9465,BATATA FRITA PARA VIAGEM
6610,6610,PACOVA,BANANA DA TERRA,9466,ACARAJÉ EM CAIXA PARA VIAGEM
6610,6610,PACOVA GRANDE,BANANA DA TERRA,9467,ANGÚ DE MILHO (SEMIPRONTO)
6611,6611,BANANA (NÃO ESPECIFICADA),BANANA (NÃO ESPECIFICADA),9468,PEIXE FRITO PARA VIAGEM
6612,6612,LARANJA LIMA,LARANJA LIMA,9469,MUNGUZA PARA VIAGEM
6612,6612,LARANJA DOCINHA,LARANJA LIMA,9470,MASSA DE ARROZ PREPARADA PARA VIAGEM
6612,6612,LARANJA SERRA D'AGUA,LARANJA LIMA,9471,CAMARÃO COZIDO PARA VIAGEM
6612,6612,LARANJA AÇUCAR,LARANJA LIMA,9472,FAROFA PARA VIAGEM
6612,6612,LARANJA DO CEU,LARANJA LIMA,9473,MINGAU PARA VIAGEM
6612,6612,LARANJA D'AGUA,LARANJA LIMA,9474,TACACA PARA VIAGEM
6612,6612,LARANJA CELESTE,LARANJA LIMA,9475,BATATA DOCE COZIDA PARA VIAGEM
6612,6612,LARANJA MIMO,LARANJA LIMA,9476,PERÚ ASSADO OU DEFUMADO PARA VIAGEM
6612,6612,LARANJA ILHOA,LARANJA LIMA,9477,RISOTO PARA VIAGEM
6612,6612,LARANJA MEL,LARANJA LIMA,9478,FRANGO EMPANADO
6612,6612,LARANJA PARATI,LARANJA LIMA,9479,FAROFA PRONTA EM PACOTE (INDUSTRIALIZADA)
6612,6612,LARANJA DA ILHA,LARANJA LIMA,9480,CARPACCIO (CARNE LAMINADA COM ORÉGANO)
6612,6612,LARANJA MEL ROSA,LARANJA LIMA,9481,BATATA CONGELADA (SEMIPRONTA)
6612,6612,LARANJA MIMO DO CEU,LARANJA LIMA,9482,"CALDO (CARNE, FEIJÃO, MOCOTÓ, ETC.) (PARA VIAGEM)"
6612,6612,LARANJA BAIÃO,LARANJA LIMA,9501,AGUA SANITARIA
6613,6613,LARANJA SELETA,LARANJA SELETA,9502,ESPONJA DE LIMPEZA
6613,6613,LARANJA SELETA DO RIO,LARANJA SELETA,9503,ESCOVA DE LIMPEZA
6613,6613,LARANJA PAULISTA,LARANJA SELETA,9504,VASSOURA DE QUALQUER TIPO
6613,6613,LARANJA CAMPISTA,LARANJA SELETA,9505,RODO
6613,6613,LARANJA MONJOLO,LARANJA SELETA,9506,ESPANADOR
6613,6613,LARANJA COCO,LARANJA SELETA,9507,FLANELA
6613,6613,LARANJA FOLHA MURCHA,LARANJA SELETA,9508,PANO DE CHÃO
6613,6613,LARANJA ROSA,LARANJA SELETA,9509,LATA DE LIXO
6613,6613,LARANJA CAVALO,LARANJA SELETA,9510,PA DE LIXO
6613,6613,LARANJA FLOR,LARANJA SELETA,9511,SACO DE LIXO DE QUALQUER MATERIAL
6613,6613,LARANJA RUSSA,LARANJA SELETA,9512,SACOLA DE COMPRA
6613,6613,LARANJA JOÃO NUNES,LARANJA SELETA,9513,EMBALAGEM PLASTIFICADA
6613,6613,LARANJA MAÇÃ,LARANJA SELETA,9514,DESINFETANTE
6613,6613,LARANJA FEIJÃO CRU,LARANJA SELETA,9515,SOLVENTE
6614,6614,LARANJA PERA,LARANJA PÊRA,9516,SODA CAÚSTICA
6614,6614,LARANJA DE NATAL,LARANJA PÊRA,9517,ALCOOL (MATERIAL DE LIMPEZA)
6614,6614,LARANJA NATAL,LARANJA PÊRA,9518,DETERGENTE
6614,6614,LARANJA DE ABRIL,LARANJA PÊRA,9519,SABÃO LÍQUIDO
6614,6614,LARANJA ABRIL,LARANJA PÊRA,9520,SABÃO PASTOSO
6614,6614,LARANJA CAPETA,LARANJA PÊRA,9521,SABÃO DE COCO
6614,6614,LARANJA APANAZIA,LARANJA PÊRA,9522,SABÃO EM PÓ
6614,6614,LARANJA SABARA,LARANJA PÊRA,9523,SAPONACEO
6614,6614,LARANJA OURO,LARANJA PÊRA,9524,ALVEJANTE
6614,6614,LARANJA ACIDA,LARANJA PÊRA,9525,DESODORANTE AMBIENTAL
6614,6614,LARANJA CASCA FINA,LARANJA PÊRA,9526,INSETICIDA
6614,6614,LARANJA CITRICA,LARANJA PÊRA,9527,RATICIDA
6614,6614,LARANJA PERA DO RIO,LARANJA PÊRA,9528,BOMBA DE INSETICIDA
6614,6614,LARANJA BARÃO,LARANJA PÊRA,9529,RATOEIRA
6614,6614,LARANJA CARIOCA,LARANJA PÊRA,9530,PALHA DE AÇO
6614,6614,LARANJA COMUM,LARANJA PÊRA,9531,CÊRA DE ASSOALHO
6615,6615,LARANJA BAHIA,LARANJA BAHIA,9532,ÓLEO DE MÓVEIS
6615,6615,LARANJA DE UMBIGO,LARANJA BAHIA,9533,POLIDOR DE METAIS
6615,6615,LARANJA SEM CAROÇOS,LARANJA BAHIA,9534,GRAXA DE SAPATO
6615,6615,LARANJA BAIANINHA,LARANJA BAHIA,9535,ESCOVA DE ROUPA
6615,6615,LARANJA TAQUARI,LARANJA BAHIA,9536,ÓLEO DE MÓVEIS
6615,6615,LARANJA CATARINA,LARANJA BAHIA,9537,PREGADOR DE ROUPA
6615,6615,LARANJA BANANA,LARANJA BAHIA,9538,CORDA DE VARAL
6615,6615,LARANJA VALENCIA,LARANJA BAHIA,9539,PAPEL TOALHA
6615,6615,LARANJA VALENCIANA,LARANJA BAHIA,9540,DESENTUPIDOR DE RALOS
6616,6616,LARANJA DA CHINA,LARANJA DA CHINA,9541,PALITO
6616,6616,LARANJA SINA,LARANJA DA CHINA,9542,SULFATO DE ALUMÍNIO (LIMPEZA DOMÉSTICA)
6616,6616,LARANJA CAIPIRA,LARANJA DA CHINA,9543,GUARDANAPO DE PAPEL
6617,6617,LARANJA DA TERRA,LARANJA DA TERRA,9544,"PRATO OU BANDEJA DE PAPEL, ALUMINIZADO OU PLASTICO"
6617,6617,LARANJA AMARGA,LARANJA DA TERRA,9546,COADOR DE CAFÉ (PAPEL)
6617,6617,LARANJA AZEDA,LARANJA DA TERRA,9547,TOALHA DE PAPEL
6617,6617,LARANJA BRANCA,LARANJA DA TERRA,9548,CANUDINHO DE PAPEL OU PLÁSTICO
6617,6617,LARANJA BIGARADE,LARANJA DA TERRA,9549,"FORMA, COPO, ETC., DE PAPEL OU PAPELÃO"
6617,6617,LARANJA DE SEVILHA,LARANJA DA TERRA,9550,PAPEL ALUMÍNIO OU ALUMINIZADO
6617,6617,LARANJA DE DOCE,LARANJA DA TERRA,9551,PAPEL ABSORVENTE DE COPA E COZINHA
6618,6618,LARANJA (NÃO ESPECIFICADA),LARANJA (NÃO ESPECIFICADA),9552,PAPEL CELOFANE
6619,6619,LIMA,LIMA,9553,FÓSFORO
6619,6619,LIMA DA PERSIA,LIMA,9554,VELAS DE ILUMINAÇÃO
6619,6619,LIMA DE BICO,LIMA,9555,LÂMPADA DE QUALQUER TIPO
6619,6619,LIMA COMUM,LIMA,9556,QUEROSENE (MATERIAL DE LIMPEZA)
6620,6620,LIMÃO COMUM,LIMÃO COMUM,9557,CARVÃO VEGETAL (PARA CHURRASCO)
6620,6620,LIMÃO AMARGO,LIMÃO COMUM,9558,GASOLINA (MATERIAL DE LIMPEZA)
6620,6620,LIMÃO AZEDO,LIMÃO COMUM,9559,PILHA
6620,6620,LIMÃO DE MOLHO,LIMÃO COMUM,9560,CÊRA DE MÓVEIS
6620,6620,LIMÃO SILVESTRE,LIMÃO COMUM,9561,SHAMPU DE CARPETE
6620,6620,LIMÃO CHINA,LIMÃO COMUM,9562,"TALHERES DE PLÁSTICO (GARFO, FACA, COLHER)"
6620,6620,LIMÃO ROSA,LIMÃO COMUM,9563,AMONÍACO
6620,6620,LIMÃO PAULISTA,LIMÃO COMUM,9564,ANTIMOFO
6620,6620,LIMÃO MIRIM,LIMÃO COMUM,9565,LIMPA-VIDROS
6620,6620,LIMÃO TAITI,LIMÃO COMUM,9566,LIMPA-FORNO
6620,6620,LIMÃO CRAVO,LIMÃO COMUM,9567,VELA DE ANIVERSARIO
6620,6620,LIMÃO BRANCO,LIMÃO COMUM,9568,VAPORIZADOR ELÉTRICO (CONTRA INSETOS)
6620,6620,LIMÃO HAWAI,LIMÃO COMUM,9569,ESTOPA DE LIMPEZA DE CASA
6621,6621,LIMÃO GALEGO,LIMÃO GALEGO,9570,ALGODÃO DE LIMPEZA
6621,6621,LIMÃO VERDADEIRO,LIMÃO GALEGO,9571,ANTIFERRUGEM
6621,6621,LIMÃO VERMELHO,LIMÃO GALEGO,9572,SAQUINHO DE LANCHE (PLÁSTICO OU PAPEL)
6621,6621,LIMÃO BERGAMOTA,LIMÃO GALEGO,9573,ANILINA E TINTA DE ASSOALHO
6621,6621,LIMÃO BALÃO,LIMÃO GALEGO,9574,ESFREGADEIRA DE LAVAR ROUPA
6621,6621,LIMÃO BOI,LIMÃO GALEGO,9575,CLORO LÍQUIDO DE LIMPEZA DOMÉSTICA
6621,6621,LARANJA SANGUINEA (LIMÃO GALEGO),LIMÃO GALEGO,9576,"TALHERES DE MADEIRA (GARFO, ESPETO, ETC.)"
6621,6621,LIMÃO VINAGRE,LIMÃO GALEGO,9577,SECADOR DE LOUÇA (LÍQUIDO DE MÁQUINA DE LAVAR LOUÇA)
6622,6622,TANGERINA,TANGERINA,9578,FOLHA DE BANANEIRA (EMBALAGEM)
6622,6622,MEXERICA,TANGERINA,9579,FILTRO DE PAPEL DE EXAUSTOR
6622,6622,MIXIRICA,TANGERINA,9580,PAPEL MANTEIGA
6622,6622,MEXERICA RIO,TANGERINA,9581,CHAMINHA
6622,6622,MIXIRICA RIO,TANGERINA,9591,ALIMENTOS DE CÃES
6622,6622,MEXIRICA MURKOT,TANGERINA,9592,"ALIMENTO DE OUTROS ANIMAIS (PÁSSAROS, PEIXES, GATOS, COELHOS, ETC.)"
6622,6622,MIXIRICA MURKOT,TANGERINA,9593,PRODUTOS DE LIMPEZA E HIGIENE DE ANIMAIS
6622,6622,MEXIRICA POKAN,TANGERINA,9594,"OBJETOS DE ANIMAIS (CORRENTE, COLEIRA, GAIOLA, ETC.)"
6622,6622,MIXIRICA POKAN,TANGERINA,9599,FLORES NATURAIS (QUALQUER)
6622,6622,MEXIRICA CRAVO,TANGERINA,9601,CREME DENTAL E FIO DENTAL
6622,6622,MIXIRICA CRAVO,TANGERINA,9602,"ESCOVA DE DENTES (MACIA, MÉDIA, DURA)"
6622,6622,TANGERINA POKAN,TANGERINA,9603,SABONETE
6622,6622,TANGERINA CRAVO,TANGERINA,9604,"XAMPU, CREME RINSE E OUTROS PRODUTOS DE CABELO"
6622,6622,MEXIRICA PERA,TANGERINA,9605,DESODORANTE PESSOAL
6622,6622,MIXIRICA PERA,TANGERINA,9606,"CREME, PINCEL E OUTROS PRODUTOS DE BARBA"
6622,6622,POKAN,TANGERINA,9607,LÂMINA DE BARBEAR
6622,6622,BERGAMOTA,TANGERINA,9608,ABSORVENTE HIGIÊNICO
6622,6622,MIMOSA,TANGERINA,9609,LENÇO DE PAPEL
6622,6622,TANGERINA MONGORT,TANGERINA,9611,PRODUTOS DE BANHO
6622,6622,LARANJA MONGORT,TANGERINA,9612,PAPEL HIGIÊNICO
6622,6622,LARANJA CRAVO,TANGERINA,9613,BARBEADOR DE LÂMINA
6622,6622,LARANJA MORGOT,TANGERINA,9614,SABONETE LÍQUIDO
6623,6623,CIDRA,CIDRA,9615,HALITOL
6623,6623,POMELO,CIDRA,9616,PLAX DENTAL
6623,6623,TORANJA,CIDRA,9701,CERVEJA
6623,6623,GREPE,CIDRA,9702,CHOPP
6623,6623,GRAPE FRUIT,CIDRA,9703,AGUARDENTE DE CANA
6624,6624,KINKAN,KINKAN,9704,AGUARDENTE DE UVA
6624,6624,KUNQUAT,KINKAN,9705,BATIDA DE QUALQUER SABOR
6624,6624,CUNQUATE,KINKAN,9706,STEINHARGER
6624,6624,LARANJA KUNQUAT,KINKAN,9707,RUN
6624,6624,LARANJA KINKAN,KINKAN,9708,VODKA
6624,6624,LARANJA JABUTICABA,KINKAN,9709,GIN
6624,6624,LARANJINHA JAPONESA,KINKAN,9710,UÍSQUE
6625,6625,CANA DE AÇUCAR,CANA DE AÇÚCAR,9711,CAMPARI
6626,6626,ABACAXI,ABACAXI,9712,CHAMPANHE
6626,6626,ANANAS,ABACAXI,9713,VERMUTE
6627,6627,ABACATE,ABACATE,9714,CINZANO
6628,6628,CAQUI,CAQUÍ,9715,MARTINI
6628,6628,CAQUI CHOCOLATE,CAQUÍ,9716,CONHAQUE
6629,6629,FIGO,FIGO,9717,"DRINH ""DREHER"" E OUTROS"
6629,6629,FIGO DA EUROPA,FIGO,9718,SAN RAFAEL
6629,6629,FIGO DE VALINHOS,FIGO,9719,LICOR DE QUALQUER SABOR
6630,6630,MAÇÃ,MAÇÃ,9720,SHERRY
6630,6630,MAÇÃ ACIDA,MAÇÃ,9721,FERNET
6630,6630,MAÇÃ DOCE,MAÇÃ,9722,BITTER
6630,6630,MAÇÃ BRANCA,MAÇÃ,9723,AGUARDENTE DE ARROZ
6630,6630,MAÇÃ VERDE,MAÇÃ,9724,VINHO DE UVA E OUTROS
6630,6630,MAÇÃ VERMELHA,MAÇÃ,9725,AGUARDENTE DE BANANA
6630,6630,MAÇÃ ARGENTINA,MAÇÃ,9726,AGUARDENTE DE ALCACHOFRA
6631,6631,MAMÃO,MAMÃO,9727,ST.REMY
6631,6631,MAMÃO DA INDIA,MAMÃO,9728,KEEP COOLER
6631,6631,MAMÃO MACHO,MAMÃO,9729,COQUETEL DE FRUTAS
6631,6631,MAMÃO VERDE,MAMÃO,9730,UNDERBERG
6631,6631,MAMÃO HAVAI,MAMÃO,9993,VAREJÃO
6631,6631,MAMÃO DO AMAZONAS,MAMÃO,9994,CESTA
6631,6631,MAMÃO PAPAIA,MAMÃO,9995,SACOLA COBAL
6631,6631,PAPAIA,MAMÃO,9996,FEIRINHA
6631,6631,MAMÃO VERMELHO,MAMÃO,9997,SACOLÃO
6631,6631,MAMÃO BAIANO,MAMÃO,9998,AGREGADO 37
6632,6632,MANGA,MANGA,,
6632,6632,MANGA COQUINHO,MANGA,,
6632,6632,MANGA ESPADINHA,MANGA,,
6632,6632,MANGA UBA,MANGA,,
6632,6632,MANGA CORAÇÃO DE BOI,MANGA,,
6632,6632,MANGA ITAMARACA,MANGA,,
6632,6632,MANGA ROSINHA,MANGA,,
6632,6632,MANGA ROSA,MANGA,,
6632,6632,MANGA COITE,MANGA,,
6632,6632,MANGA CARLOTINHA,MANGA,,
6632,6632,MANGA ESPADA,MANGA,,
6632,6632,MANGA ABOBORA,MANGA,,
6632,6632,MANGA SAPATINHA,MANGA,,
6632,6632,MANGA JASMIM,MANGA,,
6632,6632,MANGUITO,MANGA,,
6633,6633,MARACUJA,MARACUJA,,
6633,6633,MARACUJA MIRIM,MARACUJA,,
6633,6633,MARACUJA COMPRIDO,MARACUJA,,
6633,6633,MARACUJA AZUL,MARACUJA,,
6633,6633,MARACUJA REDONDO,MARACUJA,,
6633,6633,MARACUJA MELÃO,MARACUJA,,
6633,6633,MARACUJA DE COBRA,MARACUJA,,
6633,6633,MARACUJA COMUM,MARACUJA,,
6633,6633,MARACUJA DOCE,MARACUJA,,
6633,6633,MARACUJA BRANCO,MARACUJA,,
6633,6633,MARACUJA SUSPIRO,MARACUJA,,
6633,6633,MARACUJA PEROBA,MARACUJA,,
6633,6633,SURURU (MARACUJA),MARACUJA,,
6633,6633,MARACUJA AÇU,MARACUJA,,
6633,6633,MARACUJA AMARELO,MARACUJA,,
6633,6633,MARACUJA MAMÃO,MARACUJA,,
6633,6633,MARACUJAZINHO,MARACUJA,,
6633,6633,MARACUJA DE BOI,MARACUJA,,
6633,6633,MARACUJA ESCURO,MARACUJA,,
6633,6633,MARACUJA GRANDE,MARACUJA,,
6633,6633,MARACUJA PRETO,MARACUJA,,
6633,6633,MARACUJA ROXO,MARACUJA,,
6633,6633,MARACUJA PINTADO,MARACUJA,,
6633,6633,MARACUJA VERMELHO,MARACUJA,,
6633,6633,MARACUJA LARANJA,MARACUJA,,
6633,6633,MARACUJA ENCARNADO,MARACUJA,,
6634,6634,MELANCIA,MELANCIA,,
6635,6635,MELÃO,MELÃO,,
6636,6636,PERA,PÊRA,,
6636,6636,PERA D'AGUA,PÊRA,,
6636,6636,PERA ACIDA,PÊRA,,
6637,6637,PESSEGO,PÊSSEGO,,
6638,6638,FRUTA DE CONDE,FRUTA DE CONDE,,
6638,6638,PINHA (FRUTA DE CONDE),FRUTA DE CONDE,,
6638,6638,ATA,FRUTA DE CONDE,,
6639,6639,UVA,UVA,,
6639,6639,UVA NIAGARA,UVA,,
6639,6639,UVA MOSCATEL,UVA,,
6639,6639,UVA PRETA,UVA,,
6639,6639,UVA ROSA,UVA,,
6639,6639,UVA NACIONAL,UVA,,
6639,6639,UVA VERDE,UVA,,
6639,6639,UVA ITALIA,UVA,,
6639,6639,UVA ROXA,UVA,,
6639,6639,UVA RUBI,UVA,,
6640,6640,JENIPAPO,JENIPAPO,,
6640,6640,JENIPAPA,JENIPAPO,,
6640,6640,JENIPAPINHO,JENIPAPO,,
6640,6640,JENIPA,JENIPAPO,,
6640,6640,JENIPAPO MANSO,JENIPAPO,,
6641,6641,JACA,JACA,,
6641,6641,JACA DURA,JACA,,
6641,6641,JACA DA BAHIA,JACA,,
6641,6641,JACA MOLE,JACA,,
6641,6641,JACA MANTEIGA,JACA,,
6642,6642,GOIABA,GOIABA,,
6642,6642,ARAÇA GUAIABA (GOIABA),GOIABA,,
6642,6642,ARAÇA AÇU (GOIABA),GOIABA,,
6642,6642,ARAÇA GOIABA (GOIABA),GOIABA,,
6642,6642,GUAIABA,GOIABA,,
6643,6643,AMEIXA,AMEIXA,,
6643,6643,AMEIXA VERMELHA,AMEIXA,,
6644,6644,CAJU,CAJÚ,,
6645,6645,CEREJA,CEREJA,,
6645,6645,CEREJA GALEGA,CEREJA,,
6645,6645,CEREJA DOS PASSAROS,CEREJA,,
6645,6645,CEREJA DA EUROPA,CEREJA,,
6646,6646,CAJA MANGA,CAJA MANGA,,
6646,6646,CAJARANA,CAJA MANGA,,
6646,6646,CAJA AÇU,CAJA MANGA,,
6647,6647,TAPEREBA,TAPEREBA,,
6647,6647,ACAJA (TAPEREBA),TAPEREBA,,
6647,6647,CAJA PEQUENO,TAPEREBA,,
6647,6647,CAJA MIRIM,TAPEREBA,,
6648,6648,CARAMBOLA,CARAMBOLA,,
6649,6649,JABOTICABA,JABOTICABA,,
6649,6649,JABOTICABA DO MATO,JABOTICABA,,
6649,6649,JABOTICABA PAULISTA,JABOTICABA,,
6649,6649,JABOTICABA MURTA,JABOTICABA,,
6649,6649,JABUTICATUBA,JABOTICABA,,
6649,6649,JABOTICATUBA,JABOTICABA,,
6649,6649,JABOTICABA AÇU,JABOTICABA,,
6649,6649,JABUTICABA,JABOTICABA,,
6649,6649,JABOTICABA MIUDA,JABOTICABA,,
6650,6650,GRAVIOLA,GRAVIOLA,,
6651,6651,ARATICUM,ARATICUM,,
6651,6651,ARATICUM DE COMER,ARATICUM,,
6651,6651,ARATICUM MANSO,ARATICUM,,
6651,6651,PASMADA,ARATICUM,,
6651,6651,MAROLO,ARATICUM,,
6652,6652,MORANGO,MORANGO,,
6653,6653,JAMBO,JAMBO,,
6653,6653,JAMBO ROSA,JAMBO,,
6653,6653,JAMBO AMARELO,JAMBO,,
6653,6653,JAMBO VERDADEIRO,JAMBO,,
6653,6653,JAMBO MORENO,JAMBO,,
6653,6653,JAMBO CHEIROSO,JAMBO,,
6653,6653,JAMBO DA INDIA,JAMBO,,
6653,6653,JAMBO COMUM,JAMBO,,
6653,6653,JAMBO ENCARNADO,JAMBO,,
6653,6653,JAMBO VERMELHO,JAMBO,,
6654,6654,ABRICO,ABRICÓ,,
6654,6654,ABRICO DO PARA,ABRICÓ,,
6655,6655,GROSELHA (FRUTA),GROSELHA (FRUTA),,
6655,6655,GROSELHA PRETA (FRUTA),GROSELHA (FRUTA),,
6655,6655,GROSELHA ESPINHOSA (FRUTA),GROSELHA (FRUTA),,
6655,6655,GROSELHA BRANCA (FRUTA),GROSELHA (FRUTA),,
6655,6655,GROSELHA VERMELHA (FRUTA),GROSELHA (FRUTA),,
6656,6656,MANGABA,MANGABA,,
6656,6656,MANGABINHA DO NORTE,MANGABA,,
6656,6656,MANGABINHA,MANGABA,,
6657,6657,ARAÇA,ARAÇA,,
6657,6657,GOIABA ARAÇA (ARAÇA),ARAÇA,,
6658,6658,NESPERA,NESPERA,,
6658,6658,AMEIXA DO CANADA (NESPERA),NESPERA,,
6658,6658,AMEIXA DO JAPÃO (NESPERA),NESPERA,,
6658,6658,AMEIXA AMARELA (NESPERA),NESPERA,,
6658,6658,AMEIXA JAPONESA (NESPERA),NESPERA,,
6658,6658,NESPERA DO JAPÃO,NESPERA,,
6659,6659,FRUTA PÃO,FRUTA PÃO,,
6660,6660,SAPOTI,SAPOTI,,
6660,6660,SAPOTA,SAPOTI,,
6661,6661,UXI,UXI,,
6662,6662,TAMARINDO,TAMARINDO,,
6662,6662,TAMARINO,TAMARINDO,,
6663,6663,CACAU,CACAU,,
6664,6664,PITOMBA,PITOMBA,,
6664,6664,PITOMBA DA MATA,PITOMBA,,
6664,6664,PITOMBA DE MACACO,PITOMBA,,
6665,6665,BACURI,BACÚRI,,
6665,6665,IBACUPARI,BACÚRI,,
6665,6665,BACURIUBA,BACÚRI,,
6665,6665,BACURIUVA,BACÚRI,,
6665,6665,IBACURUPARI,BACÚRI,,
6666,6666,INGA,INGA,,
6666,6666,INGA CIPO,INGA,,
6666,6666,INGA FEIJÃO,INGA,,
6666,6666,INGA DEDO,INGA,,
6666,6666,INGA MIRIM,INGA,,
6666,6666,INGA DA PRAIA,INGA,,
6666,6666,INGA DE FERRADURA,INGA,,
6666,6666,INGA XIXI,INGA,,
6667,6667,PEQUI,PEQUI,,
6667,6667,PIQUI,PEQUI,,
6667,6667,PEQUIA,PEQUI,,
6667,6667,PIQUIA,PEQUI,,
6667,6667,PIQUIA BRAVO,PEQUI,,
6667,6667,PIQUIA AMARELO,PEQUI,,
6667,6667,PIQUIA DA AREIA,PEQUI,,
6667,6667,PIQUIA PEDRA,PEQUI,,
6668,6668,PITANGA,PITANGA,,
6668,6668,PITANGA COMUM,PITANGA,,
6668,6668,PITANGATUBA,PITANGA,,
6668,6668,PITANGA MIUDA,PITANGA,,
6668,6668,IBIPITANGA,PITANGA,,
6668,6668,GRUMIXAMA DA INDIA,PITANGA,,
6668,6668,GRUMIXAMA,PITANGA,,
6668,6668,PITANGA DE JARDIM,PITANGA,,
6668,6668,PITANGA DO CAMPO,PITANGA,,
6668,6668,PITANGA VERMELHA,PITANGA,,
6669,6669,CIRIGUELA,CIRIGUELA,,
6670,6670,MURICI,MURICI,,
6670,6670,MURICI RASTEIRO,MURICI,,
6670,6670,MURICI DE TABULEIRO,MURICI,,
6670,6670,MURUCHI,MURICI,,
6670,6670,MURICI DA MATA,MURICI,,
6670,6670,MURICI DA PRAIA,MURICI,,
6670,6670,MURICI PITANGA,MURICI,,
6670,6670,MURICI DO CAMPO,MURICI,,
6670,6670,MURICI DO BREJO,MURICI,,
6670,6670,MURICI DE CAPOEIRA,MURICI,,
6670,6670,MURICI PENIMA,MURICI,,
6670,6670,MURICI MIUDO,MURICI,,
6670,6670,DOURADINHA FALSA,MURICI,,
6670,6670,FALSA DOURADINHA,MURICI,,
6671,6671,UMBU,UMBÚ,,
6671,6671,AMBU,UMBÚ,,
6671,6671,IMBU,UMBÚ,,
6672,6672,BERIBA,BERIBA,,
6672,6672,BIRIBA,BERIBA,,
6672,6672,JACA DE POBRE (BERIBA),BERIBA,,
6673,6673,CUPUAÇU,CUPUAÇU,,
6674,6674,NECTARINA,NECTARINA,,
6675,6675,MARI,MARI,,
6675,6675,MARI AMARELO,MARI,,
6675,6675,MARI ROXO,MARI,,
6675,6675,UMARI AMARELO,MARI,,
6675,6675,UMARI,MARI,,
6675,6675,UMARI ROXO,MARI,,
6676,6676,ROMÃ,ROMA,,
6677,6677,GUABIRABA,GUABIRABA,,
6677,6677,GUABIROBA,GUABIRABA,,
6677,6677,GUAVIROBA,GUABIRABA,,
6677,6677,GABIRABA,GUABIRABA,,
6677,6677,GUAVIRABA,GUABIRABA,,
6677,6677,GUABIROBA DO CAMPO,GUABIRABA,,
6678,6678,AMORA,AMORA,,
6678,6678,AMORA BRANCA,AMORA,,
6678,6678,AMORA PRETA,AMORA,,
6679,6679,FRAMBOESA,FRAMBOESA,,
6680,6680,ABIU,ABIU,,
6681,6681,CRUA,CRUA,,
6682,6682,MARMELO,MARMELO,,
6683,6683,OITICORO,OITICORO,,
6683,6683,OITICOROIA,OITICORO,,
6700,6700,"AÇUCARES,DOCES E DERIVADOS",,,
6701,6701,AÇUCAR REFINADO,AÇÚCAR REFINADO,,
6701,6701,AÇUCAR TRIFILTRADO,AÇÚCAR REFINADO,,
6702,6702,AÇUCAR CRISTAL,AÇÚCAR CRISTAL,,
6702,6702,AÇUCAR GRANULADO,AÇÚCAR CRISTAL,,
6703,6703,AÇUCAR DEMERARA,AÇÚCAR DEMERARA,,
6703,6703,DEMERARA,AÇÚCAR DEMERARA,,
6703,6703,AÇUCAR AMARELO PRETO,AÇÚCAR DEMERARA,,
6703,6703,AÇUCAR MASCAVO,AÇÚCAR DEMERARA,,
6703,6703,AÇUCAR PRETO,AÇÚCAR DEMERARA,,
6703,6703,AÇUCAR MASCAVADO,AÇÚCAR DEMERARA,,
6704,6704,RAPADURA,RAPADURA,,
6704,6704,ALFENIM DE CANA,RAPADURA,,
6704,6704,BATIDA (RAPADURA),RAPADURA,,
6705,6705,SORVETE DE QUALQUER SABOR (INDUSTRIALIZADO),SORVETE INDUSTRIALIZADO (QUALQUER SABOR),,
6705,6705,PICOLE DE QUALQUER SABOR (INDUSTRIALIZADO),SORVETE INDUSTRIALIZADO (QUALQUER SABOR),,
6706,6706,CHICLETE,CHICLETE,,
6706,6706,MENTEX,CHICLETE,,
6706,6706,BALA,CHICLETE,,
6706,6706,CARAMELO (BALA),CHICLETE,,
6706,6706,DROPS,CHICLETE,,
6706,6706,PASTILHA,CHICLETE,,
6706,6706,PIRULITO,CHICLETE,,
6706,6706,CHICLE,CHICLETE,,
6706,6706,GOMA DE MASCAR,CHICLETE,,
6706,6706,JUJUBA,CHICLETE,,
6707,6707,TABLETE DE CHOCOLATE,TABLETE DE CHOCOLATE,,
6707,6707,BARRA DE CHOCOLATE,TABLETE DE CHOCOLATE,,
6707,6707,CHOCOLATE EM TABLETE,TABLETE DE CHOCOLATE,,
6707,6707,CHOCOLATE EM BARRA,TABLETE DE CHOCOLATE,,
6708,6708,CHOCOLATE EM PO DE QUALQUER MARCA,CHOCOLATE EM PÓ DE QUALQUER MARCA,,
6708,6708,CHOCOLATE EM PO QUICK,CHOCOLATE EM PÓ DE QUALQUER MARCA,,
6708,6708,CHOCOLATE NESCAU,CHOCOLATE EM PÓ DE QUALQUER MARCA,,
6708,6708,CHOCOLATE EM PO MUQUI,CHOCOLATE EM PÓ DE QUALQUER MARCA,,
6708,6708,CHOCOLATE TODDY,CHOCOLATE EM PÓ DE QUALQUER MARCA,,
6708,6708,CHOCOLATE EM PO TODDY,CHOCOLATE EM PÓ DE QUALQUER MARCA,,
6708,6708,CHOCOLATE EM PO NESCAU,CHOCOLATE EM PÓ DE QUALQUER MARCA,,
6708,6708,TODDY INSTANTANEO,CHOCOLATE EM PÓ DE QUALQUER MARCA,,
6708,6708,QUICK,CHOCOLATE EM PÓ DE QUALQUER MARCA,,
6708,6708,TODDY VITAMINADO,CHOCOLATE EM PÓ DE QUALQUER MARCA,,
6708,6708,TODDY,CHOCOLATE EM PÓ DE QUALQUER MARCA,,
6708,6708,NESCAU,CHOCOLATE EM PÓ DE QUALQUER MARCA,,
6708,6708,NESCAU VITAMINADO,CHOCOLATE EM PÓ DE QUALQUER MARCA,,
6708,6708,MUQUI,CHOCOLATE EM PÓ DE QUALQUER MARCA,,
6708,6708,NESCAU INSTANTANEO,CHOCOLATE EM PÓ DE QUALQUER MARCA,,
6708,6708,QUICK SHAKE CRISTALINO,CHOCOLATE EM PÓ DE QUALQUER MARCA,,
6708,6708,QUICK SHAKE,CHOCOLATE EM PÓ DE QUALQUER MARCA,,
6708,6708,OVOMALTINE,CHOCOLATE EM PÓ DE QUALQUER MARCA,,
6708,6708,PO ACHOCOLATADO,CHOCOLATE EM PÓ DE QUALQUER MARCA,,
6709,6709,BOMBOM DE QUALQUER MARCA,BOMBOM DE QUALQUER MARCA,,
6709,6709,BOMBOM CARAMELIZADO DE QUALQUER MARCA,BOMBOM DE QUALQUER MARCA,,
6709,6709,BOMBONS SORTIDOS DE QUALQUER MARCA,BOMBOM DE QUALQUER MARCA,,
6710,6710,GELEIA DE FRUTAS DE QUALQUER MARCA OU SABOR,GELÉIA DE FRUTAS - QUALQUER MARCA OU SABOR,,
6710,6710,MOUSSE (GELEIA) DE QUALQUER MARCA,GELÉIA DE FRUTAS - QUALQUER MARCA OU SABOR,,
6711,6711,GELEIA DE MOCOTO,GELÉIA DE MOCOTÓ,,
6711,6711,GELEIA DE MOCOTO VITAMINADA,GELÉIA DE MOCOTÓ,,
6712,6712,DOCE DE FRUTAS EM PASTA DE QUALQUER SABOR,DOCE DE FRUTAS EM PASTA - QUALQUER SABOR,,
6712,6712,PURE DE FRUTAS,DOCE DE FRUTAS EM PASTA - QUALQUER SABOR,,
6712,6712,PASTA DE AMENDOIM,DOCE DE FRUTAS EM PASTA - QUALQUER SABOR,,
6712,6712,PESSEGADA,DOCE DE FRUTAS EM PASTA - QUALQUER SABOR,,
6712,6712,CREME DE AMENDOIM,DOCE DE FRUTAS EM PASTA - QUALQUER SABOR,,
6712,6712,MARMELADA,DOCE DE FRUTAS EM PASTA - QUALQUER SABOR,,
6712,6712,DOCE DE FRUTAS EM BARRA OU TIJOLO DE QUALQUER SABOR,DOCE DE FRUTAS EM PASTA - QUALQUER SABOR,,
6712,6712,CREME DE GOIABA,DOCE DE FRUTAS EM PASTA - QUALQUER SABOR,,
6712,6712,FIGADA,DOCE DE FRUTAS EM PASTA - QUALQUER SABOR,,
6712,6712,BANANADA (EM BARRA OU TIJOLO),DOCE DE FRUTAS EM PASTA - QUALQUER SABOR,,
6712,6712,GOIABADA,DOCE DE FRUTAS EM PASTA - QUALQUER SABOR,,
6712,6712,DOCE DE ABOBORA EM PASTA,DOCE DE FRUTAS EM PASTA - QUALQUER SABOR,,
6712,6712,DOCE DE MORANGO EM PASTA,DOCE DE FRUTAS EM PASTA - QUALQUER SABOR,,
6712,6712,CAJU EM PASTA,DOCE DE FRUTAS EM PASTA - QUALQUER SABOR,,
6712,6712,DOCE DE CEREJA EM PASTA,DOCE DE FRUTAS EM PASTA - QUALQUER SABOR,,
6712,6712,DOCE DE BATATA MARROM GLACE,DOCE DE FRUTAS EM PASTA - QUALQUER SABOR,,
6712,6712,DOCE DE AMEIXA EM PASTA,DOCE DE FRUTAS EM PASTA - QUALQUER SABOR,,
6712,6712,DOCE DE PERA EM PASTA,DOCE DE FRUTAS EM PASTA - QUALQUER SABOR,,
6712,6712,DOCE DE CACAU EM PASTA,DOCE DE FRUTAS EM PASTA - QUALQUER SABOR,,
6712,6712,PASTA DE CACAU,DOCE DE FRUTAS EM PASTA - QUALQUER SABOR,,
6712,6712,CACAU EM PASTA,DOCE DE FRUTAS EM PASTA - QUALQUER SABOR,,
6712,6712,DOCE DE FRUTAS EM TABLETE DE QUALQUER SABOR,DOCE DE FRUTAS EM PASTA - QUALQUER SABOR,,
6712,6712,DOCE DE CAJU EM PASTA OU BARRA,DOCE DE FRUTAS EM PASTA - QUALQUER SABOR,,
6712,6712,MARIOLA,DOCE DE FRUTAS EM PASTA - QUALQUER SABOR,,
6712,6712,DOCE DE FEIJÃO EM PASTA,DOCE DE FRUTAS EM PASTA - QUALQUER SABOR,,
6712,6712,YOKAN (DOCE DE FEIJÃO EM PASTA),DOCE DE FRUTAS EM PASTA - QUALQUER SABOR,,
6712,6712,DOCE DE MANDIOCA EM PASTA,DOCE DE FRUTAS EM PASTA - QUALQUER SABOR,,
6713,6713,DOCE DE FRUTAS EM CALDA DE QUALQUER SABOR,DOCE DE FRUTAS EM CALDA - QUALQUER SABOR,,
6713,6713,FIGO EM CALDA,DOCE DE FRUTAS EM CALDA - QUALQUER SABOR,,
6713,6713,AMEIXA EM CALDA,DOCE DE FRUTAS EM CALDA - QUALQUER SABOR,,
6713,6713,PESSEGO EM CALDA,DOCE DE FRUTAS EM CALDA - QUALQUER SABOR,,
6713,6713,SALADA DE FRUTAS EM CALDA,DOCE DE FRUTAS EM CALDA - QUALQUER SABOR,,
6713,6713,ABACAXI EM CALDA,DOCE DE FRUTAS EM CALDA - QUALQUER SABOR,,
6713,6713,BANANA EM CALDA,DOCE DE FRUTAS EM CALDA - QUALQUER SABOR,,
6713,6713,GOIABA EM CALDA,DOCE DE FRUTAS EM CALDA - QUALQUER SABOR,,
6713,6713,LARANJA EM CALDA,DOCE DE FRUTAS EM CALDA - QUALQUER SABOR,,
6713,6713,CEREJA EM CALDA,DOCE DE FRUTAS EM CALDA - QUALQUER SABOR,,
6713,6713,MORANGO EM CALDA,DOCE DE FRUTAS EM CALDA - QUALQUER SABOR,,
6714,6714,DOCE DE FRUTAS CRISTALIZADO DE QUALQUER SABOR,DOCE DE FRUTAS CRISTALIZADO - QUALQUER SABOR,,
6714,6714,DOCE DE ABACAXI CRISTALIZADO,DOCE DE FRUTAS CRISTALIZADO - QUALQUER SABOR,,
6714,6714,DOCE DE LARANJA CRISTALIZADO,DOCE DE FRUTAS CRISTALIZADO - QUALQUER SABOR,,
6714,6714,DOCE DE FIGO CRISTALIZADO,DOCE DE FRUTAS CRISTALIZADO - QUALQUER SABOR,,
6714,6714,DOCE DE GOIABA CRISTALIZADO,DOCE DE FRUTAS CRISTALIZADO - QUALQUER SABOR,,
6714,6714,DOCE DE CAJU CRISTALIZADO,DOCE DE FRUTAS CRISTALIZADO - QUALQUER SABOR,,
6715,6715,MELADO,MELADO,,
6716,6716,MEL DE ABELHA,MEL DE ABELHA,,
6716,6716,MEL,MEL DE ABELHA,,
6717,6717,GELATINA,GELATINA,,
6717,6717,GELATINA PARA DIETA,GELATINA,,
6717,6717,GELATINA EM PO,GELATINA,,
6717,6717,GELATINA DIETETICA,GELATINA,,
6717,6717,GELATINA EM FOLHA,GELATINA,,
6718,6718,ADOÇANTES ARTIFICIAIS,ADOÇANTES ARTIFICIAIS,,
6718,6718,SUITA,ADOÇANTES ARTIFICIAIS,,
6718,6718,NIDEX,ADOÇANTES ARTIFICIAIS,,
6718,6718,DEXTROSOL,ADOÇANTES ARTIFICIAIS,,
6718,6718,SUCARIL,ADOÇANTES ARTIFICIAIS,,
6718,6718,SACARINA,ADOÇANTES ARTIFICIAIS,,
6719,6719,GLICOSE DE MILHO,GLICOSE DE MILHO,,
6719,6719,GLUCOSE DE MILHO,GLICOSE DE MILHO,,
6719,6719,KARO,GLICOSE DE MILHO,,
6720,6720,CREME DE AÇUCAR,CREME DE AÇÚCAR,,
6720,6720,GLAÇUCAR,CREME DE AÇÚCAR,,
6720,6720,GLACE,CREME DE AÇÚCAR,,
6720,6720,MERENGUE,CREME DE AÇÚCAR,,
6721,6721,CORANTE PARACAFE,CORANTE DE CAFÉ,,
6721,6721,MISTURA PARACAFE,CORANTE DE CAFÉ,,
6722,6722,CONFEITOS PARA BOLOS E DOCES,CONFEITOS DE BOLOS E DOCES,,
6722,6722,CORANTES PARA BOLOS E DOCES,CONFEITOS DE BOLOS E DOCES,,
6723,6723,SCHIMIER DE CANA,SCHIMIER DE CANA,,
6723,6723,SCHIMIER DE COLONIA,SCHIMIER DE CANA,,
6724,6724,FRUTA SECA (QUALQUER),FRUTA SECA OU DESIDRATADA (QUALQUER),,
6724,6724,PASSA,FRUTA SECA OU DESIDRATADA (QUALQUER),,
6724,6724,AMEIXA SECA,FRUTA SECA OU DESIDRATADA (QUALQUER),,
6724,6724,TAMARA SECA,FRUTA SECA OU DESIDRATADA (QUALQUER),,
6724,6724,MAÇÃ SECA,FRUTA SECA OU DESIDRATADA (QUALQUER),,
6724,6724,DAMASCO SECO,FRUTA SECA OU DESIDRATADA (QUALQUER),,
6724,6724,BANANA SECA,FRUTA SECA OU DESIDRATADA (QUALQUER),,
6724,6724,PESSEGO SECO,FRUTA SECA OU DESIDRATADA (QUALQUER),,
6724,6724,FIGO SECO,FRUTA SECA OU DESIDRATADA (QUALQUER),,
6725,6725,SOBREMESAS INFANTIS DE QUALQUER MARCA E SABOR,SOBREMESAS INFANTIS (QUALQUER MARCA OU SABOR),,
6725,6725,DOCES INFANTIS EM POTE DE QUALQUER MARCA E SABOR,SOBREMESAS INFANTIS (QUALQUER MARCA OU SABOR),,
6726,6726,PUDIM DE QUALQUER SABOR,PUDIM DE QUALQUER SABOR,,
6726,6726,PUDIM DE COCO,PUDIM DE QUALQUER SABOR,,
6726,6726,PUDIM DE QUEIJO,PUDIM DE QUALQUER SABOR,,
6726,6726,PUDIM DE LEITE CONDENSADO,PUDIM DE QUALQUER SABOR,,
6726,6726,PUDIM DE FUBA,PUDIM DE QUALQUER SABOR,,
6726,6726,PUDIM DE LARANJA,PUDIM DE QUALQUER SABOR,,
6727,6727,MANJAR,MANJAR,,
6728,6728,"MISTURAS INDUSTRIAIS PARA DOCES, SORVETES E PUDINS","MISTURAS INDUSTRIAIS, DOCES, SORVETE, PUDIM",,
6728,6728,FLAN (MISTURA INDUSTRIAL),"MISTURAS INDUSTRIAIS, DOCES, SORVETE, PUDIM",,
6728,6728,"PO PARA DOCES,SORVETES E PUDINS","MISTURAS INDUSTRIAIS, DOCES, SORVETE, PUDIM",,
6728,6728,PO PARA FLAN,"MISTURAS INDUSTRIAIS, DOCES, SORVETE, PUDIM",,
6728,6728,FLAMBY (PO PARA PUDIM),"MISTURAS INDUSTRIAIS, DOCES, SORVETE, PUDIM",,
6729,6729,CUSCUZ,CUSCUZ,,
6729,6729,CUSCUZ DE TAPIOCA,CUSCUZ,,
6729,6729,CUSCUZ DE CARIMÃ,CUSCUZ,,
6729,6729,CUSCUZ DE MANDIOCA,CUSCUZ,,
6729,6729,CUSCUZ DE GOMA,CUSCUZ,,
6729,6729,CUSCUZ DE ARROZ,CUSCUZ,,
6729,6729,CUSCUZ DE FUBA,CUSCUZ,,
6729,6729,CUSCUZ DE MILHO,CUSCUZ,,
6730,6730,MARIA MOLE,MARIA MOLE,,
6730,6730,BABA DE SAPO OU DE MOÇA,MARIA MOLE,,
6731,6731,COCADA,COCADA,,
6731,6731,QUEBRA QUEIXO,COCADA,,
6732,6732,DOCE DE AMENDOIM,DOCE DE AMENDOIM,,
6732,6732,PE DE MOLEQUE,DOCE DE AMENDOIM,,
6732,6732,PAÇOCA (TORRÃO DE AMENDOIM),DOCE DE AMENDOIM,,
6733,6733,AMENDOIM SALGADO,AMENDOIM SALGADO,,
6733,6733,AMENDOIM CARAMELIZADO,AMENDOIM SALGADO,,
6733,6733,AMENDOIM AMANTEIGADO,AMENDOIM SALGADO,,
6733,6733,AMENDOIM TORRADO,AMENDOIM SALGADO,,
6734,6734,DOCE DE ABOBORA,DOCE DE ABÓBORA,,
6735,6735,DOCE DE BATATA DOCE,DOCE DE BATATA DOCE,,
6736,6736,BRIGADEIRO,BRIGADEIRO,,
6737,6737,BOMBA DE QUALQUER TIPO,BOMBA DE QUALQUER TIPO,,
6738,6738,MIL FOLHAS,MIL FOLHAS,,
6739,6739,QUEIJADINHA,QUEIJADINHA,,
6739,6739,QUEIJADA,QUEIJADINHA,,
6740,6740,DOCE DE QUEIJO,DOCE DE QUEIJO,,
6741,6741,DOCE A BASE DE OVOS,DOCE A BASE DE OVOS,,
6741,6741,DOCE DE OVOS COM AMENDOA,DOCE A BASE DE OVOS,,
6741,6741,SCHIMIER DE OVOS,DOCE A BASE DE OVOS,,
6741,6741,CAÇAROLA ITALIANA,DOCE A BASE DE OVOS,,
6741,6741,QUINDIM,DOCE A BASE DE OVOS,,
6741,6741,DOCE DE OVOS,DOCE A BASE DE OVOS,,
6741,6741,PAPO DE ANJO,DOCE A BASE DE OVOS,,
6741,6741,FIOS DE OVOS,DOCE A BASE DE OVOS,,
6741,6741,PASTEIS DE SANTA CLARA,DOCE A BASE DE OVOS,,
6741,6741,SUSPIRO,DOCE A BASE DE OVOS,,
6742,6742,DOCE A BASE DE LEITE,DOCE A BASE DE LEITE,,
6742,6742,PAVE,DOCE A BASE DE LEITE,,
6742,6742,AMBROSIA,DOCE A BASE DE LEITE,,
6742,6742,LEITE GELEIFICADO,DOCE A BASE DE LEITE,,
6742,6742,DANETE,DOCE A BASE DE LEITE,,
6742,6742,CHANDELE DE QUALQUER SABOR,DOCE A BASE DE LEITE,,
6743,6743,DOCE DE LEITE,DOCE DE LEITE,,
6744,6744,CANUDINHO RECHEADO,CANUDINHO RECHEADO,,
6745,6745,SAROLHO,SAROLHO,,
6745,6745,BEIJU,SAROLHO,,
6745,6745,TAPIOCA (BEIJU),SAROLHO,,
6746,6746,"SCHIMIER DE FRUTAS (QUALQUER, EXCETO DE CANA)",SCHIMIER DE FRUTAS QUALQUER (MENOS DE CANA),,
6747,6747,BEIJO DE MOÇA,BEIJO DE MOÇA,,
6747,6747,BEIJO AFRICANO,BEIJO DE MOÇA,,
6748,6748,PICOLE ENSACADO,PICOLÉ ENSACADO,,
6748,6748,DINDIM (PICOLE ENSACADO),PICOLÉ ENSACADO,,
6748,6748,SACOLE (PICOLE ENSACADO),PICOLÉ ENSACADO,,
6749,6749,DOCE CONFEITADO DE QUALQUER TIPO,DOCE CONFEITADO DE QUALQUER TIPO,,
6750,6750,CHURROS,CHURROS,,
6751,6751,PAMONHA,PAMONHA,,
6752,6752,CHOCOLATE GRANULADO,CHOCOLATE GRANULADO,,
6753,6753,ADOÇANTE NATURAL CONCENTRADO,ADOÇANTE NATURAL CONCENTRADO,,
6753,6753,ADOÇANTE CONCENTRADO NATURAL,ADOÇANTE NATURAL CONCENTRADO,,
6754,6754,ALGODÃO-DOCE,ALGODÃO DOCE,,
6755,6755,"COBERTURA DE QUALQUER SABOR (PARA SORVETE,ETC)",COBERTURA DE QUALQUER SABOR (SORVETE),,
6756,6756,CHOCOLATE EM CREME,CHOCOLATE EM CREME,,
6756,6756,NUCITA (CHOCOLATE EM CREME),CHOCOLATE EM CREME,,
6756,6756,IOIO CREME (CHOCOLATE EM CREME),CHOCOLATE EM CREME,,
6757,6757,GUARANA EM PO (NATURAL),GUARANA EM PÓ (NATURAL),,
6758,6758,OVO DE PASCOA,OVO DE PASCOA,,
6758,6758,COELHINHO DA PASCOA (CHOCOLATE),OVO DE PASCOA,,
6758,6758,CHOCOLATE (COELHINHO DA PASCOA),OVO DE PASCOA,,
6759,6759,TORRONE,TORRONE,,
6759,6759,DOCE TORRONE,TORRONE,,
6760,6760,ARROZ-DOCE,ARROZ-DOCE,,
6761,6761,PROPOLIS,PRÓPOLIS,,
6800,6800,SAL E CONDIMENTOS,,,
6801,6801,SAL REFINADO,SAL REFINADO,,
6801,6801,SAL IODADO,SAL REFINADO,,
6802,6802,SAL GROSSO,SAL GROSSO,,
6802,6802,SAL TRITURADO,SAL GROSSO,,
6802,6802,SAL MOIDO,SAL GROSSO,,
6803,6803,SAL AMONIACO,SAL AMONÍACO,,
6804,6804,"TEMPERO MISTO INDUSTRIALIZADO (ALHO+SAL, ETC.)",TEMPERO MISTO INDUSTRIALIZADO (ALHO + SAL),,
6804,6804,"CONDIMENTO MISTO INDUSTRIALIZADO (ALHO+SAL, ETC.)",TEMPERO MISTO INDUSTRIALIZADO (ALHO + SAL),,
6804,6804,SALHO,TEMPERO MISTO INDUSTRIALIZADO (ALHO + SAL),,
6804,6804,ALHOSAL,TEMPERO MISTO INDUSTRIALIZADO (ALHO + SAL),,
6804,6804,ARISCO,TEMPERO MISTO INDUSTRIALIZADO (ALHO + SAL),,
6804,6804,TEMPERO ARISCO,TEMPERO MISTO INDUSTRIALIZADO (ALHO + SAL),,
6804,6804,ALHO EM PASTA,TEMPERO MISTO INDUSTRIALIZADO (ALHO + SAL),,
6804,6804,MINHOTO ALHO E SAL,TEMPERO MISTO INDUSTRIALIZADO (ALHO + SAL),,
6804,6804,PURE DE ALHO,TEMPERO MISTO INDUSTRIALIZADO (ALHO + SAL),,
6804,6804,CREME DE ALHO,TEMPERO MISTO INDUSTRIALIZADO (ALHO + SAL),,
6805,6805,BICARBONATO DE SODIO,BICARBONATO DE SÓDIO,,
6805,6805,BICARBONATO,BICARBONATO DE SÓDIO,,
6806,6806,FERMENTO EM PO,FERMENTO EM PÓ,,
6806,6806,FERMENTO,FERMENTO EM PÓ,,
6807,6807,GLUTAMATO MONOSSODICO,GLUTAMATO MONOSSÓDICO,,
6807,6807,AJINOMOTO,GLUTAMATO MONOSSÓDICO,,
6808,6808,GERSAL,GERSAL,,
6809,6809,BAUNILHA EM PO,BAUNILHA EM PÓ,,
6809,6809,ESSENCIA DE BAUNILHA,BAUNILHA EM PÓ,,
6809,6809,VANILINA,BAUNILHA EM PÓ,,
6810,6810,CANELA EM PO,CANELA EM PÓ,,
6810,6810,CANELA EM PAU,CANELA EM PÓ,,
6811,6811,CRAVO (CONDIMENTO),CRAVO (CONDIMENTO),,
6812,6812,COLORAU,COLORAU,,
6812,6812,COLORIFICO,COLORAU,,
6812,6812,URUCU (CONDIMENTO),COLORAU,,
6813,6813,PAPRIKA,PAPRIKA,,
6814,6814,NOZ MOSCADA (CONDIMENTO),NOZ MOSCADA (CONDIMENTO),,
6815,6815,MOSTARDA (CONDIMENTO),MOSTARDA (CONDIMENTO),,
6816,6816,LOURO,LOURO,,
6816,6816,LOURO EM PO,LOURO,,
6816,6816,LOURO EM FOLHA,LOURO,,
6816,6816,FOLHA DE LOURO,LOURO,,
6817,6817,AÇAFRÃO EM PO,AÇAFRÃO EM PÓ,,
6818,6818,COMINHO,COMINHO,,
6818,6818,COMINHO EM GRÃO,COMINHO,,
6818,6818,CUMINHO,COMINHO,,
6819,6819,SEGURELHA,SEGURELHA,,
6820,6820,GENGIBRE,GENGIBRE,,
6821,6821,ALFAVACA,ALFAVACA,,
6821,6821,QUIOIO,ALFAVACA,,
6821,6821,MANGERICAO DE MOLHO,ALFAVACA,,
6821,6821,ALFAVACA DE CHEIRO,ALFAVACA,,
6821,6821,MANGERICÃO,ALFAVACA,,
6821,6821,ALFAVACA CHEIROSA,ALFAVACA,,
6822,6822,OREGANO,ORÉGANO,,
6822,6822,OREGAO,ORÉGANO,,
6822,6822,OUREGÃO,ORÉGANO,,
6823,6823,HORTELÃ,HORTELÃ,,
6823,6823,HORTELA ROMANA,HORTELÃ,,
6823,6823,HORTELA DAS HORTAS,HORTELÃ,,
6823,6823,HORTELA COMUM,HORTELÃ,,
6823,6823,LEVANTE,HORTELÃ,,
6823,6823,HORTELA PRETA,HORTELÃ,,
6823,6823,HORTELA PIMENTA,HORTELÃ,,
6823,6823,ALEVANTE,HORTELÃ,,
6824,6824,ALCAPARRA,ALCAPARRA,,
6825,6825,MANJERONA,MANJERONA,,
6825,6825,MANJERONA VERDADEIRA,MANJERONA,,
6825,6825,MANJERONA INGLESA,MANJERONA,,
6826,6826,COENTRO (CONDIMENTO),COÊNTRO (CONDIMENTO),,
6826,6826,COENTRO EM PO,COÊNTRO (CONDIMENTO),,
6826,6826,SEMENTE DE COENTRO,COÊNTRO (CONDIMENTO),,
6826,6826,COENTRO EM GRÃO,COÊNTRO (CONDIMENTO),,
6827,6827,ALHO EM PO,ALHO EM PÓ,,
6828,6828,CEBOLA EM PO,CEBOLA EM PÓ,,
6829,6829,CHEIRO VERDE EM PO,CHEIRO VERDE EM PÓ,,
6830,6830,PIMENTÃO EM PO,PIMENTÃO EM PÓ,,
6831,6831,PIMENTA DO REINO,PIMENTA DO REINO,,
6831,6831,PIMENTA DO REINO EM PO,PIMENTA DO REINO,,
6831,6831,PIMENTA DO REINO EM GRÃO,PIMENTA DO REINO,,
6831,6831,PIMENTA DO REINO CLARA,PIMENTA DO REINO,,
6831,6831,PIMENTA DA INDIA (PIMENTA DO REINO),PIMENTA DO REINO,,
6831,6831,PIMENTA DO REINO BRANCA,PIMENTA DO REINO,,
6831,6831,PIMENTA DO REINO PRETA,PIMENTA DO REINO,,
6831,6831,PIMENTA DO REINO ESCURA,PIMENTA DO REINO,,
6832,6832,PIMENTA DO REINO E COMINHO,PIMENTA DO REINO E COMINHO,,
6832,6832,COMINHO E PIMENTA DO REINO,PIMENTA DO REINO E COMINHO,,
6833,6833,VINAGRE DE ALCOOL,VINAGRE DE ALCOOL,,
6833,6833,VINAGRE DE CANA,VINAGRE DE ALCOOL,,
6834,6834,VINAGRE DE VINHO,VINAGRE DE VINHO,,
6834,6834,VINAGRE DE UVA,VINAGRE DE VINHO,,
6835,6835,VINAGRE DE MAÇÃ,VINAGRE DE MAÇÃ,,
6836,6836,MOLHO DE SOJA,MOLHO DE SOJA,,
6836,6836,NATOR,MOLHO DE SOJA,,
6836,6836,MOLHO JAPONES,MOLHO DE SOJA,,
6836,6836,SHOYO,MOLHO DE SOJA,,
6836,6836,TSUQUEMONO,MOLHO DE SOJA,,
6836,6836,SAKURO,MOLHO DE SOJA,,
6837,6837,MOLHO INGLES,MOLHO INGLÊS,,
6838,6838,LEITE DE COCO,LEITE DE COCO,,
6839,6839,MOLHO TARTARO,MOLHO TARTARO,,
6840,6840,MOLHO DE GERGELIM,MOLHO DE GERGELIM,,
6840,6840,GERGELIM (MOLHO),MOLHO DE GERGELIM,,
6840,6840,PASTA DE GERGELIM,MOLHO DE GERGELIM,,
6841,6841,MOLHO DE TUCUPI,MOLHO DE TUCUPI (COM PIMENTA),,
6841,6841,TUCUPI (MOLHO),MOLHO DE TUCUPI (COM PIMENTA),,
6841,6841,TUCUPI (CONDIMENTO),MOLHO DE TUCUPI (COM PIMENTA),,
6842,6842,MOLHO DE HORTELÃ,MOLHO DE HORTELÃ,,
6843,6843,MAIONESE,MAIONESE,,
6844,6844,CALDO DE GALINHA,CALDO DE GALINHA,,
6845,6845,CALDO DE CARNE,CALDO DE CARNE,,
6846,6846,CURRY,CURRY,,
6847,6847,MASSA DE TOMATE,MASSA DE TOMATE,,
6847,6847,EXTRATO DE TOMATE,MASSA DE TOMATE,,
6847,6847,GELEIA DE TOMATE,MASSA DE TOMATE,,
6847,6847,PURE DE TOMATE,MASSA DE TOMATE,,
6848,6848,MOLHO DE TOMATE,MOLHO DE TOMATE,,
6848,6848,KETCHUP,MOLHO DE TOMATE,,
6849,6849,MOLHO BOLONHESA,MOLHO BOLONHESA,,
6849,6849,MOLHO A BOLONHESA,MOLHO BOLONHESA,,
6849,6849,MOLHO DE TOMATE COM CARNE,MOLHO BOLONHESA,,
6849,6849,MOLHO PARA MACARRONADA,MOLHO BOLONHESA,,
6850,6850,ALHO,ALHO,,
6850,6850,ALHO ROXO,ALHO,,
6850,6850,ALHO BRANCO,ALHO,,
6850,6850,ALHO ARGENTINO,ALHO,,
6851,6851,ALHO PORRO,ALHO PORRÓ,,
6851,6851,ALHO MACHO,ALHO PORRÓ,,
6852,6852,COMINHO EM PO,COMINHO EM PÓ,,
6852,6852,CUMINHO EM PO,COMINHO EM PÓ,,
6853,6853,PIMENTA DO REINO E ALHO EM PO (TEMPERO MISTO),PIMENTA DO REINO E ALHO EM PÓ (TEMPERO MISTO),,
6853,6853,TEMPERO MISTO EM PO,PIMENTA DO REINO E ALHO EM PÓ (TEMPERO MISTO),,
6853,6853,PIMENTA DO REINO EM GRÃO E ALHO (TEMPERO MISTO),PIMENTA DO REINO E ALHO EM PÓ (TEMPERO MISTO),,
6853,6853,TEMPERO MISTO EM GRÃO,PIMENTA DO REINO E ALHO EM PÓ (TEMPERO MISTO),,
6854,6854,CALDO DE LEGUMES,CALDO DE LEGUMES,,
6855,6855,PEIXE EM PO,PEIXE EM PÓ,,
6855,6855,KATSUOBUSHI (PEIXE EM PO),PEIXE EM PÓ,,
6856,6856,PURE DE CEBOLA,PURÊ DE CEBOLA,,
6856,6856,PATE DE CEBOLA,PURÊ DE CEBOLA,,
6857,6857,SAL DIETETICO,SAL DIETÉTICO,,
6858,6858,TEMPERO PARA FEIJÃO (TABLETE),TEMPERO DE FEIJÃO (TABLETE),,
6859,6859,AMACIANTE PARA CARNE,AMACIANTE DE CARNE,,
6859,6859,ZURITA (AMACIANTE DE CARNE),AMACIANTE DE CARNE,,
6860,6860,FONDOR,FONDOR,,
6861,6861,PIMENTA EM PO,PIMENTA EM PÓ,,
6862,6862,TEMPERO PARA OMELETE (EM PO),TEMPERO DE OMELETE (EM PÓ),,
6862,6862,OMELETE EM PO (TEMPERO),TEMPERO DE OMELETE (EM PÓ),,
6900,6900,CARNES FRESCAS E VISCERAS,,,
6901,6901,FILE MIGNON,FILÉ MIGNON,,
6901,6901,FILE SEM MIGNON,FILÉ MIGNON,,
6901,6901,FILE COM MIGNON,FILÉ MIGNON,,
6901,6901,MIGNON,FILÉ MIGNON,,
6902,6902,CONTRA FILE,CONTRA FILÉ,,
6902,6902,FILE CURTO,CONTRA FILÉ,,
6902,6902,CHULETA COM OSSO (CONTRA FILE),CONTRA FILÉ,,
6902,6902,FILE ESPECIAL,CONTRA FILÉ,,
6902,6902,BISTECA DE BOI,CONTRA FILÉ,,
6903,6903,ALCATRA,ALCATRA,,
6903,6903,PONTA DE PATINHO,ALCATRA,,
6903,6903,MAMINHA,ALCATRA,,
6903,6903,PICANHA,ALCATRA,,
6904,6904,CHÃ DE DENTRO,CHÃ DE DENTRO,,
6904,6904,COXÃO MOLE (CHÃ DE DENTRO),CHÃ DE DENTRO,,
6904,6904,COXÃO DE DENTRO (CHÃ DE DENTRO),CHÃ DE DENTRO,,
6905,6905,PATINHO,PATINHO,,
6905,6905,CABEÇA DE LOMBO,PATINHO,,
6905,6905,BOLA DO PATINHO (PATINHO),PATINHO,,
6906,6906,LAGARTO REDONDO,LAGARDO REDEONDO,,
6906,6906,LOMBO DOS MOÇOS (LAGARTO REDONDO),LAGARDO REDEONDO,,
6906,6906,PAULISTA REDONDO,LAGARDO REDEONDO,,
6906,6906,POSTA BRANCA,LAGARDO REDEONDO,,
6906,6906,LAGARTO PAULISTA (REDONDO),LAGARDO REDEONDO,,
6906,6906,TATU (LAGARTO REDONDO),LAGARDO REDEONDO,,
6906,6906,PAULISTA,LAGARDO REDEONDO,,
6906,6906,LOMBO PAULISTA,LAGARDO REDEONDO,,
6907,6907,LAGARTO COMUM,LAGARDO COMUM,,
6907,6907,POSTA VERMELHA,LAGARDO COMUM,,
6907,6907,LAGARTO PLANO,LAGARDO COMUM,,
6907,6907,PAULISTA PLANO,LAGARDO COMUM,,
6907,6907,COXÃO DE FORA (LAGARTO COMUM),LAGARDO COMUM,,
6907,6907,COXÃO DURO (LAGARTO COMUM),LAGARDO COMUM,,
6907,6907,CHÃ DE FORA,LAGARDO COMUM,,
6908,6908,ACEM,ACÉM,,
6908,6908,LOMBO DE BOI,ACÉM,,
6908,6908,AGULHA (ACEM),ACÉM,,
6909,6909,PA,PA,,
6909,6909,PONTA DA PA,PA,,
6909,6909,POSTA GORDA,PA,,
6909,6909,MIOLO DA PA,PA,,
6909,6909,PALETA,PA,,
6909,6909,CRUZ MACHADO,PA,,
6910,6910,MUSCULO,MÚSCULO DE BOI,,
6910,6910,MUSCULO DA PA,MÚSCULO DE BOI,,
6910,6910,MUSCULO DO TRASEIRO,MÚSCULO DE BOI,,
6910,6910,GARRÃO,MÚSCULO DE BOI,,
6910,6910,MUSCULO DO DIANTEIRO,MÚSCULO DE BOI,,
6910,6910,CHAMBARIL,MÚSCULO DE BOI,,
6910,6910,CARNE DE PESCOÇO,MÚSCULO DE BOI,,
6911,6911,PEITO,PEITO DE BOI,,
6912,6912,CAPA DE FILE,CAPA DE FILÉ,,
6912,6912,FRALDINHA (CAPA DE FILE),CAPA DE FILÉ,,
6912,6912,ABA DE FILE,CAPA DE FILÉ,,
6913,6913,COSTELA DE BOI,COSTELA DE BOI,,
6913,6913,CARNE CHUPA MOLHO,COSTELA DE BOI,,
6914,6914,CARNE MOIDA DE PRIMEIRA,CARNE MOÍDA DE PRIMEIRA,,
6914,6914,GUIZADO (CARNE MOIDA) DE PRIMEIRA,CARNE MOÍDA DE PRIMEIRA,,
6915,6915,CARNE MOIDA DE SEGUNDA,CARNE MOÍDA DE SEGUNDA,,
6915,6915,GUIZADO (CARNE MOIDA) DE SEGUNDA,CARNE MOÍDA DE SEGUNDA,,
6916,6916,CARNE DE BOI DE PRIMEIRA,CARNE DE BOI DE PRIMEIRA,,
6917,6917,CARNE DE BOI DE SEGUNDA,CARNE DE BOI DE SEGUNDA,,
6918,6918,VISCERAS DE BOI (NÃO ESPECIFICADAS),VÍCERAS DE BOI (NÃO ESPECIFICADAS),,
6918,6918,FRESSURA DE BOI (NÃO ESPECIFICADA),VÍCERAS DE BOI (NÃO ESPECIFICADAS),,
6918,6918,FRISSURA DE BOI (NÃO ESPECIFICADA),VÍCERAS DE BOI (NÃO ESPECIFICADAS),,
6918,6918,FISSURA DE BOI (NÃO ESPECIFICADA),VÍCERAS DE BOI (NÃO ESPECIFICADAS),,
6918,6918,MIUDOS DE BOI (NÃO ESPECIFICADOS),VÍCERAS DE BOI (NÃO ESPECIFICADAS),,
6918,6918,PANELADA (VISCERAS DE BOI NÃO ESPECIFICADAS),VÍCERAS DE BOI (NÃO ESPECIFICADAS),,
6919,6919,CORAÇÃO DE BOI,CORAÇÃO DE BOI,,
6920,6920,RIM DE BOI,RIM DE BOI,,
6921,6921,PULMÃO DE BOI,PULMÃO DE BOI,,
6921,6921,BOFE DE BOI,PULMÃO DE BOI,,
6921,6921,BOBO DE BOI,PULMÃO DE BOI,,
6922,6922,MIOLO DE BOI,MIOLO DE BOI,,
6923,6923,BUCHO DE BOI,BUCHO DE BOI,,
6923,6923,ESTOMAGO DE BOI,BUCHO DE BOI,,
6923,6923,CUALHEIRA DE BOI,BUCHO DE BOI,,
6924,6924,TRIPA DE BOI,TRIPA DE BOI,,
6924,6924,DOBRADINHA FRESCA,TRIPA DE BOI,,
6924,6924,FATO DE BOI,TRIPA DE BOI,,
6925,6925,FIGADO DE BOI,FÍGADO DE BOI,,
6926,6926,CUPIM,CUPIM,,
6926,6926,CUPIM DE BOI,CUPIM,,
6927,6927,LINGUA DE BOI,LÍNGUA DE BOI,,
6928,6928,RABADA DE BOI,RABADA DE BOI,,
6928,6928,RABO DE BOI,RABADA DE BOI,,
6929,6929,TESTICULO DE BOI,TESTÍCULO DE BOI,,
6930,6930,CABEÇA DE BOI,CABEÇA DE BOI,,
6931,6931,MOCOTO,MOCOTÓ DE BOI,,
6931,6931,PE DE BOI,MOCOTÓ DE BOI,,
6931,6931,CORREDOR DE BOI,MOCOTÓ DE BOI,,
6931,6931,BRAÇO DE BOI,MOCOTÓ DE BOI,,
6932,6932,OSSO DE BOI,OSSO DE BOI,,
6933,6933,CARRE DE PORCO,CARRÉ DE PORCO,,
6933,6933,CHULETA DE PORCO,CARRÉ DE PORCO,,
6933,6933,COSTELETA DE PORCO,CARRÉ DE PORCO,,
6933,6933,PALETA DE PORCO,CARRÉ DE PORCO,,
6933,6933,BISTECA DE PORCO,CARRÉ DE PORCO,,
6934,6934,PERNIL DE PORCO,PERNIL DE PORCO,,
6934,6934,COXÃO DE PORCO,PERNIL DE PORCO,,
6935,6935,COSTELA DE PORCO,COSTELA DE PORCO,,
6935,6935,COSTELINHA DE PORCO,COSTELA DE PORCO,,
6936,6936,CARNE DE PORCO COM OSSO (NÃO ESPECIFICADA),CARNE DE PORCO COM OSSO (NÃO ESPECIFICADA),,
6936,6936,"ARRASTO DE PORCO (VISCERAS, MIUDOS, FRISSURAS)",CARNE DE PORCO COM OSSO (NÃO ESPECIFICADA),,
6937,6937,LOMBO DE PORCO,LOMBO DE PORCO,,
6937,6937,LOMBINHO DE PORCO,LOMBO DE PORCO,,
6937,6937,CARNE DE PORCO SEM OSSO,LOMBO DE PORCO,,
6938,6938,TOUCINHO,TOUCINHO,,
6938,6938,TOUCINHO FRESCO,TOUCINHO,,
6938,6938,TOUCINHO PARA TORRESMO,TOUCINHO,,
6939,6939,VISCERAS DE PORCO (NÃO ESPECIFICADAS),VÍSCERAS DE PORCO (NÃO ESPECIFICADAS),,
6939,6939,FRESSURA DE PORCO (NÃO ESPECIFICADA),VÍSCERAS DE PORCO (NÃO ESPECIFICADAS),,
6939,6939,MIUDOS DE PORCO (NÃO ESPECIFICADOS),VÍSCERAS DE PORCO (NÃO ESPECIFICADAS),,
6939,6939,FRISSURA DE PORCO (NÃO ESPECIFICADA),VÍSCERAS DE PORCO (NÃO ESPECIFICADAS),,
6939,6939,FISSURA DE PORCO (NÃO ESPECIFICADA),VÍSCERAS DE PORCO (NÃO ESPECIFICADAS),,
6939,6939,ARRASTO DE PORCO (VICERAS DE PORCO NÃO ESPECIFICADAS),VÍSCERAS DE PORCO (NÃO ESPECIFICADAS),,
6939,6939,"SARAPATEL (VISCERAS, MIUDOS, FRISSURAS FRESCAS DE PORCO)",VÍSCERAS DE PORCO (NÃO ESPECIFICADAS),,
6940,6940,CORAÇÃO DE PORCO,CORAÇÃO DE PORCO,,
6941,6941,RIM DE PORCO,RIM DE PORCO,,
6942,6942,BOFE DE PORCO,BOFE DE PORCO,,
6942,6942,PULMÃO DE PORCO,BOFE DE PORCO,,
6943,6943,MIOLO DE PORCO,MIOLO DE PORCO,,
6944,6944,BUCHO DE PORCO,BUCHO DE PORCO,,
6944,6944,ESTOMAGO DE PORCO,BUCHO DE PORCO,,
6945,6945,TRIPA DE PORCO,TRIPA DE PORCO,,
6945,6945,FATO DE PORCO,TRIPA DE PORCO,,
6946,6946,FIGADO DE PORCO,FÍGADO DE PORCO,,
6947,6947,LINGUA DE PORCO,LINGUA DE PORCO,,
6948,6948,RABO DE PORCO,RABO DE PORCO,,
6948,6948,RABINHO DE PORCO,RABO DE PORCO,,
6949,6949,CABEÇA DE PORCO,CABEÇA DE PORCO,,
6950,6950,ORELHA DE PORCO FRESCA,ORELHA DE PORCO FRESCA,,
6951,6951,SANGUE DE PORCO,SANGUE DE PORCO,,
6951,6951,SANGUE COAGULADO DE PORCO,SANGUE DE PORCO,,
6951,6951,SARRABULHO,SANGUE DE PORCO,,
6952,6952,OSSO DE PORCO,OSSO DE PORCO,,
6953,6953,PORCO VIVO,PORCO VIVO,,
6954,6954,CARNE DE CABRITO,CARNE DE CABRITO,,
6954,6954,CARNE DE BODE,CARNE DE CABRITO,,
6955,6955,CABRITO VIVO,CABRITO VIVO,,
6955,6955,BODE VIVO,CABRITO VIVO,,
6956,6956,CARNE DE CARNEIRO,CARNE DE CARNEIRO,,
6956,6956,CARNE DE OVELHA,CARNE DE CARNEIRO,,
6957,6957,CARNEIRO VIVO,CARNEIRO VIVO,,
6957,6957,OVELHA VIVA,CARNEIRO VIVO,,
6958,6958,CARNE DE VEADO,,,
6959,6959,VEADO VIVO,,,
6960,6960,CARNE DE PACA,,,
6961,6961,PACA VIVA,,,
6962,6962,CARNE DE TATU,,,
6963,6963,TATU VIVO,,,
6964,6964,CARNE DE COELHO,,,
6964,6964,CARNE DE LEBRE,,,
6965,6965,COELHO VIVO,,,
6965,6965,LEBRE VIVA,,,
6966,6966,CARNE DE PREA,,,
6967,6967,PREA VIVA,OUTROS ANIMAIS VIVOS,,
6968,6968,MARICA DE BOI,,,
6968,6968,CARNE MARICA DE BOI,,,
6969,6969,PASSARINHA DE BOI,PASSARINHA DE BOI,,
6969,6969,BAÇO DE BOI,PASSARINHA DE BOI,,
6970,6970,PASSARINHA DE PORCO,PASSARINHA DE PORCO,,
6970,6970,BAÇO DE PORCO,PASSARINHA DE PORCO,,
6971,6971,BRAJOLA,BRAJOLA,,
6972,6972,BUCHO DE CARNEIRO,BUCHO DE CARNEIRO,,
6972,6972,BUCHADA DE CARNEIRO,BUCHO DE CARNEIRO,,
6972,6972,ESTOMAGO DE CARNEIRO,BUCHO DE CARNEIRO,,
6973,6973,LIMPEZA (CARNE DE BOI),LIMPEZA (CARNE DE BOI),,
6973,6973,APARA (CARNE DE BOI),LIMPEZA (CARNE DE BOI),,
6973,6973,MUXIBA,LIMPEZA (CARNE DE BOI),,
6973,6973,GORDURA DE BOI (MUXIBA),LIMPEZA (CARNE DE BOI),,
6974,6974,JOELHO DE PORCO,JOELHO DE PORCO,,
6975,6975,SUÃ DE PORCO,SUA DE PORCO,,
6975,6975,ASSUÃ DE PORCO,SUA DE PORCO,,
6976,6976,CARNE DE CAVALO,CARNE DE OUTROS ANIMAIS,,
6977,6977,ALCATRINHA COM OSSO (DIANTEIRO-SEGUNDA),,,
6978,6978,CASCO DE BOI (FRONTAL DA CABEÇA),,,
6978,6978,FRONTAL DA CABEÇA (CASCO DE BOI),,,
6979,6979,KIT DE CARNE PARA CHURRASCO,KIT DE CARNE DE CHURRASCO,,
6979,6979,CARNE PARA CHURRASCO (KIT),KIT DE CARNE DE CHURRASCO,,
6980,6980,CARNE DE VAZIO (BOVINA),,,
6980,6980,VAZIO (CARNE BOVINA),,,
6980,6980,CARNE BOVINA DO VAZIO,,,
6981,6981,VISCERAS DE CARNEIRO,VÍSCERAS DE CARNEIRO,,
6981,6981,FRESSURA DE CARNEIRO,VÍSCERAS DE CARNEIRO,,
6981,6981,MIUDOS DE CARNEIRO,VÍSCERAS DE CARNEIRO,,
6981,6981,FRISSURA DE CARNEIRO,VÍSCERAS DE CARNEIRO,,
6981,6981,FISSURA DE CARNEIRO,VÍSCERAS DE CARNEIRO,,
6982,6982,NARIZ DE PORCO,NARIZ DE PORCO,,
6983,6983,PE DE PORCO FRESCO,PÉ DE PORCO FRESCO,,
6984,6984,PORCO OU LEITÃO MORTO (EVISCERADO),PORCO OU LEITÃO MORTO (EVISCERADO),,
6984,6984,LEITÃO MORTO (EVISCERADO),PORCO OU LEITÃO MORTO (EVISCERADO),,
6985,6985,APARA (CARNE DE PORCO),APARA (CARNE DE PORCO),,
6985,6985,LIMPEZA (CARNE DE PORCO),APARA (CARNE DE PORCO),,
7000,7000,PESCADOS MARINHOS FRESCOS E INDUSTRIALIZADOS,,,
7001,7001,PEIXE INTEIRO DE MAR (NÃO ESPECIFICADO),PEIXE INTEIRO DE MAR (NÃO ESPECIFICADO),,
7002,7002,PEIXE EM POSTAS DE MAR (NÃO ESPECIFICADO),PEIXE EM POSTAS DE MAR (NÃO ESPECIFICADO),,
7003,7003,PEIXE EM FILE FRESCO DE MAR (NÃO ESPECIFICADO),PEIXE EM FILÉ FRESCO DE MAR (NÃO ESPECIFICADO),,
7004,7004,PEIXE SALGADO DE MAR (NÃO ESPECIFICADO),PEIXE SALGADO DE MAR (NÃO ESPECIFICADO),,
7005,7005,PEIXE EM FILE CONGELADO DE MAR (NÃO ESPECIFICADO),PEIXE EM FILÉ CONGELADO DE MAR (NÃO ESPECICADO),,
7011,7011,PEIXE INTEIRO ANCHOVA,PEIXE INTEIRO ANCHOVA,,
7011,7011,PEIXE INTEIRO ENCHOVA,PEIXE INTEIRO ANCHOVA,,
7011,7011,PEIXE INTEIRO ANCHOVETA,PEIXE INTEIRO ANCHOVA,,
7011,7011,PEIXE INTEIRO ENCHOVINHA,PEIXE INTEIRO ANCHOVA,,
7011,7011,PEIXE INTEIRO ANCHOVA BAETA,PEIXE INTEIRO ANCHOVA,,
7011,7011,PEIXE INTEIRO ENCHOVA BAETA,PEIXE INTEIRO ANCHOVA,,
7011,7011,PEIXE INTEIRO ENCHOVETA,PEIXE INTEIRO ANCHOVA,,
7011,7011,PEIXE INTEIRO ANCHOVINHA,PEIXE INTEIRO ANCHOVA,,
7011,7011,PEIXE INTEIRO CHAMA CHUVA,PEIXE INTEIRO ANCHOVA,,
7012,7012,PEIXE EM POSTAS ANCHOVA,PEIXE EM POSTAS ANCHOVA,,
7013,7013,PEIXE EM FILE FRESCO ANCHOVA,PEIXE EM FILÉ FRESCO ANCHOVA,,
7014,7014,PEIXE SALGADO ANCHOVA,PEIXE SALGADO ANCHOVA,,
7015,7015,PEIXE EM FILE CONGELADO ANCHOVA,PEIXE EM FILÉ CONGELADO ANCHOVA,,
7021,7021,PEIXE INTEIRO BADEJO,PEIXE INTEIRO BADEJO,,
7021,7021,PEIXE INTEIRO BADEJO BRANCO,PEIXE INTEIRO BADEJO,,
7021,7021,PEIXE INTEIRO BADEJO FERRO,PEIXE INTEIRO BADEJO,,
7021,7021,PEIXE INTEIRO BADEJO PRETO,PEIXE INTEIRO BADEJO,,
7021,7021,PEIXE INTEIRO BADEJO MIRA,PEIXE INTEIRO BADEJO,,
7021,7021,PEIXE INTEIRO BADEJO SALTÃO,PEIXE INTEIRO BADEJO,,
7021,7021,PEIXE INTEIRO BADEJO BICUDO,PEIXE INTEIRO BADEJO,,
7021,7021,PEIXE INTEIRO BADEJO SABÃO,PEIXE INTEIRO BADEJO,,
7021,7021,PEIXE INTEIRO MIRA,PEIXE INTEIRO BADEJO,,
7021,7021,PEIXE INTEIRO BADEJETE,PEIXE INTEIRO BADEJO,,
7022,7022,PEIXE EM POSTAS BADEJO,PEIXE EM POSTAS BADEJO,,
7023,7023,PEIXE EM FILE FRESCO BADEJO,PEIXE EM FILÉ FRESCO BADEJO,,
7024,7024,PEIXE SALGADO BADEJO,PEIXE SALGADO BADEJO,,
7025,7025,PEIXE EM FILE CONGELADO BADEJO,PEIXE EM FILÉ CONGELADO BADEJO,,
7031,7031,PEIXE INTEIRO CORVINA,PEIXE INTEIRO CORVINA,,
7031,7031,PEIXE INTEIRO CORVINA RISCADA,PEIXE INTEIRO CORVINA,,
7031,7031,PEIXE INTEIRO CORVINA DE LISTA,PEIXE INTEIRO CORVINA,,
7031,7031,PEIXE INTEIRO CORVINA BRASILEIRA,PEIXE INTEIRO CORVINA,,
7031,7031,PEIXE INTEIRO CORVINA BACALHAU,PEIXE INTEIRO CORVINA,,
7031,7031,PEIXE INTEIRO CORVINA DE LINHA,PEIXE INTEIRO CORVINA,,
7031,7031,PEIXE INTEIRO CUCURUCA,PEIXE INTEIRO CORVINA,,
7031,7031,PEIXE INTEIRO CURUCA,PEIXE INTEIRO CORVINA,,
7031,7031,PEIXE INTEIRO CURURUCA,PEIXE INTEIRO CORVINA,,
7031,7031,PEIXE INTEIRO CHORA CHORA,PEIXE INTEIRO CORVINA,,
7031,7031,PEIXE INTEIRO CURURUQUIRA,PEIXE INTEIRO CORVINA,,
7031,7031,PEIXE INTEIRO CORVINOTA,PEIXE INTEIRO CORVINA,,
7031,7031,PEIXE INTEIRO DENTUDA,PEIXE INTEIRO CORVINA,,
7032,7032,PEIXE EM POSTAS CORVINA,PEIXE EM POSTAS CORVINA,,
7033,7033,PEIXE EM FILE FRESCO CORVINA,PEIXE EM FILÉ FRESCO CORVINA,,
7034,7034,PEIXE SALGADO CORVINA,PEIXE SALGADO CORVINA,,
7035,7035,PEIXE EM FILE CONGELADO CORVINA,PEIXE EM FILÉ CONGELADO CORVINA,,
7041,7041,PEIXE INTEIRO CASTANHA,PEIXE INTEIRO CASTANHA,,
7042,7042,PEIXE EM POSTAS CASTANHA,PEIXE EM POSTAS CASTANHA,,
7043,7043,PEIXE EM FILE FRESCO CASTANHA,PEIXE EM FILÉ FRESCO CASTANHA,,
7044,7044,PEIXE SALGADO CASTANHA,PEIXE SALGADO CASTANHA,,
7045,7045,PEIXE EM FILE CONGELADO CASTANHA,PEIXE EM FILÉ CONGELADO CASTANHA,,
7051,7051,PEIXE INTEIRO CAVALINHA,PEIXE INTEIRO CAVALINHA,,
7051,7051,PEIXE INTEIRO CAVALINHA DO NORTE,PEIXE INTEIRO CAVALINHA,,
7051,7051,PEIXE INTEIRO CARAPAU,PEIXE INTEIRO CAVALINHA,,
7051,7051,PEIXE INTEIRO LANCETA,PEIXE INTEIRO CAVALINHA,,
7052,7052,PEIXE EM POSTAS CAVALINHA,PEIXE EM POSTAS CAVALINHA,,
7053,7053,PEIXE EM FILE FRESCO CAVALINHA,PEIXE EM FILÉ FRESCO CAVALINHA,,
7054,7054,PEIXE SALGADO CAVALINHA,PEIXE SALGADO CAVALINHA,,
7055,7055,PEIXE EM FILE CONGELADO CAVALINHA,PEIXE EM FILÉ CONGELADO CAVALINHA,,
7061,7061,PEIXE INTEIRO CHICHARRO,PEIXE INTEIRO CHICHARRO,,
7061,7061,PEIXE INTEIRO CHICHARRO PINTADO,PEIXE INTEIRO CHICHARRO,,
7061,7061,PEIXE INTEIRO CHICHARRO BRANCO,PEIXE INTEIRO CHICHARRO,,
7061,7061,PEIXE INTEIRO CHICHARRO CARAPAU,PEIXE INTEIRO CHICHARRO,,
7061,7061,PEIXE INTEIRO CHICHARRO ALAMARIM,PEIXE INTEIRO CHICHARRO,,
7061,7061,PEIXE INTEIRO CHICHARRO OLHO GRANDE,PEIXE INTEIRO CHICHARRO,,
7061,7061,PEIXE INTEIRO CHICHARRO CALABAR,PEIXE INTEIRO CHICHARRO,,
7061,7061,PEIXE INTEIRO CHICHARRO CAVALA,PEIXE INTEIRO CHICHARRO,,
7061,7061,PEIXE INTEIRO SUREL,PEIXE INTEIRO CHICHARRO,,
7061,7061,PEIXE INTEIRO CAVALINHA DE REIS (CHICHARRO),PEIXE INTEIRO CHICHARRO,,
7062,7062,PEIXE EM POSTAS CHICHARRO,PEIXE EM POSTAS CHICHARRO,,
7063,7063,PEIXE EM FILE FRESCO CHICHARRO,PEIXE EM FILÉ FRESCO CHICHARRO,,
7064,7064,PEIXE SALGADO CHICHARRO,PEIXE SALGADO CHICHARRO,,
7065,7065,PEIXE EM FILE CONGELADO CHICHARRO,PEIXE EM FILÉ CONGELADO CHICHARRO,,
7071,7071,PEIXE INTEIRO RAIA,PEIXE INTEIRO RAIA,,
7071,7071,PEIXE INTEIRO ARRAIA,PEIXE INTEIRO RAIA,,
7071,7071,PEIXE INTEIRO GUITARRA,PEIXE INTEIRO RAIA,,
7071,7071,PEIXE INTEIRO RAIA CARIMBADA,PEIXE INTEIRO RAIA,,
7071,7071,PEIXE INTEIRO RAIA VIOLA,PEIXE INTEIRO RAIA,,
7071,7071,PEIXE INTEIRO ARRAIA CHITA,PEIXE INTEIRO RAIA,,
7071,7071,PEIXE INTEIRO RAIA LIXA,PEIXE INTEIRO RAIA,,
7071,7071,PEIXE INTEIRO VIOLA,PEIXE INTEIRO RAIA,,
7071,7071,PEIXE INTEIRO ARRAIA PREGO,PEIXE INTEIRO RAIA,,
7071,7071,PEIXE INTEIRO ARRAIA VIOLA,PEIXE INTEIRO RAIA,,
7071,7071,PEIXE INTEIRO RAIA PREGO,PEIXE INTEIRO RAIA,,
7071,7071,PEIXE INTEIRO CAÇÃO VIOLA,PEIXE INTEIRO RAIA,,
7071,7071,PEIXE INTEIRO ARRAIA AMARELA,PEIXE INTEIRO RAIA,,
7071,7071,PEIXE INTEIRO RAIA CHITA,PEIXE INTEIRO RAIA,,
7071,7071,PEIXE INTEIRO RAIA AMARELA,PEIXE INTEIRO RAIA,,
7071,7071,PEIXE INTEIRO ARRAIA LIXA,PEIXE INTEIRO RAIA,,
7071,7071,PEIXE INTEIRO ARRAIA BORBOLETA,PEIXE INTEIRO RAIA,,
7071,7071,PEIXE INTEIRO RAIA MANTEIGA,PEIXE INTEIRO RAIA,,
7071,7071,PEIXE INTEIRO RAIA BORBOLETA,PEIXE INTEIRO RAIA,,
7071,7071,PEIXE INTEIRO ARRAIA MANTEIGA,PEIXE INTEIRO RAIA,,
7071,7071,PEIXE INTEIRO ARRAIA CARIMBADA,PEIXE INTEIRO RAIA,,
7071,7071,PEIXE INTEIRO TICONHA,PEIXE INTEIRO RAIA,,
7071,7071,PEIXE INTEIRO ARRAIA ARARA,PEIXE INTEIRO RAIA,,
7071,7071,PEIXE INTEIRO RAIA PINTADA,PEIXE INTEIRO RAIA,,
7071,7071,PEIXE INTEIRO RAIA ARARA,PEIXE INTEIRO RAIA,,
7071,7071,PEIXE INTEIRO ARRAIA PINTADA,PEIXE INTEIRO RAIA,,
7071,7071,PEIXE INTEIRO JABIRETE,PEIXE INTEIRO RAIA,,
7071,7071,PEIXE INTEIRO BORBOLETA,PEIXE INTEIRO RAIA,,
7071,7071,PEIXE INTEIRO NARINARI,PEIXE INTEIRO RAIA,,
7071,7071,PEIXE INTEIRO JABIBIRETE,PEIXE INTEIRO RAIA,,
7072,7072,PEIXE EM POSTAS RAIA,PEIXE EM POSTAS RAIA,,
7073,7073,PEIXE EM FILE FRESCO RAIA,PEIXE EM FILÉ FRESCO RAIA,,
7074,7074,PEIXE SALGADO RAIA,PEIXE SALGADO RAIA,,
7075,7075,PEIXE EM FILE CONGELADO RAIA,PEIXE EM FILÉ CONGELADO RAIA,,
7081,7081,PEIXE INTEIRO NAMORADO,PEIXE INTEIRO NAMORADO,,
7081,7081,PEIXE INTEIRO QUATI,PEIXE INTEIRO NAMORADO,,
7081,7081,PEIXE INTEIRO BATATA,PEIXE INTEIRO NAMORADO,,
7082,7082,PEIXE EM POSTAS NAMORADO,PEIXE EM POSTAS NAMORADO,,
7083,7083,PEIXE EM FILE FRESCO NAMORADO,PEIXE EM FILÉ FRESCO NAMORADO,,
7084,7084,PEIXE SALGADO NAMORADO,,,
7085,7085,PEIXE EM FILE CONGELADO NAMORADO,PEIXE EM FILÉ CONGELADO NAMORADO,,
7091,7091,PEIXE INTEIRO PESCADINHA,PEIXE INTEIRO PESCADINHA,,
7091,7091,PEIXE INTEIRO PESCADINHA TORTINHA,PEIXE INTEIRO PESCADINHA,,
7091,7091,PEIXE INTEIRO PESCADINHA MALHEIRA,PEIXE INTEIRO PESCADINHA,,
7091,7091,PEIXE INTEIRO PESCADINHA DO ALTO,PEIXE INTEIRO PESCADINHA,,
7091,7091,PEIXE INTEIRO PESCADINHA MANTEIGA,PEIXE INTEIRO PESCADINHA,,
7091,7091,PEIXE INTEIRO PESCADINHA DO ALTO MAR,PEIXE INTEIRO PESCADINHA,,
7092,7092,PEIXE EM POSTAS PESCADINHA,PEIXE EM POSTAS PESCADINHA,,
7093,7093,PEIXE EM FILE FRESCO PESCADINHA,PEIXE EM FILÉ FRESCO PESCADINHA,,
7094,7094,PEIXE SALGADO PESCADINHA,PEIXE SALGADO PESCADINHA,,
7095,7095,PEIXE EM FILE CONGELADO PESCADINHA,PEIXE EM FILÉ CONGELADO PESCADINHA,,
7101,7101,PEIXE INTEIRO TAINHA,PEIXE INTEIRO TAINHA,,
7101,7101,PEIXE INTEIRO TAINHA VERDADEIRA,PEIXE INTEIRO TAINHA,,
7101,7101,PEIXE INTEIRO TAINHA DE CORSO,PEIXE INTEIRO TAINHA,,
7101,7101,PEIXE INTEIRO TAINHA CURIMÃ,PEIXE INTEIRO TAINHA,,
7101,7101,PEIXE INTEIRO TAINHA DE ENTRADA,PEIXE INTEIRO TAINHA,,
7101,7101,PEIXE INTEIRO TAINHA DE CORRIDA,PEIXE INTEIRO TAINHA,,
7101,7101,PEIXE INTEIRO TAINHA SECA,PEIXE INTEIRO TAINHA,,
7101,7101,PEIXE INTEIRO CAMBÃO,PEIXE INTEIRO TAINHA,,
7101,7101,PEIXE INTEIRO TAINHA OLHO PRETO,PEIXE INTEIRO TAINHA,,
7101,7101,PEIXE INTEIRO CACETÃO,PEIXE INTEIRO TAINHA,,
7101,7101,PEIXE INTEIRO TAINHA URICHOCA,PEIXE INTEIRO TAINHA,,
7101,7101,PEIXE INTEIRO TAINHA PAU,PEIXE INTEIRO TAINHA,,
7101,7101,PEIXE INTEIRO TAINHA PITIUBA,PEIXE INTEIRO TAINHA,,
7101,7101,PEIXE INTEIRO QUIRA,PEIXE INTEIRO TAINHA,,
7101,7101,PEIXE INTEIRO CAMBIRA,PEIXE INTEIRO TAINHA,,
7101,7101,PEIXE INTEIRO TAINHA PITIUA,PEIXE INTEIRO TAINHA,,
7101,7101,PEIXE INTEIRO TACUJI,PEIXE INTEIRO TAINHA,,
7101,7101,PEIXE INTEIRO CURIMÃ,PEIXE INTEIRO TAINHA,,
7101,7101,PEIXE INTEIRO SAJUBA,PEIXE INTEIRO TAINHA,,
7101,7101,PEIXE INTEIRO TAMARATANA,PEIXE INTEIRO TAINHA,,
7101,7101,PEIXE INTEIRO CURUMÃ,PEIXE INTEIRO TAINHA,,
7101,7101,PEIXE INTEIRO URICHOCA,PEIXE INTEIRO TAINHA,,
7101,7101,PEIXE INTEIRO TAPIARA,PEIXE INTEIRO TAINHA,,
7101,7101,PEIXE INTEIRO VIROTE,PEIXE INTEIRO TAINHA,,
7101,7101,PEIXE INTEIRO SAJUNA,PEIXE INTEIRO TAINHA,,
7101,7101,PEIXE INTEIRO SAUNA,PEIXE INTEIRO TAINHA,,
7101,7101,PEIXE INTEIRO AZEITEIRA,PEIXE INTEIRO TAINHA,,
7101,7101,PEIXE INTEIRO AZEITONA,PEIXE INTEIRO TAINHA,,
7101,7101,PEIXE INTEIRO NEGRÃO,PEIXE INTEIRO TAINHA,,
7101,7101,PEIXE INTEIRO TAINHOTA,PEIXE INTEIRO TAINHA,,
7101,7101,PEIXE INTEIRO TANHOTA,PEIXE INTEIRO TAINHA,,
7101,7101,PEIXE INTEIRO URIACICA,PEIXE INTEIRO TAINHA,,
7101,7101,PEIXE INTEIRO TAMATARANA,PEIXE INTEIRO TAINHA,,
7102,7102,PEIXE EM POSTAS TAINHA,PEIXE EM POSTAS TAINHA,,
7103,7103,PEIXE EM FILE FRESCO TAINHA,PEIXE EM FILÉ FRESCO TAINHA,,
7104,7104,PEIXE SALGADO TAINHA,PEIXE SALGADO TAINHA,,
7105,7105,PEIXE EM FILE CONGELADO TAINHA,PEIXE EM FILÉ CONGELADO TAINHA,,
7111,7111,PEIXE INTEIRO SARDINHA,PEIXE INTEIRO SARDINHA,,
7111,7111,PEIXE INTEIRO SARDINHA LAGE,PEIXE INTEIRO SARDINHA,,
7111,7111,PEIXE INTEIRO SARDINHA CASCUDA,PEIXE INTEIRO SARDINHA,,
7111,7111,PEIXE INTEIRO SARDINHA NAVALHA,PEIXE INTEIRO SARDINHA,,
7111,7111,PEIXE INTEIRO SARDINHA BRANCA,PEIXE INTEIRO SARDINHA,,
7111,7111,PEIXE INTEIRO SARDINHA DOURADA,PEIXE INTEIRO SARDINHA,,
7111,7111,PEIXE INTEIRO SARDINHA PRATA,PEIXE INTEIRO SARDINHA,,
7111,7111,PEIXE INTEIRO MACAÇO,PEIXE INTEIRO SARDINHA,,
7111,7111,PEIXE INTEIRO SARDINHA MAROMBA,PEIXE INTEIRO SARDINHA,,
7111,7111,PEIXE INTEIRO SARDINHA VERDADEIRA,PEIXE INTEIRO SARDINHA,,
7111,7111,PEIXE INTEIRO SARDINHA IMPERIAL,PEIXE INTEIRO SARDINHA,,
7111,7111,PEIXE INTEIRO CHARUTO,PEIXE INTEIRO SARDINHA,,
7111,7111,PEIXE INTEIRO MACAÇA,PEIXE INTEIRO SARDINHA,,
7111,7111,PEIXE INTEIRO CARDOSA,PEIXE INTEIRO SARDINHA,,
7111,7111,PEIXE INTEIRO MAROMBA,PEIXE INTEIRO SARDINHA,,
7111,7111,PEIXE INTEIRO MANE,PEIXE INTEIRO SARDINHA,,
7111,7111,PEIXE INTEIRO CAIÇARA,PEIXE INTEIRO SARDINHA,,
7111,7111,PEIXE INTEIRO MIRIM,PEIXE INTEIRO SARDINHA,,
7111,7111,PEIXE INTEIRO MUSSOLINA,PEIXE INTEIRO SARDINHA,,
7111,7111,PEIXE INTEIRO ARENGA BRANCA,PEIXE INTEIRO SARDINHA,,
7111,7111,PEIXE INTEIRO MACAMBE,PEIXE INTEIRO SARDINHA,,
7111,7111,PEIXE INTEIRO MASSAMBE,PEIXE INTEIRO SARDINHA,,
7112,7112,PEIXE EM POSTAS SARDINHA,PEIXE EM POSTAS SARDINHA,,
7113,7113,PEIXE EM FILE FRESCO SARDINHA,PEIXE EM FILÉ FRESCO SARDINHA,,
7114,7114,PEIXE SALGADO SARDINHA,PEIXE SALGADO SARDINHA,,
7115,7115,PEIXE EM FILE CONGELADO SARDINHA,PEIXE EM FILÉ CONGELADO SARDINHA,,
7116,7116,PEIXE DEFUMADO SARDINHA,PEIXE DEFUMADO SARDINHA,,
7121,7121,PEIXE INTEIRO VERMELHO,PEIXE INTEIRO VERMELHO,,
7121,7121,PEIXE INTEIRO ARIACO,PEIXE INTEIRO VERMELHO,,
7121,7121,PEIXE INTEIRO ARIOCO,PEIXE INTEIRO VERMELHO,,
7121,7121,PEIXE INTEIRO BOCA PRETA,PEIXE INTEIRO VERMELHO,,
7121,7121,PEIXE INTEIRO ARICO,PEIXE INTEIRO VERMELHO,,
7121,7121,PEIXE INTEIRO VERMELHO DO FUNDO,PEIXE INTEIRO VERMELHO,,
7121,7121,PEIXE INTEIRO VERMELHO VERDADEIRO,PEIXE INTEIRO VERMELHO,,
7121,7121,PEIXE INTEIRO VERMELHO HENRIQUE,PEIXE INTEIRO VERMELHO,,
7121,7121,PEIXE INTEIRO VERMELHO BOCA NEGRA,PEIXE INTEIRO VERMELHO,,
7121,7121,PEIXE INTEIRO ARIECO,PEIXE INTEIRO VERMELHO,,
7122,7122,PEIXE EM POSTAS VERMELHO,PEIXE EM POSTAS VERMELHO,,
7123,7123,PEIXE EM FILE FRESCO VERMELHO,PEIXE EM FILÉ FRESCO VERMELHO,,
7124,7124,PEIXE SALGADO VERMELHO,PEIXE SALGADO VERMELHO,,
7125,7125,PEIXE EM FILE CONGELADO VERMELHO,PEIXE EM FILÉ CONGELADO VERMELHO,,
7131,7131,PEIXE INTEIRO CIOBA,PEIXE INTEIRO CIOBA,,
7131,7131,PEIXE INTEIRO CHIOVA,PEIXE INTEIRO CIOBA,,
7131,7131,PEIXE INTEIRO SAUBA,PEIXE INTEIRO CIOBA,,
7131,7131,PEIXE INTEIRO GUAIUBA,PEIXE INTEIRO CIOBA,,
7131,7131,PEIXE INTEIRO CHIOBA,PEIXE INTEIRO CIOBA,,
7131,7131,PEIXE INTEIRO GUAJUBA,PEIXE INTEIRO CIOBA,,
7131,7131,PEIXE INTEIRO GUATUBA,PEIXE INTEIRO CIOBA,,
7132,7132,PEIXE EM POSTAS CIOBA,PEIXE EM POSTAS CIOBA,,
7133,7133,PEIXE EM FILE FRESCO CIOBA,PEIXE EM FILÉ FRESCO CIOBA,,
7134,7134,PEIXE SALGADO CIOBA,PEIXE SALGADO CIOBA,,
7135,7135,PEIXE EM FILE CONGELADO CIOBA,PEIXE EM FILÉ CONGELADO CIOBA,,
7141,7141,PEIXE INTEIRO BAGRE DE MAR,PEIXE INTEIRO BAGRE DE MAR,,
7141,7141,PEIXE INTEIRO BAGRE CANGUITO,PEIXE INTEIRO BAGRE DE MAR,,
7141,7141,PEIXE INTEIRO IRIDECA,PEIXE INTEIRO BAGRE DE MAR,,
7141,7141,PEIXE INTEIRO BAGRE AMARELO,PEIXE INTEIRO BAGRE DE MAR,,
7141,7141,PEIXE INTEIRO GUARAJUBA,PEIXE INTEIRO BAGRE DE MAR,,
7141,7141,PEIXE INTEIRO BAGRE BANDEIRA,PEIXE INTEIRO BAGRE DE MAR,,
7141,7141,PEIXE INTEIRO BAGRE URUTU,PEIXE INTEIRO BAGRE DE MAR,,
7141,7141,PEIXE INTEIRO BAGRE ARIAÇU,PEIXE INTEIRO BAGRE DE MAR,,
7141,7141,PEIXE INTEIRO BAGRE MANDIM DE MAR,PEIXE INTEIRO BAGRE DE MAR,,
7141,7141,PEIXE INTEIRO PELADO,PEIXE INTEIRO BAGRE DE MAR,,
7141,7141,PEIXE INTEIRO IRITINGA,PEIXE INTEIRO BAGRE DE MAR,,
7141,7141,PEIXE INTEIRO BANDEIRADA,PEIXE INTEIRO BAGRE DE MAR,,
7141,7141,PEIXE INTEIRO SARGENTO,PEIXE INTEIRO BAGRE DE MAR,,
7141,7141,PEIXE INTEIRO BANDIM,PEIXE INTEIRO BAGRE DE MAR,,
7141,7141,PEIXE INTEIRO URITINGA,PEIXE INTEIRO BAGRE DE MAR,,
7141,7141,PEIXE INTEIRO BRAGALHÃO,PEIXE INTEIRO BAGRE DE MAR,,
7141,7141,PEIXE INTEIRO CALAFATE,PEIXE INTEIRO BAGRE DE MAR,,
7141,7141,PEIXE INTEIRO IRICECA,PEIXE INTEIRO BAGRE DE MAR,,
7141,7141,PEIXE INTEIRO CUBANGO,PEIXE INTEIRO BAGRE DE MAR,,
7141,7141,PEIXE INTEIRO IREDECA,PEIXE INTEIRO BAGRE DE MAR,,
7141,7141,PEIXE INTEIRO BOCA ABERTA,PEIXE INTEIRO BAGRE DE MAR,,
7141,7141,PEIXE INTEIRO JAGUAR,PEIXE INTEIRO BAGRE DE MAR,,
7141,7141,PEIXE INTEIRO IRIDECA,PEIXE INTEIRO BAGRE DE MAR,,
7141,7141,PEIXE INTEIRO JURUPIRANGA,PEIXE INTEIRO BAGRE DE MAR,,
7141,7141,PEIXE INTEIRO JUJUBA,PEIXE INTEIRO BAGRE DE MAR,,
7141,7141,PEIXE INTEIRO CANGATA,PEIXE INTEIRO BAGRE DE MAR,,
7141,7141,PEIXE INTEIRO CATINGUEIRA,PEIXE INTEIRO BAGRE DE MAR,,
7141,7141,PEIXE INTEIRO CANGATI,PEIXE INTEIRO BAGRE DE MAR,,
7142,7142,PEIXE EM POSTAS BAGRE DE MAR,PEIXE EM POSTAS BAGRE DE MAR,,
7143,7143,PEIXE EM FILE FRESCO BAGRE DE MAR,PEIXE EM FILÉ FRESCO BAGRE DE MAR,,
7144,7144,PEIXE SALGADO BAGRE DE MAR,PEIXE SALGADO BAGRE DE MAR,,
7145,7145,PEIXE EM FILE CONGELADO BAGRE DE MAR,PEIXE EM FILÉ CONGELADO BAGRE DE MAR,,
7151,7151,PEIXE INTEIRO CARAPEBA,PEIXE INTEIRO CARAPEBA,,
7151,7151,PEIXE INTEIRO CARAPEBA LISTRADA,PEIXE INTEIRO CARAPEBA,,
7151,7151,PEIXE INTEIRO CARAPEBA BRANCA,PEIXE INTEIRO CARAPEBA,,
7151,7151,PEIXE INTEIRO CARAPEBA RAJADA,PEIXE INTEIRO CARAPEBA,,
7151,7151,PEIXE INTEIRO CARATINGA,PEIXE INTEIRO CARAPEBA,,
7151,7151,PEIXE INTEIRO ACARAPEBA,PEIXE INTEIRO CARAPEBA,,
7151,7151,PEIXE INTEIRO CARAPEVA,PEIXE INTEIRO CARAPEBA,,
7151,7151,PEIXE INTEIRO ACARAPEVA,PEIXE INTEIRO CARAPEBA,,
7151,7151,PEIXE INTEIRO MULATINHO,PEIXE INTEIRO CARAPEBA,,
7151,7151,PEIXE INTEIRO CARA SUJA,PEIXE INTEIRO CARAPEBA,,
7151,7151,PEIXE INTEIRO MULATINHA,PEIXE INTEIRO CARAPEBA,,
7152,7152,PEIXE EM POSTAS CARAPEBA,PEIXE EM POSTAS CARAPEBA,,
7153,7153,PEIXE EM FILE FRESCO CARAPEBA,PEIXE EM FILÉ FRESCO CARAPEBA,,
7154,7154,PEIXE SALGADO CARAPEBA,PEIXE SALGADO CARAPEBA,,
7155,7155,PEIXE EM FILE CONGELADO CARAPEBA,PEIXE EM FILÉ CONGELADO CARAPEBA,,
7161,7161,PEIXE INTEIRO CAVALA,PEIXE INTEIRO CAVALA,,
7161,7161,PEIXE INTEIRO CAVALA PINTADA,PEIXE INTEIRO CAVALA,,
7161,7161,PEIXE INTEIRO CAVALA BRANCA,PEIXE INTEIRO CAVALA,,
7161,7161,PEIXE INTEIRO CAVALA PERNA DE MOÇA,PEIXE INTEIRO CAVALA,,
7161,7161,PEIXE INTEIRO CAVALA SARDINHEIRA,PEIXE INTEIRO CAVALA,,
7161,7161,PEIXE INTEIRO CAVALA PRETA,PEIXE INTEIRO CAVALA,,
7161,7161,PEIXE INTEIRO CAVALA VERDADEIRA,PEIXE INTEIRO CAVALA,,
7161,7161,PEIXE INTEIRO CAVALA DO REINO,PEIXE INTEIRO CAVALA,,
7161,7161,PEIXE INTEIRO SERRA PIMA,PEIXE INTEIRO CAVALA,,
7161,7161,PEIXE INTEIRO SOROROCA,PEIXE INTEIRO CAVALA,,
7162,7162,PEIXE EM POSTAS CAVALA,PEIXE EM POSTAS CAVALA,,
7163,7163,PEIXE EM FILE FRESCO CAVALA,PEIXE EM FILÉ FRESCO CAVALA,,
7164,7164,PEIXE SALGADO CAVALA,PEIXE SALGADO CAVALA,,
7165,7165,PEIXE EM FILE CONGELADO CAVALA,PEIXE EM FILÉ CONGELADO CAVALA,,
7171,7171,PEIXE INTEIRO CARAPICU,PEIXE INTEIRO CARAPICU,,
7171,7171,PEIXE INTEIRO ESCRIVÃO,PEIXE INTEIRO CARAPICU,,
7171,7171,PEIXE INTEIRO PRIMITUMA,PEIXE INTEIRO CARAPICU,,
7171,7171,PEIXE INTEIRO CARAPICU BRANCO,PEIXE INTEIRO CARAPICU,,
7171,7171,PEIXE INTEIRO ACARAPICU,PEIXE INTEIRO CARAPICU,,
7171,7171,PEIXE INTEIRO CARAPICUAÇU,PEIXE INTEIRO CARAPICU,,
7171,7171,PEIXE INTEIRO CARAPICUPEBA,PEIXE INTEIRO CARAPICU,,
7171,7171,PEIXE INTEIRO RISCADOR,PEIXE INTEIRO CARAPICU,,
7172,7172,PEIXE EM POSTAS CARAPICU,PEIXE EM POSTAS CARAPICU,,
7173,7173,PEIXE EM FILE FRESCO CARAPICU,PEIXE EM FILÉ FFRESCO CARAPICU,,
7174,7174,PEIXE SALGADO CARAPICU,PEIXE SALGADO CARAPICU,,
7175,7175,PEIXE EM FILE CONGELADO CARAPICU,PEIXE EM FILÉ CONGELADO CARAPICU,,
7181,7181,PEIXE INTEIRO GALO,PEIXE INTEIRO GALO,,
7181,7181,PEIXE INTEIRO GALO BANDEIRA,PEIXE INTEIRO GALO,,
7181,7181,PEIXE INTEIRO DOUTOR,PEIXE INTEIRO GALO,,
7181,7181,PEIXE INTEIRO GALINHO,PEIXE INTEIRO GALO,,
7181,7181,PEIXE INTEIRO GALO BRANCO,PEIXE INTEIRO GALO,,
7181,7181,PEIXE INTEIRO ARACORANA,PEIXE INTEIRO GALO,,
7181,7181,PEIXE INTEIRO GALO PENA,PEIXE INTEIRO GALO,,
7181,7181,PEIXE INTEIRO GALO DE PENACHO,PEIXE INTEIRO GALO,,
7181,7181,PEIXE INTEIRO FAQUECO,PEIXE INTEIRO GALO,,
7181,7181,PEIXE INTEIRO TESTUDO,PEIXE INTEIRO GALO,,
7181,7181,PEIXE INTEIRO CAPÃO,PEIXE INTEIRO GALO,,
7181,7181,PEIXE INTEIRO ALFAQUIM,PEIXE INTEIRO GALO,,
7181,7181,PEIXE INTEIRO ZABUCAI,PEIXE INTEIRO GALO,,
7182,7182,PEIXE EM POSTAS GALO,PEIXE EM POSTAS GALO,,
7183,7183,PEIXE EM FILE FRESCO GALO,PEIXE EM FILÉ FRESCO GALO,,
7184,7184,PEIXE SALGADO GALO,PEIXE SALGADO GALO,,
7185,7185,PEIXE EM FILE CONGELADO GALO,PEIXE EM FILÉ CONGELADO GALO,,
7191,7191,PEIXE INTEIRO CORCOROCA,PEIXE INTEIRO CORCOROCA,,
7191,7191,PEIXE INTEIRO COCOROCA,PEIXE INTEIRO CORCOROCA,,
7191,7191,PEIXE INTEIRO CORCOROCA BOCA LARGA,PEIXE INTEIRO CORCOROCA,,
7191,7191,PEIXE INTEIRO COROCOROCA,PEIXE INTEIRO CORCOROCA,,
7191,7191,PEIXE INTEIRO CORCOROCA BOCA DE FOGO,PEIXE INTEIRO CORCOROCA,,
7191,7191,PEIXE INTEIRO CORCOROCA MULATA,PEIXE INTEIRO CORCOROCA,,
7191,7191,PEIXE INTEIRO CORCOROCA JURUMIRIM,PEIXE INTEIRO CORCOROCA,,
7191,7191,PEIXE INTEIRO BIQUARA,PEIXE INTEIRO CORCOROCA,,
7191,7191,PEIXE INTEIRO BOCA VELHA,PEIXE INTEIRO CORCOROCA,,
7191,7191,PEIXE INTEIRO BOCA DE VELHA,PEIXE INTEIRO CORCOROCA,,
7191,7191,PEIXE INTEIRO SAPURUNA,PEIXE INTEIRO CORCOROCA,,
7191,7191,PEIXE INTEIRO NEGRA MINA,PEIXE INTEIRO CORCOROCA,,
7191,7191,PEIXE INTEIRO XIRA,PEIXE INTEIRO CORCOROCA,,
7191,7191,PEIXE INTEIRO SAPURANA,PEIXE INTEIRO CORCOROCA,,
7191,7191,PEIXE INTEIRO ABIQUARA,PEIXE INTEIRO CORCOROCA,,
7191,7191,PEIXE INTEIRO ARREBENTA PANELA,PEIXE INTEIRO CORCOROCA,,
7191,7191,PEIXE INTEIRO CAMBUBA,PEIXE INTEIRO CORCOROCA,,
7191,7191,PEIXE INTEIRO CANGUITO,PEIXE INTEIRO CORCOROCA,,
7191,7191,PEIXE INTEIRO CAMBIMBA,PEIXE INTEIRO CORCOROCA,,
7191,7191,PEIXE INTEIRO COCORO,PEIXE INTEIRO CORCOROCA,,
7191,7191,PEIXE INTEIRO CAPIUNA,PEIXE INTEIRO CORCOROCA,,
7191,7191,PEIXE INTEIRO FAROFA,PEIXE INTEIRO CORCOROCA,,
7191,7191,PEIXE INTEIRO URIBACO,PEIXE INTEIRO CORCOROCA,,
7191,7191,PEIXE INTEIRO MACACA,PEIXE INTEIRO CORCOROCA,,
7192,7192,PEIXE EM POSTAS CORCOROCA,PEIXE EM POSTAS CORCOROCA,,
7193,7193,PEIXE EM FILE FRESCO CORCOROCA,PEIXE EM FILÉ FRESCO CORCOROCA,,
7194,7194,PEIXE SALGADO CORCOROCA,PEIXE SALGADO CORCOROCA,,
7195,7195,PEIXE EM FILE CONGELADO CORCOROCA,PEIXE EM FILÉ CONGELADO CORCOROCA,,
7201,7201,PEIXE INTEIRO MANJUBA,PEIXE INTEIRO MANJUBA,,
7201,7201,PEIXE INTEIRO XANGO,PEIXE INTEIRO MANJUBA,,
7201,7201,PEIXE INTEIRO PIPITINGA,PEIXE INTEIRO MANJUBA,,
7201,7201,PEIXE INTEIRO PITITINGA,PEIXE INTEIRO MANJUBA,,
7201,7201,PEIXE INTEIRO MANJUVA,PEIXE INTEIRO MANJUBA,,
7201,7201,PEIXE INTEIRO ANCHOITA,PEIXE INTEIRO MANJUBA,,
7201,7201,PEIXE INTEIRO GINGA,PEIXE INTEIRO MANJUBA,,
7202,7202,PEIXE EM POSTAS MANJUBA,PEIXE EM POSTAS MANJUBA,,
7203,7203,PEIXE EM FILE FRESCO MANJUBA,PEIXE EM FILÉ FRESCO MANJUBA,,
7204,7204,PEIXE SALGADO MANJUBA,PEIXE SALGADO MANJUBA,,
7205,7205,PEIXE EM FILE CONGELADO MANJUBA,PEIXE EM FILÉ CONGELADO MANJUBA,,
7211,7211,PEIXE INTEIRO PAPATERRA,PEIXE INTEIRO PAPATERRA,,
7211,7211,PEIXE INTEIRO TAMETARA,PEIXE INTEIRO PAPATERRA,,
7211,7211,PEIXE INTEIRO SINHARA,PEIXE INTEIRO PAPATERRA,,
7211,7211,PEIXE INTEIRO TREMETARA,PEIXE INTEIRO PAPATERRA,,
7211,7211,PEIXE INTEIRO JUDEU,PEIXE INTEIRO PAPATERRA,,
7211,7211,PEIXE INTEIRO PESCADA CACHORRO (PAPATERRA),PEIXE INTEIRO PAPATERRA,,
7211,7211,PEIXE INTEIRO BETARA,PEIXE INTEIRO PAPATERRA,,
7211,7211,PEIXE INTEIRO TAMBETARA,PEIXE INTEIRO PAPATERRA,,
7211,7211,PEIXE INTEIRO SAMBETARA,PEIXE INTEIRO PAPATERRA,,
7211,7211,PEIXE INTEIRO CARAMETARA,PEIXE INTEIRO PAPATERRA,,
7211,7211,PEIXE INTEIRO CORVINA CACHORRO (PAPATERRA),PEIXE INTEIRO PAPATERRA,,
7211,7211,PEIXE INTEIRO IMBETARA,PEIXE INTEIRO PAPATERRA,,
7211,7211,PEIXE INTEIRO CARAMUTARA,PEIXE INTEIRO PAPATERRA,,
7211,7211,PEIXE INTEIRO PIRA SIRIRICA,PEIXE INTEIRO PAPATERRA,,
7211,7211,PEIXE INTEIRO EMBETARA,PEIXE INTEIRO PAPATERRA,,
7211,7211,PEIXE INTEIRO CHUPA AREIA,PEIXE INTEIRO PAPATERRA,,
7211,7211,PEIXE INTEIRO TEMBETARA,PEIXE INTEIRO PAPATERRA,,
7212,7212,PEIXE EM POSTAS PAPATERRA,PEIXE EM POSTAS PAPATERRA,,
7213,7213,PEIXE EM FILE FRESCO PAPATERRA,PEIXE EM FILÉ FRESCO PAPATERRA,,
7214,7214,PEIXE SALGADO PAPATERRA,PEIXE SALGADO PAPATERRA,,
7215,7215,PEIXE EM FILE CONGELADO PAPATERRA,PEIXE EM FILÉ CONGELADO PAPATERRA,,
7221,7221,PEIXE INTEIRO DOURADO DE MAR,PEIXE INTEIRO DOURADO DE MAR,,
7221,7221,PEIXE INTEIRO DALFINHO,PEIXE INTEIRO DOURADO DE MAR,,
7221,7221,PEIXE INTEIRO GRASSAPE,PEIXE INTEIRO DOURADO DE MAR,,
7221,7221,PEIXE INTEIRO MACACO,PEIXE INTEIRO DOURADO DE MAR,,
7221,7221,PEIXE INTEIRO GUARAÇAPEMA,PEIXE INTEIRO DOURADO DE MAR,,
7222,7222,PEIXE EM POSTAS DOURADO DE MAR,PEIXE EM POSTAS DOURADO DE MAR,,
7223,7223,PEIXE EM FILE FRESCO DOURADO DE MAR,PEIXE EM FILÉ FRESCO DOURADO DE MAR,,
7224,7224,PEIXE SALGADO DOURADO DE MAR,PEIXE SALGADO DOURADO DE MAR,,
7225,7225,PEIXE EM FILE CONGELADO DOURADO DE MAR,PEIXE EM FILÉ CONGELADO DOURADO DE MAR,,
7231,7231,PEIXE INTEIRO ATUM,PEIXE INTEIRO ATUM,,
7231,7231,PEIXE INTEIRO ALBACORA AZUL,PEIXE INTEIRO ATUM,,
7232,7232,PEIXE EM POSTAS ATUM,PEIXE EM POSTAS ATUM,,
7233,7233,PEIXE EM FILE FRESCO ATUM,PEIXE EM FILÉ FRESCO ATUM,,
7234,7234,PEIXE SALGADO ATUM,PEIXE SALGADO ATUM,,
7235,7235,PEIXE EM FILE CONGELADO ATUM,PEIXE EM FILÉ CONGELADO ATUM,,
7241,7241,PEIXE INTEIRO OLHO DE BOI,PEIXE INTEIRO OLHO DE BOI,,
7241,7241,PEIXE INTEIRO PITANGOLA,PEIXE INTEIRO OLHO DE BOI,,
7241,7241,PEIXE INTEIRO OLHETE,PEIXE INTEIRO OLHO DE BOI,,
7241,7241,PEIXE INTEIRO JURICO,PEIXE INTEIRO OLHO DE BOI,,
7241,7241,PEIXE INTEIRO URUBAIANA,PEIXE INTEIRO OLHO DE BOI,,
7241,7241,PEIXE INTEIRO ARABAIANA,PEIXE INTEIRO OLHO DE BOI,,
7241,7241,PEIXE INTEIRO CANTANTE,PEIXE INTEIRO OLHO DE BOI,,
7241,7241,PEIXE INTEIRO TAPIREÇA,PEIXE INTEIRO OLHO DE BOI,,
7241,7241,PEIXE INTEIRO TAPIRANGA,PEIXE INTEIRO OLHO DE BOI,,
7242,7242,PEIXE EM POSTAS OLHO DE BOI,PEIXE EM POSTAS OLHO DE BOI,,
7243,7243,PEIXE EM FILE FRESCO OLHO DE BOI,PEIXE EM FILÉ FRESCO OLHO DE BOI,,
7244,7244,PEIXE SALGADO OLHO DE BOI,PEIXE SALGADO OLHO DE BOI,,
7245,7245,PEIXE EM FILE CONGELADO OLHO DE BOI,PEIXE EM FILÉ CONGELADO OLHO DE BOI,,
7251,7251,PEIXE INTEIRO SERRA,PEIXE INTEIRO SERRA,,
7251,7251,PEIXE INTEIRO SARDA,PEIXE INTEIRO SERRA,,
7251,7251,PEIXE INTEIRO SERRA DE ESCAMA,PEIXE INTEIRO SERRA,,
7251,7251,PEIXE INTEIRO CHERRO,PEIXE INTEIRO SERRA,,
7252,7252,PEIXE EM POSTAS SERRA,PEIXE EM POSTAS SERRA,,
7253,7253,PEIXE EM FILE FRESCO SERRA,PEIXE EM FILÉ FRESCO SERRA,,
7254,7254,PEIXE SALGADO SERRA,PEIXE SALGADO SERRA,,
7255,7255,PEIXE EM FILE CONGELADO SERRA,PEIXE EM FILÉ COGELADO SERRA,,
7261,7261,PEIXE INTEIRO PARGO,PEIXE INTEIRO PARGO,,
7261,7261,PEIXE INTEIRO CALUNGA,PEIXE INTEIRO PARGO,,
7261,7261,PEIXE INTEIRO PAGRO,PEIXE INTEIRO PARGO,,
7261,7261,PEIXE INTEIRO PARGO OLHO DE VIDRO,PEIXE INTEIRO PARGO,,
7261,7261,PEIXE INTEIRO PARGO ROSA,PEIXE INTEIRO PARGO,,
7261,7261,PEIXE INTEIRO PARGO CACHUCHO,PEIXE INTEIRO PARGO,,
7262,7262,PEIXE EM POSTAS PARGO,PEIXE EM POSTAS PARGO,,
7263,7263,PEIXE EM FILE FRESCO PARGO,PEIXE EM FILÉ FRESCO PARGO,,
7264,7264,PEIXE SALGADO PARGO,PEIXE SALGADO PARGO,,
7265,7265,PEIXE EM FILE CONGELADO PARGO,PEIXE EM FILÉ CONGELADO PARGO,,
7271,7271,PEIXE INTEIRO RONCADOR,PEIXE INTEIRO RONCADOR,,
7271,7271,PEIXE INTEIRO CORRO,PEIXE INTEIRO RONCADOR,,
7271,7271,PEIXE INTEIRO CORO,PEIXE INTEIRO RONCADOR,,
7271,7271,PEIXE INTEIRO CARDEIRO,PEIXE INTEIRO RONCADOR,,
7271,7271,PEIXE INTEIRO COROQUE,PEIXE INTEIRO RONCADOR,,
7271,7271,PEIXE INTEIRO FERREIRO,PEIXE INTEIRO RONCADOR,,
7271,7271,PEIXE INTEIRO CORO AMARELO,PEIXE INTEIRO RONCADOR,,
7271,7271,PEIXE INTEIRO PARGO BRANCO (RONCADOR),PEIXE INTEIRO RONCADOR,,
7272,7272,PEIXE EM POSTAS RONCADOR,PEIXE EM POSTAS RONCADOR,,
7273,7273,PEIXE EM FILE FRESCO RONCADOR,PEIXE EM FILÉ FRESCO RONCADOR,,
7274,7274,PEIXE SALGADO RONCADOR,PEIXE SALGADO RONCADOR,,
7275,7275,PEIXE EM FILE CONGELADO RONCADOR,PEIXE EM FILÉ CONGELADO RONCADOR,,
7281,7281,PEIXE INTEIRO PESCADA,PEIXE INTEIRO PESCADA,,
7281,7281,PEIXE INTEIRO PESCADA AMARELA,PEIXE INTEIRO PESCADA,,
7281,7281,PEIXE INTEIRO PIXIMA,PEIXE INTEIRO PESCADA,,
7281,7281,PEIXE INTEIRO PESCADA ARATANHA,PEIXE INTEIRO PESCADA,,
7281,7281,PEIXE INTEIRO PESCADA BRANCA,PEIXE INTEIRO PESCADA,,
7281,7281,PEIXE INTEIRO PESCADA PERNA DE MOÇA,PEIXE INTEIRO PESCADA,,
7281,7281,PEIXE INTEIRO PESCADA CAMBUCI,PEIXE INTEIRO PESCADA,,
7281,7281,PEIXE INTEIRO PESCADA GOETE,PEIXE INTEIRO PESCADA,,
7281,7281,PEIXE INTEIRO PESCADA OLHUDA,PEIXE INTEIRO PESCADA,,
7281,7281,PEIXE INTEIRO PESCADA CAMBUÇU,PEIXE INTEIRO PESCADA,,
7281,7281,PEIXE INTEIRO PESCADA JAGUARA,PEIXE INTEIRO PESCADA,,
7281,7281,PEIXE INTEIRO PESCADA ESCAMOSA,PEIXE INTEIRO PESCADA,,
7281,7281,PEIXE INTEIRO PESCADA REAL,PEIXE INTEIRO PESCADA,,
7281,7281,PEIXE INTEIRO MALHEIRA,PEIXE INTEIRO PESCADA,,
7281,7281,PEIXE INTEIRO PESCADA ARAUJA,PEIXE INTEIRO PESCADA,,
7281,7281,PEIXE INTEIRO PESCADA MARIA MOLE,PEIXE INTEIRO PESCADA,,
7281,7281,PEIXE INTEIRO PESCADA GALHETEIRA,PEIXE INTEIRO PESCADA,,
7281,7281,PEIXE INTEIRO PESCADA DO REINO,PEIXE INTEIRO PESCADA,,
7281,7281,PEIXE INTEIRO PESCADA GO,PEIXE INTEIRO PESCADA,,
7281,7281,PEIXE INTEIRO PESCADA LEGITIMA,PEIXE INTEIRO PESCADA,,
7281,7281,PEIXE INTEIRO PESCADA DE DENTE,PEIXE INTEIRO PESCADA,,
7281,7281,PEIXE INTEIRO PESCADA CUTUPANHA,PEIXE INTEIRO PESCADA,,
7281,7281,PEIXE INTEIRO PESCADA TRAMITARA,PEIXE INTEIRO PESCADA,,
7281,7281,PEIXE INTEIRO PESCADA PRETA,PEIXE INTEIRO PESCADA,,
7281,7281,PEIXE INTEIRO PESCADA CABEÇA DURA,PEIXE INTEIRO PESCADA,,
7281,7281,PEIXE INTEIRO PESCADA CORVINA,PEIXE INTEIRO PESCADA,,
7281,7281,PEIXE INTEIRO ARANJA,PEIXE INTEIRO PESCADA,,
7281,7281,PEIXE INTEIRO PESCADA COBRA,PEIXE INTEIRO PESCADA,,
7281,7281,PEIXE INTEIRO PESCADA SELVAGEM,PEIXE INTEIRO PESCADA,,
7281,7281,PEIXE INTEIRO PESCADA BANANA,PEIXE INTEIRO PESCADA,,
7281,7281,PEIXE INTEIRO MARIA MOLE,PEIXE INTEIRO PESCADA,,
7281,7281,PEIXE INTEIRO PESCADA FOGUETE,PEIXE INTEIRO PESCADA,,
7281,7281,PEIXE INTEIRO PESCADA DENTUÇA,PEIXE INTEIRO PESCADA,,
7281,7281,PEIXE INTEIRO PESCADA DE ALTO,PEIXE INTEIRO PESCADA,,
7281,7281,PEIXE INTEIRO BOCA MOLE,PEIXE INTEIRO PESCADA,,
7281,7281,PEIXE INTEIRO RABO SECO,PEIXE INTEIRO PESCADA,,
7281,7281,PEIXE INTEIRO PESCADA DE ALTO MAR,PEIXE INTEIRO PESCADA,,
7281,7281,PEIXE INTEIRO COACA,PEIXE INTEIRO PESCADA,,
7281,7281,PEIXE INTEIRO GOETE,PEIXE INTEIRO PESCADA,,
7281,7281,PEIXE INTEIRO TICOPA,PEIXE INTEIRO PESCADA,,
7281,7281,PEIXE INTEIRO BORORO,PEIXE INTEIRO PESCADA,,
7281,7281,PEIXE INTEIRO GUETE,PEIXE INTEIRO PESCADA,,
7281,7281,PEIXE INTEIRO GORETE,PEIXE INTEIRO PESCADA,,
7281,7281,PEIXE INTEIRO PERNA DE MOÇA,PEIXE INTEIRO PESCADA,,
7281,7281,PEIXE INTEIRO CALAFETÃO,PEIXE INTEIRO PESCADA,,
7281,7281,PEIXE INTEIRO PIRAMBEBE,PEIXE INTEIRO PESCADA,,
7281,7281,PEIXE INTEIRO MEMBECA,PEIXE INTEIRO PESCADA,,
7281,7281,PEIXE INTEIRO GALHETEIRA,PEIXE INTEIRO PESCADA,,
7281,7281,PEIXE INTEIRO GO,PEIXE INTEIRO PESCADA,,
7282,7282,PEIXE EM POSTAS PESCADA,PEIXE EM POSTAS PESCADA,,
7283,7283,PEIXE EM FILE FRESCO PESCADA,PEIXE EM FILÉ FRESCO PESCADA,,
7284,7284,PEIXE SALGADO PESCADA,PEIXE SALGADO PESCADA,,
7285,7285,PEIXE EM FILE CONGELADO PESCADA,PEIXE EM FILÉ CONGELADO PESCADA,,
7291,7291,PEIXE INTEIRO GAROUPA,PEIXE INTEIRO GAROUPA,,
7291,7291,PEIXE INTEIRO GAROUPA VERDADEIRA,PEIXE INTEIRO GAROUPA,,
7291,7291,PEIXE INTEIRO GAROUPA SÃO TOME,PEIXE INTEIRO GAROUPA,,
7291,7291,PEIXE INTEIRO GAROUPA CRIOULA,PEIXE INTEIRO GAROUPA,,
7291,7291,PEIXE INTEIRO GAROUPA PRETA,PEIXE INTEIRO GAROUPA,,
7291,7291,PEIXE INTEIRO GAROUPA GATO,PEIXE INTEIRO GAROUPA,,
7291,7291,PEIXE INTEIRO GAROUPA SENHOR DE ENGENHO,PEIXE INTEIRO GAROUPA,,
7291,7291,PEIXE INTEIRO GAROUPA DE SEGUNDA,PEIXE INTEIRO GAROUPA,,
7291,7291,PEIXE INTEIRO GAROUPA CHITA,PEIXE INTEIRO GAROUPA,,
7291,7291,PEIXE INTEIRO GAROUPA BICHADA,PEIXE INTEIRO GAROUPA,,
7291,7291,PEIXE INTEIRO GAROUPINHA,PEIXE INTEIRO GAROUPA,,
7291,7291,PEIXE INTEIRO SAPA,PEIXE INTEIRO GAROUPA,,
7291,7291,PEIXE INTEIRO SULAPEBA,PEIXE INTEIRO GAROUPA,,
7291,7291,PEIXE INTEIRO SIRIGAITA,PEIXE INTEIRO GAROUPA,,
7291,7291,PEIXE INTEIRO PIRAJIA,PEIXE INTEIRO GAROUPA,,
7291,7291,PEIXE INTEIRO PIRACUCA,PEIXE INTEIRO GAROUPA,,
7291,7291,PEIXE INTEIRO SERIGADO MERO (GAROUPA),PEIXE INTEIRO GAROUPA,,
7291,7291,PEIXE INTEIRO SERIGADO FOCINHUDO (GAROUPA),PEIXE INTEIRO GAROUPA,,
7291,7291,PEIXE INTEIRO SERIGADO VERMELHO (GAROUPA),PEIXE INTEIRO GAROUPA,,
7292,7292,PEIXE EM POSTAS GAROUPA,PEIXE EM POSTAS GAROUPA,,
7293,7293,PEIXE EM FILE FRESCO GAROUPA,PEIXE EM FILÉ FRESCO GAROUPA,,
7294,7294,PEIXE SALGADO GAROUPA,PEIXE SALGADO GAROUPA,,
7295,7295,PEIXE EM FILE CONGELADO GAROUPA,PEIXE EM FILÉ CONGELADO GAROUPA,,
7301,7301,PEIXE INTEIRO LINGUADO,PEIXE INTEIRO LINGUADO,,
7301,7301,PEIXE INTEIRO LINGUADO DA AREIA,PEIXE INTEIRO LINGUADO,,
7301,7301,PEIXE INTEIRO SOLHA,PEIXE INTEIRO LINGUADO,,
7301,7301,PEIXE INTEIRO SOIA,PEIXE INTEIRO LINGUADO,,
7301,7301,PEIXE INTEIRO ARAMAÇA,PEIXE INTEIRO LINGUADO,,
7301,7301,PEIXE INTEIRO ARAMATA,PEIXE INTEIRO LINGUADO,,
7301,7301,PEIXE INTEIRO ARUMATA,PEIXE INTEIRO LINGUADO,,
7301,7301,PEIXE INTEIRO ARUMAÇA,PEIXE INTEIRO LINGUADO,,
7301,7301,PEIXE INTEIRO RODOVALHO,PEIXE INTEIRO LINGUADO,,
7301,7301,PEIXE INTEIRO CATRAIO,PEIXE INTEIRO LINGUADO,,
7301,7301,PEIXE INTEIRO ARAMACAÇA,PEIXE INTEIRO LINGUADO,,
7301,7301,PEIXE INTEIRO LINGUA,PEIXE INTEIRO LINGUADO,,
7302,7302,PEIXE EM POSTAS LINGUADO,PEIXE EM POSTAS LINGUADO,,
7303,7303,PEIXE EM FILE FRESCO LINGUADO,PEIXE EM FILÉ FRESCO LINGUADO,,
7304,7304,PEIXE SALGADO LINGUADO,PEIXE SALGADO LINGUADO,,
7305,7305,PEIXE EM FILE CONGELADO LINGUADO,PEIXE EM FILÉ CONGELADO LINGUADO,,
7311,7311,PEIXE INTEIRO ROBALO,PEIXE INTEIRO ROBALO,,
7311,7311,PEIXE INTEIRO CAMURIM BRANCO,PEIXE INTEIRO ROBALO,,
7311,7311,PEIXE INTEIRO CAMURIM APUA,PEIXE INTEIRO ROBALO,,
7311,7311,PEIXE INTEIRO CAMURIM SOVELA,PEIXE INTEIRO ROBALO,,
7311,7311,PEIXE INTEIRO ROBALO PEBA,PEIXE INTEIRO ROBALO,,
7311,7311,PEIXE INTEIRO CAMURIM AÇU,PEIXE INTEIRO ROBALO,,
7311,7311,PEIXE INTEIRO CAMURIMPEBA,PEIXE INTEIRO ROBALO,,
7311,7311,PEIXE INTEIRO ROBALO BICUDO,PEIXE INTEIRO ROBALO,,
7311,7311,PEIXE INTEIRO ROBALÃO,PEIXE INTEIRO ROBALO,,
7311,7311,PEIXE INTEIRO ROBALETE,PEIXE INTEIRO ROBALO,,
7311,7311,PEIXE INTEIRO ROBALO FLECHA,PEIXE INTEIRO ROBALO,,
7311,7311,PEIXE INTEIRO CAMURI,PEIXE INTEIRO ROBALO,,
7311,7311,PEIXE INTEIRO CAMURIPEBA,PEIXE INTEIRO ROBALO,,
7311,7311,PEIXE INTEIRO CORCUNDA,PEIXE INTEIRO ROBALO,,
7311,7311,PEIXE INTEIRO CORCUNDO,PEIXE INTEIRO ROBALO,,
7311,7311,PEIXE INTEIRO CAMORIM,PEIXE INTEIRO ROBALO,,
7311,7311,PEIXE INTEIRO CAMBRIAÇU,PEIXE INTEIRO ROBALO,,
7311,7311,PEIXE INTEIRO CONGOROPEBA,PEIXE INTEIRO ROBALO,,
7311,7311,PEIXE INTEIRO FURÃO,PEIXE INTEIRO ROBALO,,
7311,7311,PEIXE INTEIRO ESCALHO,PEIXE INTEIRO ROBALO,,
7311,7311,PEIXE INTEIRO ROBÃO,PEIXE INTEIRO ROBALO,,
7311,7311,PEIXE INTEIRO BICUDO,PEIXE INTEIRO ROBALO,,
7312,7312,PEIXE EM POSTAS ROBALO,PEIXE EM POSTAS ROBALO,,
7313,7313,PEIXE EM FILE FRESCO ROBALO,PEIXE EM FILÉ FRESCO ROBALO,,
7314,7314,PEIXE SALGADO ROBALO,PEIXE SALGADO ROBALO,,
7315,7315,PEIXE EM FILE CONGELADO ROBALO,PEIXE EM FILÉ CONGELADO ROBALO,,
7321,7321,PEIXE INTEIRO MERO,PEIXE INTEIRO MERO,,
7321,7321,PEIXE INTEIRO CANAPUAÇU,PEIXE INTEIRO MERO,,
7321,7321,PEIXE INTEIRO MERO CANAPU,PEIXE INTEIRO MERO,,
7321,7321,PEIXE INTEIRO CANAPUM,PEIXE INTEIRO MERO,,
7321,7321,PEIXE INTEIRO CANAPU,PEIXE INTEIRO MERO,,
7321,7321,PEIXE INTEIRO MERO CANAPUM,PEIXE INTEIRO MERO,,
7322,7322,PEIXE EM POSTAS MERO,PEIXE EM POSTAS MERO,,
7323,7323,PEIXE EM FILE FRESCO MERO,PEIXE EM FILÉ FRESCO MERO,,
7324,7324,PEIXE SALGADO MERO,PEIXE SALGADO MERO,,
7325,7325,PEIXE EM FILE CONGELADO MERO,PEIXE EM FILÉ CONGELADO MERO,,
7331,7331,PEIXE INTEIRO XERELETE,PEIXE INTEIRO XERELETE,,
7331,7331,PEIXE INTEIRO CAVACO,PEIXE INTEIRO XERELETE,,
7331,7331,PEIXE INTEIRO FLAMINGUETE,PEIXE INTEIRO XERELETE,,
7331,7331,PEIXE INTEIRO XERERETE,PEIXE INTEIRO XERELETE,,
7331,7331,PEIXE INTEIRO XARELETE,PEIXE INTEIRO XERELETE,,
7331,7331,PEIXE INTEIRO CHUMBERGA,PEIXE INTEIRO XERELETE,,
7331,7331,PEIXE INTEIRO FRAMIGUETA,PEIXE INTEIRO XERELETE,,
7331,7331,PEIXE INTEIRO XAREU DOURADO (XERELETE),PEIXE INTEIRO XERELETE,,
7331,7331,PEIXE INTEIRO FRAMIGUETO,PEIXE INTEIRO XERELETE,,
7331,7331,PEIXE INTEIRO XAREU PEQUENO (XERELETE),PEIXE INTEIRO XERELETE,,
7331,7331,PEIXE INTEIRO GUARECIMA,PEIXE INTEIRO XERELETE,,
7331,7331,PEIXE INTEIRO GUARICEMA,PEIXE INTEIRO XERELETE,,
7332,7332,PEIXE EM POSTAS XERELETE,PEIXE EM POSTAS XERELETE,,
7333,7333,PEIXE EM FILE FRESCO XERELETE,PEIXE EM FILÉ FRESCO XERELETE,,
7334,7334,PEIXE SALGADO XERELETE,PEIXE SALGADO XERELETE,,
7335,7335,PEIXE EM FILE CONGELADO XERELETE,PEIXE EM FILÉ CONGELADO XERELETE,,
7341,7341,PEIXE INTEIRO ESPADA,PEIXE INTEIRO ESPADA,,
7341,7341,PEIXE INTEIRO IMBIRA,PEIXE INTEIRO ESPADA,,
7341,7341,PEIXE INTEIRO EMBIRA,PEIXE INTEIRO ESPADA,,
7341,7341,PEIXE INTEIRO CATANA,PEIXE INTEIRO ESPADA,,
7342,7342,PEIXE EM POSTAS ESPADA,PEIXE EM POSTAS ESPADA,,
7343,7343,PEIXE EM FILE FRESCO ESPADA,PEIXE EM FILÉ FRESCO ESPADA,,
7344,7344,PEIXE SALGADO ESPADA,PEIXE SALGADO ESPADA,,
7345,7345,PEIXE EM FILE CONGELADO ESPADA,PEIXE EM FILÉ CONGELADO ESPADA,,
7351,7351,PEIXE INTEIRO PARATI,PEIXE INTEIRO PARATI,,
7351,7351,PEIXE INTEIRO PARATI OLHO DE FOGO,PEIXE INTEIRO PARATI,,
7351,7351,PEIXE INTEIRO PRATIQUEIRA,PEIXE INTEIRO PARATI,,
7351,7351,PEIXE INTEIRO SOLE,PEIXE INTEIRO PARATI,,
7351,7351,PEIXE INTEIRO CAICA,PEIXE INTEIRO PARATI,,
7351,7351,PEIXE INTEIRO PARATICU,PEIXE INTEIRO PARATI,,
7351,7351,PEIXE INTEIRO MONDEGO,PEIXE INTEIRO PARATI,,
7351,7351,PEIXE INTEIRO TAINHA DE OLHO AMARELO (PARATI),PEIXE INTEIRO PARATI,,
7351,7351,PEIXE INTEIRO TAINHA CHATA (PARATI),PEIXE INTEIRO PARATI,,
7351,7351,PEIXE INTEIRO PIRATIQUEIRA,PEIXE INTEIRO PARATI,,
7352,7352,PEIXE EM POSTAS PARATI,PEIXE EM POSTAS PARATI,,
7353,7353,PEIXE EM FILE FRESCO PARATI,PEIXE EM FILÉ FRESCO PARATI,,
7354,7354,PEIXE SALGADO PARATI,PEIXE SALGADO PARATI,,
7355,7355,PEIXE EM FILE CONGELADO PARATI,PEIXE EM FILÉ CONGELADO PARATI,,
7361,7361,PEIXE INTEIRO CAÇÃO,PEIXE INTEIRO CAÇÃO,,
7361,7361,PEIXE INTEIRO CAÇÃO PENA,PEIXE INTEIRO CAÇÃO,,
7361,7361,PEIXE INTEIRO CORNUDA,PEIXE INTEIRO CAÇÃO,,
7361,7361,PEIXE INTEIRO CAÇÃO FIUZO,PEIXE INTEIRO CAÇÃO,,
7361,7361,PEIXE INTEIRO CAÇÃO RAPOSA,PEIXE INTEIRO CAÇÃO,,
7361,7361,PEIXE INTEIRO CAÇÃO SEBASTIÃO,PEIXE INTEIRO CAÇÃO,,
7361,7361,PEIXE INTEIRO CAÇÃO ANJO,PEIXE INTEIRO CAÇÃO,,
7361,7361,PEIXE INTEIRO CAÇÃO TORRADOR,PEIXE INTEIRO CAÇÃO,,
7361,7361,PEIXE INTEIRO CAÇÃO GALHUDO,PEIXE INTEIRO CAÇÃO,,
7361,7361,PEIXE INTEIRO CAÇÃO PATA,PEIXE INTEIRO CAÇÃO,,
7361,7361,PEIXE INTEIRO CAÇÃO CAMBEBA,PEIXE INTEIRO CAÇÃO,,
7361,7361,PEIXE INTEIRO CAÇÃO ALECRIM,PEIXE INTEIRO CAÇÃO,,
7361,7361,PEIXE INTEIRO CAÇÃO FRANGO,PEIXE INTEIRO CAÇÃO,,
7361,7361,PEIXE INTEIRO CAÇÃO PANA,PEIXE INTEIRO CAÇÃO,,
7361,7361,PEIXE INTEIRO CAÇÃO MARTELO,PEIXE INTEIRO CAÇÃO,,
7361,7361,PEIXE INTEIRO CAÇÃO RODELA,PEIXE INTEIRO CAÇÃO,,
7361,7361,PEIXE INTEIRO CAÇÃO CHAPEU,PEIXE INTEIRO CAÇÃO,,
7361,7361,PEIXE INTEIRO CAÇÃO GATA,PEIXE INTEIRO CAÇÃO,,
7361,7361,PEIXE INTEIRO CAÇÃO PINTO,PEIXE INTEIRO CAÇÃO,,
7361,7361,PEIXE INTEIRO CAÇÃO MANGONGA,PEIXE INTEIRO CAÇÃO,,
7361,7361,PEIXE INTEIRO CAÇÃO LIXA,PEIXE INTEIRO CAÇÃO,,
7361,7361,PEIXE INTEIRO CAÇÃO DE AREIA,PEIXE INTEIRO CAÇÃO,,
7361,7361,PEIXE INTEIRO CANGA,PEIXE INTEIRO CAÇÃO,,
7361,7361,PEIXE INTEIRO CAÇÃO DE ESPINHO,PEIXE INTEIRO CAÇÃO,,
7361,7361,PEIXE INTEIRO CAÇÃO BAGRE,PEIXE INTEIRO CAÇÃO,,
7361,7361,PEIXE INTEIRO BARROSO,PEIXE INTEIRO CAÇÃO,,
7361,7361,PEIXE INTEIRO MARTELO,PEIXE INTEIRO CAÇÃO,,
7361,7361,PEIXE INTEIRO CAÇÃO MAGONGA,PEIXE INTEIRO CAÇÃO,,
7361,7361,PEIXE INTEIRO CAÇÃO MANGONA,PEIXE INTEIRO CAÇÃO,,
7361,7361,PEIXE INTEIRO GATA (CAÇÃO),PEIXE INTEIRO CAÇÃO,,
7361,7361,PEIXE INTEIRO PATA,PEIXE INTEIRO CAÇÃO,,
7361,7361,PEIXE INTEIRO MARRAXO,PEIXE INTEIRO CAÇÃO,,
7361,7361,PEIXE INTEIRO PINTO,PEIXE INTEIRO CAÇÃO,,
7361,7361,PEIXE INTEIRO ANJO,PEIXE INTEIRO CAÇÃO,,
7361,7361,PEIXE INTEIRO CUCURI,PEIXE INTEIRO CAÇÃO,,
7361,7361,PEIXE INTEIRO BODINHO,PEIXE INTEIRO CAÇÃO,,
7361,7361,PEIXE INTEIRO FRANGO,PEIXE INTEIRO CAÇÃO,,
7361,7361,PEIXE INTEIRO JOÃO DIAS,PEIXE INTEIRO CAÇÃO,,
7361,7361,PEIXE INTEIRO TOLO,PEIXE INTEIRO CAÇÃO,,
7361,7361,PEIXE INTEIRO CAÇONETE,PEIXE INTEIRO CAÇÃO,,
7361,7361,PEIXE INTEIRO SEBASTIÃO,PEIXE INTEIRO CAÇÃO,,
7361,7361,PEIXE INTEIRO MANGONA,PEIXE INTEIRO CAÇÃO,,
7362,7362,PEIXE EM POSTAS CAÇÃO,PEIXE EM POSTAS CAÇÃO,,
7363,7363,PEIXE EM FILE FRESCO CAÇÃO,PEIXE EM FILÉ FRESCO CAÇÃO,,
7364,7364,PEIXE SALGADO CAÇÃO,PEIXE SALGADO CAÇÃO,,
7365,7365,PEIXE EM FILE CONGELADO CAÇÃO,PEIXE EM FILÉ CONGELADO CAÇÃO,,
7371,7371,PEIXE INTEIRO CANHANHA,PEIXE INTEIRO CANHANHA,,
7371,7371,PEIXE INTEIRO FRADE,PEIXE INTEIRO CANHANHA,,
7371,7371,PEIXE INTEIRO SALEMA,PEIXE INTEIRO CANHANHA,,
7371,7371,PEIXE INTEIRO SAMBULHO,PEIXE INTEIRO CANHANHA,,
7371,7371,PEIXE INTEIRO MERCADOR,PEIXE INTEIRO CANHANHA,,
7371,7371,PEIXE INTEIRO SAMBULO,PEIXE INTEIRO CANHANHA,,
7371,7371,PEIXE INTEIRO FERRUGEM,PEIXE INTEIRO CANHANHA,,
7372,7372,PEIXE EM POSTAS CANHANHA,PEIXE EM POSTAS CANHANHA,,
7373,7373,PEIXE EM FILE FRESCO CANHANHA,PEIXE EM FILÉ FRESCO CANHANHA,,
7374,7374,PEIXE SALGADO CANHANHA,PEIXE SALGADO CANHANHA,,
7375,7375,PEIXE EM FILE CONGELADO CANHANHA,PEIXE EM FILÉ CONGELADO CANHANHA,,
7381,7381,PEIXE INTEIRO MERLUZA,PEIXE INTEIRO MERLUZA,,
7381,7381,PEIXE INTEIRO MELOSO,PEIXE INTEIRO MERLUZA,,
7381,7381,PEIXE INTEIRO PESCADA PORTUGUESA (MERLUZA),PEIXE INTEIRO MERLUZA,,
7382,7382,PEIXE EM POSTAS MERLUZA,PEIXE EM POSTAS MERLUZA,,
7383,7383,PEIXE EM FILE FRESCO MERLUZA,PEIXE EM FILÉ FRESCO MERLUZA,,
7384,7384,PEIXE SALGADO MERLUZA,PEIXE SALGADO MERLUZA,,
7385,7385,PEIXE EM FILE CONGELADO MERLUZA,PEIXE EM FILÉ CONGELADO MERLUZA,,
7391,7391,PEIXE INTEIRO BEIJUPIRA,PEIXE INTEIRO BEIJUPIRA,,
7391,7391,PEIXE INTEIRO BEIUPIRA,PEIXE INTEIRO BEIJUPIRA,,
7391,7391,PEIXE INTEIRO BEJUPIRA,PEIXE INTEIRO BEIJUPIRA,,
7391,7391,PEIXE INTEIRO BIJUPIRA,PEIXE INTEIRO BEIJUPIRA,,
7391,7391,PEIXE INTEIRO BEIJOPIRA,PEIXE INTEIRO BEIJUPIRA,,
7391,7391,PEIXE INTEIRO CANADO,PEIXE INTEIRO BEIJUPIRA,,
7391,7391,PEIXE INTEIRO REI DOS PEIXES (BEIJUPIRA),PEIXE INTEIRO BEIJUPIRA,,
7391,7391,PEIXE INTEIRO CAÇÃO DE ESCAMAS (BEIJUPIRA),PEIXE INTEIRO BEIJUPIRA,,
7391,7391,PEIXE INTEIRO PIRABIJU,PEIXE INTEIRO BEIJUPIRA,,
7391,7391,PEIXE INTEIRO PIRABEIJU,PEIXE INTEIRO BEIJUPIRA,,
7391,7391,PEIXE INTEIRO PIRAMBIJU,PEIXE INTEIRO BEIJUPIRA,,
7391,7391,PEIXE INTEIRO PARABEIJU,PEIXE INTEIRO BEIJUPIRA,,
7391,7391,PEIXE INTEIRO TORANDIJU,PEIXE INTEIRO BEIJUPIRA,,
7391,7391,PEIXE INTEIRO PARANDIJU,PEIXE INTEIRO BEIJUPIRA,,
7391,7391,PEIXE INTEIRO PARAMBEJU,PEIXE INTEIRO BEIJUPIRA,,
7391,7391,PEIXE INTEIRO BUJUPIRA,PEIXE INTEIRO BEIJUPIRA,,
7392,7392,PEIXE EM POSTAS BEIJUPIRA,PEIXE EM POSTAS BEIJUPIRA,,
7393,7393,PEIXE EM FILE FRESCO BEIJUPIRA,PEIXE EM FILE FRESCO BEIJUPIRA,,
7394,7394,PEIXE SALGADO BEIJUPIRA,PEIXE SALGADO BEIJUPIRA,,
7395,7395,PEIXE EM FILE CONGELADO BEIJUPIRA,PEIXE EM FILÉ CONGELADO BEIJUPIRA,,
7401,7401,PEIXE INTEIRO PAMPO,PEIXE INTEIRO PAMPO,,
7401,7401,PEIXE INTEIRO PAMPO CABEÇA MOLE,PEIXE INTEIRO PAMPO,,
7401,7401,PEIXE INTEIRO PAMPO VERMELHO,PEIXE INTEIRO PAMPO,,
7401,7401,PEIXE INTEIRO PAMPO LISTRADO,PEIXE INTEIRO PAMPO,,
7401,7401,PEIXE INTEIRO PAMPO MACHO,PEIXE INTEIRO PAMPO,,
7401,7401,PEIXE INTEIRO PAMPO SOLTEIRO,PEIXE INTEIRO PAMPO,,
7401,7401,PEIXE INTEIRO PAMPO DO ALTO,PEIXE INTEIRO PAMPO,,
7401,7401,PEIXE INTEIRO PAMPO GARABEBEL,PEIXE INTEIRO PAMPO,,
7401,7401,PEIXE INTEIRO PAMPO SARGENTO,PEIXE INTEIRO PAMPO,,
7401,7401,PEIXE INTEIRO PAMPO GIGANTE,PEIXE INTEIRO PAMPO,,
7401,7401,PEIXE INTEIRO PAMPO ARABEBEL,PEIXE INTEIRO PAMPO,,
7401,7401,PEIXE INTEIRO PAMPO GALHUDO,PEIXE INTEIRO PAMPO,,
7401,7401,PEIXE INTEIRO PAMPO ESPINHA MOLE,PEIXE INTEIRO PAMPO,,
7401,7401,PEIXE INTEIRO PAMPO ARATUBAIA,PEIXE INTEIRO PAMPO,,
7401,7401,PEIXE INTEIRO PAMPO RISCADO,PEIXE INTEIRO PAMPO,,
7401,7401,PEIXE INTEIRO PAROLA,PEIXE INTEIRO PAMPO,,
7401,7401,PEIXE INTEIRO ARABEBEL,PEIXE INTEIRO PAMPO,,
7401,7401,PEIXE INTEIRO TABUA,PEIXE INTEIRO PAMPO,,
7401,7401,PEIXE INTEIRO SEMENDUARA,PEIXE INTEIRO PAMPO,,
7401,7401,PEIXE INTEIRO PIRAROBA,PEIXE INTEIRO PAMPO,,
7401,7401,PEIXE INTEIRO PAMPLO,PEIXE INTEIRO PAMPO,,
7401,7401,PEIXE INTEIRO JIRIQUITI,PEIXE INTEIRO PAMPO,,
7401,7401,PEIXE INTEIRO PAMPANO,PEIXE INTEIRO PAMPO,,
7401,7401,PEIXE INTEIRO GARABEBEL,PEIXE INTEIRO PAMPO,,
7401,7401,PEIXE INTEIRO CABARARI,PEIXE INTEIRO PAMPO,,
7401,7401,PEIXE INTEIRO ARATOBAIA,PEIXE INTEIRO PAMPO,,
7401,7401,PEIXE INTEIRO ARACANGUITO,PEIXE INTEIRO PAMPO,,
7401,7401,PEIXE INTEIRO ARATUBAIA,PEIXE INTEIRO PAMPO,,
7402,7402,PEIXE EM POSTAS PAMPO,PEIXE EM POSTAS PAMPO,,
7403,7403,PEIXE EM FILE FRESCO PAMPO,PEIXE EM FILÉ FRESCO PAMPO,,
7404,7404,PEIXE SALGADO PAMPO,PEIXE SALGADO PAMPO,,
7405,7405,PEIXE EM FILE CONGELADO PAMPO,PEIXE EM FILÉ CONGELADO PAMPO,,
7411,7411,PEIXE INTEIRO XAREU,PEIXE INTEIRO XAREU,,
7411,7411,PEIXE INTEIRO XAREO,PEIXE INTEIRO XAREU,,
7411,7411,PEIXE INTEIRO XAREU VERDADEIRO,PEIXE INTEIRO XAREU,,
7411,7411,PEIXE INTEIRO XAREU VAQUEIRO,PEIXE INTEIRO XAREU,,
7411,7411,PEIXE INTEIRO XAREU RONCADOR,PEIXE INTEIRO XAREU,,
7411,7411,PEIXE INTEIRO XAREU BRANCO,PEIXE INTEIRO XAREU,,
7411,7411,PEIXE INTEIRO CARIMBAMBA,PEIXE INTEIRO XAREU,,
7411,7411,PEIXE INTEIRO GRAÇAIM,PEIXE INTEIRO XAREU,,
7411,7411,PEIXE INTEIRO CABEÇUDO,PEIXE INTEIRO XAREU,,
7411,7411,PEIXE INTEIRO XAREU PRETO,PEIXE INTEIRO XAREU,,
7411,7411,PEIXE INTEIRO CORIMBAMBA,PEIXE INTEIRO XAREU,,
7411,7411,PEIXE INTEIRO GUAÇAINHA,PEIXE INTEIRO XAREU,,
7411,7411,PEIXE INTEIRO GUARACEMA,PEIXE INTEIRO XAREU,,
7411,7411,PEIXE INTEIRO ARACAROBA,PEIXE INTEIRO XAREU,,
7412,7412,PEIXE EM POSTAS XAREU,PEIXE EM POSTAS XAREU,,
7413,7413,PEIXE EM FILE FRESCO XAREU,PEIXE EM FILÉ FRESCO XAREU,,
7414,7414,PEIXE SALGADO XAREU,PEIXE SALGADO XAREU,,
7415,7415,PEIXE EM FILE CONGELADO XAREU,PEIXE EM FILÉ CONGELADO XAREU,,
7421,7421,PEIXE INTEIRO CARAMURU,PEIXE INTEIRO CARAMURU,,
7421,7421,PEIXE INTEIRO CRAMURU,PEIXE INTEIRO CARAMURU,,
7421,7421,PEIXE INTEIRO MIRORO,PEIXE INTEIRO CARAMURU,,
7421,7421,PEIXE INTEIRO MOREIA VERDE (CARAMURU),PEIXE INTEIRO CARAMURU,,
7421,7421,PEIXE INTEIRO ENGUIA (CARAMURU),PEIXE INTEIRO CARAMURU,,
7421,7421,PEIXE INTEIRO MORORO,PEIXE INTEIRO CARAMURU,,
7421,7421,PEIXE INTEIRO TORORO,PEIXE INTEIRO CARAMURU,,
7422,7422,PEIXE EM POSTAS CARAMURU,PEIXE EM POSTAS CARAMURU,,
7423,7423,PEIXE EM FILE FRESCO CARAMURU,PEIXE EM FILÉ FRESCO CARAMURU,,
7424,7424,PEIXE SALGADO CARAMURU,PEIXE SALGADO CARAMURU,,
7425,7425,PEIXE EM FILE CONGELADO CARAMURU,PEIXE EM FILÉ CONGELADO CARAMURU,,
7431,7431,PEIXE INTEIRO CANGULO,PEIXE INTEIRO CANGULO,,
7431,7431,PEIXE INTEIRO PEROA BRANCO,PEIXE INTEIRO CANGULO,,
7431,7431,PEIXE INTEIRO ESFALDADO,PEIXE INTEIRO CANGULO,,
7431,7431,PEIXE INTEIRO PEROA PRETO,PEIXE INTEIRO CANGULO,,
7431,7431,PEIXE INTEIRO PEROA,PEIXE INTEIRO CANGULO,,
7431,7431,PEIXE INTEIRO PEROATINGA,PEIXE INTEIRO CANGULO,,
7431,7431,PEIXE INTEIRO GUDUNHO,PEIXE INTEIRO CANGULO,,
7431,7431,PEIXE INTEIRO FANTASMA,PEIXE INTEIRO CANGULO,,
7431,7431,PEIXE INTEIRO CAPADO,PEIXE INTEIRO CANGULO,,
7431,7431,PEIXE INTEIRO ACARAMUÇU (CANGULO),PEIXE INTEIRO CANGULO,,
7431,7431,PEIXE INTEIRO CANGULO REI,PEIXE INTEIRO CANGULO,,
7431,7431,PEIXE INTEIRO PORCO,PEIXE INTEIRO CANGULO,,
7431,7431,PEIXE INTEIRO CANGULO BRANCO,PEIXE INTEIRO CANGULO,,
7431,7431,PEIXE INTEIRO CANGULO DE FERNANDO,PEIXE INTEIRO CANGULO,,
7431,7431,PEIXE INTEIRO ACARAMOCO (CANGULO),PEIXE INTEIRO CANGULO,,
7431,7431,PEIXE INTEIRO CANGULO PRETO,PEIXE INTEIRO CANGULO,,
7431,7431,PEIXE INTEIRO CANGURRO,PEIXE INTEIRO CANGULO,,
7431,7431,PEIXE INTEIRO CANGULO DO ALTO,PEIXE INTEIRO CANGULO,,
7431,7431,PEIXE INTEIRO PORQUINHO,PEIXE INTEIRO CANGULO,,
7432,7432,PEIXE EM POSTAS CANGULO,PEIXE EM POSTAS CANGULO,,
7433,7433,PEIXE EM FILE FRESCO CANGULO,PEIXE EM FILÉ FRESCO CANGULO,,
7434,7434,PEIXE SALGADO CANGULO,PEIXE SALGADO CANGULO,,
7435,7435,PEIXE EM FILE CONGELADO CANGULO,PEIXE EM FILÉ CONGELADO CANGULO,,
7441,7441,PEIXE INTEIRO CAMURUPIM,PEIXE INTEIRO CAMURUPIM,,
7441,7441,PEIXE INTEIRO CAMARUPIM,PEIXE INTEIRO CAMURUPIM,,
7441,7441,PEIXE INTEIRO PIRAPEMA,PEIXE INTEIRO CAMURUPIM,,
7441,7441,PEIXE INTEIRO CAMARIPIM,PEIXE INTEIRO CAMURUPIM,,
7441,7441,PEIXE INTEIRO CANJURUPI,PEIXE INTEIRO CAMURUPIM,,
7441,7441,PEIXE INTEIRO CAMURIPIM,PEIXE INTEIRO CAMURUPIM,,
7441,7441,PEIXE INTEIRO CAMURUPI,PEIXE INTEIRO CAMURUPIM,,
7441,7441,PEIXE INTEIRO CAMURIPEMA,PEIXE INTEIRO CAMURUPIM,,
7441,7441,PEIXE INTEIRO CANGURUPI,PEIXE INTEIRO CAMURUPIM,,
7441,7441,PEIXE INTEIRO CANGURUPIM,PEIXE INTEIRO CAMURUPIM,,
7441,7441,PEIXE INTEIRO CANJURUPIM,PEIXE INTEIRO CAMURUPIM,,
7441,7441,PEIXE INTEIRO PARAPEMA,PEIXE INTEIRO CAMURUPIM,,
7441,7441,PEIXE INTEIRO PEMA,PEIXE INTEIRO CAMURUPIM,,
7441,7441,PEIXE INTEIRO MARIQUITA,PEIXE INTEIRO CAMURUPIM,,
7441,7441,PEIXE INTEIRO PERAPEMA,PEIXE INTEIRO CAMURUPIM,,
7441,7441,PEIXE INTEIRO TARPÃO,PEIXE INTEIRO CAMURUPIM,,
7441,7441,PEIXE INTEIRO LARGA ESCAMA,PEIXE INTEIRO CAMURUPIM,,
7441,7441,PEIXE INTEIRO POMBOCA,PEIXE INTEIRO CAMURUPIM,,
7441,7441,PEIXE INTEIRO JACUNDA DE RIO (CAMURUPIM),PEIXE INTEIRO CAMURUPIM,,
7441,7441,PEIXE INTEIRO CUMURUPIM,PEIXE INTEIRO CAMURUPIM,,
7442,7442,PEIXE EM POSTAS CAMURUPIM,PEIXE EM POSTAS CAMURUPIM,,
7443,7443,PEIXE EM FILE FRESCO CAMURUPIM,PEIXE EM FILÉ FRESCO CAMURUPIM,,
7444,7444,PEIXE SALGADO CAMURUPIM,PEIXE SALGADO CAMURUPIM,,
7445,7445,PEIXE EM FILE CONGELADO CAMURUPIM,PEIXE EM FILÉ CONGELADO CAMURUPIM,,
7451,7451,PEIXE INTEIRO GUARAJUBA,PEIXE INTEIRO GUARAJUBA,,
7451,7451,PEIXE INTEIRO GUARAMBA,PEIXE INTEIRO GUARAJUBA,,
7451,7451,PEIXE INTEIRO GUARAIUBA,PEIXE INTEIRO GUARAJUBA,,
7451,7451,PEIXE INTEIRO GARAJUBA,PEIXE INTEIRO GUARAJUBA,,
7451,7451,PEIXE INTEIRO GURIJUBA,PEIXE INTEIRO GUARAJUBA,,
7452,7452,PEIXE EM POSTAS GUARAJUBA,PEIXE EM POSTAS GUARAJUBA,,
7453,7453,PEIXE EM FILE FRESCO GUARAJUBA,PEIXE EM FILÉ FRESCO GUARAJUBA,,
7454,7454,PEIXE SALGADO GUARAJUBA,PEIXE SALGADO GUARAJUBA,,
7455,7455,PEIXE EM FILE CONGELADO GUARAJUBA,PEIXE EM FILÉ CONGELADO GUARAJUBA,,
7461,7461,PEIXE INTEIRO AGULHA,PEIXE INTEIRO AGULHA,,
7461,7461,PEIXE INTEIRO AGULHA PRETA,PEIXE INTEIRO AGULHA,,
7461,7461,PEIXE INTEIRO AGULHA CRIOULA,PEIXE INTEIRO AGULHA,,
7461,7461,PEIXE INTEIRO FARNANGALHO,PEIXE INTEIRO AGULHA,,
7461,7461,PEIXE INTEIRO CARAPIA,PEIXE INTEIRO AGULHA,,
7461,7461,PEIXE INTEIRO AGULHA BRANCA,PEIXE INTEIRO AGULHA,,
7461,7461,PEIXE INTEIRO FARNANGAIO,PEIXE INTEIRO AGULHA,,
7461,7461,PEIXE INTEIRO TARANGAIO,PEIXE INTEIRO AGULHA,,
7461,7461,PEIXE INTEIRO TARANGALHO,PEIXE INTEIRO AGULHA,,
7462,7462,PEIXE EM POSTAS AGULHA,PEIXE EM POSTAS AGULHA,,
7463,7463,PEIXE EM FILE FRESCO AGULHA,PEIXE EM FILÉ FRESCO AGULHA,,
7464,7464,PEIXE SALGADO AGULHA,PEIXE SALGADO AGULHA,,
7465,7465,PEIXE EM FILE CONGELADO AGULHA,PEIXE EM FILÉ CONGELADO AGULHA,,
7471,7471,PEIXE INTEIRO UBARANA,PEIXE INTEIRO UBARANA,,
7471,7471,PEIXE INTEIRO OBARANA,PEIXE INTEIRO UBARANA,,
7471,7471,PEIXE INTEIRO UBARANA RATO,PEIXE INTEIRO UBARANA,,
7471,7471,PEIXE INTEIRO ALBARANA,PEIXE INTEIRO UBARANA,,
7471,7471,PEIXE INTEIRO UBARANA ROLIÇA,PEIXE INTEIRO UBARANA,,
7471,7471,PEIXE INTEIRO UBARANA MIRIM,PEIXE INTEIRO UBARANA,,
7471,7471,PEIXE INTEIRO URUBARANA,PEIXE INTEIRO UBARANA,,
7471,7471,PEIXE INTEIRO OBARANAÇU,PEIXE INTEIRO UBARANA,,
7471,7471,PEIXE INTEIRO UBARANAÇU,PEIXE INTEIRO UBARANA,,
7471,7471,PEIXE INTEIRO TIJUBARANA,PEIXE INTEIRO UBARANA,,
7471,7471,PEIXE INTEIRO RATO,PEIXE INTEIRO UBARANA,,
7472,7472,PEIXE EM POSTAS UBARANA,PEIXE EM POSTAS UBARANA,,
7473,7473,PEIXE EM FILE FRESCO UBARANA,PEIXE EM FILÉ FRESCO UBARANA,,
7474,7474,PEIXE SALGADO UBARANA,PEIXE SALGADO UBARANA,,
7475,7475,PEIXE EM FILE CONGELADO UBARANA,PEIXE EM FILÉ CONGELADO UBARANA,,
7481,7481,PEIXE INTEIRO GUAIVIRA,PEIXE INTEIRO GUAIVIRA,,
7481,7481,PEIXE INTEIRO GUAIBIRA,PEIXE INTEIRO GUAIVIRA,,
7481,7481,PEIXE INTEIRO TIBIRO,PEIXE INTEIRO GUAIVIRA,,
7481,7481,PEIXE INTEIRO TIMBIRA,PEIXE INTEIRO GUAIVIRA,,
7481,7481,PEIXE INTEIRO GUAJUVIRA,PEIXE INTEIRO GUAIVIRA,,
7481,7481,PEIXE INTEIRO GOIVIRA,PEIXE INTEIRO GUAIVIRA,,
7481,7481,PEIXE INTEIRO GUARAVIRA,PEIXE INTEIRO GUAIVIRA,,
7481,7481,PEIXE INTEIRO PAMPARRONA,PEIXE INTEIRO GUAIVIRA,,
7481,7481,PEIXE INTEIRO TIBIRIO,PEIXE INTEIRO GUAIVIRA,,
7481,7481,PEIXE INTEIRO TIMBIRO,PEIXE INTEIRO GUAIVIRA,,
7482,7482,PEIXE EM POSTAS GUAIVIRA,PEIXE EM POSTAS GUAIVIRA,,
7483,7483,PEIXE EM FILE FRESCO GUAIVIRA,PEIXE EM FILÉ FRESCO GUAIVIRA,,
7484,7484,PEIXE SALGADO GUAIVIRA,PEIXE SALGADO GUAIVIRA,,
7485,7485,PEIXE EM FILE CONGELADO GUAIVIRA,PEIXE EM FILÉ CONGELADO GUAIVIRA,,
7491,7491,PEIXE INTEIRO BICUDA,PEIXE INTEIRO BICUDA,,
7491,7491,PEIXE INTEIRO BICUDA DE CORSO,PEIXE INTEIRO BICUDA,,
7491,7491,PEIXE INTEIRO MILONGO (BICUDA) (MAR),PEIXE INTEIRO BICUDA,,
7491,7491,PEIXE INTEIRO BICUDA BRANCA,PEIXE INTEIRO BICUDA,,
7491,7491,PEIXE INTEIRO BICUDA CACHORRO,PEIXE INTEIRO BICUDA,,
7491,7491,PEIXE INTEIRO COROMA,PEIXE INTEIRO BICUDA,,
7491,7491,PEIXE INTEIRO BARRACUDA,PEIXE INTEIRO BICUDA,,
7491,7491,PEIXE INTEIRO BACUDA,PEIXE INTEIRO BICUDA,,
7491,7491,PEIXE INTEIRO MILONGA,PEIXE INTEIRO BICUDA,,
7492,7492,PEIXE EM POSTAS BICUDA,PEIXE EM POSTAS BICUDA,,
7493,7493,PEIXE EM FILE FRESCO BICUDA,PEIXE EM FILÉ FRESCO BICUDA,,
7494,7494,PEIXE SALGADO BICUDA,PEIXE SALGADO BICUDA,,
7495,7495,PEIXE EM FILE CONGELADO BICUDA,PEIXE EM FILÉ CONGELADO BICUDA,,
7501,7501,PEIXE INTEIRO TRILHA,PEIXE INTEIRO TRILHA,,
7502,7502,PEIXE EM POSTAS TRILHA,PEIXE EM POSTAS TRILHA,,
7503,7503,PEIXE EM FILE FRESCO TRILHA,PEIXE EM FILÉ FRESCO TRILHA,,
7504,7504,PEIXE SALGADO TRILHA,PEIXE SALGADO TRILHA,,
7505,7505,PEIXE EM FILE CONGELADO TRILHA,PEIXE EM FILÉ CONGELADO TRILHA,,
7511,7511,PEIXE INTEIRO PARU,PEIXE INTEIRO PARU,,
7511,7511,PEIXE INTEIRO PARU AMARELO,PEIXE INTEIRO PARU,,
7511,7511,PEIXE INTEIRO PARU BEIJA MOÇA,PEIXE INTEIRO PARU,,
7511,7511,PEIXE INTEIRO PARU RAJADO,PEIXE INTEIRO PARU,,
7511,7511,PEIXE INTEIRO PARU SOLDADO,PEIXE INTEIRO PARU,,
7511,7511,PEIXE INTEIRO SABERE,PEIXE INTEIRO PARU,,
7511,7511,PEIXE INTEIRO PARU BICUDO,PEIXE INTEIRO PARU,,
7511,7511,PEIXE INTEIRO PARU DOURADO,PEIXE INTEIRO PARU,,
7511,7511,PEIXE INTEIRO PARU DE PEDRA,PEIXE INTEIRO PARU,,
7511,7511,PEIXE INTEIRO CACO DE PRATO,PEIXE INTEIRO PARU,,
7511,7511,PEIXE INTEIRO PARU PRETO,PEIXE INTEIRO PARU,,
7511,7511,PEIXE INTEIRO PARU LISTRADO,PEIXE INTEIRO PARU,,
7511,7511,PEIXE INTEIRO PARU FRADE,PEIXE INTEIRO PARU,,
7511,7511,PEIXE INTEIRO BICUDINHA (PARU),PEIXE INTEIRO PARU,,
7511,7511,PEIXE INTEIRO PARU JANDAIA,PEIXE INTEIRO PARU,,
7511,7511,PEIXE INTEIRO PARU BRANCO,PEIXE INTEIRO PARU,,
7511,7511,PEIXE INTEIRO VIGARIO,PEIXE INTEIRO PARU,,
7511,7511,PEIXE INTEIRO VIUVINHA,PEIXE INTEIRO PARU,,
7511,7511,PEIXE INTEIRO PARUMBEBA,PEIXE INTEIRO PARU,,
7512,7512,PEIXE EM POSTAS PARU,PEIXE EM POSTAS PARU,,
7513,7513,PEIXE EM FILE FRESCO PARU,PEIXE EM FILÉ FRESCO PARU,,
7514,7514,PEIXE SALGADO PARU,PEIXE SALGADO PARU,,
7515,7515,PEIXE EM FILE CONGELADO PARU,PEIXE EM FILÉ CONGELADO PARU,,
7521,7521,PEIXE INTEIRO VOADOR,PEIXE INTEIRO VOADOR,,
7521,7521,PEIXE INTEIRO VOADOR SANTO ANTONIO,PEIXE INTEIRO VOADOR,,
7521,7521,PEIXE INTEIRO VOADOR DE PEDRA,PEIXE INTEIRO VOADOR,,
7521,7521,PEIXE INTEIRO SANTO ANTONIO,PEIXE INTEIRO VOADOR,,
7521,7521,PEIXE INTEIRO PIRAPEBE,PEIXE INTEIRO VOADOR,,
7521,7521,PEIXE INTEIRO VOADOR CASCUDO,PEIXE INTEIRO VOADOR,,
7521,7521,PEIXE INTEIRO CAJALEU,PEIXE INTEIRO VOADOR,,
7521,7521,PEIXE INTEIRO COIO,PEIXE INTEIRO VOADOR,,
7522,7522,PEIXE EM POSTAS VOADOR,PEIXE EM POSTAS VOADOR,,
7523,7523,PEIXE EM FILE FRESCO VOADOR,PEIXE EM FILÉ FRESCO VOADOR,,
7524,7524,PEIXE SALGADO VOADOR,PEIXE SALGADO VOADOR,,
7525,7525,PEIXE EM FILE CONGELADO VOADOR,PEIXE EM FILÉ CONGELADO VOADOR,,
7531,7531,PEIXE INTEIRO BONITO,PEIXE INTEIRO BONITO,,
7531,7531,PEIXE INTEIRO BONITO PINTADO,PEIXE INTEIRO BONITO,,
7531,7531,PEIXE INTEIRO BONITO PEQUENO,PEIXE INTEIRO BONITO,,
7531,7531,PEIXE INTEIRO BONITO CADELA,PEIXE INTEIRO BONITO,,
7531,7531,PEIXE INTEIRO BONITO CARIJO,PEIXE INTEIRO BONITO,,
7531,7531,PEIXE INTEIRO BONITO BARRIGA RISCADA,PEIXE INTEIRO BONITO,,
7531,7531,PEIXE INTEIRO BONITO GRANDE,PEIXE INTEIRO BONITO,,
7531,7531,PEIXE INTEIRO BONITO CACHORRO,PEIXE INTEIRO BONITO,,
7532,7532,PEIXE EM POSTAS BONITO,PEIXE EM POSTAS BONITO,,
7533,7533,PEIXE EM FILE FRESCO BONITO,PEIXE EM FILÉ FRESCO BONITO,,
7534,7534,PEIXE SALGADO BONITO,PEIXE SALGADO BONITO,,
7535,7535,PEIXE EM FILE CONGELADO BONITO,PEIXE EM FILÉ CONGELADO BONITO,,
7541,7541,PEIXE INTEIRO SAVELHA,PEIXE INTEIRO SAVELHA,,
7541,7541,PEIXE INTEIRO SARDELA,PEIXE INTEIRO SAVELHA,,
7541,7541,PEIXE INTEIRO COITADINHO,PEIXE INTEIRO SAVELHA,,
7541,7541,PEIXE INTEIRO LEVANTA SAIA,PEIXE INTEIRO SAVELHA,,
7541,7541,PEIXE INTEIRO SARAVELHA,PEIXE INTEIRO SAVELHA,,
7541,7541,PEIXE INTEIRO SARDINHA SAVELHA (SAVELHA),PEIXE INTEIRO SAVELHA,,
7542,7542,PEIXE EM POSTAS SAVELHA,PEIXE EM POSTAS SAVELHA,,
7543,7543,PEIXE EM FILE FRESCO SAVELHA,PEIXE EM FILÉ FRESCO SAVELHA,,
7544,7544,PEIXE SALGADO SAVELHA,PEIXE SALGADO SAVELHA,,
7545,7545,PEIXE EM FILE CONGELADO SAVELHA,PEIXE EM FILÉ CONGELADO SAVELHA,,
7551,7551,PEIXE INTEIRO BODIÃO,PEIXE INTEIRO BODIÃO,,
7551,7551,PEIXE INTEIRO PAPAGAIO,PEIXE INTEIRO BODIÃO,,
7551,7551,PEIXE INTEIRO BODIÃO BATATA,PEIXE INTEIRO BODIÃO,,
7551,7551,PEIXE INTEIRO GUDIÃO,PEIXE INTEIRO BODIÃO,,
7551,7551,PEIXE INTEIRO BODIÃO TUCANO,PEIXE INTEIRO BODIÃO,,
7551,7551,PEIXE INTEIRO GODIÃO,PEIXE INTEIRO BODIÃO,,
7551,7551,PEIXE INTEIRO BODIÃO VERMELHO,PEIXE INTEIRO BODIÃO,,
7551,7551,PEIXE INTEIRO BODIÃO PAPAGAIO,PEIXE INTEIRO BODIÃO,,
7551,7551,PEIXE INTEIRO BUDIÃO,PEIXE INTEIRO BODIÃO,,
7551,7551,PEIXE INTEIRO BODIÃO SABONETE,PEIXE INTEIRO BODIÃO,,
7552,7552,PEIXE EM POSTAS BODIÃO,PEIXE EM POSTAS BODIÃO,,
7553,7553,PEIXE EM FILE FRESCO BODIÃO,PEIXE EM FILÉ FRESCO BODIÃO,,
7554,7554,PEIXE SALGADO BODIÃO,PEIXE SALGADO BODIÃO,,
7555,7555,PEIXE EM FILE CONGELADO BODIÃO,PEIXE EM FILÉ CONGELADO BODIÃO,,
7561,7561,PEIXE INTEIRO GORDINHO,PEIXE INTEIRO GORDINHO,,
7561,7561,PEIXE INTEIRO MOCINHA,PEIXE INTEIRO GORDINHO,,
7561,7561,PEIXE INTEIRO REDONDO,PEIXE INTEIRO GORDINHO,,
7561,7561,PEIXE INTEIRO GORDINHA,PEIXE INTEIRO GORDINHO,,
7561,7561,PEIXE INTEIRO CALOMBETA,PEIXE INTEIRO GORDINHO,,
7562,7562,PEIXE EM POSTAS GORDINHO,PEIXE EM POSTAS GORDINHO,,
7563,7563,PEIXE EM FILE FRESCO GORDINHO,PEIXE EM FILE FRESCO GORDINHO,,
7564,7564,PEIXE SALGADO GORDINHO,PEIXE SALGADO GORDINHO,,
7565,7565,PEIXE EM FILE CONGELADO GORDINHO,PEIXE EM FILÉ CONGELADO GORDINHO,,
7571,7571,PEIXE INTEIRO PALOMBETA,PEIXE INTEIRO PALOMBETA,,
7571,7571,PEIXE INTEIRO PALOMETA,PEIXE INTEIRO PALOMBETA,,
7571,7571,PEIXE INTEIRO PILOMBETA,PEIXE INTEIRO PALOMBETA,,
7571,7571,PEIXE INTEIRO VENTO LESTE,PEIXE INTEIRO PALOMBETA,,
7571,7571,PEIXE INTEIRO JUVA,PEIXE INTEIRO PALOMBETA,,
7571,7571,PEIXE INTEIRO FOLHA DE MANGUE,PEIXE INTEIRO PALOMBETA,,
7571,7571,PEIXE INTEIRO FAVOLETA,PEIXE INTEIRO PALOMBETA,,
7571,7571,PEIXE INTEIRO FAVINHA,PEIXE INTEIRO PALOMBETA,,
7571,7571,PEIXE INTEIRO CAICO,PEIXE INTEIRO PALOMBETA,,
7572,7572,PEIXE EM POSTAS PALOMBETA,PEIXE EM POSTAS PALOMBETA,,
7573,7573,PEIXE EM FILE FRESCO PALOMBETA,PEIXE EM FILÉ FRESCO PALOMBETA,,
7574,7574,PEIXE SALGADO PALOMBETA,PEIXE SALGADO PALOMBETA,,
7575,7575,PEIXE EM FILE CONGELADO PALOMBETA,PEIXE EM FILÉ CONGELADO PALOMBETA,,
7581,7581,PEIXE INTEIRO MIRAGAIA,PEIXE INTEIRO MIRAGAIA,,
7581,7581,PEIXE INTEIRO PIRAUVA,PEIXE INTEIRO MIRAGAIA,,
7581,7581,PEIXE INTEIRO MIRAGUAIA,PEIXE INTEIRO MIRAGAIA,,
7581,7581,PEIXE INTEIRO PERUMBEBA,PEIXE INTEIRO MIRAGAIA,,
7581,7581,PEIXE INTEIRO GORRETÃO,PEIXE INTEIRO MIRAGAIA,,
7581,7581,PEIXE INTEIRO PEROMBEBE,PEIXE INTEIRO MIRAGAIA,,
7581,7581,PEIXE INTEIRO QUINDUNDE,PEIXE INTEIRO MIRAGAIA,,
7581,7581,PEIXE INTEIRO VACA,PEIXE INTEIRO MIRAGAIA,,
7581,7581,PEIXE INTEIRO PIRAUNA,PEIXE INTEIRO MIRAGAIA,,
7582,7582,PEIXE EM POSTAS MIRAGAIA,PEIXE EM POSTAS MIRAGAIA,,
7583,7583,PEIXE EM FILE FRESCO MIRAGAIA,PEIXE EM FILÉ FRESCO MIRAGAIA,,
7584,7584,PEIXE SALGADO MIRAGAIA,PEIXE SALGADO MIRAGAIA,,
7585,7585,PEIXE EM FILE CONGELADO MIRAGAIA,PEIXE EM FILÉ CONGELADO MIRAGAIA,,
7591,7591,PEIXE INTEIRO REI (PEIXE REI),PEIXE INTEIRO REI (PEIXE REI),,
7592,7592,PEIXE EM POSTAS REI (PEIXE REI),PEIXE EM POSTAS REI (PEIXE REI),,
7593,7593,PEIXE EM FILE FRESCO REI (PEIXE REI),PEIXE EM FILÉ FRESCO REI (PEIXE REI),,
7594,7594,PEIXE SALGADO REI (PEIXE REI),PEIXE SALGADO REI (PEIXE REI),,
7595,7595,PEIXE EM FILE CONGELADO REI (PEIXE REI),PEIXE EM FILÉ CONGELADO REI (PEIXE REI),,
7601,7601,PEIXE INTEIRO MOREIA,PEIXE INTEIRO MOREIA,,
7601,7601,PEIXE INTEIRO MOREIA PINTADA,PEIXE INTEIRO MOREIA,,
7601,7601,PEIXE INTEIRO MOREIA AMARELA,PEIXE INTEIRO MOREIA,,
7601,7601,PEIXE INTEIRO MUTUTUCA,PEIXE INTEIRO MOREIA,,
7601,7601,PEIXE INTEIRO MUTUCA,PEIXE INTEIRO MOREIA,,
7602,7602,PEIXE EM POSTAS MOREIA,PEIXE EM POSTAS MOREIA,,
7603,7603,PEIXE EM FILE FRESCO MOREIA,PEIXE EM FILÉ FRESCO MOREIA,,
7604,7604,PEIXE SALGADO MOREIA,PEIXE SALGADO MOREIA,,
7605,7605,PEIXE EM FILE CONGELADO MOREIA,PEIXE EM FILÉ CONGELADO MOREIA,,
7611,7611,PEIXE INTEIRO ALBACORA,PEIXE INTEIRO ALBACORA,,
7611,7611,PEIXE INTEIRO ALBACORA LAGE,PEIXE INTEIRO ALBACORA,,
7611,7611,PEIXE INTEIRO ALBACORA MIRIM,PEIXE INTEIRO ALBACORA,,
7611,7611,PEIXE INTEIRO ALBACORA BRANCA,PEIXE INTEIRO ALBACORA,,
7611,7611,PEIXE INTEIRO ALBACORA LAGEIRA,PEIXE INTEIRO ALBACORA,,
7611,7611,PEIXE INTEIRO ALBACORA BANDOLIM,PEIXE INTEIRO ALBACORA,,
7611,7611,PEIXE INTEIRO ALBACORINHA,PEIXE INTEIRO ALBACORA,,
7611,7611,PEIXE INTEIRO ATUM BRANCO (ALBACORA),PEIXE INTEIRO ALBACORA,,
7611,7611,PEIXE INTEIRO ALVACORA,PEIXE INTEIRO ALBACORA,,
7611,7611,PEIXE INTEIRO ALBACORA OLHÃO,PEIXE INTEIRO ALBACORA,,
7611,7611,PEIXE INTEIRO BANDOLIM,PEIXE INTEIRO ALBACORA,,
7612,7612,PEIXE EM POSTAS ALBACORA,PEIXE EM POSTAS ALBACORA,,
7613,7613,PEIXE EM FILE FRESCO ALBACORA,PEIXE EM FILÉ FRESCO ALBACORA,,
7614,7614,PEIXE SALGADO ALBACORA,PEIXE SALGADO ALBACORA,,
7615,7615,PEIXE EM FILE CONGELADO ALBACORA,PEIXE EM FILÉ CONGELADO ALBACORA,,
7621,7621,PEIXE INTEIRO CHERNE,PEIXE INTEIRO CHERNE,,
7621,7621,PEIXE INTEIRO CHERNE PRETO,PEIXE INTEIRO CHERNE,,
7621,7621,PEIXE INTEIRO CHERNETE,PEIXE INTEIRO CHERNE,,
7621,7621,PEIXE INTEIRO CHERNE PINTADO,PEIXE INTEIRO CHERNE,,
7621,7621,PEIXE INTEIRO CHERNOTE,PEIXE INTEIRO CHERNE,,
7621,7621,PEIXE INTEIRO MERO QUEIMADO (CHERNE),PEIXE INTEIRO CHERNE,,
7621,7621,PEIXE INTEIRO CHERNA,PEIXE INTEIRO CHERNE,,
7621,7621,PEIXE INTEIRO MERO PRETO (CHERNE),PEIXE INTEIRO CHERNE,,
7621,7621,PEIXE INTEIRO SERIGADO TAPOA (CHERNE),PEIXE INTEIRO CHERNE,,
7621,7621,PEIXE INTEIRO SERIGADO CHERNE (CHERNE),PEIXE INTEIRO CHERNE,,
7622,7622,PEIXE EM POSTAS CHERNE,PEIXE EM POSTAS CHERNE,,
7623,7623,PEIXE EM FILE FRESCO CHERNE,PEIXE EM FILÉ FRESCO CHERNE,,
7624,7624,PEIXE SALGADO CHERNE,PEIXE SALGADO CHERNE,,
7625,7625,PEIXE EM FILE CONGELADO CHERNE,PEIXE EM FILÉ CONGELADO CHERNE,,
7631,7631,PEIXE INTEIRO PIRA (MAR),PEIXE INTEIRO PIRA (MAR),,
7631,7631,PEIXE INTEIRO BOM NOME,PEIXE INTEIRO PIRA (MAR),,
7632,7632,PEIXE EM POSTAS PIRA,PEIXE EM POSTAS PIRA,,
7633,7633,PEIXE EM FILE FRESCO PIRA,PEIXE EM FILÉ FRESCO PIRA,,
7634,7634,PEIXE SALGADO PIRA,PEIXE SALGADO PIRA,,
7635,7635,PEIXE EM FILE CONGELADO PIRA,PEIXE EM FILÉ CONGELADO PIRA,,
7641,7641,PEIXE INTEIRO AGULHÃO,PEIXE INTEIRO AGULHÃO,,
7641,7641,PEIXE INTEIRO AGULHÃO BANDEIRA,PEIXE INTEIRO AGULHÃO,,
7641,7641,PEIXE INTEIRO AGULHÃO DE VELA,PEIXE INTEIRO AGULHÃO,,
7641,7641,PEIXE INTEIRO GUEBUÇU,PEIXE INTEIRO AGULHÃO,,
7641,7641,PEIXE INTEIRO MARLIM,PEIXE INTEIRO AGULHÃO,,
7641,7641,PEIXE INTEIRO AGULHÃO PRETO,PEIXE INTEIRO AGULHÃO,,
7641,7641,PEIXE INTEIRO DE VELA,PEIXE INTEIRO AGULHÃO,,
7641,7641,PEIXE INTEIRO GUEBO,PEIXE INTEIRO AGULHÃO,,
7641,7641,PEIXE INTEIRO ESPADARTE MECA,PEIXE INTEIRO AGULHÃO,,
7641,7641,PEIXE INTEIRO ESPADARTE,PEIXE INTEIRO AGULHÃO,,
7641,7641,PEIXE INTEIRO AGULHÃO BRANCO,PEIXE INTEIRO AGULHÃO,,
7641,7641,PEIXE INTEIRO AGULHÃO VELA,PEIXE INTEIRO AGULHÃO,,
7642,7642,PEIXE EM POSTAS AGULHÃO,PEIXE EM POSTAS AGULHÃO,,
7643,7643,PEIXE EM FILE FRESCO AGULHÃO,PEIXE EM FILÉ FRESCO AGULHÃO,,
7644,7644,PEIXE SALGADO AGULHÃO,PEIXE SALGADO AGULHÃO,,
7645,7645,PEIXE EM FILE CONGELADO AGULHÃO,PEIXE EM FILÉ CONGELADO AGULHÃO,,
7651,7651,PEIXE INTEIRO SALMONETE,PEIXE INTEIRO SALMONETE,,
7651,7651,PEIXE INTEIRO SALMÃO PEQUENO (SALMONETE),PEIXE INTEIRO SALMONETE,,
7651,7651,PEIXE INTEIRO SARAMONETE,PEIXE INTEIRO SALMONETE,,
7651,7651,PEIXE INTEIRO SALMONEJO,PEIXE INTEIRO SALMONETE,,
7651,7651,PEIXE INTEIRO PIRAMETARA,PEIXE INTEIRO SALMONETE,,
7651,7651,PEIXE INTEIRO SABONETE,PEIXE INTEIRO SALMONETE,,
7652,7652,PEIXE EM POSTAS SALMONETE,PEIXE EM POSTAS SALMONETE,,
7653,7653,PEIXE EM FILE FRESCO SALMONETE,PEIXE EM FILÉ FRESCO SALMONETE,,
7654,7654,PEIXE SALGADO SALMONETE,PEIXE SALGADO SALMONETE,,
7655,7655,PEIXE EM FILE CONGELADO SALMONETE,PEIXE EM FILÉ CONGELADO SALMONETE,,
7661,7661,CAMARÃO,CAMARÃO,,
7661,7661,CAMARÃO CABOCLO,CAMARÃO,,
7661,7661,CAMARÃO VERMELHO,CAMARÃO,,
7661,7661,CAMARÃO SERRINHA,CAMARÃO,,
7661,7661,CAMARÃO LEGITIMO,CAMARÃO,,
7661,7661,CAMARÃO ROSA,CAMARÃO,,
7661,7661,CAMARÃO POTITINGA,CAMARÃO,,
7661,7661,POTITINGA,CAMARÃO,,
7661,7661,CAMARÃO LIXO,CAMARÃO,,
7661,7661,CAMARÃO SETE BARBAS,CAMARÃO,,
7661,7661,CAMARÃO FERRINHO,CAMARÃO,,
7661,7661,VILA FRANCA,CAMARÃO,,
7661,7661,PITICAIA,CAMARÃO,,
7661,7661,CAMARÃO POTIMIRIM,CAMARÃO,,
7661,7661,PITIGAIA,CAMARÃO,,
7661,7661,POTIMIRIM,CAMARÃO,,
7662,7662,CAMARÃO SEM CASCA,CAMARÃO SEM CASCA,,
7663,7663,CODIGO TRUNCADO,,,
7664,7664,CAMARÃO SECO,CAMARÃO SECO,,
7664,7664,CAMARÃO SALGADO,CAMARÃO SECO,,
7665,7665,CODIGO TRUNCADO,,,
7671,7671,SIRI,SIRI,,
7671,7671,GUAIA,SIRI,,
7671,7671,SIRI PIMENTA,SIRI,,
7671,7671,GUAJA,SIRI,,
7671,7671,SIRI DO MANGUE,SIRI,,
7671,7671,SIRI BRANCO,SIRI,,
7671,7671,CAXANGA,SIRI,,
7671,7671,SIRI CANELA,SIRI,,
7671,7671,SIRI BAU,SIRI,,
7671,7671,SIRI GUAJA,SIRI,,
7671,7671,SIRI AZUL,SIRI,,
7671,7671,PUÃ,SIRI,,
7671,7671,SIRIMIRIM,SIRI,,
7671,7671,SIRIAÇU,SIRI,,
7671,7671,SIRI PATOLA,SIRI,,
7671,7671,SIRIPUÃ,SIRI,,
7671,7671,CHORA MARE,SIRI,,
7671,7671,CHAMA MARE,SIRI,,
7671,7671,TESOURA (SIRI),SIRI,,
7671,7671,BAU (SIRI),SIRI,,
7671,7671,GOIA,SIRI,,
7672,7672,SIRI SEM CASCA,SIRI SEM CASCA,,
7673,7673,CODIGO TRUNCADO,,,
7674,7674,SIRI SALGADO,SIRI SALGADO,,
7675,7675,CODIGO TRUNCADO,,,
7681,7681,CARANGUEJO,CARANGUEJO,,
7681,7681,GUAIAUMA,CARANGUEJO,,
7681,7681,ARATU,CARANGUEJO,,
7681,7681,GOIAMUM,CARANGUEJO,,
7681,7681,GUAIAMU,CARANGUEJO,,
7681,7681,GUAIAMUM,CARANGUEJO,,
7681,7681,FUBAMBA,CARANGUEJO,,
7681,7681,FUMBAMBA,CARANGUEJO,,
7681,7681,GOIAMU,CARANGUEJO,,
7682,7682,CARANGUEJO SEM CASCA,CARANGUEJO SEM CASCA,,
7683,7683,CODIGO TRUNCADO,,,
7684,7684,CARANGUEJO SALGADO,CARANGUEJO SALGADO,,
7685,7685,CODIGO TRUNCADO,,,
7691,7691,MARISCO,MARISCO,,
7691,7691,MEXILHÃO,MARISCO,,
7691,7691,OSTRA DE POBRE (MARISCO),MARISCO,,
7691,7691,SURURU DAS PEDRAS (MARISCO),MARISCO,,
7692,7692,MARISCO SEM CASCA,MARISCO SEM CASCA,,
7693,7693,CODIGO TRUNCADO,,,
7694,7694,MARISCO SALGADO,MARISCO SALGADO,,
7695,7695,CODIGO TRUNCADO,,,
7701,7701,OSTRA,OSTRA,,
7701,7701,OSTRA DO FUNDO,OSTRA,,
7701,7701,OSTRA AMERICANA,OSTRA,,
7701,7701,OSTRA DAS PEDRAS,OSTRA,,
7701,7701,OSTRA DO MANGUE,OSTRA,,
7701,7701,GUERIRI,OSTRA,,
7701,7701,GORIRI,OSTRA,,
7701,7701,LAMBRETA (OSTRA),OSTRA,,
7701,7701,OSTRA DA VIRGINIA,OSTRA,,
7702,7702,OSTRA SEM CASCA,OSTRA SEM CASCA,,
7703,7703,CODIGO TRUNCADO,,,
7704,7704,OSTRA SALGADA,OSTRA SALGADA,,
7705,7705,CODIGO TRUNCADO,,,
7711,7711,LULA,LULA,,
7711,7711,CALAMAR,LULA,,
7712,7712,CODIGO TRUNCADO,,,
7713,7713,CODIGO TRUNCADO,,,
7714,7714,CODIGO TRUNCADO,,,
7715,7715,CODIGO TRUNCADO,,,
7721,7721,SURURU,SURURU,,
7721,7721,SURURU DE ALAGOAS,SURURU,,
7721,7721,SIRIRI,SURURU,,
7721,7721,BACUCU,SURURU,,
7721,7721,ALASTRIM,SURURU,,
7722,7722,SURURU SEM CASCA,SURURU SEM CASCA,,
7723,7723,CODIGO TRUNCADO,,,
7724,7724,SURURU SALGADO,SURURU SALGADO,,
7725,7725,CODIGO TRUNCADO,,,
7731,7731,LAGOSTA,LAGOSTA,,
7731,7731,SAPATEIRA (LAGOSTA),LAGOSTA,,
7731,7731,LAGOSTA JAPONESA,LAGOSTA,,
7731,7731,LAGOSTIM,LAGOSTA,,
7731,7731,LAGOSTA SAPATEIRA,LAGOSTA,,
7731,7731,LAGOSTA VERDE,LAGOSTA,,
7731,7731,LAGOSTA DE ESPINHO,LAGOSTA,,
7731,7731,LAGOSTA COMUM,LAGOSTA,,
7731,7731,CAVAQUEIRA,LAGOSTA,,
7731,7731,LAGOSTA VERMELHA,LAGOSTA,,
7731,7731,LAGOSTA CABO VERDE,LAGOSTA,,
7731,7731,LAGOSTA PINTADA,LAGOSTA,,
7731,7731,LAGOSTA VERDADEIRA,LAGOSTA,,
7732,7732,LAGOSTA SEM CASCA,LAGOSTA SEM CASCA,,
7733,7733,CODIGO TRUNCADO,,,
7734,7734,LAGOSTA SALGADA,LAGOSTA SALGADA,,
7735,7735,CODIGO TRUNCADO,,,
7741,7741,VIEIRA,VIEIRA,,
7741,7741,LEQUE (MOLUSCO),VIEIRA,,
7742,7742,VIEIRA SEM CASCA,VIEIRA SEM CASCA,,
7743,7743,CODIGO TRUNCADO,,,
7744,7744,VIEIRA SALGADA,VIEIRA SALGADA,,
7745,7745,CODIGO TRUNCADO,,,
7751,7751,TARTARUGA DE MAR,TARTARUGA DE MAR,,
7751,7751,TARTARUGA DE PENTE,TARTARUGA DE MAR,,
7751,7751,TARTARUGA VERDADEIRA,TARTARUGA DE MAR,,
7751,7751,TARTARUGA VERDE,TARTARUGA DE MAR,,
7751,7751,SURUANÃ,TARTARUGA DE MAR,,
7752,7752,TARTARUGA EM POSTAS,TARTARUGA EM POSTAS,,
7753,7753,TARTARUGA EM FILE FRESCO,TARTARUGA EM FILÉ FRESCO,,
7754,7754,TARTARUGA SALGADA,TARTARUGA SALGADA,,
7755,7755,TARTARUGA EM FILE CONGELADO,TARTARUGA EM FILÉ CONGELADO,,
7761,7761,CODIGO TRUNCADO,,,
7762,7762,CODIGO TRUNCADO,,,
7763,7763,CODIGO TRUNCADO,,,
7764,7764,BACALHAU,BACALHAU,,
7765,7765,CODIGO TRUNCADO,,,
7771,7771,PEIXE INTEIRO CAICANHA,PEIXE INTEIRO CAIÇANHA,,
7771,7771,PEIXE INTEIRO CARCANHA,PEIXE INTEIRO CAIÇANHA,,
7771,7771,PEIXE INTEIRO SAGUA,PEIXE INTEIRO CAIÇANHA,,
7771,7771,PEIXE INTEIRO SANHOA,PEIXE INTEIRO CAIÇANHA,,
7771,7771,PEIXE INTEIRO CHOUPA,PEIXE INTEIRO CAIÇANHA,,
7771,7771,PEIXE INTEIRO SAUARA,PEIXE INTEIRO CAIÇANHA,,
7771,7771,PEIXE INTEIRO PEDRA,PEIXE INTEIRO CAIÇANHA,,
7771,7771,PEIXE INTEIRO CORO BRANCO,PEIXE INTEIRO CAIÇANHA,,
7771,7771,PEIXE INTEIRO GOLOSA,PEIXE INTEIRO CAIÇANHA,,
7771,7771,PEIXE INTEIRO GULOSA,PEIXE INTEIRO CAIÇANHA,,
7772,7772,PEIXE EM POSTAS CAICANHA,PEIXE EM POSTAS CAIÇANHA,,
7773,7773,PEIXE EM FILE FRESCO CAICANHA,PEIXE EM FILÉ FRESCO CAIÇANHA,,
7774,7774,PEIXE SALGADO CAICANHA,PEIXE SALGADO CAIÇANHA,,
7775,7775,PEIXE EM FILE CONGELADO CAICANHA,PEIXE EM FILÉ CONGELADO CAIÇANHA,,
7781,7781,PEIXE INTEIRO MISTURA DE MAR,PEIXE INTEIRO MISTURA DE MAR,,
7782,7782,CODIGO TRUNCADO,PEIXE EM POSTAS MISTURA DE MAR,,
7783,7783,PEIXE EM FILE FRESCO MISTURA,PEIXE EM FILÉ FRESCO MISTURA DE MAR,,
7784,7784,PEIXE SALGADO MISTURA DE MAR,PEIXE SALGADO MISTURA DE MAR,,
7785,7785,CODIGO TRUNCADO,,,
7791,7791,PEIXE INTEIRO TIRAVIRA,PEIXE INTEIRO TIRAVIRA,,
7791,7791,PEIXE INTEIRO CONGRO REAL,PEIXE INTEIRO TIRAVIRA,,
7791,7791,PEIXE INTEIRO VIUVA,PEIXE INTEIRO TIRAVIRA,,
7791,7791,PEIXE INTEIRO TIRIVIRA,PEIXE INTEIRO TIRAVIRA,,
7791,7791,PEIXE INTEIRO TIRAVIDA,PEIXE INTEIRO TIRAVIRA,,
7792,7792,PEIXE EM POSTAS TIRAVIRA,PEIXE EM POSTAS TIRAVIRA,,
7793,7793,PEIXE EM FILE FRESCO TIRAVIRA,PEIXE EM FILÉ FRESCO TIRAVIRA,,
7794,7794,PEIXE SALGADO TIRAVIRA,PEIXE SALGADO TIRAVIRA,,
7795,7795,PEIXE EM FILE CONGELADO TIRAVIRA,PEIXE EM FILÉ CONGELADO TIRAVIRA,,
7801,7801,OVAS DE PEIXE (QUALQUER ESPECIE),OVAS DE PEIXE (QUALQUER ESPÉCIE),,
7802,7802,CODIGO TRUNCADO,,,
7803,7803,CODIGO TRUNCADO,,,
7804,7804,OVAS DE PEIXE SALGADAS (QUALQUER ESPECIE),OVAS DE PEIXE SALGADAS (QUALQUER ESPÉCIE),,
7805,7805,CODIGO TRUNCADO,,,
7811,7811,PEIXE INTEIRO ALICHE,PEIXE INTEIRO ALICHE,,
7812,7812,PEIXE EM POSTAS ALICHE,PEIXE EM POSTAS ALICHE,,
7813,7813,PEIXE EM FILE FRESCO ALICHE,PEIXE EM FILE FRESCO ALICHE,,
7814,7814,PEIXE SALGADO ALICHE,PEIXE SALGADO ALICHE,,
7815,7815,PEIXE EM FILE CONGELADO ALICHE,PEIXE EM FILÉ CONGELADO ALICHE,,
7821,7821,CODIGO TRUNCADO,POLVO,,
7822,7822,POLVO EM POSTAS,POLVO EM POSTAS,,
7823,7823,CODIGO TRUNCADO,,,
7824,7824,POLVO SALGADO,POLVO SALGADO,,
7825,7825,CODIGO TRUNCADO,,,
8000,8000,PESCADOS DE AGUA DOCE FRESCOS E INDUSTRIALIZADOS,,,
8001,8001,PEIXE INTEIRO DE AGUA DOCE (NÃO ESPECIFICADO),PEIXE INTEIRO DE AGUA DOCE (NÃO ESPECIFICADO),,
8002,8002,PEIXE EM POSTAS DE AGUA DOCE (NÃO ESPECIFICADO),PEIXE EM POSTAS DE AGUA DOCE (NÃO ESPECIFICADO),,
8003,8003,PEIXE EM FILE FRESCO DE AGUA DOCE (NÃO ESPECIFICADO),PEIXE EM FILÉ FRESCO DE AGUA DOCE (NÃO ESPECIFICADO),,
8004,8004,PEIXE SALGADO DE AGUA DOCE (NÃO ESPECIFICADO),PEIXE SALGADO DE AGUA DOCE (NÃO ESPECIFICADO),,
8005,8005,PEIXE EM FILE CONGELADO DE AGUA DOCE (NÃO ESPECIF.),PEIXE EM FILÉ CONGELADO DE AGUA DOCE (NÃO ESPECIFICADO),,
8011,8011,PEIXE INTEIRO TRAIRA,PEIXE INTEIRO TRAIRA,,
8011,8011,PEIXE INTEIRO TARARIRA,PEIXE INTEIRO TRAIRA,,
8011,8011,PEIXE INTEIRO TARIEIRA,PEIXE INTEIRO TRAIRA,,
8011,8011,PEIXE INTEIRO TARIIRA,PEIXE INTEIRO TRAIRA,,
8011,8011,PEIXE INTEIRO TARAIRA,PEIXE INTEIRO TRAIRA,,
8011,8011,PEIXE INTEIRO CONGUAÇU,PEIXE INTEIRO TRAIRA,,
8011,8011,PEIXE INTEIRO TRARIEIRA,PEIXE INTEIRO TRAIRA,,
8011,8011,PEIXE INTEIRO ROBAFO,PEIXE INTEIRO TRAIRA,,
8011,8011,PEIXE INTEIRO DORME DORME,PEIXE INTEIRO TRAIRA,,
8011,8011,PEIXE INTEIRO RUBAFO,PEIXE INTEIRO TRAIRA,,
8011,8011,PEIXE INTEIRO MATURAQUE,PEIXE INTEIRO TRAIRA,,
8012,8012,PEIXE EM POSTAS TRAIRA,PEIXE EM POSTAS TRAIRA,,
8013,8013,PEIXE EM FILE FRESCO TRAIRA,PEIXE EM FILÉ FRESCO TRAIRA,,
8014,8014,PEIXE SALGADO TRAIRA,PEIXE SALGADO TRAIRA,,
8015,8015,PEIXE EM FILE CONGELADO TRAIRA,PEIXE EM FILÉ CONGELADO TRAIRA,,
8021,8021,PEIXE INTEIRO ACARA,PEIXE INTEIRO ACARA,,
8021,8021,PEIXE INTEIRO CARA SEVERO,PEIXE INTEIRO ACARA,,
8021,8021,PEIXE INTEIRO CARA TOPETE,PEIXE INTEIRO ACARA,,
8021,8021,PEIXE INTEIRO CARA BERE,PEIXE INTEIRO ACARA,,
8021,8021,PEIXE INTEIRO ACARAPEBA,PEIXE INTEIRO ACARA,,
8021,8021,PEIXE INTEIRO CARA,PEIXE INTEIRO ACARA,,
8021,8021,PEIXE INTEIRO CARA DIADEMA,PEIXE INTEIRO ACARA,,
8021,8021,PEIXE INTEIRO CARA BERERE,PEIXE INTEIRO ACARA,,
8021,8021,PEIXE INTEIRO ACARAUNA,PEIXE INTEIRO ACARA,,
8021,8021,PEIXE INTEIRO ACARA AÇU,PEIXE INTEIRO ACARA,,
8021,8021,PEIXE INTEIRO CARA DE TOPETE,PEIXE INTEIRO ACARA,,
8021,8021,PEIXE INTEIRO ACARA FUSO,PEIXE INTEIRO ACARA,,
8021,8021,PEIXE INTEIRO CARA PRETO,PEIXE INTEIRO ACARA,,
8021,8021,PEIXE INTEIRO CARA CASCUDO,PEIXE INTEIRO ACARA,,
8021,8021,PEIXE INTEIRO CARA PATAQUIRA,PEIXE INTEIRO ACARA,,
8021,8021,PEIXE INTEIRO CARA BOBO,PEIXE INTEIRO ACARA,,
8021,8021,PEIXE INTEIRO CARA GUAÇU,PEIXE INTEIRO ACARA,,
8021,8021,PEIXE INTEIRO CARA VAÇU,PEIXE INTEIRO ACARA,,
8021,8021,PEIXE INTEIRO CARA GIGANTE,PEIXE INTEIRO ACARA,,
8021,8021,PEIXE INTEIRO CARA TONTO,PEIXE INTEIRO ACARA,,
8021,8021,PEIXE INTEIRO CARA ZEBU,PEIXE INTEIRO ACARA,,
8021,8021,PEIXE INTEIRO CARA FERREIRO,PEIXE INTEIRO ACARA,,
8021,8021,PEIXE INTEIRO MERERE,PEIXE INTEIRO ACARA,,
8021,8021,PEIXE INTEIRO CORRO,PEIXE INTEIRO ACARA,,
8021,8021,PEIXE INTEIRO MORERE,PEIXE INTEIRO ACARA,,
8021,8021,PEIXE INTEIRO APAIARI,PEIXE INTEIRO ACARA,,
8021,8021,PEIXE INTEIRO ARARUA,PEIXE INTEIRO ACARA,,
8021,8021,PEIXE INTEIRO CARAUNA,PEIXE INTEIRO ACARA,,
8021,8021,PEIXE INTEIRO ESPANHARINA,PEIXE INTEIRO ACARA,,
8021,8021,PEIXE INTEIRO BUVUARI,PEIXE INTEIRO ACARA,,
8021,8021,PEIXE INTEIRO CARAMBANGE,PEIXE INTEIRO ACARA,,
8021,8021,PEIXE INTEIRO PILAPE,PEIXE INTEIRO ACARA,,
8021,8021,PEIXE INTEIRO BARARUA,PEIXE INTEIRO ACARA,,
8021,8021,CARA-AÇU,PEIXE INTEIRO ACARA,,
8022,8022,PEIXE EM POSTAS ACARA,PEIXE EM POSTAS ACARA,,
8023,8023,PEIXE EM FILE FRESCO ACARA,PEIXE EM FILE FRESCO ACARA,,
8024,8024,PEIXE SALGADO ACARA,PEIXE SALGADO ACARA,,
8025,8025,PEIXE EM FILE CONGELADO ACARA,PEIXE EM FILÉ CONGELADO ACARA,,
8031,8031,PEIXE INTEIRO LAMBARI,PEIXE INTEIRO LAMBARI,,
8031,8031,PEIXE INTEIRO PIABA PIXUNA,PEIXE INTEIRO LAMBARI,,
8031,8031,PEIXE INTEIRO PIABA BRANCA,PEIXE INTEIRO LAMBARI,,
8031,8031,PEIXE INTEIRO CASCA GROSSA,PEIXE INTEIRO LAMBARI,,
8031,8031,PEIXE INTEIRO ISCA BRANCA,PEIXE INTEIRO LAMBARI,,
8031,8031,PEIXE INTEIRO CEVELHA,PEIXE INTEIRO LAMBARI,,
8031,8031,PEIXE INTEIRO MOCINHO,PEIXE INTEIRO LAMBARI,,
8031,8031,PEIXE INTEIRO MOCINHA,PEIXE INTEIRO LAMBARI,,
8031,8031,PEIXE INTEIRO TAMBIU,PEIXE INTEIRO LAMBARI,,
8031,8031,PEIXE INTEIRO CATUNGA,PEIXE INTEIRO LAMBARI,,
8031,8031,PEIXE INTEIRO TAPIOCA,PEIXE INTEIRO LAMBARI,,
8031,8031,PEIXE INTEIRO MATUPIRI,PEIXE INTEIRO LAMBARI,,
8031,8031,PEIXE INTEIRO CANIVETE,PEIXE INTEIRO LAMBARI,,
8031,8031,PEIXE INTEIRO PIQUIRA,PEIXE INTEIRO LAMBARI,,
8031,8031,PEIXE INTEIRO BRANQUINHA,PEIXE INTEIRO LAMBARI,,
8031,8031,PEIXE INTEIRO BRANQUINHO,PEIXE INTEIRO LAMBARI,,
8031,8031,PEIXE INTEIRO PIABUÇU,PEIXE INTEIRO LAMBARI,,
8031,8031,PEIXE INTEIRO PIABINHA,PEIXE INTEIRO LAMBARI,,
8031,8031,PEIXE INTEIRO ALAMBARI,PEIXE INTEIRO LAMBARI,,
8031,8031,PEIXE INTEIRO PIABA DA LAGOA,PEIXE INTEIRO LAMBARI,,
8031,8031,PEIXE INTEIRO PIAVUÇU,PEIXE INTEIRO LAMBARI,,
8031,8031,PEIXE INTEIRO PIAVA,PEIXE INTEIRO LAMBARI,,
8031,8031,PEIXE INTEIRO PIABA,PEIXE INTEIRO LAMBARI,,
8031,8031,PEIXE INTEIRO PIABA CRIOULA,PEIXE INTEIRO LAMBARI,,
8032,8032,PEIXE EM POSTAS LAMBARI,PEIXE EM POSTAS LAMBARI,,
8033,8033,PEIXE EM FILE FRESCO LAMBARI,PEIXE EM FILÉ FRESCO LAMBARI,,
8034,8034,PEIXE SALGADO LAMBARI,PEIXE SALGADO LAMBARI,,
8035,8035,PEIXE EM FILE CONGELADO LAMBARI,PEIXE EM FILÉ CONGELADO LAMBARI,,
8041,8041,PEIXE INTEIRO SURUBIM,PEIXE INTEIRO SURUBIM,,
8041,8041,PEIXE INTEIRO PIRAUACA,PEIXE INTEIRO SURUBIM,,
8041,8041,PEIXE INTEIRO JURUPOCA,PEIXE INTEIRO SURUBIM,,
8041,8041,PEIXE INTEIRO PIRAMBUCU,PEIXE INTEIRO SURUBIM,,
8041,8041,PEIXE INTEIRO BOCA DE COLHER,PEIXE INTEIRO SURUBIM,,
8041,8041,PEIXE INTEIRO JIRIPOCA,PEIXE INTEIRO SURUBIM,,
8041,8041,PEIXE INTEIRO JERUPOCA,PEIXE INTEIRO SURUBIM,,
8041,8041,PEIXE INTEIRO SURUBIM CAPARARI,PEIXE INTEIRO SURUBIM,,
8041,8041,PEIXE INTEIRO SURUBIM PINTADO,PEIXE INTEIRO SURUBIM,,
8041,8041,PEIXE INTEIRO POQUINHA,PEIXE INTEIRO SURUBIM,,
8041,8041,PEIXE INTEIRO SURUBIM RAJADO,PEIXE INTEIRO SURUBIM,,
8041,8041,PEIXE INTEIRO SURUBIM LIMA,PEIXE INTEIRO SURUBIM,,
8041,8041,PEIXE INTEIRO JURUPENSEM,PEIXE INTEIRO SURUBIM,,
8041,8041,PEIXE INTEIRO SURUMI,PEIXE INTEIRO SURUBIM,,
8041,8041,PEIXE INTEIRO LOANGO,PEIXE INTEIRO SURUBIM,,
8041,8041,PEIXE INTEIRO SURUBIM CHICOTE,PEIXE INTEIRO SURUBIM,,
8041,8041,PEIXE INTEIRO PINTADO,PEIXE INTEIRO SURUBIM,,
8041,8041,PEIXE INTEIRO SURUBI,PEIXE INTEIRO SURUBIM,,
8041,8041,PEIXE INTEIRO SORUBI,PEIXE INTEIRO SURUBIM,,
8041,8041,PEIXE INTEIRO SORUBIM,PEIXE INTEIRO SURUBIM,,
8041,8041,PEIXE INTEIRO SURUMBI,PEIXE INTEIRO SURUBIM,,
8041,8041,PEIXE INTEIRO CAPARARI,PEIXE INTEIRO SURUBIM,,
8041,8041,PEIXE INTEIRO PIRAACA,PEIXE INTEIRO SURUBIM,,
8041,8041,PEIXE INTEIRO BRUTELO,PEIXE INTEIRO SURUBIM,,
8041,8041,PEIXE INTEIRO CAÇONETE DE RIO (SURUBIM),PEIXE INTEIRO SURUBIM,,
8041,8041,PEIXE INTEIRO CAPARI,PEIXE INTEIRO SURUBIM,,
8041,8041,PEIXE INTEIRO BICO DE PATO,PEIXE INTEIRO SURUBIM,,
8041,8041,PEIXE INTEIRO PONQUINHA,PEIXE INTEIRO SURUBIM,,
8042,8042,PEIXE EM POSTAS SURUBIM,PEIXE EM POSTAS SURUBIM,,
8043,8043,PEIXE EM FILE FRESCO SURUBIM,PEIXE EM FILÉ FRESCO SURUBIM,,
8044,8044,PEIXE SALGADO SURUBIM,PEIXE SALGADO SURUBIM,,
8045,8045,PEIXE EM FILE CONGELADO SURUBIM,PEIXE EM FILÉ CONGELADO SURUBIM,,
8051,8051,PEIXE INTEIRO JACUNDA,PEIXE INTEIRO JACUNDA,,
8051,8051,PEIXE INTEIRO CABEÇA AMARGA,PEIXE INTEIRO JACUNDA,,
8051,8051,PEIXE INTEIRO MIXORNE,PEIXE INTEIRO JACUNDA,,
8051,8051,PEIXE INTEIRO JACUNDA CABEÇUDO,PEIXE INTEIRO JACUNDA,,
8051,8051,PEIXE INTEIRO JOANA GUENZA,PEIXE INTEIRO JACUNDA,,
8051,8051,PEIXE INTEIRO JACUNDA VERDE,PEIXE INTEIRO JACUNDA,,
8051,8051,PEIXE INTEIRO MARIA GUENZA,PEIXE INTEIRO JACUNDA,,
8051,8051,PEIXE INTEIRO JACUNDA BRANCO,PEIXE INTEIRO JACUNDA,,
8051,8051,PEIXE INTEIRO JACUNDA PIRANGA,PEIXE INTEIRO JACUNDA,,
8051,8051,PEIXE INTEIRO JACUNDA AÇU,PEIXE INTEIRO JACUNDA,,
8051,8051,PEIXE INTEIRO JACUNDA PINIMA,PEIXE INTEIRO JACUNDA,,
8051,8051,PEIXE INTEIRO JACUNDA TOURO,PEIXE INTEIRO JACUNDA,,
8051,8051,PEIXE INTEIRO GUENZA,PEIXE INTEIRO JACUNDA,,
8051,8051,PEIXE INTEIRO JOANINHA,PEIXE INTEIRO JACUNDA,,
8051,8051,PEIXE INTEIRO JACUNDA COROA,PEIXE INTEIRO JACUNDA,,
8051,8051,PEIXE INTEIRO JACUNDA TOTO,PEIXE INTEIRO JACUNDA,,
8051,8051,PEIXE INTEIRO LOPE,PEIXE INTEIRO JACUNDA,,
8051,8051,PEIXE INTEIRO SABÃO,PEIXE INTEIRO JACUNDA,,
8051,8051,PEIXE INTEIRO MICHOLA,PEIXE INTEIRO JACUNDA,,
8051,8051,PEIXE INTEIRO SERRA DE AGUA DOCE (JACUNDA),PEIXE INTEIRO JACUNDA,,
8051,8051,PEIXE INTEIRO GUENZA VERDE,PEIXE INTEIRO JACUNDA,,
8051,8051,PEIXE INTEIRO JOANINHA GUENZA,PEIXE INTEIRO JACUNDA,,
8052,8052,PEIXE EM POSTAS JACUNDA,PEIXE EM POSTAS JACUNDA,,
8053,8053,PEIXE EM FILE FRESCO JACUNDA,PEIXE EM FILÉ FRESCO JACUNDA,,
8054,8054,PEIXE SALGADO JACUNDA,PEIXE SALGADO JACUNDA,,
8055,8055,PEIXE EM FILE CONGELADO JACUNDA,PEIXE EM FILÉ CONGELADO JACUNDA,,
8061,8061,PEIXE INTEIRO PIRARUCU,PEIXE INTEIRO PIRARUCU,,
8061,8061,PEIXE INTEIRO PIRACU,PEIXE INTEIRO PIRARUCU,,
8061,8061,PEIXE INTEIRO TUBARÃO DE MARIA (PIRARUCU),PEIXE INTEIRO PIRARUCU,,
8061,8061,PEIXE INTEIRO BODECO,PEIXE INTEIRO PIRARUCU,,
8061,8061,PEIXE INTEIRO ANATO,PEIXE INTEIRO PIRARUCU,,
8061,8061,PEIXE INTEIRO PIRAURUCU,PEIXE INTEIRO PIRARUCU,,
8062,8062,PEIXE EM POSTAS PIRARUCU,PEIXE EM POSTAS PIRARUCU,,
8063,8063,PEIXE EM FILE FRESCO PIRARUCU,PEIXE EM FILÉ FRESCO PIRARUCU,,
8064,8064,PEIXE SALGADO PIRARUCU,PEIXE SALGADO PIRARUCU,,
8065,8065,PEIXE EM FILE CONGELADO PIRARUCU,PEIXE EM FILÉ CONGELADO PIRARUCU,,
8071,8071,PEIXE INTEIRO ARACU,PEIXE INTEIRO ARACU,,
8071,8071,PEIXE INTEIRO ARACU PINIMA,PEIXE INTEIRO ARACU,,
8071,8071,PEIXE INTEIRO ARACU BRANCO,PEIXE INTEIRO ARACU,,
8071,8071,PEIXE INTEIRO ARACU TAQUARA,PEIXE INTEIRO ARACU,,
8071,8071,PEIXE INTEIRO ARACU PINTADO,PEIXE INTEIRO ARACU,,
8071,8071,PEIXE INTEIRO TAGUARA,PEIXE INTEIRO ARACU,,
8071,8071,PEIXE INTEIRO CAGUARA,PEIXE INTEIRO ARACU,,
8071,8071,PEIXE INTEIRO ARACUTINGA,PEIXE INTEIRO ARACU,,
8071,8071,PEIXE INTEIRO TAQUARA,PEIXE INTEIRO ARACU,,
8072,8072,PEIXE EM POSTAS ARACU,PEIXE EM POSTAS ARACU,,
8073,8073,PEIXE EM FILE FRESCO ARACU,PEIXE EM FILÉ FRESCO ARACU,,
8074,8074,PEIXE SALGADO ARACU,PEIXE SALGADO ARACU,,
8075,8075,PEIXE EM FILE CONGELADO ARACU,PEIXE EM FILÉ CONGELADO ARACU,,
8081,8081,PEIXE INTEIRO TILAPIA,PEIXE INTEIRO TILAPIA,,
8082,8082,PEIXE EM POSTAS TILAPIA,PEIXE EM POSTAS TILAPIA,,
8083,8083,PEIXE EM FILE FRESCO TILAPIA,PEIXE EM FILÉ FRESCO TILAPIA,,
8084,8084,PEIXE SALGADO TILAPIA,PEIXE SALGADO TILAPIA,,
8085,8085,PEIXE EM FILE CONGELADO TILAPIA,PEIXE EM FILÉ CONGELADO TILAPIA,,
8091,8091,PEIXE INTEIRO JEJU,PEIXE INTEIRO JEJU,,
8091,8091,PEIXE INTEIRO TRAIRA PIXUNA (JEJU),PEIXE INTEIRO JEJU,,
8091,8091,PEIXE INTEIRO JIJU,PEIXE INTEIRO JEJU,,
8091,8091,PEIXE INTEIRO TRAIRA PIXURIA (JEJU),PEIXE INTEIRO JEJU,,
8092,8092,PEIXE EM POSTAS JEJU,PEIXE EM POSTAS JEJU,,
8093,8093,PEIXE EM FILE FRESCO JEJU,PEIXE EM FILÉ FRESCO JEJU,,
8094,8094,PEIXE SALGADO JEJU,PEIXE SALGADO JEJU,,
8095,8095,PEIXE EM FILE CONGELADO JEJU,PEIXE EM FILÉ CONGELADO JEJU,,
8101,8101,PEIXE INTEIRO CURIMATÃ,PEIXE INTEIRO CURIMATÃ,,
8101,8101,PEIXE INTEIRO CURIMATAU,PEIXE INTEIRO CURIMATÃ,,
8101,8101,PEIXE INTEIRO CURIMATA,PEIXE INTEIRO CURIMATÃ,,
8101,8101,PEIXE INTEIRO CHIRA,PEIXE INTEIRO CURIMATÃ,,
8101,8101,PEIXE INTEIRO CURUMBATA,PEIXE INTEIRO CURIMATÃ,,
8101,8101,PEIXE INTEIRO CORIMBA,PEIXE INTEIRO CURIMATÃ,,
8101,8101,PEIXE INTEIRO MORE (CURIMATÃ),PEIXE INTEIRO CURIMATÃ,,
8101,8101,PEIXE INTEIRO CURIBATA,PEIXE INTEIRO CURIMATÃ,,
8101,8101,PEIXE INTEIRO CURIMBA,PEIXE INTEIRO CURIMATÃ,,
8101,8101,PEIXE INTEIRO CURIMBATA,PEIXE INTEIRO CURIMATÃ,,
8101,8101,PEIXE INTEIRO CORUMBATA,PEIXE INTEIRO CURIMATÃ,,
8101,8101,PEIXE INTEIRO CRUMATÃ,PEIXE INTEIRO CURIMATÃ,,
8101,8101,PEIXE INTEIRO CURIMBOTA,PEIXE INTEIRO CURIMATÃ,,
8101,8101,PEIXE INTEIRO BAMBA,PEIXE INTEIRO CURIMATÃ,,
8101,8101,PEIXE INTEIRO GRUMEXA,PEIXE INTEIRO CURIMATÃ,,
8101,8101,PEIXE INTEIRO GERICOIA,PEIXE INTEIRO CURIMATÃ,,
8101,8101,PEIXE INTEIRO GRUMATÃ,PEIXE INTEIRO CURIMATÃ,,
8101,8101,PEIXE INTEIRO GRAMATÃO,PEIXE INTEIRO CURIMATÃ,,
8102,8102,PEIXE EM POSTAS CURIMATÃ,PEIXE EM POSTAS CURIMATÃ,,
8103,8103,PEIXE EM FILE FRESCO CURIMATÃ,PEIXE EM FILÉ FRESCO CURIMATÃ,,
8104,8104,PEIXE SALGADO CURIMATÃ,PEIXE SALGADO CURIMATÃ,,
8105,8105,PEIXE EM FILE CONGELADO CURIMATÃ,PEIXE EM FILÉ CONGELADO CURIMATÃ,,
8111,8111,PEIXE INTEIRO TUCUNARE,PEIXE INTEIRO TUCUNARÉ,,
8111,8111,PEIXE INTEIRO TUCUNARE AÇU,PEIXE INTEIRO TUCUNARÉ,,
8111,8111,PEIXE INTEIRO BURRIQUETI DE RIO (TUCUNARE),PEIXE INTEIRO TUCUNARÉ,,
8111,8111,PEIXE INTEIRO TUCUNARE AÇO,PEIXE INTEIRO TUCUNARÉ,,
8111,8111,PEIXE INTEIRO PUNARE,PEIXE INTEIRO TUCUNARÉ,,
8111,8111,PEIXE INTEIRO LUCANARI,PEIXE INTEIRO TUCUNARÉ,,
8111,8111,PEIXE INTEIRO TUCUNARE LUMBINHO,PEIXE INTEIRO TUCUNARÉ,,
8111,8111,PEIXE INTEIRO LACANARI,PEIXE INTEIRO TUCUNARÉ,,
8111,8111,PEIXE INTEIRO TUCUNARE BRANCO,PEIXE INTEIRO TUCUNARÉ,,
8111,8111,PEIXE INTEIRO TUCUNARE PUTANGA,PEIXE INTEIRO TUCUNARÉ,,
8111,8111,PEIXE INTEIRO TUCUNARETINGA,PEIXE INTEIRO TUCUNARÉ,,
8111,8111,PEIXE INTEIRO TUCUNARE PITANGA,PEIXE INTEIRO TUCUNARÉ,,
8111,8111,PEIXE INTEIRO TUCUNARE PINIMA,PEIXE INTEIRO TUCUNARÉ,,
8111,8111,PEIXE INTEIRO BURRIQUETA DE RIO (TUCUNARE),PEIXE INTEIRO TUCUNARÉ,,
8111,8111,PEIXE INTEIRO BURRIQUETE DE RIO (TUCUNARE),PEIXE INTEIRO TUCUNARÉ,,
8111,8111,PEIXE INTEIRO SARABIANA,PEIXE INTEIRO TUCUNARÉ,,
8111,8111,PEIXE INTEIRO PUTANGA,PEIXE INTEIRO TUCUNARÉ,,
8111,8111,PEIXE INTEIRO PITANGA,PEIXE INTEIRO TUCUNARÉ,,
8112,8112,PEIXE EM POSTAS TUCUNARE,PEIXE EM POSTAS TUCUNARÉ,,
8113,8113,PEIXE EM FILE FRESCO TUCUNARE,PEIXE EM FILÉ FRESCO TUCUNARÉ,,
8114,8114,PEIXE SALGADO TUCUNARE,PEIXE SALGADO TUCUNARÉ,,
8115,8115,PEIXE EM FILE CONGELADO TUCUNARE,PEIXE EM FILÉ CONGELADO TUCUNARÉ,,
8121,8121,PEIXE INTEIRO ACARI,PEIXE INTEIRO ACARÍ,,
8121,8121,PEIXE INTEIRO CASCUDO BARBADO,PEIXE INTEIRO ACARÍ,,
8121,8121,PEIXE INTEIRO CARITO,PEIXE INTEIRO ACARÍ,,
8121,8121,PEIXE INTEIRO CACHIMBAU,PEIXE INTEIRO ACARÍ,,
8121,8121,PEIXE INTEIRO PILATOS,PEIXE INTEIRO ACARÍ,,
8121,8121,PEIXE INTEIRO UACARI,PEIXE INTEIRO ACARÍ,,
8121,8121,PEIXE INTEIRO BODO,PEIXE INTEIRO ACARÍ,,
8121,8121,PEIXE INTEIRO GUACARI,PEIXE INTEIRO ACARÍ,,
8121,8121,PEIXE INTEIRO CASCUDO ESPINHO,PEIXE INTEIRO ACARÍ,,
8121,8121,PEIXE INTEIRO CASCUDINHO,PEIXE INTEIRO ACARÍ,,
8121,8121,PEIXE INTEIRO CASCUDO LIMA,PEIXE INTEIRO ACARÍ,,
8121,8121,PEIXE INTEIRO CASCUDO COMUM,PEIXE INTEIRO ACARÍ,,
8121,8121,PEIXE INTEIRO CASCUDO ESPADA,PEIXE INTEIRO ACARÍ,,
8121,8121,PEIXE INTEIRO CARI,PEIXE INTEIRO ACARÍ,,
8121,8121,PEIXE INTEIRO BOI DE GUARA (ACARI),PEIXE INTEIRO ACARÍ,,
8121,8121,PEIXE INTEIRO ACARI PINTADO,PEIXE INTEIRO ACARÍ,,
8121,8121,PEIXE INTEIRO APERTA GALHA,PEIXE INTEIRO ACARÍ,,
8121,8121,PEIXE INTEIRO ACARIJUBA,PEIXE INTEIRO ACARÍ,,
8121,8121,PEIXE INTEIRO ACARI MOLE,PEIXE INTEIRO ACARÍ,,
8121,8121,PEIXE INTEIRO ACARI VIOLA,PEIXE INTEIRO ACARÍ,,
8121,8121,PEIXE INTEIRO ACARI LARANJA,PEIXE INTEIRO ACARÍ,,
8121,8121,PEIXE INTEIRO ACARI CHICOTE,PEIXE INTEIRO ACARÍ,,
8121,8121,PEIXE INTEIRO ACARI ESPADA,PEIXE INTEIRO ACARÍ,,
8121,8121,PEIXE INTEIRO ACARI CACHIMBO,PEIXE INTEIRO ACARÍ,,
8121,8121,PEIXE INTEIRO ACARI BODO,PEIXE INTEIRO ACARÍ,,
8121,8121,PEIXE INTEIRO CASCUDO,PEIXE INTEIRO ACARÍ,,
8121,8121,PEIXE INTEIRO ANAIA,PEIXE INTEIRO ACARÍ,,
8122,8122,PEIXE EM POSTAS ACARI,PEIXE EM POSTAS ACARÍ,,
8123,8123,PEIXE EM FILE FRESCO ACARI,PEIXE EM FILÉ FRESCO ACARÍ,,
8124,8124,PEIXE SALGADO ACARI,PEIXE SALGADO ACARÍ,,
8125,8125,PEIXE EM FILE CONGELADO ACARI,PEIXE EM FILÉ CONGELADO ACARÍ,,
8131,8131,PEIXE INTEIRO PIRAMUTABA,PEIXE INTEIRO PIRAMUTABA,,
8131,8131,PEIXE INTEIRO MULHER INGRATA,PEIXE INTEIRO PIRAMUTABA,,
8131,8131,PEIXE INTEIRO PIRAMUTA,PEIXE INTEIRO PIRAMUTABA,,
8131,8131,PEIXE INTEIRO PIRAMUTAVA,PEIXE INTEIRO PIRAMUTABA,,
8131,8131,PEIXE INTEIRO BARBA CHATA,PEIXE INTEIRO PIRAMUTABA,,
8132,8132,PEIXE EM POSTAS PIRAMUTABA,PEIXE EM POSTAS PIRAMUTABA,,
8133,8133,PEIXE EM FILE FRESCO PIRAMUTABA,PEIXE EM FILÉ FRESCO PIRAMUTABA,,
8134,8134,PEIXE SALGADO PIRAMUTABA,PEIXE SALGADO PIRAMUTABA,,
8135,8135,PEIXE EM FILE CONGELADO PIRAMUTABA,PEIXE EM FILÉ CONGELADO PIRAMUTABA,,
8141,8141,PEIXE INTEIRO PIAU,PEIXE INTEIRO PIAU,,
8141,8141,PEIXE INTEIRO PIAU VERDADEIRO,PEIXE INTEIRO PIAU,,
8141,8141,PEIXE INTEIRO PIAU LAVRADO,PEIXE INTEIRO PIAU,,
8141,8141,PEIXE INTEIRO PIAU GALO,PEIXE INTEIRO PIAU,,
8141,8141,PEIXE INTEIRO PAIUDO,PEIXE INTEIRO PIAU,,
8142,8142,PEIXE EM POSTAS PIAU,PEIXE EM POSTAS PIAU,,
8143,8143,PEIXE EM FILE FRESCO PIAU,PEIXE EM FILÉ FRESCO PIAU,,
8144,8144,PEIXE SALGADO PIAU,PEIXE SALGADO PIAU,,
8145,8145,PEIXE EM FILE CONGELADO PIAU,PEIXE EM FILÉ CONGELADO PIAU,,
8151,8151,PEIXE INTEIRO MUÇUM,PEIXE INTEIRO MUCUM,,
8151,8151,PEIXE INTEIRO COBRA,PEIXE INTEIRO MUCUM,,
8151,8151,PEIXE INTEIRO MUÇU,PEIXE INTEIRO MUCUM,,
8151,8151,PEIXE INTEIRO MUÇUM DE PELE,PEIXE INTEIRO MUCUM,,
8151,8151,PEIXE INTEIRO MUÇUM DE ESCAMA,PEIXE INTEIRO MUCUM,,
8151,8151,PEIXE INTEIRO ENGUIA DE AGUA DOCE (MUÇUM),PEIXE INTEIRO MUCUM,,
8152,8152,PEIXE EM POSTAS MUÇUM,PEIXE EM POSTAS MUCUM,,
8153,8153,PEIXE EM FILE FRESCO MUÇUM,PEIXE EM FILÉ FRESCO MUCUM,,
8154,8154,PEIXE SALGADO MUÇUM,PEIXE SALGADO MUCUM,,
8155,8155,PEIXE EM FILE CONGELADO MUÇUM,PEIXE EM FILÉ CONGELADO MUCUM,,
8161,8161,PEIXE INTEIRO DOURADO DE AGUA DOCE,PEIXE INTEIRO DOURADO DE AGUA DOCE,,
8161,8161,PEIXE INTEIRO PIRAJU,PEIXE INTEIRO DOURADO DE AGUA DOCE,,
8161,8161,PEIXE INTEIRO PIRAJUBA,PEIXE INTEIRO DOURADO DE AGUA DOCE,,
8161,8161,PEIXE INTEIRO SAIPE,PEIXE INTEIRO DOURADO DE AGUA DOCE,,
8161,8161,PEIXE INTEIRO SAIJE,PEIXE INTEIRO DOURADO DE AGUA DOCE,,
8161,8161,PEIXE INTEIRO PIRAUVU,PEIXE INTEIRO DOURADO DE AGUA DOCE,,
8161,8161,PEIXE INTEIRO PIRAIU,PEIXE INTEIRO DOURADO DE AGUA DOCE,,
8162,8162,PEIXE EM POSTAS DOURADO DE AGUA DOCE,PEIXE EM POSTAS DOURADO DE AGUA DOCE,,
8163,8163,PEIXE EM FILE FRESCO DOURADO DE AGUA DOCE,PEIXE EM FILÉ FRESCO DOURADO DE ÁGUA DOCE,,
8164,8164,PEIXE SALGADO DOURADO DE AGUA DOCE,PEIXE SALGADO DOURADO DE ÁGUA DOCE,,
8165,8165,PEIXE EM FILE CONGELADO DOURADO DE AGUA DOCE,PEIXE EM FILÉ CONGELADO DOURADO DE ÁGUA DOCE,,
8171,8171,PEIXE INTEIRO TAMOATA,PEIXE INTEIRO TAMOATA,,
8171,8171,PEIXE INTEIRO TAMBUATA,PEIXE INTEIRO TAMOATA,,
8171,8171,PEIXE INTEIRO TAMBOATA,PEIXE INTEIRO TAMOATA,,
8171,8171,PEIXE INTEIRO TAMOATA PINIMA,PEIXE INTEIRO TAMOATA,,
8171,8171,PEIXE INTEIRO TAMUATA,PEIXE INTEIRO TAMOATA,,
8171,8171,PEIXE INTEIRO TAMATA,PEIXE INTEIRO TAMOATA,,
8171,8171,PEIXE INTEIRO CAMBOTA,PEIXE INTEIRO TAMOATA,,
8171,8171,PEIXE INTEIRO CAMBOATA,PEIXE INTEIRO TAMOATA,,
8171,8171,PEIXE INTEIRO SOLDADO DE AGUA DOCE (TAMOATA),PEIXE INTEIRO TAMOATA,,
8172,8172,PEIXE EM POSTAS TAMOATA,PEIXE EM POSTAS TAMOATA,,
8173,8173,PEIXE EM FILE FRESCO TAMOATA,PEIXE EM FILÉ FRESCO TAMOATA,,
8174,8174,PEIXE SALGADO TAMOATA,PEIXE SALGADO TAMOATA,,
8175,8175,PEIXE EM FILE CONGELADO TAMOATA,PEIXE EM FILÉ CONGELADO TAMOATA,,
8181,8181,PEIXE INTEIRO PIRAPEUA,PEIXE INTEIRO PIRAPEUA,,
8181,8181,PEIXE INTEIRO LENHA,PEIXE INTEIRO PIRAPEUA,,
8181,8181,PEIXE INTEIRO SURUBIM MENA (PIRAPEUA),PEIXE INTEIRO PIRAPEUA,,
8181,8181,PEIXE INTEIRO PIRAJUPEVA,PEIXE INTEIRO PIRAPEUA,,
8181,8181,PEIXE INTEIRO PIRAPEUAUA,PEIXE INTEIRO PIRAPEUA,,
8182,8182,PEIXE EM POSTAS PIRAPEUA,PEIXE EM POSTAS PIRAPEUA,,
8183,8183,PEIXE EM FILE FRESCO PIRAPEUA,PEIXE EM FILÉ FRESCO PIRAPEUA,,
8184,8184,PEIXE SALGADO PIRAPEUA,PEIXE SALGADO PIRAPEUA,,
8185,8185,PEIXE EM FILE CONGELADO PIRAPEUA,PEIXE EM FILÉ CONGELADO PIRAPEUA,,
8191,8191,PEIXE INTEIRO MAPARA,PEIXE INTEIRO MAPARA,,
8191,8191,PEIXE INTEIRO BRAÇO DE MULATA,PEIXE INTEIRO MAPARA,,
8191,8191,PEIXE INTEIRO OLELEIRO,PEIXE INTEIRO MAPARA,,
8191,8191,PEIXE INTEIRO SARDA BRAÇO DE MOÇA (MAPARA),PEIXE INTEIRO MAPARA,,
8191,8191,PEIXE INTEIRO MAPARA DE CAMETA,PEIXE INTEIRO MAPARA,,
8191,8191,PEIXE INTEIRO MANDI PERUANO (MAPARA),PEIXE INTEIRO MAPARA,,
8191,8191,PEIXE INTEIRO BRAÇO DE MOÇA,PEIXE INTEIRO MAPARA,,
8191,8191,PEIXE INTEIRO LAULAU,PEIXE INTEIRO MAPARA,,
8191,8191,PEIXE INTEIRO MAPURA,PEIXE INTEIRO MAPARA,,
8191,8191,PEIXE INTEIRO MAMPARA,PEIXE INTEIRO MAPARA,,
8192,8192,PEIXE EM POSTAS MAPARA,PEIXE EM POSTAS MAPARA,,
8193,8193,PEIXE EM FILE FRESCO MAPARA,PEIXE EM FILÉ FRESCO MAPARA,,
8194,8194,PEIXE SALGADO MAPARA,PEIXE SALGADO MAPARA,,
8195,8195,PEIXE EM FILE CONGELADO MAPARA,PEIXE EM FILÉ CONGELADO MAPARA,,
8201,8201,PEIXE INTEIRO PIRANHA,PEIXE INTEIRO PIRANHA,,
8201,8201,PEIXE INTEIRO PIRANHA CAJU,PEIXE INTEIRO PIRANHA,,
8201,8201,PEIXE INTEIRO PIRANHA VERMELHA,PEIXE INTEIRO PIRANHA,,
8201,8201,PEIXE INTEIRO PIRANHA CHATA,PEIXE INTEIRO PIRANHA,,
8201,8201,PEIXE INTEIRO PIRANHA PINTADA,PEIXE INTEIRO PIRANHA,,
8201,8201,PEIXE INTEIRO PIRANHA AMARELA,PEIXE INTEIRO PIRANHA,,
8201,8201,PEIXE INTEIRO PIRANHA BEBA,PEIXE INTEIRO PIRANHA,,
8201,8201,PEIXE INTEIRO PIRANHA DA LAGOA,PEIXE INTEIRO PIRANHA,,
8201,8201,PEIXE INTEIRO PIRANHA PRETA,PEIXE INTEIRO PIRANHA,,
8201,8201,PEIXE INTEIRO PIRANHA BRANCA,PEIXE INTEIRO PIRANHA,,
8201,8201,PEIXE INTEIRO PIRANHA PEBA,PEIXE INTEIRO PIRANHA,,
8201,8201,PEIXE INTEIRO PIRANHA CACHORRA,PEIXE INTEIRO PIRANHA,,
8201,8201,PEIXE INTEIRO PIRANHA MAPARA,PEIXE INTEIRO PIRANHA,,
8201,8201,PEIXE INTEIRO PIRAMPEVA,PEIXE INTEIRO PIRANHA,,
8201,8201,PEIXE INTEIRO PIRAMBE,PEIXE INTEIRO PIRANHA,,
8201,8201,PEIXE INTEIRO PIRAMPEBA,PEIXE INTEIRO PIRANHA,,
8201,8201,PEIXE INTEIRO PIRAMBEVA,PEIXE INTEIRO PIRANHA,,
8201,8201,PEIXE INTEIRO PIRAMBEBA,PEIXE INTEIRO PIRANHA,,
8201,8201,PEIXE INTEIRO PIRANHA DOCE,PEIXE INTEIRO PIRANHA,,
8201,8201,PEIXE INTEIRO COICOA,PEIXE INTEIRO PIRANHA,,
8201,8201,PEIXE INTEIRO PIRAMPE,PEIXE INTEIRO PIRANHA,,
8201,8201,PEIXE INTEIRO RODOLEIRA,PEIXE INTEIRO PIRANHA,,
8201,8201,PEIXE INTEIRO CHUPITA,PEIXE INTEIRO PIRANHA,,
8202,8202,PEIXE EM POSTAS PIRANHA,PEIXE EM POSTAS PIRANHA,,
8203,8203,PEIXE EM FILE FRESCO PIRANHA,PEIXE EM FILÉ FRESCO PIRANHA,,
8204,8204,PEIXE SALGADO PIRANHA,PEIXE SALGADO PIRANHA,,
8205,8205,PEIXE EM FILE CONGELADO PIRANHA,PEIXE EM FILÉ CONGELADO PIRANHA,,
8211,8211,PEIXE INTEIRO PACU,PEIXE INTEIRO PACÚ,,
8211,8211,PEIXE INTEIRO PACUAÇU,PEIXE INTEIRO PACÚ,,
8211,8211,PEIXE INTEIRO PACU CHICO,PEIXE INTEIRO PACÚ,,
8211,8211,PEIXE INTEIRO PACU MIRIM,PEIXE INTEIRO PACÚ,,
8211,8211,PEIXE INTEIRO PACU CHATO,PEIXE INTEIRO PACÚ,,
8211,8211,PEIXE INTEIRO PACU BRANCO,PEIXE INTEIRO PACÚ,,
8211,8211,PEIXE INTEIRO PACUGUAÇU,PEIXE INTEIRO PACÚ,,
8211,8211,PEIXE INTEIRO PACU AZUL,PEIXE INTEIRO PACÚ,,
8211,8211,PEIXE INTEIRO BATUQUEIRO,PEIXE INTEIRO PACÚ,,
8211,8211,PEIXE INTEIRO PIROSCA,PEIXE INTEIRO PACÚ,,
8211,8211,PEIXE INTEIRO PACUTINGA,PEIXE INTEIRO PACÚ,,
8211,8211,PEIXE INTEIRO PEVA,PEIXE INTEIRO PACÚ,,
8211,8211,PEIXE INTEIRO PACUPEVA,PEIXE INTEIRO PACÚ,,
8211,8211,PEIXE INTEIRO PACUPEBA,PEIXE INTEIRO PACÚ,,
8211,8211,PEIXE INTEIRO MAFURA,PEIXE INTEIRO PACÚ,,
8211,8211,PEIXE INTEIRO PEBA,PEIXE INTEIRO PACÚ,,
8211,8211,PEIXE INTEIRO CAPADINHO,PEIXE INTEIRO PACÚ,,
8211,8211,PEIXE INTEIRO ABEL,PEIXE INTEIRO PACÚ,,
8211,8211,PEIXE INTEIRO CORONA,PEIXE INTEIRO PACÚ,,
8211,8211,PEIXE INTEIRO CARANHA,PEIXE INTEIRO PACÚ,,
8211,8211,PEIXE INTEIRO PANARE,PEIXE INTEIRO PACÚ,,
8212,8212,PEIXE EM POSTAS PACU,PEIXE EM POSTAS PACÚ,,
8213,8213,PEIXE EM FILE FRESCO PACU,PEIXE EM FILÉ FRESCO PACÚ,,
8214,8214,PEIXE SALGADO PACU,PEIXE SALGADO PACÚ,,
8215,8215,PEIXE EM FILE CONGELADO PACU,PEIXE EM FILÉ CONGELADO PACÚ,,
8221,8221,PEIXE INTEIRO TAMBAQUI,PEIXE INTEIRO TAMBAQUI,,
8221,8221,PEIXE INTEIRO CURUPETE,PEIXE INTEIRO TAMBAQUI,,
8221,8221,PEIXE INTEIRO PACU DO AMAZONAS (TAMBAQUI),PEIXE INTEIRO TAMBAQUI,,
8222,8222,PEIXE EM POSTAS TAMBAQUI,PEIXE EM POSTAS TAMBAQUI,,
8223,8223,PEIXE EM FILE FRESCO TAMBAQUI,PEIXE EM FILÉ FRESCO TAMBAQUI,,
8224,8224,PEIXE SALGADO TAMBAQUI,PEIXE SALGADO TAMBAQUI,,
8225,8225,PEIXE EM FILE CONGELADO TAMBAQUI,PEIXE EM FILÉ CONGELADO TAMBAQUI,,
8231,8231,PEIXE INTEIRO ANUJA,PEIXE INTEIRO ANUJA,,
8231,8231,PEIXE INTEIRO CACHORRINHO DE PADRE,PEIXE INTEIRO ANUJA,,
8231,8231,PEIXE INTEIRO ANOJADO,PEIXE INTEIRO ANUJA,,
8231,8231,PEIXE INTEIRO CACHORRO DE PADRE,PEIXE INTEIRO ANUJA,,
8231,8231,PEIXE INTEIRO CACHORRINHO,PEIXE INTEIRO ANUJA,,
8231,8231,PEIXE INTEIRO ANUIA,PEIXE INTEIRO ANUJA,,
8231,8231,PEIXE INTEIRO BODE,PEIXE INTEIRO ANUJA,,
8231,8231,PEIXE INTEIRO MANDIZINHO (ANUJA),PEIXE INTEIRO ANUJA,,
8231,8231,PEIXE INTEIRO MANDICUMBA,PEIXE INTEIRO ANUJA,,
8231,8231,PEIXE INTEIRO CUMBACA (DE AGUA DOCE) (ANUJA),PEIXE INTEIRO ANUJA,,
8231,8231,PEIXE INTEIRO CANGATINHA,PEIXE INTEIRO ANUJA,,
8231,8231,PEIXE INTEIRO MULATO,PEIXE INTEIRO ANUJA,,
8231,8231,PEIXE INTEIRO CHORADEIRA,PEIXE INTEIRO ANUJA,,
8231,8231,PEIXE INTEIRO BOCA LISA (DE AGUA DOCE) (ANUJA),PEIXE INTEIRO ANUJA,,
8231,8231,PEIXE INTEIRO BAGRE CHORA (ANUJA),PEIXE INTEIRO ANUJA,,
8231,8231,PEIXE INTEIRO CABEÇA DE FERRO,PEIXE INTEIRO ANUJA,,
8231,8231,PEIXE INTEIRO LIRIO,PEIXE INTEIRO ANUJA,,
8231,8231,PEIXE BAGRE DE RIO,PEIXE INTEIRO ANUJA,,
8231,8231,PEIXE INTEIRO MANDI,PEIXE INTEIRO ANUJA,,
8231,8231,PEIXE INTEIRO JUNDIA,PEIXE INTEIRO ANUJA,,
8231,8231,PEIXE INTEIRO BOGA,PEIXE INTEIRO ANUJA,,
8231,8231,PEIXE INTEIRO MANDIUVA,PEIXE INTEIRO ANUJA,,
8232,8232,PEIXE EM POSTAS ANUJA,PEIXE EM POSTAS ANUJA,,
8233,8233,PEIXE EM FILE FRESCO ANUJA,PEIXE EM FILÉ FRESCO ANUJA,,
8234,8234,PEIXE SALGADO ANUJA,PEIXE SALGADO ANUJA,,
8235,8235,PEIXE EM FILE CONGELADO ANUJA,PEIXE EM FILÉ CONGELADO ANUJA,,
8241,8241,PEIXE INTEIRO SARDINHA DE AGUA DOCE,PEIXE INTEIRO SARDINHA DE AGUA DOCE,,
8241,8241,PEIXE INTEIRO APAPA,PEIXE INTEIRO SARDINHA DE AGUA DOCE,,
8241,8241,PEIXE INTEIRO SARDINHA GRANDE DE AGUA DOCE,PEIXE INTEIRO SARDINHA DE AGUA DOCE,,
8241,8241,PEIXE INTEIRO SARDINHÃO (AGUA DOCE),PEIXE INTEIRO SARDINHA DE AGUA DOCE,,
8241,8241,PEIXE INTEIRO SARDA DE AGUA DOCE,PEIXE INTEIRO SARDINHA DE AGUA DOCE,,
8241,8241,PEIXE INTEIRO ARANGAL,PEIXE INTEIRO SARDINHA DE AGUA DOCE,,
8242,8242,PEIXE EM POSTAS SARDINHA DE AGUA DOCE,PEIXE EM POSTAS SARDINHA DE AGUA DOCE,,
8243,8243,PEIXE EM FILE FRESCO SARDINHA DE AGUA DOCE,PEIXE EM FILÉ FRESCO SARDINHA DE AGUA DOCE,,
8244,8244,PEIXE SALGADO SARDINHA DE AGUA DOCE,PEIXE SALGADO SARDINHA DE AGUA DOCE,,
8245,8245,PEIXE EM FILE CONGELADO SARDINHA DE AGUA DOCE,PEIXE EM FILÉ CONGELADO SARDINHA DE ÁGUA DOCE,,
8251,8251,PEIXE INTEIRO JARAQUI,PEIXE INTEIRO JARAQUI,,
8251,8251,PEIXE INTEIRO JERAQUI,PEIXE INTEIRO JARAQUI,,
8251,8251,PEIXE INTEIRO JERIQUI,PEIXE INTEIRO JARAQUI,,
8252,8252,PEIXE EM POSTAS JARAQUI,PEIXE EM POSTAS JARAQUI,,
8253,8253,PEIXE EM FILE FRESCO JARAQUI,PEIXE EM FILÉ FRESCO JARAQUI,,
8254,8254,PEIXE SALGADO JARAQUI,PEIXE SALGADO JARAQUI,,
8255,8255,PEIXE EM FILE CONGELADO JARAQUI,PEIXE EM FILÉ CONGELADO JARAQUI,,
8261,8261,PEIXE INTEIRO CACHORRO,PEIXE INTEIRO CACHORRO,,
8261,8261,PEIXE INTEIRO CIGARRA,PEIXE INTEIRO CACHORRO,,
8261,8261,PEIXE INTEIRO ICANGA,PEIXE INTEIRO CACHORRO,,
8261,8261,PEIXE INTEIRO PIRAPUCU,PEIXE INTEIRO CACHORRO,,
8261,8261,PEIXE INTEIRO TAJIBUÇU,PEIXE INTEIRO CACHORRO,,
8261,8261,PEIXE INTEIRO TAJABUÇU,PEIXE INTEIRO CACHORRO,,
8261,8261,PEIXE INTEIRO PIRAPUCA,PEIXE INTEIRO CACHORRO,,
8261,8261,PEIXE INTEIRO TAJAPECO,PEIXE INTEIRO CACHORRO,,
8261,8261,PEIXE INTEIRO PIRA ANDIRA,PEIXE INTEIRO CACHORRO,,
8261,8261,PEIXE INTEIRO SAICANGA,PEIXE INTEIRO CACHORRO,,
8261,8261,PEIXE INTEIRO SARANHA,PEIXE INTEIRO CACHORRO,,
8261,8261,PEIXE INTEIRO BICUDA DE RIO (CACHORRO),PEIXE INTEIRO CACHORRO,,
8261,8261,PEIXE INTEIRO DENTUDO PINTADO,PEIXE INTEIRO CACHORRO,,
8261,8261,PEIXE INTEIRO BOCARRA,PEIXE INTEIRO CACHORRO,,
8261,8261,PEIXE INTEIRO CUBIO,PEIXE INTEIRO CACHORRO,,
8261,8261,PEIXE INTEIRO CUBIU,PEIXE INTEIRO CACHORRO,,
8261,8261,PEIXE INTEIRO BOCUDO,PEIXE INTEIRO CACHORRO,,
8261,8261,PEIXE INTEIRO JAUARANA,PEIXE INTEIRO CACHORRO,,
8262,8262,PEIXE EM POSTAS CACHORRO,PEIXE EM POSTAS CACHORRO,,
8263,8263,PEIXE EM FILE FRESCO CACHORRO,PEIXE EM FILÉ FRESCO CACHORRO,,
8264,8264,PEIXE SALGADO CACHORRO,PEIXE SALGADO CACHORRO,,
8265,8265,PEIXE EM FILE CONGELADO CACHORRO,PEIXE EM FILÉ CONGELADO CACHORRO,,
8271,8271,PEIXE INTEIRO PIABANHA,PEIXE INTEIRO PIABAHA,,
8271,8271,PEIXE INTEIRO PIRAPITINGA,PEIXE INTEIRO PIABAHA,,
8271,8271,PEIXE INTEIRO TARAPITINGA,PEIXE INTEIRO PIABAHA,,
8271,8271,PEIXE INTEIRO TRAPITINGA,PEIXE INTEIRO PIABAHA,,
8272,8272,PEIXE EM POSTAS PIABANHA,PEIXE EM POSTAS PIABAHA,,
8273,8273,PEIXE EM FILE FRESCO PIABANHA,PEIXE EM FILÉ FRESCO PIABAHA,,
8274,8274,PEIXE SALGADO PIABANHA,PEIXE SALGADO PIABAHA,,
8275,8275,PEIXE EM FILE CONGELADO PIABANHA,PEIXE EM FILÉ CONGELADO PIABANHA,,
8281,8281,PEIXE INTEIRO PIRAIBA,PEIXE INTEIRO PIRAIBA,,
8281,8281,PEIXE INTEIRO FILHOTE,PEIXE INTEIRO PIRAIBA,,
8281,8281,PEIXE INTEIRO PIRATINGA (PIRAIBA),PEIXE INTEIRO PIRAIBA,,
8282,8282,PEIXE EM POSTAS PIRAIBA,PEIXE EM POSTAS PIRAIBA,,
8283,8283,PEIXE EM FILE FRESCO PIRAIBA,PEIXE EM FILÉ FRESCO PIRAIBA,,
8284,8284,PEIXE SALGADO PIRAIBA,PEIXE SALGADO PIRAIBA,,
8285,8285,PEIXE EM FILE CONGELADO PIRAIBA,PEIXE EM FILÉ CONGELADO PIRAIBA,,
8291,8291,PEIXE INTEIRO BACU,PEIXE INTEIRO BACÚ,,
8291,8291,PEIXE INTEIRO ABOTOADO,PEIXE INTEIRO BACÚ,,
8291,8291,PEIXE INTEIRO ARMAU,PEIXE INTEIRO BACÚ,,
8291,8291,PEIXE INTEIRO DAQUEIRO,PEIXE INTEIRO BACÚ,,
8291,8291,PEIXE INTEIRO BACU DE PEDRA,PEIXE INTEIRO BACÚ,,
8291,8291,PEIXE INTEIRO BACU PEDRA,PEIXE INTEIRO BACÚ,,
8291,8291,PEIXE INTEIRO VACU,PEIXE INTEIRO BACÚ,,
8291,8291,PEIXE INTEIRO BOTOADO,PEIXE INTEIRO BACÚ,,
8292,8292,PEIXE EM POSTAS BACU,PEIXE EM POSTAS BACÚ,,
8293,8293,PEIXE EM FILE FRESCO BACU,PEIXE EM FILÉ FRESCO BACÚ,,
8294,8294,PEIXE SALGADO BACU,PEIXE SALGADO BACÚ,,
8295,8295,PEIXE EM FILE CONGELADO BACU,PEIXE EM FILÉ CONGELADO BACÚ,,
8301,8301,PEIXE INTEIRO PIRARARA,PEIXE INTEIRO PIRARARA,,
8301,8301,PEIXE INTEIRO PIRAUARARA,PEIXE INTEIRO PIRARARA,,
8301,8301,PEIXE INTEIRO ARARA,PEIXE INTEIRO PIRARARA,,
8301,8301,PEIXE INTEIRO CAJARO,PEIXE INTEIRO PIRARARA,,
8301,8301,PEIXE INTEIRO UARARA,PEIXE INTEIRO PIRARARA,,
8301,8301,PEIXE INTEIRO PIRAMBREPE,PEIXE INTEIRO PIRARARA,,
8301,8301,PEIXE INTEIRO LAITU,PEIXE INTEIRO PIRARARA,,
8302,8302,PEIXE EM POSTAS PIRARARA,PEIXE EM POSTAS PIRARARA,,
8303,8303,PEIXE EM FILE FRESCO PIRARARA,PEIXE EM FILÉ FRESCO PIRARARA,,
8304,8304,PEIXE SALGADO PIRARARA,PEIXE SALGADO PIRARARA,,
8305,8305,PEIXE EM FILE CONGELADO PIRARARA,PEIXE EM FILÉ CONGELADO PIRARARA,,
8311,8311,PEIXE INTEIRO PACAMÃO DE AGUA DOCE,PEIXE INTEIRO PACAMÃO DE AGUA DOCE,,
8311,8311,PEIXE INTEIRO APACAMÃ DE AGUA DOCE,PEIXE INTEIRO PACAMÃO DE AGUA DOCE,,
8311,8311,PEIXE INTEIRO PACUMÃ DE AGUA DOCE,PEIXE INTEIRO PACAMÃO DE AGUA DOCE,,
8311,8311,PEIXE INTEIRO PIRACURURU,PEIXE INTEIRO PACAMÃO DE AGUA DOCE,,
8311,8311,PEIXE INTEIRO SAPO,PEIXE INTEIRO PACAMÃO DE AGUA DOCE,,
8311,8311,PEIXE INTEIRO BAGRE SAPO (PACAMÃO DE AGUA DOCE),PEIXE INTEIRO PACAMÃO DE AGUA DOCE,,
8311,8311,PEIXE INTEIRO PACAMÃ DE AGUA DOCE,PEIXE INTEIRO PACAMÃO DE AGUA DOCE,,
8311,8311,PEIXE INTEIRO PIACURURU,PEIXE INTEIRO PACAMÃO DE AGUA DOCE,,
8311,8311,PEIXE INTEIRO MANGURUIU,PEIXE INTEIRO PACAMÃO DE AGUA DOCE,,
8311,8311,PEIXE INTEIRO MANGURIU,PEIXE INTEIRO PACAMÃO DE AGUA DOCE,,
8311,8311,PEIXE INTEIRO PRECAMBUCU,PEIXE INTEIRO PACAMÃO DE AGUA DOCE,,
8311,8311,PEIXE INTEIRO PRECUMBUCU,PEIXE INTEIRO PACAMÃO DE AGUA DOCE,,
8312,8312,PEIXE EM POSTAS PACAMÃO DE AGUA DOCE,PEIXE EM POSTAS PACAMÃO DE AGUA DOCE,,
8313,8313,PEIXE EM FILE FRESCO PACAMÃO DE AGUA DOCE,PEIXE EM FILÉ FRESCO PACAMÃO DE ÁGUA DOCE,,
8314,8314,PEIXE SALGADO PACAMÃO DE AGUA DOCE,PEIXE SALGADO PACAMÃO DE ÁGUA DOCE,,
8315,8315,PEIXE EM FILE CONGELADO PACAMÃO DE AGUA DOCE,PEIXE EM FILÉ CONGE PACAMÃO DE ÁGUA DOCE,,
8321,8321,PEIXE INTEIRO DOURADA,PEIXE INTEIRO DOURADO,,
8321,8321,PEIXE INTEIRO DOURADA DO AMAZONAS,PEIXE INTEIRO DOURADO,,
8321,8321,PEIXE INTEIRO DOIRADA DO AMAZONAS,PEIXE INTEIRO DOURADO,,
8321,8321,PEIXE INTEIRO DOIRADA,PEIXE INTEIRO DOURADO,,
8322,8322,PEIXE EM POSTAS DOURADA,PEIXE EM POSTAS DOURADO,,
8323,8323,PEIXE EM FILE FRESCO DOURADA,PEIXE EM FILÉ FRESCO DOURADO,,
8324,8324,PEIXE SALGADO DOURADA,PEIXE SALGADO DOURADO,,
8325,8325,PEIXE EM FILE CONGELADO DOURADA,PEIXE EM FILÉ CONGELADO DOURADO,,
8331,8331,PEIXE INTEIRO PIRANAMBU,PEIXE INTEIRO PIRANAMBU,,
8331,8331,PEIXE INTEIRO GALINHA,PEIXE INTEIRO PIRANAMBU,,
8331,8331,PEIXE INTEIRO INAMBU,PEIXE INTEIRO PIRANAMBU,,
8331,8331,PEIXE INTEIRO INHAMBU,PEIXE INTEIRO PIRANAMBU,,
8331,8331,PEIXE INTEIRO PIRAMBU (DE AGUA DOCE) (PIRANAMBU),PEIXE INTEIRO PIRANAMBU,,
8331,8331,PEIXE INTEIRO PIRANIAMBU,PEIXE INTEIRO PIRANAMBU,,
8331,8331,PEIXE INTEIRO PINTADINHO (DE AGUA DOCE) (PIRANAMBU),PEIXE INTEIRO PIRANAMBU,,
8331,8331,PEIXE INTEIRO PIRANIAMPU,PEIXE INTEIRO PIRANAMBU,,
8331,8331,PEIXE INTEIRO PIRANAMPU,PEIXE INTEIRO PIRANAMBU,,
8331,8331,PEIXE INTEIRO NAMBU,PEIXE INTEIRO PIRANAMBU,,
8331,8331,PEIXE INTEIRO MANTOPAQUE,PEIXE INTEIRO PIRANAMBU,,
8331,8331,PEIXE INTEIRO MOELA,PEIXE INTEIRO PIRANAMBU,,
8331,8331,PEIXE INTEIRO BARBADO (DE AGUA DOCE) (PIRANAMBU),PEIXE INTEIRO PIRANAMBU,,
8331,8331,PEIXE INTEIRO PIRAMAPU,PEIXE INTEIRO PIRANAMBU,,
8332,8332,PEIXE EM POSTAS PIRANAMBU,PEIXE EM POSTAS PIRANAMBU,,
8333,8333,PEIXE EM FILE FRESCO PIRANAMBU,PEIXE EM FILÉ FRESCO PIRANAMBU,,
8334,8334,PEIXE SALGADO PIRANAMBU,PEIXE SALGADO PIRANAMBU,,
8335,8335,PEIXE EM FILE CONGELADO PIRANAMBU,PEIXE EM FILÉ CONGELADO PIRANAMBU,,
8341,8341,PEIXE INTEIRO FIDALGO,PEIXE INTEIRO FIDALGO,,
8341,8341,PEIXE INTEIRO BAGRE FIDALGO (FIDALGO),PEIXE INTEIRO FIDALGO,,
8342,8342,PEIXE EM POSTAS FIDALGO,PEIXE EM POSTAS FIDALGO,,
8343,8343,PEIXE EM FILE FRESCO FIDALGO,PEIXE EM FILÉ FRESCO FIDALGO,,
8344,8344,PEIXE SALGADO FIDALGO,PEIXE SALGADO FIDALGO,,
8345,8345,PEIXE EM FILE CONGELADO FIDALGO,PEIXE EM FILÉ CONGELADO FIDALGO,,
8351,8351,PEIXE INTEIRO TABARANA,PEIXE INTEIRO TABARANA,,
8351,8351,PEIXE INTEIRO JATUBARANA,PEIXE INTEIRO TABARANA,,
8351,8351,PEIXE INTEIRO JUTUBARANA,PEIXE INTEIRO TABARANA,,
8351,8351,PEIXE INTEIRO TUBARANA,PEIXE INTEIRO TABARANA,,
8351,8351,PEIXE INTEIRO TRAGUIRA,PEIXE INTEIRO TABARANA,,
8352,8352,PEIXE EM POSTAS TABARANA,PEIXE EM POSTAS TABARANA,,
8353,8353,PEIXE EM FILE FRESCO TABARANA,PEIXE EM FILE FRESCO TABARANA,,
8354,8354,PEIXE SALGADO TABARANA,PEIXE SALGADO TABARANA,,
8355,8355,PEIXE EM FILE CONGELADO TABARANA,PEIXE EM FILÉ CONGELADO TABARANA,,
8361,8361,PEIXE INTEIRO MANDUBE,PEIXE INTEIRO MANDUBE,,
8361,8361,PEIXE INTEIRO ANDUBE,PEIXE INTEIRO MANDUBE,,
8361,8361,PEIXE INTEIRO MANDURI,PEIXE INTEIRO MANDUBE,,
8361,8361,PEIXE INTEIRO MANDUVA,PEIXE INTEIRO MANDUBE,,
8361,8361,PEIXE INTEIRO MANDUBE MIRIM,PEIXE INTEIRO MANDUBE,,
8361,8361,PEIXE INTEIRO MANDIBE,PEIXE INTEIRO MANDUBE,,
8361,8361,PEIXE INTEIRO MANDUBI,PEIXE INTEIRO MANDUBE,,
8361,8361,PEIXE INTEIRO ANDUBI,PEIXE INTEIRO MANDUBE,,
8362,8362,PEIXE EM POSTAS MANDUBE,PEIXE EM POSTAS MANDUBE,,
8363,8363,PEIXE EM FILE FRESCO MANDUBE,PEIXE EM FILÉ FRESCO MANDUBE,,
8364,8364,PEIXE SALGADO MANDUBI,PEIXE SALGADO MANDUBE,,
8365,8365,PEIXE EM FILE CONGELADO MANDUBI,PEIXE EM FILÉ CONGELADO MANDUBE,,
8371,8371,PEIXE INTEIRO PIRAPUTANGA,PEIXE INTEIRO PIRAPUTANGA,,
8371,8371,PEIXE INTEIRO PIRAPITANGA,PEIXE INTEIRO PIRAPUTANGA,,
8371,8371,PEIXE INTEIRO PIRAPITA,PEIXE INTEIRO PIRAPUTANGA,,
8372,8372,PEIXE EM POSTAS PIRAPUTANGA,PEIXE EM POSTAS PIRAPUTANGA,,
8373,8373,PEIXE EM FILE FRESCO PIRAPUTANGA,PEIXE EM FILÉ FRESCO PIRAPUTANGA,,
8374,8374,PEIXE SALGADO PIRAPUTANGA,PEIXE SALGADO PIRAPUTANGA,,
8375,8375,PEIXE EM FILE CONGELADO PIRAPUTANGA,PEIXE EM FILÉ CONGELADO PIRAPUTANGA,,
8381,8381,PEIXE INTEIRO JAU,PEIXE INTEIRO JAÚ,,
8381,8381,PEIXE INTEIRO JARIPOCA,PEIXE INTEIRO JAÚ,,
8381,8381,PEIXE INTEIRO JUNDIA DE LAGOA (JAU),PEIXE INTEIRO JAÚ,,
8381,8381,PEIXE INTEIRO JAUPOCA,PEIXE INTEIRO JAÚ,,
8382,8382,PEIXE EM POSTAS JAU,PEIXE EM POSTAS JAÚ,,
8383,8383,PEIXE EM FILE FRESCO JAU,PEIXE EM FILÉ FRESCO JAÚ,,
8384,8384,PEIXE SALGADO JAU,PEIXE SALGADO JAÚ,,
8385,8385,PEIXE EM FILE CONGELADO JAU,PEIXE EM FILÉ CONGELADO JAÚ,,
8391,8391,PEIXE INTEIRO PIAPARA,PEIXE INTEIRO PIAPARA,,
8391,8391,PEIXE INTEIRO PIAMPARA,PEIXE INTEIRO PIAPARA,,
8391,8391,PEIXE INTEIRO PIRAPARA,PEIXE INTEIRO PIAPARA,,
8392,8392,PEIXE EM POSTAS PIAPARA,PEIXE EM POSTAS PIAPARA,,
8393,8393,PEIXE EM FILE FRESCO PIAPARA,PEIXE EM FILÉ FRESCO PIAPARA,,
8394,8394,PEIXE SALGADO PIAPARA,PEIXE SALGADO PIAPARA,,
8395,8395,PEIXE EM FILE CONGELADO PIAPARA,PEIXE EM FILÉ CONGELADO PIAPARA,,
8401,8401,PEIXE INTEIRO ARUANÃ,PEIXE INTEIRO ARUANA,,
8401,8401,PEIXE INTEIRO CARAPANA,PEIXE INTEIRO ARUANA,,
8401,8401,PEIXE INTEIRO AMANÃ,PEIXE INTEIRO ARUANA,,
8401,8401,PEIXE INTEIRO URUANÃ,PEIXE INTEIRO ARUANA,,
8401,8401,PEIXE INTEIRO ARAUANÃ,PEIXE INTEIRO ARUANA,,
8402,8402,PEIXE EM POSTAS ARUANÃ,PEIXE EM POSTAS ARUANA,,
8403,8403,PEIXE EM FILE FRESCO ARUANÃ,PEIXE EM FILÉ FRESCO ARUANA,,
8404,8404,PEIXE SALGADO ARUANÃ,PEIXE SALGADO ARUANA,,
8405,8405,PEIXE EM FILE CONGELADO ARUANÃ,PEIXE EM FILÉ CONGELADO ARUANA,,
8411,8411,PEIXE INTEIRO PIRACANJUBA,PEIXE INTEIRO PIRACANJUBA,,
8411,8411,PEIXE INTEIRO PIRACANJUVA,PEIXE INTEIRO PIRACANJUBA,,
8411,8411,PEIXE INTEIRO PIRACANJUVIRA,PEIXE INTEIRO PIRACANJUBA,,
8411,8411,PEIXE INTEIRO TRAITINGA,PEIXE INTEIRO PIRACANJUBA,,
8412,8412,PEIXE EM POSTAS PIRACANJUBA,PEIXE EM POSTAS PIRACANJUBA,,
8413,8413,PEIXE EM FILE FRESCO PIRACANJUBA,PEIXE EM FILÉ FRESCO PIRACANJUBA,,
8414,8414,PEIXE SALGADO PIRACANJUBA,PEIXE SALGADO PIRACANJUBA,,
8415,8415,PEIXE EM FILE CONGELADO PIRACANJUBA,PEIXE EM FILÉ CONGELADO PIRACANJUBA,,
8421,8421,PEIXE INTEIRO SAIRU,PEIXE INTEIRO SAIRU,,
8421,8421,PEIXE INTEIRO SAIRU DE RIO,PEIXE INTEIRO SAIRU,,
8421,8421,PEIXE INTEIRO SAGUIRU,PEIXE INTEIRO SAIRU,,
8421,8421,PEIXE INTEIRO SAGUIRI,PEIXE INTEIRO SAIRU,,
8421,8421,PEIXE INTEIRO SAGARU,PEIXE INTEIRO SAIRU,,
8421,8421,PEIXE INTEIRO SABARU,PEIXE INTEIRO SAIRU,,
8421,8421,PEIXE INTEIRO SAGUIRA,PEIXE INTEIRO SAIRU,,
8421,8421,PEIXE INTEIRO BIRUBA,PEIXE INTEIRO SAIRU,,
8421,8421,PEIXE INTEIRO SAGUAÇU,PEIXE INTEIRO SAIRU,,
8421,8421,PEIXE INTEIRO SABURU,PEIXE INTEIRO SAIRU,,
8421,8421,PEIXE INTEIRO LAMBARI BOCARRA (SAIRU),PEIXE INTEIRO SAIRU,,
8422,8422,PEIXE EM POSTAS SAIRU,PEIXE EM POSTAS SAIRU,,
8423,8423,PEIXE EM FILE FRESCO SAIRU,PEIXE EM FILÉ FRESCO SAIRU,,
8424,8424,PEIXE SALGADO SAIRU,PEIXE SALGADO SAIRU,,
8425,8425,PEIXE EM FILE CONGELADO SAIRU,PEIXE EM FILÉ CONGELADO SAIRU,,
8431,8431,CAMARÃO DE AGUA DOCE,CAMARÃO DE AGUA DOCE,,
8431,8431,CAMARÃO LAGOSTA (AGUA DOCE),CAMARÃO DE AGUA DOCE,,
8431,8431,PITU (CAMARÃO DE AGUA DOCE),CAMARÃO DE AGUA DOCE,,
8431,8431,ZABUMBA,CAMARÃO DE AGUA DOCE,,
8431,8431,CAMARÃO ZABUMBA (AGUA DOCE),CAMARÃO DE AGUA DOCE,,
8431,8431,CAMARÃO BRAÇO FORTE (AGUA DOCE),CAMARÃO DE AGUA DOCE,,
8431,8431,CAMARÃO CASTANHO (AGUA DOCE),CAMARÃO DE AGUA DOCE,,
8432,8432,CAMARÃO DE AGUA DOCE SEM CASCA,CAMARÃO DE AGUA DOCE SEM CASCA,,
8433,8433,CODIGO TRUNCADO,,,
8434,8434,CAMARÃO DE AGUA DOCE SALGADO,CAMARÃO DE AGUA DOCE SALGADO,,
8435,8435,CODIGO TRUNCADO,,,
8441,8441,TRACAJA,TRACAJA,,
8441,8441,GANGAPARRA,TRACAJA,,
8441,8441,AIAÇA,TRACAJA,,
8441,8441,TARTARUGA DE AGUA DOCE,TRACAJA,,
8441,8441,TARTARUGA DO AMAZONAS,TRACAJA,,
8441,8441,TRACAJA CABEÇADA,TRACAJA,,
8441,8441,CABEÇADA,TRACAJA,,
8441,8441,ARAU,TRACAJA,,
8441,8441,AIUÇA,TRACAJA,,
8441,8441,JURARA AÇU,TRACAJA,,
8441,8441,TERECAI,TRACAJA,,
8441,8441,JURARA,TRACAJA,,
8441,8441,BRACAJA,TRACAJA,,
8441,8441,IURURA,TRACAJA,,
8441,8441,IURARA,TRACAJA,,
8441,8441,PITIU,TRACAJA,,
8441,8441,IACA,TRACAJA,,
8441,8441,CAPITARI,TRACAJA,,
8441,8441,JURURA,TRACAJA,,
8441,8441,CAPININGA,TRACAJA,,
8441,8441,CAPINIMA,TRACAJA,,
8441,8441,ANURI,TRACAJA,,
8441,8441,TARECAI,TRACAJA,,
8441,8441,TARACAIA,TRACAJA,,
8442,8442,TRACAJA EM POSTAS,TRACAJA EM POSTAS,,
8443,8443,TRACAJA EM FILE FRESCO,TRACAJA EM FILÉ FRESCO,,
8444,8444,TRACAJA SALGADA,TRACAJA SALGADA,,
8445,8445,TRACAJA EM FILE CONGELADO,TRACAJA EM FILÉ CONGELADO,,
8451,8451,RÃ,RÃ,,
8451,8451,RÃ CAÇOTE,RÃ,,
8451,8451,RÃ COMUM,RÃ,,
8451,8451,RÃ VERDADEIRA,RÃ,,
8451,8451,RÃ TOURO GIGANTE,RÃ,,
8451,8451,RÃ NIMBUIA,RÃ,,
8451,8451,RÃ PIMENTA,RÃ,,
8451,8451,RÃ TOURO,RÃ,,
8451,8451,JIA,RÃ,,
8451,8451,RÃ PAULISTINHA,RÃ,,
8451,8451,RÃ MIRIM,RÃ,,
8451,8451,RÃ JIA,RÃ,,
8451,8451,CAÇOTE,RÃ,,
8451,8451,RÃ GIMBUIA,RÃ,,
8451,8451,PAULISTINHA,RÃ,,
8451,8451,NIMBUIA,RÃ,,
8451,8451,GIMBUIA,RÃ,,
8452,8452,RÃ EM POSTAS,RÃ EM POSTAS,,
8453,8453,RÃ EM FILE FRESCO,RÃ EM FILÉ FRESCO,,
8454,8454,RÃ SALGADA,RÃ SALGADA,,
8455,8455,RÃ EM FILE CONGELADO,RÃ EM FILÉ CONGELADO,,
8461,8461,PEIXE INTEIRO BAGRE DE AGUA DOCE,PEIXE INTEIRO BAGRE DE AGUA DOCE,,
8462,8462,PEIXE EM POSTAS BAGRE DE AGUA DOCE,PEIXE EM POSTAS BAGRE DE AGUA DOCE,,
8463,8463,PEIXE EM FILE FRESCO BAGRE DE AGUA DOCE,PEIXE EM FILÉ FRESCO BAGRE DE AGUA DOCE,,
8464,8464,PEIXE SALGADO BAGRE DE AGUA DOCE,PEIXE SALGADO BAGRE DE AGUA DOCE,,
8465,8465,PEIXE EM FILE CONGELADO BAGRE DE AGUA DOCE,PEIXE EM FILÉ CONGELADO BAGRE DE AGUA DOCE,,
8471,8471,MUÇUÃ,MUCUA,,
8472,8472,MUÇUÃ EM POSTAS,MUCUA EM POSTAS,,
8473,8473,MUÇUÃ EM FILE FRESCO,MUCUA EM FILÉ FRESCO,,
8474,8474,MUÇUÃ SALGADA,MUCUA SALGADA,,
8475,8475,MUÇUÃ EM FILE CONGELADO,MUCUA EM FILÉ CONGELADO,,
8481,8481,PEIXE INTEIRO ITUI,PEIXE INTEIRO ITUI,,
8481,8481,PEIXE INTEIRO TUI,PEIXE INTEIRO ITUI,,
8482,8482,PEIXE EM POSTAS ITUI,PEIXE EM POSTAS ITUI,,
8483,8483,PEIXE EM FILE FRESCO ITUI,PEIXE EM FILÉ FRESCO ITUI,,
8484,8484,PEIXE SALGADO ITUI,PEIXE SALGADO ITUI,,
8485,8485,PEIXE EM FILE CONGELADO ITUI,PEIXE EM FILÉ CONGELADO ITUI,,
8491,8491,PEIXE INTEIRO TRUTA,PEIXE INTEIRO TRUTA,,
8492,8492,PEIXE EM POSTAS TRUTA,PEIXE EM POSTAS TRUTA,,
8493,8493,PEIXE EM FILE FRESCO TRUTA,PEIXE EM FILÉ FRESCO TRUTA,,
8494,8494,PEIXE SALGADO TRUTA,PEIXE SALGADO TRUTA,,
8495,8495,PEIXE EM FILE CONGELADO TRUTA,PEIXE EM FILÉ CONGELADO TRUTA,,
8501,8501,AVIU,AVIU,,
8502,8502,AVIU SEM CASCA,AVIU SEM CASCA,,
8503,8503,CODIGO TRUNCADO,,,
8504,8504,AVIU SALGADO,AVIU SALGADO,,
8505,8505,CODIGO TRUNCADO,,,
8511,8511,PEIXE INTEIRO MATRINXÃ,PEIXE INTEIRO MATRINXA,,
8511,8511,PEIXE INTEIRO MATRINXÃO,PEIXE INTEIRO MATRINXA,,
8511,8511,PEIXE INTEIRO MAMURI,PEIXE INTEIRO MATRINXA,,
8512,8512,PEIXE EM POSTAS MATRINXÃ,PEIXE EM POSTAS MATRINXA,,
8513,8513,PEIXE EM FILE FRESCO MATRINXÃ,PEIXE EM FILÉ FRESCO MATRINXA,,
8514,8514,PEIXE SALGADO MATRINXÃ,PEIXE SALGADO MATRINXA,,
8515,8515,PEIXE EM FILE CONGELADO MATRINXÃ,PEIXE EM FILÉ CONGELADO MATRINXA,,
9000,9000,ENLATADOS E CONSERVAS,,,
9001,9001,AZEITONA PRETA EM CONSERVA,AZEITONA,,
9001,9001,AZEITONA VERDE EM CONSERVA,AZEITONA,,
9002,9002,ERVILHA EM LATA (PETIT POIS),ERVILHA (PETIT POIS),,
9002,9002,PETIT POIS EM LATA (ERVILHA),ERVILHA (PETIT POIS),,
9003,9003,ERVILHA COM CENOURA EM LATA,ERVILHA COM CENOURA EM CONSERVA,,
9004,9004,MILHO VERDE EM LATA,MILHO VERDE EM CONSERVA,,
9005,9005,PALMITO EM CONSERVA,PALMITO EM CONSERVA,,
9006,9006,COGUMELO EM CONSERVA,COGUMELO EM CONSERVA,,
9006,9006,CHAMPIGNON EM CONSERVA,COGUMELO EM CONSERVA,,
9007,9007,ASPARGO EM CONSERVA,ASPARGO EM CONSERVA,,
9008,9008,CENOURA EM CONSERVA,CENOURA EM CONSERVA,,
9009,9009,REPOLHO EM CONSERVA,REPOLHO EM CONSERVA,,
9009,9009,CHUCRUTE,REPOLHO EM CONSERVA,,
9010,9010,TOMATE SEM PELE EM LATA,TOMATE SEM PELE EM CONSERVA,,
9010,9010,TOMATE COM PELE EM LATA,TOMATE SEM PELE EM CONSERVA,,
9011,9011,LEGUMES EM LATA (NÃO ESPECIFICADOS),LEGUMES (NÃO ESPECIFICADO) EM CONSERVA,,
9012,9012,SOPAS INFANTIS DE QUALQUER SABOR,SOPA INFANTIL DE QUALQUER SABOR,,
9012,9012,SOPAS INFANTIS COM LEGUMES OU VERDURAS,SOPA INFANTIL DE QUALQUER SABOR,,
9012,9012,ALIMENTOS INFANTIS CREMOSOS (NÃO SOBREMESA),SOPA INFANTIL DE QUALQUER SABOR,,
9012,9012,ALIMENTOS INFANTIS EM PASTA (NÃO SOBREMESA),SOPA INFANTIL DE QUALQUER SABOR,,
9012,9012,PATE (ALIMENTO INFANTIL) (NÃO SOBREMESA),SOPA INFANTIL DE QUALQUER SABOR,,
9012,9012,CREME (ALIMENTO INFANTIL) (NÃO SOBREMESA),SOPA INFANTIL DE QUALQUER SABOR,,
9013,9013,SOPAS DE LEGUMES EM LATA,SOPA DE LEGUMES EM CONSERVA,,
9014,9014,SOPAS DESIDRATADAS DE QUALQUER SABOR,SOPA DESIDRATADA DE QUALQUER SABOR,,
9014,9014,SOPAS EM PACOTE DE QUALQUER SABOR,SOPA DESIDRATADA DE QUALQUER SABOR,,
9014,9014,SOPAS CONCENTRADAS EM PACOTE DE QUALQUER SABOR,SOPA DESIDRATADA DE QUALQUER SABOR,,
9014,9014,CREME DE CEBOLA (SOPA DESIDRATADA),SOPA DESIDRATADA DE QUALQUER SABOR,,
9014,9014,CREME DE LEGUMES (SOPA DESIDRATADA),SOPA DESIDRATADA DE QUALQUER SABOR,,
9015,9015,CASTANHA DE CAJU EM LATA,,,
9016,9016,PIMENTA MALAGUETA EM CONSERVA,PIMENTA MALAGUETA EM CONSERVA,,
9016,9016,PIMENTA DE CUMARI EM CONSERVA,PIMENTA MALAGUETA EM CONSERVA,,
9016,9016,PIMENTA CUMARI EM CONSERVA,PIMENTA MALAGUETA EM CONSERVA,,
9016,9016,MALAGUETA EM CONSERVA,PIMENTA MALAGUETA EM CONSERVA,,
9016,9016,CUMARI EM CONSERVA,PIMENTA MALAGUETA EM CONSERVA,,
9017,9017,PIMENTA DE CHEIRO EM CONSERVA,PIMENTA DE CHEIRO EM CONSERVA,,
9017,9017,PIMENTA BODE EM CONSERVA,PIMENTA DE CHEIRO EM CONSERVA,,
9018,9018,PIMENTA EM CONSERVA (NÃO ESPECIFICADA),PIMENTA (NÃO ESPECIFICADA) EM CONSERVA,,
9018,9018,MOLHO DE PIMENTA (NÃO ESPECIFICADO),PIMENTA (NÃO ESPECIFICADA) EM CONSERVA,,
9019,9019,FEIJOADA EM LATA,FEIJOADA EM CONSERVA,,
9019,9019,FEIJOADA COMPLETA EM LATA,FEIJOADA EM CONSERVA,,
9020,9020,FEIJÃO BRANCO COM DOBRADINHA EM LATA,FEIJÃO BRANCO COM DOBRADINHA EM CONSERVA,,
9020,9020,DOBRADINHA COM FEIJÃO BRANCO EM LATA,FEIJÃO BRANCO COM DOBRADINHA EM CONSERVA,,
9021,9021,COSIDO EM LATA,COSIDO EM CONSERVA,,
9022,9022,PATE DE FIGADO EM LATA OU VIDRO,PATÊ DE FÍGADO EM CONSERVA,,
9022,9022,PASTA DE FIGADO EM LATA OU VIDRO,PATÊ DE FÍGADO EM CONSERVA,,
9023,9023,PATE DE CARNE EM LATA OU VIDRO,PATÊ DE CARNE EM CONSERVA,,
9023,9023,PASTA DE CARNE EM LATA OU VIDRO,PATÊ DE CARNE EM CONSERVA,,
9024,9024,PATE DE PRESUNTO EM LATA OU VIDRO,PATÊ DE PRESUNTO EM CONSERVA,,
9024,9024,PASTA DE PRESUNTO EM LATA OU VIDRO,PATÊ DE PRESUNTO EM CONSERVA,,
9025,9025,PATE DE GALINHA EM LATA OU VIDRO,PATÊ DE GALINHA EM CONSERVA,,
9025,9025,PASTA DE GALINHA EM LATA OU VIDRO,PATÊ DE GALINHA EM CONSERVA,,
9026,9026,CARNE DE BOI EM LATA,CARNE DE BOI EM CONSERVA,,
9026,9026,ALMONDEGA EM LATA,CARNE DE BOI EM CONSERVA,,
9026,9026,KITUTE DE BOI,CARNE DE BOI EM CONSERVA,,
9026,9026,ALMONDEGA AO MOLHO,CARNE DE BOI EM CONSERVA,,
9026,9026,VITELADA,CARNE DE BOI EM CONSERVA,,
9026,9026,CORNED BEEF,CARNE DE BOI EM CONSERVA,,
9026,9026,QUITUTE DE BOI,CARNE DE BOI EM CONSERVA,,
9027,9027,CARNE DE PORCO EM LATA,CARNE DE PORCO EM CONSERVA,,
9027,9027,FIAMBRADA DE PORCO,CARNE DE PORCO EM CONSERVA,,
9027,9027,VIANDADA DE PORCO,CARNE DE PORCO EM CONSERVA,,
9027,9027,KITUTE DE PORCO,CARNE DE PORCO EM CONSERVA,,
9027,9027,PRESUNTADA,CARNE DE PORCO EM CONSERVA,,
9027,9027,QUITUTE DE PORCO,CARNE DE PORCO EM CONSERVA,,
9027,9027,FIAMBRE,CARNE DE PORCO EM CONSERVA,,
9028,9028,SALSICHA EM LATA,SALSICHA EM CONSERVA,,
9029,9029,LINGUIÇA EM LATA,LINGUIÇA EM CONSERVA,,
9030,9030,PEIXE SARDINHA EM LATA,PEIXE SARDINHA EM CONSERVA,,
9030,9030,SARDINHA EM LATA,PEIXE SARDINHA EM CONSERVA,,
9031,9031,PEIXE ANCHOVA EM LATA,PEIXE ANCHOVA EM CONSERVA,,
9031,9031,PEIXE ENCHOVA EM LATA,PEIXE ANCHOVA EM CONSERVA,,
9031,9031,ANCHOVA EM LATA,PEIXE ANCHOVA EM CONSERVA,,
9031,9031,ENCHOVA EM LATA,PEIXE ANCHOVA EM CONSERVA,,
9032,9032,PEIXE CORVINA EM LATA,PEIXE CORVINA EM CONSERVA,,
9032,9032,CORVINA EM LATA,PEIXE CORVINA EM CONSERVA,,
9033,9033,PEIXE CAVALINHA EM LATA,PEIXE CAVALINHA EM CONSERVA,,
9033,9033,CAVALINHA EM LATA,PEIXE CAVALINHA EM CONSERVA,,
9034,9034,PEIXE ATUM EM LATA,PEIXE ATUM EM CONSERVA,,
9034,9034,ATUM EM LATA,PEIXE ATUM EM CONSERVA,,
9035,9035,PEIXE SAVELHA EM LATA,PEIXE SAVELHA EM CONSERVA,,
9035,9035,SAVELHA EM LATA,PEIXE SAVELHA EM CONSERVA,,
9036,9036,CAMARÃO EM LATA,CAMARÃO EM CONSERVA,,
9036,9036,CAMARÃO EM CONSERVA,CAMARÃO EM CONSERVA,,
9037,9037,PEPINO EM CONSERVA,PEPINO EM CONSERVA,,
9038,9038,CEBOLA EM CONSERVA,CEBOLA EM CONSERVA,,
9039,9039,PATE DE PEIXE EM LATA,PATÊ DE PEIXE EM CONSERVA,,
9039,9039,PASTA DE PEIXE EM LATA,PATÊ DE PEIXE EM CONSERVA,,
9040,9040,PICLES,PICLES,,
9041,9041,PEIXE BONITO EM LATA,PEIXE BONITO EM CONSERVA,,
9041,9041,BONITO EM LATA,PEIXE BONITO EM CONSERVA,,
9042,9042,LENTILHA EM CONSERVA,LENTILHA EM CONSERVA,,
9043,9043,MORTADELA EM LATA,MORTADELA EM CONSERVA,,
9044,9044,ALGAS EM CONSERVA,ALGAS EM CONSERVA,,
9045,9045,PEIXE PESCADA EM CONSERVA,PEIXES PESCADA EM CONSERVA,,
9045,9045,PESCADA EM CONSERVA,PEIXES PESCADA EM CONSERVA,,
9046,9046,QUITUTE DE FRANGO OU GALINHA,CARNE DE FRANGO OU GALINHA EM CONSERVA,,
9047,9047,PATE DE PERU EM LATA OU VIDRO,PATÊ DE PERU EM CONSERVA,,
9047,9047,PASTA DE PERU EM LATA OU VIDRO,PATÊ DE PERU EM CONSERVA,,
9048,9048,PATE DE LINGUA EM LATA OU VIDRO,PATÊ DE LINGUA EM CONSERVA,,
9048,9048,PASTA DE LINGUA EM LATA OU VIDRO,PATÊ DE LINGUA EM CONSERVA,,
9049,9049,PEIXE TAINHA EM LATA,PEIXE TAINHA EM CONSERVA,,
9049,9049,TAINHA EM LATA,PEIXE TAINHA EM CONSERVA,,
9049,9049,KAMA BOKU (TAINHA EM LATA),PEIXE TAINHA EM CONSERVA,,
9050,9050,BERBIGÃO EM LATA,BERBIGÃO EM CONSERVA,,
9050,9050,BERBIGÃO EM CONSERVA,BERBIGÃO EM CONSERVA,,
9100,9100,AVES E OVOS,,,
9101,9101,FRANGO ABATIDO,FRANGO ABATIDO,,
9101,9101,GALINHA ABATIDA,FRANGO ABATIDO,,
9102,9102,FRANGO CONGELADO,FRANGO CONGELADO,,
9102,9102,GALINHA CONGELADA,FRANGO CONGELADO,,
9102,9102,FRANGO TEMPERADO (CONGELADO),FRANGO CONGELADO,,
9102,9102,GALINHA TEMPERADA (CONGELADA),FRANGO CONGELADO,,
9103,9103,PEDAÇOS DE GALINHA OU FRANGO (NÃO ESPECIFICADOS),PARTE DE GALINHA OU FRANGO (NÃO ESPECIFICADO),,
9103,9103,FRANGO EM PEDAÇOS (NÃO ESPECIFICADOS),PARTE DE GALINHA OU FRANGO (NÃO ESPECIFICADO),,
9103,9103,GALINHA EM PEDAÇOS (NÃO ESPECIFICADOS),PARTE DE GALINHA OU FRANGO (NÃO ESPECIFICADO),,
9104,9104,PEITO DE GALINHA OU FRANGO,PEITO DE GALINHA OU FRANGO,,
9104,9104,FILE DE FRANGO,PEITO DE GALINHA OU FRANGO,,
9105,9105,COXA DE GALINHA OU FRANGO,COXA DE GALINHA OU FRANGO,,
9105,9105,SOBRE-COXA DE GALINHA OU FRANGO,COXA DE GALINHA OU FRANGO,,
9106,9106,DORSO DE GALINHA OU FRANGO,DORSO DE GALINHA OU FRANGO,,
9106,9106,CARCAÇA DE GALINHA OU FRANGO,DORSO DE GALINHA OU FRANGO,,
9107,9107,ASA DE GALINHA OU FRANGO,ASA DE GALINHA OU FRANGO,,
9108,9108,PESCOÇO DE GALINHA OU FRANGO,PESCOÇO DE GALINHA OU FRANGO,,
9109,9109,PE DE GALINHA OU FRANGO,PÉ DE GALINHA OU FRANGO,,
9110,9110,MIUDOS DE GALINHA OU FRANGO (NÃO ESPECIFICADOS),MIÚDOS DE GALINHA OU FRANGO (NÃO ESPECIFICADO),,
9111,9111,MOELA DE GALINHA OU FRANGO,MOELA DE GALINHA OU FRANGO,,
9112,9112,CORAÇÃO DE GALINHA OU FRANGO,CORAÇÃO DE GALINHA OU FRANGO,,
9113,9113,FIGADO DE GALINHA OU FRANGO,FIGADO DE GALINHA OU FRANGO,,
9114,9114,FRANGO VIVO,FRANGO VIVO,,
9114,9114,GALINHA VIVA,FRANGO VIVO,,
9114,9114,GALINHA EM PE,FRANGO VIVO,,
9114,9114,FRANGO EM PE,FRANGO VIVO,,
9115,9115,PERU ABATIDO,PERÚ ABATIDO,,
9116,9116,PERU CONGELADO,PERÚ CONGELADO,,
9116,9116,PERU TEMPERADO CONGELADO,PERÚ CONGELADO,,
9117,9117,PEDAÇOS DE PERU (NÃO ESPECIFICADOS),PARTE DE PERÚ (NÃO ESPECIFICADA),,
9117,9117,PERU EM PEDAÇOS (NÃO ESPECIFICADOS),PARTE DE PERÚ (NÃO ESPECIFICADA),,
9118,9118,PEITO DE PERU,PEITO DE PERÚ,,
9119,9119,COXA DE PERU,COXA DE PERÚ,,
9119,9119,SOBRE-COXA DE PERU,COXA DE PERÚ,,
9120,9120,DORSO DE PERU,DORSO DE PERÚ,,
9120,9120,CARCAÇA DE PERU,DORSO DE PERÚ,,
9121,9121,ASA DE PERU,ASA DE PERÚ,,
9122,9122,PERU VIVO,PERÚ VIVO,,
9122,9122,PERU EM PE,PERÚ VIVO,,
9123,9123,PATO ABATIDO,,,
9124,9124,PATO CONGELADO,,,
9125,9125,PEDAÇOS DE PATO (NÃO ESPECIFICADOS),,,
9125,9125,PATO EM PEDAÇOS (NÃO ESPECIFICADOS),,,
9126,9126,PEITO DE PATO,,,
9127,9127,COXA DE PATO,,,
9127,9127,SOBRE-COXA DE PATO,,,
9128,9128,DORSO DE PATO,,,
9128,9128,CARCAÇA DE PATO,,,
9129,9129,"PERDIZ ABATIDA, CONGELADA OU VIVA",,,
9130,9130,"CODORNA ABATIDA, CONGELADA OU VIVA","CODORNA ABATIDA, CONGELADA OU VIVA",,
9131,9131,"POMBO ABATIDO, CONGELADO OU VIVO",,,
9132,9132,"GANSO ABATIDO, CONGELADO OU VIVO",,,
9133,9133,OVO DE GALINHA,OVO DE GALINHA,,
9134,9134,OVO DE PATA,OVO DE PATA,,
9135,9135,OVO DE CODORNA,OVO DE CODORNA,,
9136,9136,OVO DE GANSA,OVO DE GANSA,,
9137,9137,"GALINHA D'ANGOLA ABATIDA, ONGELADA OU VIVA","OUTRAS AVES ABATIDAS, CONGELADAS OU VIVAS",,
9137,9137,"CAPOTE ABATIDA,CONGELADA OU VIVA","OUTRAS AVES ABATIDAS, CONGELADAS OU VIVAS",,
9138,9138,MIUDOS DE PERU (NÃO ESPECIFICADOS),MIUDOS DE PERÚ (NÃO ESPECIFICADOS),,
9139,9139,PATO VIVO,"PATO ABATIDO, CONGELADO OU VIVO",,
9139,9139,PATO EM PE,"PATO ABATIDO, CONGELADO OU VIVO",,
9140,9140,"CABEÇA DE GALINHA, PATO, PERU, MARRECO, GALINHA D'ANGOLA","CABEÇA DE GALINHA, PATO, PERÚ, MARRECO, GALINHA D´ANGOLA",,
9141,9141,PESCOÇO DE PERU,PESCOÇO DE PERU,,
9150,9150,LATICINIOS,,,
9151,9151,LEITE DE VACA PASTEURIZADO,LEITE DE VACA PASTEURIZADO,,
9151,9151,LEITE TIPO B,LEITE DE VACA PASTEURIZADO,,
9151,9151,LEITE TIPO C,LEITE DE VACA PASTEURIZADO,,
9151,9151,LEITE ESPECIAL,LEITE DE VACA PASTEURIZADO,,
9151,9151,LEITE LONGA VIDA,LEITE DE VACA PASTEURIZADO,,
9151,9151,LEITE GLUT (LONGA VIDA),LEITE DE VACA PASTEURIZADO,,
9151,9151,LEITE TIPO A,LEITE DE VACA PASTEURIZADO,,
9151,9151,LEITE ALIMBA DESNATADO,LEITE DE VACA PASTEURIZADO,,
9152,9152,LEITE DE VACA FRESCO (IN NATURA),LEITE DE VACA FRESCO (IN NATURA),,
9153,9153,LEITE DE CABRA,LEITE DE CABRA,,
9154,9154,LEITE DE BUFALA,LEITE DE BUFALA,,
9155,9155,LEITE DE JUMENTA,LEITE DE JUMENTA,,
9156,9156,LEITE EM PO INTEGRAL,LEITE EM PÓ INTEGRAL,,
9156,9156,LEITE EM PO NINHO INTEGRAL,LEITE EM PÓ INTEGRAL,,
9156,9156,LEITE EM PO GLORIA (INTEGRAL),LEITE EM PÓ INTEGRAL,,
9156,9156,LEITE EM PO NINHO INSTANTANEO (INTEGRAL),LEITE EM PÓ INTEGRAL,,
9156,9156,LEITE EM PO NESTOGENO (2º SEMESTRE) (INTEGRAL),LEITE EM PÓ INTEGRAL,,
9156,9156,LEITE EM PO LACTOGENO (INTEGRAL),LEITE EM PÓ INTEGRAL,,
9156,9156,LEITE EM PO NANON (INTEGRAL),LEITE EM PÓ INTEGRAL,,
9156,9156,LEITE EM PO FRIGOR,LEITE EM PÓ INTEGRAL,,
9157,9157,LEITE EM PO DESENGORDURADO,LEITE EM PÓ DESENGORDURADO,,
9157,9157,LEITE EM PO PELARGON (DESENGORDURADO),LEITE EM PÓ DESENGORDURADO,,
9157,9157,LEITE EM PO ELEDON (DESENGORDURADO),LEITE EM PÓ DESENGORDURADO,,
9157,9157,LEITE EM PO MOCOCA (DESENGORDURADO),LEITE EM PÓ DESENGORDURADO,,
9157,9157,LEITE EM PO DESNATADO (DESENGORDURADO),LEITE EM PÓ DESENGORDURADO,,
9157,9157,LEITE EM PO SEMILKO (DESENGORDURADO),LEITE EM PÓ DESENGORDURADO,,
9157,9157,LEITE EM PO NESTOGENO (1º SEMESTRE) (DESENGORDURADO),LEITE EM PÓ DESENGORDURADO,,
9157,9157,LEITE EM PO MOLICO (DESENGORDURADO),LEITE EM PÓ DESENGORDURADO,,
9157,9157,LEITE EM PO PRODIETON (DESENGORDURADO),LEITE EM PÓ DESENGORDURADO,,
9158,9158,LEITE EM PO (NÃO ESPECIFICADO),LEITE EM PÓ (NÃO ESPECIFICADO),,
9159,9159,LEITE CONDENSADO,LEITE CONDENSADO,,
9159,9159,LEITE MOÇA,LEITE CONDENSADO,,
9160,9160,CREME DE LEITE,CREME DE LEITE,,
9161,9161,CHANTILLY,CHANTILLY,,
9161,9161,CHANTIBON,CHANTILLY,,
9162,9162,IOGURTE DE QUALQUER SABOR,IOGURTE DE QUALQUER SABOR,,
9163,9163,YAKULT DE QUALQUER SABOR,YAKULT DE QUALQUER SABOR,,
9163,9163,LEITE FERMENTADO (YAKULT),YAKULT DE QUALQUER SABOR,,
9164,9164,COALHADA,COALHADA,,
9165,9165,MANTEIGA COM OU SEM SAL,MANTEIGA COM OU SEM SAL,,
9165,9165,MANTEIGA COMSAL,MANTEIGA COM OU SEM SAL,,
9165,9165,MANTEIGA SEMSAL,MANTEIGA COM OU SEM SAL,,
9166,9166,MARGARINA VEGETAL COM OU SEM SAL,MARGARINA VEGETAL COM OU SEM SAL,,
9166,9166,MARGARINA COM OU SEM SAL,MARGARINA VEGETAL COM OU SEM SAL,,
9167,9167,QUEIJO PRATO,QUEIJO PRATO,,
9167,9167,QUEIJO TIPO LANCHE,QUEIJO PRATO,,
9168,9168,QUEIJO MUZARELLA,QUEIJO MUZARELLA,,
9168,9168,MUZARELLA,QUEIJO MUZARELLA,,
9168,9168,MUSSARELA,QUEIJO MUZARELLA,,
9168,9168,QUEIJO MUSSARELA,QUEIJO MUZARELLA,,
9169,9169,QUEIJO DO REINO,QUEIJO DO REINO,,
9169,9169,QUEIJO PALMIRA,QUEIJO DO REINO,,
9169,9169,QUEIJO CUIA,QUEIJO DO REINO,,
9170,9170,QUEIJO DE MINAS,QUEIJO DE MINAS,,
9170,9170,QUEIJO MINAS,QUEIJO DE MINAS,,
9170,9170,QUEIJO DE MANTEIGA,QUEIJO DE MINAS,,
9170,9170,QUECHIMIA,QUEIJO DE MINAS,,
9170,9170,QUEIJO DE COALHO,QUEIJO DE MINAS,,
9171,9171,QUEIJO TIPO MINAS,,,
9172,9172,QUEIJO RICOTA,QUEIJO RICOTA,,
9173,9173,QUEIJO TIPO DANONINHO,,,
9173,9173,DANONINHO (QUEIJO),,,
9174,9174,QUEIJO PARMEZON,QUEIJO PARMEZON,,
9174,9174,QUEIJO PARMEZÃO,QUEIJO PARMEZON,,
9175,9175,QUEIJO PROVOLONE,QUEIJO PROVOLONE,,
9176,9176,QUEIJO CAMEMBERT,QUEIJO CAMEMBERT,,
9176,9176,QUEIJO ROQUEFORT,QUEIJO CAMEMBERT,,
9177,9177,QUEIJO DE MARAJO,QUEIJO DE MARAJO,,
9178,9178,QUEIJO POLENGUINHO,QUEIJO POLEGUINHO,,
9178,9178,QUEIJO FUNDIDO,QUEIJO POLEGUINHO,,
9178,9178,QUEIJO PASTEURIZADO POLENGUINHO,QUEIJO POLEGUINHO,,
9179,9179,REQUEIJÃO,REQUEIJÃO,,
9179,9179,QUEIJO CREMOSO,REQUEIJÃO,,
9179,9179,QUEIJO TIPO CREME,REQUEIJÃO,,
9179,9179,QUEIJO EM PASTA,REQUEIJÃO,,
9180,9180,QUEIJO (NÃO ESPECIFICADO),QUEIJO (NÃO ESPECIFICADO),,
9181,9181,QUEIJO RALADO,,,
9182,9182,NATA DOCE OU SALGADA,NATA DOCE OU SALGADA,,
9182,9182,NATA COLONIAL,NATA DOCE OU SALGADA,,
9183,9183,QUEIJO QUARCK,,,
9183,9183,QUEIJO TIPO QUARCK,,,
9184,9184,QUEIJO COLONIAL,,,
9185,9185,LEITE DE SOJA EM PO,LEITE DE SOJA EM PÓ,,
9185,9185,NOVOMILK (LEITE DE SOJA) EM PO,LEITE DE SOJA EM PÓ,,
9186,9186,QUEIJO DE SOJA,QUEIJO DE SOJA,,
9186,9186,TOFU (QUEIJO DE SOJA),QUEIJO DE SOJA,,
9186,9186,OTOFU (QUEIJO DE SOJA),QUEIJO DE SOJA,,
9186,9186,QUEIJO DE FEIJÃO SOJA,QUEIJO DE SOJA,,
9187,9187,QUEIJO GORGONZOLA,QUEIJO GORGONZOLA,,
9188,9188,LEITE COM SABOR,LEITE COM SABOR,,
9188,9188,LEITE ACHOCOLATADO,LEITE COM SABOR,,
9188,9188,LEITE LONGA VIDA COM SABOR,LEITE COM SABOR,,
9188,9188,ACHOCOLATADO (LEITE),LEITE COM SABOR,,
9188,9188,LEITE VITAMINADO,LEITE COM SABOR,,
9188,9188,LEITE VITAMINADO TODDYNHO,LEITE COM SABOR,,
9188,9188,TODDYNHO (LEITE ACHOCOLATADO),LEITE COM SABOR,,
9189,9189,LEITE DE SOJA COM SABOR (LIQUIDO),LEITE DE SOJA COM SABOR (LÍQUIDO),,
9189,9189,MAMY (LEITE DE SOJA COM SABOR - LIQUIDO),LEITE DE SOJA COM SABOR (LÍQUIDO),,
9190,9190,LEITE (PNL),,,
9191,9191,LEITE (DESEMBOLSO:VALOR-PNL),,,
9192,9192,QUEIJO DE TRANÇA,,,
9193,9193,SUPERLAC,,,
9194,9194,QUEIJO CAVALO,,,
9200,9200,PANIFICADOS,,,
9201,9201,PÃO FRANCES,PÃO FRANCES,,
9201,9201,PÃO DE AGUA,PÃO FRANCES,,
9201,9201,PÃO DE HAMBURGUER,PÃO FRANCES,,
9201,9201,BISNAGA,PÃO FRANCES,,
9201,9201,PÃO DE SAL,PÃO FRANCES,,
9201,9201,PÃO DE TRIGO,PÃO FRANCES,,
9201,9201,PÃO CACETINHO,PÃO FRANCES,,
9201,9201,PÃO SUIÇO,PÃO FRANCES,,
9201,9201,PÃO CARECA,PÃO FRANCES,,
9201,9201,PÃO FILÃO,PÃO FRANCES,,
9201,9201,PÃO DE SEMOLINA,PÃO FRANCES,,
9201,9201,PÃO BENGALA,PÃO FRANCES,,
9201,9201,PÃO BISNAGA,PÃO FRANCES,,
9201,9201,BENGALA,PÃO FRANCES,,
9201,9201,PÃO SOVADO,PÃO FRANCES,,
9201,9201,PÃO SOVADO CABRITO,PÃO FRANCES,,
9201,9201,PÃO SIRIO,PÃO FRANCES,,
9201,9201,PÃO FRANCES BISNAGA,PÃO FRANCES,,
9201,9201,PÃO DE CHA,PÃO FRANCES,,
9201,9201,PÃO PROVENÇO,PÃO FRANCES,,
9201,9201,PÃO PROVENÇAL,PÃO FRANCES,,
9201,9201,PÃO MASSA FINA,PÃO FRANCES,,
9201,9201,PÃO VITA SALGADO,PÃO FRANCES,,
9201,9201,PÃO CARIOQUINHA,PÃO FRANCES,,
9201,9201,PÃO PRESUNTO,PÃO FRANCES,,
9201,9201,PÃO DE BANHA,PÃO FRANCES,,
9201,9201,PÃO BANQUETE,PÃO FRANCES,,
9201,9201,PÃO BAQUETE,PÃO FRANCES,,
9201,9201,PÃO BAGUETE,PÃO FRANCES,,
9201,9201,PÃO ARABE,PÃO FRANCES,,
9201,9201,PÃO CARTEIRA (SALGADO),PÃO FRANCES,,
9201,9201,PÃO SEDA,PÃO FRANCES,,
9201,9201,PÃO TABICA,PÃO FRANCES,,
9201,9201,PÃO PALITO,PÃO FRANCES,,
9201,9201,PÃO SACADURA,PÃO FRANCES,,
9201,9201,PÃO BAIANO,PÃO FRANCES,,
9202,9202,PÃO DOCE,PÃO DOCE,,
9202,9202,PÃO ALMOFADINHA,PÃO DOCE,,
9202,9202,CHINEQUE,PÃO DOCE,,
9202,9202,PÃO DOCE COM COCO,PÃO DOCE,,
9202,9202,PÃO DOCE COMUM,PÃO DOCE,,
9202,9202,PÃO BOLACHÃO,PÃO DOCE,,
9202,9202,PÃO DOCE COM CREME,PÃO DOCE,,
9202,9202,PÃO DOCE COM RECHEIO,PÃO DOCE,,
9202,9202,PÃO DOCE SEM COCO,PÃO DOCE,,
9202,9202,PÃO DOCE ESPECIAL,PÃO DOCE,,
9202,9202,PÃO TRANÇA COM FAROFA,PÃO DOCE,,
9202,9202,PÃO DOCE CARECA,PÃO DOCE,,
9202,9202,PÃO DE LEITE (PÃO DOCE),PÃO DOCE,,
9202,9202,PÃO CARECA DOCE,PÃO DOCE,,
9202,9202,PÃO DOCE DE TRIGO,PÃO DOCE,,
9202,9202,MASSINHA DOCE (PÃO DOCE),PÃO DOCE,,
9202,9202,PÃO DOCE DE LEITE,PÃO DOCE,,
9202,9202,CHINEQUE COM FAROFA,PÃO DOCE,,
9202,9202,PÃO LANCHE,PÃO DOCE,,
9202,9202,PÃO DE LANCHE,PÃO DOCE,,
9202,9202,PÃO DOCE COM MEL,PÃO DOCE,,
9202,9202,PÃO DOCE COM OVOS,PÃO DOCE,,
9202,9202,PÃO DE COCO,PÃO DOCE,,
9202,9202,PÃO AMANTEIGADO (DOCE),PÃO DOCE,,
9202,9202,XISBAG,PÃO DOCE,,
9202,9202,CHISBAG,PÃO DOCE,,
9202,9202,PÃO SUPER FOFO,PÃO DOCE,,
9202,9202,PÃO VITA DOCE,PÃO DOCE,,
9202,9202,PÃO DE MEL,PÃO DOCE,,
9202,9202,PÃO CARTEIRA (DOCE),PÃO DOCE,,
9202,9202,PÃO ALEMÃO,PÃO DOCE,,
9202,9202,PÃO MANDI,PÃO DOCE,,
9202,9202,PÃO MANDIM,PÃO DOCE,,
9202,9202,PANETONE,PÃO DOCE,,
9203,9203,PÃO DE FORMA DE PADARIA (ADOCICADO),PÃO DE FORMA DE PADARIA (ADOCICADO),,
9203,9203,PÃO DE SANDUICHE DE PADARIA (ADOCICADO),PÃO DE FORMA DE PADARIA (ADOCICADO),,
9204,9204,PÃO DE FORMA DE PADARIA (SALGADO),PÃO DE FORMA DE PADARIA (SALGADO),,
9204,9204,PÃO DE SANDUICHE DE PADARIA (SALGADO),PÃO DE FORMA DE PADARIA (SALGADO),,
9205,9205,PÃO DE FORMA INDUSTRIALIZADO DE QUALQUER MARCA,PÃO DE FORMA INDUSTRIALIZADO DE QUALQUER MARCA,,
9205,9205,PÃO SEVEN BOYS,PÃO DE FORMA INDUSTRIALIZADO DE QUALQUER MARCA,,
9205,9205,PÃO PULMEX,PÃO DE FORMA INDUSTRIALIZADO DE QUALQUER MARCA,,
9205,9205,PÃO DE FORMA PLUS VITA,PÃO DE FORMA INDUSTRIALIZADO DE QUALQUER MARCA,,
9205,9205,PÃO DE FORMA DE LEITE PULLMAN,PÃO DE FORMA INDUSTRIALIZADO DE QUALQUER MARCA,,
9205,9205,PÃO DE FORMA SEVEN BOYS,PÃO DE FORMA INDUSTRIALIZADO DE QUALQUER MARCA,,
9205,9205,PÃO DE FORMA PETROPOLIS,PÃO DE FORMA INDUSTRIALIZADO DE QUALQUER MARCA,,
9205,9205,PÃO PLUS VITA,PÃO DE FORMA INDUSTRIALIZADO DE QUALQUER MARCA,,
9205,9205,PÃO DE CAIXA,PÃO DE FORMA INDUSTRIALIZADO DE QUALQUER MARCA,,
9205,9205,PÃO INGLES,PÃO DE FORMA INDUSTRIALIZADO DE QUALQUER MARCA,,
9205,9205,PÃO RECIFE,PÃO DE FORMA INDUSTRIALIZADO DE QUALQUER MARCA,,
9205,9205,PÃO ITALIANO,PÃO DE FORMA INDUSTRIALIZADO DE QUALQUER MARCA,,
9205,9205,PÃO PULLMAN,PÃO DE FORMA INDUSTRIALIZADO DE QUALQUER MARCA,,
9205,9205,PÃO DE FORMA PULMEX,PÃO DE FORMA INDUSTRIALIZADO DE QUALQUER MARCA,,
9205,9205,PÃO DE FORMA PULLMAN,PÃO DE FORMA INDUSTRIALIZADO DE QUALQUER MARCA,,
9205,9205,PÃO DE SANDUICHE INDUSTRIALIZADO DE QUALQUER MARCA,PÃO DE FORMA INDUSTRIALIZADO DE QUALQUER MARCA,,
9206,9206,PÃO DE ARROZ,PÃO DE ARROZ,,
9207,9207,PÃO DE GLUTEN,PÃO DE GLUTEN,,
9208,9208,PÃO DE QUEIJO,PÃO DE QUEIJO,,
9209,9209,PÃO DE CEVADA,PÃO DE CEVADA,,
9209,9209,PÃO DE MALTE,PÃO DE CEVADA,,
9210,9210,PÃO DE BATATA,PÃO DE BATATA,,
9210,9210,PÃO DE FECULA DE BATATA,PÃO DE BATATA,,
9211,9211,PÃO DE MILHO,PÃO DE MILHO,,
9211,9211,PÃO DE FORMA DE MILHO,PÃO DE MILHO,,
9211,9211,PÃO DE FUBA,PÃO DE MILHO,,
9211,9211,PANHOCA DE MILHO,PÃO DE MILHO,,
9212,9212,PÃO DE AIPIM,PÃO DE AIPIM,,
9212,9212,PÃO DE GOMA,PÃO DE AIPIM,,
9212,9212,PÃO DE MANDIOCA,PÃO DE AIPIM,,
9212,9212,PÃO DE MACAXEIRA,PÃO DE AIPIM,,
9213,9213,PÃO DE CENTEIO,PÃO DE CENTEIO,,
9213,9213,PÃO PRETO,PÃO DE CENTEIO,,
9213,9213,PÃO CRIOULO,PÃO DE CENTEIO,,
9214,9214,PÃO INTEGRAL,PÃO DE INTEGRAL,,
9214,9214,PÃO DE GRAHAM PLUS VITA,PÃO DE INTEGRAL,,
9214,9214,PÃO DE GRAHAM,PÃO DE INTEGRAL,,
9214,9214,PÃO INTEGRAL PLUS VITA,PÃO DE INTEGRAL,,
9215,9215,PÃO DE CARA,PÃO DE CARA,,
9216,9216,PÃO DE INHAME,PÃO DE INHAME,,
9217,9217,PÃO DE AVEIA,PÃO DE AVEIA,,
9218,9218,PÃO DE RABANADA,PÃO DE RABANADA,,
9218,9218,RABANADA (PÃO),PÃO DE RABANADA,,
9219,9219,TORRADA DE QUALQUER PÃO,TORRADA DE QUALQUER PÃO,,
9219,9219,PÃO TORRADO (TORRADA),TORRADA DE QUALQUER PÃO,,
9220,9220,ROSCA DOCE,ROSCA DOCE,,
9220,9220,ROSQUINHA DOCE,ROSCA DOCE,,
9220,9220,ROSQUINHA DE NATA,ROSCA DOCE,,
9220,9220,ROSCA DE TRIGO DOCE,ROSCA DOCE,,
9220,9220,ROSCA DE NATA,ROSCA DOCE,,
9220,9220,ROSCA DE MILHO,ROSCA DOCE,,
9220,9220,ROSCA RECHEADA,ROSCA DOCE,,
9220,9220,ROSQUINHA RECHEADA DE QUALQUER SABOR,ROSCA DOCE,,
9220,9220,ROSCA DOCE DE TRIGO,ROSCA DOCE,,
9220,9220,ROSCA DE COCO,ROSCA DOCE,,
9220,9220,ROSQUINHA DE COCO,ROSCA DOCE,,
9220,9220,ROSCA DE GLUTEN DOCE,ROSCA DOCE,,
9221,9221,ROSCA SALGADA,ROSCA SALGADA,,
9221,9221,ROSCA SALGADA DE TRIGO,ROSCA SALGADA,,
9221,9221,ROSCA DE BATATA,ROSCA SALGADA,,
9221,9221,ROSCA DE TRIGO SALGADA,ROSCA SALGADA,,
9221,9221,ROSQUINHA DE BATATA,ROSCA SALGADA,,
9221,9221,ROSQUINHA SALGADA,ROSCA SALGADA,,
9221,9221,ROSCA DE GLUTEN SALGADA,ROSCA SALGADA,,
9222,9222,BISCOITO SALGADO,BISCOITO SALGADO,,
9222,9222,BISCOITO DO REINO,BISCOITO SALGADO,,
9222,9222,BISCOITO GRISSINI,BISCOITO SALGADO,,
9222,9222,BISCOITO CREAM CRACKER,BISCOITO SALGADO,,
9222,9222,PRESUNTINHO BISCOITO,BISCOITO SALGADO,,
9222,9222,BISCOITO TIPO ITALIANO,BISCOITO SALGADO,,
9222,9222,BISCOITO DE AGUA,BISCOITO SALGADO,,
9222,9222,BISCOITO QUEIJINHO,BISCOITO SALGADO,,
9222,9222,BISCOITO DE COCO SALGADO,BISCOITO SALGADO,,
9222,9222,BISCOITO DE CAMARÃO,BISCOITO SALGADO,,
9222,9222,JOBS DE CAMARÃO,BISCOITO SALGADO,,
9222,9222,BISCOITO DE POLVILHO SALGADO,BISCOITO SALGADO,,
9222,9222,BISCOITO PRESUNTINHO,BISCOITO SALGADO,,
9222,9222,BISCOITO INTEGRAL DE AGUA,BISCOITO SALGADO,,
9222,9222,BISCOITO SALGADO DE COCO,BISCOITO SALGADO,,
9222,9222,BISCOITO BIT,BISCOITO SALGADO,,
9222,9222,BISKUIT GRISSINI,BISCOITO SALGADO,,
9222,9222,BISCOITO SALGADINHO,BISCOITO SALGADO,,
9222,9222,BISCOITO SALGADO DE POLVILHO,BISCOITO SALGADO,,
9222,9222,BISCOITO CLUB CRACKER,BISCOITO SALGADO,,
9222,9222,SALGADINHO (BISCOITO),BISCOITO SALGADO,,
9222,9222,BISCOITO DE AGUA INTEGRAL,BISCOITO SALGADO,,
9222,9222,QUEIJINHO BISCOITO,BISCOITO SALGADO,,
9222,9222,BISCOITO ITALIANO,BISCOITO SALGADO,,
9222,9222,BOLACHA SALGADA,BISCOITO SALGADO,,
9222,9222,BOLACHA DE AGUA E SAL,BISCOITO SALGADO,,
9222,9222,CHIPS (SALGADINHOS),BISCOITO SALGADO,,
9222,9222,CROCK (SALGADINHOS),BISCOITO SALGADO,,
9222,9222,OKAKI (BISCOITO SALGADO),BISCOITO SALGADO,,
9222,9222,SALGADINHO DE PELE (PACOTE),BISCOITO SALGADO,,
9222,9222,BACONZITOS,BISCOITO SALGADO,,
9223,9223,BISCOITO DOCE,BISCOITO DOCE,,
9223,9223,CAVACO CHINES,BISCOITO DOCE,,
9223,9223,BISCOITO DE MANTEIGA,BISCOITO DOCE,,
9223,9223,BOLACHA AMANTEIGADA,BISCOITO DOCE,,
9223,9223,SEQUILHO,BISCOITO DOCE,,
9223,9223,TARECO,BISCOITO DOCE,,
9223,9223,BISCOITO DE GERGELIM,BISCOITO DOCE,,
9223,9223,BISCOITO AMANTEIGADO,BISCOITO DOCE,,
9223,9223,SOLDA,BISCOITO DOCE,,
9223,9223,BISCOITO TOSTINE,BISCOITO DOCE,,
9223,9223,TOSTINE (BISCOITO),BISCOITO DOCE,,
9223,9223,BOLACHA DE FUBA,BISCOITO DOCE,,
9223,9223,BOLACHA DE MANTEIGA,BISCOITO DOCE,,
9223,9223,DEDITOS (BISCOITO),BISCOITO DOCE,,
9223,9223,BREVIDADE,BISCOITO DOCE,,
9223,9223,BISCOITO DE MAIZENA,BISCOITO DOCE,,
9223,9223,BOLACHA DE MILHO,BISCOITO DOCE,,
9223,9223,SEQUILHO DE MILHO,BISCOITO DOCE,,
9223,9223,BISCOITO DOCE DE QUEIJO,BISCOITO DOCE,,
9223,9223,SEQUILHO DE MAIZENA,BISCOITO DOCE,,
9223,9223,BISCOITO DOCE SORTIDO,BISCOITO DOCE,,
9223,9223,BISCOITO DE FUBA,BISCOITO DOCE,,
9223,9223,BISCOITO DEDITOS,BISCOITO DOCE,,
9223,9223,BISCOITO SORTIDO,BISCOITO DOCE,,
9223,9223,MIRABEL,BISCOITO DOCE,,
9223,9223,BISCOITO CREME,BISCOITO DOCE,,
9223,9223,BISCOITO DE MILHO,BISCOITO DOCE,,
9223,9223,BISCOITO RECHEADO TOSTINE,BISCOITO DOCE,,
9223,9223,BISCOITO ROSQUINHA DE COCO,BISCOITO DOCE,,
9223,9223,BISCOITO DE QUEIJO DOCE,BISCOITO DOCE,,
9223,9223,BISCOITO BROA DE COCO,BISCOITO DOCE,,
9223,9223,BISCOITO ROSCA DE COCO,BISCOITO DOCE,,
9223,9223,BISCOITO LANCHE MIRABEL,BISCOITO DOCE,,
9223,9223,BISCOITO WAFFER,BISCOITO DOCE,,
9223,9223,LANCHE MIRABEL,BISCOITO DOCE,,
9223,9223,WAFFER (BISCOITO),BISCOITO DOCE,,
9223,9223,BISCOITO MARIA,BISCOITO DOCE,,
9223,9223,BISCOITO RECHEADO,BISCOITO DOCE,,
9223,9223,BISCOITO MIRABEL,BISCOITO DOCE,,
9223,9223,BISCOITO DE LEITE,BISCOITO DOCE,,
9223,9223,BOLACHA DOCE,BISCOITO DOCE,,
9223,9223,BOLACHA COM LEITE,BISCOITO DOCE,,
9223,9223,CROISSANT,BISCOITO DOCE,,
9223,9223,MARIA MALUCA (BOLACHA DOCE),BISCOITO DOCE,,
9223,9223,ALFAJORES (BISCOITO),BISCOITO DOCE,,
9223,9223,BOLACHA RECHEADA,BISCOITO DOCE,,
9223,9223,BISCOITO CROCANTE,BISCOITO DOCE,,
9224,9224,BISCOITO DE POLVILHO DOCE,BISCOITO DE POLVILHO DOCE,,
9224,9224,BISCOITO DE POLVILHO SEQUILHO,BISCOITO DE POLVILHO DOCE,,
9224,9224,BISCOITO QUEBRA QUEBRA,BISCOITO DE POLVILHO DOCE,,
9224,9224,BISCOITO DE ARARUTA,BISCOITO DE POLVILHO DOCE,,
9224,9224,QUEBRA QUEBRA,BISCOITO DE POLVILHO DOCE,,
9224,9224,SEQUILHO DE POLVILHO,BISCOITO DE POLVILHO DOCE,,
9224,9224,BISCOITO DOCE DE POLVILHO,BISCOITO DE POLVILHO DOCE,,
9225,9225,BOLO DE QUALQUER MARCA E SABOR,BOLO DE QUALQUER MARCA E SABOR,,
9225,9225,ROCAMBOLE,BOLO DE QUALQUER MARCA E SABOR,,
9226,9226,BOLO DE MILHO,BOLO DE MILHO,,
9226,9226,BROA DE MILHO,BOLO DE MILHO,,
9226,9226,BROINHA DE MILHO ADOCICADA,BOLO DE MILHO,,
9226,9226,AMIDOMIL (BOLINHO),BOLO DE MILHO,,
9226,9226,ANGUSOR DE MILHO,BOLO DE MILHO,,
9226,9226,BROA DE FUBA,BOLO DE MILHO,,
9226,9226,BROINHA DE FUBA,BOLO DE MILHO,,
9226,9226,BOLINHO AMIDOMIL,BOLO DE MILHO,,
9227,9227,BOLO DE AIPIM,BOLO DE AIPIM,,
9227,9227,BOLO DE TAPIOCA,BOLO DE AIPIM,,
9227,9227,BOLO DE MACAXEIRA,BOLO DE AIPIM,,
9227,9227,BOLO DE GOMA,BOLO DE AIPIM,,
9227,9227,BROA DE MANDIOCA,BOLO DE AIPIM,,
9227,9227,BROINHA DE MANDIOCA,BOLO DE AIPIM,,
9227,9227,BROA DE GOMA,BOLO DE AIPIM,,
9228,9228,BOLO DE BATATA DOCE,BOLO DE BATATA DOCE,,
9229,9229,BOLO DE ARROZ,BOLO DE ARROZ,,
9230,9230,BOLO DE CENTEIO,BOLO DE CENTEIO,,
9230,9230,BROA DE CENTEIO,BOLO DE CENTEIO,,
9230,9230,BROINHA DE CENTEIO,BOLO DE CENTEIO,,
9230,9230,BROA PRETA,BOLO DE CENTEIO,,
9230,9230,BROINHA PRETA,BOLO DE CENTEIO,,
9231,9231,BOLO DE CARA,BOLO DE CARA,,
9231,9231,BROA DE CARA,BOLO DE CARA,,
9231,9231,BROINHA DE CARA,BOLO DE CARA,,
9232,9232,BOLO DE INHAME,BOLO DE INHAME,,
9232,9232,BROA DE INHAME,BOLO DE INHAME,,
9232,9232,BROINHA DE INHAME,BOLO DE INHAME,,
9233,9233,MISTURAS INDUSTRIAIS PARA PÃES,MISTURAS INDUSTRIAIS DE PÃES,,
9233,9233,MASSAS INDUSTRIAIS PARA PÃES,MISTURAS INDUSTRIAIS DE PÃES,,
9234,9234,"MISTURAS INDUSTRIAIS PARA BOLOS, TORTAS, BISCOITOS, ETC.","MISTURAS INDUSTRIAIS DE BOLOS, TORTAS, BISCOITOS, ETC.",,
9234,9234,"MASSAS INDUSTRIAIS PARA BOLOS, TORTAS, BISCOITOS, ETC.","MISTURAS INDUSTRIAIS DE BOLOS, TORTAS, BISCOITOS, ETC.",,
9234,9234,MASSA FOLHADA,"MISTURAS INDUSTRIAIS DE BOLOS, TORTAS, BISCOITOS, ETC.",,
9235,9235,TORTAS DOCES DE QUALQUER SABOR,TORTAS DOCES DE QUALQUER SABOR,,
9236,9236,TORTAS SALGADAS DE QUALQUER SABOR,TORTAS SALGADAS DE QUALQUER SABOR,,
9237,9237,SONHO,SONHO,,
9238,9238,CUCA DE QUALQUER TIPO,,,
9239,9239,PÃO BRIOCHE,PÃO BRIOCHE,,
9239,9239,BRIOCHE,PÃO BRIOCHE,,
9239,9239,PÃO DE MASSA FOLHADA,PÃO BRIOCHE,,
9240,9240,PÃO DE TORRESMO,,,
9241,9241,PÃO DE CEBOLA OU ALHO,,,
9242,9242,PÃES SORTIDOS,,,
9243,9243,PÃO DE SOJA,PÃO DE SOJA,,
9243,9243,PÃO DE FORMA DE SOJA,PÃO DE SOJA,,
9243,9243,PÃO DE SOJA DE FORMA,PÃO DE SOJA,,
9244,9244,PÃO DE CENOURA,"PÃO DE CENOURA, ALHO, CEBOLA, TORRESMO, ETC.",,
9245,9245,BROA DE COCO,BRÔA DE COCO,,
9245,9245,BROINHA DE COCO,BRÔA DE COCO,,
9250,9250,CARNES INDUSTRIALIZADAS,,,
9251,9251,CARNE SECA,CARNE SECA,,
9251,9251,CARNE DE CHARQUE,CARNE SECA,,
9251,9251,JABA,CARNE SECA,,
9251,9251,CHARQUE,CARNE SECA,,
9251,9251,CARNE DE SAL PRESA,CARNE SECA,,
9251,9251,CARNE DO SUL,CARNE SECA,,
9251,9251,CARNE DO SERTÃO,CARNE SECA,,
9252,9252,CARNE DE SOL,CARNE DE SOL,,
9253,9253,CARNE DE BOI DEFUMADA,CARNE DE BOI DEFUMADA,,
9254,9254,CARNE DE BOI SALGADA,CARNE DE BOI SALGADA,,
9255,9255,CARNE PARA HAMBURGUER,CARNE DE HAMBURGUER,,
9255,9255,HAMBURGUER (CARNE),CARNE DE HAMBURGUER,,
9256,9256,CARNE DE PORCO DEFUMADA,CARNE DE PORCO DEFUMADA,,
9257,9257,ORELHA DE PORCO DEFUMADA,ORELHA DE PORCO DEFUMADA,,
9258,9258,LOMBO DE PORCO DEFUMADO,LOMBO DE PORCO DEFUMADO,,
9258,9258,COPA DE PORCO DEFUMADA,LOMBO DE PORCO DEFUMADO,,
9259,9259,COSTELA DE PORCO DEFUMADA,COSTELA DE PORCO DEFUMADA,,
9260,9260,TOUCINHO DE PORCO DEFUMADO,TOUCINHO DE PORCO DEFUMADO,,
9260,9260,BACON (VAREJO),TOUCINHO DE PORCO DEFUMADO,,
9260,9260,TOUCINHO DEFUMADO,TOUCINHO DE PORCO DEFUMADO,,
9260,9260,BACON (EMBALADO),TOUCINHO DE PORCO DEFUMADO,,
9261,9261,RABO DE PORCO DEFUMADO,RABO DE PORCO DEFUMADO,,
9262,9262,CHISPE DEFUMADO,CHISPE DEFUMADO,,
9262,9262,PE DE PORCO DEFUMADO,CHISPE DEFUMADO,,
9263,9263,CARNE DE PORCO SALGADA,CARNE DE PORCO SALGADA,,
9264,9264,ORELHA DE PORCO SALGADA,ORELHA DE PORCO SALGADA,,
9265,9265,COSTELA DE PORCO SALGADA,COSTELA DE PORCO SALGADA,,
9266,9266,LOMBO DE PORCO SALGADO,LOMBO DE PORCO SALGADO,,
9266,9266,COPA DE PORCO SALGADA,LOMBO DE PORCO SALGADO,,
9267,9267,PE DE PORCO SALGADO,PÉ DE PORCO SALGADO,,
9267,9267,CHISPE SALGADO,PÉ DE PORCO SALGADO,,
9267,9267,CHISPE,PÉ DE PORCO SALGADO,,
9268,9268,RABO DE PORCO SALGADO,RABO DE PORCO SALGADO,,
9269,9269,TOUCINHO DE PORCO SALGADO,TOUCINHO DE PORCO SALGADO,,
9269,9269,TOUCINHO SALGADO,TOUCINHO DE PORCO SALGADO,,
9270,9270,VISCERAS DE PORCO SALGADAS,VÍSCERAS DE PORCO SALGADAS,,
9270,9270,MIUDOS DE PORCO SALGADOS,VÍSCERAS DE PORCO SALGADAS,,
9271,9271,SALSICHA (VAREJO),SALSICHA (VAREJO),,
9271,9271,SALSICHA (PACOTE),SALSICHA (VAREJO),,
9272,9272,LINGUIÇA (VAREJO),LINGUIÇA (VAREJO),,
9272,9272,LINGUIÇA (PACOTE),LINGUIÇA (VAREJO),,
9273,9273,SALSICHÃO (VAREJO),"RETALHO PARA PIZZA (MISTURA DE QUEIJO, PRESUNTO, MORTADELA, ETC.)",,
9273,9273,SALSICHÃO (PACOTE),"RETALHO PARA PIZZA (MISTURA DE QUEIJO, PRESUNTO, MORTADELA, ETC.)",,
9274,9274,CHOURIÇO,CHOURIÇO,,
9275,9275,PAIO,PAIO,,
9275,9275,CODEGUIM,PAIO,,
9276,9276,MORTADELA,MORTADELA,,
9277,9277,SALAME,SALAME,,
9278,9278,SALAMINHO,,,
9279,9279,PRESUNTO DE QUALQUER TIPO,PRESUNTO DE QUALQUER TIPO,,
9280,9280,APRESUNTADO,,,
9281,9281,MORCELA,,,
9281,9281,MORCILHA,,,
9281,9281,QUEIJO DE PORCO (MORCELA),,,
9282,9282,PATE DE PRESUNTO EMBUTIDO,PATÊ DE PRESUNTO EMBUTIDO,,
9282,9282,PASTA DE PRESUNTO EMBUTIDA,PATÊ DE PRESUNTO EMBUTIDO,,
9283,9283,PATE DE CARNE EMBUTIDO,PATÊ DE CARNE EMBUTIDO,,
9283,9283,PASTA DE CARNE EMBUTIDA,PATÊ DE CARNE EMBUTIDO,,
9284,9284,PATE DE FIGADO EMBUTIDO,PATÊ DE FÍGADO EMBUTIDO,,
9284,9284,PASTA DE FIGADO EMBUTIDA,PATÊ DE FÍGADO EMBUTIDO,,
9285,9285,PATE DE GALINHA EMBUTIDO,PATÊ DE GALINHA EMBUTIDO,,
9285,9285,PASTA DE GALINHA EMBUTIDA,PATÊ DE GALINHA EMBUTIDO,,
9286,9286,CARNE DE CABRITO SALGADA,,,
9286,9286,CARNE DE BODE SALGADA,,,
9287,9287,CARNE DE CARNEIRO SALGADA,,,
9287,9287,CARNE DE OVELHA SALGADA,,,
9288,9288,CARNE DE PREA SALGADA,,,
9289,9289,PURURUCA,PURURUCA,,
9289,9289,PELE DE PORCO PREPARADA,PURURUCA,,
9290,9290,PATE DE PEIXE EMBUTIDO,PATÊ DE PEIXE EMBUTIDO,,
9290,9290,PASTA DE PEIXE EMBUTIDA,PATÊ DE PEIXE EMBUTIDO,,
9291,9291,CARNE DE AVES DEFUMADA,CARNE DE AVES DEFUMADA,,
9292,9292,"MASSA PARA QUIBE, CROQUETE, SALGADINHO DE PEIXE, ETC.","MASSA DE QUIBE, CROQUETE, SALGADINHO DE PEIXE, ETC.",,
9292,9292,QUIBE (MASSA),"MASSA DE QUIBE, CROQUETE, SALGADINHO DE PEIXE, ETC.",,
9292,9292,CROQUETE (MASSA),"MASSA DE QUIBE, CROQUETE, SALGADINHO DE PEIXE, ETC.",,
9292,9292,SALGADINHO DE PEIXE (MASSA),"MASSA DE QUIBE, CROQUETE, SALGADINHO DE PEIXE, ETC.",,
9293,9293,CARNE SALGADAS PARA FEIJOADA,CARNE SALGADAS DE FEIJOADA,,
9293,9293,MISTURA DE CARNES SALGADAS PARA FEIJOADA,CARNE SALGADAS DE FEIJOADA,,
9294,9294,FIGADO ALEMÃO,,,
9295,9295,ALMONDEGA CONGELADA DE QUALQUER ANIMAL (CRUA),ALMONDEGA CONGELADA DE QUALQUER ANIMAL (CRUA),,
9296,9296,ORELHA DE BOI SALGADA,ORELHA DE BOI SALGADA,,
9296,9296,PE DE BOI SALGADO,ORELHA DE BOI SALGADA,,
9300,9300,BEBIDAS NÃO ALCOOLICAS E INFUSOES,,,
9301,9301,REFRIGERANTE COCA COLA,REFRIGERANTE COCA COLA,,
9301,9301,COCA COLA (REFRIGERANTE),REFRIGERANTE COCA COLA,,
9302,9302,REFRIGERANTE PEPSI,REFRIGERANTE PEPSI,,
9302,9302,PEPSI (REFRIGERANTE),REFRIGERANTE PEPSI,,
9302,9302,PEPSI COLA (REFRIGERANTE),REFRIGERANTE PEPSI,,
9302,9302,REFRIGERANTE PEPSI COLA,REFRIGERANTE PEPSI,,
9303,9303,REFRIGERANTE GUARANA,REFRIGERANTE GUARANA,,
9303,9303,GUARANA (REFRIGERANTE),REFRIGERANTE GUARANA,,
9304,9304,"REFRIGERANTE FANTA LARANJA,UVA,LIMÃO","REFRIGERANTE FANTA LARANJA, UVA, LIMÃO",,
9304,9304,"FANTA LARANJA,UVA,LIMÃO (REFRIGERANTE)","REFRIGERANTE FANTA LARANJA, UVA, LIMÃO",,
9305,9305,REFRIGERANTE CRUSH,REFRIGERANTE CRUSH,,
9305,9305,CRUSH (REFRIGERANTE),REFRIGERANTE CRUSH,,
9306,9306,REFRIGERANTE MINEIRINHO,REFRIGERANTE MINEIRINHO,,
9306,9306,MINEIRINHO REFRIGERANTE,REFRIGERANTE MINEIRINHO,,
9307,9307,REFRIGERANTE SODA LIMONADA,REFRIGERANTE SODA LIMONADA,,
9307,9307,SODA LIMONADA (REFRIGERANTE),REFRIGERANTE SODA LIMONADA,,
9307,9307,LIMÃO (REFRIGERANTE),REFRIGERANTE SODA LIMONADA,,
9307,9307,REFRIGERANTE LIMÃO,REFRIGERANTE SODA LIMONADA,,
9308,9308,REFRIGERANTE MIRINDA,REFRIGERANTE MIRINDA,,
9308,9308,MIRINDA (REFRIGERANTE),REFRIGERANTE MIRINDA,,
9309,9309,REFRIGERANTE MINUANO,REFRIGERANTE MINUANO,,
9309,9309,MINUANO (REFRIGERANTE),REFRIGERANTE MINUANO,,
9310,9310,REFRIGERANTE AGUA MINERAL,REFRIGERANTE AGUA MINERAL,,
9310,9310,REFRIGERANTE MINALBA,REFRIGERANTE AGUA MINERAL,,
9310,9310,MINALBA (REFRIGERANTE),REFRIGERANTE AGUA MINERAL,,
9310,9310,AGUA MINERAL (REFRIGERANTE),REFRIGERANTE AGUA MINERAL,,
9311,9311,REFRIGERANTE MATE COURO,REFRIGERANTE MATE COURO,,
9311,9311,MATE COURO (REFRIGERANTE),REFRIGERANTE MATE COURO,,
9312,9312,REFRIGERANTE BIDU,REFRIGERANTE BIDÚ,,
9312,9312,BIDU (REFRIGERANTE),REFRIGERANTE BIDÚ,,
9313,9313,REFRIGERANTE JAO,REFRIGERANTE JÃO,,
9313,9313,JAO (REFRIGERANTE),REFRIGERANTE JÃO,,
9314,9314,REFRIGERANTE ALOA,REFRIGERANTE ALOA,,
9314,9314,ALOA (REFRIGERANTE),REFRIGERANTE ALOA,,
9315,9315,REFRIGERANTE SUKITA,REFRIGERANTE SUKITA,,
9315,9315,SUKITA (REFRIGERANTE),REFRIGERANTE SUKITA,,
9316,9316,REFRIGERANTE POP LARANJA,REFRIGERANTE POP LARANJA,,
9316,9316,POP LARANJA (REFRIGERANTE),REFRIGERANTE POP LARANJA,,
9317,9317,REFRIGERANTE XODO DA BAHIA,REFRIGERANTE XODÓ DA BAHIA,,
9317,9317,XODO DA BAHIA (REFRIGERANTE),REFRIGERANTE XODÓ DA BAHIA,,
9318,9318,REFRIGERANTE TUBAINA,REFRIGERANTE TUBAINA,,
9318,9318,TUBAINA (REFRIGERANTE),REFRIGERANTE TUBAINA,,
9319,9319,REFRIGERANTE GASOSA,REFRIGERANTE GASOSA,,
9319,9319,GASOSA (REFRIGERANTE),REFRIGERANTE GASOSA,,
9320,9320,CALDO DE CANA,CALDO DE CANA,,
9320,9320,GARAPA,CALDO DE CANA,,
9321,9321,AGUA DE COCO,AGUA DE COCO,,
9322,9322,SUCO DE FRUTAS OU VEGETAIS (ENGARRAFADO),SUCO DE FRUTAS OU VEGETAIS (ENGARRAFADO),,
9322,9322,XAROPE DE FRUTAS OU VEGETAIS (ENGARRAFADO),SUCO DE FRUTAS OU VEGETAIS (ENGARRAFADO),,
9323,9323,REFRESCO DE FRUTAS (ENGARRAFADO),REFRESCO DE FRUTAS (ENGARRAFADO),,
9323,9323,REFRESCO DE FRUTAS DIETETICO (ENGARRAFADO),REFRESCO DE FRUTAS (ENGARRAFADO),,
9324,9324,SUCO DE FRUTAS OU VEGETAIS ARTIFICIAL (EM PO),SUCO DE FRUTAS OU VEGETAL ARTIFICIAL (PÓ),,
9324,9324,KSUCO,SUCO DE FRUTAS OU VEGETAL ARTIFICIAL (PÓ),,
9324,9324,QREFRESKO,SUCO DE FRUTAS OU VEGETAL ARTIFICIAL (PÓ),,
9324,9324,CONCENTRADO PARA REFRESCO (EM PO),SUCO DE FRUTAS OU VEGETAL ARTIFICIAL (PÓ),,
9324,9324,REFRESCO DE FRUTAS ARTIFICIAL (EM PO),SUCO DE FRUTAS OU VEGETAL ARTIFICIAL (PÓ),,
9324,9324,PO PARA REFRESCO,SUCO DE FRUTAS OU VEGETAL ARTIFICIAL (PÓ),,
9324,9324,REFRESCO ADOCYL (EM PO),SUCO DE FRUTAS OU VEGETAL ARTIFICIAL (PÓ),,
9325,9325,CAFE MOIDO,CAFÉ MOÍDO,,
9326,9326,CAFE SOLUVEL,CAFÉ SOLUVEL,,
9326,9326,NESCAFE,CAFÉ SOLUVEL,,
9327,9327,CHA PRETO,CHA PRETO,,
9327,9327,CHA DA INDIA,CHA PRETO,,
9327,9327,CHA JAPONES,CHA PRETO,,
9328,9328,CHA MATE,CHA MATE,,
9328,9328,MATE (CHA),CHA MATE,,
9328,9328,ERVA MATE,CHA MATE,,
9328,9328,CHIMARRÃO,CHA MATE,,
9329,9329,ERVA DOCE (CHA),ERVADOCE (CHA),,
9329,9329,CHA DE ERVA DOCE,ERVADOCE (CHA),,
9329,9329,ANIZ (CHA),ERVADOCE (CHA),,
9329,9329,CHA DE ANIZ,ERVADOCE (CHA),,
9330,9330,HORTELÃ (CHA),HORTELÃ (CHA),,
9330,9330,CHA DE HORTELÃ,HORTELÃ (CHA),,
9331,9331,CANELA (CHA),,,
9331,9331,CHA DE CANELA,,,
9332,9332,CAMOMILA (CHA),CANELA (CHA),,
9332,9332,CHA DE CAMOMILA,CANELA (CHA),,
9333,9333,ERVA CIDREIRA (CHA),ERVA CIDREIRA (CHA),,
9333,9333,CHA DE ERVA CIDREIRA,ERVA CIDREIRA (CHA),,
9334,9334,CERVEJA EM PO,LEVEDURA DE CERVEJA,,
9334,9334,LEVEDO DE CERVEJA,LEVEDURA DE CERVEJA,,
9335,9335,REFRIGERANTE (NÃO ESPECIFICADO),REFRIGERANTES (NÃO ESPECIFICADO),,
9336,9336,CAFE DE CEVADA,CAFÉ DE CEVADA,,
9336,9336,CEVADA (CAFE),CAFÉ DE CEVADA,,
9336,9336,CEVADA EM PO,CAFÉ DE CEVADA,,
9337,9337,CAFE EM GRÃO,CAFÉ EM GRÃO,,
9338,9338,CHOPP (REFRESCO EM SACO PLASTICO*BELEM),REFRESCO EM SACO PLÁSTICO,,
9339,9339,"REFRIGERANTE LARANJA (EXCETO FANTA, SUKITA, POP, CRUSH)","REFRIGERANTE LARANJA (EXCETO FANTA, SUKITA, POP, CRUSH)",,
9339,9339,"LARANJA (REFRIGERANTE) (EXCETO FANTA, SUKITA, POP, CRUSH)","REFRIGERANTE LARANJA (EXCETO FANTA, SUKITA, POP, CRUSH)",,
9340,9340,REFRIGERANTE COLA (EXCETO COCA COLA E PEPSI COLA),REFRIGERANTE COLA (EXCETO COCA-COLA E PEPSI-COLA),,
9340,9340,COLA (REFRIGERANTE) (EXCETO COCA E PEPSI COLA),REFRIGERANTE COLA (EXCETO COCA-COLA E PEPSI-COLA),,
9341,9341,REFRIGERANTE MAÇÃ (QUALQUER MARCA),REFRIGERANTE MAÇÃ (QUALQUER MARCA),,
9341,9341,MAÇÃ (REFRIGERANTE) (QUALQUER MARCA),REFRIGERANTE MAÇÃ (QUALQUER MARCA),,
9342,9342,REFRIGERANTE TUTI FRUTI (QUALQUER MARCA),REFRIGERANTE TUTI FRUTI (QUALQUER MARCA),,
9342,9342,TUTI FRUTI (REFRIGERANTE) (QUALQUER MARCA),REFRIGERANTE TUTI FRUTI (QUALQUER MARCA),,
9343,9343,REFRIGERANTE TANGERINA (QUALQUER MARCA),REFRIGERANTE TANGERINA (QUALQUER MARCA),,
9343,9343,TANGERINA (REFRIGERANTE) (QUALQUER MARCA),REFRIGERANTE TANGERINA (QUALQUER MARCA),,
9344,9344,MARCELA (CHA),MARCELA (CHA),,
9344,9344,CHA DE MARCELA,MARCELA (CHA),,
9345,9345,CHOCOLATE ENGARRAFADO,CHOCOLATE ENGARRAFADO OU ENCARTONADO,,
9345,9345,CHOCOMILK (CHOCOLATE ENGARRAFADO),CHOCOLATE ENGARRAFADO OU ENCARTONADO,,
9346,9346,REFRIGERANTE CAJU (QUALQUER MARCA),REFRIGERANTE CAJÚ (QUALQUER MARCA),,
9346,9346,CAJU (REFRIGERANTE) (QUALQUER MARCA),REFRIGERANTE CAJÚ (QUALQUER MARCA),,
9347,9347,SUCO DE FRUTAS OU VEGETAIS (ENCARTONADO),SUCO DE FRUTAS OU VEGETAIS (ENCARTONADO),,
9347,9347,XAROPE DE FRUTAS OU VEGETAIS (ENCARTONADO),SUCO DE FRUTAS OU VEGETAIS (ENCARTONADO),,
9347,9347,SUCO DE FRUTAS OU VEGETAIS (EM CAIXA),SUCO DE FRUTAS OU VEGETAIS (ENCARTONADO),,
9347,9347,XAROPE DE FRUTAS OU VEGETAIS (EM CAIXA),SUCO DE FRUTAS OU VEGETAIS (ENCARTONADO),,
9348,9348,"GELO EM CUBO,PEDRA,ETC","GÊLO EM CUBO, PEDRA, ETC.",,
9348,9348,GELIKO (GELO EM CUBO),"GÊLO EM CUBO, PEDRA, ETC.",,
9348,9348,GELITRO (GELO),"GÊLO EM CUBO, PEDRA, ETC.",,
9350,9350,BEBIDAS ALCOOLICAS,REFRIGERANTE GRAPETE,,
9351,9351,CERVEJA,SUCO DE FRUTAS OU VEGETAIS (EM LATA),,
9351,9351,CERVEJA PRETA,SUCO DE FRUTAS OU VEGETAIS (EM LATA),,
9351,9351,CERVEJA BRANCA,SUCO DE FRUTAS OU VEGETAIS (EM LATA),,
9352,9352,CHOPP,CHA DIETÉTICO,,
9352,9352,CHOPP ESCURO,CHA DIETÉTICO,,
9352,9352,CHOPP CLARO,CHA DIETÉTICO,,
9353,9353,AGUARDENTE DE CANA,SUCO DE FRUTAS OU VEGETAIS (EM SACO PLÁSTICO),,
9353,9353,CACHAÇA,SUCO DE FRUTAS OU VEGETAIS (EM SACO PLÁSTICO),,
9354,9354,AGUARDENTE DE UVA,REFRIGERANTE PARAGUAI,,
9354,9354,GRASPA,REFRIGERANTE PARAGUAI,,
9354,9354,BAGACEIRA,REFRIGERANTE PARAGUAI,,
9355,9355,BATIDA DE QUALQUER SABOR,REFRIGERANTE GOIANINHA,,
9355,9355,LEITE DE ONÇA,REFRIGERANTE GOIANINHA,,
9356,9356,STEINHARGER,MULTIERVAS (CHA),,
9357,9357,RUM,REFRIGERANTE REAL,,
9358,9358,VODKA,REFRIGERANTE FRATELLY VITA,,
9359,9359,GIN,TAFFMAN E.,,
9360,9360,UISQUE,REFRIGERANTE DIETÉTICO,,
9360,9360,WHISKY,REFRIGERANTE DIETÉTICO,,
9361,9361,CAMPARI,OUTROS CHAS,,
9362,9362,CHAMPANHE,GATORATE,,
9362,9362,SIDRA (CHAMPANHE),GATORATE,,
9363,9363,VERMUTE,SNAPPLE,,
9364,9364,CINZANO,CAFÉ CAPUCCINO (SOLÚVEL),,
9365,9365,MARTINI,ARRUDA (CHA),,
9366,9366,CONHAQUE,,,
9367,9367,"DRINK ""DREHER"" E OUTROS",,,
9368,9368,SAN RAFAEL,,,
9369,9369,LICOR DE QUALQUER SABOR,,,
9370,9370,SHERRY,,,
9371,9371,FERNET,,,
9372,9372,BITTER,,,
9373,9373,AGUARDENTE DE ARROZ,,,
9373,9373,SAQUE,,,
9374,9374,VINHO DE UVA E OUTROS,,,
9374,9374,VINHO ROSE,,,
9374,9374,VINHO TINTO,,,
9374,9374,VINHO VERDE,,,
9374,9374,VINHO SECO,,,
9374,9374,VINHO MOSCATEL,,,
9374,9374,VINHO LICOROSO,,,
9374,9374,VINHO QUINADO,,,
9374,9374,CAJUINA,,,
9374,9374,VINHO BRANCO,,,
9374,9374,JURUBEBA (VINHO),,,
9375,9375,AGUARDENTE DE BANANA,,,
9400,9400,"OLEOS,AZEITES E GORDURAS",,,
9401,9401,AZEITE DE OLIVA,AZEITE DE OLIVA,,
9401,9401,AZEITE IMPORTADO,AZEITE DE OLIVA,,
9402,9402,AZEITE DE DENDE,AZEITE DE DENDÊ,,
9403,9403,OLEO DE SOJA,ÓLEO DE SOJA,,
9404,9404,OLEO DE MILHO,ÓLEO DE MILHO,,
9405,9405,OLEO DE AMENDOIM,ÓLEO DE AMENDOIM,,
9406,9406,OLEO DE ALGODÃO,ÓLEO DE ALGODÃO,,
9407,9407,OLEO DE COCO BABAÇU,ÓLEO DE COCO BABAÇÚ,,
9407,9407,OLEO DE BABAÇU,ÓLEO DE COCO BABAÇÚ,,
9408,9408,OLEO DE GIRASSOL,ÓLEO DE GIRASSOL,,
9409,9409,OLEO DE ARROZ,ÓLEO DE ARROZ,,
9410,9410,OLEO DE PEIXE,ÓLEO DE PEIXE,,
9411,9411,OLEO DE AMENDOA,ÓLEO DE AMENDOA,,
9412,9412,OLEO DE GENGIBRE,ÓLEO DE GENGIBRE,,
9413,9413,OLEO DE UVA,ÓLEO DE UVA,,
9413,9413,OLEO DE SEMENTE DE UVA,ÓLEO DE UVA,,
9414,9414,OLEO DE COCO TUCUM,ÓLEO DE COCO TUCUM,,
9414,9414,OLEO DE COCO TICUM,ÓLEO DE COCO TUCUM,,
9414,9414,OLEO DE TICUM,ÓLEO DE COCO TUCUM,,
9414,9414,OLEO DE TUCUM,ÓLEO DE COCO TUCUM,,
9415,9415,OLEO DE COCO OURICURI,ÓLEO DE COCO OURICURI,,
9415,9415,OLEO DE COCO LICURI,ÓLEO DE COCO OURICURI,,
9415,9415,OLEO DE OURICURI,ÓLEO DE COCO OURICURI,,
9415,9415,OLEO DE LICURI,ÓLEO DE COCO OURICURI,,
9416,9416,OLEO DE PEQUI,ÓLEO DE PEQUI,,
9416,9416,OLEO DE PIQUI,ÓLEO DE PEQUI,,
9416,9416,OLEO DE PIQUIA,ÓLEO DE PEQUI,,
9416,9416,OLEO DE PEQUIA,ÓLEO DE PEQUI,,
9417,9417,OLEO DE COCO MACAUBA,ÓLEO DE COCO MAÇAUBA,,
9417,9417,OLEO DE MACAIBA,ÓLEO DE COCO MAÇAUBA,,
9417,9417,OLEO DE MACAUBA,ÓLEO DE COCO MAÇAUBA,,
9417,9417,OLEO DE COCO MACAIBA,ÓLEO DE COCO MAÇAUBA,,
9418,9418,BANHA DE PORCO,BANHA DE PORCO,,
9419,9419,BANHA DE GALINHA,BANHA DE GALINHA,,
9420,9420,BANHA VEGETAL,BANHA VEGETAL,,
9421,9421,GORDURA DE PORCO,GORDURA DE PORCO,,
9422,9422,GORDURA DE COCO,GORDURA DE COCO,,
9422,9422,GORDURA VEGETAL,GORDURA DE COCO,,
9423,9423,GORDURA DE PEIXE,GORDURA DE PEIXE,,
9424,9424,GORDURA DE OVELHA,GORDURA DE OVELHA,,
9425,9425,GORDURA DE RINS DE BODE,GORDURA DE RINS DE BODE,,
9426,9426,OLEO DE GERGELIM,ÓLEO DE GERGELIM,,
9427,9427,OLEO DE COCO DA BAHIA,ÓLEO DE COCO DA BAHIA,,
9450,9450,ALIMENTOS PREPARADOS E/OU PARA VIAGEM,,,
9451,9451,REFEIÇÕES PRONTAS,REFEIÇÕES PRONTAS PARA VIAGEM,,
9451,9451,MARMITA,REFEIÇÕES PRONTAS PARA VIAGEM,,
9451,9451,QUENTINHA,REFEIÇÕES PRONTAS PARA VIAGEM,,
9451,9451,MARMITEX (QUENTINHA),REFEIÇÕES PRONTAS PARA VIAGEM,,
9452,9452,SALGADINHOS PARA VIAGEM,SALGADINHOS PARA VIAGEM,,
9452,9452,PASTEL PARA VIAGEM,SALGADINHOS PARA VIAGEM,,
9452,9452,CROQUETE PARA VIAGEM,SALGADINHOS PARA VIAGEM,,
9452,9452,"BOLINHO SALGADO (CARNE, CAMARÃO, ETC.) PARA VIAGEM",SALGADINHOS PARA VIAGEM,,
9452,9452,COXINHA PARA VIAGEM,SALGADINHOS PARA VIAGEM,,
9452,9452,EMPADA PARA VIAGEM,SALGADINHOS PARA VIAGEM,,
9452,9452,RIZOLE PARA VIAGEM,SALGADINHOS PARA VIAGEM,,
9452,9452,PIZZA EM PEDAÇO PARA VIAGEM,SALGADINHOS PARA VIAGEM,,
9452,9452,ACARAJE PARA VIAGEM,SALGADINHOS PARA VIAGEM,,
9452,9452,TORRESMO PARA VIAGEM,SALGADINHOS PARA VIAGEM,,
9452,9452,QUIBE PARA VIAGEM,SALGADINHOS PARA VIAGEM,,
9452,9452,ABARA PARA VIAGEM,SALGADINHOS PARA VIAGEM,,
9452,9452,PAÇOCA DE CARNE DE SOL,SALGADINHOS PARA VIAGEM,,
9453,9453,SANDUICHES PARA VIAGEM,SANDUICHE PARA VIAGEM,,
9453,9453,CACHORRO QUENTE PARA VIAGEM,SANDUICHE PARA VIAGEM,,
9453,9453,HAMBURGUER (SANDUICHE) PARA VIAGEM,SANDUICHE PARA VIAGEM,,
9453,9453,CHEESBURGUER (SANDUICHE) PARA VIAGEM,SANDUICHE PARA VIAGEM,,
9453,9453,EGGSBURGUER (SANDUICHE) PARA VIAGEM,SANDUICHE PARA VIAGEM,,
9453,9453,MISTO QUENTE OU FRIO (SANDUICHE) PARA VIAGEM,SANDUICHE PARA VIAGEM,,
9453,9453,BAURU (SANDUICHE) PARA VIAGEM,SANDUICHE PARA VIAGEM,,
9453,9453,AMERICANO (SANDUICHE) PARA VIAGEM,SANDUICHE PARA VIAGEM,,
9453,9453,"TORRADA COM QUEIJO, PRESUNTO, OVOS, ETC. PARA VIAGEM",SANDUICHE PARA VIAGEM,,
9454,9454,SUCOS PARA VIAGEM,SUCO PARA VIAGEM,,
9455,9455,VITAMINAS PARA VIAGEM,VITAMINA PARA VIAGEM,,
9456,9456,REFRESCOS PARA VIAGEM,REFRESCO PARA VIAGEM,,
9457,9457,ALIMENTOS CONGELADOS,ALIMENTOS PRONTOS CONGELADOS PARA VIAGEM,,
9457,9457,CONGELADOS (ALIMENTOS),ALIMENTOS PRONTOS CONGELADOS PARA VIAGEM,,
9458,9458,SALADAS PRONTAS (EXCETO DE FRUTAS),"SALADAS, VERDURAS COZIDAS PRONTAS (EXCETO DE FRUTAS) (PARA VIAGEM)",,
9459,9459,MASSAS PRONTAS (PREPARADAS PARA CONSUMO),MASSAS PRONTAS (PREPARADAS PARA CONSUMO) PARA VIAGEM,,
9459,9459,"PIZZA, NHOQUE, CANELONI, CAPELETI, FETUTINE, RAVIOLE, LAZANHA, ETC. (PRONTOS)",MASSAS PRONTAS (PREPARADAS PARA CONSUMO) PARA VIAGEM,,
9460,9460,FRANGO ASSADO OU DEFUMADO,FRANGO ASSADO OU DEFUMADO PARA VIAGEM,,
9460,9460,GALINHA ASSADA OU DEFUMADA,FRANGO ASSADO OU DEFUMADO PARA VIAGEM,,
9460,9460,GALETO ASSADO OU DEFUMADO,FRANGO ASSADO OU DEFUMADO PARA VIAGEM,,
9460,9460,GALETO,FRANGO ASSADO OU DEFUMADO PARA VIAGEM,,
9461,9461,CARNE ASSADA (DE QUALQUER ANIMAL),CARNE ASSADA OU BIFE (DE QUALQUER ANIMAL) PARA VIAGEM,,
9461,9461,CHURRASCO (ESPETO),CARNE ASSADA OU BIFE (DE QUALQUER ANIMAL) PARA VIAGEM,,
9461,9461,CHURRASQUINHO (ESPETO),CARNE ASSADA OU BIFE (DE QUALQUER ANIMAL) PARA VIAGEM,,
9462,9462,PIPOCA DOCE OU SALGADA,PIPOCA DOCE OU SALGADA PARA VIAGEM,,
9463,9463,CAFE PREPARADO PURO OU COM LEITE,CAFÉ PREPARADO PURO OU COM LEITE PARA VIAGEM,,
9464,9464,MILHO VERDE COZIDO,MILHO VERDE COZIDO PARA VIAGEM,,
9464,9464,MILHO COZIDO OU ASSADO,MILHO VERDE COZIDO PARA VIAGEM,,
9465,9465,BATATA FRITA,BATATA FRITA PARA VIAGEM,,
9466,9466,ACARAJE EM CAIXA,ACARAJÉ EM CAIXA PARA VIAGEM,,
9467,9467,ANGU DE MILHO,ANGÚ DE MILHO (SEMIPRONTO),,
9468,9468,PEIXE FRITO,PEIXE FRITO PARA VIAGEM,,
9469,9469,MUNGUZA,MUNGUZA PARA VIAGEM,,
9469,9469,MUNGUNZA,MUNGUZA PARA VIAGEM,,
9470,9470,MASSA DE ARROZ PREPARADA,MASSA DE ARROZ PREPARADA PARA VIAGEM,,
9470,9470,MOCHI (MASSA DE ARROZ PREPARADA),MASSA DE ARROZ PREPARADA PARA VIAGEM,,
9470,9470,MANJU (MASSA DE ARROZ PREPARADA),MASSA DE ARROZ PREPARADA PARA VIAGEM,,
9471,9471,CAMARÃO COZIDO,CAMARÃO COZIDO PARA VIAGEM,,
9472,9472,FAROFA,FAROFA PARA VIAGEM,,
9473,9473,MINGAU,MINGAU PARA VIAGEM,,
9474,9474,TACACA,TACACA PARA VIAGEM,,
9500,9500,MATERIAIS PARA LIMPEZA E MANUTENÇÃO DA CASA,,,
9501,9501,AGUA SANITARIA,AGUA SANITARIA,,
9501,9501,CANDIDA,AGUA SANITARIA,,
9501,9501,Q-BOA,AGUA SANITARIA,,
9502,9502,ESPONJA DE LIMPEZA,ESPONJA DE LIMPEZA,,
9502,9502,BOM-BRIL,ESPONJA DE LIMPEZA,,
9502,9502,LIXA PARA LIMPEZA DE FOGÃO,ESPONJA DE LIMPEZA,,
9502,9502,ESPONJA DE AÇO,ESPONJA DE LIMPEZA,,
9502,9502,ESPONJA DE NYLON,ESPONJA DE LIMPEZA,,
9502,9502,LÃ DE AÇO,ESPONJA DE LIMPEZA,,
9503,9503,ESCOVA DE LIMPEZA,ESCOVA DE LIMPEZA,,
9503,9503,LIMPADOR DE GARRAFA,ESCOVA DE LIMPEZA,,
9503,9503,LIXA PARA FOGÃO,ESCOVA DE LIMPEZA,,
9503,9503,ESCOVA PARA MAMADEIRA,ESCOVA DE LIMPEZA,,
9503,9503,CONJUNTO DE ESCOVAS PARA MAMADEIRA,ESCOVA DE LIMPEZA,,
9504,9504,VASSOURA DE QUALQUER TIPO,VASSOURA DE QUALQUER TIPO,,
9504,9504,FEITICEIRA,VASSOURA DE QUALQUER TIPO,,
9504,9504,VASSOURA PARA VASO SANITARIO,VASSOURA DE QUALQUER TIPO,,
9504,9504,ESCOVÃO,VASSOURA DE QUALQUER TIPO,,
9504,9504,VASSOURINHA,VASSOURA DE QUALQUER TIPO,,
9504,9504,ESFREGÃO,VASSOURA DE QUALQUER TIPO,,
9505,9505,RODO,RODO,,
9505,9505,PUXADOR,RODO,,
9506,9506,ESPANADOR,ESPANADOR,,
9507,9507,FLANELA,FLANELA,,
9507,9507,PANO DE PO,FLANELA,,
9507,9507,PERFEX,FLANELA,,
9507,9507,PANO PARA LIMPEZA DESCARTAVEL,FLANELA,,
9508,9508,PANO DE CHÃO,PANO DE CHÃO,,
9509,9509,LATA DE LIXO,LATA DE LIXO,,
9509,9509,SUPORTE PARA LATA DE LIXO,LATA DE LIXO,,
9509,9509,LIXEIRA,LATA DE LIXO,,
9509,9509,BALDE PARA LIXO,LATA DE LIXO,,
9509,9509,CESTO PARA LIXO,LATA DE LIXO,,
9509,9509,RECIPIENTE PARA LIXO,LATA DE LIXO,,
9510,9510,PA DE LIXO,PA DE LIXO,,
9511,9511,SACO PARA LIXO DE QUALQUER MATERIAL,SACO DE LIXO DE QUALQUER MATERIAL,,
9511,9511,SACOLA PARA LIXO,SACO DE LIXO DE QUALQUER MATERIAL,,
9512,9512,SACOLA DE COMPRA,SACOLA DE COMPRA,,
9512,9512,BOLSA DE COMPRA,SACOLA DE COMPRA,,
9512,9512,SACO DE COMPRA,SACOLA DE COMPRA,,
9513,9513,EMBALAGEM PLASTIFICADA,EMBALAGEM PLASTIFICADA,,
9513,9513,ROLOPAC (EMBALAGEM PLASTICA),EMBALAGEM PLASTIFICADA,,
9513,9513,MAGIPAC,EMBALAGEM PLASTIFICADA,,
9514,9514,DESINFETANTE,DESINFETANTE,,
9514,9514,CREOLINA,DESINFETANTE,,
9515,9515,SOLVENTE,SOLVENTE,,
9515,9515,AGUARRAS,SOLVENTE,,
9515,9515,BENZINA,SOLVENTE,,
9515,9515,FAISCA,SOLVENTE,,
9515,9515,REMOVEDOR,SOLVENTE,,
9516,9516,SODA CAUSTICA,SODA CAÚSTICA,,
9516,9516,DIABO VERDE,SODA CAÚSTICA,,
9516,9516,ACIDO MURIATICO,SODA CAÚSTICA,,
9517,9517,ALCOOL (MATERIAL DE LIMPEZA),ALCOOL (MATERIAL DE LIMPEZA),,
9518,9518,DETERGENTE,DETERGENTE,,
9518,9518,LAVA LOUÇA (DETERGENTE),DETERGENTE,,
9518,9518,CONCENTRADO PARA LIMPEZA (DETERGENTE),DETERGENTE,,
9519,9519,SABÃO LIQUIDO,SABÃO LÍQUIDO,,
9520,9520,SABÃO PASTOSO,SABÃO PASTOSO,,
9521,9521,SABÃO DE COCO,SABÃO DE COCO,,
9521,9521,SABÃO EM PEDRA,SABÃO DE COCO,,
9521,9521,SABÃO EM BARRA,SABÃO DE COCO,,
9521,9521,SABÃO DE BOLA,SABÃO DE COCO,,
9521,9521,SABÃO EM BOLA,SABÃO DE COCO,,
9522,9522,SABÃO EM PO,SABÃO EM PÓ,,
9523,9523,SAPONACEO,SAPONACEO,,
9523,9523,SAPOLEO,SAPONACEO,,
9523,9523,PASTA PARA POLIR PANELA,SAPONACEO,,
9524,9524,ALVEJANTE,ALVEJANTE,,
9524,9524,OLA,ALVEJANTE,,
9524,9524,CONFORT,ALVEJANTE,,
9524,9524,ANIL,ALVEJANTE,,
9524,9524,AMACIANTE PARA ROUPA,ALVEJANTE,,
9524,9524,GOMA PARA ROUPA,ALVEJANTE,,
9524,9524,PASSE BEM,ALVEJANTE,,
9524,9524,PRE-LAVAGEM DE QUALQUER MARCA,ALVEJANTE,,
9524,9524,TIRA-MANCHA,ALVEJANTE,,
9525,9525,DESODORANTE AMBIENTAL,DESODORANTE AMBIENTAL,,
9525,9525,SACHET,DESODORANTE AMBIENTAL,,
9525,9525,BOM-AR (DESODORANTE AMBIENTAL),DESODORANTE AMBIENTAL,,
9525,9525,DESODORANTE PARA SANITARIO,DESODORANTE AMBIENTAL,,
9525,9525,PURIFICADOR DE AR,DESODORANTE AMBIENTAL,,
9525,9525,PASTILHA SANITARIA,DESODORANTE AMBIENTAL,,
9525,9525,DESODORIZADOR PARA GELADEIRA,DESODORANTE AMBIENTAL,,
9525,9525,DESODORANTE PARA GELADEIRA,DESODORANTE AMBIENTAL,,
9526,9526,INSETICIDA,INSETICIDA,,
9526,9526,AEROSOL SBP (INSETICIDA),INSETICIDA,,
9526,9526,REPELENTE,INSETICIDA,,
9526,9526,ESPIRAL DURMA-BEM E OUTRAS MARCAS,INSETICIDA,,
9526,9526,NAFTALINA,INSETICIDA,,
9526,9526,REFIL,INSETICIDA,,
9527,9527,RATICIDA,RATICIDA,,
9528,9528,BOMBA PARA INSETICIDA,BOMBA DE INSETICIDA,,
9529,9529,RATOEIRA,RATOEIRA,,
9530,9530,PALHA DE AÇO,PALHA DE AÇO,,
9531,9531,CERA PARA ASSOALHO,CÊRA DE ASSOALHO,,
9532,9532,OLEO PARA MOVEIS,ÓLEO DE MÓVEIS,,
9532,9532,OLEO DE PEROBA,ÓLEO DE MÓVEIS,,
9532,9532,LUSTRA MOVEIS,ÓLEO DE MÓVEIS,,
9533,9533,POLIDOR DE METAIS,POLIDOR DE METAIS,,
9533,9533,SILVO,POLIDOR DE METAIS,,
9533,9533,PASTA PARA BRILHO,POLIDOR DE METAIS,,
9533,9533,LAVINOX,POLIDOR DE METAIS,,
9533,9533,BRASSO,POLIDOR DE METAIS,,
9533,9533,KAOL,POLIDOR DE METAIS,,
9534,9534,GRAXA PARA SAPATO,GRAXA DE SAPATO,,
9534,9534,CERA PARA SAPATO,GRAXA DE SAPATO,,
9534,9534,POMADA PARA CALÇADO,GRAXA DE SAPATO,,
9535,9535,ESCOVA PARA ROUPA,ESCOVA DE ROUPA,,
9535,9535,ESCOVA PARA SAPATO,ESCOVA DE ROUPA,,
9535,9535,ESCOVA PARA LAVAR ROUPA,ESCOVA DE ROUPA,,
9535,9535,ESCOVA PARA ENGRAXAR SAPATO,ESCOVA DE ROUPA,,
9536,9536,OLEO PARA MAQUINA,ÓLEO DE MÓVEIS,,
9537,9537,PREGADOR DE ROUPA,PREGADOR DE ROUPA,,
9538,9538,CORDA PARA VARAL,CORDA DE VARAL,,
9538,9538,CORDA PARA ROUPA,CORDA DE VARAL,,
9539,9539,PAPEL TOALHA,PAPEL TOALHA,,
9540,9540,DESENTUPIDOR DE RALOS,DESENTUPIDOR DE RALOS,,
9541,9541,PALITO,PALITO,,
9542,9542,FORMINHA DE PAPEL,SULFATO DE ALUMÍNIO (LIMPEZA DOMÉSTICA),,
9542,9542,PAPEL DE BALA,SULFATO DE ALUMÍNIO (LIMPEZA DOMÉSTICA),,
9543,9543,GUARDANAPO DE PAPEL,GUARDANAPO DE PAPEL,,
9544,9544,"PRATO DE PAPEL, ALUMINIZADO OU PLASTICO","PRATO OU BANDEJA DE PAPEL, ALUMINIZADO OU PLASTICO",,
9544,9544,EMBALAGEM ALUMINIZADA PARA CONGELAMENTO,"PRATO OU BANDEJA DE PAPEL, ALUMINIZADO OU PLASTICO",,
9545,9545,COPO DE PAPEL OU PLASTICO,,,
9546,9546,COADOR DE CAFE (PAPEL),COADOR DE CAFÉ (PAPEL),,
9547,9547,TOALHA DE PAPEL,TOALHA DE PAPEL,,
9548,9548,CANUDINHO DE PAPEL OU PLASTICO,CANUDINHO DE PAPEL OU PLÁSTICO,,
9549,9549,BANDEJA DE PAPELÃO,"FORMA, COPO, ETC., DE PAPEL OU PAPELÃO",,
9550,9550,PAPEL ALUMINIO OU ALUMINIZADO,PAPEL ALUMÍNIO OU ALUMINIZADO,,
9551,9551,PAPEL ABSORVENTE PARA COPA E COZINHA,PAPEL ABSORVENTE DE COPA E COZINHA,,
9552,9552,PAPEL CELOFANE,PAPEL CELOFANE,,
9553,9553,FOSFOROS,FÓSFORO,,
9553,9553,CAIXA DE FOSFOROS,FÓSFORO,,
9554,9554,VELAS PARA ILUMINAÇÃO,VELAS DE ILUMINAÇÃO,,
9555,9555,LAMPADA DE QUALQUER TIPO,LÂMPADA DE QUALQUER TIPO,,
9556,9556,QUEROSENE (MATERIAL DE LIMPEZA),QUEROSENE (MATERIAL DE LIMPEZA),,
9557,9557,CARVÃO VEGETAL,CARVÃO VEGETAL (PARA CHURRASCO),,
9557,9557,CARVÃO,CARVÃO VEGETAL (PARA CHURRASCO),,
9558,9558,GASOLINA (MATERIAL DE LIMPEZA),GASOLINA (MATERIAL DE LIMPEZA),,
9559,9559,PILHA,PILHA,,
9560,9560,CERA PARA MOVEIS,CÊRA DE MÓVEIS,,
9561,9561,SHAMPOO PARA CARPETE,SHAMPU DE CARPETE,,
9561,9561,SHAMPOO PARA TAPETE,SHAMPU DE CARPETE,,
9561,9561,LIMPA-TAPETE,SHAMPU DE CARPETE,,
9561,9561,LIMPA-CARPETE,SHAMPU DE CARPETE,,
9562,9562,"TALHERES DE PLASTICO (GARFO, FACA, COLHER)","TALHERES DE PLÁSTICO (GARFO, FACA, COLHER)",,
9562,9562,GARFO DE PLASTICO,"TALHERES DE PLÁSTICO (GARFO, FACA, COLHER)",,
9562,9562,FACA DE PLASTICO,"TALHERES DE PLÁSTICO (GARFO, FACA, COLHER)",,
9562,9562,COLHER DE PLASTICO,"TALHERES DE PLÁSTICO (GARFO, FACA, COLHER)",,
9563,9563,AMONIACO,AMONÍACO,,
9563,9563,VEJA (AMONIACO),AMONÍACO,,
9563,9563,AJAX (AMONIACO),AMONÍACO,,
9563,9563,FURIA (AMONIACO),AMONÍACO,,
9563,9563,JATO (AMONIACO),AMONÍACO,,
9563,9563,MULTILIMPADOR INSTANTANEO,AMONÍACO,,
9563,9563,CONCENTRADO PARA LIMPEZA (AMONIACO),AMONÍACO,,
9563,9563,LIMPADOR INSTANTANEO,AMONÍACO,,
9563,9563,PULVERIZADOR (LIMPADOR DE MULTIPLA AÇÃO),AMONÍACO,,
9563,9563,LIMPADOR DE MULTIPLA AÇÃO,AMONÍACO,,
9564,9564,ANTI-MOFO,ANTIMOFO,,
9564,9564,DESUMIDIFICADOR,ANTIMOFO,,
9564,9564,MOFIL,ANTIMOFO,,
9565,9565,LIMPA-VIDROS,LIMPA-VIDROS,,
9566,9566,LIMPA-FORNO,LIMPA-FORNO,,
9566,9566,EASY OFF (LIMPA-FORNO),LIMPA-FORNO,,
9567,9567,VELA PARA ANIVERSARIO,VELA DE ANIVERSARIO,,
9568,9568,VAPORIZADOR ELETRICO (CONTRA INSETOS),VAPORIZADOR ELÉTRICO (CONTRA INSETOS),,
9568,9568,REPELENTE DE INSETOS ELETRICO,VAPORIZADOR ELÉTRICO (CONTRA INSETOS),,
9568,9568,PROTECTOR,VAPORIZADOR ELÉTRICO (CONTRA INSETOS),,
9568,9568,FUMINSECT,VAPORIZADOR ELÉTRICO (CONTRA INSETOS),,
9569,9569,ESTOPA PARA LIMPEZA DA CASA,ESTOPA DE LIMPEZA DE CASA,,
9570,9570,ALGODÃO PARA LIMPEZA,ALGODÃO DE LIMPEZA,,
9571,9571,ANTI-FERRUGEM,ANTIFERRUGEM,,
9571,9571,TIRA-FERRUGEM,ANTIFERRUGEM,,
9572,9572,SAQUINHO PARA LANCHE (PLASTICO OU PAPEL),SAQUINHO DE LANCHE (PLÁSTICO OU PAPEL),,
9572,9572,SAQUINHO DE PLASTICO OU PAPEL PARA LANCHE,SAQUINHO DE LANCHE (PLÁSTICO OU PAPEL),,
9573,9573,ANILINA E TINTA PARA ASSOALHO,ANILINA E TINTA DE ASSOALHO,,
9573,9573,TINTA PARA ASSOALHO,ANILINA E TINTA DE ASSOALHO,,
9574,9574,ESFREGADEIRA PARA LAVAR ROUPA,ESFREGADEIRA DE LAVAR ROUPA,,
9575,9575,CLORO LIQUIDO PARA LIMPEZA DOMESTICA,CLORO LÍQUIDO DE LIMPEZA DOMÉSTICA,,
9576,9576,"TALHERES DE MADEIRA (GARFO, ESPETO, ETC.)","TALHERES DE MADEIRA (GARFO, ESPETO, ETC.)",,
9577,9577,SECADOR DE LOUÇA (LIQUIDO PARA MAQUINA DE LAVAR LOUÇA),SECADOR DE LOUÇA (LÍQUIDO DE MÁQUINA DE LAVAR LOUÇA),,
9578,9578,FOLHA DE BANANEIRA (EMBALAGEM),FOLHA DE BANANEIRA (EMBALAGEM),,
9579,9579,FILTRO DE PAPEL PARA EXAUSTOR,FILTRO DE PAPEL DE EXAUSTOR,,
9590,9590,ALIMENTOS E OUTROS PRODUTOS PARA ANIMAIS,,,
9591,9591,ALIMENTOS PARA CÃES,ALIMENTOS DE CÃES,,
9592,9592,"ALIMENTOS PARA OUTROS ANIMAIS (PASSAROS, PEIXES, ETC.)","ALIMENTO DE OUTROS ANIMAIS (PÁSSAROS, PEIXES, GATOS, COELHOS, ETC.)",,
9593,9593,PRODUTOS PARA LIMPEZA E HIGIENE DE ANIMAIS,PRODUTOS DE LIMPEZA E HIGIENE DE ANIMAIS,,
9594,9594,"OBJETOS PARA ANIMAIS (CORRENTE, COLEIRA, GAIOLA, ETC)","OBJETOS DE ANIMAIS (CORRENTE, COLEIRA, GAIOLA, ETC.)",,
9594,9594,CORRENTE PARA ANIMAIS,"OBJETOS DE ANIMAIS (CORRENTE, COLEIRA, GAIOLA, ETC.)",,
9594,9594,COLEIRA PARA ANIMAIS,"OBJETOS DE ANIMAIS (CORRENTE, COLEIRA, GAIOLA, ETC.)",,
9594,9594,GAIOLA PARA ANIMAIS,"OBJETOS DE ANIMAIS (CORRENTE, COLEIRA, GAIOLA, ETC.)",,
9599,9599,FLORES NATURAIS (QUALQUER),FLORES NATURAIS (QUALQUER),,
9599,9599,ROSA,FLORES NATURAIS (QUALQUER),,
9599,9599,CRAVO,FLORES NATURAIS (QUALQUER),,
9599,9599,MARGARIDA,FLORES NATURAIS (QUALQUER),,
9599,9599,GLADIOLOS,FLORES NATURAIS (QUALQUER),,
9599,9599,ORQUIDEA,FLORES NATURAIS (QUALQUER),,
9599,9599,MONSENHOR,FLORES NATURAIS (QUALQUER),,
9599,9599,FLOR DO CAMPO,FLORES NATURAIS (QUALQUER),,
9599,9599,PALMA,FLORES NATURAIS (QUALQUER),,
9599,9599,COPO DE LEITE,FLORES NATURAIS (QUALQUER),,
9599,9599,CRISANTEMO,FLORES NATURAIS (QUALQUER),,
9599,9599,ARRANJO DE FLORES NATURAIS,FLORES NATURAIS (QUALQUER),,
9600,9600,DESPESAS COM ARTIGOS DE HIGIENE PESSOAL,,,
9601,9601,CREME DENTAL E FIO DENTAL,CREME DENTAL E FIO DENTAL,,
9601,9601,FIO DENTAL,CREME DENTAL E FIO DENTAL,,
9601,9601,PASTA DE DENTE,CREME DENTAL E FIO DENTAL,,
9602,9602,"ESCOVA DE DENTES (MACIA, MEDIA, DURA)","ESCOVA DE DENTES (MACIA, MÉDIA, DURA)",,
9603,9603,SABONETE,SABONETE,,
9604,9604,"XAMPU, CREME RINSE E OUTROS PRODUTOS PARA CABELO","XAMPU, CREME RINSE E OUTROS PRODUTOS DE CABELO",,
9604,9604,CREME RINSE,"XAMPU, CREME RINSE E OUTROS PRODUTOS DE CABELO",,
9604,9604,BRILHANTINA,"XAMPU, CREME RINSE E OUTROS PRODUTOS DE CABELO",,
9604,9604,PASTA PARA CABELO,"XAMPU, CREME RINSE E OUTROS PRODUTOS DE CABELO",,
9604,9604,OLEO PARA CABELO,"XAMPU, CREME RINSE E OUTROS PRODUTOS DE CABELO",,
9604,9604,TINTURA PARACABELO,"XAMPU, CREME RINSE E OUTROS PRODUTOS DE CABELO",,
9604,9604,ALISANTE PARA CABELO,"XAMPU, CREME RINSE E OUTROS PRODUTOS DE CABELO",,
9604,9604,HENE,"XAMPU, CREME RINSE E OUTROS PRODUTOS DE CABELO",,
9604,9604,FIXADOR PARA CABELO,"XAMPU, CREME RINSE E OUTROS PRODUTOS DE CABELO",,
9604,9604,LAQUE,"XAMPU, CREME RINSE E OUTROS PRODUTOS DE CABELO",,
9604,9604,AGUA DE QUINA,"XAMPU, CREME RINSE E OUTROS PRODUTOS DE CABELO",,
9604,9604,LOÇÃO PARA CABELO,"XAMPU, CREME RINSE E OUTROS PRODUTOS DE CABELO",,
9604,9604,RESTAURADOR CAPILAR,"XAMPU, CREME RINSE E OUTROS PRODUTOS DE CABELO",,
9604,9604,SHAMPOO,"XAMPU, CREME RINSE E OUTROS PRODUTOS DE CABELO",,
9604,9604,CREME ENXAGUANTE PARA CABELO,"XAMPU, CREME RINSE E OUTROS PRODUTOS DE CABELO",,
9604,9604,NEUTROX,"XAMPU, CREME RINSE E OUTROS PRODUTOS DE CABELO",,
9604,9604,CREME PARA CABELO,"XAMPU, CREME RINSE E OUTROS PRODUTOS DE CABELO",,
9604,9604,BILCREM,"XAMPU, CREME RINSE E OUTROS PRODUTOS DE CABELO",,
9604,9604,PRODUTOS PARA PINTURA DE CABELO,"XAMPU, CREME RINSE E OUTROS PRODUTOS DE CABELO",,
9604,9604,CONDICIONADOR CAPILAR,"XAMPU, CREME RINSE E OUTROS PRODUTOS DE CABELO",,
9604,9604,OUTROS PRODUTOS PARA CABELO,"XAMPU, CREME RINSE E OUTROS PRODUTOS DE CABELO",,
9605,9605,DESODORANTE PESSOAL,DESODORANTE PESSOAL,,
9606,9606,"CREME,PINCEL E OUTROS PRODUTOS PARA BARBA","CREME, PINCEL E OUTROS PRODUTOS DE BARBA",,
9606,9606,CREME DE BARBEAR,"CREME, PINCEL E OUTROS PRODUTOS DE BARBA",,
9606,9606,PINCEL PARA BARBA,"CREME, PINCEL E OUTROS PRODUTOS DE BARBA",,
9606,9606,LOÇÃO POS-BARBA,"CREME, PINCEL E OUTROS PRODUTOS DE BARBA",,
9606,9606,AGUA VELVA,"CREME, PINCEL E OUTROS PRODUTOS DE BARBA",,
9606,9606,ESPUMA DE BARBEAR,"CREME, PINCEL E OUTROS PRODUTOS DE BARBA",,
9606,9606,AGUA NOVA,"CREME, PINCEL E OUTROS PRODUTOS DE BARBA",,
9607,9607,LAMINA DE BARBEAR,LÂMINA DE BARBEAR,,
9607,9607,GILETE,LÂMINA DE BARBEAR,,
9607,9607,G II,LÂMINA DE BARBEAR,,
9607,9607,ATRA,LÂMINA DE BARBEAR,,
9607,9607,PRESTOBARBA,LÂMINA DE BARBEAR,,
9607,9607,APARELHO DE BARBEAR DESCARTAVEL,LÂMINA DE BARBEAR,,
9607,9607,APARELHO DE BARBA DESCARTAVEL,LÂMINA DE BARBEAR,,
9607,9607,ESTOJO DE BARBEAR DESCARTAVEL,LÂMINA DE BARBEAR,,
9608,9608,ABSORVENTE HIGIENICO,ABSORVENTE HIGIÊNICO,,
9609,9609,LENÇO DE PAPEL,LENÇO DE PAPEL,,
9610,9610,COTONETE,,,
9611,9611,PRODUTOS PARA BANHO,PRODUTOS DE BANHO,,
9611,9611,SAL PARA BANHO,PRODUTOS DE BANHO,,
9611,9611,BUCHA PARA BANHO,PRODUTOS DE BANHO,,
9611,9611,ESCOVA PARA BANHO,PRODUTOS DE BANHO,,
9611,9611,PEDRA POME,PRODUTOS DE BANHO,,
9611,9611,ESPONJA PARA BANHO,PRODUTOS DE BANHO,,
9612,9612,PAPEL HIGIENICO,PAPEL HIGIÊNICO,,
9613,9613,BARBEADOR PARA LAMINA,BARBEADOR DE LÂMINA,,
9614,9614,SABONETE LIQUIDO,SABONETE LÍQUIDO,,
9615,9615,HALITOL,HALITOL,,
9615,9615,DESODORANTE BUCAL,HALITOL,,
9615,9615,CEPACOL,HALITOL,,
9700,9700,BEBIDAS NÃO ALCOOLICAS E INFUSÕES (CONTINUAÇÃO),,,
9701,9701,ALFAZEMA (CHA),CERVEJA,,
9701,9701,CHA DE ALFAZEMA,CERVEJA,,
9702,9702,ALECRIM (CHA),CHOPP,,
9702,9702,CHA DE ALECRIM,CHOPP,,
9703,9703,REFRIGERANTE AGUA TONICA,AGUARDENTE DE CANA,,
9703,9703,AGUA TONICA (REFRIGERANTE),AGUARDENTE DE CANA,,
9704,9704,MAÇÃ (CHA),AGUARDENTE DE UVA,,
9704,9704,CHA DE MAÇÃ,AGUARDENTE DE UVA,,
9705,9705,REFRIGERANTE GRAPETE,BATIDA DE QUALQUER SABOR,,
9705,9705,GRAPETE (REFRIGERANTE),BATIDA DE QUALQUER SABOR,,
9706,9706,CRAVO (CHA),STEINHARGER,,
9706,9706,CHA DE CRAVO,STEINHARGER,,
9707,9707,CONFREI (CHA),RUN,,
9707,9707,CHA DE CONFREI,RUN,,
9708,9708,SUCO DE FRUTAS OU VEGETAIS (EM LATA),VODKA,,
9708,9708,XAROPE DE FRUTAS OU VEGETAIS (EM LATA),VODKA,,
9709,9709,SALVIA (CHA),GIN,,
9709,9709,CHA DE SALVIA,GIN,,
9710,9710,BOLDO (CHA),UÍSQUE,,
9710,9710,CHA DE BOLDO,UÍSQUE,,
9711,9711,CHA DIETETICO,CAMPARI,,
9711,9711,CHA VITA SANFER,CAMPARI,,
9711,9711,CHA EMAGRECEDOR,CAMPARI,,
9712,9712,SUCO DE FRUTAS OU VEGETAIS (EM SACO PLASTICO),CHAMPANHE,,
9712,9712,XAROPE DE FRUTAS OU VEGETAIS (EM SACO PLASTICO),CHAMPANHE,,
9713,9713,REFRIGERANTE PARAGUAI,VERMUTE,,
9713,9713,PARAGUAI (REFRIGERANTE),VERMUTE,,
9714,9714,REFRIGERANTE GOIANINHA,CINZANO,,
9714,9714,GOIANINHA (REFRIGERANTE),CINZANO,,
9715,9715,MARMELO (CHA),MARTINI,,
9715,9715,CHA DE MARMELO,MARTINI,,
9716,9716,JAMAIQUINA (CHA),CONHAQUE,,
9716,9716,CHA DE JAMAIQUINA,CONHAQUE,,
9717,9717,MULTIERVAS (CHA),"DRINH ""DREHER"" E OUTROS",,
9717,9717,CHA MULTIERVAS,"DRINH ""DREHER"" E OUTROS",,
9718,9718,REFRIGERANTE REAL,SAN RAFAEL,,
9718,9718,REAL (REFRIGERANTE),SAN RAFAEL,,
9719,9719,REFRIGERANTE FRATELLY VITA,LICOR DE QUALQUER SABOR,,
9719,9719,FRATELLY VITA (REFRIGERANTE),LICOR DE QUALQUER SABOR,,
9720,9720,AMOR CRESCIDO (CHA),SHERRY,,
9720,9720,CHA DE AMOR CRESCIDO,SHERRY,,
9721,9721,ARNICA (CHA),FERNET,,
9721,9721,CHA DE ARNICA,FERNET,,
9722,9722,JURUBEBA (CHA),BITTER,,
9722,9722,CHA DE JURUBEBA,BITTER,,
9724,9724,CHA ESPINHO-CHEIROSO,VINHO DE UVA E OUTROS,,
9725,9725,TAFFMAN E,AGUARDENTE DE BANANA,,
9726,9726,CARQUEJA (CHA),AGUARDENTE DE ALCACHOFRA,,
9726,9726,CHA DE CARQUEJA,AGUARDENTE DE ALCACHOFRA,,
9727,9727,FUNCHO (CHA),ST.REMY,,
9727,9727,CHA DE FUNCHO,ST.REMY,,
9728,9728,LARANJEIRA (CHA),KEEP COOLER,,
9728,9728,CHA DE LARANJEIRA,KEEP COOLER,,
9729,9729,MALVA (CHA),COQUETEL DE FRUTAS,,
9729,9729,CHA DE MALVA,COQUETEL DE FRUTAS,,
9730,9730,MALVARISCO (CHA),UNDERBERG,,
9730,9730,CHA DE MALVARISCO,UNDERBERG,,
9731,9731,AROEIRA (CHA),,,
9731,9731,CHA DE AROEIRA,,,
9732,9732,MASTRUÇO (CHA),,,
9732,9732,CHA DE MASTRUÇO,,,
9733,9733,ALCACHOFRA (CHA),,,
9733,9733,CHA DE ALCACHOFRA,,,
9734,9734,QUEBRA-PEDRA (CHA),,,
9734,9734,CHA DE QUEBRA-PEDRA,,,
9735,9735,CIPO-CHUMBO (CHA),,,
9735,9735,CHA DE CIPO-CHUMBO,,,
9736,9736,ARRUDA (CHA),,,
9736,9736,CHA DE ARRUDA,,,
9737,9737,ENDRO (CHA),,,
9737,9737,CHA DE ENDRO,,,
9738,9738,CACAU (CHA DE CASCA),,,
9738,9738,CHA DE CACAU (CASCA),,,
9739,9739,IMBURANA (CHA),,,
9739,9739,CHA DE IMBURANA,,,
9740,9740,BABOSA (CHA),,,
9740,9740,CHA DE BABOSA,,,
9741,9741,CASTANHA DO PARA (CHA),,,
9741,9741,OURIÇO DE CASTANHA DO PARA (CHA),,,
9741,9741,CHA DE CASTANHA DO PARA,,,
9741,9741,CHA DE OURIÇO DE CASTANHA DO PARA,,,
9742,9742,ERVA CAVALINHA (CHA),,,
9742,9742,CHA DE ERVA CAVALINHA,,,
9989,9989,PRODNCADAGR,,,
9993,9993,VAREJÃO,VAREJÃO,,
9994,9994,CESTA,CESTA,,
9995,9995,SACOLA COBAL,SACOLA COBAL,,
9996,9996,FEIRINHA,FEIRINHA,,
9997,9997,SACOLÃO,SACOLÃO,,
9998,9998,AGREGADO (CADERNETA=POF3),AGREGADO 37,,
