0,1,2,3,4,5,6,7,8,9,10,11,12,13,14,15,16,19,20,21,22
Cod,Quadro,Codigo,Variavel,Nivel_1,Descricao_1,Nivel_2,Descricao_2,Nivel_3,Descricao_3,Nivel_4,Descricao_4,Nivel_5,Descricao_5,Nivel_6,Descricao_6,DePara,Nivel 1,Nível 2,Descrição,Codigo final
63001,V8000_DEFLA,1,Despesas Correntes,11,Despesas de Consumo,1101,Alimentacao,11011,Alimentação no domicílio,1101101,"Cereais, leguminosas e oleaginosas",11011011,Arroz,63001,ARROZ POLIDO e sinonimos,01101,1. Cereais e leguminosas,1.1 Cereais,x.x.x Arroz integralx.x.x Arroz não especificadox.x.x Arroz polido,01101
63002,V8000_DEFLA,1,Despesas Correntes,11,Despesas de Consumo,1101,Alimentacao,11011,Alimentação no domicílio,1101101,"Cereais, leguminosas e oleaginosas",11011011,Arroz,63002,ARROZ INTEGRAL e sinonimos,01101,1. Cereais e leguminosas,1.1 Cereais,x.x.x Milho secox.x.x Milho em grãox.x.x Milho verde em conservax.x.x Milho verde em espiga,01102
63003,V8000_DEFLA,1,Despesas Correntes,11,Despesas de Consumo,1101,Alimentacao,11011,Alimentação no domicílio,1101101,"Cereais, leguminosas e oleaginosas",11011011,Arroz,63003,ARROZ COM CASCA,01101,1. Cereais e leguminosas,1.1 Cereais,x.x.x Outros,01103
63004,V8000_DEFLA,1,Despesas Correntes,11,Despesas de Consumo,1101,Alimentacao,11011,Alimentação no domicílio,1101101,"Cereais, leguminosas e oleaginosas",11011014,Outros,63004,AVEIA EM GRAO e sinonimos,01103,1. Cereais e leguminosas,1.2 Leguminosas,x.x.x Feijão-fradinho,01201
63005,V8000_DEFLA,1,Despesas Correntes,11,Despesas de Consumo,1101,Alimentacao,11011,Alimentação no domicílio,1101101,"Cereais, leguminosas e oleaginosas",11011014,Outros,63005,PIPOCA DE ARROZ INDUSTRIALIZADA,01103,1. Cereais e leguminosas,1.2 Leguminosas,x.x.x Feijão-jalo,01202
63006,V8000_DEFLA,1,Despesas Correntes,11,Despesas de Consumo,1101,Alimentacao,11011,Alimentação no domicílio,1101101,"Cereais, leguminosas e oleaginosas",11011014,Outros,63006,CEVADA EM GRAO,01103,1. Cereais e leguminosas,1.2 Leguminosas,x.x.x Feijão-manteiga,01203
63007,V8000_DEFLA,1,Despesas Correntes,11,Despesas de Consumo,1101,Alimentacao,11011,Alimentação no domicílio,1101101,"Cereais, leguminosas e oleaginosas",11011014,Outros,63007,MILHO EM GRAO e sinonimos,01102,1. Cereais e leguminosas,1.2 Leguminosas,x.x.x Feijão-mulatinho,01204
63008,V8000_DEFLA,1,Despesas Correntes,11,Despesas de Consumo,1101,Alimentacao,11011,Alimentação no domicílio,1101101,"Cereais, leguminosas e oleaginosas",11011014,Outros,63008,MILHO VERDE EM ESPIGA,01102,1. Cereais e leguminosas,1.2 Leguminosas,x.x.x Feijão-preto,01205
63009,V8000_DEFLA,1,Despesas Correntes,11,Despesas de Consumo,1101,Alimentacao,11011,Alimentação no domicílio,1101101,"Cereais, leguminosas e oleaginosas",11011014,Outros,63009,TRIGO EM GRAO e sinonimos,01103,1. Cereais e leguminosas,1.2 Leguminosas,x.x.x Feijão-rajado,01206
63010,V8000_DEFLA,1,Despesas Correntes,11,Despesas de Consumo,1101,Alimentacao,11011,Alimentação no domicílio,1101101,"Cereais, leguminosas e oleaginosas",11011014,Outros,63010,AMENDOIM EM GRAO IN NATURA e sinonimos,01103,1. Cereais e leguminosas,1.2 Leguminosas,x.x.x Feijão-roxo,01207
63011,V8000_DEFLA,1,Despesas Correntes,11,Despesas de Consumo,1101,Alimentacao,11011,Alimentação no domicílio,1101101,"Cereais, leguminosas e oleaginosas",11011014,Outros,63011,ERVILHA EM GRAO,01103,1. Cereais e leguminosas,1.2 Leguminosas,x.x.x Outros feijões,01208
63012,V8000_DEFLA,1,Despesas Correntes,11,Despesas de Consumo,1101,Alimentacao,11011,Alimentação no domicílio,1101101,"Cereais, leguminosas e oleaginosas",11011012,Feijão,63012,FAVA EM GRAO e sinonimos,01208,1. Cereais e leguminosas,1.2 Leguminosas,x.x.x Outras,01209
63013,V8000_DEFLA,1,Despesas Correntes,11,Despesas de Consumo,1101,Alimentacao,11011,Alimentação no domicílio,1101101,"Cereais, leguminosas e oleaginosas",11011012,Feijão,63013,FEIJAO MANTEIGA e sinonimos,01203,2. Hortaliças,2.1 Hortaliças folhosas e florais,x.x.x Agrião,02101
63014,V8000_DEFLA,1,Despesas Correntes,11,Despesas de Consumo,1101,Alimentacao,11011,Alimentação no domicílio,1101101,"Cereais, leguminosas e oleaginosas",11011012,Feijão,63014,FEIJAO MULATINHO e sinonimos,01204,2. Hortaliças,2.1 Hortaliças folhosas e florais,x.x.x Alface,02102
63015,V8000_DEFLA,1,Despesas Correntes,11,Despesas de Consumo,1101,Alimentacao,11011,Alimentação no domicílio,1101101,"Cereais, leguminosas e oleaginosas",11011012,Feijão,63015,FEIJAO PRETO e sinonimos,01205,2. Hortaliças,2.1 Hortaliças folhosas e florais,x.x.x Cheiro-verde,02103
63016,V8000_DEFLA,1,Despesas Correntes,11,Despesas de Consumo,1101,Alimentacao,11011,Alimentação no domicílio,1101101,"Cereais, leguminosas e oleaginosas",11011012,Feijão,63016,FEIJAO FRADINHO e sinonimos,01201,2. Hortaliças,2.1 Hortaliças folhosas e florais,x.x.x Couvex.x.x Couve-brócolis,02104
63017,V8000_DEFLA,1,Despesas Correntes,11,Despesas de Consumo,1101,Alimentacao,11011,Alimentação no domicílio,1101101,"Cereais, leguminosas e oleaginosas",11011012,Feijão,63017,FEIJAO JALO e sinonimos,01101,2. Hortaliças,2.1 Hortaliças folhosas e florais,x.x.x Couve-flor,02105
63018,V8000_DEFLA,1,Despesas Correntes,11,Despesas de Consumo,1101,Alimentacao,11011,Alimentação no domicílio,1101101,"Cereais, leguminosas e oleaginosas",11011011,Arroz,63018,ARROZ ESPECIAL JAPONES e sinonimos,01101,2. Hortaliças,2.1 Hortaliças folhosas e florais,x.x.x Repolho frescox.x.x Repolho,02106
63019,V8000_DEFLA,1,Despesas Correntes,11,Despesas de Consumo,1101,Alimentacao,11011,Alimentação no domicílio,1101101,"Cereais, leguminosas e oleaginosas",11011012,Feijão,63019,FEIJAO ROXO e sinonimos,01207,2. Hortaliças,2.1 Hortaliças folhosas e florais,x.x.x Outrasx.x.x Acelga,02107
63020,V8000_DEFLA,1,Despesas Correntes,11,Despesas de Consumo,1101,Alimentacao,11011,Alimentação no domicílio,1101101,"Cereais, leguminosas e oleaginosas",11011014,Outros,63020,SEMENTE DE LINHACA,01103,2. Hortaliças,2.2 Hortaliças frutosas,x.x.x Abóbora comumx.x.x Abóbora,02201
63021,V8000_DEFLA,1,Despesas Correntes,11,Despesas de Consumo,1101,Alimentacao,11011,Alimentação no domicílio,1101101,"Cereais, leguminosas e oleaginosas",11011012,Feijão,63021,FEIJAO RAJADO e sinonimos,01206,2. Hortaliças,2.2 Hortaliças frutosas,x.x.x Abobrinha,02202
63022,V8000_DEFLA,1,Despesas Correntes,11,Despesas de Consumo,1101,Alimentacao,11011,Alimentação no domicílio,1101101,"Cereais, leguminosas e oleaginosas",11011012,Feijão,63022,FEIJAO ROSINHA e sinonimos,01208,2. Hortaliças,2.2 Hortaliças frutosas,x.x.x Berinjela,02203
63023,V8000_DEFLA,1,Despesas Correntes,11,Despesas de Consumo,1101,Alimentacao,11011,Alimentação no domicílio,1101101,"Cereais, leguminosas e oleaginosas",11011012,Feijão,63023,FEIJAO ENXOFRE e sinonimos,01208,2. Hortaliças,2.2 Hortaliças frutosas,x.x.x Cebolax.x.x Cebola fresca,02204
63024,V8000_DEFLA,1,Despesas Correntes,11,Despesas de Consumo,1101,Alimentacao,11011,Alimentação no domicílio,1101101,"Cereais, leguminosas e oleaginosas",11011012,Feijão,63024,FEIJAO PARDO e sinonimos,01208,2. Hortaliças,2.2 Hortaliças frutosas,x.x.x Chuchu,02205
63025,V8000_DEFLA,1,Despesas Correntes,11,Despesas de Consumo,1101,Alimentacao,11011,Alimentação no domicílio,1101101,"Cereais, leguminosas e oleaginosas",11011012,Feijão,63025,FEIJAO CHUMBINHO e sinonimos,01208,2. Hortaliças,2.2 Hortaliças frutosas,x.x.x Jiló,02206
63026,V8000_DEFLA,1,Despesas Correntes,11,Despesas de Consumo,1101,Alimentacao,11011,Alimentação no domicílio,1101101,"Cereais, leguminosas e oleaginosas",11011012,Feijão,63026,GUANDO e sinonimos,01103,2. Hortaliças,2.2 Hortaliças frutosas,x.x.x Pepino fresco,02207
63027,V8000_DEFLA,1,Despesas Correntes,11,Despesas de Consumo,1101,Alimentacao,11011,Alimentação no domicílio,1101101,"Cereais, leguminosas e oleaginosas",11011014,Outros,63027,TREMOCO e sinonimos,01103,2. Hortaliças,2.2 Hortaliças frutosas,x.x.x Pimentão,02208
63028,V8000_DEFLA,1,Despesas Correntes,11,Despesas de Consumo,1101,Alimentacao,11011,Alimentação no domicílio,1101101,"Cereais, leguminosas e oleaginosas",11011014,Outros,63028,GRAO DE BICO,01103,2. Hortaliças,2.2 Hortaliças frutosas,x.x.xx Quiabo,02209
63029,V8000_DEFLA,1,Despesas Correntes,11,Despesas de Consumo,1101,Alimentacao,11011,Alimentação no domicílio,1101101,"Cereais, leguminosas e oleaginosas",11011014,Outros,63029,LENTILHA,01103,2. Hortaliças,2.2 Hortaliças frutosas,x.x.xx Tomate,02210
63030,V8000_DEFLA,1,Despesas Correntes,11,Despesas de Consumo,1101,Alimentacao,11011,Alimentação no domicílio,1101101,"Cereais, leguminosas e oleaginosas",11011014,Outros,63030,SOJA EM GRAO e sinonimos,01103,2. Hortaliças,2.2 Hortaliças frutosas,x.x.xx Vagem,02211
63031,V8000_DEFLA,1,Despesas Correntes,11,Despesas de Consumo,1101,Alimentacao,11011,Alimentação no domicílio,1101101,"Cereais, leguminosas e oleaginosas",11011012,Feijão,63031,FEIJAO NAO-ESPECIFICADO e sinonimos,01208,2. Hortaliças,2.2 Hortaliças frutosas,x.x.xx Outrasx.x.x Maxixex.x.x Azeitona em conservax.x.x Outros feijões,02212
63032,V8000_DEFLA,1,Despesas Correntes,11,Despesas de Consumo,1101,Alimentacao,11011,Alimentação no domicílio,1101101,"Cereais, leguminosas e oleaginosas",11011014,Outros,63032,SEMENTE DE ABOBORA,01103,2. Hortaliças,2.3 Hortaliças tuberosas e outras,x.x.x Alho,02301
63033,V8000_DEFLA,1,Despesas Correntes,11,Despesas de Consumo,1101,Alimentacao,11011,Alimentação no domicílio,1101101,"Cereais, leguminosas e oleaginosas",11011011,Arroz,63033,ARROZ PRE-COZIDO e sinonimos,01101,2. Hortaliças,2.3 Hortaliças tuberosas e outras,x.x.x Batata-doce,02302
63034,V8000_DEFLA,1,Despesas Correntes,11,Despesas de Consumo,1101,Alimentacao,11011,Alimentação no domicílio,1101101,"Cereais, leguminosas e oleaginosas",11011011,Arroz,63034,ARROZ (NAO-ESPECIFICADO) e sinonimos,01101,2. Hortaliças,2.3 Hortaliças tuberosas e outras,x.x.x Batata-inglesa,02303
63035,V8000_DEFLA,1,Despesas Correntes,11,Despesas de Consumo,1101,Alimentacao,11011,Alimentação no domicílio,1101101,"Cereais, leguminosas e oleaginosas",11011014,Outros,63035,QUIRERA NAO-ESPECIFICADA e sinonimos,01101,2. Hortaliças,2.3 Hortaliças tuberosas e outras,x.x.x Batata não especificadax.x.x Batata-baroax.x.x Batata-aipo,02304
63036,V8000_DEFLA,1,Despesas Correntes,11,Despesas de Consumo,1101,Alimentacao,11011,Alimentação no domicílio,1101101,"Cereais, leguminosas e oleaginosas",11011014,Outros,63036,MILHO DE PIPOCA PARA MICROONDAS,01102,2. Hortaliças,2.3 Hortaliças tuberosas e outras,x.x.x Beterraba,02305
63037,V8000_DEFLA,1,Despesas Correntes,11,Despesas de Consumo,1101,Alimentacao,11011,Alimentação no domicílio,1101101,"Cereais, leguminosas e oleaginosas",11011013,Orgânicos,63037,SOJA EM GRAO ORGANICA e sinonimos,01103,2. Hortaliças,2.3 Hortaliças tuberosas e outras,x.x.x Cenoura,02306
63038,V8000_DEFLA,1,Despesas Correntes,11,Despesas de Consumo,1101,Alimentacao,11011,Alimentação no domicílio,1101101,"Cereais, leguminosas e oleaginosas",11011013,Orgânicos,63038,FEIJAO MULATINHO ORGANICO e sinonimos,01204,2. Hortaliças,2.3 Hortaliças tuberosas e outras,x.x.x Inhame,02307
63039,V8000_DEFLA,1,Despesas Correntes,11,Despesas de Consumo,1101,Alimentacao,11011,Alimentação no domicílio,1101101,"Cereais, leguminosas e oleaginosas",11011013,Orgânicos,63039,FEIJAO PRETO ORGANICO e sinonimos,01205,2. Hortaliças,2.3 Hortaliças tuberosas e outras,x.x.xx Mandioca,02308
63040,V8000_DEFLA,1,Despesas Correntes,11,Despesas de Consumo,1101,Alimentacao,11011,Alimentação no domicílio,1101101,"Cereais, leguminosas e oleaginosas",11011013,Orgânicos,63040,FEIJAO FRADINHO ORGANICO e sinonimos,01201,2. Hortaliças,2.3 Hortaliças tuberosas e outras,x.x.xx Outrasx.x.x Cará,02309
63041,V8000_DEFLA,1,Despesas Correntes,11,Despesas de Consumo,1101,Alimentacao,11011,Alimentação no domicílio,1101101,"Cereais, leguminosas e oleaginosas",11011013,Orgânicos,63041,FEIJAO NAO-ESPECIFICADO ORGANICO e sinonimos,01208,3. Frutas,3.1 Frutas de clima tropical,x.x.x Abacate,03101
63042,V8000_DEFLA,1,Despesas Correntes,11,Despesas de Consumo,1101,Alimentacao,11011,Alimentação no domicílio,1101101,"Cereais, leguminosas e oleaginosas",11011014,Outros,63042,MILHO DE PIPOCA PARA MICROONDAS LIGHT e sinonimos,01102,3. Frutas,3.1 Frutas de clima tropical,x.x.x Abacaxi,03102
63043,V8000_DEFLA,1,Despesas Correntes,11,Despesas de Consumo,1101,Alimentacao,11011,Alimentação no domicílio,1101101,"Cereais, leguminosas e oleaginosas",11011013,Orgânicos,63043,ARROZ POLIDO ORGANICO e sinonimos,01101,3. Frutas,3.1 Frutas de clima tropical,x.x.x Banana-d'água,03103
63044,V8000_DEFLA,1,Despesas Correntes,11,Despesas de Consumo,1101,Alimentacao,11011,Alimentação no domicílio,1101101,"Cereais, leguminosas e oleaginosas",11011013,Orgânicos,63044,ARROZ INTEGRAL ORGANICO e sinonimos,01101,3. Frutas,3.1 Frutas de clima tropical,x.x.x Banana-maçã,03104
63045,V8000_DEFLA,1,Despesas Correntes,11,Despesas de Consumo,1101,Alimentacao,11011,Alimentação no domicílio,1101101,"Cereais, leguminosas e oleaginosas",11011013,Orgânicos,63045,ARROZ COM CASCA ORGANICO,01101,3. Frutas,3.1 Frutas de clima tropical,x.x.x Banana-prata,03105
63046,V8000_DEFLA,1,Despesas Correntes,11,Despesas de Consumo,1101,Alimentacao,11011,Alimentação no domicílio,1101101,"Cereais, leguminosas e oleaginosas",11011012,Feijão,63046,FEIJAO DA PRAIA,01208,3. Frutas,3.1 Frutas de clima tropical,x.x.x Outras bananasx.x.x Banana-ourox.x.x Banana-da-terra,03106
63047,V8000_DEFLA,1,Despesas Correntes,11,Despesas de Consumo,1101,Alimentacao,11011,Alimentação no domicílio,1101101,"Cereais, leguminosas e oleaginosas",11011014,Outros,63047,LINHACA DOURADA,01209,3. Frutas,3.1 Frutas de clima tropical,x.x.xx Laranja-baía,03107
63048,V8000_DEFLA,1,Despesas Correntes,11,Despesas de Consumo,1101,Alimentacao,11011,Alimentação no domicílio,1101101,"Cereais, leguminosas e oleaginosas",11011014,Outros,63048,SORGO EM GRAO,01209,3. Frutas,3.1 Frutas de clima tropical,x.x.xx Laranja-lima,03108
63049,V8000_DEFLA,1,Despesas Correntes,11,Despesas de Consumo,1101,Alimentacao,11011,Alimentação no domicílio,1101101,"Cereais, leguminosas e oleaginosas",11011014,Outros,63049,QUINOA,01209,3. Frutas,3.1 Frutas de clima tropical,x.x.xx Laranja-pêra,03109
63050,V8000_DEFLA,1,Despesas Correntes,11,Despesas de Consumo,1101,Alimentacao,11011,Alimentação no domicílio,1101101,"Cereais, leguminosas e oleaginosas",11011012,Feijao,63050,FEIJAO BRANCO,01209,3. Frutas,3.1 Frutas de clima tropical,x.x.xx Laranja-seleta,03110
63051,V8000_DEFLA,1,Despesas Correntes,11,Despesas de Consumo,1101,Alimentacao,11011,Alimentação no domicílio,1101101,"Cereais, leguminosas e oleaginosas",11011013,Orgânicos,63051,ARROZ ORGANICO,01101,3. Frutas,3.1 Frutas de clima tropical,x.x.xx Limão comum,03111
63052,V8000_DEFLA,1,Despesas Correntes,11,Despesas de Consumo,1101,Alimentacao,11011,Alimentação no domicílio,1101101,"Cereais, leguminosas e oleaginosas",11011011,Arroz,63052,ARROZ ARBOREO,01101,3. Frutas,3.1 Frutas de clima tropical,x.x.xx Mamão,03112
63053,V8000_DEFLA,1,Despesas Correntes,11,Despesas de Consumo,1101,Alimentacao,11011,Alimentação no domicílio,1101101,"Cereais, leguminosas e oleaginosas",11011011,Arroz,63053,ARROZ NEGRO,01101,3. Frutas,3.1 Frutas de clima tropical,x.x.xx Manga,03113
63054,V8000_DEFLA,1,Despesas Correntes,11,Despesas de Consumo,1101,Alimentacao,11011,Alimentação no domicílio,1101101,"Cereais, leguminosas e oleaginosas",11011011,Arroz,63054,ARROZ SEMIPRONTO NAO ESPECIFICADO,01101,3. Frutas,3.1 Frutas de clima tropical,x.x.xx Maracujá,03114
63055,V8000_DEFLA,1,Despesas Correntes,11,Despesas de Consumo,1101,Alimentacao,11011,Alimentação no domicílio,1101101,"Cereais, leguminosas e oleaginosas",11011012,Feijão,63055,FEIJAO SEMIPRONTO NAO ESPECIFICADO,01101,3. Frutas,3.1 Frutas de clima tropical,x.x.x Melancia,03115
63056,V8000_DEFLA,1,Despesas Correntes,11,Despesas de Consumo,1101,Alimentacao,11011,Alimentação no domicílio,1101101,"Cereais, leguminosas e oleaginosas",11011012,Feijao,63056,FEIJAO AZUKI,01101,3. Frutas,3.1 Frutas de clima tropical,x.x.xx Melão,03116
63057,V8000_DEFLA,1,Despesas Correntes,11,Despesas de Consumo,1101,Alimentacao,11011,Alimentação no domicílio,1101101,"Cereais, leguminosas e oleaginosas",11011014,Outros,63057,SEMENTE NAO ESPECIFICADA,01209,3. Frutas,3.1 Frutas de clima tropical,x.x.xx Tangerina,03117
64001,V8000_DEFLA,1,Despesas Correntes,11,Despesas de Consumo,1101,Alimentacao,11011,Alimentação no domicílio,1101103,Tubérculos e raízes,11011031,Batata inglesa,64001,BATATA INGLESA e sinonimos,02303,3. Frutas,3.1 Frutas de clima tropical,x.x.xx Outrasx.x.xx Outras laranjasx.x.x Goiabax.x.x Acerola,03118
64002,V8000_DEFLA,1,Despesas Correntes,11,Despesas de Consumo,1101,Alimentacao,11011,Alimentação no domicílio,1101103,Tubérculos e raízes,11011034,Outros,64002,ARARUTA e sinonimos,02304,3. Frutas,3.2 Frutas de clima temperado,x.x.x Caqui,03201
64003,V8000_DEFLA,1,Despesas Correntes,11,Despesas de Consumo,1101,Alimentacao,11011,Alimentação no domicílio,1101103,Tubérculos e raízes,11011034,Outros,64003,BATATA BAROA e sinonimos,02304,3. Frutas,3.2 Frutas de clima temperado,x.x.x Maçã,03202
64004,V8000_DEFLA,1,Despesas Correntes,11,Despesas de Consumo,1101,Alimentacao,11011,Alimentação no domicílio,1101103,Tubérculos e raízes,11011034,Outros,64004,BATATA DOCE e sinonimos,02302,3. Frutas,3.2 Frutas de clima temperado,x.x.x Pêra,03203
64005,V8000_DEFLA,1,Despesas Correntes,11,Despesas de Consumo,1101,Alimentacao,11011,Alimentação no domicílio,1101103,Tubérculos e raízes,11011034,Outros,64005,INHAME e sinonimos,02307,3. Frutas,3.2 Frutas de clima temperado,x.x.x Uva,03204
64006,V8000_DEFLA,1,Despesas Correntes,11,Despesas de Consumo,1101,Alimentacao,11011,Alimentação no domicílio,1101103,Tubérculos e raízes,11011033,Mandioca,64006,MANDIOCA e sinonimos,02308,3. Frutas,3.2 Frutas de clima temperado,x.x.x Outrasx.x.x Pêssegox.x.x Morangox.x.x Ameixa,03205
64007,V8000_DEFLA,1,Despesas Correntes,11,Despesas de Consumo,1101,Alimentacao,11011,Alimentação no domicílio,1101103,Tubérculos e raízes,11011034,Outros,64007,CARA e sinonimos,02309,"4. Cocos, castanhas e nozes",4.1 Cocos,x.x.x Coco-açaí em pastax.x.x Açaí (emulsão),04101
64008,V8000_DEFLA,1,Despesas Correntes,11,Despesas de Consumo,1101,Alimentacao,11011,Alimentação no domicílio,1101103,Tubérculos e raízes,11011034,Outros,64008,BATATA NAO-ESPECIFICADA e sinonimos,02304,"4. Cocos, castanhas e nozes",4.1 Cocos,x.x.x Coco-da-baía,04103
64009,V8000_DEFLA,1,Despesas Correntes,11,Despesas de Consumo,1101,Alimentacao,11011,Alimentação no domicílio,1101103,Tubérculos e raízes,11011034,Outros,64009,BATATA AIPO e sinonimos,02304,"4. Cocos, castanhas e nozes",4.1 Cocos,x.x.x Outros,04104
64010,V8000_DEFLA,1,Despesas Correntes,11,Despesas de Consumo,1101,Alimentacao,11011,Alimentação no domicílio,1101103,Tubérculos e raízes,11011034,Outros,64010,RABANETE e sinonimos,02309,"5. Farinhas, féculas e massas",5.1 Farinhas,x.x.x Farinha de mandioca,05101
64011,V8000_DEFLA,1,Despesas Correntes,11,Despesas de Consumo,1101,Alimentacao,11011,Alimentação no domicílio,1101103,Tubérculos e raízes,11011034,Outros,64011,BETERRABA,02305,"5. Farinhas, féculas e massas",5.1 Farinhas,x.x.x Farinha de rosca,05102
64012,V8000_DEFLA,1,Despesas Correntes,11,Despesas de Consumo,1101,Alimentacao,11011,Alimentação no domicílio,1101103,Tubérculos e raízes,11011032,Cenoura,64012,CENOURA e sinonimos,02306,"5. Farinhas, féculas e massas",5.1 Farinhas,x.x.x Farinha de trigo,05103
64013,V8000_DEFLA,1,Despesas Correntes,11,Despesas de Consumo,1101,Alimentacao,11011,Alimentação no domicílio,1101103,Tubérculos e raízes,11011034,Outros,64013,NABO e sinonimos,02309,"5. Farinhas, féculas e massas",5.1 Farinhas,x.x.x Farinha vitaminada,05104
64014,V8000_DEFLA,1,Despesas Correntes,11,Despesas de Consumo,1101,Alimentacao,11011,Alimentação no domicílio,1101103,Tubérculos e raízes,11011034,Outros,64014,NABICA e sinonimos,02309,"5. Farinhas, féculas e massas",5.1 Farinhas,x.x.x Outras,05105
64015,V8000_DEFLA,1,Despesas Correntes,11,Despesas de Consumo,1101,Alimentacao,11011,Alimentação no domicílio,1101103,Tubérculos e raízes,11011034,Outros,64015,GOBO e sinonimos,02309,"5. Farinhas, féculas e massas",5.2 Féculas,x.x.x Amido de milho,05201
64016,V8000_DEFLA,1,Despesas Correntes,11,Despesas de Consumo,1101,Alimentacao,11011,Alimentação no domicílio,1101103,Tubérculos e raízes,11011034,Outros,64016,ACAFRAO,02309,"5. Farinhas, féculas e massas",5.2 Féculas,x.x.x Fubá de milho x.x.x Creme de milho,05202
64017,V8000_DEFLA,1,Despesas Correntes,11,Despesas de Consumo,1101,Alimentacao,11011,Alimentação no domicílio,1101103,Tubérculos e raízes,11011034,Outros,64017,GENGIBRE,02309,"5. Farinhas, féculas e massas",5.2 Féculas,x.x.x Fécula de mandioca,05203
64018,V8000_DEFLA,1,Despesas Correntes,11,Despesas de Consumo,1101,Alimentacao,11011,Alimentação no domicílio,1101103,Tubérculos e raízes,11011031,Batata inglesa,64018,BATATA INGLESA ORGANICA e sinonimos,02303,"5. Farinhas, féculas e massas",5.2 Féculas,x.x.x Flocos de milho,05204
64019,V8000_DEFLA,1,Despesas Correntes,11,Despesas de Consumo,1101,Alimentacao,11011,Alimentação no domicílio,1101103,Tubérculos e raízes,11011032,Cenoura,64019,CENOURA ORGANICA e sinonimos,02306,"5. Farinhas, féculas e massas",5.2 Féculas,x.x.x Flocos de cerealx.x.x Flocos de aveiax.x.x Flocos de outros cereaisx.x.x Outras,05206
64020,V8000_DEFLA,1,Despesas Correntes,11,Despesas de Consumo,1101,Alimentacao,11011,Alimentação no domicílio,1101103,Tubérculos e raízes,11011034,Outros,64020,BETERRABA ORGANICA,02305,"5. Farinhas, féculas e massas",5.3 Massas,x.x.x Macarrão com ovosx.x.x Macarrão não especificadox.x.x Macarrão sem ovos,05301
64022,V8000_DEFLA,1,Despesas Correntes,11,Despesas de Consumo,1101,Alimentacao,11011,Alimentação no domicílio,1101103,Tubérculos e raízes,11011034,Outros,64022,BATATA DOCE ORGANICA,02302,"5. Farinhas, féculas e massas",5.3 Massas,x.x.x Massa de pastel,05302
64023,V8000_DEFLA,1,Despesas Correntes,11,Despesas de Consumo,1101,Alimentacao,11011,Alimentação no domicílio,1101103,Tubérculos e raízes,11011033,Mandioca,64023,MANDIOCA ORGANICA,02308,"5. Farinhas, féculas e massas",5.3 Massas,x.x.x Massa de pizzax.x.x Outrasx.x.x Massa de lasanha,05303
64024,V8000_DEFLA,1,Despesas Correntes,11,Despesas de Consumo,1101,Alimentacao,11011,Alimentação no domicílio,1101103,Tubérculos e raízes,11011033,Mandioca,64024,AIPIM ORGANICO,02308,6. Panificados,6.1 Pães,x.x.x Pão de forma industrializado,06101
64025,V8000_DEFLA,1,Despesas Correntes,11,Despesas de Consumo,1101,Alimentacao,11011,Alimentação no domicílio,1101103,Tubérculos e raízes,11011034,Outros,64025,INHAME ORGANICO,02307,6. Panificados,6.1 Pães,x.x.x Pão doce,06102
64026,V8000_DEFLA,1,Despesas Correntes,11,Despesas de Consumo,1101,Alimentacao,11011,Alimentação no domicílio,1101103,Tubérculos e raízes,11011034,Outros,64026,RABANETE ORGANICO,02309,6. Panificados,6.1 Pães,x.x.x Pão francês,06103
64027,V8000_DEFLA,1,Despesas Correntes,11,Despesas de Consumo,1101,Alimentacao,11011,Alimentação no domicílio,1101103,Tubérculos e raízes,11011034,Outros,64027,BATATA YACON,02304,6. Panificados,6.1 Pães,x.x.x Pão caseirox.x.x Pão de forma de padariax.x.x Pão de milhox.x.x Pão de queijox.x.x Pão integralx.x.x Torradax.x.x Outros,06104
64028,V8000_DEFLA,1,Despesas Correntes,11,Despesas de Consumo,1101,Alimentacao,11011,Alimentação no domicílio,1101115,Alimentos preparados,1101115,Alimentos preparados,64028,MANDIOQUINHA PALHA,16104,6. Panificados,6.2 Bolos,x.x.x Bolo de trigox.x.x Outros bolos,06201
65001,V8000_DEFLA,1,Despesas Correntes,11,Despesas de Consumo,1101,Alimentacao,11011,Alimentação no domicílio,1101102,"Farinhas, féculas e massas",11011024,Outras,65001,CREME DE ARROZ e sinonimos,16104,6. Panificados,"6.3 Biscoitos, roscas, etc.",x.x.x Biscoito doce,06301
65002,V8000_DEFLA,1,Despesas Correntes,11,Despesas de Consumo,1101,Alimentacao,11011,Alimentação no domicílio,1101102,"Farinhas, féculas e massas",11011024,Outras,65002,FLOCOS DE ARROZ e sinonimos,05105,6. Panificados,"6.3 Biscoitos, roscas, etc.",x.x.x Biscoito salgado,06302
65003,V8000_DEFLA,1,Despesas Correntes,11,Despesas de Consumo,1101,Alimentacao,11011,Alimentação no domicílio,1101102,"Farinhas, féculas e massas",11011024,Outras,65003,FARINHA DE AVEIA,05206,6. Panificados,"6.3 Biscoitos, roscas, etc.",x.x.x Biscoito não especificadox.x.x Rosca docex.x.x Rosca não especificadax.x.x Rosca salgadax.x.x Outros,06303
65004,V8000_DEFLA,1,Despesas Correntes,11,Despesas de Consumo,1101,Alimentacao,11011,Alimentação no domicílio,1101102,"Farinhas, féculas e massas",11011024,Outras,65004,AVEIA EM FLOCOS e sinonimos,05206,7. Carnes,7.1 Carnes bovinas de primeira,x.x.x Alcatra,07101
65005,V8000_DEFLA,1,Despesas Correntes,11,Despesas de Consumo,1101,Alimentacao,11011,Alimentação no domicílio,1101102,"Farinhas, féculas e massas",11011024,Outras,65005,FARINHA DE CENTEIO,05105,7. Carnes,7.1 Carnes bovinas de primeira,x.x.x Carne moída,07102
65006,V8000_DEFLA,1,Despesas Correntes,11,Despesas de Consumo,1101,Alimentacao,11011,Alimentação no domicílio,1101102,"Farinhas, féculas e massas",11011024,Outras,65006,FUBA DE MILHO e sinonimos,05202,7. Carnes,7.1 Carnes bovinas de primeira,x.x.x Carne não especificada,07103
65007,V8000_DEFLA,1,Despesas Correntes,11,Despesas de Consumo,1101,Alimentacao,11011,Alimentação no domicílio,1101102,"Farinhas, féculas e massas",11011024,Outras,65007,MAIZENA e sinonimos,05201,7. Carnes,7.1 Carnes bovinas de primeira,x.x.x Chã-de-dentro,07104
65008,V8000_DEFLA,1,Despesas Correntes,11,Despesas de Consumo,1101,Alimentacao,11011,Alimentação no domicílio,1101102,"Farinhas, féculas e massas",11011024,Outras,65008,CREMOGEMA e sinonimos,05104,7. Carnes,7.1 Carnes bovinas de primeira,x.x.x Contrafilé,07105
65009,V8000_DEFLA,1,Despesas Correntes,11,Despesas de Consumo,1101,Alimentacao,11011,Alimentação no domicílio,1101102,"Farinhas, féculas e massas",11011024,Outras,65009,FLOCOS DE MILHO e sinonimos,05204,7. Carnes,7.1 Carnes bovinas de primeira,x.x.x Filé e filé mignonx.x.x Filé mignon,07106
65010,V8000_DEFLA,1,Despesas Correntes,11,Despesas de Consumo,1101,Alimentacao,11011,Alimentação no domicílio,1101102,"Farinhas, féculas e massas",11011022,Farinha de trigo,65010,FARINHA DE TRIGO e sinonimos,05103,7. Carnes,7.1 Carnes bovinas de primeira,x.x.x Lagarto comum,07107
65011,V8000_DEFLA,1,Despesas Correntes,11,Despesas de Consumo,1101,Alimentacao,11011,Alimentação no domicílio,1101102,"Farinhas, féculas e massas",11011024,Outras,65011,FARINHA DE ROSCA,05102,7. Carnes,7.1 Carnes bovinas de primeira,x.x.x Lagarto redondo,07108
65012,V8000_DEFLA,1,Despesas Correntes,11,Despesas de Consumo,1101,Alimentacao,11011,Alimentação no domicílio,1101102,"Farinhas, féculas e massas",11011024,Outras,65012,FARINHA DE QUIBE e sinonimos,05105,7. Carnes,7.1 Carnes bovinas de primeira,x.x.x Patinho,07109
65013,V8000_DEFLA,1,Despesas Correntes,11,Despesas de Consumo,1101,Alimentacao,11011,Alimentação no domicílio,1101102,"Farinhas, féculas e massas",11011024,Outras,65013,GERME DE TRIGO e sinonimos,05103,7. Carnes,7.2 Carnes bovinas de segunda,x.x.x Acém,07201
65014,V8000_DEFLA,1,Despesas Correntes,11,Despesas de Consumo,1101,Alimentacao,11011,Alimentação no domicílio,1101102,"Farinhas, féculas e massas",11011023,Farinha de mandioca,65014,FARINHA DE MANDIOCA e sinonimos,05101,7. Carnes,7.2 Carnes bovinas de segunda,x.x.x Carne moída,07203
65015,V8000_DEFLA,1,Despesas Correntes,11,Despesas de Consumo,1101,Alimentacao,11011,Alimentação no domicílio,1101102,"Farinhas, féculas e massas",11011024,Outras,65015,FECULA DE MANDIOCA e sinonimos,05101,7. Carnes,7.2 Carnes bovinas de segunda,x.x.x Costela,07204
65016,V8000_DEFLA,1,Despesas Correntes,11,Despesas de Consumo,1101,Alimentacao,11011,Alimentação no domicílio,1101102,"Farinhas, féculas e massas",11011024,Outras,65016,FARINHA NAO-ESPECIFICADA,05105,7. Carnes,7.2 Carnes bovinas de segunda,x.x.x Músculo,07205
65017,V8000_DEFLA,1,Despesas Correntes,11,Despesas de Consumo,1101,Alimentacao,11011,Alimentação no domicílio,1101102,"Farinhas, féculas e massas",11011024,Outras,65017,FARINHA DE ARARUTA,05105,7. Carnes,7.2 Carnes bovinas de segunda,x.x.x Pá,07206
65018,V8000_DEFLA,1,Despesas Correntes,11,Despesas de Consumo,1101,Alimentacao,11011,Alimentação no domicílio,1101102,"Farinhas, féculas e massas",11011024,Outras,65018,FECULA DE ARARUTA e sinonimos,05105,7. Carnes,7.2 Carnes bovinas de segunda,x.x.x Peito,07207
65019,V8000_DEFLA,1,Despesas Correntes,11,Despesas de Consumo,1101,Alimentacao,11011,Alimentação no domicílio,1101102,"Farinhas, féculas e massas",11011024,Outras,65019,FARINHA DE SOJA,05105,7. Carnes,7.2 Carnes bovinas de segunda,x.x.x Capa de filéx.x.x Carne não especificadax.x.x Carne de hambúrgerx.x.x Carne de solx.x.x Carne moída não especificadax.x.x Carne não especificadax.x.x Mocotóx.x.x Outras x.x.x Carne-seca,07208
65020,V8000_DEFLA,1,Despesas Correntes,11,Despesas de Consumo,1101,Alimentacao,11011,Alimentação no domicílio,1101102,"Farinhas, féculas e massas",11011024,Outras,65020,FARINHA LACTEA,05104,7. Carnes,7.4 Carnes suínas com osso e sem osso,x.x.x Carré,07401
65021,V8000_DEFLA,1,Despesas Correntes,11,Despesas de Consumo,1101,Alimentacao,11011,Alimentação no domicílio,1101102,"Farinhas, féculas e massas",11011024,Outras,65021,NESTON e sinonimos,05104,7. Carnes,7.4 Carnes suínas com osso e sem osso,x.x.x Costela,07402
65022,V8000_DEFLA,1,Despesas Correntes,11,Despesas de Consumo,1101,Alimentacao,11011,Alimentação no domicílio,1101102,"Farinhas, féculas e massas",11011024,Outras,65022,MASSA DE PAO COMUM e sinonimos,05303,7. Carnes,7.4 Carnes suínas com osso e sem osso,x.x.x Lombo,07403
65023,V8000_DEFLA,1,Despesas Correntes,11,Despesas de Consumo,1101,Alimentacao,11011,Alimentação no domicílio,1101102,"Farinhas, féculas e massas",11011024,Outras,65023,MASSA DE PAO DE QUEIJO e sinonimos,05303,7. Carnes,7.4 Carnes suínas com osso e sem osso,x.x.x Pernil,07404
65024,V8000_DEFLA,1,Despesas Correntes,11,Despesas de Consumo,1101,Alimentacao,11011,Alimentação no domicílio,1101102,"Farinhas, féculas e massas",11011024,Outras,65024,MASSA DE PIZZA e sinonimos,05303,7. Carnes,7.4 Carnes suínas com osso e sem osso,x.x.x Porco evisceradox.x.x Outras,07405
65025,V8000_DEFLA,1,Despesas Correntes,11,Despesas de Consumo,1101,Alimentacao,11011,Alimentação no domicílio,1101102,"Farinhas, féculas e massas",11011024,Outras,65025,FIBRA DE SOJA,05303,7. Carnes,7.5 Carnes suínas outras,x.x.x Mortadela,07501
65026,V8000_DEFLA,1,Despesas Correntes,11,Despesas de Consumo,1101,Alimentacao,11011,Alimentação no domicílio,1101102,"Farinhas, féculas e massas",11011024,Outras,65026,MASSA DE PASTEL e sinonimos,05302,7. Carnes,7.5 Carnes suínas outras,x.x.x Presunto,07502
65027,V8000_DEFLA,1,Despesas Correntes,11,Despesas de Consumo,1101,Alimentacao,11011,Alimentação no domicílio,1101102,"Farinhas, féculas e massas",11011024,Outras,65027,MASSA DE NHOQUE e sinonimos,05303,7. Carnes,7.5 Carnes suínas outras,x.x.x Salsichax.x.x Salsicha comum,07503
65028,V8000_DEFLA,1,Despesas Correntes,11,Despesas de Consumo,1101,Alimentacao,11011,Alimentação no domicílio,1101102,"Farinhas, féculas e massas",11011024,Outras,65028,MASSA DE RAVIOLE e sinonimos,05303,7. Carnes,7.5 Carnes suínas outras,x.x.x Toucinho frescox.x.x Toucinho defumadox.x.x Toucinho,07504
65029,V8000_DEFLA,1,Despesas Correntes,11,Despesas de Consumo,1101,Alimentacao,11011,Alimentação no domicílio,1101102,"Farinhas, féculas e massas",11011024,Outras,65029,MASSA DE LASANHA e sinonimos,05303,7. Carnes,7.5 Carnes suínas outras,x.x.xx Outrasx.x.x Cane salgada não especificadax.x.x Costela de porco salgadax.x.x Paiox.x.x Pé de porco salgadox.x.x Salame,07506
65030,V8000_DEFLA,1,Despesas Correntes,11,Despesas de Consumo,1101,Alimentacao,11011,Alimentação no domicílio,1101102,"Farinhas, féculas e massas",11011024,Outras,65030,MASSA DE CANELONE e sinonimos,05303,7. Carnes,7.6 Carnes de outros animais,x.x.x Linguiça,07601
65031,V8000_DEFLA,1,Despesas Correntes,11,Despesas de Consumo,1101,Alimentacao,11011,Alimentação no domicílio,1101102,"Farinhas, féculas e massas",11011024,Outras,65031,MASSA DE CAPELETI e sinonimos,05303,7. Carnes,7.6 Carnes de outros animais,x.x.x Outrasx.x.x Carne de cabritox.x.x Carne de carneiro,07602
65032,V8000_DEFLA,1,Despesas Correntes,11,Despesas de Consumo,1101,Alimentacao,11011,Alimentação no domicílio,1101102,"Farinhas, féculas e massas",11011021,Macarrão,65032,MACARRAO SEM OVOS e sinonimos,05301,8. Vísceras,8.1 Vísceras,x.x.x Bovina Fígado,08101
65033,V8000_DEFLA,1,Despesas Correntes,11,Despesas de Consumo,1101,Alimentacao,11011,Alimentação no domicílio,1101102,"Farinhas, féculas e massas",11011021,Macarrão,65033,MACARRAO COM OVOS e sinonimos,05301,8. Vísceras,8.1 Vísceras,x.x.x Bovina Outrasx.x.x Buchox.x.x Língua,08102
65034,V8000_DEFLA,1,Despesas Correntes,11,Despesas de Consumo,1101,Alimentacao,11011,Alimentação no domicílio,1101102,"Farinhas, féculas e massas",11011021,Macarrão,65034,MACARRAO (NAO-ESPECIFICADO) e sinonimos,05301,8. Vísceras,8.1 Vísceras,x.x.x Vísceras suínasx.x Vísceras suínas,08103
65035,V8000_DEFLA,1,Despesas Correntes,11,Despesas de Consumo,1101,Alimentacao,11011,Alimentação no domicílio,1101102,"Farinhas, féculas e massas",11011024,Outras,65035,PURE DE BATATA EM CAIXA,05105,8. Vísceras,8.1 Vísceras,x.x.x Outras víscerasx.x Outras vísceras,08104
65036,V8000_DEFLA,1,Despesas Correntes,11,Despesas de Consumo,1101,Alimentacao,11011,Alimentação no domicílio,1101102,"Farinhas, féculas e massas",11011024,Outras,65036,BIFE VEGETAL e sinonimos,05105,9. Pescados,9.1 Pescados de água salgada,x.x.x Bacalhau,09101
65037,V8000_DEFLA,1,Despesas Correntes,11,Despesas de Consumo,1101,Alimentacao,11011,Alimentação no domicílio,1101102,"Farinhas, féculas e massas",11011024,Outras,65037,FARINHA DE AMENDOIM e sinonimos,05105,9. Pescados,9.1 Pescados de água salgada,x.x.x Camarão fresco,09102
65038,V8000_DEFLA,1,Despesas Correntes,11,Despesas de Consumo,1101,Alimentacao,11011,Alimentação no domicílio,1101102,"Farinhas, féculas e massas",11011024,Outras,65038,FARINHA DE PEIXE e sinonimos,05105,9. Pescados,9.1 Pescados de água salgada,x.x.x Corvina fresca,09103
65039,V8000_DEFLA,1,Despesas Correntes,11,Despesas de Consumo,1101,Alimentacao,11011,Alimentação no domicílio,1101102,"Farinhas, féculas e massas",11011024,Outras,65039,FARINHA DE FEIJAO,05105,9. Pescados,9.1 Pescados de água salgada,x.x.xx Pescada em filé fresco,09104
65040,V8000_DEFLA,1,Despesas Correntes,11,Despesas de Consumo,1101,Alimentacao,11011,Alimentação no domicílio,1101102,"Farinhas, féculas e massas",11011024,Outras,65040,FARINHA DE BANANA,05105,9. Pescados,9.1 Pescados de água salgada,x.x.xx Sardinha em conserva,09107
65041,V8000_DEFLA,1,Despesas Correntes,11,Despesas de Consumo,1101,Alimentacao,11011,Alimentação no domicílio,1101102,"Farinhas, féculas e massas",11011024,Outras,65041,GRANOLA e sinonimos,05206,9. Pescados,9.1 Pescados de água salgada,x.x.xx Sardinha fresca,09108
65042,V8000_DEFLA,1,Despesas Correntes,11,Despesas de Consumo,1101,Alimentacao,11011,Alimentação no domicílio,1101102,"Farinhas, féculas e massas",11011024,Outras,65042,MASSA DE COXINHA e sinonimos,05303,9. Pescados,9.1 Pescados de água salgada,x.x.xx Outrosx.x.x Anchova frescax.x.x Bagre frescox.x.x Cação frescox.x.x Meluza em filé congeladox.x.x Merluza em filé frescox.x.x Parati frescox.x.x Pescada em filé congeladox.x.xx Tainha frescax.x.xx Outros pescados em filé congeladox.x.xx Outros pescados em filé frescox.x.xx Outros pescados frescosx.x.x Outros pescados salgados,09109
65043,V8000_DEFLA,1,Despesas Correntes,11,Despesas de Consumo,1101,Alimentacao,11011,Alimentação no domicílio,1101102,"Farinhas, féculas e massas",11011024,Outras,65043,MASSA DE ROTOLONE e sinonimos,05303,9. Pescados,9.2 Pescados de água doce e congelados,x.x.x Pescados de água docex.x.x Acará frescax.x.x Acari frescox.x.x Anujá frescox.x.x Curimatã frescox.x.x Dourada frescax.x.x Jaraqui frescox.x.x Lambari frescox.x.x Mapará frescox.x.x Piau frescox.x.xx Surubim frescox.x.xx Tambaqui frescox.x.xx Tilápia frescax.x.xx Traíra frescax.x.xx Tucunaré frescox.x.xx Outros pescados em filé congeladox.x.xx Outros pescados em filé frescox.x.xx Outros pescados frescosx.x.xx Outros pescados salgadosx.x Pescados não especificadosx.x.x Peixe em filé congeladox.x.x Peixe em filé frescox.x.x Peixe frescox.x.x Peixe salgado,09201
65044,V8000_DEFLA,1,Despesas Correntes,11,Despesas de Consumo,1101,Alimentacao,11011,Alimentação no domicílio,1101102,"Farinhas, féculas e massas",11011024,Outras,65044,MASSA DE CALZONE e sinonimos,05303,10. Aves e ovos,10.1 Aves,xx.x.x Asa de frangoxx.x.x Asa de galinha,10101
65045,V8000_DEFLA,1,Despesas Correntes,11,Despesas de Consumo,1101,Alimentacao,11011,Alimentação no domicílio,1101102,"Farinhas, féculas e massas",11011024,Outras,65045,ANGU DE MILHO SEMIPRONTO e sinonimos,05303,10. Aves e ovos,10.1 Aves,xx.x.x Carne de frango não especificadaxx.x.x Carne não especificada de galinha,10102
65046,V8000_DEFLA,1,Despesas Correntes,11,Despesas de Consumo,1101,Alimentacao,11011,Alimentação no domicílio,1101102,"Farinhas, féculas e massas",11011024,Outras,65046,MUSLI,05206,10. Aves e ovos,10.1 Aves,xx.x.x Coxa de frangoxx.x.x Coxa de galinha,10103
65047,V8000_DEFLA,1,Despesas Correntes,11,Despesas de Consumo,1101,Alimentacao,11011,Alimentação no domicílio,1101102,"Farinhas, féculas e massas",11011024,Outras,65047,MIX DE CEREAIS,05206,10. Aves e ovos,10.1 Aves,xx.x.x Frango abatido (inteiro)xx.x.x Frango abatido,10104
65048,V8000_DEFLA,1,Despesas Correntes,11,Despesas de Consumo,1101,Alimentacao,11011,Alimentação no domicílio,1101102,"Farinhas, féculas e massas",11011021,Macarrão,65048,MIOJO e sinonimos,05301,10. Aves e ovos,10.1 Aves,xx.x.x Frango vivo,10105
65049,V8000_DEFLA,1,Despesas Correntes,11,Despesas de Consumo,1101,Alimentacao,11011,Alimentação no domicílio,1101102,"Farinhas, féculas e massas",11011021,Macarrão,65049,MACARRAO INTEGRAL,05301,10. Aves e ovos,10.1 Aves,xx.x.x Peito de frangoxx.x.x Peito de galinha,10106
65050,V8000_DEFLA,1,Despesas Correntes,11,Despesas de Consumo,1101,Alimentacao,11011,Alimentação no domicílio,1101102,"Farinhas, féculas e massas",11011024,Outras,65050,FARINHA VITAMINADA e sinonimos,05104,10. Aves e ovos,10.1 Aves,xx.x.xx Outrasxx.x.x Dorso de frangoxx.x.x Miúdos de frangoxx.x.x Outras carnes de frangoxx.x.xx Pato inteiro ou em cortesxx.x.xx Peru abatidoxx.x.xx Peru em cortes,10107
65051,V8000_DEFLA,1,Despesas Correntes,11,Despesas de Consumo,1101,Alimentacao,11011,Alimentação no domicílio,1101102,"Farinhas, féculas e massas",11011024,Outras,65051,SUSTAGEM e sinonimos,05206,10. Aves e ovos,10.2 Ovos,xx.x.x Ovo de galinha,10201
65052,V8000_DEFLA,1,Despesas Correntes,11,Despesas de Consumo,1101,Alimentacao,11011,Alimentação no domicílio,1101102,"Farinhas, féculas e massas",11011024,Outras,65052,GEVRAL,05206,10. Aves e ovos,10.2 Ovos,xx.x.x Outros,10202
65053,V8000_DEFLA,1,Despesas Correntes,11,Despesas de Consumo,1101,Alimentacao,11011,Alimentação no domicílio,1101102,"Farinhas, féculas e massas",11011024,Outras,65053,LECITINA,05206,11. Laticínios,11.1 Leite e creme de leite,xx.x.x Creme de leitexx.x.x Creme de leite em conserva,11101
65054,V8000_DEFLA,1,Despesas Correntes,11,Despesas de Consumo,1101,Alimentacao,11011,Alimentação no domicílio,1101102,"Farinhas, féculas e massas",11011024,Outras,65054,MERITENE,05206,11. Laticínios,11.1 Leite e creme de leite,xx.x.x Leite condensado,11102
65055,V8000_DEFLA,1,Despesas Correntes,11,Despesas de Consumo,1101,Alimentacao,11011,Alimentação no domicílio,1101102,"Farinhas, féculas e massas",11011024,Outras,65055,PROTEINAC,05206,11. Laticínios,11.1 Leite e creme de leite,xx.x.x Leite de vaca fresco,11103
65056,V8000_DEFLA,1,Despesas Correntes,11,Despesas de Consumo,1101,Alimentacao,11011,Alimentação no domicílio,1101102,"Farinhas, féculas e massas",11011024,Outras,65056,PROTEINA DE SOJA e sinonimos,05206,11. Laticínios,11.1 Leite e creme de leite,xx.x.x Leite de vaca pasteurizado,11104
65057,V8000_DEFLA,1,Despesas Correntes,11,Despesas de Consumo,1101,Alimentacao,11011,Alimentação no domicílio,1101102,"Farinhas, féculas e massas",11011024,Outras,65057,FARINHA DE MARACUJA,05105,11. Laticínios,11.1 Leite e creme de leite,xx.x.x Leite em pó integralxx.x.x Leite em pó desengorduradoxx.x.x Leite em pó não especificado,11105
65058,V8000_DEFLA,1,Despesas Correntes,11,Despesas de Consumo,1101,Alimentacao,11011,Alimentação no domicílio,1101102,"Farinhas, féculas e massas",11011024,Outras,65058,SUPLIGEM,16103,11. Laticínios,11.1 Leite e creme de leite,xx.x.x Outros,11106
65059,V8000_DEFLA,1,Despesas Correntes,11,Despesas de Consumo,1101,Alimentacao,11011,Alimentação no domicílio,1101102,"Farinhas, féculas e massas",11011024,Outras,65059,FLOCOS DE MILHO LIGHT e sinonimos,05204,11. Laticínios,11.2 Queijos e requeijão,xx.x.x Queijo minas,11201
65060,V8000_DEFLA,1,Despesas Correntes,11,Despesas de Consumo,1101,Alimentacao,11011,Alimentação no domicílio,1101102,"Farinhas, féculas e massas",11011024,Outras,65060,MASSA DE PIZZA LIGHT e sinonimos,05303,11. Laticínios,11.2 Queijos e requeijão,xx.x.x Queijo mozarela,11202
65061,V8000_DEFLA,1,Despesas Correntes,11,Despesas de Consumo,1101,Alimentacao,11011,Alimentação no domicílio,1101102,"Farinhas, féculas e massas",11011024,Outras,65061,MASSA DE NHOQUE LIGHT e sinonimos,05303,11. Laticínios,11.2 Queijos e requeijão,xx.x.x Queijo prato,11203
65062,V8000_DEFLA,1,Despesas Correntes,11,Despesas de Consumo,1101,Alimentacao,11011,Alimentação no domicílio,1101102,"Farinhas, féculas e massas",11011024,Outras,65062,MASSA DE LASANHA LIGHT e sinonimos,05303,11. Laticínios,11.2 Queijos e requeijão,xx.x.x Outros queijosxx.x.x Queijo não especificadoxx.x.x Queijo parmezão,11204
65063,V8000_DEFLA,1,Despesas Correntes,11,Despesas de Consumo,1101,Alimentacao,11011,Alimentação no domicílio,1101102,"Farinhas, féculas e massas",11011021,Macarrão,65063,MIOJO LIGHT e sinonimos,05301,11. Laticínios,11.2 Queijos e requeijão,xx.x.x Requeijão,11205
65064,V8000_DEFLA,1,Despesas Correntes,11,Despesas de Consumo,1101,Alimentacao,11011,Alimentação no domicílio,1101102,"Farinhas, féculas e massas",11011024,Outras,65064,PROTEINA DE SOJA ORGANICA e sinonimos,16103,11. Laticínios,11.3 Outros laticínios,xx.x.x Iogurte,11301
65065,V8000_DEFLA,1,Despesas Correntes,11,Despesas de Consumo,1101,Alimentacao,11011,Alimentação no domicílio,1101102,"Farinhas, féculas e massas",11011024,Outras,65065,FECULA DE BATATA,05206,11. Laticínios,11.3 Outros laticínios,xx.x.x Leite fermentado,11302
65066,V8000_DEFLA,1,Despesas Correntes,11,Despesas de Consumo,1101,Alimentacao,11011,Alimentação no domicílio,1101102,"Farinhas, féculas e massas",11011024,Outras,65066,FAGOTINI,05301,11. Laticínios,11.3 Outros laticínios,xx.x.x Manteiga,11303
65067,V8000_DEFLA,1,Despesas Correntes,11,Despesas de Consumo,1101,Alimentacao,11011,Alimentação no domicílio,1101102,"Farinhas, féculas e massas",11011024,Outras,65067,MASSA DE PANQUECA,05303,11. Laticínios,11.3 Outros laticínios,xx.x.x Outros,11304
65068,V8000_DEFLA,1,Despesas Correntes,11,Despesas de Consumo,1101,Alimentacao,11011,Alimentação no domicílio,1101102,"Farinhas, féculas e massas",11011024,Outras,65068,FARINHA DE LINHACA,05105,12. Açúcares e produtos de confeitaria,"12.1 Açúcares, doces e produtos de confeitaria",xx.x.x Açúcar cristal,12101
65069,V8000_DEFLA,1,Despesas Correntes,11,Despesas de Consumo,1101,Alimentacao,11011,Alimentação no domicílio,1101102,"Farinhas, féculas e massas",11011021,Macarrão,65069,MACARRAO SEMI PRONTO,05301,12. Açúcares e produtos de confeitaria,"12.1 Açúcares, doces e produtos de confeitaria",xx.x.x Açúcar refinadoxx.x.x Açúcar não especificadoxx.x.x Açúcar demerara,12102
65070,V8000_DEFLA,1,Despesas Correntes,11,Despesas de Consumo,1101,Alimentacao,11011,Alimentação no domicílio,1101102,"Farinhas, féculas e massas",11011024,Outras,65070,MASSA DE EMPADA (EMPADA SEMIPRONTA),05303,12. Açúcares e produtos de confeitaria,"12.1 Açúcares, doces e produtos de confeitaria",xx.x.x Outros,12103
65071,V8000_DEFLA,1,Despesas Correntes,11,Despesas de Consumo,1101,Alimentacao,11011,Alimentação no domicílio,1101102,"Farinhas, féculas e massas",11011024,Outras,65071,FARELO DE AVEIA,05206,12. Açúcares e produtos de confeitaria,12.2 Doces e derivados,xx.x.x Doce a base de leite,12201
65072,V8000_DEFLA,1,Despesas Correntes,11,Despesas de Consumo,1101,Alimentacao,11011,Alimentação no domicílio,1101102,"Farinhas, féculas e massas",11011024,Outras,65072,MINGAU DE AVEIA,05206,12. Açúcares e produtos de confeitaria,12.2 Doces e derivados,xx.x.x Doce de fruta,12202
65073,V8000_DEFLA,1,Despesas Correntes,11,Despesas de Consumo,1101,Alimentacao,11011,Alimentação no domicílio,1101102,"Farinhas, féculas e massas",11011024,Outras,65073,GRANOLA LIGHT,05206,12. Açúcares e produtos de confeitaria,12.2 Doces e derivados,xx.x.x Sorvete,12203
65074,V8000_DEFLA,1,Despesas Correntes,11,Despesas de Consumo,1101,Alimentacao,11011,Alimentação no domicílio,1101102,"Farinhas, féculas e massas",11011024,Outras,65074,GRANOLA DIET,05206,12. Açúcares e produtos de confeitaria,12.2 Doces e derivados,xx.x.x Outrosxx.x.x Rapaduraxx.x.x Bombomxx.x.x Chicletexx.x.x Chocolate em tablete,12204
65075,V8000_DEFLA,1,Despesas Correntes,11,Despesas de Consumo,1101,Alimentacao,11011,Alimentação no domicílio,1101101,"Cereais, leguminosas e oleaginosas",11011014,Outros,65075,CHIA,01103,12. Açúcares e produtos de confeitaria,12.3 Outros açucares e produtos de confeitaria,xx.x.x Chocolate em pó,12301
65076,V8000_DEFLA,1,Despesas Correntes,11,Despesas de Consumo,1101,Alimentacao,11011,Alimentação no domicílio,1101102,"Farinhas, féculas e massas",11011024,Outras,65076,AVEIA ORGANICA,05206,12. Açúcares e produtos de confeitaria,12.3 Outros açucares e produtos de confeitaria,xx.x.x Outrosxx.x.x Polpa de frutaxx.x.x Gelatinaxx.x.x Mel de abelha,12302
65077,V8000_DEFLA,1,Despesas Correntes,11,Despesas de Consumo,1101,Alimentacao,11011,Alimentação no domicílio,1101102,"Farinhas, féculas e massas",11011024,Outras,65077,FARINHA DE COCO,05105,13. Sais e condimentos,13.1 Sais,xx.x.x Sal grosso,13101
65078,V8000_DEFLA,1,Despesas Correntes,11,Despesas de Consumo,1101,Alimentacao,11011,Alimentação no domicílio,1101102,"Farinhas, féculas e massas",11011021,Macarrão,65078,MACARRAO DE ARROZ,05301,13. Sais e condimentos,13.1 Sais,xx.x.x Sal refinado,13102
65079,V8000_DEFLA,1,Despesas Correntes,11,Despesas de Consumo,1101,Alimentacao,11011,Alimentação no domicílio,1101102,"Farinhas, féculas e massas",11011021,Macarrão,65079,MACARRAO DE FEIJAO,05301,13. Sais e condimentos,13.1 Sais,xx.x.x Outros,13103
65080,V8000_DEFLA,1,Despesas Correntes,11,Despesas de Consumo,1101,Alimentacao,11011,Alimentação no domicílio,1101102,"Farinhas, féculas e massas",11011021,Macarrão,65080,MACARRAO SEM GLUTEN,05301,13. Sais e condimentos,13.2 Condimentos,xx.x.x Caldo de carne em tablete,13201
65081,V8000_DEFLA,1,Despesas Correntes,11,Despesas de Consumo,1101,Alimentacao,11011,Alimentação no domicílio,1101102,"Farinhas, féculas e massas",11011024,Outras,65081,MINGAU DE CEREAIS,05206,13. Sais e condimentos,13.2 Condimentos,xx.x.x Caldo de galinha em tablete,13202
65082,V8000_DEFLA,1,Despesas Correntes,11,Despesas de Consumo,1101,Alimentacao,11011,Alimentação no domicílio,1101102,"Farinhas, féculas e massas",11011024,Outras,65082,MINGAU DE BANANA,05206,13. Sais e condimentos,13.2 Condimentos,xx.x.x Fermento,13203
65083,V8000_DEFLA,1,Despesas Correntes,11,Despesas de Consumo,1101,Alimentacao,11011,Alimentação no domicílio,1101102,"Farinhas, féculas e massas",11011024,Outras,65083,MINGAU NAO ESPECIFICADO,05206,13. Sais e condimentos,13.2 Condimentos,xx.x.x Maionese,13204
65084,V8000_DEFLA,1,Despesas Correntes,11,Despesas de Consumo,1101,Alimentacao,11011,Alimentação no domicílio,1101102,"Farinhas, féculas e massas",11011024,Outras,65084,FARINHA DE BERINJELA,05105,13. Sais e condimentos,13.2 Condimentos,xx.x.x Massa de tomate,13205
65085,V8000_DEFLA,1,Despesas Correntes,11,Despesas de Consumo,1101,Alimentacao,11011,Alimentação no domicílio,1101102,"Farinhas, féculas e massas",11011024,Outras,65085,FARINHA SEM GLUTEN,05105,13. Sais e condimentos,13.2 Condimentos,xx.x.x Molho de tomate,13206
65086,V8000_DEFLA,1,Despesas Correntes,11,Despesas de Consumo,1101,Alimentacao,11011,Alimentação no domicílio,1101102,"Farinhas, féculas e massas",11011024,Outras,65086,FARINHA DE AMENDOA,05105,13. Sais e condimentos,13.2 Condimentos,xx.x.x Tempero misto,13207
65087,V8000_DEFLA,1,Despesas Correntes,11,Despesas de Consumo,1101,Alimentacao,11011,Alimentação no domicílio,1101102,"Farinhas, féculas e massas",11011024,Outras,65087,FARINHA DE AMORA,05105,13. Sais e condimentos,13.2 Condimentos,xx.x.xx Vinagre de álcool,13208
65088,V8000_DEFLA,1,Despesas Correntes,11,Despesas de Consumo,1101,Alimentacao,11011,Alimentação no domicílio,1101102,"Farinhas, féculas e massas",11011024,Outras,65088,FARINHA DE MACA,05105,13. Sais e condimentos,13.2 Condimentos,xx.x.xx Vinagre de vinho,13209
65089,V8000_DEFLA,1,Despesas Correntes,11,Despesas de Consumo,1101,Alimentacao,11011,Alimentação no domicílio,1101102,"Farinhas, féculas e massas",11011024,Outras,65089,FARINHA DE ARROZ E AVEIA,05105,13. Sais e condimentos,13.2 Condimentos,xx.x.xx Outrosxx.x.xx Vinagre não especificadoxx.x.x Coco raladoxx.x.x Outros caldos em tabletexx.x.x Colorauxx.x.x Leite de coco,13210
65090,V8000_DEFLA,1,Despesas Correntes,11,Despesas de Consumo,1101,Alimentacao,11011,Alimentação no domicílio,1101102,"Farinhas, féculas e massas",11011021,Macarrão,65090,MACARRAO PARA YAKISSOBA,05301,14. Óleos e gorduras,14.1 Óleos,xx.x.x Azeite de oliva,14101
65091,V8000_DEFLA,1,Despesas Correntes,11,Despesas de Consumo,1101,Alimentacao,11011,Alimentação no domicílio,1101102,"Farinhas, féculas e massas",11011024,Outras,65091,MINGAU DE ARROZ E AVEIA,05105,14. Óleos e gorduras,14.1 Óleos,xx.x.x Óleo de milho,14102
65092,V8000_DEFLA,1,Despesas Correntes,11,Despesas de Consumo,1101,Alimentacao,11011,Alimentação no domicílio,1101102,"Farinhas, féculas e massas",11011024,Outras,65092,MASSA PARA VATAPA,05303,14. Óleos e gorduras,14.1 Óleos,xx.x.x Óleo de soja,14103
65093,V8000_DEFLA,1,Despesas Correntes,11,Despesas de Consumo,1101,Alimentacao,11011,Alimentação no domicílio,1101102,"Farinhas, féculas e massas",11011024,Outras,65093,MASSA PARA TORTILHA,05303,14. Óleos e gorduras,14.1 Óleos,xx.x.x Óleo não especificadoxx.x.x Óleo de girassolxx.x.x Óleo de canola x. xOutros,14104
65094,V8000_DEFLA,1,Despesas Correntes,11,Despesas de Consumo,1101,Alimentacao,11011,Alimentação no domicílio,1101102,"Farinhas, féculas e massas",11011024,Outras,65094,MASSA PARA RONDELLI e sinonimos,05303,14. Óleos e gorduras,14.2 Gorduras,xx.x.x Margarina vegetal,14201
65095,V8000_DEFLA,1,Despesas Correntes,11,Despesas de Consumo,1101,Alimentacao,11011,Alimentação no domicílio,1101102,"Farinhas, féculas e massas",11011024,Outras,65095,FOLHADO (SALGADO) CONGELADO,16105,14. Óleos e gorduras,14.2 Gorduras,xx.x.x Outrasxx.x.x Banha de porco,14202
65096,V8000_DEFLA,1,Despesas Correntes,11,Despesas de Consumo,1101,Alimentacao,11011,Alimentação no domicílio,1101102,"Farinhas, féculas e massas",11011024,Outras,65096,BURRITO SEMIPRONTO e sinonimos,16105,15. Bebidas e infusões,15.1 Bebidas alcoólicas,xx.x.x Outras aguardentesxx.x.x Aguardente de cana,15101
65097,V8000_DEFLA,1,Despesas Correntes,11,Despesas de Consumo,1101,Alimentacao,11011,Alimentação no domicílio,1101102,"Farinhas, féculas e massas",11011024,Outras,65097,CEREAL MATINAL DE TRIGO,05206,15. Bebidas e infusões,15.1 Bebidas alcoólicas,xx.x.x Cerveja,15102
65098,V8000_DEFLA,1,Despesas Correntes,11,Despesas de Consumo,1101,Alimentacao,11011,Alimentação no domicílio,1101102,"Farinhas, féculas e massas",11011024,Outras,65098,MASSA PARA ACARAJE,05303,15. Bebidas e infusões,15.1 Bebidas alcoólicas,xx.x.x Vinho,15103
65099,V8000_DEFLA,1,Despesas Correntes,11,Despesas de Consumo,1101,Alimentacao,11011,Alimentação no domicílio,1101102,"Farinhas, féculas e massas",11011024,Outras,65099,RISOLE SEMIPRONTO,16105,15. Bebidas e infusões,15.1 Bebidas alcoólicas,xx.x.x Outras,15104
65100,V8000_DEFLA,1,Despesas Correntes,11,Despesas de Consumo,1101,Alimentacao,11011,Alimentação no domicílio,1101102,"Farinhas, féculas e massas",11011021,Macarrão,65100,MACARRAO DE FEIJAO ORGANICO,05301,15. Bebidas e infusões,15.2 Bebidas não alcoólicas,xx.x.x Água mineral,15201
65101,V8000_DEFLA,1,Despesas Correntes,11,Despesas de Consumo,1101,Alimentacao,11011,Alimentação no domicílio,1101102,"Farinhas, féculas e massas",11011024,Outras,65101,TACO MEXICANO SEMIPRONTO,16103,15. Bebidas e infusões,15.2 Bebidas não alcoólicas,xx.x.x Refrigerante de cola,15202
65102,V8000_DEFLA,1,Despesas Correntes,11,Despesas de Consumo,1101,Alimentacao,11011,Alimentação no domicílio,1101102,"Farinhas, féculas e massas",11011024,Outras,65102,CASQUINHA PARA CANAPE e sinonimos,16105,15. Bebidas e infusões,15.2 Bebidas não alcoólicas,xx.x.x Refrigerante de guaraná,15203
66001,V8000_DEFLA,1,Despesas Correntes,11,Despesas de Consumo,1101,Alimentacao,11011,Alimentação no domicílio,1101101,"Cereais, leguminosas e oleaginosas",11011014,Outros,66001,COCO DA BAHIA e sinonimos,04103,15. Bebidas e infusões,15.2 Bebidas não alcoólicas,xx.x.x Refrigerante de laranja,15204
66002,V8000_DEFLA,1,Despesas Correntes,11,Despesas de Consumo,1101,Alimentacao,11011,Alimentação no domicílio,1101101,"Cereais, leguminosas e oleaginosas",11011014,Outros,66002,COCO RALADO INDUSTRIALIZADO e sinonimos,04103,15. Bebidas e infusões,15.2 Bebidas não alcoólicas,xx.x.x Refrigerante de limão,15205
66003,V8000_DEFLA,1,Despesas Correntes,11,Despesas de Consumo,1101,Alimentacao,11011,Alimentação no domicílio,1101101,"Cereais, leguminosas e oleaginosas",11011014,Outros,66003,CASTANHA PORTUGUESA e sinonimos,04104,15. Bebidas e infusões,15.2 Bebidas não alcoólicas,xx.x.x Outros refrigerantesxx.x.x Refrigerante não especificadoxx.x.x Refrigerante de maçãxx.x.x Refrigerante de uvaxx.x.x Bebida energética,15206
66004,V8000_DEFLA,1,Despesas Correntes,11,Despesas de Consumo,1101,Alimentacao,11011,Alimentação no domicílio,1101101,"Cereais, leguminosas e oleaginosas",11011014,Outros,66004,PINHAO e sinonimos,04104,15. Bebidas e infusões,15.2 Bebidas não alcoólicas,xx.x.xx Suco de fruta em pó,15207
66005,V8000_DEFLA,1,Despesas Correntes,11,Despesas de Consumo,1101,Alimentacao,11011,Alimentação no domicílio,1101101,"Cereais, leguminosas e oleaginosas",11011014,Outros,66005,AMENDOA,04104,15. Bebidas e infusões,15.2 Bebidas não alcoólicas,xx.x.xx Suco de fruta envasado,15208
66006,V8000_DEFLA,1,Despesas Correntes,11,Despesas de Consumo,1101,Alimentacao,11011,Alimentação no domicílio,1101101,"Cereais, leguminosas e oleaginosas",11011014,Outros,66006,AVELA,04104,15. Bebidas e infusões,15.2 Bebidas não alcoólicas,xx.x.xx Outras,15209
66007,V8000_DEFLA,1,Despesas Correntes,11,Despesas de Consumo,1101,Alimentacao,11011,Alimentação no domicílio,1101101,"Cereais, leguminosas e oleaginosas",11011014,Outros,66007,CASTANHA DO PARA e sinonimos,04104,15. Bebidas e infusões,15.3 Cafés,xx.x.x Café moído,15301
66008,V8000_DEFLA,1,Despesas Correntes,11,Despesas de Consumo,1101,Alimentacao,11011,Alimentação no domicílio,1101101,"Cereais, leguminosas e oleaginosas",11011014,Outros,66008,CASTANHA DE CAJU,04104,15. Bebidas e infusões,15.3 Cafés,xx.x.x Café solúvel,15302
66009,V8000_DEFLA,1,Despesas Correntes,11,Despesas de Consumo,1101,Alimentacao,11011,Alimentação no domicílio,1101101,"Cereais, leguminosas e oleaginosas",11011014,Outros,66009,COCO OURICURI e sinonimos,04104,15. Bebidas e infusões,15.3 Cafés,xx.x.x Outros,15303
66010,V8000_DEFLA,1,Despesas Correntes,11,Despesas de Consumo,1101,Alimentacao,11011,Alimentação no domicílio,1101101,"Cereais, leguminosas e oleaginosas",11011014,Outros,66010,COCO DE BABACU e sinonimos,04104,15. Bebidas e infusões,15.4 Chás,xx.x.x Chá-mate,15401
66011,V8000_DEFLA,1,Despesas Correntes,11,Despesas de Consumo,1101,Alimentacao,11011,Alimentação no domicílio,1101101,"Cereais, leguminosas e oleaginosas",11011014,Outros,66011,COCO DE TUCUM e sinonimos,04104,15. Bebidas e infusões,15.4 Chás,xx.x.x Outrosxx.x.x Chá preto,15402
66012,V8000_DEFLA,1,Despesas Correntes,11,Despesas de Consumo,1101,Alimentacao,11011,Alimentação no domicílio,1101101,"Cereais, leguminosas e oleaginosas",11011014,Outros,66012,COCO MACAUBA e sinonimos,04104,16. Outros produtos,16.1 Outros produtos,xx.x.x Frango assado ou defumadoxx.x.x Frango assado ou defumado,16101
66013,V8000_DEFLA,1,Despesas Correntes,11,Despesas de Consumo,1101,Alimentacao,11011,Alimentação no domicílio,1101101,"Cereais, leguminosas e oleaginosas",11011014,Outros,66013,COCO DENDE e sinonimos,04104,16. Outros produtos,16.1 Outros produtos,xx.x.x Massaxx.x.x Massa preparada,16102
66014,V8000_DEFLA,1,Despesas Correntes,11,Despesas de Consumo,1101,Alimentacao,11011,Alimentação no domicílio,1101101,"Cereais, leguminosas e oleaginosas",11011014,Outros,66014,COCO BABAO e sinonimos,04104,16. Outros produtos,16.1 Outros produtos,xx.x.x Outros produtos,16103
66015,V8000_DEFLA,1,Despesas Correntes,11,Despesas de Consumo,1101,Alimentacao,11011,Alimentação no domicílio,1101101,"Cereais, leguminosas e oleaginosas",11011014,Outros,66015,NOZ,04104,16. Outros produtos,16.1 Outros produtos,xx.x.x Refeiçãoxx.x.x Refeição pronta,16104
66016,V8000_DEFLA,1,Despesas Correntes,11,Despesas de Consumo,1101,Alimentacao,11011,Alimentação no domicílio,1101101,"Cereais, leguminosas e oleaginosas",11011014,Outros,66016,COCO INAJA e sinonimos,04104,16. Outros produtos,16.1 Outros produtos,xx.x.x Salgadinhoxx.x.x Salgadinho,16105
66017,V8000_DEFLA,1,Despesas Correntes,11,Despesas de Consumo,1101,Alimentacao,11011,Alimentação no domicílio,1101112,Bebidas e infusões,11011126,Outras,66017,ACAI EM EMULSAO e sinonimos,04101,16. Outros produtos,16.1 Outros produtos,xx.x.x Mistura para boloxx.x.x Mistura industrial para bolo,16106
66018,V8000_DEFLA,1,Despesas Correntes,11,Despesas de Consumo,1101,Alimentacao,11011,Alimentação no domicílio,1101101,"Cereais, leguminosas e oleaginosas",11011014,Outros,66018,COCO DE PUPUNHA e sinonimos,04104,,,,
66019,V8000_DEFLA,1,Despesas Correntes,11,Despesas de Consumo,1101,Alimentacao,11011,Alimentação no domicílio,1101101,"Cereais, leguminosas e oleaginosas",11011014,Outros,66019,COCO BACABA e sinonimos,04104,,,,
66020,V8000_DEFLA,1,Despesas Correntes,11,Despesas de Consumo,1101,Alimentacao,11011,Alimentação no domicílio,1101101,"Cereais, leguminosas e oleaginosas",11011014,Outros,66020,CASTANHA DA INDIA,04104,,,,
66021,V8000_DEFLA,1,Despesas Correntes,11,Despesas de Consumo,1101,Alimentacao,11011,Alimentação no domicílio,1101101,"Cereais, leguminosas e oleaginosas",11011014,Outros,66021,COCO BURITI e sinonimos,04104,,,,
66022,V8000_DEFLA,1,Despesas Correntes,11,Despesas de Consumo,1101,Alimentacao,11011,Alimentação no domicílio,1101101,"Cereais, leguminosas e oleaginosas",11011014,Outros,66022,PISTACHE e sinonimos,04104,,,,
66023,V8000_DEFLA,1,Despesas Correntes,11,Despesas de Consumo,1101,Alimentacao,11011,Alimentação no domicílio,1101112,Bebidas e infusões,11011126,Outras,66023,BURITI EM EMULSAO e sinonimos,04104,,,,
66024,V8000_DEFLA,1,Despesas Correntes,11,Despesas de Consumo,1101,Alimentacao,11011,Alimentação no domicílio,1101101,"Cereais, leguminosas e oleaginosas",11011014,Outros,66024,COCO NAO-ESPECIFICADO,04104,,,,
66025,V8000_DEFLA,1,Despesas Correntes,11,Despesas de Consumo,1101,Alimentacao,11011,Alimentação no domicílio,1101101,"Cereais, leguminosas e oleaginosas",11011014,Outros,66025,CASTANHA NAO-ESPECIFICADA,04104,,,,
66026,V8000_DEFLA,1,Despesas Correntes,11,Despesas de Consumo,1101,Alimentacao,11011,Alimentação no domicílio,1101112,Bebidas e infusões,11011126,Outras,66026,PATAUA EM EMULSAO e sinonimos,04104,,,,
66027,V8000_DEFLA,1,Despesas Correntes,11,Despesas de Consumo,1101,Alimentacao,11011,Alimentação no domicílio,1101101,"Cereais, leguminosas e oleaginosas",11011014,Outros,66027,NOZ (NOGUEIRA),04104,,,,
66028,V8000_DEFLA,1,Despesas Correntes,11,Despesas de Consumo,1101,Alimentacao,11011,Alimentação no domicílio,1101101,"Cereais, leguminosas e oleaginosas",11011014,Outros,66028,PATAUA (COCO),04104,,,,
66029,V8000_DEFLA,1,Despesas Correntes,11,Despesas de Consumo,1101,Alimentacao,11011,Alimentação no domicílio,1101101,"Cereais, leguminosas e oleaginosas",11011013,Orgânicos,66029,COCO ORGANICO,04103,,,,
66030,V8000_DEFLA,1,Despesas Correntes,11,Despesas de Consumo,1101,Alimentacao,11011,Alimentação no domicílio,1101101,"Cereais, leguminosas e oleaginosas",11011014,Outros,66030,PINOLI,04104,,,,
66031,V8000_DEFLA,1,Despesas Correntes,11,Despesas de Consumo,1101,Alimentacao,11011,Alimentação no domicílio,1101101,"Cereais, leguminosas e oleaginosas",11011014,Outros,66031,MIX DE SEMENTES E FRUTAS,04104,,,,
67001,V8000_DEFLA,1,Despesas Correntes,11,Despesas de Consumo,1101,Alimentacao,11011,Alimentação no domicílio,1101105,Legumes e verduras,11011053,Alface,67001,ALFACE e sinonimos,02102,,,,
67002,V8000_DEFLA,1,Despesas Correntes,11,Despesas de Consumo,1101,Alimentacao,11011,Alimentação no domicílio,1101105,Legumes e verduras,11011054,Outros,67002,BERTALHA e sinonimos,02107,,,,
67003,V8000_DEFLA,1,Despesas Correntes,11,Despesas de Consumo,1101,Alimentacao,11011,Alimentação no domicílio,1101105,Legumes e verduras,11011054,Outros,67003,CHICORIA e sinonimos,02107,,,,
67004,V8000_DEFLA,1,Despesas Correntes,11,Despesas de Consumo,1101,Alimentacao,11011,Alimentação no domicílio,1101105,Legumes e verduras,11011054,Outros,67004,COENTRO (VERDURA) e sinonimos,02107,,,,
67005,V8000_DEFLA,1,Despesas Correntes,11,Despesas de Consumo,1101,Alimentacao,11011,Alimentação no domicílio,1101105,Legumes e verduras,11011054,Outros,67005,COUVE e sinonimos,02104,,,,
67006,V8000_DEFLA,1,Despesas Correntes,11,Despesas de Consumo,1101,Alimentacao,11011,Alimentação no domicílio,1101105,Legumes e verduras,11011054,Outros,67006,COUVE FLOR,02105,,,,
67007,V8000_DEFLA,1,Despesas Correntes,11,Despesas de Consumo,1101,Alimentacao,11011,Alimentação no domicílio,1101105,Legumes e verduras,11011054,Outros,67007,ESPINAFRE e sinonimos,02107,,,,
67008,V8000_DEFLA,1,Despesas Correntes,11,Despesas de Consumo,1101,Alimentacao,11011,Alimentação no domicílio,1101105,Legumes e verduras,11011054,Outros,67008,MOSTARDA (VERDURA) e sinonimos,02107,,,,
67009,V8000_DEFLA,1,Despesas Correntes,11,Despesas de Consumo,1101,Alimentacao,11011,Alimentação no domicílio,1101105,Legumes e verduras,11011054,Outros,67009,REPOLHO e sinonimos,02106,,,,
67010,V8000_DEFLA,1,Despesas Correntes,11,Despesas de Consumo,1101,Alimentacao,11011,Alimentação no domicílio,1101105,Legumes e verduras,11011054,Outros,67010,SALSA e sinonimos,02103,,,,
67011,V8000_DEFLA,1,Despesas Correntes,11,Despesas de Consumo,1101,Alimentacao,11011,Alimentação no domicílio,1101105,Legumes e verduras,11011054,Outros,67011,CEBOLINHA e sinonimos,02103,,,,
67012,V8000_DEFLA,1,Despesas Correntes,11,Despesas de Consumo,1101,Alimentacao,11011,Alimentação no domicílio,1101105,Legumes e verduras,11011054,Outros,67012,CHEIRO VERDE e sinonimos,02103,,,,
67013,V8000_DEFLA,1,Despesas Correntes,11,Despesas de Consumo,1101,Alimentacao,11011,Alimentação no domicílio,1101105,Legumes e verduras,11011054,Outros,67013,AGRIAO e sinonimos,02101,,,,
67014,V8000_DEFLA,1,Despesas Correntes,11,Despesas de Consumo,1101,Alimentacao,11011,Alimentação no domicílio,1101105,Legumes e verduras,11011054,Outros,67014,TAIOBA e sinonimos,02107,,,,
67015,V8000_DEFLA,1,Despesas Correntes,11,Despesas de Consumo,1101,Alimentacao,11011,Alimentação no domicílio,1101105,Legumes e verduras,11011054,Outros,67015,ACELGA e sinonimos,02107,,,,
67016,V8000_DEFLA,1,Despesas Correntes,11,Despesas de Consumo,1101,Alimentacao,11011,Alimentação no domicílio,1101105,Legumes e verduras,11011054,Outros,67016,ALMEIRAO e sinonimos,02107,,,,
67017,V8000_DEFLA,1,Despesas Correntes,11,Despesas de Consumo,1101,Alimentacao,11011,Alimentação no domicílio,1101105,Legumes e verduras,11011054,Outros,67017,COUVE BROCOLOS e sinonimos,02104,,,,
67018,V8000_DEFLA,1,Despesas Correntes,11,Despesas de Consumo,1101,Alimentacao,11011,Alimentação no domicílio,1101105,Legumes e verduras,11011054,Outros,67018,SERRALHA,02107,,,,
67019,V8000_DEFLA,1,Despesas Correntes,11,Despesas de Consumo,1101,Alimentacao,11011,Alimentação no domicílio,1101105,Legumes e verduras,11011054,Outros,67019,CARURU e sinonimos,02108,,,,
67020,V8000_DEFLA,1,Despesas Correntes,11,Despesas de Consumo,1101,Alimentacao,11011,Alimentação no domicílio,1101105,Legumes e verduras,11011054,Outros,67020,RUCULA e sinonimos,02109,,,,
67021,V8000_DEFLA,1,Despesas Correntes,11,Despesas de Consumo,1101,Alimentacao,11011,Alimentação no domicílio,1101105,Legumes e verduras,11011054,Outros,67021,JAMBUACU e sinonimos,02110,,,,
67022,V8000_DEFLA,1,Despesas Correntes,11,Despesas de Consumo,1101,Alimentacao,11011,Alimentação no domicílio,1101105,Legumes e verduras,11011054,Outros,67022,LINGUA DE VACA (VERDURA) e sinonimos,02111,,,,
67023,V8000_DEFLA,1,Despesas Correntes,11,Despesas de Consumo,1101,Alimentacao,11011,Alimentação no domicílio,1101105,Legumes e verduras,11011054,Outros,67023,ALCACHOFRA e sinonimos,02112,,,,
67024,V8000_DEFLA,1,Despesas Correntes,11,Despesas de Consumo,1101,Alimentacao,11011,Alimentação no domicílio,1101105,Legumes e verduras,11011054,Outros,67024,SAMAMBAIA DO CAMPO,02113,,,,
67025,V8000_DEFLA,1,Despesas Correntes,11,Despesas de Consumo,1101,Alimentacao,11011,Alimentação no domicílio,1101105,Legumes e verduras,11011054,Outros,67025,BREDO e sinonimos,02114,,,,
67026,V8000_DEFLA,1,Despesas Correntes,11,Despesas de Consumo,1101,Alimentacao,11011,Alimentação no domicílio,1101105,Legumes e verduras,11011054,Outros,67026,AIPO e sinonimos,02115,,,,
67027,V8000_DEFLA,1,Despesas Correntes,11,Despesas de Consumo,1101,Alimentacao,11011,Alimentação no domicílio,1101105,Legumes e verduras,11011054,Outros,67027,COUVE CHINESA,02104,,,,
67028,V8000_DEFLA,1,Despesas Correntes,11,Despesas de Consumo,1101,Alimentacao,11011,Alimentação no domicílio,1101105,Legumes e verduras,11011054,Outros,67028,ERVA DOCE e sinonimos,02115,,,,
67029,V8000_DEFLA,1,Despesas Correntes,11,Despesas de Consumo,1101,Alimentacao,11011,Alimentação no domicílio,1101105,Legumes e verduras,11011054,Outros,67029,AZEDINHA,02115,,,,
67030,V8000_DEFLA,1,Despesas Correntes,11,Despesas de Consumo,1101,Alimentacao,11011,Alimentação no domicílio,1101105,Legumes e verduras,11011054,Outros,67030,FOLHA DE MANDIOCA e sinonimos,02115,,,,
67031,V8000_DEFLA,1,Despesas Correntes,11,Despesas de Consumo,1101,Alimentacao,11011,Alimentação no domicílio,1101105,Legumes e verduras,11011054,Outros,67031,BROTO DE FEIJAO e sinonimos,02115,,,,
67032,V8000_DEFLA,1,Despesas Correntes,11,Despesas de Consumo,1101,Alimentacao,11011,Alimentação no domicílio,1101105,Legumes e verduras,11011054,Outros,67032,BROTO DE BAMBU,02115,,,,
67033,V8000_DEFLA,1,Despesas Correntes,11,Despesas de Consumo,1101,Alimentacao,11011,Alimentação no domicílio,1101105,Legumes e verduras,11011054,Outros,67033,ABOBORA MOGANGA e sinonimos,02201,,,,
67034,V8000_DEFLA,1,Despesas Correntes,11,Despesas de Consumo,1101,Alimentacao,11011,Alimentação no domicílio,1101105,Legumes e verduras,11011054,Outros,67034,ABOBORA MENINA e sinonimos,02201,,,,
67035,V8000_DEFLA,1,Despesas Correntes,11,Despesas de Consumo,1101,Alimentacao,11011,Alimentação no domicílio,1101105,Legumes e verduras,11011054,Outros,67035,ABOBORA MELAO e sinonimos,02201,,,,
67036,V8000_DEFLA,1,Despesas Correntes,11,Despesas de Consumo,1101,Alimentacao,11011,Alimentação no domicílio,1101105,Legumes e verduras,11011054,Outros,67036,ABOBORA DE AGUA e sinonimos,02201,,,,
67037,V8000_DEFLA,1,Despesas Correntes,11,Despesas de Consumo,1101,Alimentacao,11011,Alimentação no domicílio,1101105,Legumes e verduras,11011054,Outros,67037,ABOBRINHA e sinonimos,02202,,,,
67038,V8000_DEFLA,1,Despesas Correntes,11,Despesas de Consumo,1101,Alimentacao,11011,Alimentação no domicílio,1101105,Legumes e verduras,11011054,Outros,67038,ABOBORA DE PESCOCO e sinonimos,02201,,,,
67039,V8000_DEFLA,1,Despesas Correntes,11,Despesas de Consumo,1101,Alimentacao,11011,Alimentação no domicílio,1101105,Legumes e verduras,11011054,Outros,67039,ABOBORA e sinonimos,02201,,,,
67040,V8000_DEFLA,1,Despesas Correntes,11,Despesas de Consumo,1101,Alimentacao,11011,Alimentação no domicílio,1101105,Legumes e verduras,11011054,Outros,67040,PEPINO e sinonimos,02207,,,,
67041,V8000_DEFLA,1,Despesas Correntes,11,Despesas de Consumo,1101,Alimentacao,11011,Alimentação no domicílio,1101105,Legumes e verduras,11011054,Outros,67041,CHUCHU e sinonimos,02205,,,,
67042,V8000_DEFLA,1,Despesas Correntes,11,Despesas de Consumo,1101,Alimentacao,11011,Alimentação no domicílio,1101105,Legumes e verduras,11011054,Outros,67042,JILO e sinonimos,02206,,,,
67043,V8000_DEFLA,1,Despesas Correntes,11,Despesas de Consumo,1101,Alimentacao,11011,Alimentação no domicílio,1101105,Legumes e verduras,11011054,Outros,67043,MAXIXE e sinonimos,02212,,,,
67044,V8000_DEFLA,1,Despesas Correntes,11,Despesas de Consumo,1101,Alimentacao,11011,Alimentação no domicílio,1101105,Legumes e verduras,11011054,Outros,67044,PALMITO IN NATURA e sinonimos,02309,,,,
67045,V8000_DEFLA,1,Despesas Correntes,11,Despesas de Consumo,1101,Alimentacao,11011,Alimentação no domicílio,1101105,Legumes e verduras,11011054,Outros,67045,PIMENTAO e sinonimos,02208,,,,
67046,V8000_DEFLA,1,Despesas Correntes,11,Despesas de Consumo,1101,Alimentacao,11011,Alimentação no domicílio,1101105,Legumes e verduras,11011054,Outros,67046,PIMENTA MALAGUETA e sinonimos,02212,,,,
67047,V8000_DEFLA,1,Despesas Correntes,11,Despesas de Consumo,1101,Alimentacao,11011,Alimentação no domicílio,1101105,Legumes e verduras,11011054,Outros,67047,PIMENTA DE CHEIRO e sinonimos,02212,,,,
67048,V8000_DEFLA,1,Despesas Correntes,11,Despesas de Consumo,1101,Alimentacao,11011,Alimentação no domicílio,1101105,Legumes e verduras,11011054,Outros,67048,PIMENTA POMBINHA IN NATURA e sinonimos,02212,,,,
67049,V8000_DEFLA,1,Despesas Correntes,11,Despesas de Consumo,1101,Alimentacao,11011,Alimentação no domicílio,1101105,Legumes e verduras,11011054,Outros,67049,CEBOLINHA BRANCA,02204,,,,
67050,V8000_DEFLA,1,Despesas Correntes,11,Despesas de Consumo,1101,Alimentacao,11011,Alimentação no domicílio,1101105,Legumes e verduras,11011054,Outros,67050,QUIABO e sinonimos,02209,,,,
67051,V8000_DEFLA,1,Despesas Correntes,11,Despesas de Consumo,1101,Alimentacao,11011,Alimentação no domicílio,1101105,Legumes e verduras,11011051,Tomate,67051,TOMATE e sinonimos,02210,,,,
67052,V8000_DEFLA,1,Despesas Correntes,11,Despesas de Consumo,1101,Alimentacao,11011,Alimentação no domicílio,1101105,Legumes e verduras,11011054,Outros,67052,VAGEM e sinonimos,02211,,,,
67053,V8000_DEFLA,1,Despesas Correntes,11,Despesas de Consumo,1101,Alimentacao,11011,Alimentação no domicílio,1101105,Legumes e verduras,11011054,Outros,67053,COGUMELO IN NATURA,02212,,,,
67054,V8000_DEFLA,1,Despesas Correntes,11,Despesas de Consumo,1101,Alimentacao,11011,Alimentação no domicílio,1101105,Legumes e verduras,11011054,Outros,67054,BERINJELA e sinonimos,02203,,,,
67055,V8000_DEFLA,1,Despesas Correntes,11,Despesas de Consumo,1101,Alimentacao,11011,Alimentação no domicílio,1101105,Legumes e verduras,11011054,Outros,67055,ERVILHA EM VAGEM e sinonimos,02211,,,,
67056,V8000_DEFLA,1,Despesas Correntes,11,Despesas de Consumo,1101,Alimentacao,11011,Alimentação no domicílio,1101105,Legumes e verduras,11011054,Outros,67056,CABACA e sinonimos,02212,,,,
67057,V8000_DEFLA,1,Despesas Correntes,11,Despesas de Consumo,1101,Alimentacao,11011,Alimentação no domicílio,1101105,Legumes e verduras,11011052,Cebola,67057,CEBOLA e sinonimos,02204,,,,
67058,V8000_DEFLA,1,Despesas Correntes,11,Despesas de Consumo,1101,Alimentacao,11011,Alimentação no domicílio,1101105,Legumes e verduras,11011054,Outros,67058,CATALONHA e sinonimos,02212,,,,
67059,V8000_DEFLA,1,Despesas Correntes,11,Despesas de Consumo,1101,Alimentacao,11011,Alimentação no domicílio,1101105,Legumes e verduras,11011054,Outros,67059,COUVE RABANO e sinonimos,02212,,,,
67060,V8000_DEFLA,1,Despesas Correntes,11,Despesas de Consumo,1101,Alimentacao,11011,Alimentação no domicílio,1101105,Legumes e verduras,11011054,Outros,67060,NIRA,02212,,,,
67061,V8000_DEFLA,1,Despesas Correntes,11,Despesas de Consumo,1101,Alimentacao,11011,Alimentação no domicílio,1101105,Legumes e verduras,11011054,Outros,67061,JARDINEIRA (SELETA) e sinonimos,02212,,,,
67062,V8000_DEFLA,1,Despesas Correntes,11,Despesas de Consumo,1101,Alimentacao,11011,Alimentação no domicílio,1101114,Sal e condimentos,11011144,Outros,67062,ALHO e sinonimos,02301,,,,
67063,V8000_DEFLA,1,Despesas Correntes,11,Despesas de Consumo,1101,Alimentacao,11011,Alimentação no domicílio,1101105,Legumes e verduras,11011054,Outros,67063,ALHO PORRO e sinonimos,02212,,,,
67064,V8000_DEFLA,1,Despesas Correntes,11,Despesas de Consumo,1101,Alimentacao,11011,Alimentação no domicílio,1101105,Legumes e verduras,11011054,Outros,67064,ABOBORA PAULISTA,02201,,,,
67065,V8000_DEFLA,1,Despesas Correntes,11,Despesas de Consumo,1101,Alimentacao,11011,Alimentação no domicílio,1101105,Legumes e verduras,11011054,Outros,67065,ABOBORA CABOTIAN e sinonimos,02201,,,,
67066,V8000_DEFLA,1,Despesas Correntes,11,Despesas de Consumo,1101,Alimentacao,11011,Alimentação no domicílio,1101105,Legumes e verduras,11011054,Outros,67066,ABOBORA CAXACO,02201,,,,
67067,V8000_DEFLA,1,Despesas Correntes,11,Despesas de Consumo,1101,Alimentacao,11011,Alimentação no domicílio,1101105,Legumes e verduras,11011054,Outros,67067,ABOBORA GOIANINHA,02201,,,,
67068,V8000_DEFLA,1,Despesas Correntes,11,Despesas de Consumo,1101,Alimentacao,11011,Alimentação no domicílio,1101105,Legumes e verduras,11011054,Outros,67068,ABOBORA HIBRIDA,02201,,,,
67069,V8000_DEFLA,1,Despesas Correntes,11,Despesas de Consumo,1101,Alimentacao,11011,Alimentação no domicílio,1101105,Legumes e verduras,11011054,Outros,67069,ABOBORA SECA,02201,,,,
67070,V8000_DEFLA,1,Despesas Correntes,11,Despesas de Consumo,1101,Alimentacao,11011,Alimentação no domicílio,1101105,Legumes e verduras,11011054,Outros,67070,ABOBRINHA CAIPIRA,02201,,,,
67071,V8000_DEFLA,1,Despesas Correntes,11,Despesas de Consumo,1101,Alimentacao,11011,Alimentação no domicílio,1101105,Legumes e verduras,11011054,Outros,67071,ABOBRINHA BRANCA,02201,,,,
67072,V8000_DEFLA,1,Despesas Correntes,11,Despesas de Consumo,1101,Alimentacao,11011,Alimentação no domicílio,1101105,Legumes e verduras,11011054,Outros,67072,ABOBRINHA MIRIM,02201,,,,
67073,V8000_DEFLA,1,Despesas Correntes,11,Despesas de Consumo,1101,Alimentacao,11011,Alimentação no domicílio,1101105,Legumes e verduras,11011054,Outros,67073,BROTO DE ALFAFA,02107,,,,
67074,V8000_DEFLA,1,Despesas Correntes,11,Despesas de Consumo,1101,Alimentacao,11011,Alimentação no domicílio,1101105,Legumes e verduras,11011054,Outros,67074,ALECRIN e sinonimos,02107,,,,
67075,V8000_DEFLA,1,Despesas Correntes,11,Despesas de Consumo,1101,Alimentacao,11011,Alimentação no domicílio,1101105,Legumes e verduras,11011054,Outros,67075,ALFAZEMA,02107,,,,
67076,V8000_DEFLA,1,Despesas Correntes,11,Despesas de Consumo,1101,Alimentacao,11011,Alimentação no domicílio,1101105,Legumes e verduras,11011054,Outros,67076,PIMENTA IN NATURA NAO-DISCRIMINADA e sinonimos,02212,,,,
67077,V8000_DEFLA,1,Despesas Correntes,11,Despesas de Consumo,1101,Alimentacao,11011,Alimentação no domicílio,1101105,Legumes e verduras,11011054,Outros,67077,PALMITO FRESCO ORGANICO e sinonimos,02212,,,,
67078,V8000_DEFLA,1,Despesas Correntes,11,Despesas de Consumo,1101,Alimentacao,11011,Alimentação no domicílio,1101105,Legumes e verduras,11011053,Alface,67078,ALFACE ORGANICA e sinonimos,02102,,,,
67079,V8000_DEFLA,1,Despesas Correntes,11,Despesas de Consumo,1101,Alimentacao,11011,Alimentação no domicílio,1101105,Legumes e verduras,11011051,Tomate,67079,TOMATE ORGANICO e sinonimos,02210,,,,
67080,V8000_DEFLA,1,Despesas Correntes,11,Despesas de Consumo,1101,Alimentacao,11011,Alimentação no domicílio,1101105,Legumes e verduras,11011054,Outros,67080,PIMENTAO ORGANICO e sinonimos,02208,,,,
67081,V8000_DEFLA,1,Despesas Correntes,11,Despesas de Consumo,1101,Alimentacao,11011,Alimentação no domicílio,1101105,Legumes e verduras,11011054,Outros,67081,BROCOLIS ORGANICO,02104,,,,
67082,V8000_DEFLA,1,Despesas Correntes,11,Despesas de Consumo,1101,Alimentacao,11011,Alimentação no domicílio,1101105,Legumes e verduras,11011054,Outros,67082,COUVE ORGANICA,02104,,,,
67083,V8000_DEFLA,1,Despesas Correntes,11,Despesas de Consumo,1101,Alimentacao,11011,Alimentação no domicílio,1101114,Sal e condimentos,11011144,Outros,67083,HORTELA (MOLHO) e sinonimos,13210,,,,
67084,V8000_DEFLA,1,Despesas Correntes,11,Despesas de Consumo,1101,Alimentacao,11011,Alimentação no domicílio,1101105,Legumes e verduras,11011054,Outros,67084,ESPINAFRE ORGANICO,02107,,,,
67085,V8000_DEFLA,1,Despesas Correntes,11,Despesas de Consumo,1101,Alimentacao,11011,Alimentação no domicílio,1101105,Legumes e verduras,11011054,Outros,67085,PIMENTA DEDO DE MOCA,02212,,,,
67086,V8000_DEFLA,1,Despesas Correntes,11,Despesas de Consumo,1101,Alimentacao,11011,Alimentação no domicílio,1101105,Legumes e verduras,11011054,Outros,67086,VAGEM ORGANICA,02211,,,,
67087,V8000_DEFLA,1,Despesas Correntes,11,Despesas de Consumo,1101,Alimentacao,11011,Alimentação no domicílio,1101105,Legumes e verduras,11011054,Outros,67087,PIMENTA JAPONESA,02212,,,,
67088,V8000_DEFLA,1,Despesas Correntes,11,Despesas de Consumo,1101,Alimentacao,11011,Alimentação no domicílio,1101105,Legumes e verduras,11011054,Outros,67088,PIMENTA CAMBUCI,02212,,,,
67089,V8000_DEFLA,1,Despesas Correntes,11,Despesas de Consumo,1101,Alimentacao,11011,Alimentação no domicílio,1101105,Legumes e verduras,11011054,Outros,67089,COLONIA (CAPIM),02212,,,,
67090,V8000_DEFLA,1,Despesas Correntes,11,Despesas de Consumo,1101,Alimentacao,11011,Alimentação no domicílio,1101105,Legumes e verduras,11011054,Outros,67090,SALSA ORGANICA,02212,,,,
67091,V8000_DEFLA,1,Despesas Correntes,11,Despesas de Consumo,1101,Alimentacao,11011,Alimentação no domicílio,1101105,Legumes e verduras,11011054,Outros,67091,ALMEIRAO ORGANICO,02212,,,,
67092,V8000_DEFLA,1,Despesas Correntes,11,Despesas de Consumo,1101,Alimentacao,11011,Alimentação no domicílio,1101114,Sal e condimentos,11011144,Outros,67092,ALFAVACA (MOLHO),13210,,,,
67093,V8000_DEFLA,1,Despesas Correntes,11,Despesas de Consumo,1101,Alimentacao,11011,Alimentação no domicílio,1101105,Legumes e verduras,11011054,Outros,67093,FOLHA DE CENOURA,02212,,,,
67094,V8000_DEFLA,1,Despesas Correntes,11,Despesas de Consumo,1101,Alimentacao,11011,Alimentação no domicílio,1101114,Sal e condimentos,11011144,Outros,67094,MANGERICAO e sinonimos,13210,,,,
67095,V8000_DEFLA,1,Despesas Correntes,11,Despesas de Consumo,1101,Alimentacao,11011,Alimentação no domicílio,1101114,Sal e condimentos,11011144,Outros,67095,MANJERONA,13210,,,,
67096,V8000_DEFLA,1,Despesas Correntes,11,Despesas de Consumo,1101,Alimentacao,11011,Alimentação no domicílio,1101105,Legumes e verduras,11011054,Outros,67096,CAPIM SANTO e sinonimos,02212,,,,
67097,V8000_DEFLA,1,Despesas Correntes,11,Despesas de Consumo,1101,Alimentacao,11011,Alimentação no domicílio,1101114,Sal e condimentos,11011144,Outros,67097,OREGANO (MOLHO),13210,,,,
67098,V8000_DEFLA,1,Despesas Correntes,11,Despesas de Consumo,1101,Alimentacao,11011,Alimentação no domicílio,1101105,Legumes e verduras,11011054,Outros,67098,RUCULA ORGANICA,02107,,,,
67099,V8000_DEFLA,1,Despesas Correntes,11,Despesas de Consumo,1101,Alimentacao,11011,Alimentação no domicílio,1101105,Legumes e verduras,11011054,Outros,67099,ASPARGO (IN NATURA),02309,,,,
67100,V8000_DEFLA,1,Despesas Correntes,11,Despesas de Consumo,1101,Alimentacao,11011,Alimentação no domicílio,1101105,Legumes e verduras,11011054,Outros,67100,FOLHA DE CEBOLA,02107,,,,
67101,V8000_DEFLA,1,Despesas Correntes,11,Despesas de Consumo,1101,Alimentacao,11011,Alimentação no domicílio,1101105,Legumes e verduras,11011054,Outros,67101,MASTRUZ e sinonimos,02107,,,,
67102,V8000_DEFLA,1,Despesas Correntes,11,Despesas de Consumo,1101,Alimentacao,11011,Alimentação no domicílio,1101105,Legumes e verduras,11011054,Outros,67102,COUVE DE BRUXELAS,02309,,,,
67103,V8000_DEFLA,1,Despesas Correntes,11,Despesas de Consumo,1101,Alimentacao,11011,Alimentação no domicílio,1101105,Legumes e verduras,11011054,Outros,67103,AGRIAO ORGANICO,02101,,,,
67104,V8000_DEFLA,1,Despesas Correntes,11,Despesas de Consumo,1101,Alimentacao,11011,Alimentação no domicílio,1101105,Legumes e verduras,11011054,Outros,67104,REPOLHO ORGANICO,02106,,,,
67105,V8000_DEFLA,1,Despesas Correntes,11,Despesas de Consumo,1101,Alimentacao,11011,Alimentação no domicílio,1101105,Legumes e verduras,11011054,Outros,67105,JILO ORGANICO,02206,,,,
67106,V8000_DEFLA,1,Despesas Correntes,11,Despesas de Consumo,1101,Alimentacao,11011,Alimentação no domicílio,1101105,Legumes e verduras,11011054,Outros,67106,PEPINO ORGANICO,02207,,,,
67107,V8000_DEFLA,1,Despesas Correntes,11,Despesas de Consumo,1101,Alimentacao,11011,Alimentação no domicílio,1101105,Legumes e verduras,11011054,Outros,67107,ORA PRO NOBIS,02107,,,,
67108,V8000_DEFLA,1,Despesas Correntes,11,Despesas de Consumo,1101,Alimentacao,11011,Alimentação no domicílio,1101105,Legumes e verduras,11011054,Outros,67108,CAMOMILA (EM FOLHA),02107,,,,
67109,V8000_DEFLA,1,Despesas Correntes,11,Despesas de Consumo,1101,Alimentacao,11011,Alimentação no domicílio,1101105,Legumes e verduras,11011054,Outros,67109,CARQUEJA (EM FOLHA),02107,,,,
67110,V8000_DEFLA,1,Despesas Correntes,11,Despesas de Consumo,1101,Alimentacao,11011,Alimentação no domicílio,1101105,Legumes e verduras,11011054,Outros,67110,ABOBRINHA ORGANICA,02202,,,,
67111,V8000_DEFLA,1,Despesas Correntes,11,Despesas de Consumo,1101,Alimentacao,11011,Alimentação no domicílio,1101105,Legumes e verduras,11011054,Outros,67111,ACELGA ORGANICA,02107,,,,
67112,V8000_DEFLA,1,Despesas Correntes,11,Despesas de Consumo,1101,Alimentacao,11011,Alimentação no domicílio,1101105,Legumes e verduras,11011054,Outros,67112,ALCACHOFRA ORGANICA,02309,,,,
67113,V8000_DEFLA,1,Despesas Correntes,11,Despesas de Consumo,1101,Alimentacao,11011,Alimentação no domicílio,1101105,Legumes e verduras,11011054,Outros,67113,BERINJELA ORGANICA,02203,,,,
67114,V8000_DEFLA,1,Despesas Correntes,11,Despesas de Consumo,1101,Alimentacao,11011,Alimentação no domicílio,1101105,Legumes e verduras,11011054,Outros,67114,CEBOLINHA ORGANICA,02103,,,,
67115,V8000_DEFLA,1,Despesas Correntes,11,Despesas de Consumo,1101,Alimentacao,11011,Alimentação no domicílio,1101105,Legumes e verduras,11011054,Outros,67115,HORTELA ORGANICA EM FOLHA,02107,,,,
67116,V8000_DEFLA,1,Despesas Correntes,11,Despesas de Consumo,1101,Alimentacao,11011,Alimentação no domicílio,1101105,Legumes e verduras,11011054,Outros,67116,ESCAROLA ORGANICA,02107,,,,
67117,V8000_DEFLA,1,Despesas Correntes,11,Despesas de Consumo,1101,Alimentacao,11011,Alimentação no domicílio,1101105,Legumes e verduras,11011054,Outros,67117,SALSINHA ORGANICA,02103,,,,
67118,V8000_DEFLA,1,Despesas Correntes,11,Despesas de Consumo,1101,Alimentacao,11011,Alimentação no domicílio,1101105,Legumes e verduras,11011054,Outros,67118,CHUCHU ORGANICO,02205,,,,
67119,V8000_DEFLA,1,Despesas Correntes,11,Despesas de Consumo,1101,Alimentacao,11011,Alimentação no domicílio,1101105,Legumes e verduras,11011054,Outros,67119,COENTRO ORGANICO,02107,,,,
67120,V8000_DEFLA,1,Despesas Correntes,11,Despesas de Consumo,1101,Alimentacao,11011,Alimentação no domicílio,1101105,Legumes e verduras,11011054,Outros,67120,QUIABO ORGANICO,02209,,,,
67121,V8000_DEFLA,1,Despesas Correntes,11,Despesas de Consumo,1101,Alimentacao,11011,Alimentação no domicílio,1101105,Legumes e verduras,11011054,Outros,67121,REPOLHO ROXO ORGANICO,02106,,,,
67122,V8000_DEFLA,1,Despesas Correntes,11,Despesas de Consumo,1101,Alimentacao,11011,Alimentação no domicílio,1101105,Legumes e verduras,11011054,Outros,67122,COGUMELO SHITAKE ORGANICO,02309,,,,
67123,V8000_DEFLA,1,Despesas Correntes,11,Despesas de Consumo,1101,Alimentacao,11011,Alimentação no domicílio,1101105,Legumes e verduras,11011054,Outros,67123,BELDROEGA,02107,,,,
67124,V8000_DEFLA,1,Despesas Correntes,11,Despesas de Consumo,1101,Alimentacao,11011,Alimentação no domicílio,1101105,Legumes e verduras,11011054,Outros,67124,BROTO DE TREVO,02107,,,,
67125,V8000_DEFLA,1,Despesas Correntes,11,Despesas de Consumo,1101,Alimentacao,11011,Alimentação no domicílio,1101105,Legumes e verduras,11011054,Outros,67125,MELISSA,02107,,,,
67126,V8000_DEFLA,1,Despesas Correntes,11,Despesas de Consumo,1101,Alimentacao,11011,Alimentação no domicílio,1101105,Legumes e verduras,11011054,Outros,67126,PIMENTA BIQUINHO,02212,,,,
67127,V8000_DEFLA,1,Despesas Correntes,11,Despesas de Consumo,1101,Alimentacao,11011,Alimentação no domicílio,1101105,Legumes e verduras,11011054,Outros,67127,PIMENTA AMERICANA,02212,,,,
67128,V8000_DEFLA,1,Despesas Correntes,11,Despesas de Consumo,1101,Alimentacao,11011,Alimentação no domicílio,1101105,Legumes e verduras,11011054,Outros,67128,ABOBORA NAO ESPECIFICADA,02201,,,,
67129,V8000_DEFLA,1,Despesas Correntes,11,Despesas de Consumo,1101,Alimentacao,11011,Alimentação no domicílio,1101105,Legumes e verduras,11011054,Outros,67129,HIBISCO,02107,,,,
67130,V8000_DEFLA,1,Despesas Correntes,11,Despesas de Consumo,1101,Alimentacao,11011,Alimentação no domicílio,1101105,Legumes e verduras,11011052,Cebola,67130,CEBOLA ORGANICA,02204,,,,
67131,V8000_DEFLA,1,Despesas Correntes,11,Despesas de Consumo,1101,Alimentacao,11011,Alimentação no domicílio,1101105,Legumes e verduras,11011054,Outros,67131,CAPICOVA,02107,,,,
67133,V8000_DEFLA,1,Despesas Correntes,11,Despesas de Consumo,1101,Alimentacao,11011,Alimentação no domicílio,1101105,Legumes e verduras,11011054,Outros,67133,FOLHA DE PITANGUEIRA,02107,,,,
67134,V8000_DEFLA,1,Despesas Correntes,11,Despesas de Consumo,1101,Alimentacao,11011,Alimentação no domicílio,1101105,Legumes e verduras,11011054,Outros,67134,FOLHAS DE GUACO,02107,,,,
67135,V8000_DEFLA,1,Despesas Correntes,11,Despesas de Consumo,1101,Alimentacao,11011,Alimentação no domicílio,1101105,Legumes e verduras,11011054,Outros,67135,FOLHAS DE QUIOIO,02107,,,,
67136,V8000_DEFLA,1,Despesas Correntes,11,Despesas de Consumo,1101,Alimentacao,11011,Alimentação no domicílio,1101105,Legumes e verduras,11011054,Outros,67136,ERVA LUIZA,02107,,,,
67137,V8000_DEFLA,1,Despesas Correntes,11,Despesas de Consumo,1101,Alimentacao,11011,Alimentação no domicílio,1101105,Legumes e verduras,11011054,Outros,67137,BALSAMO,02107,,,,
67138,V8000_DEFLA,1,Despesas Correntes,11,Despesas de Consumo,1101,Alimentacao,11011,Alimentação no domicílio,1101105,Legumes e verduras,11011054,Outros,67138,ESTRELA DE ANIS,02107,,,,
67139,V8000_DEFLA,1,Despesas Correntes,11,Despesas de Consumo,1101,Alimentacao,11011,Alimentação no domicílio,1101105,Legumes e verduras,11011054,Outros,67139,EUCALIPTO,02107,,,,
67140,V8000_DEFLA,1,Despesas Correntes,11,Despesas de Consumo,1101,Alimentacao,11011,Alimentação no domicílio,1101105,Legumes e verduras,11011054,Outros,67140,NIGAGORI,02107,,,,
67141,V8000_DEFLA,1,Despesas Correntes,11,Despesas de Consumo,1101,Alimentacao,11011,Alimentação no domicílio,1101105,Legumes e verduras,11011054,Outros,67141,HORTALICA NAO ESPECIFICADA,02107,,,,
67142,V8000_DEFLA,1,Despesas Correntes,11,Despesas de Consumo,1101,Alimentacao,11011,Alimentação no domicílio,1101105,Legumes e verduras,11011054,Outros,67142,HORTALICA NAO ESPECIFICADA ORGANICA,02107,,,,
67143,V8000_DEFLA,1,Despesas Correntes,11,Despesas de Consumo,1101,Alimentacao,11011,Alimentação no domicílio,1101105,Legumes e verduras,11011054,Outros,67143,TREVO DE QUATRO FOLHAS,02107,,,,
67144,V8000_DEFLA,1,Despesas Correntes,11,Despesas de Consumo,1101,Alimentacao,11011,Alimentação no domicílio,1101105,Legumes e verduras,11011054,Outros,67144,ALGA (FOLHA),02107,,,,
67145,V8000_DEFLA,1,Despesas Correntes,11,Despesas de Consumo,1101,Alimentacao,11011,Alimentação no domicílio,1101105,Legumes e verduras,11011054,Outros,67145,BROTO DE BROCOLIS,02107,,,,
67146,V8000_DEFLA,1,Despesas Correntes,11,Despesas de Consumo,1101,Alimentacao,11011,Alimentação no domicílio,1101105,Legumes e verduras,11011054,Outros,67146,CASCARA SAGRADA,02107,,,,
67147,V8000_DEFLA,1,Despesas Correntes,11,Despesas de Consumo,1101,Alimentacao,11011,Alimentação no domicílio,1101105,Legumes e verduras,11011054,Outros,67147,FLOR COMESTIVEL,02107,,,,
68001,V8000_DEFLA,1,Despesas Correntes,11,Despesas de Consumo,1101,Alimentacao,11011,Alimentação no domicílio,1101106,Frutas,11011061,Banana,68001,BANANA DE AGUA e sinonimos,03103,,,,
68002,V8000_DEFLA,1,Despesas Correntes,11,Despesas de Consumo,1101,Alimentacao,11011,Alimentação no domicílio,1101106,Frutas,11011061,Banana,68002,BANANA PRATA e sinonimos,03105,,,,
68003,V8000_DEFLA,1,Despesas Correntes,11,Despesas de Consumo,1101,Alimentacao,11011,Alimentação no domicílio,1101106,Frutas,11011061,Banana,68003,BANANA OURO e sinonimos,03106,,,,
68004,V8000_DEFLA,1,Despesas Correntes,11,Despesas de Consumo,1101,Alimentacao,11011,Alimentação no domicílio,1101106,Frutas,11011061,Banana,68004,BANANA MACA e sinonimos,03104,,,,
68005,V8000_DEFLA,1,Despesas Correntes,11,Despesas de Consumo,1101,Alimentacao,11011,Alimentação no domicílio,1101106,Frutas,11011061,Banana,68005,BANANA FIGO e sinonimos,03106,,,,
68006,V8000_DEFLA,1,Despesas Correntes,11,Despesas de Consumo,1101,Alimentacao,11011,Alimentação no domicílio,1101106,Frutas,11011061,Banana,68006,BANANA MARMELO e sinonimos,03106,,,,
68007,V8000_DEFLA,1,Despesas Correntes,11,Despesas de Consumo,1101,Alimentacao,11011,Alimentação no domicílio,1101106,Frutas,11011061,Banana,68007,BANANA ROXA e sinonimos,03106,,,,
68008,V8000_DEFLA,1,Despesas Correntes,11,Despesas de Consumo,1101,Alimentacao,11011,Alimentação no domicílio,1101106,Frutas,11011061,Banana,68008,BANANA SAO DOMINGOS e sinonimos,03106,,,,
68009,V8000_DEFLA,1,Despesas Correntes,11,Despesas de Consumo,1101,Alimentacao,11011,Alimentação no domicílio,1101106,Frutas,11011061,Banana,68009,BANANA SAO TOME e sinonimos,03106,,,,
68010,V8000_DEFLA,1,Despesas Correntes,11,Despesas de Consumo,1101,Alimentacao,11011,Alimentação no domicílio,1101106,Frutas,11011061,Banana,68010,BANANA DA TERRA e sinonimos,03106,,,,
68011,V8000_DEFLA,1,Despesas Correntes,11,Despesas de Consumo,1101,Alimentacao,11011,Alimentação no domicílio,1101106,Frutas,11011061,Banana,68011,BANANA (NAO-ESPECIFICADA) e sinonimos,03106,,,,
68012,V8000_DEFLA,1,Despesas Correntes,11,Despesas de Consumo,1101,Alimentacao,11011,Alimentação no domicílio,1101106,Frutas,11011062,Laranja,68012,LARANJA LIMA e sinonimos,03108,,,,
68013,V8000_DEFLA,1,Despesas Correntes,11,Despesas de Consumo,1101,Alimentacao,11011,Alimentação no domicílio,1101106,Frutas,11011062,Laranja,68013,LARANJA SELETA e sinonimos,03110,,,,
68014,V8000_DEFLA,1,Despesas Correntes,11,Despesas de Consumo,1101,Alimentacao,11011,Alimentação no domicílio,1101106,Frutas,11011062,Laranja,68014,LARANJA PERA e sinonimos,03109,,,,
68015,V8000_DEFLA,1,Despesas Correntes,11,Despesas de Consumo,1101,Alimentacao,11011,Alimentação no domicílio,1101106,Frutas,11011062,Laranja,68015,LARANJA BAHIA e sinonimos,03107,,,,
68016,V8000_DEFLA,1,Despesas Correntes,11,Despesas de Consumo,1101,Alimentacao,11011,Alimentação no domicílio,1101106,Frutas,11011064,Outras frutas,68016,MACADAMIA,03118,,,,
68017,V8000_DEFLA,1,Despesas Correntes,11,Despesas de Consumo,1101,Alimentacao,11011,Alimentação no domicílio,1101106,Frutas,11011062,Laranja,68017,LARANJA DA TERRA e sinonimos,03118,,,,
68018,V8000_DEFLA,1,Despesas Correntes,11,Despesas de Consumo,1101,Alimentacao,11011,Alimentação no domicílio,1101106,Frutas,11011062,Laranja,68018,LARANJA (NAO-ESPECIFICADA) e sinonimos,03118,,,,
68019,V8000_DEFLA,1,Despesas Correntes,11,Despesas de Consumo,1101,Alimentacao,11011,Alimentação no domicílio,1101106,Frutas,11011064,Outras frutas,68019,LIMA e sinonimos,03118,,,,
68020,V8000_DEFLA,1,Despesas Correntes,11,Despesas de Consumo,1101,Alimentacao,11011,Alimentação no domicílio,1101106,Frutas,11011064,Outras frutas,68020,LIMAO COMUM e sinonimos,03111,,,,
68021,V8000_DEFLA,1,Despesas Correntes,11,Despesas de Consumo,1101,Alimentacao,11011,Alimentação no domicílio,1101106,Frutas,11011064,Outras frutas,68021,LIMAO GALEGO e sinonimos,03111,,,,
68022,V8000_DEFLA,1,Despesas Correntes,11,Despesas de Consumo,1101,Alimentacao,11011,Alimentação no domicílio,1101106,Frutas,11011064,Outras frutas,68022,TANGERINA e sinonimos,03117,,,,
68023,V8000_DEFLA,1,Despesas Correntes,11,Despesas de Consumo,1101,Alimentacao,11011,Alimentação no domicílio,1101106,Frutas,11011064,Outras frutas,68023,CIDRA e sinonimos,03118,,,,
68024,V8000_DEFLA,1,Despesas Correntes,11,Despesas de Consumo,1101,Alimentacao,11011,Alimentação no domicílio,1101106,Frutas,11011064,Outras frutas,68024,KINKAN e sinonimos,03118,,,,
68025,V8000_DEFLA,1,Despesas Correntes,11,Despesas de Consumo,1101,Alimentacao,11011,Alimentação no domicílio,1101106,Frutas,11011064,Outras frutas,68025,CANA DE ACUCAR,03118,,,,
68026,V8000_DEFLA,1,Despesas Correntes,11,Despesas de Consumo,1101,Alimentacao,11011,Alimentação no domicílio,1101106,Frutas,11011064,Outras frutas,68026,ABACAXI e sinonimos,03102,,,,
68027,V8000_DEFLA,1,Despesas Correntes,11,Despesas de Consumo,1101,Alimentacao,11011,Alimentação no domicílio,1101106,Frutas,11011064,Outras frutas,68027,ABACATE,03101,,,,
68028,V8000_DEFLA,1,Despesas Correntes,11,Despesas de Consumo,1101,Alimentacao,11011,Alimentação no domicílio,1101106,Frutas,11011064,Outras frutas,68028,CAQUI e sinonimos,03118,,,,
68029,V8000_DEFLA,1,Despesas Correntes,11,Despesas de Consumo,1101,Alimentacao,11011,Alimentação no domicílio,1101106,Frutas,11011064,Outras frutas,68029,FIGO e sinonimos,03118,,,,
68030,V8000_DEFLA,1,Despesas Correntes,11,Despesas de Consumo,1101,Alimentacao,11011,Alimentação no domicílio,1101106,Frutas,11011063,Maçã,68030,MACA e sinonimos,03118,,,,
68031,V8000_DEFLA,1,Despesas Correntes,11,Despesas de Consumo,1101,Alimentacao,11011,Alimentação no domicílio,1101106,Frutas,11011064,Outras frutas,68031,MAMAO e sinonimos,03112,,,,
68032,V8000_DEFLA,1,Despesas Correntes,11,Despesas de Consumo,1101,Alimentacao,11011,Alimentação no domicílio,1101106,Frutas,11011064,Outras frutas,68032,MANGA e sinonimos,03113,,,,
68033,V8000_DEFLA,1,Despesas Correntes,11,Despesas de Consumo,1101,Alimentacao,11011,Alimentação no domicílio,1101106,Frutas,11011064,Outras frutas,68033,MARACUJA e sinonimos,03114,,,,
68034,V8000_DEFLA,1,Despesas Correntes,11,Despesas de Consumo,1101,Alimentacao,11011,Alimentação no domicílio,1101106,Frutas,11011064,Outras frutas,68034,MELANCIA,03115,,,,
68035,V8000_DEFLA,1,Despesas Correntes,11,Despesas de Consumo,1101,Alimentacao,11011,Alimentação no domicílio,1101106,Frutas,11011064,Outras frutas,68035,MELAO e sinonimos,03116,,,,
68036,V8000_DEFLA,1,Despesas Correntes,11,Despesas de Consumo,1101,Alimentacao,11011,Alimentação no domicílio,1101106,Frutas,11011064,Outras frutas,68036,PERA e sinonimos,03203,,,,
68037,V8000_DEFLA,1,Despesas Correntes,11,Despesas de Consumo,1101,Alimentacao,11011,Alimentação no domicílio,1101106,Frutas,11011064,Outras frutas,68037,PESSEGO,03205,,,,
68038,V8000_DEFLA,1,Despesas Correntes,11,Despesas de Consumo,1101,Alimentacao,11011,Alimentação no domicílio,1101106,Frutas,11011064,Outras frutas,68038,FRUTA DE CONDE e sinonimos,03205,,,,
68039,V8000_DEFLA,1,Despesas Correntes,11,Despesas de Consumo,1101,Alimentacao,11011,Alimentação no domicílio,1101106,Frutas,11011064,Outras frutas,68039,UVA e sinonimos,03204,,,,
68040,V8000_DEFLA,1,Despesas Correntes,11,Despesas de Consumo,1101,Alimentacao,11011,Alimentação no domicílio,1101106,Frutas,11011064,Outras frutas,68040,JENIPAPO e sinonimos,03118,,,,
68041,V8000_DEFLA,1,Despesas Correntes,11,Despesas de Consumo,1101,Alimentacao,11011,Alimentação no domicílio,1101106,Frutas,11011064,Outras frutas,68041,JACA e sinonimos,03118,,,,
68042,V8000_DEFLA,1,Despesas Correntes,11,Despesas de Consumo,1101,Alimentacao,11011,Alimentação no domicílio,1101106,Frutas,11011064,Outras frutas,68042,GOIABA e sinonimos,03118,,,,
68043,V8000_DEFLA,1,Despesas Correntes,11,Despesas de Consumo,1101,Alimentacao,11011,Alimentação no domicílio,1101106,Frutas,11011064,Outras frutas,68043,AMEIXA e sinonimos,03205,,,,
68044,V8000_DEFLA,1,Despesas Correntes,11,Despesas de Consumo,1101,Alimentacao,11011,Alimentação no domicílio,1101106,Frutas,11011064,Outras frutas,68044,CAJU,03118,,,,
68045,V8000_DEFLA,1,Despesas Correntes,11,Despesas de Consumo,1101,Alimentacao,11011,Alimentação no domicílio,1101106,Frutas,11011064,Outras frutas,68045,CEREJA e sinonimos,03205,,,,
68046,V8000_DEFLA,1,Despesas Correntes,11,Despesas de Consumo,1101,Alimentacao,11011,Alimentação no domicílio,1101106,Frutas,11011064,Outras frutas,68046,CAJA MANGA e sinonimos,03118,,,,
68047,V8000_DEFLA,1,Despesas Correntes,11,Despesas de Consumo,1101,Alimentacao,11011,Alimentação no domicílio,1101106,Frutas,11011064,Outras frutas,68047,TAPEREBA e sinonimos,03118,,,,
68048,V8000_DEFLA,1,Despesas Correntes,11,Despesas de Consumo,1101,Alimentacao,11011,Alimentação no domicílio,1101106,Frutas,11011064,Outras frutas,68048,CARAMBOLA,03118,,,,
68049,V8000_DEFLA,1,Despesas Correntes,11,Despesas de Consumo,1101,Alimentacao,11011,Alimentação no domicílio,1101106,Frutas,11011064,Outras frutas,68049,JABOTICABA e sinonimos,03118,,,,
68050,V8000_DEFLA,1,Despesas Correntes,11,Despesas de Consumo,1101,Alimentacao,11011,Alimentação no domicílio,1101106,Frutas,11011064,Outras frutas,68050,GRAVIOLA,03118,,,,
68051,V8000_DEFLA,1,Despesas Correntes,11,Despesas de Consumo,1101,Alimentacao,11011,Alimentação no domicílio,1101106,Frutas,11011064,Outras frutas,68051,ARATICUM e sinonimos,03118,,,,
68052,V8000_DEFLA,1,Despesas Correntes,11,Despesas de Consumo,1101,Alimentacao,11011,Alimentação no domicílio,1101106,Frutas,11011064,Outras frutas,68052,MORANGO e sinonimos,03205,,,,
68053,V8000_DEFLA,1,Despesas Correntes,11,Despesas de Consumo,1101,Alimentacao,11011,Alimentação no domicílio,1101106,Frutas,11011064,Outras frutas,68053,JAMBO e sinonimos,03118,,,,
68054,V8000_DEFLA,1,Despesas Correntes,11,Despesas de Consumo,1101,Alimentacao,11011,Alimentação no domicílio,1101106,Frutas,11011064,Outras frutas,68054,ATEMOIA,03118,,,,
68055,V8000_DEFLA,1,Despesas Correntes,11,Despesas de Consumo,1101,Alimentacao,11011,Alimentação no domicílio,1101106,Frutas,11011064,Outras frutas,68055,GROSELHA EM FRUTO e sinonimos,03205,,,,
68056,V8000_DEFLA,1,Despesas Correntes,11,Despesas de Consumo,1101,Alimentacao,11011,Alimentação no domicílio,1101106,Frutas,11011064,Outras frutas,68056,MANGABA e sinonimos,03118,,,,
68057,V8000_DEFLA,1,Despesas Correntes,11,Despesas de Consumo,1101,Alimentacao,11011,Alimentação no domicílio,1101106,Frutas,11011064,Outras frutas,68057,ARACA e sinonimos,03118,,,,
68058,V8000_DEFLA,1,Despesas Correntes,11,Despesas de Consumo,1101,Alimentacao,11011,Alimentação no domicílio,1101106,Frutas,11011064,Outras frutas,68058,NESPERA e sinonimos,03205,,,,
68059,V8000_DEFLA,1,Despesas Correntes,11,Despesas de Consumo,1101,Alimentacao,11011,Alimentação no domicílio,1101106,Frutas,11011064,Outras frutas,68059,FRUTA PAO,03118,,,,
68060,V8000_DEFLA,1,Despesas Correntes,11,Despesas de Consumo,1101,Alimentacao,11011,Alimentação no domicílio,1101106,Frutas,11011064,Outras frutas,68060,SAPOTI e sinonimos,03118,,,,
68061,V8000_DEFLA,1,Despesas Correntes,11,Despesas de Consumo,1101,Alimentacao,11011,Alimentação no domicílio,1101106,Frutas,11011064,Outras frutas,68061,UXI,03118,,,,
68062,V8000_DEFLA,1,Despesas Correntes,11,Despesas de Consumo,1101,Alimentacao,11011,Alimentação no domicílio,1101106,Frutas,11011064,Outras frutas,68062,TAMARINDO e sinonimos,03205,,,,
68063,V8000_DEFLA,1,Despesas Correntes,11,Despesas de Consumo,1101,Alimentacao,11011,Alimentação no domicílio,1101106,Frutas,11011064,Outras frutas,68063,CACAU,03118,,,,
68064,V8000_DEFLA,1,Despesas Correntes,11,Despesas de Consumo,1101,Alimentacao,11011,Alimentação no domicílio,1101106,Frutas,11011064,Outras frutas,68064,PITOMBA e sinonimos,03118,,,,
68065,V8000_DEFLA,1,Despesas Correntes,11,Despesas de Consumo,1101,Alimentacao,11011,Alimentação no domicílio,1101106,Frutas,11011064,Outras frutas,68065,BACURI e sinonimos,03118,,,,
68066,V8000_DEFLA,1,Despesas Correntes,11,Despesas de Consumo,1101,Alimentacao,11011,Alimentação no domicílio,1101106,Frutas,11011064,Outras frutas,68066,INGA e sinonimos,03118,,,,
68067,V8000_DEFLA,1,Despesas Correntes,11,Despesas de Consumo,1101,Alimentacao,11011,Alimentação no domicílio,1101106,Frutas,11011064,Outras frutas,68067,PEQUI e sinonimos,03118,,,,
68068,V8000_DEFLA,1,Despesas Correntes,11,Despesas de Consumo,1101,Alimentacao,11011,Alimentação no domicílio,1101106,Frutas,11011064,Outras frutas,68068,PITANGA e sinonimos,03118,,,,
68069,V8000_DEFLA,1,Despesas Correntes,11,Despesas de Consumo,1101,Alimentacao,11011,Alimentação no domicílio,1101106,Frutas,11011064,Outras frutas,68069,CIRIGUELA,03118,,,,
68070,V8000_DEFLA,1,Despesas Correntes,11,Despesas de Consumo,1101,Alimentacao,11011,Alimentação no domicílio,1101106,Frutas,11011064,Outras frutas,68070,MURICI e sinonimos,03118,,,,
68071,V8000_DEFLA,1,Despesas Correntes,11,Despesas de Consumo,1101,Alimentacao,11011,Alimentação no domicílio,1101106,Frutas,11011064,Outras frutas,68071,UMBU e sinonimos,03118,,,,
68072,V8000_DEFLA,1,Despesas Correntes,11,Despesas de Consumo,1101,Alimentacao,11011,Alimentação no domicílio,1101106,Frutas,11011064,Outras frutas,68072,BERIBA e sinonimos,03118,,,,
68073,V8000_DEFLA,1,Despesas Correntes,11,Despesas de Consumo,1101,Alimentacao,11011,Alimentação no domicílio,1101106,Frutas,11011064,Outras frutas,68073,CUPUACU,03118,,,,
68074,V8000_DEFLA,1,Despesas Correntes,11,Despesas de Consumo,1101,Alimentacao,11011,Alimentação no domicílio,1101106,Frutas,11011064,Outras frutas,68074,NECTARINA,03205,,,,
68075,V8000_DEFLA,1,Despesas Correntes,11,Despesas de Consumo,1101,Alimentacao,11011,Alimentação no domicílio,1101106,Frutas,11011064,Outras frutas,68075,MARI e sinonimos,03205,,,,
68076,V8000_DEFLA,1,Despesas Correntes,11,Despesas de Consumo,1101,Alimentacao,11011,Alimentação no domicílio,1101106,Frutas,11011064,Outras frutas,68076,ROMA,03205,,,,
68077,V8000_DEFLA,1,Despesas Correntes,11,Despesas de Consumo,1101,Alimentacao,11011,Alimentação no domicílio,1101106,Frutas,11011064,Outras frutas,68077,ACEROLA,03118,,,,
68078,V8000_DEFLA,1,Despesas Correntes,11,Despesas de Consumo,1101,Alimentacao,11011,Alimentação no domicílio,1101106,Frutas,11011064,Outras frutas,68078,KIWI,03205,,,,
68079,V8000_DEFLA,1,Despesas Correntes,11,Despesas de Consumo,1101,Alimentacao,11011,Alimentação no domicílio,1101106,Frutas,11011064,Outras frutas,68079,MANGOSTIM e sinonimos,03118,,,,
68080,V8000_DEFLA,1,Despesas Correntes,11,Despesas de Consumo,1101,Alimentacao,11011,Alimentação no domicílio,1101106,Frutas,11011064,Outras frutas,68080,ABIU,03205,,,,
68081,V8000_DEFLA,1,Despesas Correntes,11,Despesas de Consumo,1101,Alimentacao,11011,Alimentação no domicílio,1101106,Frutas,11011064,Outras frutas,68081,ABRICO,03205,,,,
68082,V8000_DEFLA,1,Despesas Correntes,11,Despesas de Consumo,1101,Alimentacao,11011,Alimentação no domicílio,1101106,Frutas,11011064,Outras frutas,68082,JURUBEBA,03205,,,,
68083,V8000_DEFLA,1,Despesas Correntes,11,Despesas de Consumo,1101,Alimentacao,11011,Alimentação no domicílio,1101106,Frutas,11011064,Outras frutas,68083,GRUMIXAMA DA INDIA e sinonimos,03118,,,,
68084,V8000_DEFLA,1,Despesas Correntes,11,Despesas de Consumo,1101,Alimentacao,11011,Alimentação no domicílio,1101106,Frutas,11011064,Outras frutas,68084,FRUTA (NAO-ESPECIFICADA) e sinonimos,03205,,,,
68085,V8000_DEFLA,1,Despesas Correntes,11,Despesas de Consumo,1101,Alimentacao,11011,Alimentação no domicílio,1101106,Frutas,11011064,Outras frutas,68085,UVA ORGANICA e sinonimos,03204,,,,
68086,V8000_DEFLA,1,Despesas Correntes,11,Despesas de Consumo,1101,Alimentacao,11011,Alimentação no domicílio,1101106,Frutas,11011063,Maçã,68086,MACA ORGANICA e sinonimos,03202,,,,
68087,V8000_DEFLA,1,Despesas Correntes,11,Despesas de Consumo,1101,Alimentacao,11011,Alimentação no domicílio,1101106,Frutas,11011064,Outras frutas,68087,PESSEGO ORGANICO,03205,,,,
68088,V8000_DEFLA,1,Despesas Correntes,11,Despesas de Consumo,1101,Alimentacao,11011,Alimentação no domicílio,1101106,Frutas,11011064,Outras frutas,68088,MORANGO ORGANICO e sinonimos,03205,,,,
68089,V8000_DEFLA,1,Despesas Correntes,11,Despesas de Consumo,1101,Alimentacao,11011,Alimentação no domicílio,1101106,Frutas,11011064,Outras frutas,68089,ACEROLA ORGANICA,03118,,,,
68090,V8000_DEFLA,1,Despesas Correntes,11,Despesas de Consumo,1101,Alimentacao,11011,Alimentação no domicílio,1101106,Frutas,11011064,Outras frutas,68090,UVA PASSA ORGANICA,03205,,,,
68091,V8000_DEFLA,1,Despesas Correntes,11,Despesas de Consumo,1101,Alimentacao,11011,Alimentação no domicílio,1101106,Frutas,11011061,Banana,68091,BANANA PRATA ORGANICA,03105,,,,
68092,V8000_DEFLA,1,Despesas Correntes,11,Despesas de Consumo,1101,Alimentacao,11011,Alimentação no domicílio,1101106,Frutas,11011064,Outras frutas,68092,CAJU ORGANICO,03118,,,,
68093,V8000_DEFLA,1,Despesas Correntes,11,Despesas de Consumo,1101,Alimentacao,11011,Alimentação no domicílio,1101106,Frutas,11011064,Outras frutas,68093,LIMAO NAO ESPECIFICADO,03111,,,,
68094,V8000_DEFLA,1,Despesas Correntes,11,Despesas de Consumo,1101,Alimentacao,11011,Alimentação no domicílio,1101106,Frutas,11011064,Outras frutas,68094,CAMBUI,03118,,,,
68095,V8000_DEFLA,1,Despesas Correntes,11,Despesas de Consumo,1101,Alimentacao,11011,Alimentação no domicílio,1101106,Frutas,11011062,Laranja,68095,LARANJA CHAMPAGNE e sinonimos,03118,,,,
68096,V8000_DEFLA,1,Despesas Correntes,11,Despesas de Consumo,1101,Alimentacao,11011,Alimentação no domicílio,1101106,Frutas,11011064,Outras frutas,68096,GOIABA ORGANICA,03118,,,,
68097,V8000_DEFLA,1,Despesas Correntes,11,Despesas de Consumo,1101,Alimentacao,11011,Alimentação no domicílio,1101106,Frutas,11011062,Laranja,68097,LARANJA CHINA e sinonimos,03118,,,,
68098,V8000_DEFLA,1,Despesas Correntes,11,Despesas de Consumo,1101,Alimentacao,11011,Alimentação no domicílio,1101106,Frutas,11011061,Banana,68098,BANANA NAO-ESPECIFICADA ORGANICA,03106,,,,
68099,V8000_DEFLA,1,Despesas Correntes,11,Despesas de Consumo,1101,Alimentacao,11011,Alimentação no domicílio,1101106,Frutas,11011064,Outras frutas,68099,AMORA e sinonimos,03118,,,,
68100,V8000_DEFLA,1,Despesas Correntes,11,Despesas de Consumo,1101,Alimentacao,11011,Alimentação no domicílio,1101106,Frutas,11011064,Outras frutas,68100,LICHIA,03118,,,,
68101,V8000_DEFLA,1,Despesas Correntes,11,Despesas de Consumo,1101,Alimentacao,11011,Alimentação no domicílio,1101106,Frutas,11011064,Outras frutas,68101,LIMAO COMUM ORGANICO,03111,,,,
68102,V8000_DEFLA,1,Despesas Correntes,11,Despesas de Consumo,1101,Alimentacao,11011,Alimentação no domicílio,1101106,Frutas,11011064,Outras frutas,68102,JAMELAO,03118,,,,
68103,V8000_DEFLA,1,Despesas Correntes,11,Despesas de Consumo,1101,Alimentacao,11011,Alimentação no domicílio,1101106,Frutas,11011064,Outras frutas,68103,ABACAXI ORGANICO,03102,,,,
68104,V8000_DEFLA,1,Despesas Correntes,11,Despesas de Consumo,1101,Alimentacao,11011,Alimentação no domicílio,1101106,Frutas,11011061,Banana,68104,BANANA ORGANICA,03103,,,,
68105,V8000_DEFLA,1,Despesas Correntes,11,Despesas de Consumo,1101,Alimentacao,11011,Alimentação no domicílio,1101106,Frutas,11011064,Outras frutas,68105,MANGA ORGANICA,03113,,,,
68106,V8000_DEFLA,1,Despesas Correntes,11,Despesas de Consumo,1101,Alimentacao,11011,Alimentação no domicílio,1101106,Frutas,11011064,Outras frutas,68106,LIMAO ORGANICO,03111,,,,
68107,V8000_DEFLA,1,Despesas Correntes,11,Despesas de Consumo,1101,Alimentacao,11011,Alimentação no domicílio,1101106,Frutas,11011064,Outras frutas,68107,MELAO ORGANICO,03116,,,,
68108,V8000_DEFLA,1,Despesas Correntes,11,Despesas de Consumo,1101,Alimentacao,11011,Alimentação no domicílio,1101106,Frutas,11011064,Outras frutas,68108,MARACUJA ORGANICO,03114,,,,
68109,V8000_DEFLA,1,Despesas Correntes,11,Despesas de Consumo,1101,Alimentacao,11011,Alimentação no domicílio,1101106,Frutas,11011064,Outras frutas,68109,PITAIA,03118,,,,
68110,V8000_DEFLA,1,Despesas Correntes,11,Despesas de Consumo,1101,Alimentacao,11011,Alimentação no domicílio,1101106,Frutas,11011064,Outras frutas,68110,GENIPAPO,03118,,,,
68111,V8000_DEFLA,1,Despesas Correntes,11,Despesas de Consumo,1101,Alimentacao,11011,Alimentação no domicílio,1101106,Frutas,11011064,Outras frutas,68111,LIMAO SICILIANO,03111,,,,
68112,V8000_DEFLA,1,Despesas Correntes,11,Despesas de Consumo,1101,Alimentacao,11011,Alimentação no domicílio,1101106,Frutas,11011064,Outras frutas,68112,CRANBERRY,03205,,,,
68113,V8000_DEFLA,1,Despesas Correntes,11,Despesas de Consumo,1101,Alimentacao,11011,Alimentação no domicílio,1101106,Frutas,11011064,Outras frutas,68113,"AJIRU, AJURU, GUAJURU, UAJURU",03118,,,,
68114,V8000_DEFLA,1,Despesas Correntes,11,Despesas de Consumo,1101,Alimentacao,11011,Alimentação no domicílio,1101106,Frutas,11011064,Outras frutas,68114,APURUI,03118,,,,
68115,V8000_DEFLA,1,Despesas Correntes,11,Despesas de Consumo,1101,Alimentacao,11011,Alimentação no domicílio,1101106,Frutas,11011064,Outras frutas,68115,GUAVIRA e sinonimos,03118,,,,
68116,V8000_DEFLA,1,Despesas Correntes,11,Despesas de Consumo,1101,Alimentacao,11011,Alimentação no domicílio,1101106,Frutas,11011064,Outras frutas,68116,MAMAO ORGANICO,03112,,,,
68117,V8000_DEFLA,1,Despesas Correntes,11,Despesas de Consumo,1101,Alimentacao,11011,Alimentação no domicílio,1101106,Frutas,11011064,Outras frutas,68117,PHYSALIS,03205,,,,
68118,V8000_DEFLA,1,Despesas Correntes,11,Despesas de Consumo,1101,Alimentacao,11011,Alimentação no domicílio,1101106,Frutas,11011064,Outras frutas,68118,GOJI BERRY,03205,,,,
68119,V8000_DEFLA,1,Despesas Correntes,11,Despesas de Consumo,1101,Alimentacao,11011,Alimentação no domicílio,1101106,Frutas,11011064,Outras frutas,68119,MIRTILO,03205,,,,
68120,V8000_DEFLA,1,Despesas Correntes,11,Despesas de Consumo,1101,Alimentacao,11011,Alimentação no domicílio,1101106,Frutas,11011064,Outras frutas,68120,FRAMBOESA,03205,,,,
68121,V8000_DEFLA,1,Despesas Correntes,11,Despesas de Consumo,1101,Alimentacao,11011,Alimentação no domicílio,1101106,Frutas,11011064,Outras frutas,68121,RAMBUTAN,03118,,,,
68122,V8000_DEFLA,1,Despesas Correntes,11,Despesas de Consumo,1101,Alimentacao,11011,Alimentação no domicílio,1101106,Frutas,11011064,Outras frutas,68122,FRUTAS VERMELHAS NAO ESPECIFICADAS,03205,,,,
69001,V8000_DEFLA,1,Despesas Correntes,11,Despesas de Consumo,1101,Alimentacao,11011,Alimentação no domicílio,1101104,Açúcares e derivados,11011041,Açúcar refinado,69001,ACUCAR REFINADO e sinonimos,12102,,,,
69002,V8000_DEFLA,1,Despesas Correntes,11,Despesas de Consumo,1101,Alimentacao,11011,Alimentação no domicílio,1101104,Açúcares e derivados,11011042,Açúcar cristal,69002,ACUCAR CRISTAL e sinonimos,12101,,,,
69003,V8000_DEFLA,1,Despesas Correntes,11,Despesas de Consumo,1101,Alimentacao,11011,Alimentação no domicílio,1101104,Açúcares e derivados,11011044,Outros,69003,ACUCAR DEMERARA e sinonimos,12102,,,,
69004,V8000_DEFLA,1,Despesas Correntes,11,Despesas de Consumo,1101,Alimentacao,11011,Alimentação no domicílio,1101104,Açúcares e derivados,11011044,Outros,69004,RAPADURA e sinonimos,12204,,,,
69005,V8000_DEFLA,1,Despesas Correntes,11,Despesas de Consumo,1101,Alimentacao,11011,Alimentação no domicílio,1101104,Açúcares e derivados,11011044,Outros,69005,SORVETE DE QUALQUER SABOR INDUSTRIALIZADO e sinonimos,12203,,,,
69006,V8000_DEFLA,1,Despesas Correntes,11,Despesas de Consumo,1101,Alimentacao,11011,Alimentação no domicílio,1101104,Açúcares e derivados,11011044,Outros,69006,CHICLETE e sinonimos,12204,,,,
69007,V8000_DEFLA,1,Despesas Correntes,11,Despesas de Consumo,1101,Alimentacao,11011,Alimentação no domicílio,1101104,Açúcares e derivados,11011044,Outros,69007,TABLETE DE CHOCOLATE e sinonimos,12204,,,,
69008,V8000_DEFLA,1,Despesas Correntes,11,Despesas de Consumo,1101,Alimentacao,11011,Alimentação no domicílio,1101104,Açúcares e derivados,11011044,Outros,69008,CHOCOLATE EM PO DE QUALQUER MARCA e sinonimos,11106,,,,
69009,V8000_DEFLA,1,Despesas Correntes,11,Despesas de Consumo,1101,Alimentacao,11011,Alimentação no domicílio,1101104,Açúcares e derivados,11011044,Outros,69009,BOMBOM DE QUALQUER MARCA e sinonimos,12204,,,,
69010,V8000_DEFLA,1,Despesas Correntes,11,Despesas de Consumo,1101,Alimentacao,11011,Alimentação no domicílio,1101104,Açúcares e derivados,11011044,Outros,69010,GELEIA DE FRUTAS DE QUALQUER MARCA OU SABOR e sinonimos,12201,,,,
69011,V8000_DEFLA,1,Despesas Correntes,11,Despesas de Consumo,1101,Alimentacao,11011,Alimentação no domicílio,1101104,Açúcares e derivados,11011044,Outros,69011,GELEIA DE MOCOTO e sinonimos,12204,,,,
69012,V8000_DEFLA,1,Despesas Correntes,11,Despesas de Consumo,1101,Alimentacao,11011,Alimentação no domicílio,1101104,Açúcares e derivados,11011044,Outros,69012,DOCE DE FRUTAS EM PASTA DE QUALQUER SABOR e sinonimos,12202,,,,
69013,V8000_DEFLA,1,Despesas Correntes,11,Despesas de Consumo,1101,Alimentacao,11011,Alimentação no domicílio,1101104,Açúcares e derivados,11011044,Outros,69013,DOCE DE FRUTAS EM CALDA DE QUALQUER SABOR e sinonimos,12202,,,,
69014,V8000_DEFLA,1,Despesas Correntes,11,Despesas de Consumo,1101,Alimentacao,11011,Alimentação no domicílio,1101104,Açúcares e derivados,11011044,Outros,69014,DOCE DE FRUTAS CRISTALIZADO DE QUALQUER SABOR e sinonimos,12202,,,,
69015,V8000_DEFLA,1,Despesas Correntes,11,Despesas de Consumo,1101,Alimentacao,11011,Alimentação no domicílio,1101104,Açúcares e derivados,11011044,Outros,69015,MELADO e sinonimos,12103,,,,
69016,V8000_DEFLA,1,Despesas Correntes,11,Despesas de Consumo,1101,Alimentacao,11011,Alimentação no domicílio,1101104,Açúcares e derivados,11011044,Outros,69016,MEL DE ABELHA e sinonimos,12302,,,,
69017,V8000_DEFLA,1,Despesas Correntes,11,Despesas de Consumo,1101,Alimentacao,11011,Alimentação no domicílio,1101104,Açúcares e derivados,11011044,Outros,69017,GELATINA e sinonimos,12204,,,,
69018,V8000_DEFLA,1,Despesas Correntes,11,Despesas de Consumo,1101,Alimentacao,11011,Alimentação no domicílio,1101104,Açúcares e derivados,11011044,Outros,69018,ADOCANTE ARTIFICIAL e sinonimos,12103,,,,
69019,V8000_DEFLA,1,Despesas Correntes,11,Despesas de Consumo,1101,Alimentacao,11011,Alimentação no domicílio,1101104,Açúcares e derivados,11011044,Outros,69019,GLICOSE DE MILHO e sinonimos,12103,,,,
69020,V8000_DEFLA,1,Despesas Correntes,11,Despesas de Consumo,1101,Alimentacao,11011,Alimentação no domicílio,1101104,Açúcares e derivados,11011044,Outros,69020,CREME DE ACUCAR e sinonimos,12204,,,,
69021,V8000_DEFLA,1,Despesas Correntes,11,Despesas de Consumo,1101,Alimentacao,11011,Alimentação no domicílio,1101104,Açúcares e derivados,11011044,Outros,69021,CORANTE DE CAFE e sinonimos,12302,,,,
69022,V8000_DEFLA,1,Despesas Correntes,11,Despesas de Consumo,1101,Alimentacao,11011,Alimentação no domicílio,1101104,Açúcares e derivados,11011044,Outros,69022,CONFEITOS DE BOLOS E DOCES e sinonimos,12204,,,,
69023,V8000_DEFLA,1,Despesas Correntes,11,Despesas de Consumo,1101,Alimentacao,11011,Alimentação no domicílio,1101104,Açúcares e derivados,11011044,Outros,69023,SCHIMIER DE CANA e sinonimos,12103,,,,
69024,V8000_DEFLA,1,Despesas Correntes,11,Despesas de Consumo,1101,Alimentacao,11011,Alimentação no domicílio,1101104,Açúcares e derivados,11011044,Outros,69024,FRUTA SECA OU DESIDRATADA e sinonimos,12302,,,,
69025,V8000_DEFLA,1,Despesas Correntes,11,Despesas de Consumo,1101,Alimentacao,11011,Alimentação no domicílio,1101104,Açúcares e derivados,11011044,Outros,69025,SOBREMESA INFANTIL DE QUALQUER MARCA E SABOR e sinonimos,12302,,,,
69026,V8000_DEFLA,1,Despesas Correntes,11,Despesas de Consumo,1101,Alimentacao,11011,Alimentação no domicílio,1101104,Açúcares e derivados,11011044,Outros,69026,PUDIM DE QUALQUER SABOR e sinonimos,12201,,,,
69027,V8000_DEFLA,1,Despesas Correntes,11,Despesas de Consumo,1101,Alimentacao,11011,Alimentação no domicílio,1101104,Açúcares e derivados,11011044,Outros,69027,MANJAR,12201,,,,
69028,V8000_DEFLA,1,Despesas Correntes,11,Despesas de Consumo,1101,Alimentacao,11011,Alimentação no domicílio,1101104,Açúcares e derivados,11011044,Outros,69028,"MISTURA INDUSTRIAL DE DOCE, SORVETE E PUDIM e sinonimos",12302,,,,
69029,V8000_DEFLA,1,Despesas Correntes,11,Despesas de Consumo,1101,Alimentacao,11011,Alimentação no domicílio,1101104,Açúcares e derivados,11011044,Outros,69029,CUSCUZ e sinonimos,01102,,,,
69030,V8000_DEFLA,1,Despesas Correntes,11,Despesas de Consumo,1101,Alimentacao,11011,Alimentação no domicílio,1101104,Açúcares e derivados,11011044,Outros,69030,MARIA MOLE e sinonimos,12201,,,,
69031,V8000_DEFLA,1,Despesas Correntes,11,Despesas de Consumo,1101,Alimentacao,11011,Alimentação no domicílio,1101104,Açúcares e derivados,11011044,Outros,69031,COCADA e sinonimos,12204,,,,
69032,V8000_DEFLA,1,Despesas Correntes,11,Despesas de Consumo,1101,Alimentacao,11011,Alimentação no domicílio,1101104,Açúcares e derivados,11011044,Outros,69032,DOCE DE AMENDOIM e sinonimos,12204,,,,
69033,V8000_DEFLA,1,Despesas Correntes,11,Despesas de Consumo,1101,Alimentacao,11011,Alimentação no domicílio,1101101,"Cereais, leguminosas e oleaginosas",11011014,Outros,69033,AMENDOIM SALGADO e sinonimos,01209,,,,
69034,V8000_DEFLA,1,Despesas Correntes,11,Despesas de Consumo,1101,Alimentacao,11011,Alimentação no domicílio,1101104,Açúcares e derivados,11011044,Outros,69034,DOCE DE ABOBORA,12202,,,,
69035,V8000_DEFLA,1,Despesas Correntes,11,Despesas de Consumo,1101,Alimentacao,11011,Alimentação no domicílio,1101104,Açúcares e derivados,11011044,Outros,69035,DOCE DE BATATA DOCE,12202,,,,
69036,V8000_DEFLA,1,Despesas Correntes,11,Despesas de Consumo,1101,Alimentacao,11011,Alimentação no domicílio,1101104,Açúcares e derivados,11011044,Outros,69036,BRIGADEIRO e sinonimos,12204,,,,
69037,V8000_DEFLA,1,Despesas Correntes,11,Despesas de Consumo,1101,Alimentacao,11011,Alimentação no domicílio,1101104,Açúcares e derivados,11011044,Outros,69037,BOMBA DE QUALQUER TIPO,12204,,,,
69038,V8000_DEFLA,1,Despesas Correntes,11,Despesas de Consumo,1101,Alimentacao,11011,Alimentação no domicílio,1101104,Açúcares e derivados,11011044,Outros,69038,MIL FOLHAS,12204,,,,
69039,V8000_DEFLA,1,Despesas Correntes,11,Despesas de Consumo,1101,Alimentacao,11011,Alimentação no domicílio,1101104,Açúcares e derivados,11011044,Outros,69039,QUEIJADINHA e sinonimos,12204,,,,
69040,V8000_DEFLA,1,Despesas Correntes,11,Despesas de Consumo,1101,Alimentacao,11011,Alimentação no domicílio,1101104,Açúcares e derivados,11011044,Outros,69040,DOCE DE QUEIJO,12201,,,,
69041,V8000_DEFLA,1,Despesas Correntes,11,Despesas de Consumo,1101,Alimentacao,11011,Alimentação no domicílio,1101104,Açúcares e derivados,11011044,Outros,69041,DOCE A BASE DE OVOS e sinonimos,12201,,,,
69042,V8000_DEFLA,1,Despesas Correntes,11,Despesas de Consumo,1101,Alimentacao,11011,Alimentação no domicílio,1101104,Açúcares e derivados,11011044,Outros,69042,DOCE A BASE DE LEITE e sinonimos,12201,,,,
69043,V8000_DEFLA,1,Despesas Correntes,11,Despesas de Consumo,1101,Alimentacao,11011,Alimentação no domicílio,1101104,Açúcares e derivados,11011044,Outros,69043,DOCE DE LEITE e sinonimos,12201,,,,
69044,V8000_DEFLA,1,Despesas Correntes,11,Despesas de Consumo,1101,Alimentacao,11011,Alimentação no domicílio,1101104,Açúcares e derivados,11011044,Outros,69044,CANUDINHO RECHEADO e sinonimos,12204,,,,
69045,V8000_DEFLA,1,Despesas Correntes,11,Despesas de Consumo,1101,Alimentacao,11011,Alimentação no domicílio,1101104,Açúcares e derivados,11011044,Outros,69045,SAROLHO e sinonimos,05101,,,,
69046,V8000_DEFLA,1,Despesas Correntes,11,Despesas de Consumo,1101,Alimentacao,11011,Alimentação no domicílio,1101104,Açúcares e derivados,11011044,Outros,69046,SCHIMIER DE FRUTA (EXCETO DE CANA),12202,,,,
69047,V8000_DEFLA,1,Despesas Correntes,11,Despesas de Consumo,1101,Alimentacao,11011,Alimentação no domicílio,1101104,Açúcares e derivados,11011044,Outros,69047,BEIJO DE MOCA e sinonimos,12204,,,,
69048,V8000_DEFLA,1,Despesas Correntes,11,Despesas de Consumo,1101,Alimentacao,11011,Alimentação no domicílio,1101104,Açúcares e derivados,11011044,Outros,69048,PICOLE ENSACADO e sinonimos,12203,,,,
69049,V8000_DEFLA,1,Despesas Correntes,11,Despesas de Consumo,1101,Alimentacao,11011,Alimentação no domicílio,1101104,Açúcares e derivados,11011044,Outros,69049,DOCE CONFEITADO DE QUALQUER TIPO,12204,,,,
69050,V8000_DEFLA,1,Despesas Correntes,11,Despesas de Consumo,1101,Alimentacao,11011,Alimentação no domicílio,1101104,Açúcares e derivados,11011044,Outros,69050,CHURRO,12204,,,,
69051,V8000_DEFLA,1,Despesas Correntes,11,Despesas de Consumo,1101,Alimentacao,11011,Alimentação no domicílio,1101104,Açúcares e derivados,11011044,Outros,69051,PAMONHA,12202,,,,
69052,V8000_DEFLA,1,Despesas Correntes,11,Despesas de Consumo,1101,Alimentacao,11011,Alimentação no domicílio,1101104,Açúcares e derivados,11011044,Outros,69052,CHOCOLATE GRANULADO,12204,,,,
69053,V8000_DEFLA,1,Despesas Correntes,11,Despesas de Consumo,1101,Alimentacao,11011,Alimentação no domicílio,1101104,Açúcares e derivados,11011044,Outros,69053,ADOCANTE NATURAL CONCENTRADO e sinonimos,12103,,,,
69054,V8000_DEFLA,1,Despesas Correntes,11,Despesas de Consumo,1101,Alimentacao,11011,Alimentação no domicílio,1101104,Açúcares e derivados,11011044,Outros,69054,ALGODAO-DOCE,12204,,,,
69055,V8000_DEFLA,1,Despesas Correntes,11,Despesas de Consumo,1101,Alimentacao,11011,Alimentação no domicílio,1101104,Açúcares e derivados,11011044,Outros,69055,"COBERTURA DE QUALQUER SABOR (DE SORVETE, ETC.)",12204,,,,
69056,V8000_DEFLA,1,Despesas Correntes,11,Despesas de Consumo,1101,Alimentacao,11011,Alimentação no domicílio,1101104,Açúcares e derivados,11011044,Outros,69056,CHOCOLATE EM CREME e sinonimos,12204,,,,
69057,V8000_DEFLA,1,Despesas Correntes,11,Despesas de Consumo,1101,Alimentacao,11011,Alimentação no domicílio,1101112,Bebidas e infusões,11011126,Outras,69057,GUARANA EM PO NATURAL e sinonimos,15209,,,,
69058,V8000_DEFLA,1,Despesas Correntes,11,Despesas de Consumo,1101,Alimentacao,11011,Alimentação no domicílio,1101104,Açúcares e derivados,11011044,Outros,69058,OVO DE PASCOA e sinonimos,12204,,,,
69059,V8000_DEFLA,1,Despesas Correntes,11,Despesas de Consumo,1101,Alimentacao,11011,Alimentação no domicílio,1101104,Açúcares e derivados,11011044,Outros,69059,TORRONE e sinonimos,12204,,,,
69060,V8000_DEFLA,1,Despesas Correntes,11,Despesas de Consumo,1101,Alimentacao,11011,Alimentação no domicílio,1101104,Açúcares e derivados,11011044,Outros,69060,ARROZ-DOCE,12201,,,,
69061,V8000_DEFLA,1,Despesas Correntes,11,Despesas de Consumo,1101,Alimentacao,11011,Alimentação no domicílio,1101104,Açúcares e derivados,11011044,Outros,69061,PROPOLIS,12302,,,,
69062,V8000_DEFLA,1,Despesas Correntes,11,Despesas de Consumo,1101,Alimentacao,11011,Alimentação no domicílio,1101104,Açúcares e derivados,11011044,Outros,69062,GELEIA REAL,12302,,,,
69063,V8000_DEFLA,1,Despesas Correntes,11,Despesas de Consumo,1101,Alimentacao,11011,Alimentação no domicílio,1101104,Açúcares e derivados,11011044,Outros,69063,DOCE SIRIO,12204,,,,
69064,V8000_DEFLA,1,Despesas Correntes,11,Despesas de Consumo,1101,Alimentacao,11011,Alimentação no domicílio,1101112,Bebidas e infusões,11011126,Outras,69064,POLPA DE FRUTA CONGELADA e sinonimos,12204,,,,
69065,V8000_DEFLA,1,Despesas Correntes,11,Despesas de Consumo,1101,Alimentacao,11011,Alimentação no domicílio,1101112,Bebidas e infusões,11011126,Outras,69065,DIET SHAKE e sinonimos,12204,,,,
69066,V8000_DEFLA,1,Despesas Correntes,11,Despesas de Consumo,1101,Alimentacao,11011,Alimentação no domicílio,1101104,Açúcares e derivados,11011044,Outros,69066,ACUCAR INDETERMINADO e sinonimos,12101,,,,
69067,V8000_DEFLA,1,Despesas Correntes,11,Despesas de Consumo,1101,Alimentacao,11011,Alimentação no domicílio,1101104,Açúcares e derivados,11011044,Outros,69067,ACUCAR DE BAUNILHA,12103,,,,
69068,V8000_DEFLA,1,Despesas Correntes,11,Despesas de Consumo,1101,Alimentacao,11011,Alimentação no domicílio,1101104,Açúcares e derivados,11011044,Outros,69068,ACUCAR TRITURADO e sinonimos,12103,,,,
69069,V8000_DEFLA,1,Despesas Correntes,11,Despesas de Consumo,1101,Alimentacao,11011,Alimentação no domicílio,1101104,Açúcares e derivados,11011044,Outros,69069,ADOCANTE INDETERMINADO e sinonimos,12103,,,,
69070,V8000_DEFLA,1,Despesas Correntes,11,Despesas de Consumo,1101,Alimentacao,11011,Alimentação no domicílio,1101104,Açúcares e derivados,11011043,Light e Diet,69070,ACUCAR LIGHT e sinonimos,12103,,,,
69071,V8000_DEFLA,1,Despesas Correntes,11,Despesas de Consumo,1101,Alimentacao,11011,Alimentação no domicílio,1101104,Açúcares e derivados,11011043,Light e Diet,69071,ADOCANTE DIET e sinonimos,12103,,,,
69072,V8000_DEFLA,1,Despesas Correntes,11,Despesas de Consumo,1101,Alimentacao,11011,Alimentação no domicílio,1101104,Açúcares e derivados,11011044,Outros,69072,BARRA DE CEREAIS e sinonimos,12204,,,,
69073,V8000_DEFLA,1,Despesas Correntes,11,Despesas de Consumo,1101,Alimentacao,11011,Alimentação no domicílio,1101104,Açúcares e derivados,11011044,Outros,69073,SOBREMESA DE QUALQUER TIPO (EXCETO INFANTIL),12204,,,,
69074,V8000_DEFLA,1,Despesas Correntes,11,Despesas de Consumo,1101,Alimentacao,11011,Alimentação no domicílio,1101104,Açúcares e derivados,11011044,Outros,69074,RABANADA,12204,,,,
69075,V8000_DEFLA,1,Despesas Correntes,11,Despesas de Consumo,1101,Alimentacao,11011,Alimentação no domicílio,1101112,Bebidas e infusões,11011126,Outras,69075,MILK SHAKE e sinonimos,12201,,,,
69076,V8000_DEFLA,1,Despesas Correntes,11,Despesas de Consumo,1101,Alimentacao,11011,Alimentação no domicílio,1101104,Açúcares e derivados,11011044,Outros,69076,FRUTOSE,12103,,,,
69077,V8000_DEFLA,1,Despesas Correntes,11,Despesas de Consumo,1101,Alimentacao,11011,Alimentação no domicílio,1101104,Açúcares e derivados,11011044,Outros,69077,DOCE NAO-ESPECIFICADO e sinonimos,12204,,,,
69078,V8000_DEFLA,1,Despesas Correntes,11,Despesas de Consumo,1101,Alimentacao,11011,Alimentação no domicílio,1101104,Açúcares e derivados,11011044,Outros,69078,RECHEIO PARA BOLO,12204,,,,
69079,V8000_DEFLA,1,Despesas Correntes,11,Despesas de Consumo,1101,Alimentacao,11011,Alimentação no domicílio,1101104,Açúcares e derivados,11011043,Light e Diet,69079,GELEIA DE FRUTAS DE QUALQUER MARCA OU SABOR DIET e sinonimos,12202,,,,
69080,V8000_DEFLA,1,Despesas Correntes,11,Despesas de Consumo,1101,Alimentacao,11011,Alimentação no domicílio,1101104,Açúcares e derivados,11011043,Light e Diet,69080,DOCE DE FRUTAS EM BARRA OU PASTA DIET e sinonimos,12202,,,,
69081,V8000_DEFLA,1,Despesas Correntes,11,Despesas de Consumo,1101,Alimentacao,11011,Alimentação no domicílio,1101104,Açúcares e derivados,11011043,Light e Diet,69081,GELATINA DIET e sinonimos,12302,,,,
69082,V8000_DEFLA,1,Despesas Correntes,11,Despesas de Consumo,1101,Alimentacao,11011,Alimentação no domicílio,1101104,Açúcares e derivados,11011044,Outros,69082,NIDEX,12302,,,,
69083,V8000_DEFLA,1,Despesas Correntes,11,Despesas de Consumo,1101,Alimentacao,11011,Alimentação no domicílio,1101104,Açúcares e derivados,11011044,Outros,69083,DEXTROSOL,12302,,,,
69084,V8000_DEFLA,1,Despesas Correntes,11,Despesas de Consumo,1101,Alimentacao,11011,Alimentação no domicílio,1101104,Açúcares e derivados,11011044,Outros,69084,PASTEIS DE SANTA CLARA,12302,,,,
69085,V8000_DEFLA,1,Despesas Correntes,11,Despesas de Consumo,1101,Alimentacao,11011,Alimentação no domicílio,1101104,Açúcares e derivados,11011044,Outros,69085,SUSPIRO,12204,,,,
69086,V8000_DEFLA,1,Despesas Correntes,11,Despesas de Consumo,1101,Alimentacao,11011,Alimentação no domicílio,1101104,Açúcares e derivados,11011041,Açúcar refinado,69086,ACUCAR REFINADO ORGANICO e sinonimos,12102,,,,
69087,V8000_DEFLA,1,Despesas Correntes,11,Despesas de Consumo,1101,Alimentacao,11011,Alimentação no domicílio,1101104,Açúcares e derivados,11011042,Açúcar cristal,69087,ACUCAR CRISTAL ORGANICO e sinonimos,12101,,,,
69088,V8000_DEFLA,1,Despesas Correntes,11,Despesas de Consumo,1101,Alimentacao,11011,Alimentação no domicílio,1101104,Açúcares e derivados,11011044,Outros,69088,ACUCAR DEMERARA ORGANICO e sinonimos,12102,,,,
69089,V8000_DEFLA,1,Despesas Correntes,11,Despesas de Consumo,1101,Alimentacao,11011,Alimentação no domicílio,1101104,Açúcares e derivados,11011044,Outros,69089,ACUCAR INDETERMINADO ORGANICO e sinonimos,12103,,,,
69090,V8000_DEFLA,1,Despesas Correntes,11,Despesas de Consumo,1101,Alimentacao,11011,Alimentação no domicílio,1101104,Açúcares e derivados,11011044,Outros,69090,MEL DE ABELHA ORGANICO e sinonimos,12302,,,,
69091,V8000_DEFLA,1,Despesas Correntes,11,Despesas de Consumo,1101,Alimentacao,11011,Alimentação no domicílio,1101104,Açúcares e derivados,11011043,Light e Diet,69091,ACUCAR ORGANICO LIGHT,12101,,,,
69092,V8000_DEFLA,1,Despesas Correntes,11,Despesas de Consumo,1101,Alimentacao,11011,Alimentação no domicílio,1101104,Açúcares e derivados,11011043,Light e Diet,69092,DOCE DE FRUTAS EM CALDA DIET e sinonimos,12202,,,,
69093,V8000_DEFLA,1,Despesas Correntes,11,Despesas de Consumo,1101,Alimentacao,11011,Alimentação no domicílio,1101104,Açúcares e derivados,11011043,Light e Diet,69093,DOCE DE FRUTAS CRISTALIZADO DE QUALQUER SABOR DIET e sinonimos,12202,,,,
69094,V8000_DEFLA,1,Despesas Correntes,11,Despesas de Consumo,1101,Alimentacao,11011,Alimentação no domicílio,1101104,Açúcares e derivados,11011043,Light e Diet,69094,DOCE NAO-ESPECIFICADO LIGHT e sinonimos,12204,,,,
69095,V8000_DEFLA,1,Despesas Correntes,11,Despesas de Consumo,1101,Alimentacao,11011,Alimentação no domicílio,1101104,Açúcares e derivados,11011043,Light e Diet,69095,DOCE NAO-ESPECIFICADO DIET e sinonimos,12204,,,,
69096,V8000_DEFLA,1,Despesas Correntes,11,Despesas de Consumo,1101,Alimentacao,11011,Alimentação no domicílio,1101104,Açúcares e derivados,11011043,Light e Diet,69096,SORVETE DE QUALQUER SABOR INDUSTRIALIZADO LIGHT e sinonimos,12203,,,,
69097,V8000_DEFLA,1,Despesas Correntes,11,Despesas de Consumo,1101,Alimentacao,11011,Alimentação no domicílio,1101104,Açúcares e derivados,11011043,Light e Diet,69097,SORVETE DE QUALQUER SABOR INDUSTRIALIZADO DIET e sinonimos,12203,,,,
69098,V8000_DEFLA,1,Despesas Correntes,11,Despesas de Consumo,1101,Alimentacao,11011,Alimentação no domicílio,1101104,Açúcares e derivados,11011043,Light e Diet,69098,CHICLETE LIGHT e sinonimos,12204,,,,
69099,V8000_DEFLA,1,Despesas Correntes,11,Despesas de Consumo,1101,Alimentacao,11011,Alimentação no domicílio,1101104,Açúcares e derivados,11011043,Light e Diet,69099,CHICLETE DIET e sinonimos,12204,,,,
69100,V8000_DEFLA,1,Despesas Correntes,11,Despesas de Consumo,1101,Alimentacao,11011,Alimentação no domicílio,1101104,Açúcares e derivados,11011043,Light e Diet,69100,TABLETE DE CHOCOLATE LIGHT e sinonimos,12204,,,,
69101,V8000_DEFLA,1,Despesas Correntes,11,Despesas de Consumo,1101,Alimentacao,11011,Alimentação no domicílio,1101104,Açúcares e derivados,11011043,Light e Diet,69101,TABLETE DE CHOCOLATE DIET e sinonimos,12204,,,,
69102,V8000_DEFLA,1,Despesas Correntes,11,Despesas de Consumo,1101,Alimentacao,11011,Alimentação no domicílio,1101104,Açúcares e derivados,11011043,Light e Diet,69102,CHOCOLATE EM PO DE QUALQUER MARCA LIGHT e sinonimos,12301,,,,
69103,V8000_DEFLA,1,Despesas Correntes,11,Despesas de Consumo,1101,Alimentacao,11011,Alimentação no domicílio,1101104,Açúcares e derivados,11011043,Light e Diet,69103,CHOCOLATE EM PO DE QUALQUER MARCA DIET e sinonimos,11106,,,,
69104,V8000_DEFLA,1,Despesas Correntes,11,Despesas de Consumo,1101,Alimentacao,11011,Alimentação no domicílio,1101104,Açúcares e derivados,11011043,Light e Diet,69104,BOMBOM DE QUALQUER MARCA LIGHT e sinonimos,12204,,,,
69105,V8000_DEFLA,1,Despesas Correntes,11,Despesas de Consumo,1101,Alimentacao,11011,Alimentação no domicílio,1101104,Açúcares e derivados,11011043,Light e Diet,69105,BOMBOM DE QUALQUER MARCA DIET e sinonimos,12204,,,,
69106,V8000_DEFLA,1,Despesas Correntes,11,Despesas de Consumo,1101,Alimentacao,11011,Alimentação no domicílio,1101104,Açúcares e derivados,11011043,Light e Diet,69106,GELEIA DE FRUTAS DE QUALQUER MARCA OU SABOR LIGHT e sinonimos,12202,,,,
69107,V8000_DEFLA,1,Despesas Correntes,11,Despesas de Consumo,1101,Alimentacao,11011,Alimentação no domicílio,1101104,Açúcares e derivados,11011043,Light e Diet,69107,DOCE DE FRUTAS EM BARRA OU PASTA LIGHT e sinonimos,12202,,,,
69108,V8000_DEFLA,1,Despesas Correntes,11,Despesas de Consumo,1101,Alimentacao,11011,Alimentação no domicílio,1101104,Açúcares e derivados,11011043,Light e Diet,69108,PUDIM DE QUALQUER SABOR LIGHT e sinonimos,12201,,,,
69109,V8000_DEFLA,1,Despesas Correntes,11,Despesas de Consumo,1101,Alimentacao,11011,Alimentação no domicílio,1101104,Açúcares e derivados,11011043,Light e Diet,69109,PUDIM DE QUALQUER SABOR DIET e sinonimos,12201,,,,
69110,V8000_DEFLA,1,Despesas Correntes,11,Despesas de Consumo,1101,Alimentacao,11011,Alimentação no domicílio,1101104,Açúcares e derivados,11011043,Light e Diet,69110,MANJAR LIGHT,12201,,,,
69111,V8000_DEFLA,1,Despesas Correntes,11,Despesas de Consumo,1101,Alimentacao,11011,Alimentação no domicílio,1101104,Açúcares e derivados,11011043,Light e Diet,69111,MANJAR DIET e sinonimos,12201,,,,
69112,V8000_DEFLA,1,Despesas Correntes,11,Despesas de Consumo,1101,Alimentacao,11011,Alimentação no domicílio,1101104,Açúcares e derivados,11011043,Light e Diet,69112,DOCE DE LEITE LIGHT e sinonimos,12201,,,,
69113,V8000_DEFLA,1,Despesas Correntes,11,Despesas de Consumo,1101,Alimentacao,11011,Alimentação no domicílio,1101104,Açúcares e derivados,11011043,Light e Diet,69113,DOCE DE LEITE DIET e sinonimos,12201,,,,
69114,V8000_DEFLA,1,Despesas Correntes,11,Despesas de Consumo,1101,Alimentacao,11011,Alimentação no domicílio,1101104,Açúcares e derivados,11011043,Light e Diet,69114,PICOLE ENSACADO LIGHT e sinonimos,12203,,,,
69115,V8000_DEFLA,1,Despesas Correntes,11,Despesas de Consumo,1101,Alimentacao,11011,Alimentação no domicílio,1101104,Açúcares e derivados,11011043,Light e Diet,69115,DOCE CONFEITADO DE QUALQUER TIPO LIGHT,12302,,,,
69116,V8000_DEFLA,1,Despesas Correntes,11,Despesas de Consumo,1101,Alimentacao,11011,Alimentação no domicílio,1101104,Açúcares e derivados,11011043,Light e Diet,69116,DOCE CONFEITADO DE QUALQUER TIPO DIET e sinonimos,12302,,,,
69117,V8000_DEFLA,1,Despesas Correntes,11,Despesas de Consumo,1101,Alimentacao,11011,Alimentação no domicílio,1101104,Açúcares e derivados,11011043,Light e Diet,69117,CHOCOLATE GRANULADO LIGHT,12302,,,,
69118,V8000_DEFLA,1,Despesas Correntes,11,Despesas de Consumo,1101,Alimentacao,11011,Alimentação no domicílio,1101104,Açúcares e derivados,11011043,Light e Diet,69118,CHOCOLATE GRANULADO DIET e sinonimos,12302,,,,
69119,V8000_DEFLA,1,Despesas Correntes,11,Despesas de Consumo,1101,Alimentacao,11011,Alimentação no domicílio,1101104,Açúcares e derivados,11011043,Light e Diet,69119,"COBERTURA DE QUALQUER SABOR (DE SORVETE, ETC.) LIGHT",12204,,,,
69120,V8000_DEFLA,1,Despesas Correntes,11,Despesas de Consumo,1101,Alimentacao,11011,Alimentação no domicílio,1101104,Açúcares e derivados,11011043,Light e Diet,69120,"COBERTURA DE QUALQUER SABOR (DE SORVETE, ETC.) DIET e sinonimos",12204,,,,
69121,V8000_DEFLA,1,Despesas Correntes,11,Despesas de Consumo,1101,Alimentacao,11011,Alimentação no domicílio,1101104,Açúcares e derivados,11011043,Light e Diet,69121,CHOCOLATE EM CREME LIGHT e sinonimos,12204,,,,
69122,V8000_DEFLA,1,Despesas Correntes,11,Despesas de Consumo,1101,Alimentacao,11011,Alimentação no domicílio,1101104,Açúcares e derivados,11011043,Light e Diet,69122,CHOCOLATE EM CREME DIET e sinonimos,12204,,,,
69123,V8000_DEFLA,1,Despesas Correntes,11,Despesas de Consumo,1101,Alimentacao,11011,Alimentação no domicílio,1101104,Açúcares e derivados,11011043,Light e Diet,69123,OVO DE PASCOA LIGHT e sinonimos,12204,,,,
69124,V8000_DEFLA,1,Despesas Correntes,11,Despesas de Consumo,1101,Alimentacao,11011,Alimentação no domicílio,1101104,Açúcares e derivados,11011043,Light e Diet,69124,OVO DE PASCOA DIET e sinonimos,12204,,,,
69125,V8000_DEFLA,1,Despesas Correntes,11,Despesas de Consumo,1101,Alimentacao,11011,Alimentação no domicílio,1101104,Açúcares e derivados,11011043,Light e Diet,69125,BARRA DE CEREAIS DIET e sinonimos,12201,,,,
69126,V8000_DEFLA,1,Despesas Correntes,11,Despesas de Consumo,1101,Alimentacao,11011,Alimentação no domicílio,1101104,Açúcares e derivados,11011043,Light e Diet,69126,SOBREMESA DE QUALQUER TIPO (EXCETO INFANTIL) LIGHT,12204,,,,
69127,V8000_DEFLA,1,Despesas Correntes,11,Despesas de Consumo,1101,Alimentacao,11011,Alimentação no domicílio,1101104,Açúcares e derivados,11011043,Light e Diet,69127,SOBREMESA DE QUALQUER TIPO (EXCETO INFANTIL) DIET e sinonimos,12204,,,,
69128,V8000_DEFLA,1,Despesas Correntes,11,Despesas de Consumo,1101,Alimentacao,11011,Alimentação no domicílio,1101112,Bebidas e infusões,11011123,Bebidas não alcoólicas light e diet,69128,MILK SHAKE DIET e sinonimos,12201,,,,
69129,V8000_DEFLA,1,Despesas Correntes,11,Despesas de Consumo,1101,Alimentacao,11011,Alimentação no domicílio,1101104,Açúcares e derivados,11011043,Light e Diet,69129,MARIA MOLE DIET e sinonimos,12204,,,,
69130,V8000_DEFLA,1,Despesas Correntes,11,Despesas de Consumo,1101,Alimentacao,11011,Alimentação no domicílio,1101104,Açúcares e derivados,11011043,Light e Diet,69130,COCADA DIET e sinonimos,12103,,,,
69131,V8000_DEFLA,1,Despesas Correntes,11,Despesas de Consumo,1101,Alimentacao,11011,Alimentação no domicílio,1101104,Açúcares e derivados,11011043,Light e Diet,69131,DOCE DE AMENDOIM DIET e sinonimos,12103,,,,
69132,V8000_DEFLA,1,Despesas Correntes,11,Despesas de Consumo,1101,Alimentacao,11011,Alimentação no domicílio,1101104,Açúcares e derivados,11011043,Light e Diet,69132,DOCE DE ABOBORA DIET e sinonimos,12103,,,,
69133,V8000_DEFLA,1,Despesas Correntes,11,Despesas de Consumo,1101,Alimentacao,11011,Alimentação no domicílio,1101104,Açúcares e derivados,11011043,Light e Diet,69133,DOCE DE BATATA DOCE DIET e sinonimos,12103,,,,
69134,V8000_DEFLA,1,Despesas Correntes,11,Despesas de Consumo,1101,Alimentacao,11011,Alimentação no domicílio,1101104,Açúcares e derivados,11011043,Light e Diet,69134,BRIGADEIRO DIET e sinonimos,12204,,,,
69135,V8000_DEFLA,1,Despesas Correntes,11,Despesas de Consumo,1101,Alimentacao,11011,Alimentação no domicílio,1101104,Açúcares e derivados,11011043,Light e Diet,69135,BOMBA DE QUALQUER TIPO DIET e sinonimos,12204,,,,
69136,V8000_DEFLA,1,Despesas Correntes,11,Despesas de Consumo,1101,Alimentacao,11011,Alimentação no domicílio,1101104,Açúcares e derivados,11011043,Light e Diet,69136,DOCE DE QUEIJO DIET e sinonimos,12103,,,,
69137,V8000_DEFLA,1,Despesas Correntes,11,Despesas de Consumo,1101,Alimentacao,11011,Alimentação no domicílio,1101104,Açúcares e derivados,11011043,Light e Diet,69137,DOCE A BASE DE OVOS DIET e sinonimos,12204,,,,
69138,V8000_DEFLA,1,Despesas Correntes,11,Despesas de Consumo,1101,Alimentacao,11011,Alimentação no domicílio,1101104,Açúcares e derivados,11011043,Light e Diet,69138,DOCE A BASE DE LEITE DIET e sinonimos,12201,,,,
69139,V8000_DEFLA,1,Despesas Correntes,11,Despesas de Consumo,1101,Alimentacao,11011,Alimentação no domicílio,1101104,Açúcares e derivados,11011043,Light e Diet,69139,GELATINA LIGHT e sinonimos,12302,,,,
69140,V8000_DEFLA,1,Despesas Correntes,11,Despesas de Consumo,1101,Alimentacao,11011,Alimentação no domicílio,1101104,Açúcares e derivados,11011043,Light e Diet,69140,ADOCANTE LIGHT e sinonimos,12103,,,,
69141,V8000_DEFLA,1,Despesas Correntes,11,Despesas de Consumo,1101,Alimentacao,11011,Alimentação no domicílio,1101104,Açúcares e derivados,11011043,Light e Diet,69141,BARRA DE CEREAIS LIGHT,12204,,,,
69142,V8000_DEFLA,1,Despesas Correntes,11,Despesas de Consumo,1101,Alimentacao,11011,Alimentação no domicílio,1101104,Açúcares e derivados,11011044,Outros,69142,ARROZ CARAMELIZADO,12204,,,,
69143,V8000_DEFLA,1,Despesas Correntes,11,Despesas de Consumo,1101,Alimentacao,11011,Alimentação no domicílio,1101104,Açúcares e derivados,11011044,Outros,69143,DOCE DE GERGELIM,12204,,,,
69144,V8000_DEFLA,1,Despesas Correntes,11,Despesas de Consumo,1101,Alimentacao,11011,Alimentação no domicílio,1101104,Açúcares e derivados,11011044,Outros,69144,CREME DE AVELA,12204,,,,
69145,V8000_DEFLA,1,Despesas Correntes,11,Despesas de Consumo,1101,Alimentacao,11011,Alimentação no domicílio,1101104,Açúcares e derivados,11011044,Outros,69145,ARROZ DOCE,12204,,,,
69146,V8000_DEFLA,1,Despesas Correntes,11,Despesas de Consumo,1101,Alimentacao,11011,Alimentação no domicílio,1101104,Açúcares e derivados,11011044,Outros,69146,GLICOSE DE MANDIOCA,12103,,,,
69147,V8000_DEFLA,1,Despesas Correntes,11,Despesas de Consumo,1101,Alimentacao,11011,Alimentação no domicílio,1101102,"Farinhas, féculas e massas",11011024,Outras,69147,VITAMINA CONCENTRADA (SHAKE),12103,,,,
69148,V8000_DEFLA,1,Despesas Correntes,11,Despesas de Consumo,1101,Alimentacao,11011,Alimentação no domicílio,1101104,Açúcares e derivados,11011044,Outros,69148,CASQUINHA DE SORVETE,12203,,,,
69149,V8000_DEFLA,1,Despesas Correntes,11,Despesas de Consumo,1101,Alimentacao,11011,Alimentação no domicílio,1101104,Açúcares e derivados,11011044,Outros,69149,ACUCAR DE COCO,12203,,,,
69150,V8000_DEFLA,1,Despesas Correntes,11,Despesas de Consumo,1101,Alimentacao,11011,Alimentação no domicílio,1101104,Açúcares e derivados,11011043,Light e Diet,69150,ACUCAR DIET,12203,,,,
69151,V8000_DEFLA,1,Despesas Correntes,11,Despesas de Consumo,1101,Alimentacao,11011,Alimentação no domicílio,1101104,Açúcares e derivados,11011043,Light e Diet,69151,DOCE DE LEITE SEM LACTOSE e sinonimos,12203,,,,
69152,V8000_DEFLA,1,Despesas Correntes,11,Despesas de Consumo,1101,Alimentacao,11011,Alimentação no domicílio,1101104,Açúcares e derivados,11011043,Light e Diet,69152,SORVETE SEM LACTOSE,12203,,,,
69153,V8000_DEFLA,1,Despesas Correntes,11,Despesas de Consumo,1101,Alimentacao,11011,Alimentação no domicílio,1101104,Açúcares e derivados,11011044,Outros,69153,DOCE DE FRUTAS NAO ESPECIFICADO,12201,,,,
69154,V8000_DEFLA,1,Despesas Correntes,11,Despesas de Consumo,1101,Alimentacao,11011,Alimentação no domicílio,1101104,Açúcares e derivados,11011044,Outros,69154,DOCE DE CANELA,12204,,,,
69155,V8000_DEFLA,1,Despesas Correntes,11,Despesas de Consumo,1101,Alimentacao,11011,Alimentação no domicílio,1101104,Açúcares e derivados,11011044,Outros,69155,DOCE DE SAGU,12204,,,,
69156,V8000_DEFLA,1,Despesas Correntes,11,Despesas de Consumo,1101,Alimentacao,11011,Alimentação no domicílio,1101104,Açúcares e derivados,11011044,Outros,69156,MACA DO AMOR,12202,,,,
69157,V8000_DEFLA,1,Despesas Correntes,11,Despesas de Consumo,1101,Alimentacao,11011,Alimentação no domicílio,1101104,Açúcares e derivados,11011044,Outros,69157,PALHA ITALIANA,12202,,,,
69158,V8000_DEFLA,1,Despesas Correntes,11,Despesas de Consumo,1101,Alimentacao,11011,Alimentação no domicílio,1101104,Açúcares e derivados,11011043,Light e Diet,69158,BALA SEM GLUTEN,12204,,,,
69159,V8000_DEFLA,1,Despesas Correntes,11,Despesas de Consumo,1101,Alimentacao,11011,Alimentação no domicílio,1101104,Açúcares e derivados,11011044,Outros,69159,BARRA DE PROTEINA,12103,,,,
69160,V8000_DEFLA,1,Despesas Correntes,11,Despesas de Consumo,1101,Alimentacao,11011,Alimentação no domicílio,1101104,Açúcares e derivados,11011043,Light e Diet,69160,CHOCOLATE ZERO,12204,,,,
69161,V8000_DEFLA,1,Despesas Correntes,11,Despesas de Consumo,1101,Alimentacao,11011,Alimentação no domicílio,1101104,Açúcares e derivados,11011044,Outros,69161,MOUSSE DE QUALQUER SABOR,12201,,,,
69162,V8000_DEFLA,1,Despesas Correntes,11,Despesas de Consumo,1101,Alimentacao,11011,Alimentação no domicílio,1101104,Açúcares e derivados,11011044,Outros,69162,CREME DE CASTANHA,12204,,,,
69163,V8000_DEFLA,1,Despesas Correntes,11,Despesas de Consumo,1101,Alimentacao,11011,Alimentação no domicílio,1101104,Açúcares e derivados,11011044,Outros,69163,PETIT GATEAU,12204,,,,
69164,V8000_DEFLA,1,Despesas Correntes,11,Despesas de Consumo,1101,Alimentacao,11011,Alimentação no domicílio,1101104,Açúcares e derivados,11011044,Outros,69164,CHEESECAKE,12204,,,,
69165,V8000_DEFLA,1,Despesas Correntes,11,Despesas de Consumo,1101,Alimentacao,11011,Alimentação no domicílio,1101104,Açúcares e derivados,11011044,Outros,69165,ACHOCOLATADO EM CAPSULA,12202,,,,
69166,V8000_DEFLA,1,Despesas Correntes,11,Despesas de Consumo,1101,Alimentacao,11011,Alimentação no domicílio,1101104,Açúcares e derivados,11011044,Outros,69166,ALFARROBA,12204,,,,
69167,V8000_DEFLA,1,Despesas Correntes,11,Despesas de Consumo,1101,Alimentacao,11011,Alimentação no domicílio,1101104,Açúcares e derivados,11011044,Outros,69167,BOMBOCADO,12204,,,,
69168,V8000_DEFLA,1,Despesas Correntes,11,Despesas de Consumo,1101,Alimentacao,11011,Alimentação no domicílio,1101104,Açúcares e derivados,11011044,Outros,69168,BEIJINHO,12201,,,,
69169,V8000_DEFLA,1,Despesas Correntes,11,Despesas de Consumo,1101,Alimentacao,11011,Alimentação no domicílio,1101104,Açúcares e derivados,11011044,Outros,69169,DRAGEADO,12204,,,,
69170,V8000_DEFLA,1,Despesas Correntes,11,Despesas de Consumo,1101,Alimentacao,11011,Alimentação no domicílio,1101104,Açúcares e derivados,11011044,Outros,69170,PASTEL DE BELEM,12204,,,,
69171,V8000_DEFLA,1,Despesas Correntes,11,Despesas de Consumo,1101,Alimentacao,11011,Alimentação no domicílio,1101104,Açúcares e derivados,11011044,Outros,69171,TARTELETE,12204,,,,
69172,V8000_DEFLA,1,Despesas Correntes,11,Despesas de Consumo,1101,Alimentacao,11011,Alimentação no domicílio,1101104,Açúcares e derivados,11011044,Outros,69172,TOUCINHO DO CEU,12204,,,,
69173,V8000_DEFLA,1,Despesas Correntes,11,Despesas de Consumo,1101,Alimentacao,11011,Alimentação no domicílio,1101104,Açúcares e derivados,11011044,Outros,69173,NHA BENTA,12204,,,,
69174,V8000_DEFLA,1,Despesas Correntes,11,Despesas de Consumo,1101,Alimentacao,11011,Alimentação no domicílio,1101104,Açúcares e derivados,11011044,Outros,69174,ROLINHO BANANA E CHOCOLATE,12202,,,,
69175,V8000_DEFLA,1,Despesas Correntes,11,Despesas de Consumo,1101,Alimentacao,11011,Alimentação no domicílio,1101104,Açúcares e derivados,11011044,Outros,69175,MISTURA PARA SAGU INDUSTRIALIZADA,12302,,,,
69176,V8000_DEFLA,1,Despesas Correntes,11,Despesas de Consumo,1101,Alimentacao,11011,Alimentação no domicílio,1101104,Açúcares e derivados,11011044,Outros,69176,FRUTAS COBERTAS COM CHOCOLATE,12202,,,,
69177,V8000_DEFLA,1,Despesas Correntes,11,Despesas de Consumo,1101,Alimentacao,11011,Alimentação no domicílio,1101104,Açúcares e derivados,11011044,Outros,69177,DOCE PUXA-PUXA,12204,,,,
70001,V8000_DEFLA,1,Despesas Correntes,11,Despesas de Consumo,1101,Alimentacao,11011,Alimentação no domicílio,1101114,Sal e condimentos,11011143,Sal refinado,70001,SAL REFINADO e sinonimos,13102,,,,
70002,V8000_DEFLA,1,Despesas Correntes,11,Despesas de Consumo,1101,Alimentacao,11011,Alimentação no domicílio,1101114,Sal e condimentos,11011144,Outros,70002,SAL GROSSO e sinonimos,13101,,,,
70003,V8000_DEFLA,1,Despesas Correntes,11,Despesas de Consumo,1101,Alimentacao,11011,Alimentação no domicílio,1101114,Sal e condimentos,11011144,Outros,70003,SAL AMONIACO,13103,,,,
70004,V8000_DEFLA,1,Despesas Correntes,11,Despesas de Consumo,1101,Alimentacao,11011,Alimentação no domicílio,1101114,Sal e condimentos,11011144,Outros,70004,TEMPERO MISTO INDUSTRIALIZADO EM PASTA e sinonimos,13207,,,,
70005,V8000_DEFLA,1,Despesas Correntes,11,Despesas de Consumo,1101,Alimentacao,11011,Alimentação no domicílio,1101114,Sal e condimentos,11011144,Outros,70005,BICARBONATO DE SODIO e sinonimos,13103,,,,
70006,V8000_DEFLA,1,Despesas Correntes,11,Despesas de Consumo,1101,Alimentacao,11011,Alimentação no domicílio,1101114,Sal e condimentos,11011144,Outros,70006,FERMENTO EM PO e sinonimos,13203,,,,
70007,V8000_DEFLA,1,Despesas Correntes,11,Despesas de Consumo,1101,Alimentacao,11011,Alimentação no domicílio,1101114,Sal e condimentos,11011144,Outros,70007,GLUTAMATO MONOSSODICO e sinonimos,13103,,,,
70008,V8000_DEFLA,1,Despesas Correntes,11,Despesas de Consumo,1101,Alimentacao,11011,Alimentação no domicílio,1101114,Sal e condimentos,11011144,Outros,70008,GERSAL,13103,,,,
70009,V8000_DEFLA,1,Despesas Correntes,11,Despesas de Consumo,1101,Alimentacao,11011,Alimentação no domicílio,1101114,Sal e condimentos,11011144,Outros,70009,BAUNILHA EM PO e sinonimos,13210,,,,
70010,V8000_DEFLA,1,Despesas Correntes,11,Despesas de Consumo,1101,Alimentacao,11011,Alimentação no domicílio,1101114,Sal e condimentos,11011144,Outros,70010,CANELA EM PO e sinonimos,13210,,,,
70011,V8000_DEFLA,1,Despesas Correntes,11,Despesas de Consumo,1101,Alimentacao,11011,Alimentação no domicílio,1101114,Sal e condimentos,11011144,Outros,70011,CRAVO (TEMPERO INDUSTRIALIZADO) e sinonimos,13210,,,,
70012,V8000_DEFLA,1,Despesas Correntes,11,Despesas de Consumo,1101,Alimentacao,11011,Alimentação no domicílio,1101114,Sal e condimentos,11011144,Outros,70012,COLORAU e sinonimos,13207,,,,
70013,V8000_DEFLA,1,Despesas Correntes,11,Despesas de Consumo,1101,Alimentacao,11011,Alimentação no domicílio,1101114,Sal e condimentos,11011144,Outros,70013,PAPRIKA,13210,,,,
70014,V8000_DEFLA,1,Despesas Correntes,11,Despesas de Consumo,1101,Alimentacao,11011,Alimentação no domicílio,1101114,Sal e condimentos,11011144,Outros,70014,NOZ MOSCADA (TEMPERO INDUSTRIALIZADO),13210,,,,
70015,V8000_DEFLA,1,Despesas Correntes,11,Despesas de Consumo,1101,Alimentacao,11011,Alimentação no domicílio,1101114,Sal e condimentos,11011144,Outros,70015,MOSTARDA (TEMPERO INDUSTRIALIZADO),13210,,,,
70016,V8000_DEFLA,1,Despesas Correntes,11,Despesas de Consumo,1101,Alimentacao,11011,Alimentação no domicílio,1101114,Sal e condimentos,11011144,Outros,70016,LOURO (TEMPERO INDUSTRIALIZADO) e sinonimos,13210,,,,
70017,V8000_DEFLA,1,Despesas Correntes,11,Despesas de Consumo,1101,Alimentacao,11011,Alimentação no domicílio,1101114,Sal e condimentos,11011144,Outros,70017,ACAFRAO EM PO,13210,,,,
70018,V8000_DEFLA,1,Despesas Correntes,11,Despesas de Consumo,1101,Alimentacao,11011,Alimentação no domicílio,1101114,Sal e condimentos,11011144,Outros,70018,COMINHO EM GRAO e sinonimos,13210,,,,
70019,V8000_DEFLA,1,Despesas Correntes,11,Despesas de Consumo,1101,Alimentacao,11011,Alimentação no domicílio,1101114,Sal e condimentos,11011144,Outros,70019,SEGURELHA (TEMPERO INDUSTRIALIZADO),13210,,,,
70020,V8000_DEFLA,1,Despesas Correntes,11,Despesas de Consumo,1101,Alimentacao,11011,Alimentação no domicílio,1101114,Sal e condimentos,11011144,Outros,70020,MOLHO DE TOMATE COM ERVAS,13206,,,,
70021,V8000_DEFLA,1,Despesas Correntes,11,Despesas de Consumo,1101,Alimentacao,11011,Alimentação no domicílio,1101114,Sal e condimentos,11011144,Outros,70021,ALFAVACA (TEMPERO INDUSTRIALIZADO) e sinonimos,13210,,,,
70022,V8000_DEFLA,1,Despesas Correntes,11,Despesas de Consumo,1101,Alimentacao,11011,Alimentação no domicílio,1101114,Sal e condimentos,11011144,Outros,70022,OREGANO (TEMPERO INDUSTRIALIZADO) e sinonimos,13210,,,,
70023,V8000_DEFLA,1,Despesas Correntes,11,Despesas de Consumo,1101,Alimentacao,11011,Alimentação no domicílio,1101114,Sal e condimentos,11011144,Outros,70023,HORTELA (TEMPERO INDUSTRIALIZADO) e sinonimos,13210,,,,
70024,V8000_DEFLA,1,Despesas Correntes,11,Despesas de Consumo,1101,Alimentacao,11011,Alimentação no domicílio,1101114,Sal e condimentos,11011144,Outros,70024,ALCAPARRA EM CONSERVA,13210,,,,
70025,V8000_DEFLA,1,Despesas Correntes,11,Despesas de Consumo,1101,Alimentacao,11011,Alimentação no domicílio,1101114,Sal e condimentos,11011144,Outros,70025,MANJERONA SECA e sinonimos,13210,,,,
70026,V8000_DEFLA,1,Despesas Correntes,11,Despesas de Consumo,1101,Alimentacao,11011,Alimentação no domicílio,1101114,Sal e condimentos,11011144,Outros,70026,COENTRO (TEMPERO INDUSTRIALIZADO) e sinonimos,13210,,,,
70027,V8000_DEFLA,1,Despesas Correntes,11,Despesas de Consumo,1101,Alimentacao,11011,Alimentação no domicílio,1101114,Sal e condimentos,11011144,Outros,70027,ALHO EM PO e sinonimos,13210,,,,
70028,V8000_DEFLA,1,Despesas Correntes,11,Despesas de Consumo,1101,Alimentacao,11011,Alimentação no domicílio,1101114,Sal e condimentos,11011144,Outros,70028,CEBOLA EM PO e sinonimos,13210,,,,
70029,V8000_DEFLA,1,Despesas Correntes,11,Despesas de Consumo,1101,Alimentacao,11011,Alimentação no domicílio,1101114,Sal e condimentos,11011144,Outros,70029,CHEIRO VERDE EM PO,13210,,,,
70030,V8000_DEFLA,1,Despesas Correntes,11,Despesas de Consumo,1101,Alimentacao,11011,Alimentação no domicílio,1101114,Sal e condimentos,11011144,Outros,70030,PIMENTAO EM PO,13210,,,,
70031,V8000_DEFLA,1,Despesas Correntes,11,Despesas de Consumo,1101,Alimentacao,11011,Alimentação no domicílio,1101114,Sal e condimentos,11011144,Outros,70031,PIMENTA DO REINO EM PO OU EM GRAO e sinonimos,13210,,,,
70032,V8000_DEFLA,1,Despesas Correntes,11,Despesas de Consumo,1101,Alimentacao,11011,Alimentação no domicílio,1101114,Sal e condimentos,11011144,Outros,70032,PIMENTA DO REINO E COMINHO e sinonimos,13210,,,,
70033,V8000_DEFLA,1,Despesas Correntes,11,Despesas de Consumo,1101,Alimentacao,11011,Alimentação no domicílio,1101114,Sal e condimentos,11011144,Outros,70033,VINAGRE DE ALCOOL e sinonimos,13208,,,,
70034,V8000_DEFLA,1,Despesas Correntes,11,Despesas de Consumo,1101,Alimentacao,11011,Alimentação no domicílio,1101114,Sal e condimentos,11011144,Outros,70034,VINAGRE DE VINHO e sinonimos,13209,,,,
70035,V8000_DEFLA,1,Despesas Correntes,11,Despesas de Consumo,1101,Alimentacao,11011,Alimentação no domicílio,1101114,Sal e condimentos,11011144,Outros,70035,VINAGRE DE MACA,13210,,,,
70036,V8000_DEFLA,1,Despesas Correntes,11,Despesas de Consumo,1101,Alimentacao,11011,Alimentação no domicílio,1101114,Sal e condimentos,11011144,Outros,70036,MOLHO DE SOJA e sinonimos,13210,,,,
70037,V8000_DEFLA,1,Despesas Correntes,11,Despesas de Consumo,1101,Alimentacao,11011,Alimentação no domicílio,1101114,Sal e condimentos,11011144,Outros,70037,MOLHO INGLES,13210,,,,
70038,V8000_DEFLA,1,Despesas Correntes,11,Despesas de Consumo,1101,Alimentacao,11011,Alimentação no domicílio,1101114,Sal e condimentos,11011144,Outros,70038,LEITE DE COCO,13210,,,,
70039,V8000_DEFLA,1,Despesas Correntes,11,Despesas de Consumo,1101,Alimentacao,11011,Alimentação no domicílio,1101114,Sal e condimentos,11011144,Outros,70039,MOLHO TARTARO,13210,,,,
70040,V8000_DEFLA,1,Despesas Correntes,11,Despesas de Consumo,1101,Alimentacao,11011,Alimentação no domicílio,1101114,Sal e condimentos,11011144,Outros,70040,TEMPERO DE SALADAS,13207,,,,
70041,V8000_DEFLA,1,Despesas Correntes,11,Despesas de Consumo,1101,Alimentacao,11011,Alimentação no domicílio,1101114,Sal e condimentos,11011144,Outros,70041,MOLHO DE TUCUPI COM PIMENTA e sinonimos,13210,,,,
70042,V8000_DEFLA,1,Despesas Correntes,11,Despesas de Consumo,1101,Alimentacao,11011,Alimentação no domicílio,1101114,Sal e condimentos,11011144,Outros,70042,MOLHO DE HORTELA,13210,,,,
70043,V8000_DEFLA,1,Despesas Correntes,11,Despesas de Consumo,1101,Alimentacao,11011,Alimentação no domicílio,1101114,Sal e condimentos,11011142,Maionese,70043,MAIONESE e sinonimos,13204,,,,
70044,V8000_DEFLA,1,Despesas Correntes,11,Despesas de Consumo,1101,Alimentacao,11011,Alimentação no domicílio,1101114,Sal e condimentos,11011144,Outros,70044,CALDO DE GALINHA,13202,,,,
70045,V8000_DEFLA,1,Despesas Correntes,11,Despesas de Consumo,1101,Alimentacao,11011,Alimentação no domicílio,1101114,Sal e condimentos,11011144,Outros,70045,CALDO DE CARNE e sinonimos,13201,,,,
70046,V8000_DEFLA,1,Despesas Correntes,11,Despesas de Consumo,1101,Alimentacao,11011,Alimentação no domicílio,1101114,Sal e condimentos,11011144,Outros,70046,CURRY,13207,,,,
70047,V8000_DEFLA,1,Despesas Correntes,11,Despesas de Consumo,1101,Alimentacao,11011,Alimentação no domicílio,1101114,Sal e condimentos,11011141,Massa de tomate,70047,MASSA DE TOMATE e sinonimos,13205,,,,
70048,V8000_DEFLA,1,Despesas Correntes,11,Despesas de Consumo,1101,Alimentacao,11011,Alimentação no domicílio,1101114,Sal e condimentos,11011144,Outros,70048,MOLHO DE TOMATE e sinonimos,13206,,,,
70049,V8000_DEFLA,1,Despesas Correntes,11,Despesas de Consumo,1101,Alimentacao,11011,Alimentação no domicílio,1101114,Sal e condimentos,11011144,Outros,70049,MOLHO BOLONHESA e sinonimos,13206,,,,
70050,V8000_DEFLA,1,Despesas Correntes,11,Despesas de Consumo,1101,Alimentacao,11011,Alimentação no domicílio,1101114,Sal e condimentos,11011144,Outros,70050,MOLHO VEGETAL,13210,,,,
70051,V8000_DEFLA,1,Despesas Correntes,11,Despesas de Consumo,1101,Alimentacao,11011,Alimentação no domicílio,1101114,Sal e condimentos,11011144,Outros,70051,MOLHO XADREZ,13210,,,,
70052,V8000_DEFLA,1,Despesas Correntes,11,Despesas de Consumo,1101,Alimentacao,11011,Alimentação no domicílio,1101114,Sal e condimentos,11011144,Outros,70052,COMINHO EM PO e sinonimos,13210,,,,
70053,V8000_DEFLA,1,Despesas Correntes,11,Despesas de Consumo,1101,Alimentacao,11011,Alimentação no domicílio,1101114,Sal e condimentos,11011144,Outros,70053,PIMENTA DO REINO E ALHO EM PO (TEMPERO MISTO EM PO OU EM GRAO) e sinonimos,13210,,,,
70054,V8000_DEFLA,1,Despesas Correntes,11,Despesas de Consumo,1101,Alimentacao,11011,Alimentação no domicílio,1101114,Sal e condimentos,11011144,Outros,70054,CALDO DE LEGUMES,13210,,,,
70055,V8000_DEFLA,1,Despesas Correntes,11,Despesas de Consumo,1101,Alimentacao,11011,Alimentação no domicílio,1101114,Sal e condimentos,11011144,Outros,70055,PEIXE EM PO e sinonimos,13210,,,,
70056,V8000_DEFLA,1,Despesas Correntes,11,Despesas de Consumo,1101,Alimentacao,11011,Alimentação no domicílio,1101114,Sal e condimentos,11011144,Outros,70056,TEMPERO DE MASSAS,13210,,,,
70057,V8000_DEFLA,1,Despesas Correntes,11,Despesas de Consumo,1101,Alimentacao,11011,Alimentação no domicílio,1101114,Sal e condimentos,11011144,Outros,70057,SAL DIET e sinonimos,13102,,,,
70058,V8000_DEFLA,1,Despesas Correntes,11,Despesas de Consumo,1101,Alimentacao,11011,Alimentação no domicílio,1101114,Sal e condimentos,11011144,Outros,70058,TEMPERO DE FEIJAO e sinonimos,13207,,,,
70059,V8000_DEFLA,1,Despesas Correntes,11,Despesas de Consumo,1101,Alimentacao,11011,Alimentação no domicílio,1101114,Sal e condimentos,11011144,Outros,70059,AMACIANTE DE CARNE e sinonimos,13210,,,,
70060,V8000_DEFLA,1,Despesas Correntes,11,Despesas de Consumo,1101,Alimentacao,11011,Alimentação no domicílio,1101114,Sal e condimentos,11011144,Outros,70060,FONDOR,13207,,,,
70061,V8000_DEFLA,1,Despesas Correntes,11,Despesas de Consumo,1101,Alimentacao,11011,Alimentação no domicílio,1101114,Sal e condimentos,11011144,Outros,70061,PIMENTA EM PO,13210,,,,
70062,V8000_DEFLA,1,Despesas Correntes,11,Despesas de Consumo,1101,Alimentacao,11011,Alimentação no domicílio,1101114,Sal e condimentos,11011144,Outros,70062,TEMPERO DE OMELETE EM PO e sinonimos,13210,,,,
70063,V8000_DEFLA,1,Despesas Correntes,11,Despesas de Consumo,1101,Alimentacao,11011,Alimentação no domicílio,1101114,Sal e condimentos,11011144,Outros,70063,MASSA DE PEIXE,13210,,,,
70064,V8000_DEFLA,1,Despesas Correntes,11,Despesas de Consumo,1101,Alimentacao,11011,Alimentação no domicílio,1101114,Sal e condimentos,11011144,Outros,70064,MOLHO DE FUNGHI e sinonimos,13210,,,,
70065,V8000_DEFLA,1,Despesas Correntes,11,Despesas de Consumo,1101,Alimentacao,11011,Alimentação no domicílio,1101114,Sal e condimentos,11011144,Outros,70065,ERVILHA FRITA EM PO OU GRAO e sinonimos,13210,,,,
70066,V8000_DEFLA,1,Despesas Correntes,11,Despesas de Consumo,1101,Alimentacao,11011,Alimentação no domicílio,1101114,Sal e condimentos,11011144,Outros,70066,FAVA FRITA EM PO OU GRAO e sinonimos,13210,,,,
70067,V8000_DEFLA,1,Despesas Correntes,11,Despesas de Consumo,1101,Alimentacao,11011,Alimentação no domicílio,1101114,Sal e condimentos,11011144,Outros,70067,MOLHO DE MILHO VERDE,13210,,,,
70068,V8000_DEFLA,1,Despesas Correntes,11,Despesas de Consumo,1101,Alimentacao,11011,Alimentação no domicílio,1101114,Sal e condimentos,11011144,Outros,70068,MISSO,13210,,,,
70069,V8000_DEFLA,1,Despesas Correntes,11,Despesas de Consumo,1101,Alimentacao,11011,Alimentação no domicílio,1101114,Sal e condimentos,11011144,Outros,70069,SALSA DESIDRATADA,13210,,,,
70070,V8000_DEFLA,1,Despesas Correntes,11,Despesas de Consumo,1101,Alimentacao,11011,Alimentação no domicílio,1101114,Sal e condimentos,11011144,Outros,70070,MOLHO DE PIZZA e sinonimos,13210,,,,
70071,V8000_DEFLA,1,Despesas Correntes,11,Despesas de Consumo,1101,Alimentacao,11011,Alimentação no domicílio,1101114,Sal e condimentos,11011144,Outros,70071,TUCUPI EM CALDO SEM PIMENTA e sinonimos,13210,,,,
70072,V8000_DEFLA,1,Despesas Correntes,11,Despesas de Consumo,1101,Alimentacao,11011,Alimentação no domicílio,1101114,Sal e condimentos,11011144,Outros,70072,MOLHO BRANCO,13210,,,,
70073,V8000_DEFLA,1,Despesas Correntes,11,Despesas de Consumo,1101,Alimentacao,11011,Alimentação no domicílio,1101114,Sal e condimentos,11011144,Outros,70073,CALDO DE BACON,13210,,,,
70074,V8000_DEFLA,1,Despesas Correntes,11,Despesas de Consumo,1101,Alimentacao,11011,Alimentação no domicílio,1101114,Sal e condimentos,11011144,Outros,70074,CALDO DE CALABRESA,13210,,,,
70075,V8000_DEFLA,1,Despesas Correntes,11,Despesas de Consumo,1101,Alimentacao,11011,Alimentação no domicílio,1101114,Sal e condimentos,11011144,Outros,70075,CALDO DE QUEIJO e sinonimos,13210,,,,
70076,V8000_DEFLA,1,Despesas Correntes,11,Despesas de Consumo,1101,Alimentacao,11011,Alimentação no domicílio,1101114,Sal e condimentos,11011144,Outros,70076,CALDO NAO-ESPECIFICADO e sinonimos,13210,,,,
70077,V8000_DEFLA,1,Despesas Correntes,11,Despesas de Consumo,1101,Alimentacao,11011,Alimentação no domicílio,1101114,Sal e condimentos,11011144,Outros,70077,CALDO DE PEIXE e sinonimos,13210,,,,
70078,V8000_DEFLA,1,Despesas Correntes,11,Despesas de Consumo,1101,Alimentacao,11011,Alimentação no domicílio,1101114,Sal e condimentos,11011144,Outros,70078,CALDO DE CAMARAO e sinonimos,13210,,,,
70079,V8000_DEFLA,1,Despesas Correntes,11,Despesas de Consumo,1101,Alimentacao,11011,Alimentação no domicílio,1101114,Sal e condimentos,11011144,Outros,70079,CALDO DE TOMATE,13206,,,,
70080,V8000_DEFLA,1,Despesas Correntes,11,Despesas de Consumo,1101,Alimentacao,11011,Alimentação no domicílio,1101114,Sal e condimentos,11011144,Outros,70080,MOLHO NAO-ESPECIFICADO,13210,,,,
70081,V8000_DEFLA,1,Despesas Correntes,11,Despesas de Consumo,1101,Alimentacao,11011,Alimentação no domicílio,1101114,Sal e condimentos,11011144,Outros,70081,MOLHO DE ALHO e sinonimos,13210,,,,
70082,V8000_DEFLA,1,Despesas Correntes,11,Despesas de Consumo,1101,Alimentacao,11011,Alimentação no domicílio,1101114,Sal e condimentos,11011144,Outros,70082,COALHO e sinonimos,13210,,,,
70083,V8000_DEFLA,1,Despesas Correntes,11,Despesas de Consumo,1101,Alimentacao,11011,Alimentação no domicílio,1101114,Sal e condimentos,11011144,Outros,70083,TEMPERO EM PO NAO-ESPECIFICADO,13210,,,,
70084,V8000_DEFLA,1,Despesas Correntes,11,Despesas de Consumo,1101,Alimentacao,11011,Alimentação no domicílio,1101114,Sal e condimentos,11011144,Outros,70084,TEMPERO NAO-ESPECIFICADO e sinonimos,13210,,,,
70085,V8000_DEFLA,1,Despesas Correntes,11,Despesas de Consumo,1101,Alimentacao,11011,Alimentação no domicílio,1101114,Sal e condimentos,11011144,Outros,70085,SAL AMARGO,13210,,,,
70086,V8000_DEFLA,1,Despesas Correntes,11,Despesas de Consumo,1101,Alimentacao,11011,Alimentação no domicílio,1101114,Sal e condimentos,11011144,Outros,70086,SALVIA EM FOLHA (TEMPERO INDUSTRIALIZADO),13210,,,,
70087,V8000_DEFLA,1,Despesas Correntes,11,Despesas de Consumo,1101,Alimentacao,11011,Alimentação no domicílio,1101114,Sal e condimentos,11011144,Outros,70087,TOMILHO EM FOLHA (TEMPERO INDUSTRIALIZADO),13210,,,,
70088,V8000_DEFLA,1,Despesas Correntes,11,Despesas de Consumo,1101,Alimentacao,11011,Alimentação no domicílio,1101114,Sal e condimentos,11011144,Outros,70088,VINAGRE NAO-ESPECIFICADO,13210,,,,
70089,V8000_DEFLA,1,Despesas Correntes,11,Despesas de Consumo,1101,Alimentacao,11011,Alimentação no domicílio,1101114,Sal e condimentos,11011144,Outros,70089,VINAGRE DE ARROZ,13210,,,,
70090,V8000_DEFLA,1,Despesas Correntes,11,Despesas de Consumo,1101,Alimentacao,11011,Alimentação no domicílio,1101114,Sal e condimentos,11011144,Outros,70090,VINAGRE DE MILHO,13210,,,,
70091,V8000_DEFLA,1,Despesas Correntes,11,Despesas de Consumo,1101,Alimentacao,11011,Alimentação no domicílio,1101114,Sal e condimentos,11011144,Outros,70091,GERGELIM EM PO e sinonimos,13210,,,,
70092,V8000_DEFLA,1,Despesas Correntes,11,Despesas de Consumo,1101,Alimentacao,11011,Alimentação no domicílio,1101114,Sal e condimentos,11011144,Outros,70092,MOLHO DE PIMENTA,13210,,,,
70093,V8000_DEFLA,1,Despesas Correntes,11,Despesas de Consumo,1101,Alimentacao,11011,Alimentação no domicílio,1101114,Sal e condimentos,11011144,Outros,70093,MOLHO MADEIRA,13210,,,,
70094,V8000_DEFLA,1,Despesas Correntes,11,Despesas de Consumo,1101,Alimentacao,11011,Alimentação no domicílio,1101114,Sal e condimentos,11011144,Outros,70094,MOLHO PARA SALADA,13210,,,,
70095,V8000_DEFLA,1,Despesas Correntes,11,Despesas de Consumo,1101,Alimentacao,11011,Alimentação no domicílio,1101114,Sal e condimentos,11011144,Outros,70095,MOLHO AGRIDOCE,13210,,,,
70096,V8000_DEFLA,1,Despesas Correntes,11,Despesas de Consumo,1101,Alimentacao,11011,Alimentação no domicílio,1101114,Sal e condimentos,11011144,Outros,70096,MOLHO AO SUGO,13210,,,,
70097,V8000_DEFLA,1,Despesas Correntes,11,Despesas de Consumo,1101,Alimentacao,11011,Alimentação no domicílio,1101114,Sal e condimentos,11011144,Outros,70097,MOLHO BARBECUE,13210,,,,
70098,V8000_DEFLA,1,Despesas Correntes,11,Despesas de Consumo,1101,Alimentacao,11011,Alimentação no domicílio,1101114,Sal e condimentos,11011144,Outros,70098,MOLHO DE FRANGO e sinonimos,13210,,,,
70099,V8000_DEFLA,1,Despesas Correntes,11,Despesas de Consumo,1101,Alimentacao,11011,Alimentação no domicílio,1101114,Sal e condimentos,11011144,Outros,70099,MOLHO PARA CARNE,13210,,,,
70100,V8000_DEFLA,1,Despesas Correntes,11,Despesas de Consumo,1101,Alimentacao,11011,Alimentação no domicílio,1101114,Sal e condimentos,11011144,Outros,70100,MOLHO SIRIO,13210,,,,
70101,V8000_DEFLA,1,Despesas Correntes,11,Despesas de Consumo,1101,Alimentacao,11011,Alimentação no domicílio,1101114,Sal e condimentos,11011144,Outros,70101,MOLHO TEMPERADO PARMESAO,13210,,,,
70102,V8000_DEFLA,1,Despesas Correntes,11,Despesas de Consumo,1101,Alimentacao,11011,Alimentação no domicílio,1101114,Sal e condimentos,11011144,Outros,70102,CEBOLINHA DESIDRATADA,13210,,,,
70103,V8000_DEFLA,1,Despesas Correntes,11,Despesas de Consumo,1101,Alimentacao,11011,Alimentação no domicílio,1101114,Sal e condimentos,11011144,Outros,70103,TOMATE SECO e sinonimos,13210,,,,
70104,V8000_DEFLA,1,Despesas Correntes,11,Despesas de Consumo,1101,Alimentacao,11011,Alimentação no domicílio,1101114,Sal e condimentos,11011142,Maionese,70104,MAIONESE LIGHT e sinonimos,13204,,,,
70105,V8000_DEFLA,1,Despesas Correntes,11,Despesas de Consumo,1101,Alimentacao,11011,Alimentação no domicílio,1101114,Sal e condimentos,11011144,Outros,70105,MOLHO DE SOJA LIGHT e sinonimos,13210,,,,
70106,V8000_DEFLA,1,Despesas Correntes,11,Despesas de Consumo,1101,Alimentacao,11011,Alimentação no domicílio,1101114,Sal e condimentos,11011144,Outros,70106,LEITE DE COCO LIGHT,13210,,,,
70107,V8000_DEFLA,1,Despesas Correntes,11,Despesas de Consumo,1101,Alimentacao,11011,Alimentação no domicílio,1101114,Sal e condimentos,11011144,Outros,70107,TEMPERO DE SALADAS LIGHT e sinonimos,13207,,,,
70108,V8000_DEFLA,1,Despesas Correntes,11,Despesas de Consumo,1101,Alimentacao,11011,Alimentação no domicílio,1101114,Sal e condimentos,11011144,Outros,70108,MOLHO DE HORTELA LIGHT,13210,,,,
70109,V8000_DEFLA,1,Despesas Correntes,11,Despesas de Consumo,1101,Alimentacao,11011,Alimentação no domicílio,1101114,Sal e condimentos,11011144,Outros,70109,MOLHO DE TOMATE LIGHT e sinonimos,13210,,,,
70110,V8000_DEFLA,1,Despesas Correntes,11,Despesas de Consumo,1101,Alimentacao,11011,Alimentação no domicílio,1101114,Sal e condimentos,11011143,Sal refinado,70110,SAL REFINADO LIGHT e sinonimos,13102,,,,
70111,V8000_DEFLA,1,Despesas Correntes,11,Despesas de Consumo,1101,Alimentacao,11011,Alimentação no domicílio,1101114,Sal e condimentos,11011144,Outros,70111,CALDO DE CEBOLA,13210,,,,
70112,V8000_DEFLA,1,Despesas Correntes,11,Despesas de Consumo,1101,Alimentacao,11011,Alimentação no domicílio,1101114,Sal e condimentos,11011144,Outros,70112,CALDO DE COSTELA,13210,,,,
70113,V8000_DEFLA,1,Despesas Correntes,11,Despesas de Consumo,1101,Alimentacao,11011,Alimentação no domicílio,1101114,Sal e condimentos,11011144,Outros,70113,CALDO DE MANDIOCA,13210,,,,
70114,V8000_DEFLA,1,Despesas Correntes,11,Despesas de Consumo,1101,Alimentacao,11011,Alimentação no domicílio,1101114,Sal e condimentos,11011144,Outros,70114,COCO EM FLOCOS e sinonimos,13210,,,,
70115,V8000_DEFLA,1,Despesas Correntes,11,Despesas de Consumo,1101,Alimentacao,11011,Alimentação no domicílio,1101114,Sal e condimentos,11011144,Outros,70115,COAGULANTE LIQUIDO (CLORETO DE MAGNESIO),13210,,,,
70116,V8000_DEFLA,1,Despesas Correntes,11,Despesas de Consumo,1101,Alimentacao,11011,Alimentação no domicílio,1101114,Sal e condimentos,11011144,Outros,70116,EMUSTAB (EMULSIFICANTE) e sinonimos,13210,,,,
70117,V8000_DEFLA,1,Despesas Correntes,11,Despesas de Consumo,1101,Alimentacao,11011,Alimentação no domicílio,1101114,Sal e condimentos,11011144,Outros,70117,PIMENTA CALABRESA,13210,,,,
70118,V8000_DEFLA,1,Despesas Correntes,11,Despesas de Consumo,1101,Alimentacao,11011,Alimentação no domicílio,1101114,Sal e condimentos,11011144,Outros,70118,TEMPERO SAZON e sinonimos,13207,,,,
70119,V8000_DEFLA,1,Despesas Correntes,11,Despesas de Consumo,1101,Alimentacao,11011,Alimentação no domicílio,1101114,Sal e condimentos,11011144,Outros,70119,VINAGRE DE ALCOOL E VINHO (COMPOSTO) e sinonimos,13208,,,,
70120,V8000_DEFLA,1,Despesas Correntes,11,Despesas de Consumo,1101,Alimentacao,11011,Alimentação no domicílio,1101114,Sal e condimentos,11011144,Outros,70120,CALDO DE ARROZ,13210,,,,
70121,V8000_DEFLA,1,Despesas Correntes,11,Despesas de Consumo,1101,Alimentacao,11011,Alimentação no domicílio,1101114,Sal e condimentos,11011144,Outros,70121,TEMPERO NAO-ESPECIFICADO EM PACOTE,13207,,,,
70122,V8000_DEFLA,1,Despesas Correntes,11,Despesas de Consumo,1101,Alimentacao,11011,Alimentação no domicílio,1101114,Sal e condimentos,11011144,Outros,70122,TEMPERO MISTO LIQUIDO e sinonimos,13207,,,,
70123,V8000_DEFLA,1,Despesas Correntes,11,Despesas de Consumo,1101,Alimentacao,11011,Alimentação no domicílio,1101114,Sal e condimentos,11011144,Outros,70123,VINAGRE DE LIMAO,13210,,,,
70124,V8000_DEFLA,1,Despesas Correntes,11,Despesas de Consumo,1101,Alimentacao,11011,Alimentação no domicílio,1101114,Sal e condimentos,11011144,Outros,70124,VINAGRE BALSAMICO,13210,,,,
70125,V8000_DEFLA,1,Despesas Correntes,11,Despesas de Consumo,1101,Alimentacao,11011,Alimentação no domicílio,1101114,Sal e condimentos,11011144,Outros,70125,CALDO DE PERU,13210,,,,
70126,V8000_DEFLA,1,Despesas Correntes,11,Despesas de Consumo,1101,Alimentacao,11011,Alimentação no domicílio,1101114,Sal e condimentos,11011144,Outros,70126,ERVA DOCE (TEMPERO INDUSTRIALIZADO),13210,,,,
70127,V8000_DEFLA,1,Despesas Correntes,11,Despesas de Consumo,1101,Alimentacao,11011,Alimentação no domicílio,1101114,Sal e condimentos,11011144,Outros,70127,VINAGRE DE MACA ORGANICO,13210,,,,
70128,V8000_DEFLA,1,Despesas Correntes,11,Despesas de Consumo,1101,Alimentacao,11011,Alimentação no domicílio,1101114,Sal e condimentos,11011144,Outros,70128,MOLHO CHIMICHURRI,13210,,,,
70129,V8000_DEFLA,1,Despesas Correntes,11,Despesas de Consumo,1101,Alimentacao,11011,Alimentação no domicílio,1101114,Sal e condimentos,11011144,Outros,70129,MOLHO PESTO,13210,,,,
70130,V8000_DEFLA,1,Despesas Correntes,11,Despesas de Consumo,1101,Alimentacao,11011,Alimentação no domicílio,1101114,Sal e condimentos,11011144,Outros,70130,VINAGRE DE CAMARAO,13210,,,,
70131,V8000_DEFLA,1,Despesas Correntes,11,Despesas de Consumo,1101,Alimentacao,11011,Alimentação no domicílio,1101114,Sal e condimentos,11011144,Outros,70131,LEMON PEPPER (TEMPERO INDUSTRIALIZADO),13210,,,,
70132,V8000_DEFLA,1,Despesas Correntes,11,Despesas de Consumo,1101,Alimentacao,11011,Alimentação no domicílio,1101114,Sal e condimentos,11011144,Outros,70132,ALECRIM DESIDRATADO,13210,,,,
70133,V8000_DEFLA,1,Despesas Correntes,11,Despesas de Consumo,1101,Alimentacao,11011,Alimentação no domicílio,1101114,Sal e condimentos,11011144,Outros,70133,MOLHO VINAGRETE,13210,,,,
70134,V8000_DEFLA,1,Despesas Correntes,11,Despesas de Consumo,1101,Alimentacao,11011,Alimentação no domicílio,1101114,Sal e condimentos,11011144,Outros,70134,ZAATAR,13210,,,,
70135,V8000_DEFLA,1,Despesas Correntes,11,Despesas de Consumo,1101,Alimentacao,11011,Alimentação no domicílio,1101114,Sal e condimentos,11011144,Outros,70135,SAL MARINHO,13103,,,,
70136,V8000_DEFLA,1,Despesas Correntes,11,Despesas de Consumo,1101,Alimentacao,11011,Alimentação no domicílio,1101114,Sal e condimentos,11011144,Outros,70136,SAL ROSA,13103,,,,
70137,V8000_DEFLA,1,Despesas Correntes,11,Despesas de Consumo,1101,Alimentacao,11011,Alimentação no domicílio,1101114,Sal e condimentos,11011144,Outros,70137,MOLHO DE CHAMPIGNON,13210,,,,
70138,V8000_DEFLA,1,Despesas Correntes,11,Despesas de Consumo,1101,Alimentacao,11011,Alimentação no domicílio,1101114,Sal e condimentos,11011144,Outros,70138,FURIKAKE (TEMPERO JAPONES),13210,,,,
70139,V8000_DEFLA,1,Despesas Correntes,11,Despesas de Consumo,1101,Alimentacao,11011,Alimentação no domicílio,1101114,Sal e condimentos,11011144,Outros,70139,TEMPERO DE ERVAS FINAS,13210,,,,
70140,V8000_DEFLA,1,Despesas Correntes,11,Despesas de Consumo,1101,Alimentacao,11011,Alimentação no domicílio,1101114,Sal e condimentos,11011144,Outros,70140,WASABI (TEMPERO JAPONES),13210,,,,
70141,V8000_DEFLA,1,Despesas Correntes,11,Despesas de Consumo,1101,Alimentacao,11011,Alimentação no domicílio,1101114,Sal e condimentos,11011144,Outros,70141,BICARBONATO DE AMONIO,13103,,,,
70142,V8000_DEFLA,1,Despesas Correntes,11,Despesas de Consumo,1101,Alimentacao,11011,Alimentação no domicílio,1101114,Sal e condimentos,11011144,Outros,70142,MOLHO DE BETERRABA,13210,,,,
70143,V8000_DEFLA,1,Despesas Correntes,11,Despesas de Consumo,1101,Alimentacao,11011,Alimentação no domicílio,1101114,Sal e condimentos,11011144,Outros,70143,MOLHO DE CENOURA,13210,,,,
70144,V8000_DEFLA,1,Despesas Correntes,11,Despesas de Consumo,1101,Alimentacao,11011,Alimentação no domicílio,1101114,Sal e condimentos,11011144,Outros,70144,MOLHO DE CHEDDAR,13210,,,,
70145,V8000_DEFLA,1,Despesas Correntes,11,Despesas de Consumo,1101,Alimentacao,11011,Alimentação no domicílio,1101114,Sal e condimentos,11011144,Outros,70145,MOLHO DE ALMEIRAO,13210,,,,
70146,V8000_DEFLA,1,Despesas Correntes,11,Despesas de Consumo,1101,Alimentacao,11011,Alimentação no domicílio,1101114,Sal e condimentos,11011144,Outros,70146,MOLHO DE ALHO PORO ORGANICO,13210,,,,
70147,V8000_DEFLA,1,Despesas Correntes,11,Despesas de Consumo,1101,Alimentacao,11011,Alimentação no domicílio,1101114,Sal e condimentos,11011144,Outros,70147,MOLHO DE RUCULA ORGANICO,13210,,,,
70148,V8000_DEFLA,1,Despesas Correntes,11,Despesas de Consumo,1101,Alimentacao,11011,Alimentação no domicílio,1101114,Sal e condimentos,11011144,Outros,70148,MOLHO DE PEQUI,13210,,,,
70149,V8000_DEFLA,1,Despesas Correntes,11,Despesas de Consumo,1101,Alimentacao,11011,Alimentação no domicílio,1101114,Sal e condimentos,11011144,Outros,70149,MOLHO DE CEBOLA ORGANICA,13210,,,,
70150,V8000_DEFLA,1,Despesas Correntes,11,Despesas de Consumo,1101,Alimentacao,11011,Alimentação no domicílio,1101114,Sal e condimentos,11011144,Outros,70150,MOLHO DE SALSA,13210,,,,
70151,V8000_DEFLA,1,Despesas Correntes,11,Despesas de Consumo,1101,Alimentacao,11011,Alimentação no domicílio,1101114,Sal e condimentos,11011144,Outros,70151,MOLHO DE ESPINAFRE,13210,,,,
71001,V8000_DEFLA,1,Despesas Correntes,11,Despesas de Consumo,1101,Alimentacao,11011,Alimentação no domicílio,1101107,"Carnes, vísceras e pescados",11011071,Carne de boi de primeira,71001,FILE MIGNON e sinonimos,07106,,,,
71002,V8000_DEFLA,1,Despesas Correntes,11,Despesas de Consumo,1101,Alimentacao,11011,Alimentação no domicílio,1101107,"Carnes, vísceras e pescados",11011071,Carne de boi de primeira,71002,CONTRAFILE e sinonimos,07103,,,,
71003,V8000_DEFLA,1,Despesas Correntes,11,Despesas de Consumo,1101,Alimentacao,11011,Alimentação no domicílio,1101107,"Carnes, vísceras e pescados",11011071,Carne de boi de primeira,71003,ALCATRA e sinonimos,07101,,,,
71004,V8000_DEFLA,1,Despesas Correntes,11,Despesas de Consumo,1101,Alimentacao,11011,Alimentação no domicílio,1101107,"Carnes, vísceras e pescados",11011071,Carne de boi de primeira,71004,CHA DE DENTRO e sinonimos,07104,,,,
71005,V8000_DEFLA,1,Despesas Correntes,11,Despesas de Consumo,1101,Alimentacao,11011,Alimentação no domicílio,1101107,"Carnes, vísceras e pescados",11011071,Carne de boi de primeira,71005,PATINHO e sinonimos,07103,,,,
71006,V8000_DEFLA,1,Despesas Correntes,11,Despesas de Consumo,1101,Alimentacao,11011,Alimentação no domicílio,1101107,"Carnes, vísceras e pescados",11011071,Carne de boi de primeira,71006,LAGARTO REDONDO e sinonimos,07103,,,,
71007,V8000_DEFLA,1,Despesas Correntes,11,Despesas de Consumo,1101,Alimentacao,11011,Alimentação no domicílio,1101107,"Carnes, vísceras e pescados",11011071,Carne de boi de primeira,71007,LAGARTO COMUM e sinonimos,07107,,,,
71008,V8000_DEFLA,1,Despesas Correntes,11,Despesas de Consumo,1101,Alimentacao,11011,Alimentação no domicílio,1101107,"Carnes, vísceras e pescados",11011072,Carne de boi de segunda,71008,ACEM e sinonimos,07201,,,,
71009,V8000_DEFLA,1,Despesas Correntes,11,Despesas de Consumo,1101,Alimentacao,11011,Alimentação no domicílio,1101107,"Carnes, vísceras e pescados",11011072,Carne de boi de segunda,71009,PA e sinonimos,07206,,,,
71010,V8000_DEFLA,1,Despesas Correntes,11,Despesas de Consumo,1101,Alimentacao,11011,Alimentação no domicílio,1101107,"Carnes, vísceras e pescados",11011072,Carne de boi de segunda,71010,MUSCULO BOVINO e sinonimos,07205,,,,
71011,V8000_DEFLA,1,Despesas Correntes,11,Despesas de Consumo,1101,Alimentacao,11011,Alimentação no domicílio,1101107,"Carnes, vísceras e pescados",11011072,Carne de boi de segunda,71011,PEITO BOVINO e sinonimos,07207,,,,
71012,V8000_DEFLA,1,Despesas Correntes,11,Despesas de Consumo,1101,Alimentacao,11011,Alimentação no domicílio,1101107,"Carnes, vísceras e pescados",11011072,Carne de boi de segunda,71012,CAPA DE FILE e sinonimos,07205,,,,
71013,V8000_DEFLA,1,Despesas Correntes,11,Despesas de Consumo,1101,Alimentacao,11011,Alimentação no domicílio,1101107,"Carnes, vísceras e pescados",11011072,Carne de boi de segunda,71013,COSTELA BOVINA e sinonimos,07204,,,,
71014,V8000_DEFLA,1,Despesas Correntes,11,Despesas de Consumo,1101,Alimentacao,11011,Alimentação no domicílio,1101107,"Carnes, vísceras e pescados",11011071,Carne de boi de primeira,71014,CARNE MOIDA DE PRIMEIRA e sinonimos,07102,,,,
71015,V8000_DEFLA,1,Despesas Correntes,11,Despesas de Consumo,1101,Alimentacao,11011,Alimentação no domicílio,1101107,"Carnes, vísceras e pescados",11011072,Carne de boi de segunda,71015,CARNE MOIDA DE SEGUNDA e sinonimos,07203,,,,
71016,V8000_DEFLA,1,Despesas Correntes,11,Despesas de Consumo,1101,Alimentacao,11011,Alimentação no domicílio,1101107,"Carnes, vísceras e pescados",11011071,Carne de boi de primeira,71016,CARNE BOVINA DE PRIMEIRA e sinonimos,07102,,,,
71017,V8000_DEFLA,1,Despesas Correntes,11,Despesas de Consumo,1101,Alimentacao,11011,Alimentação no domicílio,1101107,"Carnes, vísceras e pescados",11011072,Carne de boi de segunda,71017,CARNE BOVINA DE SEGUNDA e sinonimos,07203,,,,
71018,V8000_DEFLA,1,Despesas Correntes,11,Despesas de Consumo,1101,Alimentacao,11011,Alimentação no domicílio,1101107,"Carnes, vísceras e pescados",11011076,Outros,71018,VISCERA BOVINA NAO-ESPECIFICADA e sinonimos,08102,,,,
71019,V8000_DEFLA,1,Despesas Correntes,11,Despesas de Consumo,1101,Alimentacao,11011,Alimentação no domicílio,1101107,"Carnes, vísceras e pescados",11011076,Outros,71019,CORACAO BOVINO,08102,,,,
71020,V8000_DEFLA,1,Despesas Correntes,11,Despesas de Consumo,1101,Alimentacao,11011,Alimentação no domicílio,1101107,"Carnes, vísceras e pescados",11011076,Outros,71020,RIM BOVINO,08102,,,,
71021,V8000_DEFLA,1,Despesas Correntes,11,Despesas de Consumo,1101,Alimentacao,11011,Alimentação no domicílio,1101107,"Carnes, vísceras e pescados",11011076,Outros,71021,PULMAO BOVINO e sinonimos,08102,,,,
71022,V8000_DEFLA,1,Despesas Correntes,11,Despesas de Consumo,1101,Alimentacao,11011,Alimentação no domicílio,1101107,"Carnes, vísceras e pescados",11011076,Outros,71022,MIOLO BOVINO,08102,,,,
71023,V8000_DEFLA,1,Despesas Correntes,11,Despesas de Consumo,1101,Alimentacao,11011,Alimentação no domicílio,1101107,"Carnes, vísceras e pescados",11011076,Outros,71023,BUCHO BOVINO e sinonimos,08102,,,,
71024,V8000_DEFLA,1,Despesas Correntes,11,Despesas de Consumo,1101,Alimentacao,11011,Alimentação no domicílio,1101107,"Carnes, vísceras e pescados",11011076,Outros,71024,TRIPA BOVINA e sinonimos,08102,,,,
71025,V8000_DEFLA,1,Despesas Correntes,11,Despesas de Consumo,1101,Alimentacao,11011,Alimentação no domicílio,1101107,"Carnes, vísceras e pescados",11011076,Outros,71025,FIGADO BOVINO e sinonimos,08101,,,,
71026,V8000_DEFLA,1,Despesas Correntes,11,Despesas de Consumo,1101,Alimentacao,11011,Alimentação no domicílio,1101107,"Carnes, vísceras e pescados",11011072,Carne de boi de segunda,71026,CUPIM e sinonimos,07103,,,,
71027,V8000_DEFLA,1,Despesas Correntes,11,Despesas de Consumo,1101,Alimentacao,11011,Alimentação no domicílio,1101107,"Carnes, vísceras e pescados",11011076,Outros,71027,LINGUA BOVINA,08102,,,,
71028,V8000_DEFLA,1,Despesas Correntes,11,Despesas de Consumo,1101,Alimentacao,11011,Alimentação no domicílio,1101107,"Carnes, vísceras e pescados",11011076,Outros,71028,RABADA BOVINA e sinonimos,07208,,,,
71029,V8000_DEFLA,1,Despesas Correntes,11,Despesas de Consumo,1101,Alimentacao,11011,Alimentação no domicílio,1101107,"Carnes, vísceras e pescados",11011076,Outros,71029,TESTICULO BOVINO,08102,,,,
71030,V8000_DEFLA,1,Despesas Correntes,11,Despesas de Consumo,1101,Alimentacao,11011,Alimentação no domicílio,1101107,"Carnes, vísceras e pescados",11011076,Outros,71030,CABECA BOVINA e sinonimos,08102,,,,
71031,V8000_DEFLA,1,Despesas Correntes,11,Despesas de Consumo,1101,Alimentacao,11011,Alimentação no domicílio,1101107,"Carnes, vísceras e pescados",11011076,Outros,71031,MOCOTO BOVINO e sinonimos,08102,,,,
71032,V8000_DEFLA,1,Despesas Correntes,11,Despesas de Consumo,1101,Alimentacao,11011,Alimentação no domicílio,1101107,"Carnes, vísceras e pescados",11011076,Outros,71032,OSSO BOVINO e sinonimos,08102,,,,
71033,V8000_DEFLA,1,Despesas Correntes,11,Despesas de Consumo,1101,Alimentacao,11011,Alimentação no domicílio,1101107,"Carnes, vísceras e pescados",11011073,Carne de suíno,71033,CARRE e sinonimos,07401,,,,
71034,V8000_DEFLA,1,Despesas Correntes,11,Despesas de Consumo,1101,Alimentacao,11011,Alimentação no domicílio,1101107,"Carnes, vísceras e pescados",11011073,Carne de suíno,71034,PERNIL SUINO e sinonimos,07506,,,,
71035,V8000_DEFLA,1,Despesas Correntes,11,Despesas de Consumo,1101,Alimentacao,11011,Alimentação no domicílio,1101107,"Carnes, vísceras e pescados",11011073,Carne de suíno,71035,COSTELA SUINA e sinonimos,07402,,,,
71036,V8000_DEFLA,1,Despesas Correntes,11,Despesas de Consumo,1101,Alimentacao,11011,Alimentação no domicílio,1101107,"Carnes, vísceras e pescados",11011073,Carne de suíno,71036,CARNE SUINA COM OSSO NAO-ESPECIFICADA,07405,,,,
71037,V8000_DEFLA,1,Despesas Correntes,11,Despesas de Consumo,1101,Alimentacao,11011,Alimentação no domicílio,1101107,"Carnes, vísceras e pescados",11011073,Carne de suíno,71037,LOMBO SUINO e sinonimos,07403,,,,
71038,V8000_DEFLA,1,Despesas Correntes,11,Despesas de Consumo,1101,Alimentacao,11011,Alimentação no domicílio,1101107,"Carnes, vísceras e pescados",11011073,Carne de suíno,71038,TOUCINHO e sinonimos,07504,,,,
71039,V8000_DEFLA,1,Despesas Correntes,11,Despesas de Consumo,1101,Alimentacao,11011,Alimentação no domicílio,1101107,"Carnes, vísceras e pescados",11011073,Carne de suíno,71039,VISCERA SUINA NAO-ESPECIFICADA e sinonimos,08103,,,,
71040,V8000_DEFLA,1,Despesas Correntes,11,Despesas de Consumo,1101,Alimentacao,11011,Alimentação no domicílio,1101107,"Carnes, vísceras e pescados",11011073,Carne de suíno,71040,CORACAO SUINO,07506,,,,
71041,V8000_DEFLA,1,Despesas Correntes,11,Despesas de Consumo,1101,Alimentacao,11011,Alimentação no domicílio,1101107,"Carnes, vísceras e pescados",11011073,Carne de suíno,71041,CARNE SUINA NAO-ESPECIFICADA e sinonimos,07506,,,,
71042,V8000_DEFLA,1,Despesas Correntes,11,Despesas de Consumo,1101,Alimentacao,11011,Alimentação no domicílio,1101107,"Carnes, vísceras e pescados",11011073,Carne de suíno,71042,BOFE SUINO e sinonimos,07506,,,,
71043,V8000_DEFLA,1,Despesas Correntes,11,Despesas de Consumo,1101,Alimentacao,11011,Alimentação no domicílio,1101107,"Carnes, vísceras e pescados",11011076,Outros,71043,CARNE MOIDA NAO-ESPECIFICADA e sinonimos,07602,,,,
71044,V8000_DEFLA,1,Despesas Correntes,11,Despesas de Consumo,1101,Alimentacao,11011,Alimentação no domicílio,1101107,"Carnes, vísceras e pescados",11011073,Carne de suíno,71044,BUCHO SUINO e sinonimos,08103,,,,
71045,V8000_DEFLA,1,Despesas Correntes,11,Despesas de Consumo,1101,Alimentacao,11011,Alimentação no domicílio,1101107,"Carnes, vísceras e pescados",11011073,Carne de suíno,71045,TRIPA SUINA e sinonimos,08103,,,,
71046,V8000_DEFLA,1,Despesas Correntes,11,Despesas de Consumo,1101,Alimentacao,11011,Alimentação no domicílio,1101107,"Carnes, vísceras e pescados",11011073,Carne de suíno,71046,FIGADO SUINO,08103,,,,
71047,V8000_DEFLA,1,Despesas Correntes,11,Despesas de Consumo,1101,Alimentacao,11011,Alimentação no domicílio,1101107,"Carnes, vísceras e pescados",11011073,Carne de suíno,71047,LINGUA SUINA,08103,,,,
71048,V8000_DEFLA,1,Despesas Correntes,11,Despesas de Consumo,1101,Alimentacao,11011,Alimentação no domicílio,1101107,"Carnes, vísceras e pescados",11011073,Carne de suíno,71048,RABO SUINO e sinonimos,08103,,,,
71049,V8000_DEFLA,1,Despesas Correntes,11,Despesas de Consumo,1101,Alimentacao,11011,Alimentação no domicílio,1101107,"Carnes, vísceras e pescados",11011073,Carne de suíno,71049,CABECA SUINA e sinonimos,08103,,,,
71050,V8000_DEFLA,1,Despesas Correntes,11,Despesas de Consumo,1101,Alimentacao,11011,Alimentação no domicílio,1101107,"Carnes, vísceras e pescados",11011073,Carne de suíno,71050,ORELHA SUINA FRESCA,08103,,,,
71051,V8000_DEFLA,1,Despesas Correntes,11,Despesas de Consumo,1101,Alimentacao,11011,Alimentação no domicílio,1101107,"Carnes, vísceras e pescados",11011073,Carne de suíno,71051,SANGUE SUINO e sinonimos,08103,,,,
71052,V8000_DEFLA,1,Despesas Correntes,11,Despesas de Consumo,1101,Alimentacao,11011,Alimentação no domicílio,1101107,"Carnes, vísceras e pescados",11011073,Carne de suíno,71052,OSSO SUINO e sinonimos,08103,,,,
71053,V8000_DEFLA,1,Despesas Correntes,11,Despesas de Consumo,1101,Alimentacao,11011,Alimentação no domicílio,1101107,"Carnes, vísceras e pescados",11011073,Carne de suíno,71053,PORCO VIVO e sinonimos,07602,,,,
71054,V8000_DEFLA,1,Despesas Correntes,11,Despesas de Consumo,1101,Alimentacao,11011,Alimentação no domicílio,1101107,"Carnes, vísceras e pescados",11011076,Outros,71054,CARNE DE CABRITO e sinonimos,07602,,,,
71055,V8000_DEFLA,1,Despesas Correntes,11,Despesas de Consumo,1101,Alimentacao,11011,Alimentação no domicílio,1101107,"Carnes, vísceras e pescados",11011076,Outros,71055,CABRITO VIVO e sinonimos,07602,,,,
71056,V8000_DEFLA,1,Despesas Correntes,11,Despesas de Consumo,1101,Alimentacao,11011,Alimentação no domicílio,1101107,"Carnes, vísceras e pescados",11011076,Outros,71056,CARNE DE CARNEIRO e sinonimos,07602,,,,
71057,V8000_DEFLA,1,Despesas Correntes,11,Despesas de Consumo,1101,Alimentacao,11011,Alimentação no domicílio,1101107,"Carnes, vísceras e pescados",11011076,Outros,71057,CARNEIRO VIVO e sinonimos,07602,,,,
71058,V8000_DEFLA,1,Despesas Correntes,11,Despesas de Consumo,1101,Alimentacao,11011,Alimentação no domicílio,1101107,"Carnes, vísceras e pescados",11011076,Outros,71058,MOCOTO DE CAPRINO,07602,,,,
71059,V8000_DEFLA,1,Despesas Correntes,11,Despesas de Consumo,1101,Alimentacao,11011,Alimentação no domicílio,1101107,"Carnes, vísceras e pescados",11011071,Carne de boi de primeira,71059,CHA BOVINA NAO-ESPECIFICADA,07104,,,,
71060,V8000_DEFLA,1,Despesas Correntes,11,Despesas de Consumo,1101,Alimentacao,11011,Alimentação no domicílio,1101107,"Carnes, vísceras e pescados",11011073,Carne de suíno,71060,CARNE SUINA DE PRIMEIRA NAO-ESPECIFICADA,07506,,,,
71061,V8000_DEFLA,1,Despesas Correntes,11,Despesas de Consumo,1101,Alimentacao,11011,Alimentação no domicílio,1101107,"Carnes, vísceras e pescados",11011076,Outros,71061,COSTELA NAO-ESPECIFICADA,07402,,,,
71062,V8000_DEFLA,1,Despesas Correntes,11,Despesas de Consumo,1101,Alimentacao,11011,Alimentação no domicílio,1101107,"Carnes, vísceras e pescados",11011076,Outros,71062,PE DE CAPRINO,07602,,,,
71063,V8000_DEFLA,1,Despesas Correntes,11,Despesas de Consumo,1101,Alimentacao,11011,Alimentação no domicílio,1101107,"Carnes, vísceras e pescados",11011076,Outros,71063,PERNIL NAO-ESPECIFICADO,07404,,,,
71064,V8000_DEFLA,1,Despesas Correntes,11,Despesas de Consumo,1101,Alimentacao,11011,Alimentação no domicílio,1101107,"Carnes, vísceras e pescados",11011071,Carne de boi de primeira,71064,LAGARTO BOVINO NAO-ESPECIFICADO e sinonimos,07107,,,,
71065,V8000_DEFLA,1,Despesas Correntes,11,Despesas de Consumo,1101,Alimentacao,11011,Alimentação no domicílio,1101107,"Carnes, vísceras e pescados",11011073,Carne de suíno,71065,ALCATRA SUINA,07405,,,,
71066,V8000_DEFLA,1,Despesas Correntes,11,Despesas de Consumo,1101,Alimentacao,11011,Alimentação no domicílio,1101107,"Carnes, vísceras e pescados",11011076,Outros,71066,TANAJURA,07602,,,,
71067,V8000_DEFLA,1,Despesas Correntes,11,Despesas de Consumo,1101,Alimentacao,11011,Alimentação no domicílio,1101107,"Carnes, vísceras e pescados",11011076,Outros,71067,OUTROS ANIMAIS VIVOS e sinonimos,07602,,,,
71068,V8000_DEFLA,1,Despesas Correntes,11,Despesas de Consumo,1101,Alimentacao,11011,Alimentação no domicílio,1101107,"Carnes, vísceras e pescados",11011073,Carne de suíno,71068,CARNE SUINA SEM OSSO NAO-ESPECIFICADA e sinonimos,07506,,,,
71069,V8000_DEFLA,1,Despesas Correntes,11,Despesas de Consumo,1101,Alimentacao,11011,Alimentação no domicílio,1101107,"Carnes, vísceras e pescados",11011076,Outros,71069,PASSARINHA BOVINA e sinonimos,07208,,,,
71070,V8000_DEFLA,1,Despesas Correntes,11,Despesas de Consumo,1101,Alimentacao,11011,Alimentação no domicílio,1101107,"Carnes, vísceras e pescados",11011073,Carne de suíno,71070,PASSARINHA SUINA e sinonimos,07405,,,,
71071,V8000_DEFLA,1,Despesas Correntes,11,Despesas de Consumo,1101,Alimentacao,11011,Alimentação no domicílio,1101107,"Carnes, vísceras e pescados",11011076,Outros,71071,BRAJOLA e sinonimos,07208,,,,
71072,V8000_DEFLA,1,Despesas Correntes,11,Despesas de Consumo,1101,Alimentacao,11011,Alimentação no domicílio,1101107,"Carnes, vísceras e pescados",11011076,Outros,71072,BUCHO DE CARNEIRO e sinonimos,08104,,,,
71073,V8000_DEFLA,1,Despesas Correntes,11,Despesas de Consumo,1101,Alimentacao,11011,Alimentação no domicílio,1101107,"Carnes, vísceras e pescados",11011076,Outros,71073,LIMPEZA DE CARNE BOVINA e sinonimos,07208,,,,
71074,V8000_DEFLA,1,Despesas Correntes,11,Despesas de Consumo,1101,Alimentacao,11011,Alimentação no domicílio,1101107,"Carnes, vísceras e pescados",11011076,Outros,71074,BUCHO NAO-ESPECIFICADO e sinonimos,08104,,,,
71075,V8000_DEFLA,1,Despesas Correntes,11,Despesas de Consumo,1101,Alimentacao,11011,Alimentação no domicílio,1101107,"Carnes, vísceras e pescados",11011073,Carne de suíno,71075,SUA SUINA e sinonimos,07506,,,,
71076,V8000_DEFLA,1,Despesas Correntes,11,Despesas de Consumo,1101,Alimentacao,11011,Alimentação no domicílio,1101107,"Carnes, vísceras e pescados",11011076,Outros,71076,CARNE DE OUTROS ANIMAIS e sinonimos,07602,,,,
71077,V8000_DEFLA,1,Despesas Correntes,11,Despesas de Consumo,1101,Alimentacao,11011,Alimentação no domicílio,1101107,"Carnes, vísceras e pescados",11011076,Outros,71077,CARNE DE BUFALO,07602,,,,
71078,V8000_DEFLA,1,Despesas Correntes,11,Despesas de Consumo,1101,Alimentacao,11011,Alimentação no domicílio,1101107,"Carnes, vísceras e pescados",11011071,Carne de boi de primeira,71078,CARNE DE PRIMEIRA NAO-ESPECIFICADA e sinonimos,07103,,,,
71079,V8000_DEFLA,1,Despesas Correntes,11,Despesas de Consumo,1101,Alimentacao,11011,Alimentação no domicílio,1101107,"Carnes, vísceras e pescados",11011076,Outros,71079,KIT DE CARNE DE CHURRASCO e sinonimos,07208,,,,
71080,V8000_DEFLA,1,Despesas Correntes,11,Despesas de Consumo,1101,Alimentacao,11011,Alimentação no domicílio,1101107,"Carnes, vísceras e pescados",11011076,Outros,71080,ESTOMAGO NAO-ESPECIFICADO,08104,,,,
71081,V8000_DEFLA,1,Despesas Correntes,11,Despesas de Consumo,1101,Alimentacao,11011,Alimentação no domicílio,1101107,"Carnes, vísceras e pescados",11011076,Outros,71081,VISCERA DE CARNEIRO e sinonimos,08104,,,,
71082,V8000_DEFLA,1,Despesas Correntes,11,Despesas de Consumo,1101,Alimentacao,11011,Alimentação no domicílio,1101107,"Carnes, vísceras e pescados",11011073,Carne de suíno,71082,NARIZ SUINO,08103,,,,
71083,V8000_DEFLA,1,Despesas Correntes,11,Despesas de Consumo,1101,Alimentacao,11011,Alimentação no domicílio,1101107,"Carnes, vísceras e pescados",11011073,Carne de suíno,71083,PE SUINO FRESCO e sinonimos,07506,,,,
71084,V8000_DEFLA,1,Despesas Correntes,11,Despesas de Consumo,1101,Alimentacao,11011,Alimentação no domicílio,1101107,"Carnes, vísceras e pescados",11011073,Carne de suíno,71084,PORCO OU LEITAO MORTO EVISCERADO e sinonimos,07405,,,,
71085,V8000_DEFLA,1,Despesas Correntes,11,Despesas de Consumo,1101,Alimentacao,11011,Alimentação no domicílio,1101107,"Carnes, vísceras e pescados",11011073,Carne de suíno,71085,APARA DE CARNE SUINA e sinonimos,07506,,,,
71086,V8000_DEFLA,1,Despesas Correntes,11,Despesas de Consumo,1101,Alimentacao,11011,Alimentação no domicílio,1101107,"Carnes, vísceras e pescados",11011076,Outros,71086,GARGANTA BOVINA,08102,,,,
71087,V8000_DEFLA,1,Despesas Correntes,11,Despesas de Consumo,1101,Alimentacao,11011,Alimentação no domicílio,1101107,"Carnes, vísceras e pescados",11011076,Outros,71087,CABECA DE BODE e sinonimos,08104,,,,
71088,V8000_DEFLA,1,Despesas Correntes,11,Despesas de Consumo,1101,Alimentacao,11011,Alimentação no domicílio,1101107,"Carnes, vísceras e pescados",11011076,Outros,71088,CARNE DE TERNEIRO NAO-NASCIDO,08102,,,,
71089,V8000_DEFLA,1,Despesas Correntes,11,Despesas de Consumo,1101,Alimentacao,11011,Alimentação no domicílio,1101107,"Carnes, vísceras e pescados",11011076,Outros,71089,CARNE NAO-ESPECIFICADA e sinonimos,07208,,,,
71090,V8000_DEFLA,1,Despesas Correntes,11,Despesas de Consumo,1101,Alimentacao,11011,Alimentação no domicílio,1101107,"Carnes, vísceras e pescados",11011076,Outros,71090,CARNE BOVINA SEM OSSO NAO-ESPECIFICADA,07208,,,,
71091,V8000_DEFLA,1,Despesas Correntes,11,Despesas de Consumo,1101,Alimentacao,11011,Alimentação no domicílio,1101107,"Carnes, vísceras e pescados",11011076,Outros,71091,CARNE BOVINA NAO-ESPECIFICADA,07208,,,,
71092,V8000_DEFLA,1,Despesas Correntes,11,Despesas de Consumo,1101,Alimentacao,11011,Alimentação no domicílio,1101107,"Carnes, vísceras e pescados",11011076,Outros,71092,BACO NAO-ESPECIFICADO,08104,,,,
71093,V8000_DEFLA,1,Despesas Correntes,11,Despesas de Consumo,1101,Alimentacao,11011,Alimentação no domicílio,1101107,"Carnes, vísceras e pescados",11011076,Outros,71093,SANGUE DE CARNEIRO,08104,,,,
71094,V8000_DEFLA,1,Despesas Correntes,11,Despesas de Consumo,1101,Alimentacao,11011,Alimentação no domicílio,1101107,"Carnes, vísceras e pescados",11011076,Outros,71094,BODE ABATIDO,07602,,,,
71095,V8000_DEFLA,1,Despesas Correntes,11,Despesas de Consumo,1101,Alimentacao,11011,Alimentação no domicílio,1101107,"Carnes, vísceras e pescados",11011076,Outros,71095,BOFE NAO-ESPECIFICADO,07602,,,,
71096,V8000_DEFLA,1,Despesas Correntes,11,Despesas de Consumo,1101,Alimentacao,11011,Alimentação no domicílio,1101107,"Carnes, vísceras e pescados",11011076,Outros,71096,RIM DE BODE,08104,,,,
71097,V8000_DEFLA,1,Despesas Correntes,11,Despesas de Consumo,1101,Alimentacao,11011,Alimentação no domicílio,1101107,"Carnes, vísceras e pescados",11011073,Carne de suíno,71097,RIM SUINO,08103,,,,
71098,V8000_DEFLA,1,Despesas Correntes,11,Despesas de Consumo,1101,Alimentacao,11011,Alimentação no domicílio,1101107,"Carnes, vísceras e pescados",11011076,Outros,71098,BOFE DE CAPRINO e sinonimos,07602,,,,
71099,V8000_DEFLA,1,Despesas Correntes,11,Despesas de Consumo,1101,Alimentacao,11011,Alimentação no domicílio,1101107,"Carnes, vísceras e pescados",11011076,Outros,71099,RIM NAO-ESPECIFICADO,08104,,,,
71100,V8000_DEFLA,1,Despesas Correntes,11,Despesas de Consumo,1101,Alimentacao,11011,Alimentação no domicílio,1101107,"Carnes, vísceras e pescados",11011076,Outros,71100,APARA NAO-ESPECIFICADA,08104,,,,
71101,V8000_DEFLA,1,Despesas Correntes,11,Despesas de Consumo,1101,Alimentacao,11011,Alimentação no domicílio,1101107,"Carnes, vísceras e pescados",11011076,Outros,71101,CARNE COM OSSO NAO-ESPECIFICADA,07208,,,,
71102,V8000_DEFLA,1,Despesas Correntes,11,Despesas de Consumo,1101,Alimentacao,11011,Alimentação no domicílio,1101107,"Carnes, vísceras e pescados",11011076,Outros,71102,CARNE BOVINA DE TERCEIRA,07208,,,,
71103,V8000_DEFLA,1,Despesas Correntes,11,Despesas de Consumo,1101,Alimentacao,11011,Alimentação no domicílio,1101107,"Carnes, vísceras e pescados",11011076,Outros,71103,CORACAO DE CAPRINO,08104,,,,
71104,V8000_DEFLA,1,Despesas Correntes,11,Despesas de Consumo,1101,Alimentacao,11011,Alimentação no domicílio,1101107,"Carnes, vísceras e pescados",11011076,Outros,71104,ORELHA CAPRINA FRESCA,08104,,,,
71105,V8000_DEFLA,1,Despesas Correntes,11,Despesas de Consumo,1101,Alimentacao,11011,Alimentação no domicílio,1101107,"Carnes, vísceras e pescados",11011073,Carne de suíno,71105,CARNE SUINA DE SEGUNDA NAO-ESPECIFICADA e sinonimos,07405,,,,
71106,V8000_DEFLA,1,Despesas Correntes,11,Despesas de Consumo,1101,Alimentacao,11011,Alimentação no domicílio,1101107,"Carnes, vísceras e pescados",11011073,Carne de suíno,71106,LOMBO NAO-ESPECIFICADO,07403,,,,
71107,V8000_DEFLA,1,Despesas Correntes,11,Despesas de Consumo,1101,Alimentacao,11011,Alimentação no domicílio,1101107,"Carnes, vísceras e pescados",11011076,Outros,71107,CARNE MOIDA DE TERCEIRA e sinonimos,07208,,,,
71108,V8000_DEFLA,1,Despesas Correntes,11,Despesas de Consumo,1101,Alimentacao,11011,Alimentação no domicílio,1101107,"Carnes, vísceras e pescados",11011072,Carne de boi de segunda,71108,MUSCULO NAO-ESPECIFICADO,07205,,,,
71109,V8000_DEFLA,1,Despesas Correntes,11,Despesas de Consumo,1101,Alimentacao,11011,Alimentação no domicílio,1101107,"Carnes, vísceras e pescados",11011076,Outros,71109,OSSO NAO-ESPECIFICADO e sinonimos,16103,,,,
71110,V8000_DEFLA,1,Despesas Correntes,11,Despesas de Consumo,1101,Alimentacao,11011,Alimentação no domicílio,1101107,"Carnes, vísceras e pescados",11011076,Outros,71110,CARNE DE TERCEIRA NAO-ESPECIFICADA,16103,,,,
71111,V8000_DEFLA,1,Despesas Correntes,11,Despesas de Consumo,1101,Alimentacao,11011,Alimentação no domicílio,1101107,"Carnes, vísceras e pescados",11011076,Outros,71111,CARNE SEM OSSO NAO-ESPECIFICADA,16103,,,,
71112,V8000_DEFLA,1,Despesas Correntes,11,Despesas de Consumo,1101,Alimentacao,11011,Alimentação no domicílio,1101107,"Carnes, vísceras e pescados",11011072,Carne de boi de segunda,71112,CARNE DE SEGUNDA SEM OSSO NAO-ESPECIFICADA e sinonimos,07208,,,,
71113,V8000_DEFLA,1,Despesas Correntes,11,Despesas de Consumo,1101,Alimentacao,11011,Alimentação no domicílio,1101107,"Carnes, vísceras e pescados",11011071,Carne de boi de primeira,71113,FILE MIGNON ORGANICO e sinonimos,07106,,,,
71114,V8000_DEFLA,1,Despesas Correntes,11,Despesas de Consumo,1101,Alimentacao,11011,Alimentação no domicílio,1101107,"Carnes, vísceras e pescados",11011071,Carne de boi de primeira,71114,CONTRAFILE ORGANICO e sinonimos,07105,,,,
71115,V8000_DEFLA,1,Despesas Correntes,11,Despesas de Consumo,1101,Alimentacao,11011,Alimentação no domicílio,1101107,"Carnes, vísceras e pescados",11011071,Carne de boi de primeira,71115,ALCATRA ORGANICA e sinonimos,07101,,,,
71116,V8000_DEFLA,1,Despesas Correntes,11,Despesas de Consumo,1101,Alimentacao,11011,Alimentação no domicílio,1101107,"Carnes, vísceras e pescados",11011071,Carne de boi de primeira,71116,CHA DE DENTRO ORGANICA e sinonimos,07104,,,,
71117,V8000_DEFLA,1,Despesas Correntes,11,Despesas de Consumo,1101,Alimentacao,11011,Alimentação no domicílio,1101107,"Carnes, vísceras e pescados",11011071,Carne de boi de primeira,71117,PATINHO ORGANICO e sinonimos,07109,,,,
71118,V8000_DEFLA,1,Despesas Correntes,11,Despesas de Consumo,1101,Alimentacao,11011,Alimentação no domicílio,1101107,"Carnes, vísceras e pescados",11011071,Carne de boi de primeira,71118,LAGARTO REDONDO ORGANICO e sinonimos,07108,,,,
71119,V8000_DEFLA,1,Despesas Correntes,11,Despesas de Consumo,1101,Alimentacao,11011,Alimentação no domicílio,1101107,"Carnes, vísceras e pescados",11011071,Carne de boi de primeira,71119,LAGARTO COMUM ORGANICO e sinonimos,07107,,,,
71120,V8000_DEFLA,1,Despesas Correntes,11,Despesas de Consumo,1101,Alimentacao,11011,Alimentação no domicílio,1101107,"Carnes, vísceras e pescados",11011071,Carne de boi de primeira,71120,CARNE BOVINA DE PRIMEIRA ORGANICA e sinonimos,07405,,,,
71121,V8000_DEFLA,1,Despesas Correntes,11,Despesas de Consumo,1101,Alimentacao,11011,Alimentação no domicílio,1101107,"Carnes, vísceras e pescados",11011073,Carne de suíno,71121,PANCETA SUINA,07506,,,,
71122,V8000_DEFLA,1,Despesas Correntes,11,Despesas de Consumo,1101,Alimentacao,11011,Alimentação no domicílio,1101107,"Carnes, vísceras e pescados",11011072,Carne de boi de segunda,71122,PEIXINHO (LAGARTO DO BRACO),07107,,,,
71123,V8000_DEFLA,1,Despesas Correntes,11,Despesas de Consumo,1101,Alimentacao,11011,Alimentação no domicílio,1101107,"Carnes, vísceras e pescados",11011076,Outros,71123,SANGUE BOVINO,08102,,,,
71124,V8000_DEFLA,1,Despesas Correntes,11,Despesas de Consumo,1101,Alimentacao,11011,Alimentação no domicílio,1101107,"Carnes, vísceras e pescados",11011076,Outros,71124,SUA BOVINA,07208,,,,
71125,V8000_DEFLA,1,Despesas Correntes,11,Despesas de Consumo,1101,Alimentacao,11011,Alimentação no domicílio,1101107,"Carnes, vísceras e pescados",11011071,Carne de boi de primeira,71125,MAMINHA e sinonimos,07103,,,,
71126,V8000_DEFLA,1,Despesas Correntes,11,Despesas de Consumo,1101,Alimentacao,11011,Alimentação no domicílio,1101107,"Carnes, vísceras e pescados",11011071,Carne de boi de primeira,71126,PICANHA,07103,,,,
71127,V8000_DEFLA,1,Despesas Correntes,11,Despesas de Consumo,1101,Alimentacao,11011,Alimentação no domicílio,1101107,"Carnes, vísceras e pescados",11011071,Carne de boi de primeira,71127,FILE DUPLO,07103,,,,
71128,V8000_DEFLA,1,Despesas Correntes,11,Despesas de Consumo,1101,Alimentacao,11011,Alimentação no domicílio,1101107,"Carnes, vísceras e pescados",11011071,Carne de boi de primeira,71128,FILE AMERICANO,07103,,,,
71129,V8000_DEFLA,1,Despesas Correntes,11,Despesas de Consumo,1101,Alimentacao,11011,Alimentação no domicílio,1101107,"Carnes, vísceras e pescados",11011076,Outros,71129,CABECA DE PACA,07602,,,,
71130,V8000_DEFLA,1,Despesas Correntes,11,Despesas de Consumo,1101,Alimentacao,11011,Alimentação no domicílio,1101107,"Carnes, vísceras e pescados",11011073,Carne de suíno,71130,PICANHA SUINA,07506,,,,
71131,V8000_DEFLA,1,Despesas Correntes,11,Despesas de Consumo,1101,Alimentacao,11011,Alimentação no domicílio,1101107,"Carnes, vísceras e pescados",11011076,Outros,71131,PELE BOVINA FRESCA,08102,,,,
71132,V8000_DEFLA,1,Despesas Correntes,11,Despesas de Consumo,1101,Alimentacao,11011,Alimentação no domicílio,1101107,"Carnes, vísceras e pescados",11011076,Outros,71132,FIGADO NAO ESPECIFICADO,08101,,,,
71133,V8000_DEFLA,1,Despesas Correntes,11,Despesas de Consumo,1101,Alimentacao,11011,Alimentação no domicílio,1101107,"Carnes, vísceras e pescados",11011071,Carne de boi de primeira,71133,MEDALHAO BOVINO,07403,,,,
71134,V8000_DEFLA,1,Despesas Correntes,11,Despesas de Consumo,1101,Alimentacao,11011,Alimentação no domicílio,1101107,"Carnes, vísceras e pescados",11011073,Carne de suíno,71134,MEDALHAO SUINO,07405,,,,
71135,V8000_DEFLA,1,Despesas Correntes,11,Despesas de Consumo,1101,Alimentacao,11011,Alimentação no domicílio,1101107,"Carnes, vísceras e pescados",11011076,Outros,71135,RETALHO DE CARNE BOVINA,07208,,,,
71136,V8000_DEFLA,1,Despesas Correntes,11,Despesas de Consumo,1101,Alimentacao,11011,Alimentação no domicílio,1101107,"Carnes, vísceras e pescados",11011073,Carne de suíno,71136,BARRIGA DE PORCO,07506,,,,
71137,V8000_DEFLA,1,Despesas Correntes,11,Despesas de Consumo,1101,Alimentacao,11011,Alimentação no domicílio,1101107,"Carnes, vísceras e pescados",11011076,Outros,71137,KAFTA NAO ESPECIFICADA,07506,,,,
71138,V8000_DEFLA,1,Despesas Correntes,11,Despesas de Consumo,1101,Alimentacao,11011,Alimentação no domicílio,1101107,"Carnes, vísceras e pescados",11011073,Carne de suíno,71138,FRALDINHA SUINA,07506,,,,
71139,V8000_DEFLA,1,Despesas Correntes,11,Despesas de Consumo,1101,Alimentacao,11011,Alimentação no domicílio,1101107,"Carnes, vísceras e pescados",11011073,Carne de suíno,71139,PATINHO SUINO,07506,,,,
71140,V8000_DEFLA,1,Despesas Correntes,11,Despesas de Consumo,1101,Alimentacao,11011,Alimentação no domicílio,1101107,"Carnes, vísceras e pescados",11011076,Outros,71140,BOI ABATIDO,07208,,,,
71141,V8000_DEFLA,1,Despesas Correntes,11,Despesas de Consumo,1101,Alimentacao,11011,Alimentação no domicílio,1101107,"Carnes, vísceras e pescados",11011076,Outros,71141,CARNE MOIDA LIGHT,07208,,,,
71142,V8000_DEFLA,1,Despesas Correntes,11,Despesas de Consumo,1101,Alimentacao,11011,Alimentação no domicílio,1101107,"Carnes, vísceras e pescados",11011076,Outros,71142,CARNE MOIDA ORGANICA,07208,,,,
71143,V8000_DEFLA,1,Despesas Correntes,11,Despesas de Consumo,1101,Alimentacao,11011,Alimentação no domicílio,1101107,"Carnes, vísceras e pescados",11011076,Outros,71143,CARNE DE JAVALI,07602,,,,
71144,V8000_DEFLA,1,Despesas Correntes,11,Despesas de Consumo,1101,Alimentacao,11011,Alimentação no domicílio,1101107,"Carnes, vísceras e pescados",11011073,Carne de suíno,71144,COSTELA E LOMBO SUINO,07402,,,,
71145,V8000_DEFLA,1,Despesas Correntes,11,Despesas de Consumo,1101,Alimentacao,11011,Alimentação no domicílio,1101107,"Carnes, vísceras e pescados",11011073,Carne de suíno,71145,PE E ORELHA SUINA,07506,,,,
71146,V8000_DEFLA,1,Despesas Correntes,11,Despesas de Consumo,1101,Alimentacao,11011,Alimentação no domicílio,1101107,"Carnes, vísceras e pescados",11011073,Carne de suíno,71146,RETALHO DE PORCO,07405,,,,
71147,V8000_DEFLA,1,Despesas Correntes,11,Despesas de Consumo,1101,Alimentacao,11011,Alimentação no domicílio,1101107,"Carnes, vísceras e pescados",11011076,Outros,71147,PE E RABO NAO ESPECIFICADOS,07506,,,,
71148,V8000_DEFLA,1,Despesas Correntes,11,Despesas de Consumo,1101,Alimentacao,11011,Alimentação no domicílio,1101107,"Carnes, vísceras e pescados",11011073,Carne de suíno,71148,RETALHO DE PERNIL,07404,,,,
71149,V8000_DEFLA,1,Despesas Correntes,11,Despesas de Consumo,1101,Alimentacao,11011,Alimentação no domicílio,1101107,"Carnes, vísceras e pescados",11011076,Outros,71149,RETALHO DE COSTELA,07402,,,,
71150,V8000_DEFLA,1,Despesas Correntes,11,Despesas de Consumo,1101,Alimentacao,11011,Alimentação no domicílio,1101107,"Carnes, vísceras e pescados",11011076,Outros,71150,MOCOTO NAO ESPECIFICADO,07208,,,,
71151,V8000_DEFLA,1,Despesas Correntes,11,Despesas de Consumo,1101,Alimentacao,11011,Alimentação no domicílio,1101107,"Carnes, vísceras e pescados",11011076,Outros,71151,TRIPA NAO ESPECIFICADA,08104,,,,
72001,V8000_DEFLA,1,Despesas Correntes,11,Despesas de Consumo,1101,Alimentacao,11011,Alimentação no domicílio,1101107,"Carnes, vísceras e pescados",11011075,Pescados frescos,72001,PEIXE INTEIRO DE MAR NAO-ESPECIFICADO,09104,,,,
72002,V8000_DEFLA,1,Despesas Correntes,11,Despesas de Consumo,1101,Alimentacao,11011,Alimentação no domicílio,1101107,"Carnes, vísceras e pescados",11011075,Pescados frescos,72002,PEIXE EM POSTAS DE MAR NAO-ESPECIFICADO,09109,,,,
72003,V8000_DEFLA,1,Despesas Correntes,11,Despesas de Consumo,1101,Alimentacao,11011,Alimentação no domicílio,1101107,"Carnes, vísceras e pescados",11011075,Pescados frescos,72003,PEIXE EM FILE FRESCO DE MAR NAO-ESPECIFICADO,09109,,,,
72004,V8000_DEFLA,1,Despesas Correntes,11,Despesas de Consumo,1101,Alimentacao,11011,Alimentação no domicílio,1101107,"Carnes, vísceras e pescados",11011074,Carnes e peixes industrializados,72004,PEIXE SALGADO DE MAR NAO-ESPECIFICADO,09109,,,,
72005,V8000_DEFLA,1,Despesas Correntes,11,Despesas de Consumo,1101,Alimentacao,11011,Alimentação no domicílio,1101107,"Carnes, vísceras e pescados",11011074,Carnes e peixes industrializados,72005,PEIXE EM FILE CONGELADO DE MAR NAO-ESPECIFICADO,09109,,,,
72011,V8000_DEFLA,1,Despesas Correntes,11,Despesas de Consumo,1101,Alimentacao,11011,Alimentação no domicílio,1101107,"Carnes, vísceras e pescados",11011075,Pescados frescos,72011,PEIXE INTEIRO ANCHOVA e sinonimos,09109,,,,
72012,V8000_DEFLA,1,Despesas Correntes,11,Despesas de Consumo,1101,Alimentacao,11011,Alimentação no domicílio,1101107,"Carnes, vísceras e pescados",11011075,Pescados frescos,72012,PEIXE EM POSTAS ANCHOVA,09109,,,,
72013,V8000_DEFLA,1,Despesas Correntes,11,Despesas de Consumo,1101,Alimentacao,11011,Alimentação no domicílio,1101107,"Carnes, vísceras e pescados",11011075,Pescados frescos,72013,PEIXE EM FILE FRESCO ANCHOVA,09109,,,,
72014,V8000_DEFLA,1,Despesas Correntes,11,Despesas de Consumo,1101,Alimentacao,11011,Alimentação no domicílio,1101107,"Carnes, vísceras e pescados",11011074,Carnes e peixes industrializados,72014,PEIXE SALGADO ANCHOVA,09109,,,,
72015,V8000_DEFLA,1,Despesas Correntes,11,Despesas de Consumo,1101,Alimentacao,11011,Alimentação no domicílio,1101107,"Carnes, vísceras e pescados",11011074,Carnes e peixes industrializados,72015,PEIXE EM FILE CONGELADO ANCHOVA,09109,,,,
72021,V8000_DEFLA,1,Despesas Correntes,11,Despesas de Consumo,1101,Alimentacao,11011,Alimentação no domicílio,1101107,"Carnes, vísceras e pescados",11011075,Pescados frescos,72021,PEIXE INTEIRO BADEJO e sinonimos,09109,,,,
72022,V8000_DEFLA,1,Despesas Correntes,11,Despesas de Consumo,1101,Alimentacao,11011,Alimentação no domicílio,1101107,"Carnes, vísceras e pescados",11011075,Pescados frescos,72022,PEIXE EM POSTAS BADEJO,09109,,,,
72023,V8000_DEFLA,1,Despesas Correntes,11,Despesas de Consumo,1101,Alimentacao,11011,Alimentação no domicílio,1101107,"Carnes, vísceras e pescados",11011075,Pescados frescos,72023,PEIXE EM FILE FRESCO BADEJO,09109,,,,
72024,V8000_DEFLA,1,Despesas Correntes,11,Despesas de Consumo,1101,Alimentacao,11011,Alimentação no domicílio,1101107,"Carnes, vísceras e pescados",11011074,Carnes e peixes industrializados,72024,PEIXE SALGADO BADEJO,09109,,,,
72025,V8000_DEFLA,1,Despesas Correntes,11,Despesas de Consumo,1101,Alimentacao,11011,Alimentação no domicílio,1101107,"Carnes, vísceras e pescados",11011074,Carnes e peixes industrializados,72025,PEIXE EM FILE CONGELADO BADEJO,09109,,,,
72031,V8000_DEFLA,1,Despesas Correntes,11,Despesas de Consumo,1101,Alimentacao,11011,Alimentação no domicílio,1101107,"Carnes, vísceras e pescados",11011075,Pescados frescos,72031,PEIXE INTEIRO CORVINA e sinonimos,09103,,,,
72032,V8000_DEFLA,1,Despesas Correntes,11,Despesas de Consumo,1101,Alimentacao,11011,Alimentação no domicílio,1101107,"Carnes, vísceras e pescados",11011075,Pescados frescos,72032,PEIXE EM POSTAS CORVINA,09103,,,,
72033,V8000_DEFLA,1,Despesas Correntes,11,Despesas de Consumo,1101,Alimentacao,11011,Alimentação no domicílio,1101107,"Carnes, vísceras e pescados",11011075,Pescados frescos,72033,PEIXE EM FILE FRESCO CORVINA,09103,,,,
72034,V8000_DEFLA,1,Despesas Correntes,11,Despesas de Consumo,1101,Alimentacao,11011,Alimentação no domicílio,1101107,"Carnes, vísceras e pescados",11011074,Carnes e peixes industrializados,72034,PEIXE SALGADO CORVINA,09103,,,,
72035,V8000_DEFLA,1,Despesas Correntes,11,Despesas de Consumo,1101,Alimentacao,11011,Alimentação no domicílio,1101107,"Carnes, vísceras e pescados",11011074,Carnes e peixes industrializados,72035,PEIXE EM FILE CONGELADO CORVINA,09103,,,,
72039,V8000_DEFLA,1,Despesas Correntes,11,Despesas de Consumo,1101,Alimentacao,11011,Alimentação no domicílio,1101107,"Carnes, vísceras e pescados",11011075,Pescados frescos,72039,PEIXE CORVINA (FORMA DE COMERCIALIZACAO NAO-DISCRIMINADA),09103,,,,
72041,V8000_DEFLA,1,Despesas Correntes,11,Despesas de Consumo,1101,Alimentacao,11011,Alimentação no domicílio,1101107,"Carnes, vísceras e pescados",11011075,Pescados frescos,72041,PEIXE INTEIRO CASTANHA,09109,,,,
72042,V8000_DEFLA,1,Despesas Correntes,11,Despesas de Consumo,1101,Alimentacao,11011,Alimentação no domicílio,1101107,"Carnes, vísceras e pescados",11011075,Pescados frescos,72042,PEIXE EM POSTAS CASTANHA,09109,,,,
72043,V8000_DEFLA,1,Despesas Correntes,11,Despesas de Consumo,1101,Alimentacao,11011,Alimentação no domicílio,1101107,"Carnes, vísceras e pescados",11011075,Pescados frescos,72043,PEIXE EM FILE FRESCO CASTANHA,09109,,,,
72044,V8000_DEFLA,1,Despesas Correntes,11,Despesas de Consumo,1101,Alimentacao,11011,Alimentação no domicílio,1101107,"Carnes, vísceras e pescados",11011074,Carnes e peixes industrializados,72044,PEIXE SALGADO CASTANHA,09109,,,,
72045,V8000_DEFLA,1,Despesas Correntes,11,Despesas de Consumo,1101,Alimentacao,11011,Alimentação no domicílio,1101107,"Carnes, vísceras e pescados",11011074,Carnes e peixes industrializados,72045,PEIXE EM FILE CONGELADO CASTANHA,09109,,,,
72049,V8000_DEFLA,1,Despesas Correntes,11,Despesas de Consumo,1101,Alimentacao,11011,Alimentação no domicílio,1101107,"Carnes, vísceras e pescados",11011075,Pescados frescos,72049,PEIXE CASTANHA (FORMA DE COMERCIALIZACAO NAO-DISCRIMINADA),09109,,,,
72051,V8000_DEFLA,1,Despesas Correntes,11,Despesas de Consumo,1101,Alimentacao,11011,Alimentação no domicílio,1101107,"Carnes, vísceras e pescados",11011075,Pescados frescos,72051,PEIXE INTEIRO CAVALINHA e sinonimos,09109,,,,
72052,V8000_DEFLA,1,Despesas Correntes,11,Despesas de Consumo,1101,Alimentacao,11011,Alimentação no domicílio,1101107,"Carnes, vísceras e pescados",11011075,Pescados frescos,72052,PEIXE EM POSTAS CAVALINHA,09109,,,,
72053,V8000_DEFLA,1,Despesas Correntes,11,Despesas de Consumo,1101,Alimentacao,11011,Alimentação no domicílio,1101107,"Carnes, vísceras e pescados",11011075,Pescados frescos,72053,PEIXE EM FILE FRESCO CAVALINHA,09109,,,,
72054,V8000_DEFLA,1,Despesas Correntes,11,Despesas de Consumo,1101,Alimentacao,11011,Alimentação no domicílio,1101107,"Carnes, vísceras e pescados",11011074,Carnes e peixes industrializados,72054,PEIXE SALGADO CAVALINHA,09109,,,,
72055,V8000_DEFLA,1,Despesas Correntes,11,Despesas de Consumo,1101,Alimentacao,11011,Alimentação no domicílio,1101107,"Carnes, vísceras e pescados",11011074,Carnes e peixes industrializados,72055,PEIXE EM FILE CONGELADO CAVALINHA,09109,,,,
72061,V8000_DEFLA,1,Despesas Correntes,11,Despesas de Consumo,1101,Alimentacao,11011,Alimentação no domicílio,1101107,"Carnes, vísceras e pescados",11011075,Pescados frescos,72061,PEIXE INTEIRO CHICHARRO e sinonimos,09109,,,,
72062,V8000_DEFLA,1,Despesas Correntes,11,Despesas de Consumo,1101,Alimentacao,11011,Alimentação no domicílio,1101107,"Carnes, vísceras e pescados",11011075,Pescados frescos,72062,PEIXE EM POSTAS CHICHARRO,09109,,,,
72063,V8000_DEFLA,1,Despesas Correntes,11,Despesas de Consumo,1101,Alimentacao,11011,Alimentação no domicílio,1101107,"Carnes, vísceras e pescados",11011075,Pescados frescos,72063,PEIXE EM FILE FRESCO CHICHARRO,09109,,,,
72064,V8000_DEFLA,1,Despesas Correntes,11,Despesas de Consumo,1101,Alimentacao,11011,Alimentação no domicílio,1101107,"Carnes, vísceras e pescados",11011074,Carnes e peixes industrializados,72064,PEIXE SALGADO CHICHARRO,09109,,,,
72065,V8000_DEFLA,1,Despesas Correntes,11,Despesas de Consumo,1101,Alimentacao,11011,Alimentação no domicílio,1101107,"Carnes, vísceras e pescados",11011074,Carnes e peixes industrializados,72065,PEIXE EM FILE CONGELADO CHICHARRO,09109,,,,
72071,V8000_DEFLA,1,Despesas Correntes,11,Despesas de Consumo,1101,Alimentacao,11011,Alimentação no domicílio,1101107,"Carnes, vísceras e pescados",11011075,Pescados frescos,72071,PEIXE INTEIRO RAIA e sinonimos,09109,,,,
72072,V8000_DEFLA,1,Despesas Correntes,11,Despesas de Consumo,1101,Alimentacao,11011,Alimentação no domicílio,1101107,"Carnes, vísceras e pescados",11011075,Pescados frescos,72072,PEIXE EM POSTAS RAIA,09109,,,,
72073,V8000_DEFLA,1,Despesas Correntes,11,Despesas de Consumo,1101,Alimentacao,11011,Alimentação no domicílio,1101107,"Carnes, vísceras e pescados",11011075,Pescados frescos,72073,PEIXE EM FILE FRESCO RAIA e sinonimos,09109,,,,
72074,V8000_DEFLA,1,Despesas Correntes,11,Despesas de Consumo,1101,Alimentacao,11011,Alimentação no domicílio,1101107,"Carnes, vísceras e pescados",11011074,Carnes e peixes industrializados,72074,PEIXE SALGADO RAIA,09109,,,,
72075,V8000_DEFLA,1,Despesas Correntes,11,Despesas de Consumo,1101,Alimentacao,11011,Alimentação no domicílio,1101107,"Carnes, vísceras e pescados",11011074,Carnes e peixes industrializados,72075,PEIXE EM FILE CONGELADO RAIA,09109,,,,
72081,V8000_DEFLA,1,Despesas Correntes,11,Despesas de Consumo,1101,Alimentacao,11011,Alimentação no domicílio,1101107,"Carnes, vísceras e pescados",11011075,Pescados frescos,72081,PEIXE INTEIRO NAMORADO e sinonimos,09109,,,,
72082,V8000_DEFLA,1,Despesas Correntes,11,Despesas de Consumo,1101,Alimentacao,11011,Alimentação no domicílio,1101107,"Carnes, vísceras e pescados",11011075,Pescados frescos,72082,PEIXE EM POSTAS NAMORADO,09109,,,,
72083,V8000_DEFLA,1,Despesas Correntes,11,Despesas de Consumo,1101,Alimentacao,11011,Alimentação no domicílio,1101107,"Carnes, vísceras e pescados",11011075,Pescados frescos,72083,PEIXE EM FILE FRESCO NAMORADO,09109,,,,
72084,V8000_DEFLA,1,Despesas Correntes,11,Despesas de Consumo,1101,Alimentacao,11011,Alimentação no domicílio,1101107,"Carnes, vísceras e pescados",11011074,Carnes e peixes industrializados,72084,PEIXE SALGADO NAMORADO,09109,,,,
72085,V8000_DEFLA,1,Despesas Correntes,11,Despesas de Consumo,1101,Alimentacao,11011,Alimentação no domicílio,1101107,"Carnes, vísceras e pescados",11011074,Carnes e peixes industrializados,72085,PEIXE EM FILE CONGELADO NAMORADO,09109,,,,
72091,V8000_DEFLA,1,Despesas Correntes,11,Despesas de Consumo,1101,Alimentacao,11011,Alimentação no domicílio,1101107,"Carnes, vísceras e pescados",11011075,Pescados frescos,72091,PEIXE INTEIRO PESCADINHA e sinonimos,09109,,,,
72092,V8000_DEFLA,1,Despesas Correntes,11,Despesas de Consumo,1101,Alimentacao,11011,Alimentação no domicílio,1101107,"Carnes, vísceras e pescados",11011075,Pescados frescos,72092,PEIXE EM POSTAS PESCADINHA,09109,,,,
72093,V8000_DEFLA,1,Despesas Correntes,11,Despesas de Consumo,1101,Alimentacao,11011,Alimentação no domicílio,1101107,"Carnes, vísceras e pescados",11011075,Pescados frescos,72093,PEIXE EM FILE FRESCO PESCADINHA,09109,,,,
72094,V8000_DEFLA,1,Despesas Correntes,11,Despesas de Consumo,1101,Alimentacao,11011,Alimentação no domicílio,1101107,"Carnes, vísceras e pescados",11011074,Carnes e peixes industrializados,72094,PEIXE SALGADO PESCADINHA,09109,,,,
72095,V8000_DEFLA,1,Despesas Correntes,11,Despesas de Consumo,1101,Alimentacao,11011,Alimentação no domicílio,1101107,"Carnes, vísceras e pescados",11011074,Carnes e peixes industrializados,72095,PEIXE EM FILE CONGELADO PESCADINHA,09109,,,,
72101,V8000_DEFLA,1,Despesas Correntes,11,Despesas de Consumo,1101,Alimentacao,11011,Alimentação no domicílio,1101107,"Carnes, vísceras e pescados",11011075,Pescados frescos,72101,PEIXE INTEIRO TAINHA e sinonimos,09109,,,,
72102,V8000_DEFLA,1,Despesas Correntes,11,Despesas de Consumo,1101,Alimentacao,11011,Alimentação no domicílio,1101107,"Carnes, vísceras e pescados",11011075,Pescados frescos,72102,PEIXE EM POSTAS TAINHA,09109,,,,
72103,V8000_DEFLA,1,Despesas Correntes,11,Despesas de Consumo,1101,Alimentacao,11011,Alimentação no domicílio,1101107,"Carnes, vísceras e pescados",11011075,Pescados frescos,72103,PEIXE EM FILE FRESCO TAINHA,09109,,,,
72104,V8000_DEFLA,1,Despesas Correntes,11,Despesas de Consumo,1101,Alimentacao,11011,Alimentação no domicílio,1101107,"Carnes, vísceras e pescados",11011074,Carnes e peixes industrializados,72104,PEIXE SALGADO TAINHA,09109,,,,
72105,V8000_DEFLA,1,Despesas Correntes,11,Despesas de Consumo,1101,Alimentacao,11011,Alimentação no domicílio,1101107,"Carnes, vísceras e pescados",11011074,Carnes e peixes industrializados,72105,PEIXE EM FILE CONGELADO TAINHA,09109,,,,
72111,V8000_DEFLA,1,Despesas Correntes,11,Despesas de Consumo,1101,Alimentacao,11011,Alimentação no domicílio,1101107,"Carnes, vísceras e pescados",11011075,Pescados frescos,72111,PEIXE INTEIRO SARDINHA e sinonimos,09108,,,,
72112,V8000_DEFLA,1,Despesas Correntes,11,Despesas de Consumo,1101,Alimentacao,11011,Alimentação no domicílio,1101107,"Carnes, vísceras e pescados",11011075,Pescados frescos,72112,PEIXE EM POSTAS SARDINHA,09108,,,,
72113,V8000_DEFLA,1,Despesas Correntes,11,Despesas de Consumo,1101,Alimentacao,11011,Alimentação no domicílio,1101107,"Carnes, vísceras e pescados",11011075,Pescados frescos,72113,PEIXE EM FILE FRESCO SARDINHA,09108,,,,
72114,V8000_DEFLA,1,Despesas Correntes,11,Despesas de Consumo,1101,Alimentacao,11011,Alimentação no domicílio,1101107,"Carnes, vísceras e pescados",11011074,Carnes e peixes industrializados,72114,PEIXE SALGADO SARDINHA,09108,,,,
72115,V8000_DEFLA,1,Despesas Correntes,11,Despesas de Consumo,1101,Alimentacao,11011,Alimentação no domicílio,1101107,"Carnes, vísceras e pescados",11011074,Carnes e peixes industrializados,72115,PEIXE EM FILE CONGELADO SARDINHA,09108,,,,
72116,V8000_DEFLA,1,Despesas Correntes,11,Despesas de Consumo,1101,Alimentacao,11011,Alimentação no domicílio,1101107,"Carnes, vísceras e pescados",11011074,Carnes e peixes industrializados,72116,PEIXE DEFUMADO SARDINHA,09108,,,,
72121,V8000_DEFLA,1,Despesas Correntes,11,Despesas de Consumo,1101,Alimentacao,11011,Alimentação no domicílio,1101107,"Carnes, vísceras e pescados",11011075,Pescados frescos,72121,PEIXE INTEIRO VERMELHO e sinonimos,09109,,,,
72122,V8000_DEFLA,1,Despesas Correntes,11,Despesas de Consumo,1101,Alimentacao,11011,Alimentação no domicílio,1101107,"Carnes, vísceras e pescados",11011075,Pescados frescos,72122,PEIXE EM POSTAS VERMELHO,09109,,,,
72123,V8000_DEFLA,1,Despesas Correntes,11,Despesas de Consumo,1101,Alimentacao,11011,Alimentação no domicílio,1101107,"Carnes, vísceras e pescados",11011075,Pescados frescos,72123,PEIXE EM FILE FRESCO VERMELHO,09109,,,,
72124,V8000_DEFLA,1,Despesas Correntes,11,Despesas de Consumo,1101,Alimentacao,11011,Alimentação no domicílio,1101107,"Carnes, vísceras e pescados",11011074,Carnes e peixes industrializados,72124,PEIXE SALGADO VERMELHO,09109,,,,
72125,V8000_DEFLA,1,Despesas Correntes,11,Despesas de Consumo,1101,Alimentacao,11011,Alimentação no domicílio,1101107,"Carnes, vísceras e pescados",11011074,Carnes e peixes industrializados,72125,PEIXE EM FILE CONGELADO VERMELHO,09109,,,,
72131,V8000_DEFLA,1,Despesas Correntes,11,Despesas de Consumo,1101,Alimentacao,11011,Alimentação no domicílio,1101107,"Carnes, vísceras e pescados",11011075,Pescados frescos,72131,PEIXE INTEIRO CIOBA e sinonimos,09109,,,,
72132,V8000_DEFLA,1,Despesas Correntes,11,Despesas de Consumo,1101,Alimentacao,11011,Alimentação no domicílio,1101107,"Carnes, vísceras e pescados",11011075,Pescados frescos,72132,PEIXE EM POSTAS CIOBA,09109,,,,
72133,V8000_DEFLA,1,Despesas Correntes,11,Despesas de Consumo,1101,Alimentacao,11011,Alimentação no domicílio,1101107,"Carnes, vísceras e pescados",11011075,Pescados frescos,72133,PEIXE EM FILE FRESCO CIOBA,09109,,,,
72134,V8000_DEFLA,1,Despesas Correntes,11,Despesas de Consumo,1101,Alimentacao,11011,Alimentação no domicílio,1101107,"Carnes, vísceras e pescados",11011074,Carnes e peixes industrializados,72134,PEIXE SALGADO CIOBA,09109,,,,
72135,V8000_DEFLA,1,Despesas Correntes,11,Despesas de Consumo,1101,Alimentacao,11011,Alimentação no domicílio,1101107,"Carnes, vísceras e pescados",11011074,Carnes e peixes industrializados,72135,PEIXE EM FILE CONGELADO CIOBA,09109,,,,
72141,V8000_DEFLA,1,Despesas Correntes,11,Despesas de Consumo,1101,Alimentacao,11011,Alimentação no domicílio,1101107,"Carnes, vísceras e pescados",11011075,Pescados frescos,72141,PEIXE INTEIRO BAGRE DE MAR e sinonimos,09109,,,,
72142,V8000_DEFLA,1,Despesas Correntes,11,Despesas de Consumo,1101,Alimentacao,11011,Alimentação no domicílio,1101107,"Carnes, vísceras e pescados",11011075,Pescados frescos,72142,PEIXE EM POSTAS BAGRE DE MAR,09109,,,,
72143,V8000_DEFLA,1,Despesas Correntes,11,Despesas de Consumo,1101,Alimentacao,11011,Alimentação no domicílio,1101107,"Carnes, vísceras e pescados",11011075,Pescados frescos,72143,PEIXE EM FILE FRESCO BAGRE DE MAR,09109,,,,
72144,V8000_DEFLA,1,Despesas Correntes,11,Despesas de Consumo,1101,Alimentacao,11011,Alimentação no domicílio,1101107,"Carnes, vísceras e pescados",11011074,Carnes e peixes industrializados,72144,PEIXE SALGADO BAGRE DE MAR,09109,,,,
72145,V8000_DEFLA,1,Despesas Correntes,11,Despesas de Consumo,1101,Alimentacao,11011,Alimentação no domicílio,1101107,"Carnes, vísceras e pescados",11011074,Carnes e peixes industrializados,72145,PEIXE EM FILE CONGELADO BAGRE DE MAR,09109,,,,
72149,V8000_DEFLA,1,Despesas Correntes,11,Despesas de Consumo,1101,Alimentacao,11011,Alimentação no domicílio,1101107,"Carnes, vísceras e pescados",11011075,Pescados frescos,72149,PEIXE BAGRE DE MAR ( FORMA DE COMERCIALIZACAO NAO-DISCRIMINADA),09109,,,,
72151,V8000_DEFLA,1,Despesas Correntes,11,Despesas de Consumo,1101,Alimentacao,11011,Alimentação no domicílio,1101107,"Carnes, vísceras e pescados",11011075,Pescados frescos,72151,PEIXE INTEIRO CARAPEBA e sinonimos,09109,,,,
72152,V8000_DEFLA,1,Despesas Correntes,11,Despesas de Consumo,1101,Alimentacao,11011,Alimentação no domicílio,1101107,"Carnes, vísceras e pescados",11011075,Pescados frescos,72152,PEIXE EM POSTAS CARAPEBA,09109,,,,
72153,V8000_DEFLA,1,Despesas Correntes,11,Despesas de Consumo,1101,Alimentacao,11011,Alimentação no domicílio,1101107,"Carnes, vísceras e pescados",11011075,Pescados frescos,72153,PEIXE EM FILE FRESCO CARAPEBA,09109,,,,
72154,V8000_DEFLA,1,Despesas Correntes,11,Despesas de Consumo,1101,Alimentacao,11011,Alimentação no domicílio,1101107,"Carnes, vísceras e pescados",11011074,Carnes e peixes industrializados,72154,PEIXE SALGADO CARAPEBA,09109,,,,
72155,V8000_DEFLA,1,Despesas Correntes,11,Despesas de Consumo,1101,Alimentacao,11011,Alimentação no domicílio,1101107,"Carnes, vísceras e pescados",11011074,Carnes e peixes industrializados,72155,PEIXE EM FILE CONGELADO CARAPEBA,09109,,,,
72161,V8000_DEFLA,1,Despesas Correntes,11,Despesas de Consumo,1101,Alimentacao,11011,Alimentação no domicílio,1101107,"Carnes, vísceras e pescados",11011075,Pescados frescos,72161,PEIXE INTEIRO CAVALA e sinonimos,09109,,,,
72162,V8000_DEFLA,1,Despesas Correntes,11,Despesas de Consumo,1101,Alimentacao,11011,Alimentação no domicílio,1101107,"Carnes, vísceras e pescados",11011075,Pescados frescos,72162,PEIXE EM POSTAS CAVALA,09109,,,,
72163,V8000_DEFLA,1,Despesas Correntes,11,Despesas de Consumo,1101,Alimentacao,11011,Alimentação no domicílio,1101107,"Carnes, vísceras e pescados",11011075,Pescados frescos,72163,PEIXE EM FILE FRESCO CAVALA,09109,,,,
72164,V8000_DEFLA,1,Despesas Correntes,11,Despesas de Consumo,1101,Alimentacao,11011,Alimentação no domicílio,1101107,"Carnes, vísceras e pescados",11011074,Carnes e peixes industrializados,72164,PEIXE SALGADO CAVALA,09109,,,,
72165,V8000_DEFLA,1,Despesas Correntes,11,Despesas de Consumo,1101,Alimentacao,11011,Alimentação no domicílio,1101107,"Carnes, vísceras e pescados",11011074,Carnes e peixes industrializados,72165,PEIXE EM FILE CONGELADO CAVALA,09109,,,,
72169,V8000_DEFLA,1,Despesas Correntes,11,Despesas de Consumo,1101,Alimentacao,11011,Alimentação no domicílio,1101107,"Carnes, vísceras e pescados",11011075,Pescados frescos,72169,PEIXE CAVALA (FORMA DE COMERCIALIZACAO NAO-DISCRIMINADA),09109,,,,
72171,V8000_DEFLA,1,Despesas Correntes,11,Despesas de Consumo,1101,Alimentacao,11011,Alimentação no domicílio,1101107,"Carnes, vísceras e pescados",11011075,Pescados frescos,72171,PEIXE INTEIRO GALO e sinonimos,09109,,,,
72172,V8000_DEFLA,1,Despesas Correntes,11,Despesas de Consumo,1101,Alimentacao,11011,Alimentação no domicílio,1101107,"Carnes, vísceras e pescados",11011075,Pescados frescos,72172,PEIXE EM POSTAS GALO,09109,,,,
72173,V8000_DEFLA,1,Despesas Correntes,11,Despesas de Consumo,1101,Alimentacao,11011,Alimentação no domicílio,1101107,"Carnes, vísceras e pescados",11011075,Pescados frescos,72173,PEIXE EM FILE FRESCO GALO,09109,,,,
72174,V8000_DEFLA,1,Despesas Correntes,11,Despesas de Consumo,1101,Alimentacao,11011,Alimentação no domicílio,1101107,"Carnes, vísceras e pescados",11011074,Carnes e peixes industrializados,72174,PEIXE SALGADO GALO,09109,,,,
72175,V8000_DEFLA,1,Despesas Correntes,11,Despesas de Consumo,1101,Alimentacao,11011,Alimentação no domicílio,1101107,"Carnes, vísceras e pescados",11011074,Carnes e peixes industrializados,72175,PEIXE EM FILE CONGELADO GALO,09109,,,,
72181,V8000_DEFLA,1,Despesas Correntes,11,Despesas de Consumo,1101,Alimentacao,11011,Alimentação no domicílio,1101107,"Carnes, vísceras e pescados",11011075,Pescados frescos,72181,PEIXE INTEIRO CORCOROCA e sinonimos,09109,,,,
72182,V8000_DEFLA,1,Despesas Correntes,11,Despesas de Consumo,1101,Alimentacao,11011,Alimentação no domicílio,1101107,"Carnes, vísceras e pescados",11011075,Pescados frescos,72182,PEIXE EM POSTAS CORCOROCA,09109,,,,
72183,V8000_DEFLA,1,Despesas Correntes,11,Despesas de Consumo,1101,Alimentacao,11011,Alimentação no domicílio,1101107,"Carnes, vísceras e pescados",11011075,Pescados frescos,72183,PEIXE EM FILE FRESCO CORCOROCA,09109,,,,
72184,V8000_DEFLA,1,Despesas Correntes,11,Despesas de Consumo,1101,Alimentacao,11011,Alimentação no domicílio,1101107,"Carnes, vísceras e pescados",11011074,Carnes e peixes industrializados,72184,PEIXE SALGADO CORCOROCA,09109,,,,
72185,V8000_DEFLA,1,Despesas Correntes,11,Despesas de Consumo,1101,Alimentacao,11011,Alimentação no domicílio,1101107,"Carnes, vísceras e pescados",11011074,Carnes e peixes industrializados,72185,PEIXE EM FILE CONGELADO CORCOROCA,09109,,,,
72191,V8000_DEFLA,1,Despesas Correntes,11,Despesas de Consumo,1101,Alimentacao,11011,Alimentação no domicílio,1101107,"Carnes, vísceras e pescados",11011075,Pescados frescos,72191,PEIXE INTEIRO MANJUBA e sinonimos,09109,,,,
72192,V8000_DEFLA,1,Despesas Correntes,11,Despesas de Consumo,1101,Alimentacao,11011,Alimentação no domicílio,1101107,"Carnes, vísceras e pescados",11011075,Pescados frescos,72192,PEIXE EM POSTAS MANJUBA,09109,,,,
72193,V8000_DEFLA,1,Despesas Correntes,11,Despesas de Consumo,1101,Alimentacao,11011,Alimentação no domicílio,1101107,"Carnes, vísceras e pescados",11011075,Pescados frescos,72193,PEIXE EM FILE FRESCO MANJUBA,09109,,,,
72194,V8000_DEFLA,1,Despesas Correntes,11,Despesas de Consumo,1101,Alimentacao,11011,Alimentação no domicílio,1101107,"Carnes, vísceras e pescados",11011074,Carnes e peixes industrializados,72194,PEIXE SALGADO MANJUBA,09109,,,,
72195,V8000_DEFLA,1,Despesas Correntes,11,Despesas de Consumo,1101,Alimentacao,11011,Alimentação no domicílio,1101107,"Carnes, vísceras e pescados",11011074,Carnes e peixes industrializados,72195,PEIXE EM FILE CONGELADO MANJUBA,09109,,,,
72201,V8000_DEFLA,1,Despesas Correntes,11,Despesas de Consumo,1101,Alimentacao,11011,Alimentação no domicílio,1101107,"Carnes, vísceras e pescados",11011075,Pescados frescos,72201,PEIXE INTEIRO PAPATERRA e sinonimos,09109,,,,
72202,V8000_DEFLA,1,Despesas Correntes,11,Despesas de Consumo,1101,Alimentacao,11011,Alimentação no domicílio,1101107,"Carnes, vísceras e pescados",11011075,Pescados frescos,72202,PEIXE EM POSTAS PAPATERRA,09109,,,,
72203,V8000_DEFLA,1,Despesas Correntes,11,Despesas de Consumo,1101,Alimentacao,11011,Alimentação no domicílio,1101107,"Carnes, vísceras e pescados",11011075,Pescados frescos,72203,PEIXE EM FILE FRESCO PAPATERRA,09109,,,,
72204,V8000_DEFLA,1,Despesas Correntes,11,Despesas de Consumo,1101,Alimentacao,11011,Alimentação no domicílio,1101107,"Carnes, vísceras e pescados",11011074,Carnes e peixes industrializados,72204,PEIXE SALGADO PAPATERRA,09109,,,,
72205,V8000_DEFLA,1,Despesas Correntes,11,Despesas de Consumo,1101,Alimentacao,11011,Alimentação no domicílio,1101107,"Carnes, vísceras e pescados",11011074,Carnes e peixes industrializados,72205,PEIXE EM FILE CONGELADO PAPATERRA,09109,,,,
72207,V8000_DEFLA,1,Despesas Correntes,11,Despesas de Consumo,1101,Alimentacao,11011,Alimentação no domicílio,1101107,"Carnes, vísceras e pescados",11011075,Pescados frescos,72207,CABECA DE PEIXE PESCADA,09109,,,,
72211,V8000_DEFLA,1,Despesas Correntes,11,Despesas de Consumo,1101,Alimentacao,11011,Alimentação no domicílio,1101107,"Carnes, vísceras e pescados",11011075,Pescados frescos,72211,PEIXE INTEIRO DOURADO DE MAR e sinonimos,09109,,,,
72212,V8000_DEFLA,1,Despesas Correntes,11,Despesas de Consumo,1101,Alimentacao,11011,Alimentação no domicílio,1101107,"Carnes, vísceras e pescados",11011075,Pescados frescos,72212,PEIXE EM POSTAS DOURADO DE MAR,09109,,,,
72213,V8000_DEFLA,1,Despesas Correntes,11,Despesas de Consumo,1101,Alimentacao,11011,Alimentação no domicílio,1101107,"Carnes, vísceras e pescados",11011075,Pescados frescos,72213,PEIXE EM FILE FRESCO DOURADO DE MAR,09109,,,,
72214,V8000_DEFLA,1,Despesas Correntes,11,Despesas de Consumo,1101,Alimentacao,11011,Alimentação no domicílio,1101107,"Carnes, vísceras e pescados",11011074,Carnes e peixes industrializados,72214,PEIXE SALGADO DOURADO DE MAR,09109,,,,
72215,V8000_DEFLA,1,Despesas Correntes,11,Despesas de Consumo,1101,Alimentacao,11011,Alimentação no domicílio,1101107,"Carnes, vísceras e pescados",11011074,Carnes e peixes industrializados,72215,PEIXE EM FILE CONGELADO DOURADO DE MAR,09109,,,,
72221,V8000_DEFLA,1,Despesas Correntes,11,Despesas de Consumo,1101,Alimentacao,11011,Alimentação no domicílio,1101107,"Carnes, vísceras e pescados",11011075,Pescados frescos,72221,PEIXE INTEIRO ATUM e sinonimos,09109,,,,
72222,V8000_DEFLA,1,Despesas Correntes,11,Despesas de Consumo,1101,Alimentacao,11011,Alimentação no domicílio,1101107,"Carnes, vísceras e pescados",11011075,Pescados frescos,72222,PEIXE EM POSTAS ATUM,09109,,,,
72223,V8000_DEFLA,1,Despesas Correntes,11,Despesas de Consumo,1101,Alimentacao,11011,Alimentação no domicílio,1101107,"Carnes, vísceras e pescados",11011075,Pescados frescos,72223,PEIXE EM FILE FRESCO ATUM,09109,,,,
72224,V8000_DEFLA,1,Despesas Correntes,11,Despesas de Consumo,1101,Alimentacao,11011,Alimentação no domicílio,1101107,"Carnes, vísceras e pescados",11011074,Carnes e peixes industrializados,72224,PEIXE SALGADO ATUM,09109,,,,
72225,V8000_DEFLA,1,Despesas Correntes,11,Despesas de Consumo,1101,Alimentacao,11011,Alimentação no domicílio,1101107,"Carnes, vísceras e pescados",11011074,Carnes e peixes industrializados,72225,PEIXE EM FILE CONGELADO ATUM,09109,,,,
72231,V8000_DEFLA,1,Despesas Correntes,11,Despesas de Consumo,1101,Alimentacao,11011,Alimentação no domicílio,1101107,"Carnes, vísceras e pescados",11011075,Pescados frescos,72231,PEIXE INTEIRO OLHO DE BOI e sinonimos,09109,,,,
72232,V8000_DEFLA,1,Despesas Correntes,11,Despesas de Consumo,1101,Alimentacao,11011,Alimentação no domicílio,1101107,"Carnes, vísceras e pescados",11011075,Pescados frescos,72232,PEIXE EM POSTAS OLHO DE BOI,09109,,,,
72233,V8000_DEFLA,1,Despesas Correntes,11,Despesas de Consumo,1101,Alimentacao,11011,Alimentação no domicílio,1101107,"Carnes, vísceras e pescados",11011075,Pescados frescos,72233,PEIXE EM FILE FRESCO OLHO DE BOI,09109,,,,
72234,V8000_DEFLA,1,Despesas Correntes,11,Despesas de Consumo,1101,Alimentacao,11011,Alimentação no domicílio,1101107,"Carnes, vísceras e pescados",11011074,Carnes e peixes industrializados,72234,PEIXE SALGADO OLHO DE BOI,09109,,,,
72235,V8000_DEFLA,1,Despesas Correntes,11,Despesas de Consumo,1101,Alimentacao,11011,Alimentação no domicílio,1101107,"Carnes, vísceras e pescados",11011074,Carnes e peixes industrializados,72235,PEIXE EM FILE CONGELADO OLHO DE BOI,09109,,,,
72241,V8000_DEFLA,1,Despesas Correntes,11,Despesas de Consumo,1101,Alimentacao,11011,Alimentação no domicílio,1101107,"Carnes, vísceras e pescados",11011075,Pescados frescos,72241,PEIXE INTEIRO SERRA e sinonimos,09109,,,,
72242,V8000_DEFLA,1,Despesas Correntes,11,Despesas de Consumo,1101,Alimentacao,11011,Alimentação no domicílio,1101107,"Carnes, vísceras e pescados",11011075,Pescados frescos,72242,PEIXE EM POSTAS SERRA,09109,,,,
72243,V8000_DEFLA,1,Despesas Correntes,11,Despesas de Consumo,1101,Alimentacao,11011,Alimentação no domicílio,1101107,"Carnes, vísceras e pescados",11011075,Pescados frescos,72243,PEIXE EM FILE FRESCO SERRA,09109,,,,
72244,V8000_DEFLA,1,Despesas Correntes,11,Despesas de Consumo,1101,Alimentacao,11011,Alimentação no domicílio,1101107,"Carnes, vísceras e pescados",11011074,Carnes e peixes industrializados,72244,PEIXE SALGADO SERRA,09109,,,,
72245,V8000_DEFLA,1,Despesas Correntes,11,Despesas de Consumo,1101,Alimentacao,11011,Alimentação no domicílio,1101107,"Carnes, vísceras e pescados",11011074,Carnes e peixes industrializados,72245,PEIXE EM FILE CONGELADO SERRA,09109,,,,
72249,V8000_DEFLA,1,Despesas Correntes,11,Despesas de Consumo,1101,Alimentacao,11011,Alimentação no domicílio,1101107,"Carnes, vísceras e pescados",11011075,Pescados frescos,72249,PEIXE SERRA (FORMA DE COMERCIALIZACAO NAO-DISCRIMINADA),09109,,,,
72251,V8000_DEFLA,1,Despesas Correntes,11,Despesas de Consumo,1101,Alimentacao,11011,Alimentação no domicílio,1101107,"Carnes, vísceras e pescados",11011075,Pescados frescos,72251,PEIXE INTEIRO PARGO e sinonimos,09109,,,,
72252,V8000_DEFLA,1,Despesas Correntes,11,Despesas de Consumo,1101,Alimentacao,11011,Alimentação no domicílio,1101107,"Carnes, vísceras e pescados",11011075,Pescados frescos,72252,PEIXE EM POSTAS PARGO,09109,,,,
72253,V8000_DEFLA,1,Despesas Correntes,11,Despesas de Consumo,1101,Alimentacao,11011,Alimentação no domicílio,1101107,"Carnes, vísceras e pescados",11011075,Pescados frescos,72253,PEIXE EM FILE FRESCO PARGO,09109,,,,
72254,V8000_DEFLA,1,Despesas Correntes,11,Despesas de Consumo,1101,Alimentacao,11011,Alimentação no domicílio,1101107,"Carnes, vísceras e pescados",11011074,Carnes e peixes industrializados,72254,PEIXE SALGADO PARGO,09109,,,,
72255,V8000_DEFLA,1,Despesas Correntes,11,Despesas de Consumo,1101,Alimentacao,11011,Alimentação no domicílio,1101107,"Carnes, vísceras e pescados",11011074,Carnes e peixes industrializados,72255,PEIXE EM FILE CONGELADO PARGO,09109,,,,
72261,V8000_DEFLA,1,Despesas Correntes,11,Despesas de Consumo,1101,Alimentacao,11011,Alimentação no domicílio,1101107,"Carnes, vísceras e pescados",11011075,Pescados frescos,72261,PEIXE INTEIRO RONCADOR e sinonimos,09109,,,,
72262,V8000_DEFLA,1,Despesas Correntes,11,Despesas de Consumo,1101,Alimentacao,11011,Alimentação no domicílio,1101107,"Carnes, vísceras e pescados",11011075,Pescados frescos,72262,PEIXE EM POSTAS RONCADOR,09109,,,,
72263,V8000_DEFLA,1,Despesas Correntes,11,Despesas de Consumo,1101,Alimentacao,11011,Alimentação no domicílio,1101107,"Carnes, vísceras e pescados",11011075,Pescados frescos,72263,PEIXE EM FILE FRESCO RONCADOR,09109,,,,
72264,V8000_DEFLA,1,Despesas Correntes,11,Despesas de Consumo,1101,Alimentacao,11011,Alimentação no domicílio,1101107,"Carnes, vísceras e pescados",11011074,Carnes e peixes industrializados,72264,PEIXE SALGADO RONCADOR,09109,,,,
72265,V8000_DEFLA,1,Despesas Correntes,11,Despesas de Consumo,1101,Alimentacao,11011,Alimentação no domicílio,1101107,"Carnes, vísceras e pescados",11011074,Carnes e peixes industrializados,72265,PEIXE EM FILE CONGELADO RONCADOR,09109,,,,
72271,V8000_DEFLA,1,Despesas Correntes,11,Despesas de Consumo,1101,Alimentacao,11011,Alimentação no domicílio,1101107,"Carnes, vísceras e pescados",11011075,Pescados frescos,72271,PEIXE INTEIRO PESCADA e sinonimos,09104,,,,
72272,V8000_DEFLA,1,Despesas Correntes,11,Despesas de Consumo,1101,Alimentacao,11011,Alimentação no domicílio,1101107,"Carnes, vísceras e pescados",11011075,Pescados frescos,72272,PEIXE EM POSTAS PESCADA,09104,,,,
72273,V8000_DEFLA,1,Despesas Correntes,11,Despesas de Consumo,1101,Alimentacao,11011,Alimentação no domicílio,1101107,"Carnes, vísceras e pescados",11011075,Pescados frescos,72273,PEIXE EM FILE FRESCO PESCADA,09104,,,,
72274,V8000_DEFLA,1,Despesas Correntes,11,Despesas de Consumo,1101,Alimentacao,11011,Alimentação no domicílio,1101107,"Carnes, vísceras e pescados",11011074,Carnes e peixes industrializados,72274,PEIXE SALGADO PESCADA,09104,,,,
72275,V8000_DEFLA,1,Despesas Correntes,11,Despesas de Consumo,1101,Alimentacao,11011,Alimentação no domicílio,1101107,"Carnes, vísceras e pescados",11011074,Carnes e peixes industrializados,72275,PEIXE EM FILE CONGELADO PESCADA,09104,,,,
72279,V8000_DEFLA,1,Despesas Correntes,11,Despesas de Consumo,1101,Alimentacao,11011,Alimentação no domicílio,1101107,"Carnes, vísceras e pescados",11011075,Pescados frescos,72279,PEIXE PESCADA (FORMA DE COMERCIALIZACAO NAO-DISCRIMINADA) e sinonimos,09104,,,,
72281,V8000_DEFLA,1,Despesas Correntes,11,Despesas de Consumo,1101,Alimentacao,11011,Alimentação no domicílio,1101107,"Carnes, vísceras e pescados",11011075,Pescados frescos,72281,PEIXE INTEIRO GAROUPA e sinonimos,09109,,,,
72282,V8000_DEFLA,1,Despesas Correntes,11,Despesas de Consumo,1101,Alimentacao,11011,Alimentação no domicílio,1101107,"Carnes, vísceras e pescados",11011075,Pescados frescos,72282,PEIXE EM POSTAS GAROUPA,09109,,,,
72283,V8000_DEFLA,1,Despesas Correntes,11,Despesas de Consumo,1101,Alimentacao,11011,Alimentação no domicílio,1101107,"Carnes, vísceras e pescados",11011075,Pescados frescos,72283,PEIXE EM FILE FRESCO GAROUPA,09109,,,,
72284,V8000_DEFLA,1,Despesas Correntes,11,Despesas de Consumo,1101,Alimentacao,11011,Alimentação no domicílio,1101107,"Carnes, vísceras e pescados",11011074,Carnes e peixes industrializados,72284,PEIXE SALGADO GAROUPA,09109,,,,
72285,V8000_DEFLA,1,Despesas Correntes,11,Despesas de Consumo,1101,Alimentacao,11011,Alimentação no domicílio,1101107,"Carnes, vísceras e pescados",11011074,Carnes e peixes industrializados,72285,PEIXE EM FILE CONGELADO GAROUPA,09109,,,,
72291,V8000_DEFLA,1,Despesas Correntes,11,Despesas de Consumo,1101,Alimentacao,11011,Alimentação no domicílio,1101107,"Carnes, vísceras e pescados",11011075,Pescados frescos,72291,PEIXE INTEIRO LINGUADO e sinonimos,09109,,,,
72292,V8000_DEFLA,1,Despesas Correntes,11,Despesas de Consumo,1101,Alimentacao,11011,Alimentação no domicílio,1101107,"Carnes, vísceras e pescados",11011075,Pescados frescos,72292,PEIXE EM POSTAS LINGUADO,09109,,,,
72293,V8000_DEFLA,1,Despesas Correntes,11,Despesas de Consumo,1101,Alimentacao,11011,Alimentação no domicílio,1101107,"Carnes, vísceras e pescados",11011075,Pescados frescos,72293,PEIXE EM FILE FRESCO LINGUADO,09109,,,,
72294,V8000_DEFLA,1,Despesas Correntes,11,Despesas de Consumo,1101,Alimentacao,11011,Alimentação no domicílio,1101107,"Carnes, vísceras e pescados",11011074,Carnes e peixes industrializados,72294,PEIXE SALGADO LINGUADO,09109,,,,
72295,V8000_DEFLA,1,Despesas Correntes,11,Despesas de Consumo,1101,Alimentacao,11011,Alimentação no domicílio,1101107,"Carnes, vísceras e pescados",11011074,Carnes e peixes industrializados,72295,PEIXE EM FILE CONGELADO LINGUADO,09109,,,,
72301,V8000_DEFLA,1,Despesas Correntes,11,Despesas de Consumo,1101,Alimentacao,11011,Alimentação no domicílio,1101107,"Carnes, vísceras e pescados",11011075,Pescados frescos,72301,PEIXE INTEIRO ROBALO e sinonimos,09109,,,,
72302,V8000_DEFLA,1,Despesas Correntes,11,Despesas de Consumo,1101,Alimentacao,11011,Alimentação no domicílio,1101107,"Carnes, vísceras e pescados",11011075,Pescados frescos,72302,PEIXE EM POSTAS ROBALO,09109,,,,
72303,V8000_DEFLA,1,Despesas Correntes,11,Despesas de Consumo,1101,Alimentacao,11011,Alimentação no domicílio,1101107,"Carnes, vísceras e pescados",11011075,Pescados frescos,72303,PEIXE EM FILE FRESCO ROBALO,09109,,,,
72304,V8000_DEFLA,1,Despesas Correntes,11,Despesas de Consumo,1101,Alimentacao,11011,Alimentação no domicílio,1101107,"Carnes, vísceras e pescados",11011074,Carnes e peixes industrializados,72304,PEIXE SALGADO ROBALO,09109,,,,
72305,V8000_DEFLA,1,Despesas Correntes,11,Despesas de Consumo,1101,Alimentacao,11011,Alimentação no domicílio,1101107,"Carnes, vísceras e pescados",11011074,Carnes e peixes industrializados,72305,PEIXE EM FILE CONGELADO ROBALO,09109,,,,
72311,V8000_DEFLA,1,Despesas Correntes,11,Despesas de Consumo,1101,Alimentacao,11011,Alimentação no domicílio,1101107,"Carnes, vísceras e pescados",11011075,Pescados frescos,72311,PEIXE INTEIRO MERO e sinonimos,09109,,,,
72312,V8000_DEFLA,1,Despesas Correntes,11,Despesas de Consumo,1101,Alimentacao,11011,Alimentação no domicílio,1101107,"Carnes, vísceras e pescados",11011075,Pescados frescos,72312,PEIXE EM POSTAS MERO,09109,,,,
72313,V8000_DEFLA,1,Despesas Correntes,11,Despesas de Consumo,1101,Alimentacao,11011,Alimentação no domicílio,1101107,"Carnes, vísceras e pescados",11011075,Pescados frescos,72313,PEIXE EM FILE FRESCO MERO,09109,,,,
72314,V8000_DEFLA,1,Despesas Correntes,11,Despesas de Consumo,1101,Alimentacao,11011,Alimentação no domicílio,1101107,"Carnes, vísceras e pescados",11011074,Carnes e peixes industrializados,72314,PEIXE SALGADO MERO,09109,,,,
72315,V8000_DEFLA,1,Despesas Correntes,11,Despesas de Consumo,1101,Alimentacao,11011,Alimentação no domicílio,1101107,"Carnes, vísceras e pescados",11011074,Carnes e peixes industrializados,72315,PEIXE EM FILE CONGELADO MERO,09109,,,,
72321,V8000_DEFLA,1,Despesas Correntes,11,Despesas de Consumo,1101,Alimentacao,11011,Alimentação no domicílio,1101107,"Carnes, vísceras e pescados",11011075,Pescados frescos,72321,PEIXE INTEIRO XERELETE e sinonimos,09109,,,,
72322,V8000_DEFLA,1,Despesas Correntes,11,Despesas de Consumo,1101,Alimentacao,11011,Alimentação no domicílio,1101107,"Carnes, vísceras e pescados",11011075,Pescados frescos,72322,PEIXE EM POSTAS XERELETE,09109,,,,
72323,V8000_DEFLA,1,Despesas Correntes,11,Despesas de Consumo,1101,Alimentacao,11011,Alimentação no domicílio,1101107,"Carnes, vísceras e pescados",11011075,Pescados frescos,72323,PEIXE EM FILE FRESCO XERELETE,09109,,,,
72324,V8000_DEFLA,1,Despesas Correntes,11,Despesas de Consumo,1101,Alimentacao,11011,Alimentação no domicílio,1101107,"Carnes, vísceras e pescados",11011074,Carnes e peixes industrializados,72324,PEIXE SALGADO XERELETE,09109,,,,
72325,V8000_DEFLA,1,Despesas Correntes,11,Despesas de Consumo,1101,Alimentacao,11011,Alimentação no domicílio,1101107,"Carnes, vísceras e pescados",11011074,Carnes e peixes industrializados,72325,PEIXE EM FILE CONGELADO XERELETE,09109,,,,
72331,V8000_DEFLA,1,Despesas Correntes,11,Despesas de Consumo,1101,Alimentacao,11011,Alimentação no domicílio,1101107,"Carnes, vísceras e pescados",11011075,Pescados frescos,72331,PEIXE INTEIRO ESPADA e sinonimos,09109,,,,
72332,V8000_DEFLA,1,Despesas Correntes,11,Despesas de Consumo,1101,Alimentacao,11011,Alimentação no domicílio,1101107,"Carnes, vísceras e pescados",11011075,Pescados frescos,72332,PEIXE EM POSTAS ESPADA,09109,,,,
72333,V8000_DEFLA,1,Despesas Correntes,11,Despesas de Consumo,1101,Alimentacao,11011,Alimentação no domicílio,1101107,"Carnes, vísceras e pescados",11011075,Pescados frescos,72333,PEIXE EM FILE FRESCO ESPADA,09109,,,,
72334,V8000_DEFLA,1,Despesas Correntes,11,Despesas de Consumo,1101,Alimentacao,11011,Alimentação no domicílio,1101107,"Carnes, vísceras e pescados",11011074,Carnes e peixes industrializados,72334,PEIXE SALGADO ESPADA,09109,,,,
72335,V8000_DEFLA,1,Despesas Correntes,11,Despesas de Consumo,1101,Alimentacao,11011,Alimentação no domicílio,1101107,"Carnes, vísceras e pescados",11011074,Carnes e peixes industrializados,72335,PEIXE EM FILE CONGELADO ESPADA,09109,,,,
72341,V8000_DEFLA,1,Despesas Correntes,11,Despesas de Consumo,1101,Alimentacao,11011,Alimentação no domicílio,1101107,"Carnes, vísceras e pescados",11011075,Pescados frescos,72341,PEIXE INTEIRO PARATI e sinonimos,09109,,,,
72342,V8000_DEFLA,1,Despesas Correntes,11,Despesas de Consumo,1101,Alimentacao,11011,Alimentação no domicílio,1101107,"Carnes, vísceras e pescados",11011075,Pescados frescos,72342,PEIXE EM POSTAS PARATI,09109,,,,
72343,V8000_DEFLA,1,Despesas Correntes,11,Despesas de Consumo,1101,Alimentacao,11011,Alimentação no domicílio,1101107,"Carnes, vísceras e pescados",11011075,Pescados frescos,72343,PEIXE EM FILE FRESCO PARATI,09109,,,,
72344,V8000_DEFLA,1,Despesas Correntes,11,Despesas de Consumo,1101,Alimentacao,11011,Alimentação no domicílio,1101107,"Carnes, vísceras e pescados",11011074,Carnes e peixes industrializados,72344,PEIXE SALGADO PARATI,09109,,,,
72345,V8000_DEFLA,1,Despesas Correntes,11,Despesas de Consumo,1101,Alimentacao,11011,Alimentação no domicílio,1101107,"Carnes, vísceras e pescados",11011074,Carnes e peixes industrializados,72345,PEIXE EM FILE CONGELADO PARATI,09109,,,,
72351,V8000_DEFLA,1,Despesas Correntes,11,Despesas de Consumo,1101,Alimentacao,11011,Alimentação no domicílio,1101107,"Carnes, vísceras e pescados",11011075,Pescados frescos,72351,PEIXE INTEIRO CACAO e sinonimos,09109,,,,
72352,V8000_DEFLA,1,Despesas Correntes,11,Despesas de Consumo,1101,Alimentacao,11011,Alimentação no domicílio,1101107,"Carnes, vísceras e pescados",11011075,Pescados frescos,72352,PEIXE EM POSTAS CACAO,09109,,,,
72353,V8000_DEFLA,1,Despesas Correntes,11,Despesas de Consumo,1101,Alimentacao,11011,Alimentação no domicílio,1101107,"Carnes, vísceras e pescados",11011075,Pescados frescos,72353,PEIXE EM FILE FRESCO CACAO,09109,,,,
72354,V8000_DEFLA,1,Despesas Correntes,11,Despesas de Consumo,1101,Alimentacao,11011,Alimentação no domicílio,1101107,"Carnes, vísceras e pescados",11011074,Carnes e peixes industrializados,72354,PEIXE SALGADO CACAO,09109,,,,
72355,V8000_DEFLA,1,Despesas Correntes,11,Despesas de Consumo,1101,Alimentacao,11011,Alimentação no domicílio,1101107,"Carnes, vísceras e pescados",11011074,Carnes e peixes industrializados,72355,PEIXE EM FILE CONGELADO CACAO,09109,,,,
72361,V8000_DEFLA,1,Despesas Correntes,11,Despesas de Consumo,1101,Alimentacao,11011,Alimentação no domicílio,1101107,"Carnes, vísceras e pescados",11011075,Pescados frescos,72361,PEIXE INTEIRO MERLUZA e sinonimos,09109,,,,
72362,V8000_DEFLA,1,Despesas Correntes,11,Despesas de Consumo,1101,Alimentacao,11011,Alimentação no domicílio,1101107,"Carnes, vísceras e pescados",11011075,Pescados frescos,72362,PEIXE EM POSTAS MERLUZA,09109,,,,
72363,V8000_DEFLA,1,Despesas Correntes,11,Despesas de Consumo,1101,Alimentacao,11011,Alimentação no domicílio,1101107,"Carnes, vísceras e pescados",11011075,Pescados frescos,72363,PEIXE EM FILE FRESCO MERLUZA,09109,,,,
72364,V8000_DEFLA,1,Despesas Correntes,11,Despesas de Consumo,1101,Alimentacao,11011,Alimentação no domicílio,1101107,"Carnes, vísceras e pescados",11011074,Carnes e peixes industrializados,72364,PEIXE SALGADO MERLUZA,09109,,,,
72365,V8000_DEFLA,1,Despesas Correntes,11,Despesas de Consumo,1101,Alimentacao,11011,Alimentação no domicílio,1101107,"Carnes, vísceras e pescados",11011074,Carnes e peixes industrializados,72365,PEIXE EM FILE CONGELADO MERLUZA,09109,,,,
72371,V8000_DEFLA,1,Despesas Correntes,11,Despesas de Consumo,1101,Alimentacao,11011,Alimentação no domicílio,1101107,"Carnes, vísceras e pescados",11011075,Pescados frescos,72371,PEIXE INTEIRO BEIJUPIRA e sinonimos,09109,,,,
72372,V8000_DEFLA,1,Despesas Correntes,11,Despesas de Consumo,1101,Alimentacao,11011,Alimentação no domicílio,1101107,"Carnes, vísceras e pescados",11011075,Pescados frescos,72372,PEIXE EM POSTAS BEIJUPIRA,09109,,,,
72373,V8000_DEFLA,1,Despesas Correntes,11,Despesas de Consumo,1101,Alimentacao,11011,Alimentação no domicílio,1101107,"Carnes, vísceras e pescados",11011075,Pescados frescos,72373,PEIXE EM FILE FRESCO BEIJUPIRA,09109,,,,
72374,V8000_DEFLA,1,Despesas Correntes,11,Despesas de Consumo,1101,Alimentacao,11011,Alimentação no domicílio,1101107,"Carnes, vísceras e pescados",11011074,Carnes e peixes industrializados,72374,PEIXE SALGADO BEIJUPIRA,09109,,,,
72375,V8000_DEFLA,1,Despesas Correntes,11,Despesas de Consumo,1101,Alimentacao,11011,Alimentação no domicílio,1101107,"Carnes, vísceras e pescados",11011074,Carnes e peixes industrializados,72375,PEIXE EM FILE CONGELADO BEIJUPIRA,09109,,,,
72381,V8000_DEFLA,1,Despesas Correntes,11,Despesas de Consumo,1101,Alimentacao,11011,Alimentação no domicílio,1101107,"Carnes, vísceras e pescados",11011075,Pescados frescos,72381,PEIXE INTEIRO PAMPO e sinonimos,09109,,,,
72382,V8000_DEFLA,1,Despesas Correntes,11,Despesas de Consumo,1101,Alimentacao,11011,Alimentação no domicílio,1101107,"Carnes, vísceras e pescados",11011075,Pescados frescos,72382,PEIXE EM POSTAS PAMPO,09109,,,,
72383,V8000_DEFLA,1,Despesas Correntes,11,Despesas de Consumo,1101,Alimentacao,11011,Alimentação no domicílio,1101107,"Carnes, vísceras e pescados",11011075,Pescados frescos,72383,PEIXE EM FILE FRESCO PAMPO,09109,,,,
72384,V8000_DEFLA,1,Despesas Correntes,11,Despesas de Consumo,1101,Alimentacao,11011,Alimentação no domicílio,1101107,"Carnes, vísceras e pescados",11011074,Carnes e peixes industrializados,72384,PEIXE SALGADO PAMPO,09109,,,,
72385,V8000_DEFLA,1,Despesas Correntes,11,Despesas de Consumo,1101,Alimentacao,11011,Alimentação no domicílio,1101107,"Carnes, vísceras e pescados",11011074,Carnes e peixes industrializados,72385,PEIXE EM FILE CONGELADO PAMPO,09109,,,,
72391,V8000_DEFLA,1,Despesas Correntes,11,Despesas de Consumo,1101,Alimentacao,11011,Alimentação no domicílio,1101107,"Carnes, vísceras e pescados",11011075,Pescados frescos,72391,PEIXE INTEIRO XAREU e sinonimos,09109,,,,
72392,V8000_DEFLA,1,Despesas Correntes,11,Despesas de Consumo,1101,Alimentacao,11011,Alimentação no domicílio,1101107,"Carnes, vísceras e pescados",11011075,Pescados frescos,72392,PEIXE EM POSTAS XAREU,09109,,,,
72393,V8000_DEFLA,1,Despesas Correntes,11,Despesas de Consumo,1101,Alimentacao,11011,Alimentação no domicílio,1101107,"Carnes, vísceras e pescados",11011075,Pescados frescos,72393,PEIXE EM FILE FRESCO XAREU,09109,,,,
72394,V8000_DEFLA,1,Despesas Correntes,11,Despesas de Consumo,1101,Alimentacao,11011,Alimentação no domicílio,1101107,"Carnes, vísceras e pescados",11011074,Carnes e peixes industrializados,72394,PEIXE SALGADO XAREU,09109,,,,
72395,V8000_DEFLA,1,Despesas Correntes,11,Despesas de Consumo,1101,Alimentacao,11011,Alimentação no domicílio,1101107,"Carnes, vísceras e pescados",11011074,Carnes e peixes industrializados,72395,PEIXE EM FILE CONGELADO XAREU,09109,,,,
72399,V8000_DEFLA,1,Despesas Correntes,11,Despesas de Consumo,1101,Alimentacao,11011,Alimentação no domicílio,1101107,"Carnes, vísceras e pescados",11011075,Pescados frescos,72399,PEIXE XAREU (FORMA DE COMERCIALIZACAO NAO-DISCRIMINADA),09109,,,,
72401,V8000_DEFLA,1,Despesas Correntes,11,Despesas de Consumo,1101,Alimentacao,11011,Alimentação no domicílio,1101107,"Carnes, vísceras e pescados",11011075,Pescados frescos,72401,PEIXE INTEIRO CARAMURU e sinonimos,09109,,,,
72402,V8000_DEFLA,1,Despesas Correntes,11,Despesas de Consumo,1101,Alimentacao,11011,Alimentação no domicílio,1101107,"Carnes, vísceras e pescados",11011075,Pescados frescos,72402,PEIXE EM POSTAS CARAMURU,09109,,,,
72403,V8000_DEFLA,1,Despesas Correntes,11,Despesas de Consumo,1101,Alimentacao,11011,Alimentação no domicílio,1101107,"Carnes, vísceras e pescados",11011075,Pescados frescos,72403,PEIXE EM FILE FRESCO CARAMURU,09109,,,,
72404,V8000_DEFLA,1,Despesas Correntes,11,Despesas de Consumo,1101,Alimentacao,11011,Alimentação no domicílio,1101107,"Carnes, vísceras e pescados",11011074,Carnes e peixes industrializados,72404,PEIXE SALGADO CARAMURU,09109,,,,
72405,V8000_DEFLA,1,Despesas Correntes,11,Despesas de Consumo,1101,Alimentacao,11011,Alimentação no domicílio,1101107,"Carnes, vísceras e pescados",11011074,Carnes e peixes industrializados,72405,PEIXE EM FILE CONGELADO CARAMURU,09109,,,,
72411,V8000_DEFLA,1,Despesas Correntes,11,Despesas de Consumo,1101,Alimentacao,11011,Alimentação no domicílio,1101107,"Carnes, vísceras e pescados",11011075,Pescados frescos,72411,PEIXE INTEIRO CANGULO e sinonimos,09109,,,,
72412,V8000_DEFLA,1,Despesas Correntes,11,Despesas de Consumo,1101,Alimentacao,11011,Alimentação no domicílio,1101107,"Carnes, vísceras e pescados",11011075,Pescados frescos,72412,PEIXE EM POSTAS CANGULO e sinonimos,09109,,,,
72413,V8000_DEFLA,1,Despesas Correntes,11,Despesas de Consumo,1101,Alimentacao,11011,Alimentação no domicílio,1101107,"Carnes, vísceras e pescados",11011075,Pescados frescos,72413,PEIXE EM FILE FRESCO CANGULO,09109,,,,
72414,V8000_DEFLA,1,Despesas Correntes,11,Despesas de Consumo,1101,Alimentacao,11011,Alimentação no domicílio,1101107,"Carnes, vísceras e pescados",11011074,Carnes e peixes industrializados,72414,PEIXE SALGADO CANGULO,09109,,,,
72415,V8000_DEFLA,1,Despesas Correntes,11,Despesas de Consumo,1101,Alimentacao,11011,Alimentação no domicílio,1101107,"Carnes, vísceras e pescados",11011074,Carnes e peixes industrializados,72415,PEIXE EM FILE CONGELADO CANGULO,09109,,,,
72421,V8000_DEFLA,1,Despesas Correntes,11,Despesas de Consumo,1101,Alimentacao,11011,Alimentação no domicílio,1101107,"Carnes, vísceras e pescados",11011075,Pescados frescos,72421,PEIXE INTEIRO CAMURUPIM e sinonimos,09109,,,,
72422,V8000_DEFLA,1,Despesas Correntes,11,Despesas de Consumo,1101,Alimentacao,11011,Alimentação no domicílio,1101107,"Carnes, vísceras e pescados",11011075,Pescados frescos,72422,PEIXE EM POSTAS CAMURUPIM,09109,,,,
72423,V8000_DEFLA,1,Despesas Correntes,11,Despesas de Consumo,1101,Alimentacao,11011,Alimentação no domicílio,1101107,"Carnes, vísceras e pescados",11011075,Pescados frescos,72423,PEIXE EM FILE FRESCO CAMURUPIM,09109,,,,
72424,V8000_DEFLA,1,Despesas Correntes,11,Despesas de Consumo,1101,Alimentacao,11011,Alimentação no domicílio,1101107,"Carnes, vísceras e pescados",11011074,Carnes e peixes industrializados,72424,PEIXE SALGADO CAMURUPIM,09109,,,,
72425,V8000_DEFLA,1,Despesas Correntes,11,Despesas de Consumo,1101,Alimentacao,11011,Alimentação no domicílio,1101107,"Carnes, vísceras e pescados",11011074,Carnes e peixes industrializados,72425,PEIXE EM FILE CONGELADO CAMURUPIM,09109,,,,
72431,V8000_DEFLA,1,Despesas Correntes,11,Despesas de Consumo,1101,Alimentacao,11011,Alimentação no domicílio,1101107,"Carnes, vísceras e pescados",11011075,Pescados frescos,72431,PEIXE INTEIRO GUARAJUBA e sinonimos,09109,,,,
72432,V8000_DEFLA,1,Despesas Correntes,11,Despesas de Consumo,1101,Alimentacao,11011,Alimentação no domicílio,1101107,"Carnes, vísceras e pescados",11011075,Pescados frescos,72432,PEIXE EM POSTAS GUARAJUBA,09109,,,,
72433,V8000_DEFLA,1,Despesas Correntes,11,Despesas de Consumo,1101,Alimentacao,11011,Alimentação no domicílio,1101107,"Carnes, vísceras e pescados",11011075,Pescados frescos,72433,PEIXE EM FILE FRESCO GUARAJUBA,09109,,,,
72434,V8000_DEFLA,1,Despesas Correntes,11,Despesas de Consumo,1101,Alimentacao,11011,Alimentação no domicílio,1101107,"Carnes, vísceras e pescados",11011074,Carnes e peixes industrializados,72434,PEIXE SALGADO GUARAJUBA,09109,,,,
72435,V8000_DEFLA,1,Despesas Correntes,11,Despesas de Consumo,1101,Alimentacao,11011,Alimentação no domicílio,1101107,"Carnes, vísceras e pescados",11011074,Carnes e peixes industrializados,72435,PEIXE EM FILE CONGELADO GUARAJUBA,09109,,,,
72441,V8000_DEFLA,1,Despesas Correntes,11,Despesas de Consumo,1101,Alimentacao,11011,Alimentação no domicílio,1101107,"Carnes, vísceras e pescados",11011075,Pescados frescos,72441,PEIXE INTEIRO AGULHA e sinonimos,09109,,,,
72442,V8000_DEFLA,1,Despesas Correntes,11,Despesas de Consumo,1101,Alimentacao,11011,Alimentação no domicílio,1101107,"Carnes, vísceras e pescados",11011075,Pescados frescos,72442,PEIXE EM POSTAS AGULHA,09109,,,,
72443,V8000_DEFLA,1,Despesas Correntes,11,Despesas de Consumo,1101,Alimentacao,11011,Alimentação no domicílio,1101107,"Carnes, vísceras e pescados",11011075,Pescados frescos,72443,PEIXE EM FILE FRESCO AGULHA,09109,,,,
72444,V8000_DEFLA,1,Despesas Correntes,11,Despesas de Consumo,1101,Alimentacao,11011,Alimentação no domicílio,1101107,"Carnes, vísceras e pescados",11011074,Carnes e peixes industrializados,72444,PEIXE SALGADO AGULHA,09109,,,,
72445,V8000_DEFLA,1,Despesas Correntes,11,Despesas de Consumo,1101,Alimentacao,11011,Alimentação no domicílio,1101107,"Carnes, vísceras e pescados",11011074,Carnes e peixes industrializados,72445,PEIXE EM FILE CONGELADO AGULHA,09109,,,,
72451,V8000_DEFLA,1,Despesas Correntes,11,Despesas de Consumo,1101,Alimentacao,11011,Alimentação no domicílio,1101107,"Carnes, vísceras e pescados",11011075,Pescados frescos,72451,PEIXE INTEIRO UBARANA e sinonimos,09109,,,,
72452,V8000_DEFLA,1,Despesas Correntes,11,Despesas de Consumo,1101,Alimentacao,11011,Alimentação no domicílio,1101107,"Carnes, vísceras e pescados",11011075,Pescados frescos,72452,PEIXE EM POSTAS UBARANA,09109,,,,
72453,V8000_DEFLA,1,Despesas Correntes,11,Despesas de Consumo,1101,Alimentacao,11011,Alimentação no domicílio,1101107,"Carnes, vísceras e pescados",11011075,Pescados frescos,72453,PEIXE EM FILE FRESCO UBARANA,09109,,,,
72454,V8000_DEFLA,1,Despesas Correntes,11,Despesas de Consumo,1101,Alimentacao,11011,Alimentação no domicílio,1101107,"Carnes, vísceras e pescados",11011074,Carnes e peixes industrializados,72454,PEIXE SALGADO UBARANA,09109,,,,
72455,V8000_DEFLA,1,Despesas Correntes,11,Despesas de Consumo,1101,Alimentacao,11011,Alimentação no domicílio,1101107,"Carnes, vísceras e pescados",11011074,Carnes e peixes industrializados,72455,PEIXE EM FILE CONGELADO UBARANA,09109,,,,
72461,V8000_DEFLA,1,Despesas Correntes,11,Despesas de Consumo,1101,Alimentacao,11011,Alimentação no domicílio,1101107,"Carnes, vísceras e pescados",11011075,Pescados frescos,72461,PEIXE INTEIRO GUAIVIRA e sinonimos,09109,,,,
72462,V8000_DEFLA,1,Despesas Correntes,11,Despesas de Consumo,1101,Alimentacao,11011,Alimentação no domicílio,1101107,"Carnes, vísceras e pescados",11011075,Pescados frescos,72462,PEIXE EM POSTAS GUAIVIRA,09109,,,,
72463,V8000_DEFLA,1,Despesas Correntes,11,Despesas de Consumo,1101,Alimentacao,11011,Alimentação no domicílio,1101107,"Carnes, vísceras e pescados",11011075,Pescados frescos,72463,PEIXE EM FILE FRESCO GUAIVIRA,09109,,,,
72464,V8000_DEFLA,1,Despesas Correntes,11,Despesas de Consumo,1101,Alimentacao,11011,Alimentação no domicílio,1101107,"Carnes, vísceras e pescados",11011074,Carnes e peixes industrializados,72464,PEIXE SALGADO GUAIVIRA,09109,,,,
72465,V8000_DEFLA,1,Despesas Correntes,11,Despesas de Consumo,1101,Alimentacao,11011,Alimentação no domicílio,1101107,"Carnes, vísceras e pescados",11011074,Carnes e peixes industrializados,72465,PEIXE EM FILE CONGELADO GUAIVIRA,09109,,,,
72471,V8000_DEFLA,1,Despesas Correntes,11,Despesas de Consumo,1101,Alimentacao,11011,Alimentação no domicílio,1101107,"Carnes, vísceras e pescados",11011075,Pescados frescos,72471,PEIXE INTEIRO BICUDA e sinonimos,09109,,,,
72472,V8000_DEFLA,1,Despesas Correntes,11,Despesas de Consumo,1101,Alimentacao,11011,Alimentação no domicílio,1101107,"Carnes, vísceras e pescados",11011075,Pescados frescos,72472,PEIXE EM POSTAS BICUDA,09109,,,,
72473,V8000_DEFLA,1,Despesas Correntes,11,Despesas de Consumo,1101,Alimentacao,11011,Alimentação no domicílio,1101107,"Carnes, vísceras e pescados",11011075,Pescados frescos,72473,PEIXE EM FILE FRESCO BICUDA,09109,,,,
72474,V8000_DEFLA,1,Despesas Correntes,11,Despesas de Consumo,1101,Alimentacao,11011,Alimentação no domicílio,1101107,"Carnes, vísceras e pescados",11011074,Carnes e peixes industrializados,72474,PEIXE SALGADO BICUDA,09109,,,,
72475,V8000_DEFLA,1,Despesas Correntes,11,Despesas de Consumo,1101,Alimentacao,11011,Alimentação no domicílio,1101107,"Carnes, vísceras e pescados",11011074,Carnes e peixes industrializados,72475,PEIXE EM FILE CONGELADO BICUDA,09109,,,,
72481,V8000_DEFLA,1,Despesas Correntes,11,Despesas de Consumo,1101,Alimentacao,11011,Alimentação no domicílio,1101107,"Carnes, vísceras e pescados",11011075,Pescados frescos,72481,PEIXE INTEIRO TRILHA,09109,,,,
72482,V8000_DEFLA,1,Despesas Correntes,11,Despesas de Consumo,1101,Alimentacao,11011,Alimentação no domicílio,1101107,"Carnes, vísceras e pescados",11011075,Pescados frescos,72482,PEIXE EM POSTAS TRILHA,09109,,,,
72483,V8000_DEFLA,1,Despesas Correntes,11,Despesas de Consumo,1101,Alimentacao,11011,Alimentação no domicílio,1101107,"Carnes, vísceras e pescados",11011075,Pescados frescos,72483,PEIXE EM FILE FRESCO TRILHA,09109,,,,
72484,V8000_DEFLA,1,Despesas Correntes,11,Despesas de Consumo,1101,Alimentacao,11011,Alimentação no domicílio,1101107,"Carnes, vísceras e pescados",11011074,Carnes e peixes industrializados,72484,PEIXE SALGADO TRILHA,09109,,,,
72485,V8000_DEFLA,1,Despesas Correntes,11,Despesas de Consumo,1101,Alimentacao,11011,Alimentação no domicílio,1101107,"Carnes, vísceras e pescados",11011074,Carnes e peixes industrializados,72485,PEIXE EM FILE CONGELADO TRILHA,09109,,,,
72491,V8000_DEFLA,1,Despesas Correntes,11,Despesas de Consumo,1101,Alimentacao,11011,Alimentação no domicílio,1101107,"Carnes, vísceras e pescados",11011075,Pescados frescos,72491,PEIXE INTEIRO BONITO e sinonimos,09109,,,,
72492,V8000_DEFLA,1,Despesas Correntes,11,Despesas de Consumo,1101,Alimentacao,11011,Alimentação no domicílio,1101107,"Carnes, vísceras e pescados",11011075,Pescados frescos,72492,PEIXE EM POSTAS BONITO,09109,,,,
72493,V8000_DEFLA,1,Despesas Correntes,11,Despesas de Consumo,1101,Alimentacao,11011,Alimentação no domicílio,1101107,"Carnes, vísceras e pescados",11011075,Pescados frescos,72493,PEIXE EM FILE FRESCO BONITO,09109,,,,
72494,V8000_DEFLA,1,Despesas Correntes,11,Despesas de Consumo,1101,Alimentacao,11011,Alimentação no domicílio,1101107,"Carnes, vísceras e pescados",11011074,Carnes e peixes industrializados,72494,PEIXE SALGADO BONITO,09109,,,,
72495,V8000_DEFLA,1,Despesas Correntes,11,Despesas de Consumo,1101,Alimentacao,11011,Alimentação no domicílio,1101107,"Carnes, vísceras e pescados",11011074,Carnes e peixes industrializados,72495,PEIXE EM FILE CONGELADO BONITO,09109,,,,
72501,V8000_DEFLA,1,Despesas Correntes,11,Despesas de Consumo,1101,Alimentacao,11011,Alimentação no domicílio,1101107,"Carnes, vísceras e pescados",11011075,Pescados frescos,72501,PEIXE INTEIRO SAVELHA e sinonimos,09109,,,,
72502,V8000_DEFLA,1,Despesas Correntes,11,Despesas de Consumo,1101,Alimentacao,11011,Alimentação no domicílio,1101107,"Carnes, vísceras e pescados",11011075,Pescados frescos,72502,PEIXE EM POSTAS SAVELHA,09109,,,,
72503,V8000_DEFLA,1,Despesas Correntes,11,Despesas de Consumo,1101,Alimentacao,11011,Alimentação no domicílio,1101107,"Carnes, vísceras e pescados",11011075,Pescados frescos,72503,PEIXE EM FILE FRESCO SAVELHA,09109,,,,
72504,V8000_DEFLA,1,Despesas Correntes,11,Despesas de Consumo,1101,Alimentacao,11011,Alimentação no domicílio,1101107,"Carnes, vísceras e pescados",11011074,Carnes e peixes industrializados,72504,PEIXE SALGADO SAVELHA,09109,,,,
72505,V8000_DEFLA,1,Despesas Correntes,11,Despesas de Consumo,1101,Alimentacao,11011,Alimentação no domicílio,1101107,"Carnes, vísceras e pescados",11011074,Carnes e peixes industrializados,72505,PEIXE EM FILE CONGELADO SAVELHA,09109,,,,
72511,V8000_DEFLA,1,Despesas Correntes,11,Despesas de Consumo,1101,Alimentacao,11011,Alimentação no domicílio,1101107,"Carnes, vísceras e pescados",11011075,Pescados frescos,72511,PEIXE INTEIRO BODIAO e sinonimos,09109,,,,
72512,V8000_DEFLA,1,Despesas Correntes,11,Despesas de Consumo,1101,Alimentacao,11011,Alimentação no domicílio,1101107,"Carnes, vísceras e pescados",11011075,Pescados frescos,72512,PEIXE EM POSTAS BODIAO,09109,,,,
72513,V8000_DEFLA,1,Despesas Correntes,11,Despesas de Consumo,1101,Alimentacao,11011,Alimentação no domicílio,1101107,"Carnes, vísceras e pescados",11011075,Pescados frescos,72513,PEIXE EM FILE FRESCO BODIAO,09109,,,,
72514,V8000_DEFLA,1,Despesas Correntes,11,Despesas de Consumo,1101,Alimentacao,11011,Alimentação no domicílio,1101107,"Carnes, vísceras e pescados",11011074,Carnes e peixes industrializados,72514,PEIXE SALGADO BODIAO,09109,,,,
72515,V8000_DEFLA,1,Despesas Correntes,11,Despesas de Consumo,1101,Alimentacao,11011,Alimentação no domicílio,1101107,"Carnes, vísceras e pescados",11011074,Carnes e peixes industrializados,72515,PEIXE EM FILE CONGELADO BODIAO,09109,,,,
72521,V8000_DEFLA,1,Despesas Correntes,11,Despesas de Consumo,1101,Alimentacao,11011,Alimentação no domicílio,1101107,"Carnes, vísceras e pescados",11011075,Pescados frescos,72521,PEIXE INTEIRO PALOMBETA e sinonimos,09109,,,,
72522,V8000_DEFLA,1,Despesas Correntes,11,Despesas de Consumo,1101,Alimentacao,11011,Alimentação no domicílio,1101107,"Carnes, vísceras e pescados",11011075,Pescados frescos,72522,PEIXE EM POSTAS PALOMBETA,09109,,,,
72523,V8000_DEFLA,1,Despesas Correntes,11,Despesas de Consumo,1101,Alimentacao,11011,Alimentação no domicílio,1101107,"Carnes, vísceras e pescados",11011075,Pescados frescos,72523,PEIXE EM FILE FRESCO PALOMBETA,09109,,,,
72524,V8000_DEFLA,1,Despesas Correntes,11,Despesas de Consumo,1101,Alimentacao,11011,Alimentação no domicílio,1101107,"Carnes, vísceras e pescados",11011074,Carnes e peixes industrializados,72524,PEIXE SALGADO PALOMBETA,09109,,,,
72525,V8000_DEFLA,1,Despesas Correntes,11,Despesas de Consumo,1101,Alimentacao,11011,Alimentação no domicílio,1101107,"Carnes, vísceras e pescados",11011074,Carnes e peixes industrializados,72525,PEIXE EM FILE CONGELADO PALOMBETA,09109,,,,
72531,V8000_DEFLA,1,Despesas Correntes,11,Despesas de Consumo,1101,Alimentacao,11011,Alimentação no domicílio,1101107,"Carnes, vísceras e pescados",11011075,Pescados frescos,72531,PEIXE INTEIRO MIRAGAIA e sinonimos,09109,,,,
72532,V8000_DEFLA,1,Despesas Correntes,11,Despesas de Consumo,1101,Alimentacao,11011,Alimentação no domicílio,1101107,"Carnes, vísceras e pescados",11011075,Pescados frescos,72532,PEIXE EM POSTAS MIRAGAIA,09109,,,,
72533,V8000_DEFLA,1,Despesas Correntes,11,Despesas de Consumo,1101,Alimentacao,11011,Alimentação no domicílio,1101107,"Carnes, vísceras e pescados",11011075,Pescados frescos,72533,PEIXE EM FILE FRESCO MIRAGAIA,09109,,,,
72534,V8000_DEFLA,1,Despesas Correntes,11,Despesas de Consumo,1101,Alimentacao,11011,Alimentação no domicílio,1101107,"Carnes, vísceras e pescados",11011074,Carnes e peixes industrializados,72534,PEIXE SALGADO MIRAGAIA,09109,,,,
72535,V8000_DEFLA,1,Despesas Correntes,11,Despesas de Consumo,1101,Alimentacao,11011,Alimentação no domicílio,1101107,"Carnes, vísceras e pescados",11011074,Carnes e peixes industrializados,72535,PEIXE EM FILE CONGELADO MIRAGAIA,09109,,,,
72541,V8000_DEFLA,1,Despesas Correntes,11,Despesas de Consumo,1101,Alimentacao,11011,Alimentação no domicílio,1101107,"Carnes, vísceras e pescados",11011075,Pescados frescos,72541,PEIXE INTEIRO REI (PEIXE REI),09109,,,,
72542,V8000_DEFLA,1,Despesas Correntes,11,Despesas de Consumo,1101,Alimentacao,11011,Alimentação no domicílio,1101107,"Carnes, vísceras e pescados",11011075,Pescados frescos,72542,PEIXE EM POSTAS REI (PEIXE REI),09109,,,,
72543,V8000_DEFLA,1,Despesas Correntes,11,Despesas de Consumo,1101,Alimentacao,11011,Alimentação no domicílio,1101107,"Carnes, vísceras e pescados",11011075,Pescados frescos,72543,PEIXE EM FILE FRESCO REI (PEIXE REI),09109,,,,
72544,V8000_DEFLA,1,Despesas Correntes,11,Despesas de Consumo,1101,Alimentacao,11011,Alimentação no domicílio,1101107,"Carnes, vísceras e pescados",11011074,Carnes e peixes industrializados,72544,PEIXE SALGADO REI (PEIXE REI),09109,,,,
72545,V8000_DEFLA,1,Despesas Correntes,11,Despesas de Consumo,1101,Alimentacao,11011,Alimentação no domicílio,1101107,"Carnes, vísceras e pescados",11011074,Carnes e peixes industrializados,72545,PEIXE EM FILE CONGELADO REI (PEIXE REI),09109,,,,
72551,V8000_DEFLA,1,Despesas Correntes,11,Despesas de Consumo,1101,Alimentacao,11011,Alimentação no domicílio,1101107,"Carnes, vísceras e pescados",11011075,Pescados frescos,72551,PEIXE INTEIRO MOREIA e sinonimos,09109,,,,
72552,V8000_DEFLA,1,Despesas Correntes,11,Despesas de Consumo,1101,Alimentacao,11011,Alimentação no domicílio,1101107,"Carnes, vísceras e pescados",11011075,Pescados frescos,72552,PEIXE EM POSTAS MOREIA,09109,,,,
72553,V8000_DEFLA,1,Despesas Correntes,11,Despesas de Consumo,1101,Alimentacao,11011,Alimentação no domicílio,1101107,"Carnes, vísceras e pescados",11011075,Pescados frescos,72553,PEIXE EM FILE FRESCO MOREIA,09109,,,,
72554,V8000_DEFLA,1,Despesas Correntes,11,Despesas de Consumo,1101,Alimentacao,11011,Alimentação no domicílio,1101107,"Carnes, vísceras e pescados",11011074,Carnes e peixes industrializados,72554,PEIXE SALGADO MOREIA,09109,,,,
72555,V8000_DEFLA,1,Despesas Correntes,11,Despesas de Consumo,1101,Alimentacao,11011,Alimentação no domicílio,1101107,"Carnes, vísceras e pescados",11011074,Carnes e peixes industrializados,72555,PEIXE EM FILE CONGELADO MOREIA,09109,,,,
72561,V8000_DEFLA,1,Despesas Correntes,11,Despesas de Consumo,1101,Alimentacao,11011,Alimentação no domicílio,1101107,"Carnes, vísceras e pescados",11011075,Pescados frescos,72561,PEIXE INTEIRO ALBACORA e sinonimos,09109,,,,
72562,V8000_DEFLA,1,Despesas Correntes,11,Despesas de Consumo,1101,Alimentacao,11011,Alimentação no domicílio,1101107,"Carnes, vísceras e pescados",11011075,Pescados frescos,72562,PEIXE EM POSTAS ALBACORA,09109,,,,
72563,V8000_DEFLA,1,Despesas Correntes,11,Despesas de Consumo,1101,Alimentacao,11011,Alimentação no domicílio,1101107,"Carnes, vísceras e pescados",11011075,Pescados frescos,72563,PEIXE EM FILE FRESCO ALBACORA,09109,,,,
72564,V8000_DEFLA,1,Despesas Correntes,11,Despesas de Consumo,1101,Alimentacao,11011,Alimentação no domicílio,1101107,"Carnes, vísceras e pescados",11011074,Carnes e peixes industrializados,72564,PEIXE SALGADO ALBACORA,09109,,,,
72565,V8000_DEFLA,1,Despesas Correntes,11,Despesas de Consumo,1101,Alimentacao,11011,Alimentação no domicílio,1101107,"Carnes, vísceras e pescados",11011074,Carnes e peixes industrializados,72565,PEIXE EM FILE CONGELADO ALBACORA,09109,,,,
72571,V8000_DEFLA,1,Despesas Correntes,11,Despesas de Consumo,1101,Alimentacao,11011,Alimentação no domicílio,1101107,"Carnes, vísceras e pescados",11011075,Pescados frescos,72571,PEIXE INTEIRO CHERNE e sinonimos,09109,,,,
72572,V8000_DEFLA,1,Despesas Correntes,11,Despesas de Consumo,1101,Alimentacao,11011,Alimentação no domicílio,1101107,"Carnes, vísceras e pescados",11011075,Pescados frescos,72572,PEIXE EM POSTAS CHERNE,09109,,,,
72573,V8000_DEFLA,1,Despesas Correntes,11,Despesas de Consumo,1101,Alimentacao,11011,Alimentação no domicílio,1101107,"Carnes, vísceras e pescados",11011075,Pescados frescos,72573,PEIXE EM FILE FRESCO CHERNE,09109,,,,
72574,V8000_DEFLA,1,Despesas Correntes,11,Despesas de Consumo,1101,Alimentacao,11011,Alimentação no domicílio,1101107,"Carnes, vísceras e pescados",11011074,Carnes e peixes industrializados,72574,PEIXE SALGADO CHERNE,09109,,,,
72575,V8000_DEFLA,1,Despesas Correntes,11,Despesas de Consumo,1101,Alimentacao,11011,Alimentação no domicílio,1101107,"Carnes, vísceras e pescados",11011074,Carnes e peixes industrializados,72575,PEIXE EM FILE CONGELADO CHERNE,09109,,,,
72581,V8000_DEFLA,1,Despesas Correntes,11,Despesas de Consumo,1101,Alimentacao,11011,Alimentação no domicílio,1101107,"Carnes, vísceras e pescados",11011075,Pescados frescos,72581,PEIXE INTEIRO AGULHAO e sinonimos,09109,,,,
72582,V8000_DEFLA,1,Despesas Correntes,11,Despesas de Consumo,1101,Alimentacao,11011,Alimentação no domicílio,1101107,"Carnes, vísceras e pescados",11011075,Pescados frescos,72582,PEIXE EM POSTAS AGULHAO,09109,,,,
72583,V8000_DEFLA,1,Despesas Correntes,11,Despesas de Consumo,1101,Alimentacao,11011,Alimentação no domicílio,1101107,"Carnes, vísceras e pescados",11011075,Pescados frescos,72583,PEIXE EM FILE FRESCO AGULHAO,09109,,,,
72584,V8000_DEFLA,1,Despesas Correntes,11,Despesas de Consumo,1101,Alimentacao,11011,Alimentação no domicílio,1101107,"Carnes, vísceras e pescados",11011074,Carnes e peixes industrializados,72584,PEIXE SALGADO AGULHAO,09109,,,,
72585,V8000_DEFLA,1,Despesas Correntes,11,Despesas de Consumo,1101,Alimentacao,11011,Alimentação no domicílio,1101107,"Carnes, vísceras e pescados",11011074,Carnes e peixes industrializados,72585,PEIXE EM FILE CONGELADO AGULHAO,09109,,,,
72591,V8000_DEFLA,1,Despesas Correntes,11,Despesas de Consumo,1101,Alimentacao,11011,Alimentação no domicílio,1101107,"Carnes, vísceras e pescados",11011075,Pescados frescos,72591,PEIXE INTEIRO SALMONETE e sinonimos,09109,,,,
72592,V8000_DEFLA,1,Despesas Correntes,11,Despesas de Consumo,1101,Alimentacao,11011,Alimentação no domicílio,1101107,"Carnes, vísceras e pescados",11011075,Pescados frescos,72592,PEIXE EM POSTAS SALMONETE,09109,,,,
72593,V8000_DEFLA,1,Despesas Correntes,11,Despesas de Consumo,1101,Alimentacao,11011,Alimentação no domicílio,1101107,"Carnes, vísceras e pescados",11011075,Pescados frescos,72593,PEIXE EM FILE FRESCO SALMONETE,09109,,,,
72594,V8000_DEFLA,1,Despesas Correntes,11,Despesas de Consumo,1101,Alimentacao,11011,Alimentação no domicílio,1101107,"Carnes, vísceras e pescados",11011074,Carnes e peixes industrializados,72594,PEIXE SALGADO SALMONETE,09109,,,,
72595,V8000_DEFLA,1,Despesas Correntes,11,Despesas de Consumo,1101,Alimentacao,11011,Alimentação no domicílio,1101107,"Carnes, vísceras e pescados",11011074,Carnes e peixes industrializados,72595,PEIXE EM FILE CONGELADO SALMONETE,09109,,,,
72601,V8000_DEFLA,1,Despesas Correntes,11,Despesas de Consumo,1101,Alimentacao,11011,Alimentação no domicílio,1101107,"Carnes, vísceras e pescados",11011075,Pescados frescos,72601,CAMARAO e sinonimos,09102,,,,
72602,V8000_DEFLA,1,Despesas Correntes,11,Despesas de Consumo,1101,Alimentacao,11011,Alimentação no domicílio,1101107,"Carnes, vísceras e pescados",11011075,Pescados frescos,72602,CAMARAO SEM CASCA,09102,,,,
72604,V8000_DEFLA,1,Despesas Correntes,11,Despesas de Consumo,1101,Alimentacao,11011,Alimentação no domicílio,1101107,"Carnes, vísceras e pescados",11011074,Carnes e peixes industrializados,72604,CAMARAO SECO e sinonimos,09102,,,,
72606,V8000_DEFLA,1,Despesas Correntes,11,Despesas de Consumo,1101,Alimentacao,11011,Alimentação no domicílio,1101107,"Carnes, vísceras e pescados",11011074,Carnes e peixes industrializados,72606,CAMARAO DEFUMADO,09102,,,,
72611,V8000_DEFLA,1,Despesas Correntes,11,Despesas de Consumo,1101,Alimentacao,11011,Alimentação no domicílio,1101107,"Carnes, vísceras e pescados",11011075,Pescados frescos,72611,SIRI e sinonimos,09109,,,,
72612,V8000_DEFLA,1,Despesas Correntes,11,Despesas de Consumo,1101,Alimentacao,11011,Alimentação no domicílio,1101107,"Carnes, vísceras e pescados",11011075,Pescados frescos,72612,SIRI SEM CASCA e sinonimos,09109,,,,
72614,V8000_DEFLA,1,Despesas Correntes,11,Despesas de Consumo,1101,Alimentacao,11011,Alimentação no domicílio,1101107,"Carnes, vísceras e pescados",11011074,Carnes e peixes industrializados,72614,SIRI SALGADO,09109,,,,
72621,V8000_DEFLA,1,Despesas Correntes,11,Despesas de Consumo,1101,Alimentacao,11011,Alimentação no domicílio,1101107,"Carnes, vísceras e pescados",11011075,Pescados frescos,72621,CARANGUEJO e sinonimos,09109,,,,
72622,V8000_DEFLA,1,Despesas Correntes,11,Despesas de Consumo,1101,Alimentacao,11011,Alimentação no domicílio,1101107,"Carnes, vísceras e pescados",11011075,Pescados frescos,72622,CARANGUEJO SEM CASCA e sinonimos,09109,,,,
72624,V8000_DEFLA,1,Despesas Correntes,11,Despesas de Consumo,1101,Alimentacao,11011,Alimentação no domicílio,1101107,"Carnes, vísceras e pescados",11011074,Carnes e peixes industrializados,72624,CARANGUEJO SALGADO,09109,,,,
72631,V8000_DEFLA,1,Despesas Correntes,11,Despesas de Consumo,1101,Alimentacao,11011,Alimentação no domicílio,1101107,"Carnes, vísceras e pescados",11011075,Pescados frescos,72631,MARISCO e sinonimos,09109,,,,
72632,V8000_DEFLA,1,Despesas Correntes,11,Despesas de Consumo,1101,Alimentacao,11011,Alimentação no domicílio,1101107,"Carnes, vísceras e pescados",11011075,Pescados frescos,72632,MARISCO SEM CASCA,09109,,,,
72634,V8000_DEFLA,1,Despesas Correntes,11,Despesas de Consumo,1101,Alimentacao,11011,Alimentação no domicílio,1101107,"Carnes, vísceras e pescados",11011074,Carnes e peixes industrializados,72634,MARISCO SALGADO,09109,,,,
72641,V8000_DEFLA,1,Despesas Correntes,11,Despesas de Consumo,1101,Alimentacao,11011,Alimentação no domicílio,1101107,"Carnes, vísceras e pescados",11011075,Pescados frescos,72641,OSTRA e sinonimos,09109,,,,
72642,V8000_DEFLA,1,Despesas Correntes,11,Despesas de Consumo,1101,Alimentacao,11011,Alimentação no domicílio,1101107,"Carnes, vísceras e pescados",11011075,Pescados frescos,72642,OSTRA SEM CASCA,09109,,,,
72644,V8000_DEFLA,1,Despesas Correntes,11,Despesas de Consumo,1101,Alimentacao,11011,Alimentação no domicílio,1101107,"Carnes, vísceras e pescados",11011074,Carnes e peixes industrializados,72644,OSTRA SALGADA,09109,,,,
72651,V8000_DEFLA,1,Despesas Correntes,11,Despesas de Consumo,1101,Alimentacao,11011,Alimentação no domicílio,1101107,"Carnes, vísceras e pescados",11011075,Pescados frescos,72651,LULA e sinonimos,09109,,,,
72661,V8000_DEFLA,1,Despesas Correntes,11,Despesas de Consumo,1101,Alimentacao,11011,Alimentação no domicílio,1101107,"Carnes, vísceras e pescados",11011075,Pescados frescos,72661,SURURU e sinonimos,09109,,,,
72662,V8000_DEFLA,1,Despesas Correntes,11,Despesas de Consumo,1101,Alimentacao,11011,Alimentação no domicílio,1101107,"Carnes, vísceras e pescados",11011075,Pescados frescos,72662,SURURU SEM CASCA,09109,,,,
72664,V8000_DEFLA,1,Despesas Correntes,11,Despesas de Consumo,1101,Alimentacao,11011,Alimentação no domicílio,1101107,"Carnes, vísceras e pescados",11011074,Carnes e peixes industrializados,72664,SURURU SALGADO,09109,,,,
72671,V8000_DEFLA,1,Despesas Correntes,11,Despesas de Consumo,1101,Alimentacao,11011,Alimentação no domicílio,1101107,"Carnes, vísceras e pescados",11011075,Pescados frescos,72671,LAGOSTA e sinonimos,09109,,,,
72672,V8000_DEFLA,1,Despesas Correntes,11,Despesas de Consumo,1101,Alimentacao,11011,Alimentação no domicílio,1101107,"Carnes, vísceras e pescados",11011075,Pescados frescos,72672,LAGOSTA SEM CASCA,09109,,,,
72674,V8000_DEFLA,1,Despesas Correntes,11,Despesas de Consumo,1101,Alimentacao,11011,Alimentação no domicílio,1101107,"Carnes, vísceras e pescados",11011074,Carnes e peixes industrializados,72674,LAGOSTA SALGADA,09109,,,,
72681,V8000_DEFLA,1,Despesas Correntes,11,Despesas de Consumo,1101,Alimentacao,11011,Alimentação no domicílio,1101107,"Carnes, vísceras e pescados",11011075,Pescados frescos,72681,VIEIRA e sinonimos,09109,,,,
72682,V8000_DEFLA,1,Despesas Correntes,11,Despesas de Consumo,1101,Alimentacao,11011,Alimentação no domicílio,1101107,"Carnes, vísceras e pescados",11011075,Pescados frescos,72682,VIEIRA SEM CASCA,09109,,,,
72684,V8000_DEFLA,1,Despesas Correntes,11,Despesas de Consumo,1101,Alimentacao,11011,Alimentação no domicílio,1101107,"Carnes, vísceras e pescados",11011074,Carnes e peixes industrializados,72684,VIEIRA SALGADA,09109,,,,
72691,V8000_DEFLA,1,Despesas Correntes,11,Despesas de Consumo,1101,Alimentacao,11011,Alimentação no domicílio,1101107,"Carnes, vísceras e pescados",11011075,Pescados frescos,72691,TARTARUGA DE MAR e sinonimos,09109,,,,
72692,V8000_DEFLA,1,Despesas Correntes,11,Despesas de Consumo,1101,Alimentacao,11011,Alimentação no domicílio,1101107,"Carnes, vísceras e pescados",11011075,Pescados frescos,72692,TARTARUGA EM POSTAS,09109,,,,
72693,V8000_DEFLA,1,Despesas Correntes,11,Despesas de Consumo,1101,Alimentacao,11011,Alimentação no domicílio,1101107,"Carnes, vísceras e pescados",11011075,Pescados frescos,72693,TARTARUGA EM FILE FRESCO,09109,,,,
72694,V8000_DEFLA,1,Despesas Correntes,11,Despesas de Consumo,1101,Alimentacao,11011,Alimentação no domicílio,1101107,"Carnes, vísceras e pescados",11011074,Carnes e peixes industrializados,72694,TARTARUGA SALGADA,09109,,,,
72695,V8000_DEFLA,1,Despesas Correntes,11,Despesas de Consumo,1101,Alimentacao,11011,Alimentação no domicílio,1101107,"Carnes, vísceras e pescados",11011074,Carnes e peixes industrializados,72695,TARTARUGA EM FILE CONGELADO,09109,,,,
72704,V8000_DEFLA,1,Despesas Correntes,11,Despesas de Consumo,1101,Alimentacao,11011,Alimentação no domicílio,1101107,"Carnes, vísceras e pescados",11011074,Carnes e peixes industrializados,72704,BACALHAU,09101,,,,
72711,V8000_DEFLA,1,Despesas Correntes,11,Despesas de Consumo,1101,Alimentacao,11011,Alimentação no domicílio,1101107,"Carnes, vísceras e pescados",11011075,Pescados frescos,72711,PEIXE INTEIRO CAICANHA e sinonimos,09109,,,,
72712,V8000_DEFLA,1,Despesas Correntes,11,Despesas de Consumo,1101,Alimentacao,11011,Alimentação no domicílio,1101107,"Carnes, vísceras e pescados",11011075,Pescados frescos,72712,PEIXE EM POSTAS CAICANHA,09109,,,,
72713,V8000_DEFLA,1,Despesas Correntes,11,Despesas de Consumo,1101,Alimentacao,11011,Alimentação no domicílio,1101107,"Carnes, vísceras e pescados",11011075,Pescados frescos,72713,PEIXE EM FILE FRESCO CAICANHA,09109,,,,
72714,V8000_DEFLA,1,Despesas Correntes,11,Despesas de Consumo,1101,Alimentacao,11011,Alimentação no domicílio,1101107,"Carnes, vísceras e pescados",11011074,Carnes e peixes industrializados,72714,PEIXE SALGADO CAICANHA,09109,,,,
72715,V8000_DEFLA,1,Despesas Correntes,11,Despesas de Consumo,1101,Alimentacao,11011,Alimentação no domicílio,1101107,"Carnes, vísceras e pescados",11011074,Carnes e peixes industrializados,72715,PEIXE EM FILE CONGELADO CAICANHA,09109,,,,
72721,V8000_DEFLA,1,Despesas Correntes,11,Despesas de Consumo,1101,Alimentacao,11011,Alimentação no domicílio,1101107,"Carnes, vísceras e pescados",11011075,Pescados frescos,72721,PEIXE INTEIRO TIRAVIRA e sinonimos,09109,,,,
72722,V8000_DEFLA,1,Despesas Correntes,11,Despesas de Consumo,1101,Alimentacao,11011,Alimentação no domicílio,1101107,"Carnes, vísceras e pescados",11011075,Pescados frescos,72722,PEIXE EM POSTAS TIRAVIRA,09109,,,,
72723,V8000_DEFLA,1,Despesas Correntes,11,Despesas de Consumo,1101,Alimentacao,11011,Alimentação no domicílio,1101107,"Carnes, vísceras e pescados",11011075,Pescados frescos,72723,PEIXE EM FILE FRESCO TIRAVIRA,09109,,,,
72724,V8000_DEFLA,1,Despesas Correntes,11,Despesas de Consumo,1101,Alimentacao,11011,Alimentação no domicílio,1101107,"Carnes, vísceras e pescados",11011074,Carnes e peixes industrializados,72724,PEIXE SALGADO TIRAVIRA,09109,,,,
72725,V8000_DEFLA,1,Despesas Correntes,11,Despesas de Consumo,1101,Alimentacao,11011,Alimentação no domicílio,1101107,"Carnes, vísceras e pescados",11011074,Carnes e peixes industrializados,72725,PEIXE EM FILE CONGELADO TIRAVIRA,09109,,,,
72731,V8000_DEFLA,1,Despesas Correntes,11,Despesas de Consumo,1101,Alimentacao,11011,Alimentação no domicílio,1101107,"Carnes, vísceras e pescados",11011075,Pescados frescos,72731,OVAS DE PEIXE (QUALQUER ESPECIE),09109,,,,
72734,V8000_DEFLA,1,Despesas Correntes,11,Despesas de Consumo,1101,Alimentacao,11011,Alimentação no domicílio,1101107,"Carnes, vísceras e pescados",11011074,Carnes e peixes industrializados,72734,OVAS DE PEIXE SALGADAS (QUALQUER ESPECIE),09109,,,,
72741,V8000_DEFLA,1,Despesas Correntes,11,Despesas de Consumo,1101,Alimentacao,11011,Alimentação no domicílio,1101107,"Carnes, vísceras e pescados",11011075,Pescados frescos,72741,POLVO,09109,,,,
72742,V8000_DEFLA,1,Despesas Correntes,11,Despesas de Consumo,1101,Alimentacao,11011,Alimentação no domicílio,1101107,"Carnes, vísceras e pescados",11011075,Pescados frescos,72742,POLVO EM POSTAS,09109,,,,
72744,V8000_DEFLA,1,Despesas Correntes,11,Despesas de Consumo,1101,Alimentacao,11011,Alimentação no domicílio,1101107,"Carnes, vísceras e pescados",11011074,Carnes e peixes industrializados,72744,POLVO SALGADO,09109,,,,
72751,V8000_DEFLA,1,Despesas Correntes,11,Despesas de Consumo,1101,Alimentacao,11011,Alimentação no domicílio,1101107,"Carnes, vísceras e pescados",11011075,Pescados frescos,72751,PEIXE INTEIRO ABROTE,09109,,,,
72752,V8000_DEFLA,1,Despesas Correntes,11,Despesas de Consumo,1101,Alimentacao,11011,Alimentação no domicílio,1101107,"Carnes, vísceras e pescados",11011075,Pescados frescos,72752,PEIXE EM POSTAS ABROTE,09109,,,,
72753,V8000_DEFLA,1,Despesas Correntes,11,Despesas de Consumo,1101,Alimentacao,11011,Alimentação no domicílio,1101107,"Carnes, vísceras e pescados",11011075,Pescados frescos,72753,PEIXE EM FILE FRESCO ABROTE,09109,,,,
72754,V8000_DEFLA,1,Despesas Correntes,11,Despesas de Consumo,1101,Alimentacao,11011,Alimentação no domicílio,1101107,"Carnes, vísceras e pescados",11011074,Carnes e peixes industrializados,72754,PEIXE SALGADO ABROTE,09109,,,,
72755,V8000_DEFLA,1,Despesas Correntes,11,Despesas de Consumo,1101,Alimentacao,11011,Alimentação no domicílio,1101107,"Carnes, vísceras e pescados",11011074,Carnes e peixes industrializados,72755,PEIXE EM FILE CONGELADO ABROTE,09109,,,,
72761,V8000_DEFLA,1,Despesas Correntes,11,Despesas de Consumo,1101,Alimentacao,11011,Alimentação no domicílio,1101107,"Carnes, vísceras e pescados",11011075,Pescados frescos,72761,PEIXE INTEIRO PARU,09109,,,,
72771,V8000_DEFLA,1,Despesas Correntes,11,Despesas de Consumo,1101,Alimentacao,11011,Alimentação no domicílio,1101107,"Carnes, vísceras e pescados",11011075,Pescados frescos,72771,PEIXE INTEIRO PIRUCAIA,09109,,,,
72781,V8000_DEFLA,1,Despesas Correntes,11,Despesas de Consumo,1101,Alimentacao,11011,Alimentação no domicílio,1101107,"Carnes, vísceras e pescados",11011075,Pescados frescos,72781,PEIXE INTEIRO SAMBUIO e sinonimos,09109,,,,
72791,V8000_DEFLA,1,Despesas Correntes,11,Despesas de Consumo,1101,Alimentacao,11011,Alimentação no domicílio,1101107,"Carnes, vísceras e pescados",11011075,Pescados frescos,72791,PEIXE INTEIRO VERDE,09109,,,,
72802,V8000_DEFLA,1,Despesas Correntes,11,Despesas de Consumo,1101,Alimentacao,11011,Alimentação no domicílio,1101107,"Carnes, vísceras e pescados",11011075,Pescados frescos,72802,PEIXE EM POSTAS SALMAO,09109,,,,
72803,V8000_DEFLA,1,Despesas Correntes,11,Despesas de Consumo,1101,Alimentacao,11011,Alimentação no domicílio,1101107,"Carnes, vísceras e pescados",11011075,Pescados frescos,72803,PEIXE EM FILE FRESCO SALMAO,09109,,,,
72805,V8000_DEFLA,1,Despesas Correntes,11,Despesas de Consumo,1101,Alimentacao,11011,Alimentação no domicílio,1101107,"Carnes, vísceras e pescados",11011074,Carnes e peixes industrializados,72805,PEIXE EM FILE CONGELADO SALMAO,09109,,,,
72811,V8000_DEFLA,1,Despesas Correntes,11,Despesas de Consumo,1101,Alimentacao,11011,Alimentação no domicílio,1101107,"Carnes, vísceras e pescados",11011075,Pescados frescos,72811,PEIXE INTEIRO CARAPICU,09109,,,,
72821,V8000_DEFLA,1,Despesas Correntes,11,Despesas de Consumo,1101,Alimentacao,11011,Alimentação no domicílio,1101107,"Carnes, vísceras e pescados",11011075,Pescados frescos,72821,PEIXE INTEIRO POLACA DO ALASCA,09109,,,,
72822,V8000_DEFLA,1,Despesas Correntes,11,Despesas de Consumo,1101,Alimentacao,11011,Alimentação no domicílio,1101107,"Carnes, vísceras e pescados",11011075,Pescados frescos,72822,PEIXE EM FILE CONGELADO POLACA DO ALASCA,09109,,,,
72831,V8000_DEFLA,1,Despesas Correntes,11,Despesas de Consumo,1101,Alimentacao,11011,Alimentação no domicílio,1101107,"Carnes, vísceras e pescados",11011075,Pescados frescos,72831,TURU (CRUSTACEO),09109,,,,
74001,V8000_DEFLA,1,Despesas Correntes,11,Despesas de Consumo,1101,Alimentacao,11011,Alimentação no domicílio,1101107,"Carnes, vísceras e pescados",11011075,Pescados frescos,74001,PEIXE INTEIRO DE AGUA DOCE NAO-ESPECIFICADO,09201,,,,
74002,V8000_DEFLA,1,Despesas Correntes,11,Despesas de Consumo,1101,Alimentacao,11011,Alimentação no domicílio,1101107,"Carnes, vísceras e pescados",11011075,Pescados frescos,74002,PEIXE EM POSTAS DE AGUA DOCE NAO-ESPECIFICADO,09201,,,,
74003,V8000_DEFLA,1,Despesas Correntes,11,Despesas de Consumo,1101,Alimentacao,11011,Alimentação no domicílio,1101107,"Carnes, vísceras e pescados",11011075,Pescados frescos,74003,PEIXE EM FILE FRESCO DE AGUA DOCE NAO-ESPECIFICADO,09201,,,,
74004,V8000_DEFLA,1,Despesas Correntes,11,Despesas de Consumo,1101,Alimentacao,11011,Alimentação no domicílio,1101107,"Carnes, vísceras e pescados",11011074,Carnes e peixes industrializados,74004,PEIXE SALGADO DE AGUA DOCE NAO-ESPECIFICADO,09201,,,,
74005,V8000_DEFLA,1,Despesas Correntes,11,Despesas de Consumo,1101,Alimentacao,11011,Alimentação no domicílio,1101107,"Carnes, vísceras e pescados",11011074,Carnes e peixes industrializados,74005,PEIXE EM FILE CONGELADO DE AGUA DOCE NAO-ESPECIFICADO,09201,,,,
74011,V8000_DEFLA,1,Despesas Correntes,11,Despesas de Consumo,1101,Alimentacao,11011,Alimentação no domicílio,1101107,"Carnes, vísceras e pescados",11011075,Pescados frescos,74011,PEIXE INTEIRO TRAIRA e sinonimos,09201,,,,
74012,V8000_DEFLA,1,Despesas Correntes,11,Despesas de Consumo,1101,Alimentacao,11011,Alimentação no domicílio,1101107,"Carnes, vísceras e pescados",11011075,Pescados frescos,74012,PEIXE EM POSTAS TRAIRA,09201,,,,
74013,V8000_DEFLA,1,Despesas Correntes,11,Despesas de Consumo,1101,Alimentacao,11011,Alimentação no domicílio,1101107,"Carnes, vísceras e pescados",11011075,Pescados frescos,74013,PEIXE EM FILE FRESCO TRAIRA,09201,,,,
74014,V8000_DEFLA,1,Despesas Correntes,11,Despesas de Consumo,1101,Alimentacao,11011,Alimentação no domicílio,1101107,"Carnes, vísceras e pescados",11011074,Carnes e peixes industrializados,74014,PEIXE SALGADO TRAIRA,09201,,,,
74015,V8000_DEFLA,1,Despesas Correntes,11,Despesas de Consumo,1101,Alimentacao,11011,Alimentação no domicílio,1101107,"Carnes, vísceras e pescados",11011074,Carnes e peixes industrializados,74015,PEIXE EM FILE CONGELADO TRAIRA,09201,,,,
74021,V8000_DEFLA,1,Despesas Correntes,11,Despesas de Consumo,1101,Alimentacao,11011,Alimentação no domicílio,1101107,"Carnes, vísceras e pescados",11011075,Pescados frescos,74021,PEIXE INTEIRO ACARA e sinonimos,09201,,,,
74022,V8000_DEFLA,1,Despesas Correntes,11,Despesas de Consumo,1101,Alimentacao,11011,Alimentação no domicílio,1101107,"Carnes, vísceras e pescados",11011075,Pescados frescos,74022,PEIXE EM POSTAS ACARA,09201,,,,
74023,V8000_DEFLA,1,Despesas Correntes,11,Despesas de Consumo,1101,Alimentacao,11011,Alimentação no domicílio,1101107,"Carnes, vísceras e pescados",11011075,Pescados frescos,74023,PEIXE EM FILE FRESCO ACARA,09201,,,,
74024,V8000_DEFLA,1,Despesas Correntes,11,Despesas de Consumo,1101,Alimentacao,11011,Alimentação no domicílio,1101107,"Carnes, vísceras e pescados",11011074,Carnes e peixes industrializados,74024,PEIXE SALGADO ACARA,09201,,,,
74025,V8000_DEFLA,1,Despesas Correntes,11,Despesas de Consumo,1101,Alimentacao,11011,Alimentação no domicílio,1101107,"Carnes, vísceras e pescados",11011074,Carnes e peixes industrializados,74025,PEIXE EM FILE CONGELADO ACARA,09201,,,,
74031,V8000_DEFLA,1,Despesas Correntes,11,Despesas de Consumo,1101,Alimentacao,11011,Alimentação no domicílio,1101107,"Carnes, vísceras e pescados",11011075,Pescados frescos,74031,PEIXE INTEIRO LAMBARI e sinonimos,09201,,,,
74032,V8000_DEFLA,1,Despesas Correntes,11,Despesas de Consumo,1101,Alimentacao,11011,Alimentação no domicílio,1101107,"Carnes, vísceras e pescados",11011075,Pescados frescos,74032,PEIXE EM POSTAS LAMBARI,09201,,,,
74033,V8000_DEFLA,1,Despesas Correntes,11,Despesas de Consumo,1101,Alimentacao,11011,Alimentação no domicílio,1101107,"Carnes, vísceras e pescados",11011075,Pescados frescos,74033,PEIXE EM FILE FRESCO LAMBARI,09201,,,,
74034,V8000_DEFLA,1,Despesas Correntes,11,Despesas de Consumo,1101,Alimentacao,11011,Alimentação no domicílio,1101107,"Carnes, vísceras e pescados",11011074,Carnes e peixes industrializados,74034,PEIXE SALGADO LAMBARI,09201,,,,
74035,V8000_DEFLA,1,Despesas Correntes,11,Despesas de Consumo,1101,Alimentacao,11011,Alimentação no domicílio,1101107,"Carnes, vísceras e pescados",11011074,Carnes e peixes industrializados,74035,PEIXE EM FILE CONGELADO LAMBARI,09201,,,,
74041,V8000_DEFLA,1,Despesas Correntes,11,Despesas de Consumo,1101,Alimentacao,11011,Alimentação no domicílio,1101107,"Carnes, vísceras e pescados",11011075,Pescados frescos,74041,PEIXE INTEIRO SURUBIM e sinonimos,09201,,,,
74042,V8000_DEFLA,1,Despesas Correntes,11,Despesas de Consumo,1101,Alimentacao,11011,Alimentação no domicílio,1101107,"Carnes, vísceras e pescados",11011075,Pescados frescos,74042,PEIXE EM POSTAS SURUBIM,09201,,,,
74043,V8000_DEFLA,1,Despesas Correntes,11,Despesas de Consumo,1101,Alimentacao,11011,Alimentação no domicílio,1101107,"Carnes, vísceras e pescados",11011075,Pescados frescos,74043,PEIXE EM FILE FRESCO SURUBIM,09201,,,,
74044,V8000_DEFLA,1,Despesas Correntes,11,Despesas de Consumo,1101,Alimentacao,11011,Alimentação no domicílio,1101107,"Carnes, vísceras e pescados",11011074,Carnes e peixes industrializados,74044,PEIXE SALGADO SURUBIM,09201,,,,
74045,V8000_DEFLA,1,Despesas Correntes,11,Despesas de Consumo,1101,Alimentacao,11011,Alimentação no domicílio,1101107,"Carnes, vísceras e pescados",11011074,Carnes e peixes industrializados,74045,PEIXE EM FILE CONGELADO SURUBIM,09201,,,,
74047,V8000_DEFLA,1,Despesas Correntes,11,Despesas de Consumo,1101,Alimentacao,11011,Alimentação no domicílio,1101107,"Carnes, vísceras e pescados",11011075,Pescados frescos,74047,CABECA DE PINTADO,09201,,,,
74049,V8000_DEFLA,1,Despesas Correntes,11,Despesas de Consumo,1101,Alimentacao,11011,Alimentação no domicílio,1101107,"Carnes, vísceras e pescados",11011075,Pescados frescos,74049,PEIXE PINTADO (FORMA DE COMERCIALIZACAO NAO-DISCRIMINADA),09201,,,,
74051,V8000_DEFLA,1,Despesas Correntes,11,Despesas de Consumo,1101,Alimentacao,11011,Alimentação no domicílio,1101107,"Carnes, vísceras e pescados",11011075,Pescados frescos,74051,PEIXE INTEIRO JACUNDA e sinonimos,09201,,,,
74052,V8000_DEFLA,1,Despesas Correntes,11,Despesas de Consumo,1101,Alimentacao,11011,Alimentação no domicílio,1101107,"Carnes, vísceras e pescados",11011075,Pescados frescos,74052,PEIXE EM POSTAS JACUNDA,09201,,,,
74053,V8000_DEFLA,1,Despesas Correntes,11,Despesas de Consumo,1101,Alimentacao,11011,Alimentação no domicílio,1101107,"Carnes, vísceras e pescados",11011075,Pescados frescos,74053,PEIXE EM FILE FRESCO JACUNDA,09201,,,,
74054,V8000_DEFLA,1,Despesas Correntes,11,Despesas de Consumo,1101,Alimentacao,11011,Alimentação no domicílio,1101107,"Carnes, vísceras e pescados",11011074,Carnes e peixes industrializados,74054,PEIXE SALGADO JACUNDA,09201,,,,
74055,V8000_DEFLA,1,Despesas Correntes,11,Despesas de Consumo,1101,Alimentacao,11011,Alimentação no domicílio,1101107,"Carnes, vísceras e pescados",11011074,Carnes e peixes industrializados,74055,PEIXE EM FILE CONGELADO JACUNDA,09201,,,,
74061,V8000_DEFLA,1,Despesas Correntes,11,Despesas de Consumo,1101,Alimentacao,11011,Alimentação no domicílio,1101107,"Carnes, vísceras e pescados",11011075,Pescados frescos,74061,PEIXE INTEIRO PIRARUCU e sinonimos,09201,,,,
74062,V8000_DEFLA,1,Despesas Correntes,11,Despesas de Consumo,1101,Alimentacao,11011,Alimentação no domicílio,1101107,"Carnes, vísceras e pescados",11011075,Pescados frescos,74062,PEIXE EM POSTAS PIRARUCU,09201,,,,
74063,V8000_DEFLA,1,Despesas Correntes,11,Despesas de Consumo,1101,Alimentacao,11011,Alimentação no domicílio,1101107,"Carnes, vísceras e pescados",11011075,Pescados frescos,74063,PEIXE EM FILE FRESCO PIRARUCU,09201,,,,
74064,V8000_DEFLA,1,Despesas Correntes,11,Despesas de Consumo,1101,Alimentacao,11011,Alimentação no domicílio,1101107,"Carnes, vísceras e pescados",11011074,Carnes e peixes industrializados,74064,PEIXE SALGADO PIRARUCU,09201,,,,
74065,V8000_DEFLA,1,Despesas Correntes,11,Despesas de Consumo,1101,Alimentacao,11011,Alimentação no domicílio,1101107,"Carnes, vísceras e pescados",11011074,Carnes e peixes industrializados,74065,PEIXE EM FILE CONGELADO PIRARUCU,09201,,,,
74071,V8000_DEFLA,1,Despesas Correntes,11,Despesas de Consumo,1101,Alimentacao,11011,Alimentação no domicílio,1101107,"Carnes, vísceras e pescados",11011075,Pescados frescos,74071,PEIXE INTEIRO ARACU e sinonimos,09201,,,,
74072,V8000_DEFLA,1,Despesas Correntes,11,Despesas de Consumo,1101,Alimentacao,11011,Alimentação no domicílio,1101107,"Carnes, vísceras e pescados",11011075,Pescados frescos,74072,PEIXE EM POSTAS ARACU,09201,,,,
74073,V8000_DEFLA,1,Despesas Correntes,11,Despesas de Consumo,1101,Alimentacao,11011,Alimentação no domicílio,1101107,"Carnes, vísceras e pescados",11011075,Pescados frescos,74073,PEIXE EM FILE FRESCO ARACU,09201,,,,
74074,V8000_DEFLA,1,Despesas Correntes,11,Despesas de Consumo,1101,Alimentacao,11011,Alimentação no domicílio,1101107,"Carnes, vísceras e pescados",11011074,Carnes e peixes industrializados,74074,PEIXE SALGADO ARACU,09201,,,,
74075,V8000_DEFLA,1,Despesas Correntes,11,Despesas de Consumo,1101,Alimentacao,11011,Alimentação no domicílio,1101107,"Carnes, vísceras e pescados",11011074,Carnes e peixes industrializados,74075,PEIXE EM FILE CONGELADO ARACU,09201,,,,
74081,V8000_DEFLA,1,Despesas Correntes,11,Despesas de Consumo,1101,Alimentacao,11011,Alimentação no domicílio,1101107,"Carnes, vísceras e pescados",11011075,Pescados frescos,74081,PEIXE INTEIRO TILAPIA,09201,,,,
74082,V8000_DEFLA,1,Despesas Correntes,11,Despesas de Consumo,1101,Alimentacao,11011,Alimentação no domicílio,1101107,"Carnes, vísceras e pescados",11011075,Pescados frescos,74082,PEIXE EM POSTAS TILAPIA,09201,,,,
74083,V8000_DEFLA,1,Despesas Correntes,11,Despesas de Consumo,1101,Alimentacao,11011,Alimentação no domicílio,1101107,"Carnes, vísceras e pescados",11011075,Pescados frescos,74083,PEIXE EM FILE FRESCO TILAPIA,09201,,,,
74084,V8000_DEFLA,1,Despesas Correntes,11,Despesas de Consumo,1101,Alimentacao,11011,Alimentação no domicílio,1101107,"Carnes, vísceras e pescados",11011074,Carnes e peixes industrializados,74084,PEIXE SALGADO TILAPIA,09201,,,,
74085,V8000_DEFLA,1,Despesas Correntes,11,Despesas de Consumo,1101,Alimentacao,11011,Alimentação no domicílio,1101107,"Carnes, vísceras e pescados",11011074,Carnes e peixes industrializados,74085,PEIXE EM FILE CONGELADO TILAPIA,09201,,,,
74091,V8000_DEFLA,1,Despesas Correntes,11,Despesas de Consumo,1101,Alimentacao,11011,Alimentação no domicílio,1101107,"Carnes, vísceras e pescados",11011075,Pescados frescos,74091,PEIXE INTEIRO JEJU e sinonimos,09201,,,,
74092,V8000_DEFLA,1,Despesas Correntes,11,Despesas de Consumo,1101,Alimentacao,11011,Alimentação no domicílio,1101107,"Carnes, vísceras e pescados",11011075,Pescados frescos,74092,PEIXE EM POSTAS JEJU,09201,,,,
74093,V8000_DEFLA,1,Despesas Correntes,11,Despesas de Consumo,1101,Alimentacao,11011,Alimentação no domicílio,1101107,"Carnes, vísceras e pescados",11011075,Pescados frescos,74093,PEIXE EM FILE FRESCO JEJU,09201,,,,
74094,V8000_DEFLA,1,Despesas Correntes,11,Despesas de Consumo,1101,Alimentacao,11011,Alimentação no domicílio,1101107,"Carnes, vísceras e pescados",11011074,Carnes e peixes industrializados,74094,PEIXE SALGADO JEJU,09201,,,,
74095,V8000_DEFLA,1,Despesas Correntes,11,Despesas de Consumo,1101,Alimentacao,11011,Alimentação no domicílio,1101107,"Carnes, vísceras e pescados",11011074,Carnes e peixes industrializados,74095,PEIXE EM FILE CONGELADO JEJU,09201,,,,
74101,V8000_DEFLA,1,Despesas Correntes,11,Despesas de Consumo,1101,Alimentacao,11011,Alimentação no domicílio,1101107,"Carnes, vísceras e pescados",11011075,Pescados frescos,74101,PEIXE INTEIRO CURIMATA e sinonimos,09201,,,,
74102,V8000_DEFLA,1,Despesas Correntes,11,Despesas de Consumo,1101,Alimentacao,11011,Alimentação no domicílio,1101107,"Carnes, vísceras e pescados",11011075,Pescados frescos,74102,PEIXE EM POSTAS CURIMATA,09201,,,,
74103,V8000_DEFLA,1,Despesas Correntes,11,Despesas de Consumo,1101,Alimentacao,11011,Alimentação no domicílio,1101107,"Carnes, vísceras e pescados",11011075,Pescados frescos,74103,PEIXE EM FILE FRESCO CURIMATA,09201,,,,
74104,V8000_DEFLA,1,Despesas Correntes,11,Despesas de Consumo,1101,Alimentacao,11011,Alimentação no domicílio,1101107,"Carnes, vísceras e pescados",11011074,Carnes e peixes industrializados,74104,PEIXE SALGADO CURIMATA,09201,,,,
74105,V8000_DEFLA,1,Despesas Correntes,11,Despesas de Consumo,1101,Alimentacao,11011,Alimentação no domicílio,1101107,"Carnes, vísceras e pescados",11011074,Carnes e peixes industrializados,74105,PEIXE EM FILE CONGELADO CURIMATA,09201,,,,
74109,V8000_DEFLA,1,Despesas Correntes,11,Despesas de Consumo,1101,Alimentacao,11011,Alimentação no domicílio,1101107,"Carnes, vísceras e pescados",11011075,Pescados frescos,74109,PEIXE CURIMATA (FORMA DE COMERCIALIZACAO NAO-DISCRIMINADA),09201,,,,
74111,V8000_DEFLA,1,Despesas Correntes,11,Despesas de Consumo,1101,Alimentacao,11011,Alimentação no domicílio,1101107,"Carnes, vísceras e pescados",11011075,Pescados frescos,74111,PEIXE INTEIRO TUCUNARE e sinonimos,09201,,,,
74112,V8000_DEFLA,1,Despesas Correntes,11,Despesas de Consumo,1101,Alimentacao,11011,Alimentação no domicílio,1101107,"Carnes, vísceras e pescados",11011075,Pescados frescos,74112,PEIXE EM POSTAS TUCUNARE,09201,,,,
74113,V8000_DEFLA,1,Despesas Correntes,11,Despesas de Consumo,1101,Alimentacao,11011,Alimentação no domicílio,1101107,"Carnes, vísceras e pescados",11011075,Pescados frescos,74113,PEIXE EM FILE FRESCO TUCUNARE,09201,,,,
74114,V8000_DEFLA,1,Despesas Correntes,11,Despesas de Consumo,1101,Alimentacao,11011,Alimentação no domicílio,1101107,"Carnes, vísceras e pescados",11011074,Carnes e peixes industrializados,74114,PEIXE SALGADO TUCUNARE,09201,,,,
74115,V8000_DEFLA,1,Despesas Correntes,11,Despesas de Consumo,1101,Alimentacao,11011,Alimentação no domicílio,1101107,"Carnes, vísceras e pescados",11011074,Carnes e peixes industrializados,74115,PEIXE EM FILE CONGELADO TUCUNARE,09201,,,,
74121,V8000_DEFLA,1,Despesas Correntes,11,Despesas de Consumo,1101,Alimentacao,11011,Alimentação no domicílio,1101107,"Carnes, vísceras e pescados",11011075,Pescados frescos,74121,PEIXE INTEIRO ACARI e sinonimos,09201,,,,
74122,V8000_DEFLA,1,Despesas Correntes,11,Despesas de Consumo,1101,Alimentacao,11011,Alimentação no domicílio,1101107,"Carnes, vísceras e pescados",11011075,Pescados frescos,74122,PEIXE EM POSTAS ACARI,09201,,,,
74123,V8000_DEFLA,1,Despesas Correntes,11,Despesas de Consumo,1101,Alimentacao,11011,Alimentação no domicílio,1101107,"Carnes, vísceras e pescados",11011075,Pescados frescos,74123,PEIXE EM FILE FRESCO ACARI,09201,,,,
74124,V8000_DEFLA,1,Despesas Correntes,11,Despesas de Consumo,1101,Alimentacao,11011,Alimentação no domicílio,1101107,"Carnes, vísceras e pescados",11011074,Carnes e peixes industrializados,74124,PEIXE SALGADO ACARI,09201,,,,
74125,V8000_DEFLA,1,Despesas Correntes,11,Despesas de Consumo,1101,Alimentacao,11011,Alimentação no domicílio,1101107,"Carnes, vísceras e pescados",11011074,Carnes e peixes industrializados,74125,PEIXE EM FILE CONGELADO ACARI e sinonimos,09201,,,,
74131,V8000_DEFLA,1,Despesas Correntes,11,Despesas de Consumo,1101,Alimentacao,11011,Alimentação no domicílio,1101107,"Carnes, vísceras e pescados",11011075,Pescados frescos,74131,PEIXE INTEIRO PIRAMUTABA e sinonimos,09201,,,,
74132,V8000_DEFLA,1,Despesas Correntes,11,Despesas de Consumo,1101,Alimentacao,11011,Alimentação no domicílio,1101107,"Carnes, vísceras e pescados",11011075,Pescados frescos,74132,PEIXE EM POSTAS PIRAMUTABA,09201,,,,
74133,V8000_DEFLA,1,Despesas Correntes,11,Despesas de Consumo,1101,Alimentacao,11011,Alimentação no domicílio,1101107,"Carnes, vísceras e pescados",11011075,Pescados frescos,74133,PEIXE EM FILE FRESCO PIRAMUTABA,09201,,,,
74134,V8000_DEFLA,1,Despesas Correntes,11,Despesas de Consumo,1101,Alimentacao,11011,Alimentação no domicílio,1101107,"Carnes, vísceras e pescados",11011074,Carnes e peixes industrializados,74134,PEIXE SALGADO PIRAMUTABA,09201,,,,
74135,V8000_DEFLA,1,Despesas Correntes,11,Despesas de Consumo,1101,Alimentacao,11011,Alimentação no domicílio,1101107,"Carnes, vísceras e pescados",11011074,Carnes e peixes industrializados,74135,PEIXE EM FILE CONGELADO PIRAMUTABA,09201,,,,
74141,V8000_DEFLA,1,Despesas Correntes,11,Despesas de Consumo,1101,Alimentacao,11011,Alimentação no domicílio,1101107,"Carnes, vísceras e pescados",11011075,Pescados frescos,74141,PEIXE INTEIRO PIAU e sinonimos,09201,,,,
74142,V8000_DEFLA,1,Despesas Correntes,11,Despesas de Consumo,1101,Alimentacao,11011,Alimentação no domicílio,1101107,"Carnes, vísceras e pescados",11011075,Pescados frescos,74142,PEIXE EM POSTAS PIAU,09201,,,,
74143,V8000_DEFLA,1,Despesas Correntes,11,Despesas de Consumo,1101,Alimentacao,11011,Alimentação no domicílio,1101107,"Carnes, vísceras e pescados",11011075,Pescados frescos,74143,PEIXE EM FILE FRESCO PIAU,09201,,,,
74144,V8000_DEFLA,1,Despesas Correntes,11,Despesas de Consumo,1101,Alimentacao,11011,Alimentação no domicílio,1101107,"Carnes, vísceras e pescados",11011074,Carnes e peixes industrializados,74144,PEIXE SALGADO PIAU,09201,,,,
74145,V8000_DEFLA,1,Despesas Correntes,11,Despesas de Consumo,1101,Alimentacao,11011,Alimentação no domicílio,1101107,"Carnes, vísceras e pescados",11011074,Carnes e peixes industrializados,74145,PEIXE EM FILE CONGELADO PIAU,09201,,,,
74151,V8000_DEFLA,1,Despesas Correntes,11,Despesas de Consumo,1101,Alimentacao,11011,Alimentação no domicílio,1101107,"Carnes, vísceras e pescados",11011075,Pescados frescos,74151,PEIXE INTEIRO MUCUM e sinonimos,09201,,,,
74152,V8000_DEFLA,1,Despesas Correntes,11,Despesas de Consumo,1101,Alimentacao,11011,Alimentação no domicílio,1101107,"Carnes, vísceras e pescados",11011075,Pescados frescos,74152,PEIXE EM POSTAS MUCUM,09201,,,,
74153,V8000_DEFLA,1,Despesas Correntes,11,Despesas de Consumo,1101,Alimentacao,11011,Alimentação no domicílio,1101107,"Carnes, vísceras e pescados",11011075,Pescados frescos,74153,PEIXE EM FILE FRESCO MUCUM,09201,,,,
74154,V8000_DEFLA,1,Despesas Correntes,11,Despesas de Consumo,1101,Alimentacao,11011,Alimentação no domicílio,1101107,"Carnes, vísceras e pescados",11011074,Carnes e peixes industrializados,74154,PEIXE SALGADO MUCUM,09201,,,,
74155,V8000_DEFLA,1,Despesas Correntes,11,Despesas de Consumo,1101,Alimentacao,11011,Alimentação no domicílio,1101107,"Carnes, vísceras e pescados",11011074,Carnes e peixes industrializados,74155,PEIXE EM FILE CONGELADO MUCUM,09201,,,,
74161,V8000_DEFLA,1,Despesas Correntes,11,Despesas de Consumo,1101,Alimentacao,11011,Alimentação no domicílio,1101107,"Carnes, vísceras e pescados",11011075,Pescados frescos,74161,PEIXE INTEIRO DOURADO DE AGUA DOCE e sinonimos,09201,,,,
74162,V8000_DEFLA,1,Despesas Correntes,11,Despesas de Consumo,1101,Alimentacao,11011,Alimentação no domicílio,1101107,"Carnes, vísceras e pescados",11011075,Pescados frescos,74162,PEIXE EM POSTAS DOURADO DE AGUA DOCE,09201,,,,
74163,V8000_DEFLA,1,Despesas Correntes,11,Despesas de Consumo,1101,Alimentacao,11011,Alimentação no domicílio,1101107,"Carnes, vísceras e pescados",11011075,Pescados frescos,74163,PEIXE EM FILE FRESCO DOURADO DE AGUA DOCE,09201,,,,
74164,V8000_DEFLA,1,Despesas Correntes,11,Despesas de Consumo,1101,Alimentacao,11011,Alimentação no domicílio,1101107,"Carnes, vísceras e pescados",11011074,Carnes e peixes industrializados,74164,PEIXE SALGADO DOURADO DE AGUA DOCE,09201,,,,
74165,V8000_DEFLA,1,Despesas Correntes,11,Despesas de Consumo,1101,Alimentacao,11011,Alimentação no domicílio,1101107,"Carnes, vísceras e pescados",11011074,Carnes e peixes industrializados,74165,PEIXE EM FILE CONGELADO DOURADO DE AGUA DOCE,09201,,,,
74171,V8000_DEFLA,1,Despesas Correntes,11,Despesas de Consumo,1101,Alimentacao,11011,Alimentação no domicílio,1101107,"Carnes, vísceras e pescados",11011075,Pescados frescos,74171,PEIXE INTEIRO TAMOATA e sinonimos,09201,,,,
74172,V8000_DEFLA,1,Despesas Correntes,11,Despesas de Consumo,1101,Alimentacao,11011,Alimentação no domicílio,1101107,"Carnes, vísceras e pescados",11011075,Pescados frescos,74172,PEIXE EM POSTAS TAMOATA,09201,,,,
74173,V8000_DEFLA,1,Despesas Correntes,11,Despesas de Consumo,1101,Alimentacao,11011,Alimentação no domicílio,1101107,"Carnes, vísceras e pescados",11011075,Pescados frescos,74173,PEIXE EM FILE FRESCO TAMOATA,09201,,,,
74174,V8000_DEFLA,1,Despesas Correntes,11,Despesas de Consumo,1101,Alimentacao,11011,Alimentação no domicílio,1101107,"Carnes, vísceras e pescados",11011074,Carnes e peixes industrializados,74174,PEIXE SALGADO TAMOATA,09201,,,,
74175,V8000_DEFLA,1,Despesas Correntes,11,Despesas de Consumo,1101,Alimentacao,11011,Alimentação no domicílio,1101107,"Carnes, vísceras e pescados",11011074,Carnes e peixes industrializados,74175,PEIXE EM FILE CONGELADO TAMOATA,09201,,,,
74181,V8000_DEFLA,1,Despesas Correntes,11,Despesas de Consumo,1101,Alimentacao,11011,Alimentação no domicílio,1101107,"Carnes, vísceras e pescados",11011075,Pescados frescos,74181,PEIXE INTEIRO PIRAPEUA e sinonimos,09201,,,,
74182,V8000_DEFLA,1,Despesas Correntes,11,Despesas de Consumo,1101,Alimentacao,11011,Alimentação no domicílio,1101107,"Carnes, vísceras e pescados",11011075,Pescados frescos,74182,PEIXE EM POSTAS PIRAPEUA,09201,,,,
74183,V8000_DEFLA,1,Despesas Correntes,11,Despesas de Consumo,1101,Alimentacao,11011,Alimentação no domicílio,1101107,"Carnes, vísceras e pescados",11011075,Pescados frescos,74183,PEIXE EM FILE FRESCO PIRAPEUA,09201,,,,
74184,V8000_DEFLA,1,Despesas Correntes,11,Despesas de Consumo,1101,Alimentacao,11011,Alimentação no domicílio,1101107,"Carnes, vísceras e pescados",11011074,Carnes e peixes industrializados,74184,PEIXE SALGADO PIRAPEUA,09201,,,,
74185,V8000_DEFLA,1,Despesas Correntes,11,Despesas de Consumo,1101,Alimentacao,11011,Alimentação no domicílio,1101107,"Carnes, vísceras e pescados",11011074,Carnes e peixes industrializados,74185,PEIXE EM FILE CONGELADO PIRAPEUA,09201,,,,
74191,V8000_DEFLA,1,Despesas Correntes,11,Despesas de Consumo,1101,Alimentacao,11011,Alimentação no domicílio,1101107,"Carnes, vísceras e pescados",11011075,Pescados frescos,74191,PEIXE INTEIRO MAPARA e sinonimos,09201,,,,
74192,V8000_DEFLA,1,Despesas Correntes,11,Despesas de Consumo,1101,Alimentacao,11011,Alimentação no domicílio,1101107,"Carnes, vísceras e pescados",11011075,Pescados frescos,74192,PEIXE EM POSTAS MAPARA,09201,,,,
74193,V8000_DEFLA,1,Despesas Correntes,11,Despesas de Consumo,1101,Alimentacao,11011,Alimentação no domicílio,1101107,"Carnes, vísceras e pescados",11011075,Pescados frescos,74193,PEIXE EM FILE FRESCO MAPARA,09201,,,,
74194,V8000_DEFLA,1,Despesas Correntes,11,Despesas de Consumo,1101,Alimentacao,11011,Alimentação no domicílio,1101107,"Carnes, vísceras e pescados",11011074,Carnes e peixes industrializados,74194,PEIXE SALGADO MAPARA,09201,,,,
74195,V8000_DEFLA,1,Despesas Correntes,11,Despesas de Consumo,1101,Alimentacao,11011,Alimentação no domicílio,1101107,"Carnes, vísceras e pescados",11011074,Carnes e peixes industrializados,74195,PEIXE EM FILE CONGELADO MAPARA,09201,,,,
74201,V8000_DEFLA,1,Despesas Correntes,11,Despesas de Consumo,1101,Alimentacao,11011,Alimentação no domicílio,1101107,"Carnes, vísceras e pescados",11011075,Pescados frescos,74201,PEIXE INTEIRO PIRANHA e sinonimos,09201,,,,
74202,V8000_DEFLA,1,Despesas Correntes,11,Despesas de Consumo,1101,Alimentacao,11011,Alimentação no domicílio,1101107,"Carnes, vísceras e pescados",11011075,Pescados frescos,74202,PEIXE EM POSTAS PIRANHA,09201,,,,
74203,V8000_DEFLA,1,Despesas Correntes,11,Despesas de Consumo,1101,Alimentacao,11011,Alimentação no domicílio,1101107,"Carnes, vísceras e pescados",11011075,Pescados frescos,74203,PEIXE EM FILE FRESCO PIRANHA,09201,,,,
74204,V8000_DEFLA,1,Despesas Correntes,11,Despesas de Consumo,1101,Alimentacao,11011,Alimentação no domicílio,1101107,"Carnes, vísceras e pescados",11011074,Carnes e peixes industrializados,74204,PEIXE SALGADO PIRANHA,09201,,,,
74205,V8000_DEFLA,1,Despesas Correntes,11,Despesas de Consumo,1101,Alimentacao,11011,Alimentação no domicílio,1101107,"Carnes, vísceras e pescados",11011074,Carnes e peixes industrializados,74205,PEIXE EM FILE CONGELADO PIRANHA,09201,,,,
74211,V8000_DEFLA,1,Despesas Correntes,11,Despesas de Consumo,1101,Alimentacao,11011,Alimentação no domicílio,1101107,"Carnes, vísceras e pescados",11011075,Pescados frescos,74211,PEIXE INTEIRO PACU e sinonimos,09201,,,,
74212,V8000_DEFLA,1,Despesas Correntes,11,Despesas de Consumo,1101,Alimentacao,11011,Alimentação no domicílio,1101107,"Carnes, vísceras e pescados",11011075,Pescados frescos,74212,PEIXE EM POSTAS PACU,09201,,,,
74213,V8000_DEFLA,1,Despesas Correntes,11,Despesas de Consumo,1101,Alimentacao,11011,Alimentação no domicílio,1101107,"Carnes, vísceras e pescados",11011075,Pescados frescos,74213,PEIXE EM FILE FRESCO PACU,09201,,,,
74214,V8000_DEFLA,1,Despesas Correntes,11,Despesas de Consumo,1101,Alimentacao,11011,Alimentação no domicílio,1101107,"Carnes, vísceras e pescados",11011074,Carnes e peixes industrializados,74214,PEIXE SALGADO PACU,09201,,,,
74215,V8000_DEFLA,1,Despesas Correntes,11,Despesas de Consumo,1101,Alimentacao,11011,Alimentação no domicílio,1101107,"Carnes, vísceras e pescados",11011074,Carnes e peixes industrializados,74215,PEIXE EM FILE CONGELADO PACU,09201,,,,
74221,V8000_DEFLA,1,Despesas Correntes,11,Despesas de Consumo,1101,Alimentacao,11011,Alimentação no domicílio,1101107,"Carnes, vísceras e pescados",11011075,Pescados frescos,74221,PEIXE INTEIRO TAMBAQUI e sinonimos,09201,,,,
74222,V8000_DEFLA,1,Despesas Correntes,11,Despesas de Consumo,1101,Alimentacao,11011,Alimentação no domicílio,1101107,"Carnes, vísceras e pescados",11011075,Pescados frescos,74222,PEIXE EM POSTAS TAMBAQUI,09201,,,,
74223,V8000_DEFLA,1,Despesas Correntes,11,Despesas de Consumo,1101,Alimentacao,11011,Alimentação no domicílio,1101107,"Carnes, vísceras e pescados",11011075,Pescados frescos,74223,PEIXE EM FILE FRESCO TAMBAQUI,09201,,,,
74224,V8000_DEFLA,1,Despesas Correntes,11,Despesas de Consumo,1101,Alimentacao,11011,Alimentação no domicílio,1101107,"Carnes, vísceras e pescados",11011074,Carnes e peixes industrializados,74224,PEIXE SALGADO TAMBAQUI,09201,,,,
74225,V8000_DEFLA,1,Despesas Correntes,11,Despesas de Consumo,1101,Alimentacao,11011,Alimentação no domicílio,1101107,"Carnes, vísceras e pescados",11011074,Carnes e peixes industrializados,74225,PEIXE EM FILE CONGELADO TAMBAQUI,09201,,,,
74227,V8000_DEFLA,1,Despesas Correntes,11,Despesas de Consumo,1101,Alimentacao,11011,Alimentação no domicílio,1101107,"Carnes, vísceras e pescados",11011075,Pescados frescos,74227,CABECA DE PACU,09201,,,,
74229,V8000_DEFLA,1,Despesas Correntes,11,Despesas de Consumo,1101,Alimentacao,11011,Alimentação no domicílio,1101107,"Carnes, vísceras e pescados",11011075,Pescados frescos,74229,PEIXE TAMBAQUI (FORMA DE COMERCIALIZACAO NAO-DISCRIMINADA),09201,,,,
74231,V8000_DEFLA,1,Despesas Correntes,11,Despesas de Consumo,1101,Alimentacao,11011,Alimentação no domicílio,1101107,"Carnes, vísceras e pescados",11011075,Pescados frescos,74231,PEIXE INTEIRO ANUJA e sinonimos,09201,,,,
74232,V8000_DEFLA,1,Despesas Correntes,11,Despesas de Consumo,1101,Alimentacao,11011,Alimentação no domicílio,1101107,"Carnes, vísceras e pescados",11011075,Pescados frescos,74232,PEIXE EM POSTAS ANUJA,09201,,,,
74233,V8000_DEFLA,1,Despesas Correntes,11,Despesas de Consumo,1101,Alimentacao,11011,Alimentação no domicílio,1101107,"Carnes, vísceras e pescados",11011075,Pescados frescos,74233,PEIXE EM FILE FRESCO ANUJA,09201,,,,
74234,V8000_DEFLA,1,Despesas Correntes,11,Despesas de Consumo,1101,Alimentacao,11011,Alimentação no domicílio,1101107,"Carnes, vísceras e pescados",11011074,Carnes e peixes industrializados,74234,PEIXE SALGADO ANUJA,09201,,,,
74235,V8000_DEFLA,1,Despesas Correntes,11,Despesas de Consumo,1101,Alimentacao,11011,Alimentação no domicílio,1101107,"Carnes, vísceras e pescados",11011074,Carnes e peixes industrializados,74235,PEIXE EM FILE CONGELADO ANUJA,09201,,,,
74241,V8000_DEFLA,1,Despesas Correntes,11,Despesas de Consumo,1101,Alimentacao,11011,Alimentação no domicílio,1101107,"Carnes, vísceras e pescados",11011075,Pescados frescos,74241,PEIXE INTEIRO SARDINHA DE AGUA DOCE e sinonimos,09108,,,,
74242,V8000_DEFLA,1,Despesas Correntes,11,Despesas de Consumo,1101,Alimentacao,11011,Alimentação no domicílio,1101107,"Carnes, vísceras e pescados",11011075,Pescados frescos,74242,PEIXE EM POSTAS SARDINHA DE AGUA DOCE,09108,,,,
74243,V8000_DEFLA,1,Despesas Correntes,11,Despesas de Consumo,1101,Alimentacao,11011,Alimentação no domicílio,1101107,"Carnes, vísceras e pescados",11011075,Pescados frescos,74243,PEIXE EM FILE FRESCO SARDINHA DE AGUA DOCE,09108,,,,
74244,V8000_DEFLA,1,Despesas Correntes,11,Despesas de Consumo,1101,Alimentacao,11011,Alimentação no domicílio,1101107,"Carnes, vísceras e pescados",11011074,Carnes e peixes industrializados,74244,PEIXE SALGADO SARDINHA DE AGUA DOCE,09108,,,,
74245,V8000_DEFLA,1,Despesas Correntes,11,Despesas de Consumo,1101,Alimentacao,11011,Alimentação no domicílio,1101107,"Carnes, vísceras e pescados",11011074,Carnes e peixes industrializados,74245,PEIXE EM FILE CONGELADO SARDINHA DE AGUA DOCE,09108,,,,
74251,V8000_DEFLA,1,Despesas Correntes,11,Despesas de Consumo,1101,Alimentacao,11011,Alimentação no domicílio,1101107,"Carnes, vísceras e pescados",11011075,Pescados frescos,74251,PEIXE INTEIRO JARAQUI e sinonimos,09201,,,,
74252,V8000_DEFLA,1,Despesas Correntes,11,Despesas de Consumo,1101,Alimentacao,11011,Alimentação no domicílio,1101107,"Carnes, vísceras e pescados",11011075,Pescados frescos,74252,PEIXE EM POSTAS JARAQUI,09201,,,,
74253,V8000_DEFLA,1,Despesas Correntes,11,Despesas de Consumo,1101,Alimentacao,11011,Alimentação no domicílio,1101107,"Carnes, vísceras e pescados",11011075,Pescados frescos,74253,PEIXE EM FILE FRESCO JARAQUI,09201,,,,
74254,V8000_DEFLA,1,Despesas Correntes,11,Despesas de Consumo,1101,Alimentacao,11011,Alimentação no domicílio,1101107,"Carnes, vísceras e pescados",11011074,Carnes e peixes industrializados,74254,PEIXE SALGADO JARAQUI,09201,,,,
74255,V8000_DEFLA,1,Despesas Correntes,11,Despesas de Consumo,1101,Alimentacao,11011,Alimentação no domicílio,1101107,"Carnes, vísceras e pescados",11011074,Carnes e peixes industrializados,74255,PEIXE EM FILE CONGELADO JARAQUI,09201,,,,
74261,V8000_DEFLA,1,Despesas Correntes,11,Despesas de Consumo,1101,Alimentacao,11011,Alimentação no domicílio,1101107,"Carnes, vísceras e pescados",11011075,Pescados frescos,74261,PEIXE INTEIRO CACHORRO e sinonimos,09201,,,,
74262,V8000_DEFLA,1,Despesas Correntes,11,Despesas de Consumo,1101,Alimentacao,11011,Alimentação no domicílio,1101107,"Carnes, vísceras e pescados",11011075,Pescados frescos,74262,PEIXE EM POSTAS CACHORRO,09201,,,,
74263,V8000_DEFLA,1,Despesas Correntes,11,Despesas de Consumo,1101,Alimentacao,11011,Alimentação no domicílio,1101107,"Carnes, vísceras e pescados",11011075,Pescados frescos,74263,PEIXE EM FILE FRESCO CACHORRO,09201,,,,
74264,V8000_DEFLA,1,Despesas Correntes,11,Despesas de Consumo,1101,Alimentacao,11011,Alimentação no domicílio,1101107,"Carnes, vísceras e pescados",11011074,Carnes e peixes industrializados,74264,PEIXE SALGADO CACHORRO,09201,,,,
74265,V8000_DEFLA,1,Despesas Correntes,11,Despesas de Consumo,1101,Alimentacao,11011,Alimentação no domicílio,1101107,"Carnes, vísceras e pescados",11011074,Carnes e peixes industrializados,74265,PEIXE EM FILE CONGELADO CACHORRO,09201,,,,
74271,V8000_DEFLA,1,Despesas Correntes,11,Despesas de Consumo,1101,Alimentacao,11011,Alimentação no domicílio,1101107,"Carnes, vísceras e pescados",11011075,Pescados frescos,74271,PEIXE INTEIRO PIABANHA e sinonimos,09201,,,,
74272,V8000_DEFLA,1,Despesas Correntes,11,Despesas de Consumo,1101,Alimentacao,11011,Alimentação no domicílio,1101107,"Carnes, vísceras e pescados",11011075,Pescados frescos,74272,PEIXE EM POSTAS PIABANHA,09201,,,,
74273,V8000_DEFLA,1,Despesas Correntes,11,Despesas de Consumo,1101,Alimentacao,11011,Alimentação no domicílio,1101107,"Carnes, vísceras e pescados",11011075,Pescados frescos,74273,PEIXE EM FILE FRESCO PIABANHA,09201,,,,
74274,V8000_DEFLA,1,Despesas Correntes,11,Despesas de Consumo,1101,Alimentacao,11011,Alimentação no domicílio,1101107,"Carnes, vísceras e pescados",11011074,Carnes e peixes industrializados,74274,PEIXE SALGADO PIABANHA,09201,,,,
74275,V8000_DEFLA,1,Despesas Correntes,11,Despesas de Consumo,1101,Alimentacao,11011,Alimentação no domicílio,1101107,"Carnes, vísceras e pescados",11011074,Carnes e peixes industrializados,74275,PEIXE EM FILE CONGELADO PIABANHA,09201,,,,
74276,V8000_DEFLA,1,Despesas Correntes,11,Despesas de Consumo,1101,Alimentacao,11011,Alimentação no domicílio,1101107,"Carnes, vísceras e pescados",11011075,Pescados frescos,74276,PEIXE EM FILE FRESCO DE PIRAPITINGA,09201,,,,
74281,V8000_DEFLA,1,Despesas Correntes,11,Despesas de Consumo,1101,Alimentacao,11011,Alimentação no domicílio,1101107,"Carnes, vísceras e pescados",11011075,Pescados frescos,74281,PEIXE INTEIRO PIRAIBA e sinonimos,09201,,,,
74282,V8000_DEFLA,1,Despesas Correntes,11,Despesas de Consumo,1101,Alimentacao,11011,Alimentação no domicílio,1101107,"Carnes, vísceras e pescados",11011075,Pescados frescos,74282,PEIXE EM POSTAS PIRAIBA,09201,,,,
74283,V8000_DEFLA,1,Despesas Correntes,11,Despesas de Consumo,1101,Alimentacao,11011,Alimentação no domicílio,1101107,"Carnes, vísceras e pescados",11011075,Pescados frescos,74283,PEIXE EM FILE FRESCO PIRAIBA,09201,,,,
74284,V8000_DEFLA,1,Despesas Correntes,11,Despesas de Consumo,1101,Alimentacao,11011,Alimentação no domicílio,1101107,"Carnes, vísceras e pescados",11011074,Carnes e peixes industrializados,74284,PEIXE SALGADO PIRAIBA,09201,,,,
74285,V8000_DEFLA,1,Despesas Correntes,11,Despesas de Consumo,1101,Alimentacao,11011,Alimentação no domicílio,1101107,"Carnes, vísceras e pescados",11011074,Carnes e peixes industrializados,74285,PEIXE EM FILE CONGELADO PIRAIBA,09201,,,,
74291,V8000_DEFLA,1,Despesas Correntes,11,Despesas de Consumo,1101,Alimentacao,11011,Alimentação no domicílio,1101107,"Carnes, vísceras e pescados",11011075,Pescados frescos,74291,PEIXE INTEIRO BACU e sinonimos,09201,,,,
74292,V8000_DEFLA,1,Despesas Correntes,11,Despesas de Consumo,1101,Alimentacao,11011,Alimentação no domicílio,1101107,"Carnes, vísceras e pescados",11011075,Pescados frescos,74292,PEIXE EM POSTAS BACU,09201,,,,
74293,V8000_DEFLA,1,Despesas Correntes,11,Despesas de Consumo,1101,Alimentacao,11011,Alimentação no domicílio,1101107,"Carnes, vísceras e pescados",11011075,Pescados frescos,74293,PEIXE EM FILE FRESCO BACU,09201,,,,
74294,V8000_DEFLA,1,Despesas Correntes,11,Despesas de Consumo,1101,Alimentacao,11011,Alimentação no domicílio,1101107,"Carnes, vísceras e pescados",11011074,Carnes e peixes industrializados,74294,PEIXE SALGADO BACU,09201,,,,
74295,V8000_DEFLA,1,Despesas Correntes,11,Despesas de Consumo,1101,Alimentacao,11011,Alimentação no domicílio,1101107,"Carnes, vísceras e pescados",11011074,Carnes e peixes industrializados,74295,PEIXE EM FILE CONGELADO BACU,09201,,,,
74301,V8000_DEFLA,1,Despesas Correntes,11,Despesas de Consumo,1101,Alimentacao,11011,Alimentação no domicílio,1101107,"Carnes, vísceras e pescados",11011075,Pescados frescos,74301,PEIXE INTEIRO PIRARARA e sinonimos,09201,,,,
74302,V8000_DEFLA,1,Despesas Correntes,11,Despesas de Consumo,1101,Alimentacao,11011,Alimentação no domicílio,1101107,"Carnes, vísceras e pescados",11011075,Pescados frescos,74302,PEIXE EM POSTAS PIRARARA,09201,,,,
74303,V8000_DEFLA,1,Despesas Correntes,11,Despesas de Consumo,1101,Alimentacao,11011,Alimentação no domicílio,1101107,"Carnes, vísceras e pescados",11011075,Pescados frescos,74303,PEIXE EM FILE FRESCO PIRARARA,09201,,,,
74304,V8000_DEFLA,1,Despesas Correntes,11,Despesas de Consumo,1101,Alimentacao,11011,Alimentação no domicílio,1101107,"Carnes, vísceras e pescados",11011074,Carnes e peixes industrializados,74304,PEIXE SALGADO PIRARARA,09201,,,,
74305,V8000_DEFLA,1,Despesas Correntes,11,Despesas de Consumo,1101,Alimentacao,11011,Alimentação no domicílio,1101107,"Carnes, vísceras e pescados",11011074,Carnes e peixes industrializados,74305,PEIXE EM FILE CONGELADO PIRARARA,09201,,,,
74311,V8000_DEFLA,1,Despesas Correntes,11,Despesas de Consumo,1101,Alimentacao,11011,Alimentação no domicílio,1101107,"Carnes, vísceras e pescados",11011075,Pescados frescos,74311,PEIXE INTEIRO PACAMAO DE AGUA DOCE e sinonimos,09201,,,,
74312,V8000_DEFLA,1,Despesas Correntes,11,Despesas de Consumo,1101,Alimentacao,11011,Alimentação no domicílio,1101107,"Carnes, vísceras e pescados",11011075,Pescados frescos,74312,PEIXE EM POSTAS PACAMAO DE AGUA DOCE,09201,,,,
74313,V8000_DEFLA,1,Despesas Correntes,11,Despesas de Consumo,1101,Alimentacao,11011,Alimentação no domicílio,1101107,"Carnes, vísceras e pescados",11011075,Pescados frescos,74313,PEIXE EM FILE FRESCO PACAMAO DE AGUA DOCE,09201,,,,
74314,V8000_DEFLA,1,Despesas Correntes,11,Despesas de Consumo,1101,Alimentacao,11011,Alimentação no domicílio,1101107,"Carnes, vísceras e pescados",11011074,Carnes e peixes industrializados,74314,PEIXE SALGADO PACAMAO DE AGUA DOCE,09201,,,,
74315,V8000_DEFLA,1,Despesas Correntes,11,Despesas de Consumo,1101,Alimentacao,11011,Alimentação no domicílio,1101107,"Carnes, vísceras e pescados",11011074,Carnes e peixes industrializados,74315,PEIXE EM FILE CONGELADO PACAMAO DE AGUA DOCE,09201,,,,
74321,V8000_DEFLA,1,Despesas Correntes,11,Despesas de Consumo,1101,Alimentacao,11011,Alimentação no domicílio,1101107,"Carnes, vísceras e pescados",11011075,Pescados frescos,74321,PEIXE INTEIRO DOURADA e sinonimos,09201,,,,
74322,V8000_DEFLA,1,Despesas Correntes,11,Despesas de Consumo,1101,Alimentacao,11011,Alimentação no domicílio,1101107,"Carnes, vísceras e pescados",11011075,Pescados frescos,74322,PEIXE EM POSTAS DOURADA,09201,,,,
74323,V8000_DEFLA,1,Despesas Correntes,11,Despesas de Consumo,1101,Alimentacao,11011,Alimentação no domicílio,1101107,"Carnes, vísceras e pescados",11011075,Pescados frescos,74323,PEIXE EM FILE FRESCO DOURADA,09201,,,,
74324,V8000_DEFLA,1,Despesas Correntes,11,Despesas de Consumo,1101,Alimentacao,11011,Alimentação no domicílio,1101107,"Carnes, vísceras e pescados",11011074,Carnes e peixes industrializados,74324,PEIXE SALGADO DOURADA,09201,,,,
74325,V8000_DEFLA,1,Despesas Correntes,11,Despesas de Consumo,1101,Alimentacao,11011,Alimentação no domicílio,1101107,"Carnes, vísceras e pescados",11011074,Carnes e peixes industrializados,74325,PEIXE EM FILE CONGELADO DOURADA,09201,,,,
74329,V8000_DEFLA,1,Despesas Correntes,11,Despesas de Consumo,1101,Alimentacao,11011,Alimentação no domicílio,1101107,"Carnes, vísceras e pescados",11011075,Pescados frescos,74329,PEIXE DOURADA (FORMA DE COMERCIALIZACAO NAO-DISCRIMINADA),09201,,,,
74331,V8000_DEFLA,1,Despesas Correntes,11,Despesas de Consumo,1101,Alimentacao,11011,Alimentação no domicílio,1101107,"Carnes, vísceras e pescados",11011075,Pescados frescos,74331,PEIXE INTEIRO PIRANAMBU e sinonimos,09201,,,,
74332,V8000_DEFLA,1,Despesas Correntes,11,Despesas de Consumo,1101,Alimentacao,11011,Alimentação no domicílio,1101107,"Carnes, vísceras e pescados",11011075,Pescados frescos,74332,PEIXE EM POSTAS PIRANAMBU,09201,,,,
74333,V8000_DEFLA,1,Despesas Correntes,11,Despesas de Consumo,1101,Alimentacao,11011,Alimentação no domicílio,1101107,"Carnes, vísceras e pescados",11011075,Pescados frescos,74333,PEIXE EM FILE FRESCO PIRANAMBU,09201,,,,
74334,V8000_DEFLA,1,Despesas Correntes,11,Despesas de Consumo,1101,Alimentacao,11011,Alimentação no domicílio,1101107,"Carnes, vísceras e pescados",11011074,Carnes e peixes industrializados,74334,PEIXE SALGADO PIRANAMBU,09201,,,,
74335,V8000_DEFLA,1,Despesas Correntes,11,Despesas de Consumo,1101,Alimentacao,11011,Alimentação no domicílio,1101107,"Carnes, vísceras e pescados",11011074,Carnes e peixes industrializados,74335,PEIXE EM FILE CONGELADO PIRANAMBU,09201,,,,
74341,V8000_DEFLA,1,Despesas Correntes,11,Despesas de Consumo,1101,Alimentacao,11011,Alimentação no domicílio,1101107,"Carnes, vísceras e pescados",11011075,Pescados frescos,74341,PEIXE INTEIRO FIDALGO e sinonimos,09201,,,,
74342,V8000_DEFLA,1,Despesas Correntes,11,Despesas de Consumo,1101,Alimentacao,11011,Alimentação no domicílio,1101107,"Carnes, vísceras e pescados",11011075,Pescados frescos,74342,PEIXE EM POSTAS FIDALGO,09201,,,,
74343,V8000_DEFLA,1,Despesas Correntes,11,Despesas de Consumo,1101,Alimentacao,11011,Alimentação no domicílio,1101107,"Carnes, vísceras e pescados",11011075,Pescados frescos,74343,PEIXE EM FILE FRESCO FIDALGO,09201,,,,
74344,V8000_DEFLA,1,Despesas Correntes,11,Despesas de Consumo,1101,Alimentacao,11011,Alimentação no domicílio,1101107,"Carnes, vísceras e pescados",11011074,Carnes e peixes industrializados,74344,PEIXE SALGADO FIDALGO,09201,,,,
74345,V8000_DEFLA,1,Despesas Correntes,11,Despesas de Consumo,1101,Alimentacao,11011,Alimentação no domicílio,1101107,"Carnes, vísceras e pescados",11011074,Carnes e peixes industrializados,74345,PEIXE EM FILE CONGELADO FIDALGO,09201,,,,
74349,V8000_DEFLA,1,Despesas Correntes,11,Despesas de Consumo,1101,Alimentacao,11011,Alimentação no domicílio,1101107,"Carnes, vísceras e pescados",11011075,Pescados frescos,74349,PEIXE FIDALGO (FORMA DE COMERCIALIZACAO NAO-DISCRIMINADA),09201,,,,
74351,V8000_DEFLA,1,Despesas Correntes,11,Despesas de Consumo,1101,Alimentacao,11011,Alimentação no domicílio,1101107,"Carnes, vísceras e pescados",11011075,Pescados frescos,74351,PEIXE INTEIRO TABARANA e sinonimos,09201,,,,
74352,V8000_DEFLA,1,Despesas Correntes,11,Despesas de Consumo,1101,Alimentacao,11011,Alimentação no domicílio,1101107,"Carnes, vísceras e pescados",11011075,Pescados frescos,74352,PEIXE EM POSTAS TABARANA,09201,,,,
74353,V8000_DEFLA,1,Despesas Correntes,11,Despesas de Consumo,1101,Alimentacao,11011,Alimentação no domicílio,1101107,"Carnes, vísceras e pescados",11011075,Pescados frescos,74353,PEIXE EM FILE FRESCO TABARANA,09201,,,,
74354,V8000_DEFLA,1,Despesas Correntes,11,Despesas de Consumo,1101,Alimentacao,11011,Alimentação no domicílio,1101107,"Carnes, vísceras e pescados",11011074,Carnes e peixes industrializados,74354,PEIXE SALGADO TABARANA,09201,,,,
74355,V8000_DEFLA,1,Despesas Correntes,11,Despesas de Consumo,1101,Alimentacao,11011,Alimentação no domicílio,1101107,"Carnes, vísceras e pescados",11011074,Carnes e peixes industrializados,74355,PEIXE EM FILE CONGELADO TABARANA,09201,,,,
74361,V8000_DEFLA,1,Despesas Correntes,11,Despesas de Consumo,1101,Alimentacao,11011,Alimentação no domicílio,1101107,"Carnes, vísceras e pescados",11011075,Pescados frescos,74361,PEIXE INTEIRO MANDUBE e sinonimos,09201,,,,
74362,V8000_DEFLA,1,Despesas Correntes,11,Despesas de Consumo,1101,Alimentacao,11011,Alimentação no domicílio,1101107,"Carnes, vísceras e pescados",11011075,Pescados frescos,74362,PEIXE EM POSTAS MANDUBE,09201,,,,
74363,V8000_DEFLA,1,Despesas Correntes,11,Despesas de Consumo,1101,Alimentacao,11011,Alimentação no domicílio,1101107,"Carnes, vísceras e pescados",11011075,Pescados frescos,74363,PEIXE EM FILE FRESCO MANDUBE,09201,,,,
74364,V8000_DEFLA,1,Despesas Correntes,11,Despesas de Consumo,1101,Alimentacao,11011,Alimentação no domicílio,1101107,"Carnes, vísceras e pescados",11011074,Carnes e peixes industrializados,74364,PEIXE SALGADO MANDUBI,09201,,,,
74365,V8000_DEFLA,1,Despesas Correntes,11,Despesas de Consumo,1101,Alimentacao,11011,Alimentação no domicílio,1101107,"Carnes, vísceras e pescados",11011074,Carnes e peixes industrializados,74365,PEIXE EM FILE CONGELADO MANDUBI,09201,,,,
74371,V8000_DEFLA,1,Despesas Correntes,11,Despesas de Consumo,1101,Alimentacao,11011,Alimentação no domicílio,1101107,"Carnes, vísceras e pescados",11011075,Pescados frescos,74371,PEIXE INTEIRO PIRAPUTANGA e sinonimos,09201,,,,
74372,V8000_DEFLA,1,Despesas Correntes,11,Despesas de Consumo,1101,Alimentacao,11011,Alimentação no domicílio,1101107,"Carnes, vísceras e pescados",11011075,Pescados frescos,74372,PEIXE EM POSTAS PIRAPUTANGA,09201,,,,
74373,V8000_DEFLA,1,Despesas Correntes,11,Despesas de Consumo,1101,Alimentacao,11011,Alimentação no domicílio,1101107,"Carnes, vísceras e pescados",11011075,Pescados frescos,74373,PEIXE EM FILE FRESCO PIRAPUTANGA,09201,,,,
74374,V8000_DEFLA,1,Despesas Correntes,11,Despesas de Consumo,1101,Alimentacao,11011,Alimentação no domicílio,1101107,"Carnes, vísceras e pescados",11011074,Carnes e peixes industrializados,74374,PEIXE SALGADO PIRAPUTANGA,09201,,,,
74375,V8000_DEFLA,1,Despesas Correntes,11,Despesas de Consumo,1101,Alimentacao,11011,Alimentação no domicílio,1101107,"Carnes, vísceras e pescados",11011074,Carnes e peixes industrializados,74375,PEIXE EM FILE CONGELADO PIRAPUTANGA,09201,,,,
74381,V8000_DEFLA,1,Despesas Correntes,11,Despesas de Consumo,1101,Alimentacao,11011,Alimentação no domicílio,1101107,"Carnes, vísceras e pescados",11011075,Pescados frescos,74381,PEIXE INTEIRO JAU e sinonimos,09201,,,,
74382,V8000_DEFLA,1,Despesas Correntes,11,Despesas de Consumo,1101,Alimentacao,11011,Alimentação no domicílio,1101107,"Carnes, vísceras e pescados",11011075,Pescados frescos,74382,PEIXE EM POSTAS JAU,09201,,,,
74383,V8000_DEFLA,1,Despesas Correntes,11,Despesas de Consumo,1101,Alimentacao,11011,Alimentação no domicílio,1101107,"Carnes, vísceras e pescados",11011075,Pescados frescos,74383,PEIXE EM FILE FRESCO JAU,09201,,,,
74384,V8000_DEFLA,1,Despesas Correntes,11,Despesas de Consumo,1101,Alimentacao,11011,Alimentação no domicílio,1101107,"Carnes, vísceras e pescados",11011074,Carnes e peixes industrializados,74384,PEIXE SALGADO JAU,09201,,,,
74385,V8000_DEFLA,1,Despesas Correntes,11,Despesas de Consumo,1101,Alimentacao,11011,Alimentação no domicílio,1101107,"Carnes, vísceras e pescados",11011074,Carnes e peixes industrializados,74385,PEIXE EM FILE CONGELADO JAU,09201,,,,
74391,V8000_DEFLA,1,Despesas Correntes,11,Despesas de Consumo,1101,Alimentacao,11011,Alimentação no domicílio,1101107,"Carnes, vísceras e pescados",11011075,Pescados frescos,74391,PEIXE INTEIRO PIAPARA e sinonimos,09201,,,,
74392,V8000_DEFLA,1,Despesas Correntes,11,Despesas de Consumo,1101,Alimentacao,11011,Alimentação no domicílio,1101107,"Carnes, vísceras e pescados",11011075,Pescados frescos,74392,PEIXE EM POSTAS PIAPARA,09201,,,,
74393,V8000_DEFLA,1,Despesas Correntes,11,Despesas de Consumo,1101,Alimentacao,11011,Alimentação no domicílio,1101107,"Carnes, vísceras e pescados",11011075,Pescados frescos,74393,PEIXE EM FILE FRESCO PIAPARA,09201,,,,
74394,V8000_DEFLA,1,Despesas Correntes,11,Despesas de Consumo,1101,Alimentacao,11011,Alimentação no domicílio,1101107,"Carnes, vísceras e pescados",11011074,Carnes e peixes industrializados,74394,PEIXE SALGADO PIAPARA,09201,,,,
74395,V8000_DEFLA,1,Despesas Correntes,11,Despesas de Consumo,1101,Alimentacao,11011,Alimentação no domicílio,1101107,"Carnes, vísceras e pescados",11011074,Carnes e peixes industrializados,74395,PEIXE EM FILE CONGELADO PIAPARA,09201,,,,
74401,V8000_DEFLA,1,Despesas Correntes,11,Despesas de Consumo,1101,Alimentacao,11011,Alimentação no domicílio,1101107,"Carnes, vísceras e pescados",11011075,Pescados frescos,74401,PEIXE INTEIRO ARUANA e sinonimos,09201,,,,
74402,V8000_DEFLA,1,Despesas Correntes,11,Despesas de Consumo,1101,Alimentacao,11011,Alimentação no domicílio,1101107,"Carnes, vísceras e pescados",11011075,Pescados frescos,74402,PEIXE EM POSTAS ARUANA,09201,,,,
74403,V8000_DEFLA,1,Despesas Correntes,11,Despesas de Consumo,1101,Alimentacao,11011,Alimentação no domicílio,1101107,"Carnes, vísceras e pescados",11011075,Pescados frescos,74403,PEIXE EM FILE FRESCO ARUANA,09201,,,,
74404,V8000_DEFLA,1,Despesas Correntes,11,Despesas de Consumo,1101,Alimentacao,11011,Alimentação no domicílio,1101107,"Carnes, vísceras e pescados",11011074,Carnes e peixes industrializados,74404,PEIXE SALGADO ARUANA,09201,,,,
74405,V8000_DEFLA,1,Despesas Correntes,11,Despesas de Consumo,1101,Alimentacao,11011,Alimentação no domicílio,1101107,"Carnes, vísceras e pescados",11011074,Carnes e peixes industrializados,74405,PEIXE EM FILE CONGELADO ARUANA,09201,,,,
74411,V8000_DEFLA,1,Despesas Correntes,11,Despesas de Consumo,1101,Alimentacao,11011,Alimentação no domicílio,1101107,"Carnes, vísceras e pescados",11011075,Pescados frescos,74411,PEIXE INTEIRO PIRACANJUBA e sinonimos,09201,,,,
74412,V8000_DEFLA,1,Despesas Correntes,11,Despesas de Consumo,1101,Alimentacao,11011,Alimentação no domicílio,1101107,"Carnes, vísceras e pescados",11011075,Pescados frescos,74412,PEIXE EM POSTAS PIRACANJUBA,09201,,,,
74413,V8000_DEFLA,1,Despesas Correntes,11,Despesas de Consumo,1101,Alimentacao,11011,Alimentação no domicílio,1101107,"Carnes, vísceras e pescados",11011075,Pescados frescos,74413,PEIXE EM FILE FRESCO PIRACANJUBA,09201,,,,
74414,V8000_DEFLA,1,Despesas Correntes,11,Despesas de Consumo,1101,Alimentacao,11011,Alimentação no domicílio,1101107,"Carnes, vísceras e pescados",11011074,Carnes e peixes industrializados,74414,PEIXE SALGADO PIRACANJUBA,09201,,,,
74415,V8000_DEFLA,1,Despesas Correntes,11,Despesas de Consumo,1101,Alimentacao,11011,Alimentação no domicílio,1101107,"Carnes, vísceras e pescados",11011074,Carnes e peixes industrializados,74415,PEIXE EM FILE CONGELADO PIRACANJUBA,09201,,,,
74421,V8000_DEFLA,1,Despesas Correntes,11,Despesas de Consumo,1101,Alimentacao,11011,Alimentação no domicílio,1101107,"Carnes, vísceras e pescados",11011075,Pescados frescos,74421,PEIXE INTEIRO SAIRU e sinonimos,09201,,,,
74422,V8000_DEFLA,1,Despesas Correntes,11,Despesas de Consumo,1101,Alimentacao,11011,Alimentação no domicílio,1101107,"Carnes, vísceras e pescados",11011075,Pescados frescos,74422,PEIXE EM POSTAS SAIRU,09201,,,,
74423,V8000_DEFLA,1,Despesas Correntes,11,Despesas de Consumo,1101,Alimentacao,11011,Alimentação no domicílio,1101107,"Carnes, vísceras e pescados",11011075,Pescados frescos,74423,PEIXE EM FILE FRESCO SAIRU,09201,,,,
74424,V8000_DEFLA,1,Despesas Correntes,11,Despesas de Consumo,1101,Alimentacao,11011,Alimentação no domicílio,1101107,"Carnes, vísceras e pescados",11011074,Carnes e peixes industrializados,74424,PEIXE SALGADO SAIRU,09201,,,,
74425,V8000_DEFLA,1,Despesas Correntes,11,Despesas de Consumo,1101,Alimentacao,11011,Alimentação no domicílio,1101107,"Carnes, vísceras e pescados",11011074,Carnes e peixes industrializados,74425,PEIXE EM FILE CONGELADO SAIRU,09201,,,,
74431,V8000_DEFLA,1,Despesas Correntes,11,Despesas de Consumo,1101,Alimentacao,11011,Alimentação no domicílio,1101107,"Carnes, vísceras e pescados",11011075,Pescados frescos,74431,CAMARAO DE AGUA DOCE e sinonimos,09102,,,,
74432,V8000_DEFLA,1,Despesas Correntes,11,Despesas de Consumo,1101,Alimentacao,11011,Alimentação no domicílio,1101107,"Carnes, vísceras e pescados",11011075,Pescados frescos,74432,CAMARAO DE AGUA DOCE SEM CASCA,09102,,,,
74434,V8000_DEFLA,1,Despesas Correntes,11,Despesas de Consumo,1101,Alimentacao,11011,Alimentação no domicílio,1101107,"Carnes, vísceras e pescados",11011074,Carnes e peixes industrializados,74434,CAMARAO DE AGUA DOCE SALGADO,09102,,,,
74441,V8000_DEFLA,1,Despesas Correntes,11,Despesas de Consumo,1101,Alimentacao,11011,Alimentação no domicílio,1101107,"Carnes, vísceras e pescados",11011075,Pescados frescos,74441,TRACAJA e sinonimos,09201,,,,
74442,V8000_DEFLA,1,Despesas Correntes,11,Despesas de Consumo,1101,Alimentacao,11011,Alimentação no domicílio,1101107,"Carnes, vísceras e pescados",11011075,Pescados frescos,74442,TRACAJA EM POSTAS,09201,,,,
74443,V8000_DEFLA,1,Despesas Correntes,11,Despesas de Consumo,1101,Alimentacao,11011,Alimentação no domicílio,1101107,"Carnes, vísceras e pescados",11011075,Pescados frescos,74443,TRACAJA EM FILE FRESCO,09201,,,,
74444,V8000_DEFLA,1,Despesas Correntes,11,Despesas de Consumo,1101,Alimentacao,11011,Alimentação no domicílio,1101107,"Carnes, vísceras e pescados",11011074,Carnes e peixes industrializados,74444,TRACAJA SALGADA,09201,,,,
74445,V8000_DEFLA,1,Despesas Correntes,11,Despesas de Consumo,1101,Alimentacao,11011,Alimentação no domicílio,1101107,"Carnes, vísceras e pescados",11011074,Carnes e peixes industrializados,74445,TRACAJA EM FILE CONGELADO,09201,,,,
74451,V8000_DEFLA,1,Despesas Correntes,11,Despesas de Consumo,1101,Alimentacao,11011,Alimentação no domicílio,1101107,"Carnes, vísceras e pescados",11011075,Pescados frescos,74451,RA e sinonimos,09201,,,,
74452,V8000_DEFLA,1,Despesas Correntes,11,Despesas de Consumo,1101,Alimentacao,11011,Alimentação no domicílio,1101107,"Carnes, vísceras e pescados",11011075,Pescados frescos,74452,RA EM POSTAS,09201,,,,
74453,V8000_DEFLA,1,Despesas Correntes,11,Despesas de Consumo,1101,Alimentacao,11011,Alimentação no domicílio,1101107,"Carnes, vísceras e pescados",11011075,Pescados frescos,74453,RA EM FILE FRESCO,09201,,,,
74454,V8000_DEFLA,1,Despesas Correntes,11,Despesas de Consumo,1101,Alimentacao,11011,Alimentação no domicílio,1101107,"Carnes, vísceras e pescados",11011074,Carnes e peixes industrializados,74454,RA SALGADA,09201,,,,
74455,V8000_DEFLA,1,Despesas Correntes,11,Despesas de Consumo,1101,Alimentacao,11011,Alimentação no domicílio,1101107,"Carnes, vísceras e pescados",11011074,Carnes e peixes industrializados,74455,RA EM FILE CONGELADO,09201,,,,
74461,V8000_DEFLA,1,Despesas Correntes,11,Despesas de Consumo,1101,Alimentacao,11011,Alimentação no domicílio,1101107,"Carnes, vísceras e pescados",11011075,Pescados frescos,74461,PEIXE INTEIRO BAGRE DE AGUA DOCE,09201,,,,
74462,V8000_DEFLA,1,Despesas Correntes,11,Despesas de Consumo,1101,Alimentacao,11011,Alimentação no domicílio,1101107,"Carnes, vísceras e pescados",11011075,Pescados frescos,74462,PEIXE EM POSTAS BAGRE DE AGUA DOCE,09201,,,,
74463,V8000_DEFLA,1,Despesas Correntes,11,Despesas de Consumo,1101,Alimentacao,11011,Alimentação no domicílio,1101107,"Carnes, vísceras e pescados",11011075,Pescados frescos,74463,PEIXE EM FILE FRESCO BAGRE DE AGUA DOCE,09201,,,,
74464,V8000_DEFLA,1,Despesas Correntes,11,Despesas de Consumo,1101,Alimentacao,11011,Alimentação no domicílio,1101107,"Carnes, vísceras e pescados",11011074,Carnes e peixes industrializados,74464,PEIXE SALGADO BAGRE DE AGUA DOCE,09201,,,,
74465,V8000_DEFLA,1,Despesas Correntes,11,Despesas de Consumo,1101,Alimentacao,11011,Alimentação no domicílio,1101107,"Carnes, vísceras e pescados",11011074,Carnes e peixes industrializados,74465,PEIXE EM FILE CONGELADO BAGRE DE AGUA DOCE,09201,,,,
74471,V8000_DEFLA,1,Despesas Correntes,11,Despesas de Consumo,1101,Alimentacao,11011,Alimentação no domicílio,1101107,"Carnes, vísceras e pescados",11011075,Pescados frescos,74471,MUCUA,09201,,,,
74472,V8000_DEFLA,1,Despesas Correntes,11,Despesas de Consumo,1101,Alimentacao,11011,Alimentação no domicílio,1101107,"Carnes, vísceras e pescados",11011075,Pescados frescos,74472,MUCUA EM POSTAS,09201,,,,
74473,V8000_DEFLA,1,Despesas Correntes,11,Despesas de Consumo,1101,Alimentacao,11011,Alimentação no domicílio,1101107,"Carnes, vísceras e pescados",11011075,Pescados frescos,74473,MUCUA EM FILE FRESCO,09201,,,,
74474,V8000_DEFLA,1,Despesas Correntes,11,Despesas de Consumo,1101,Alimentacao,11011,Alimentação no domicílio,1101107,"Carnes, vísceras e pescados",11011074,Carnes e peixes industrializados,74474,MUCUA SALGADA,09201,,,,
74475,V8000_DEFLA,1,Despesas Correntes,11,Despesas de Consumo,1101,Alimentacao,11011,Alimentação no domicílio,1101107,"Carnes, vísceras e pescados",11011074,Carnes e peixes industrializados,74475,MUCUA EM FILE CONGELADO,09201,,,,
74481,V8000_DEFLA,1,Despesas Correntes,11,Despesas de Consumo,1101,Alimentacao,11011,Alimentação no domicílio,1101107,"Carnes, vísceras e pescados",11011075,Pescados frescos,74481,PEIXE INTEIRO ITUI e sinonimos,09201,,,,
74482,V8000_DEFLA,1,Despesas Correntes,11,Despesas de Consumo,1101,Alimentacao,11011,Alimentação no domicílio,1101107,"Carnes, vísceras e pescados",11011075,Pescados frescos,74482,PEIXE EM POSTAS ITUI,09201,,,,
74483,V8000_DEFLA,1,Despesas Correntes,11,Despesas de Consumo,1101,Alimentacao,11011,Alimentação no domicílio,1101107,"Carnes, vísceras e pescados",11011075,Pescados frescos,74483,PEIXE EM FILE FRESCO ITUI,09201,,,,
74484,V8000_DEFLA,1,Despesas Correntes,11,Despesas de Consumo,1101,Alimentacao,11011,Alimentação no domicílio,1101107,"Carnes, vísceras e pescados",11011074,Carnes e peixes industrializados,74484,PEIXE SALGADO ITUI,09201,,,,
74485,V8000_DEFLA,1,Despesas Correntes,11,Despesas de Consumo,1101,Alimentacao,11011,Alimentação no domicílio,1101107,"Carnes, vísceras e pescados",11011074,Carnes e peixes industrializados,74485,PEIXE EM FILE CONGELADO ITUI,09201,,,,
74491,V8000_DEFLA,1,Despesas Correntes,11,Despesas de Consumo,1101,Alimentacao,11011,Alimentação no domicílio,1101107,"Carnes, vísceras e pescados",11011075,Pescados frescos,74491,PEIXE INTEIRO TRUTA,09201,,,,
74492,V8000_DEFLA,1,Despesas Correntes,11,Despesas de Consumo,1101,Alimentacao,11011,Alimentação no domicílio,1101107,"Carnes, vísceras e pescados",11011075,Pescados frescos,74492,PEIXE EM POSTAS TRUTA,09201,,,,
74493,V8000_DEFLA,1,Despesas Correntes,11,Despesas de Consumo,1101,Alimentacao,11011,Alimentação no domicílio,1101107,"Carnes, vísceras e pescados",11011075,Pescados frescos,74493,PEIXE EM FILE FRESCO TRUTA,09201,,,,
74494,V8000_DEFLA,1,Despesas Correntes,11,Despesas de Consumo,1101,Alimentacao,11011,Alimentação no domicílio,1101107,"Carnes, vísceras e pescados",11011074,Carnes e peixes industrializados,74494,PEIXE SALGADO TRUTA,09201,,,,
74495,V8000_DEFLA,1,Despesas Correntes,11,Despesas de Consumo,1101,Alimentacao,11011,Alimentação no domicílio,1101107,"Carnes, vísceras e pescados",11011074,Carnes e peixes industrializados,74495,PEIXE EM FILE CONGELADO TRUTA,09201,,,,
74501,V8000_DEFLA,1,Despesas Correntes,11,Despesas de Consumo,1101,Alimentacao,11011,Alimentação no domicílio,1101107,"Carnes, vísceras e pescados",11011075,Pescados frescos,74501,AVIU,09201,,,,
74502,V8000_DEFLA,1,Despesas Correntes,11,Despesas de Consumo,1101,Alimentacao,11011,Alimentação no domicílio,1101107,"Carnes, vísceras e pescados",11011075,Pescados frescos,74502,AVIU SEM CASCA,09201,,,,
74504,V8000_DEFLA,1,Despesas Correntes,11,Despesas de Consumo,1101,Alimentacao,11011,Alimentação no domicílio,1101107,"Carnes, vísceras e pescados",11011074,Carnes e peixes industrializados,74504,AVIU SALGADO,09201,,,,
74511,V8000_DEFLA,1,Despesas Correntes,11,Despesas de Consumo,1101,Alimentacao,11011,Alimentação no domicílio,1101107,"Carnes, vísceras e pescados",11011075,Pescados frescos,74511,PEIXE INTEIRO MATRINXA e sinonimos,09201,,,,
74512,V8000_DEFLA,1,Despesas Correntes,11,Despesas de Consumo,1101,Alimentacao,11011,Alimentação no domicílio,1101107,"Carnes, vísceras e pescados",11011075,Pescados frescos,74512,PEIXE EM POSTAS MATRINXA,09201,,,,
74513,V8000_DEFLA,1,Despesas Correntes,11,Despesas de Consumo,1101,Alimentacao,11011,Alimentação no domicílio,1101107,"Carnes, vísceras e pescados",11011075,Pescados frescos,74513,PEIXE EM FILE FRESCO MATRINXA,09201,,,,
74514,V8000_DEFLA,1,Despesas Correntes,11,Despesas de Consumo,1101,Alimentacao,11011,Alimentação no domicílio,1101107,"Carnes, vísceras e pescados",11011074,Carnes e peixes industrializados,74514,PEIXE SALGADO MATRINXA,09201,,,,
74515,V8000_DEFLA,1,Despesas Correntes,11,Despesas de Consumo,1101,Alimentacao,11011,Alimentação no domicílio,1101107,"Carnes, vísceras e pescados",11011074,Carnes e peixes industrializados,74515,PEIXE EM FILE CONGELADO MATRINXA,09201,,,,
74519,V8000_DEFLA,1,Despesas Correntes,11,Despesas de Consumo,1101,Alimentacao,11011,Alimentação no domicílio,1101107,"Carnes, vísceras e pescados",11011075,Pescados frescos,74519,PEIXE MATRINXA (FORMA DE COMERCIALIZACAO NAO-DISCRIMINADA),09201,,,,
74521,V8000_DEFLA,1,Despesas Correntes,11,Despesas de Consumo,1101,Alimentacao,11011,Alimentação no domicílio,1101107,"Carnes, vísceras e pescados",11011075,Pescados frescos,74521,PEIXE INTEIRO ARACAPURI,09201,,,,
74531,V8000_DEFLA,1,Despesas Correntes,11,Despesas de Consumo,1101,Alimentacao,11011,Alimentação no domicílio,1101107,"Carnes, vísceras e pescados",11011075,Pescados frescos,74531,PEIXE INTEIRO ARUIRI,09201,,,,
74541,V8000_DEFLA,1,Despesas Correntes,11,Despesas de Consumo,1101,Alimentacao,11011,Alimentação no domicílio,1101107,"Carnes, vísceras e pescados",11011075,Pescados frescos,74541,PEIXE INTEIRO BAIACU,09201,,,,
74551,V8000_DEFLA,1,Despesas Correntes,11,Despesas de Consumo,1101,Alimentacao,11011,Alimentação no domicílio,1101107,"Carnes, vísceras e pescados",11011075,Pescados frescos,74551,PEIXE INTEIRO CARPA,09201,,,,
74553,V8000_DEFLA,1,Despesas Correntes,11,Despesas de Consumo,1101,Alimentacao,11011,Alimentação no domicílio,1101107,"Carnes, vísceras e pescados",11011075,Pescados frescos,74553,PEIXE EM FILE FRESCO CARPA,09201,,,,
74561,V8000_DEFLA,1,Despesas Correntes,11,Despesas de Consumo,1101,Alimentacao,11011,Alimentação no domicílio,1101107,"Carnes, vísceras e pescados",11011075,Pescados frescos,74561,PEIXE INTEIRO CUJUBA,09201,,,,
74571,V8000_DEFLA,1,Despesas Correntes,11,Despesas de Consumo,1101,Alimentacao,11011,Alimentação no domicílio,1101107,"Carnes, vísceras e pescados",11011075,Pescados frescos,74571,PEIXE INTEIRO VOADOR e sinonimos,09201,,,,
74581,V8000_DEFLA,1,Despesas Correntes,11,Despesas de Consumo,1101,Alimentacao,11011,Alimentação no domicílio,1101107,"Carnes, vísceras e pescados",11011075,Pescados frescos,74581,PEIXE INTEIRO PIRACATINGA,09201,,,,
74591,V8000_DEFLA,1,Despesas Correntes,11,Despesas de Consumo,1101,Alimentacao,11011,Alimentação no domicílio,1101107,"Carnes, vísceras e pescados",11011075,Pescados frescos,74591,PEIXE INTEIRO TRAIRAO,09201,,,,
74601,V8000_DEFLA,1,Despesas Correntes,11,Despesas de Consumo,1101,Alimentacao,11011,Alimentação no domicílio,1101107,"Carnes, vísceras e pescados",11011075,Pescados frescos,74601,PEIXE INTEIRO CHAPEREMA,09201,,,,
74611,V8000_DEFLA,1,Despesas Correntes,11,Despesas de Consumo,1101,Alimentacao,11011,Alimentação no domicílio,1101107,"Carnes, vísceras e pescados",11011075,Pescados frescos,74611,CARAMUJO e sinonimos,09201,,,,
74621,V8000_DEFLA,1,Despesas Correntes,11,Despesas de Consumo,1101,Alimentacao,11011,Alimentação no domicílio,1101107,"Carnes, vísceras e pescados",11011075,Pescados frescos,74621,PEIXE INTEIRO TAMBATINGA,09201,,,,
76001,V8000_DEFLA,1,Despesas Correntes,11,Despesas de Consumo,1101,Alimentacao,11011,Alimentação no domicílio,1101107,"Carnes, vísceras e pescados",11011075,Pescados frescos,76001,PEIXE INTEIRO NAO-ESPECIFICADO,09201,,,,
76002,V8000_DEFLA,1,Despesas Correntes,11,Despesas de Consumo,1101,Alimentacao,11011,Alimentação no domicílio,1101107,"Carnes, vísceras e pescados",11011075,Pescados frescos,76002,PEIXE EM POSTAS NAO-ESPECIFICADO,09201,,,,
76003,V8000_DEFLA,1,Despesas Correntes,11,Despesas de Consumo,1101,Alimentacao,11011,Alimentação no domicílio,1101107,"Carnes, vísceras e pescados",11011075,Pescados frescos,76003,PEIXE EM FILE FRESCO NAO-ESPECIFICADO,09201,,,,
76004,V8000_DEFLA,1,Despesas Correntes,11,Despesas de Consumo,1101,Alimentacao,11011,Alimentação no domicílio,1101107,"Carnes, vísceras e pescados",11011074,Carnes e peixes industrializados,76004,PEIXE SALGADO NAO-ESPECIFICADO e sinonimos,09201,,,,
76005,V8000_DEFLA,1,Despesas Correntes,11,Despesas de Consumo,1101,Alimentacao,11011,Alimentação no domicílio,1101107,"Carnes, vísceras e pescados",11011074,Carnes e peixes industrializados,76005,PEIXE EM FILE CONGELADO NAO-ESPECIFICADO,09201,,,,
76007,V8000_DEFLA,1,Despesas Correntes,11,Despesas de Consumo,1101,Alimentacao,11011,Alimentação no domicílio,1101107,"Carnes, vísceras e pescados",11011075,Pescados frescos,76007,CABECA DE PEIXE,09201,,,,
76009,V8000_DEFLA,1,Despesas Correntes,11,Despesas de Consumo,1101,Alimentacao,11011,Alimentação no domicílio,1101107,"Carnes, vísceras e pescados",11011075,Pescados frescos,76009,PEIXE NAO-ESPECIFICADO,09201,,,,
77001,V8000_DEFLA,1,Despesas Correntes,11,Despesas de Consumo,1101,Alimentacao,11011,Alimentação no domicílio,1101113,Enlatados e conservas,1101113,Enlatados e conservas,77001,AZEITONA e sinonimos,02212,,,,
77002,V8000_DEFLA,1,Despesas Correntes,11,Despesas de Consumo,1101,Alimentacao,11011,Alimentação no domicílio,1101113,Enlatados e conservas,1101113,Enlatados e conservas,77002,ERVILHA EM CONSERVA e sinonimos,02212,,,,
77003,V8000_DEFLA,1,Despesas Correntes,11,Despesas de Consumo,1101,Alimentacao,11011,Alimentação no domicílio,1101113,Enlatados e conservas,1101113,Enlatados e conservas,77003,ERVILHA COM CENOURA EM CONSERVA e sinonimos,02212,,,,
77004,V8000_DEFLA,1,Despesas Correntes,11,Despesas de Consumo,1101,Alimentacao,11011,Alimentação no domicílio,1101113,Enlatados e conservas,1101113,Enlatados e conservas,77004,MILHO VERDE EM CONSERVA e sinonimos,01102,,,,
77005,V8000_DEFLA,1,Despesas Correntes,11,Despesas de Consumo,1101,Alimentacao,11011,Alimentação no domicílio,1101113,Enlatados e conservas,1101113,Enlatados e conservas,77005,PALMITO EM CONSERVA,01102,,,,
77006,V8000_DEFLA,1,Despesas Correntes,11,Despesas de Consumo,1101,Alimentacao,11011,Alimentação no domicílio,1101113,Enlatados e conservas,1101113,Enlatados e conservas,77006,COGUMELO EM CONSERVA e sinonimos,01102,,,,
77007,V8000_DEFLA,1,Despesas Correntes,11,Despesas de Consumo,1101,Alimentacao,11011,Alimentação no domicílio,1101113,Enlatados e conservas,1101113,Enlatados e conservas,77007,ASPARGO EM CONSERVA,01102,,,,
77008,V8000_DEFLA,1,Despesas Correntes,11,Despesas de Consumo,1101,Alimentacao,11011,Alimentação no domicílio,1101113,Enlatados e conservas,1101113,Enlatados e conservas,77008,CENOURA EM CONSERVA,02306,,,,
77009,V8000_DEFLA,1,Despesas Correntes,11,Despesas de Consumo,1101,Alimentacao,11011,Alimentação no domicílio,1101113,Enlatados e conservas,1101113,Enlatados e conservas,77009,REPOLHO EM CONSERVA e sinonimos,02106,,,,
77010,V8000_DEFLA,1,Despesas Correntes,11,Despesas de Consumo,1101,Alimentacao,11011,Alimentação no domicílio,1101113,Enlatados e conservas,1101113,Enlatados e conservas,77010,TOMATE SEM PELE EM CONSERVA e sinonimos,02210,,,,
77011,V8000_DEFLA,1,Despesas Correntes,11,Despesas de Consumo,1101,Alimentacao,11011,Alimentação no domicílio,1101113,Enlatados e conservas,1101113,Enlatados e conservas,77011,LEGUME NAO-ESPECIFICADO EM CONSERVA e sinonimos,01209,,,,
77012,V8000_DEFLA,1,Despesas Correntes,11,Despesas de Consumo,1101,Alimentacao,11011,Alimentação no domicílio,1101113,Enlatados e conservas,1101113,Enlatados e conservas,77012,SOPA INFANTIL DE QUALQUER SABOR e sinonimos,16104,,,,
77013,V8000_DEFLA,1,Despesas Correntes,11,Despesas de Consumo,1101,Alimentacao,11011,Alimentação no domicílio,1101113,Enlatados e conservas,1101113,Enlatados e conservas,77013,SOPA DE LEGUMES EM CONSERVA,16104,,,,
77014,V8000_DEFLA,1,Despesas Correntes,11,Despesas de Consumo,1101,Alimentacao,11011,Alimentação no domicílio,1101113,Enlatados e conservas,1101113,Enlatados e conservas,77014,SOPA DESIDRATADA DE QUALQUER SABOR e sinonimos,16104,,,,
77015,V8000_DEFLA,1,Despesas Correntes,11,Despesas de Consumo,1101,Alimentacao,11011,Alimentação no domicílio,1101113,Enlatados e conservas,1101113,Enlatados e conservas,77015,MILHO VERDE COM ERVILHA EM CONSERVA e sinonimos,01102,,,,
77016,V8000_DEFLA,1,Despesas Correntes,11,Despesas de Consumo,1101,Alimentacao,11011,Alimentação no domicílio,1101113,Enlatados e conservas,1101113,Enlatados e conservas,77016,PIMENTA MALAGUETA EM CONSERVA e sinonimos,02212,,,,
77017,V8000_DEFLA,1,Despesas Correntes,11,Despesas de Consumo,1101,Alimentacao,11011,Alimentação no domicílio,1101113,Enlatados e conservas,1101113,Enlatados e conservas,77017,PIMENTA DE CHEIRO EM CONSERVA e sinonimos,02212,,,,
77018,V8000_DEFLA,1,Despesas Correntes,11,Despesas de Consumo,1101,Alimentacao,11011,Alimentação no domicílio,1101113,Enlatados e conservas,1101113,Enlatados e conservas,77018,PIMENTA NAO-ESPECIFICADA EM CONSERVA e sinonimos,02212,,,,
77019,V8000_DEFLA,1,Despesas Correntes,11,Despesas de Consumo,1101,Alimentacao,11011,Alimentação no domicílio,1101113,Enlatados e conservas,1101113,Enlatados e conservas,77019,FEIJOADA EM CONSERVA e sinonimos,16104,,,,
77020,V8000_DEFLA,1,Despesas Correntes,11,Despesas de Consumo,1101,Alimentacao,11011,Alimentação no domicílio,1101113,Enlatados e conservas,1101113,Enlatados e conservas,77020,FEIJAO BRANCO COM DOBRADINHA EM CONSERVA e sinonimos,16104,,,,
77021,V8000_DEFLA,1,Despesas Correntes,11,Despesas de Consumo,1101,Alimentacao,11011,Alimentação no domicílio,1101113,Enlatados e conservas,1101113,Enlatados e conservas,77021,COZIDO EM CONSERVA,16103,,,,
77022,V8000_DEFLA,1,Despesas Correntes,11,Despesas de Consumo,1101,Alimentacao,11011,Alimentação no domicílio,1101113,Enlatados e conservas,1101113,Enlatados e conservas,77022,PATE DE FIGADO EM CONSERVA e sinonimos,08101,,,,
77023,V8000_DEFLA,1,Despesas Correntes,11,Despesas de Consumo,1101,Alimentacao,11011,Alimentação no domicílio,1101113,Enlatados e conservas,1101113,Enlatados e conservas,77023,PATE DE CARNE EM CONSERVA e sinonimos,07208,,,,
77024,V8000_DEFLA,1,Despesas Correntes,11,Despesas de Consumo,1101,Alimentacao,11011,Alimentação no domicílio,1101113,Enlatados e conservas,1101113,Enlatados e conservas,77024,PATE DE PRESUNTO EM CONSERVA e sinonimos,07506,,,,
77025,V8000_DEFLA,1,Despesas Correntes,11,Despesas de Consumo,1101,Alimentacao,11011,Alimentação no domicílio,1101113,Enlatados e conservas,1101113,Enlatados e conservas,77025,PATE DE GALINHA EM CONSERVA e sinonimos,10107,,,,
77026,V8000_DEFLA,1,Despesas Correntes,11,Despesas de Consumo,1101,Alimentacao,11011,Alimentação no domicílio,1101113,Enlatados e conservas,1101113,Enlatados e conservas,77026,CARNE BOVINA EM CONSERVA e sinonimos,16104,,,,
77027,V8000_DEFLA,1,Despesas Correntes,11,Despesas de Consumo,1101,Alimentacao,11011,Alimentação no domicílio,1101113,Enlatados e conservas,1101113,Enlatados e conservas,77027,CARNE SUINA EM CONSERVA e sinonimos,07208,,,,
77028,V8000_DEFLA,1,Despesas Correntes,11,Despesas de Consumo,1101,Alimentacao,11011,Alimentação no domicílio,1101113,Enlatados e conservas,1101113,Enlatados e conservas,77028,SALSICHA EM CONSERVA,07503,,,,
77029,V8000_DEFLA,1,Despesas Correntes,11,Despesas de Consumo,1101,Alimentacao,11011,Alimentação no domicílio,1101113,Enlatados e conservas,1101113,Enlatados e conservas,77029,LINGUICA EM CONSERVA,07506,,,,
77030,V8000_DEFLA,1,Despesas Correntes,11,Despesas de Consumo,1101,Alimentacao,11011,Alimentação no domicílio,1101113,Enlatados e conservas,1101113,Enlatados e conservas,77030,PEIXE SARDINHA EM CONSERVA e sinonimos,09107,,,,
77031,V8000_DEFLA,1,Despesas Correntes,11,Despesas de Consumo,1101,Alimentacao,11011,Alimentação no domicílio,1101113,Enlatados e conservas,1101113,Enlatados e conservas,77031,PEIXE ANCHOVA EM CONSERVA e sinonimos,09109,,,,
77032,V8000_DEFLA,1,Despesas Correntes,11,Despesas de Consumo,1101,Alimentacao,11011,Alimentação no domicílio,1101113,Enlatados e conservas,1101113,Enlatados e conservas,77032,PEIXE CORVINA EM CONSERVA e sinonimos,09103,,,,
77033,V8000_DEFLA,1,Despesas Correntes,11,Despesas de Consumo,1101,Alimentacao,11011,Alimentação no domicílio,1101113,Enlatados e conservas,1101113,Enlatados e conservas,77033,PEIXE CAVALINHA EM CONSERVA e sinonimos,09109,,,,
77034,V8000_DEFLA,1,Despesas Correntes,11,Despesas de Consumo,1101,Alimentacao,11011,Alimentação no domicílio,1101113,Enlatados e conservas,1101113,Enlatados e conservas,77034,PEIXE ATUM EM CONSERVA e sinonimos,09109,,,,
77035,V8000_DEFLA,1,Despesas Correntes,11,Despesas de Consumo,1101,Alimentacao,11011,Alimentação no domicílio,1101113,Enlatados e conservas,1101113,Enlatados e conservas,77035,PEIXE SAVELHA EM CONSERVA e sinonimos,09109,,,,
77036,V8000_DEFLA,1,Despesas Correntes,11,Despesas de Consumo,1101,Alimentacao,11011,Alimentação no domicílio,1101113,Enlatados e conservas,1101113,Enlatados e conservas,77036,CAMARAO EM CONSERVA,09109,,,,
77037,V8000_DEFLA,1,Despesas Correntes,11,Despesas de Consumo,1101,Alimentacao,11011,Alimentação no domicílio,1101113,Enlatados e conservas,1101113,Enlatados e conservas,77037,PEPINO EM CONSERVA,02212,,,,
77038,V8000_DEFLA,1,Despesas Correntes,11,Despesas de Consumo,1101,Alimentacao,11011,Alimentação no domicílio,1101113,Enlatados e conservas,1101113,Enlatados e conservas,77038,CEBOLA EM CONSERVA,02212,,,,
77039,V8000_DEFLA,1,Despesas Correntes,11,Despesas de Consumo,1101,Alimentacao,11011,Alimentação no domicílio,1101113,Enlatados e conservas,1101113,Enlatados e conservas,77039,PATE DE PEIXE EM CONSERVA e sinonimos,09109,,,,
77040,V8000_DEFLA,1,Despesas Correntes,11,Despesas de Consumo,1101,Alimentacao,11011,Alimentação no domicílio,1101113,Enlatados e conservas,1101113,Enlatados e conservas,77040,PICLES,02212,,,,
77041,V8000_DEFLA,1,Despesas Correntes,11,Despesas de Consumo,1101,Alimentacao,11011,Alimentação no domicílio,1101113,Enlatados e conservas,1101113,Enlatados e conservas,77041,PEIXE BONITO EM CONSERVA e sinonimos,09109,,,,
77042,V8000_DEFLA,1,Despesas Correntes,11,Despesas de Consumo,1101,Alimentacao,11011,Alimentação no domicílio,1101113,Enlatados e conservas,1101113,Enlatados e conservas,77042,LENTILHA EM CONSERVA,02212,,,,
77043,V8000_DEFLA,1,Despesas Correntes,11,Despesas de Consumo,1101,Alimentacao,11011,Alimentação no domicílio,1101113,Enlatados e conservas,1101113,Enlatados e conservas,77043,MORTADELA EM CONSERVA,07501,,,,
77044,V8000_DEFLA,1,Despesas Correntes,11,Despesas de Consumo,1101,Alimentacao,11011,Alimentação no domicílio,1101113,Enlatados e conservas,1101113,Enlatados e conservas,77044,ALGAS EM CONSERVA e sinonimos,16103,,,,
77045,V8000_DEFLA,1,Despesas Correntes,11,Despesas de Consumo,1101,Alimentacao,11011,Alimentação no domicílio,1101113,Enlatados e conservas,1101113,Enlatados e conservas,77045,PEIXE PESCADA EM CONSERVA e sinonimos,09104,,,,
77046,V8000_DEFLA,1,Despesas Correntes,11,Despesas de Consumo,1101,Alimentacao,11011,Alimentação no domicílio,1101113,Enlatados e conservas,1101113,Enlatados e conservas,77046,CARNE DE FRANGO EM CONSERVA e sinonimos,10107,,,,
77047,V8000_DEFLA,1,Despesas Correntes,11,Despesas de Consumo,1101,Alimentacao,11011,Alimentação no domicílio,1101113,Enlatados e conservas,1101113,Enlatados e conservas,77047,PATE DE PERU EM CONSERVA e sinonimos,10107,,,,
77048,V8000_DEFLA,1,Despesas Correntes,11,Despesas de Consumo,1101,Alimentacao,11011,Alimentação no domicílio,1101113,Enlatados e conservas,1101113,Enlatados e conservas,77048,PATE DE LINGUA EM CONSERVA e sinonimos,08102,,,,
77049,V8000_DEFLA,1,Despesas Correntes,11,Despesas de Consumo,1101,Alimentacao,11011,Alimentação no domicílio,1101113,Enlatados e conservas,1101113,Enlatados e conservas,77049,PEIXE TAINHA EM CONSERVA e sinonimos,09109,,,,
77050,V8000_DEFLA,1,Despesas Correntes,11,Despesas de Consumo,1101,Alimentacao,11011,Alimentação no domicílio,1101113,Enlatados e conservas,1101113,Enlatados e conservas,77050,BERBIGAO EM CONSERVA,02212,,,,
77051,V8000_DEFLA,1,Despesas Correntes,11,Despesas de Consumo,1101,Alimentacao,11011,Alimentação no domicílio,1101113,Enlatados e conservas,1101113,Enlatados e conservas,77051,FIAMBRE DE CHESTER e sinonimos,10107,,,,
77052,V8000_DEFLA,1,Despesas Correntes,11,Despesas de Consumo,1101,Alimentacao,11011,Alimentação no domicílio,1101113,Enlatados e conservas,1101113,Enlatados e conservas,77052,NABO EM CONSERVA,02212,,,,
77053,V8000_DEFLA,1,Despesas Correntes,11,Despesas de Consumo,1101,Alimentacao,11011,Alimentação no domicílio,1101113,Enlatados e conservas,1101113,Enlatados e conservas,77053,ALICHE,09109,,,,
77054,V8000_DEFLA,1,Despesas Correntes,11,Despesas de Consumo,1101,Alimentacao,11011,Alimentação no domicílio,1101113,Enlatados e conservas,1101113,Enlatados e conservas,77054,STROGONOFF EM CONSERVA e sinonimos,16104,,,,
77055,V8000_DEFLA,1,Despesas Correntes,11,Despesas de Consumo,1101,Alimentacao,11011,Alimentação no domicílio,1101113,Enlatados e conservas,1101113,Enlatados e conservas,77055,CONSERVANTE PARA ALIMENTOS,16103,,,,
77056,V8000_DEFLA,1,Despesas Correntes,11,Despesas de Consumo,1101,Alimentacao,11011,Alimentação no domicílio,1101113,Enlatados e conservas,1101113,Enlatados e conservas,77056,CARNE EM CONSERVA NAO-ESPECIFICADA,07208,,,,
77057,V8000_DEFLA,1,Despesas Correntes,11,Despesas de Consumo,1101,Alimentacao,11011,Alimentação no domicílio,1101113,Enlatados e conservas,1101113,Enlatados e conservas,77057,PIMENTA DE CUMARI EM CONSERVA e sinonimos,02212,,,,
77058,V8000_DEFLA,1,Despesas Correntes,11,Despesas de Consumo,1101,Alimentacao,11011,Alimentação no domicílio,1101113,Enlatados e conservas,1101113,Enlatados e conservas,77058,ALIMENTO INFANTIL NAO-ESPECIFICADO e sinonimos,16103,,,,
77059,V8000_DEFLA,1,Despesas Correntes,11,Despesas de Consumo,1101,Alimentacao,11011,Alimentação no domicílio,1101113,Enlatados e conservas,1101113,Enlatados e conservas,77059,KANI KAMA,09109,,,,
77060,V8000_DEFLA,1,Despesas Correntes,11,Despesas de Consumo,1101,Alimentacao,11011,Alimentação no domicílio,1101113,Enlatados e conservas,1101113,Enlatados e conservas,77060,SALMAO EM CONSERVA,09109,,,,
77061,V8000_DEFLA,1,Despesas Correntes,11,Despesas de Consumo,1101,Alimentacao,11011,Alimentação no domicílio,1101113,Enlatados e conservas,1101113,Enlatados e conservas,77061,SOPA DESIDRATADA DE QUALQUER SABOR LIGHT e sinonimos,16103,,,,
77062,V8000_DEFLA,1,Despesas Correntes,11,Despesas de Consumo,1101,Alimentacao,11011,Alimentação no domicílio,1101113,Enlatados e conservas,1101113,Enlatados e conservas,77062,PEIXE SARDINHA EM CONSERVA LIGHT e sinonimos,09107,,,,
77063,V8000_DEFLA,1,Despesas Correntes,11,Despesas de Consumo,1101,Alimentacao,11011,Alimentação no domicílio,1101113,Enlatados e conservas,1101113,Enlatados e conservas,77063,PEIXE ATUM EM CONSERVA LIGHT e sinonimos,09109,,,,
77064,V8000_DEFLA,1,Despesas Correntes,11,Despesas de Consumo,1101,Alimentacao,11011,Alimentação no domicílio,1101113,Enlatados e conservas,1101113,Enlatados e conservas,77064,MORTADELA EM CONSERVA LIGHT,07501,,,,
77065,V8000_DEFLA,1,Despesas Correntes,11,Despesas de Consumo,1101,Alimentacao,11011,Alimentação no domicílio,1101113,Enlatados e conservas,1101113,Enlatados e conservas,77065,FIAMBRE DE CHESTER LIGHT e sinonimos,10107,,,,
77066,V8000_DEFLA,1,Despesas Correntes,11,Despesas de Consumo,1101,Alimentacao,11011,Alimentação no domicílio,1101113,Enlatados e conservas,1101113,Enlatados e conservas,77066,BERINJELA AGRIDOCE,02203,,,,
77067,V8000_DEFLA,1,Despesas Correntes,11,Despesas de Consumo,1101,Alimentacao,11011,Alimentação no domicílio,1101113,Enlatados e conservas,1101113,Enlatados e conservas,77067,BETERRABA EM CONSERVA,02305,,,,
77068,V8000_DEFLA,1,Despesas Correntes,11,Despesas de Consumo,1101,Alimentacao,11011,Alimentação no domicílio,1101113,Enlatados e conservas,1101113,Enlatados e conservas,77068,LANCHE PEPERI (PRESUNTOS SUINO E DE FRANGO),16104,,,,
77069,V8000_DEFLA,1,Despesas Correntes,11,Despesas de Consumo,1101,Alimentacao,11011,Alimentação no domicílio,1101113,Enlatados e conservas,1101113,Enlatados e conservas,77069,OVO DE CODORNA EM CONSERVA,10202,,,,
77070,V8000_DEFLA,1,Despesas Correntes,11,Despesas de Consumo,1101,Alimentacao,11011,Alimentação no domicílio,1101113,Enlatados e conservas,1101113,Enlatados e conservas,77070,SELETA DE LEGUMES EM CONSERVA,02309,,,,
77071,V8000_DEFLA,1,Despesas Correntes,11,Despesas de Consumo,1101,Alimentacao,11011,Alimentação no domicílio,1101113,Enlatados e conservas,1101113,Enlatados e conservas,77071,PASTA DE AZEITONA e sinonimos,02212,,,,
77072,V8000_DEFLA,1,Despesas Correntes,11,Despesas de Consumo,1101,Alimentacao,11011,Alimentação no domicílio,1101113,Enlatados e conservas,1101113,Enlatados e conservas,77072,COUVE FLOR EM CONSERVA,02105,,,,
77073,V8000_DEFLA,1,Despesas Correntes,11,Despesas de Consumo,1101,Alimentacao,11011,Alimentação no domicílio,1101113,Enlatados e conservas,1101113,Enlatados e conservas,77073,CEBOLINHA CRISTAL EM CONSERVA,02212,,,,
77074,V8000_DEFLA,1,Despesas Correntes,11,Despesas de Consumo,1101,Alimentacao,11011,Alimentação no domicílio,1101113,Enlatados e conservas,1101113,Enlatados e conservas,77074,AZEITONA VERDE LIGHT,02212,,,,
77075,V8000_DEFLA,1,Despesas Correntes,11,Despesas de Consumo,1101,Alimentacao,11011,Alimentação no domicílio,1101113,Enlatados e conservas,1101113,Enlatados e conservas,77075,SALSICHA VEGETAL EM CONSERVA,16103,,,,
77076,V8000_DEFLA,1,Despesas Correntes,11,Despesas de Consumo,1101,Alimentacao,11011,Alimentação no domicílio,1101113,Enlatados e conservas,1101113,Enlatados e conservas,77076,BROCOLIS EM CONSERVA,02104,,,,
77077,V8000_DEFLA,1,Despesas Correntes,11,Despesas de Consumo,1101,Alimentacao,11011,Alimentação no domicílio,1101113,Enlatados e conservas,1101113,Enlatados e conservas,77077,PATE DE ATUM EM CONSERVA,09109,,,,
77078,V8000_DEFLA,1,Despesas Correntes,11,Despesas de Consumo,1101,Alimentacao,11011,Alimentação no domicílio,1101113,Enlatados e conservas,1101113,Enlatados e conservas,77078,PASTA DE ALHO EM CONSERVA,02212,,,,
77079,V8000_DEFLA,1,Despesas Correntes,11,Despesas de Consumo,1101,Alimentacao,11011,Alimentação no domicílio,1101113,Enlatados e conservas,1101113,Enlatados e conservas,77079,CHUCHU EM CONSERVA,02205,,,,
77080,V8000_DEFLA,1,Despesas Correntes,11,Despesas de Consumo,1101,Alimentacao,11011,Alimentação no domicílio,1101113,Enlatados e conservas,1101113,Enlatados e conservas,77080,CONSERVA EM LATA NAO ESPECIFICADA,16103,,,,
77081,V8000_DEFLA,1,Despesas Correntes,11,Despesas de Consumo,1101,Alimentacao,11011,Alimentação no domicílio,1101113,Enlatados e conservas,1101113,Enlatados e conservas,77081,PASTA DE ASPARGOS,02212,,,,
77082,V8000_DEFLA,1,Despesas Correntes,11,Despesas de Consumo,1101,Alimentacao,11011,Alimentação no domicílio,1101113,Enlatados e conservas,1101113,Enlatados e conservas,77082,PASTA DE TOMATE SECO,02210,,,,
77083,V8000_DEFLA,1,Despesas Correntes,11,Despesas de Consumo,1101,Alimentacao,11011,Alimentação no domicílio,1101113,Enlatados e conservas,1101113,Enlatados e conservas,77083,PATE DE SARDINHA,09107,,,,
77084,V8000_DEFLA,1,Despesas Correntes,11,Despesas de Consumo,1101,Alimentacao,11011,Alimentação no domicílio,1101113,Enlatados e conservas,1101113,Enlatados e conservas,77084,PASTA DE ANCHOVA,16103,,,,
77085,V8000_DEFLA,1,Despesas Correntes,11,Despesas de Consumo,1101,Alimentacao,11011,Alimentação no domicílio,1101113,Enlatados e conservas,1101113,Enlatados e conservas,77085,TAHINI,16103,,,,
77086,V8000_DEFLA,1,Despesas Correntes,11,Despesas de Consumo,1101,Alimentacao,11011,Alimentação no domicílio,1101113,Enlatados e conservas,1101113,Enlatados e conservas,77086,PASTA NAO ESPECIFICADA,16103,,,,
77087,V8000_DEFLA,1,Despesas Correntes,11,Despesas de Consumo,1101,Alimentacao,11011,Alimentação no domicílio,1101113,Enlatados e conservas,1101113,Enlatados e conservas,77087,COGUMELO DESIDRATADO,16103,,,,
77088,V8000_DEFLA,1,Despesas Correntes,11,Despesas de Consumo,1101,Alimentacao,11011,Alimentação no domicílio,1101113,Enlatados e conservas,1101113,Enlatados e conservas,77088,PASTA DE GRAO DE BICO,16103,,,,
78001,V8000_DEFLA,1,Despesas Correntes,11,Despesas de Consumo,1101,Alimentacao,11011,Alimentação no domicílio,1101108,Aves e ovos,11011081,Frango,78001,FRANGO ABATIDO e sinonimos,10104,,,,
78002,V8000_DEFLA,1,Despesas Correntes,11,Despesas de Consumo,1101,Alimentacao,11011,Alimentação no domicílio,1101108,Aves e ovos,11011081,Frango,78002,FRANGO CONGELADO e sinonimos,10104,,,,
78003,V8000_DEFLA,1,Despesas Correntes,11,Despesas de Consumo,1101,Alimentacao,11011,Alimentação no domicílio,1101108,Aves e ovos,11011081,Frango,78003,PARTE DE GALINHA OU FRANGO NAO-ESPECIFICADA e sinonimos,10102,,,,
78004,V8000_DEFLA,1,Despesas Correntes,11,Despesas de Consumo,1101,Alimentacao,11011,Alimentação no domicílio,1101108,Aves e ovos,11011081,Frango,78004,PEITO DE GALINHA OU FRANGO e sinonimos,10106,,,,
78005,V8000_DEFLA,1,Despesas Correntes,11,Despesas de Consumo,1101,Alimentacao,11011,Alimentação no domicílio,1101108,Aves e ovos,11011081,Frango,78005,COXA DE GALINHA OU FRANGO e sinonimos,10103,,,,
78006,V8000_DEFLA,1,Despesas Correntes,11,Despesas de Consumo,1101,Alimentacao,11011,Alimentação no domicílio,1101108,Aves e ovos,11011081,Frango,78006,DORSO DE GALINHA OU FRANGO e sinonimos,10107,,,,
78007,V8000_DEFLA,1,Despesas Correntes,11,Despesas de Consumo,1101,Alimentacao,11011,Alimentação no domicílio,1101108,Aves e ovos,11011081,Frango,78007,ASA DE GALINHA OU FRANGO e sinonimos,10101,,,,
78008,V8000_DEFLA,1,Despesas Correntes,11,Despesas de Consumo,1101,Alimentacao,11011,Alimentação no domicílio,1101108,Aves e ovos,11011081,Frango,78008,PESCOCO DE GALINHA OU FRANGO e sinonimos,10102,,,,
78009,V8000_DEFLA,1,Despesas Correntes,11,Despesas de Consumo,1101,Alimentacao,11011,Alimentação no domicílio,1101108,Aves e ovos,11011081,Frango,78009,PE DE GALINHA OU FRANGO e sinonimos,10102,,,,
78010,V8000_DEFLA,1,Despesas Correntes,11,Despesas de Consumo,1101,Alimentacao,11011,Alimentação no domicílio,1101108,Aves e ovos,11011081,Frango,78010,MIUDO DE GALINHA OU FRANGO NAO-ESPECIFICADO e sinonimos,08104,,,,
78011,V8000_DEFLA,1,Despesas Correntes,11,Despesas de Consumo,1101,Alimentacao,11011,Alimentação no domicílio,1101108,Aves e ovos,11011081,Frango,78011,MOELA DE GALINHA OU FRANGO e sinonimos,08104,,,,
78012,V8000_DEFLA,1,Despesas Correntes,11,Despesas de Consumo,1101,Alimentacao,11011,Alimentação no domicílio,1101108,Aves e ovos,11011081,Frango,78012,CORACAO DE GALINHA OU FRANGO e sinonimos,08104,,,,
78013,V8000_DEFLA,1,Despesas Correntes,11,Despesas de Consumo,1101,Alimentacao,11011,Alimentação no domicílio,1101108,Aves e ovos,11011081,Frango,78013,FIGADO DE GALINHA OU FRANGO e sinonimos,08104,,,,
78014,V8000_DEFLA,1,Despesas Correntes,11,Despesas de Consumo,1101,Alimentacao,11011,Alimentação no domicílio,1101108,Aves e ovos,11011081,Frango,78014,FRANGO VIVO e sinonimos,10105,,,,
78015,V8000_DEFLA,1,Despesas Correntes,11,Despesas de Consumo,1101,Alimentacao,11011,Alimentação no domicílio,1101108,Aves e ovos,11011084,Outros,78015,PERU ABATIDO,10107,,,,
78016,V8000_DEFLA,1,Despesas Correntes,11,Despesas de Consumo,1101,Alimentacao,11011,Alimentação no domicílio,1101108,Aves e ovos,11011084,Outros,78016,PERU CONGELADO e sinonimos,10107,,,,
78017,V8000_DEFLA,1,Despesas Correntes,11,Despesas de Consumo,1101,Alimentacao,11011,Alimentação no domicílio,1101108,Aves e ovos,11011084,Outros,78017,PARTE DE PERU NAO-ESPECIFICADA e sinonimos,10107,,,,
78018,V8000_DEFLA,1,Despesas Correntes,11,Despesas de Consumo,1101,Alimentacao,11011,Alimentação no domicílio,1101108,Aves e ovos,11011084,Outros,78018,PEITO DE PERU e sinonimos,10107,,,,
78019,V8000_DEFLA,1,Despesas Correntes,11,Despesas de Consumo,1101,Alimentacao,11011,Alimentação no domicílio,1101108,Aves e ovos,11011084,Outros,78019,COXA DE PERU e sinonimos,10107,,,,
78020,V8000_DEFLA,1,Despesas Correntes,11,Despesas de Consumo,1101,Alimentacao,11011,Alimentação no domicílio,1101108,Aves e ovos,11011084,Outros,78020,DORSO DE PERU e sinonimos,10107,,,,
78021,V8000_DEFLA,1,Despesas Correntes,11,Despesas de Consumo,1101,Alimentacao,11011,Alimentação no domicílio,1101108,Aves e ovos,11011084,Outros,78021,ASA DE PERU,10107,,,,
78022,V8000_DEFLA,1,Despesas Correntes,11,Despesas de Consumo,1101,Alimentacao,11011,Alimentação no domicílio,1101108,Aves e ovos,11011084,Outros,78022,PERU VIVO e sinonimos,10107,,,,
78023,V8000_DEFLA,1,Despesas Correntes,11,Despesas de Consumo,1101,Alimentacao,11011,Alimentação no domicílio,1101108,Aves e ovos,11011084,Outros,78023,COXA DE AVE NAO-ESPECIFICADA,10107,,,,
78024,V8000_DEFLA,1,Despesas Correntes,11,Despesas de Consumo,1101,Alimentacao,11011,Alimentação no domicílio,1101108,Aves e ovos,11011084,Outros,78024,COXA E SOBRECOXA DE AVE NAO-ESPECIFICADA,10102,,,,
78025,V8000_DEFLA,1,Despesas Correntes,11,Despesas de Consumo,1101,Alimentacao,11011,Alimentação no domicílio,1101108,Aves e ovos,11011081,Frango,78025,COXA E ASA DE GALINHA OU FRANGO e sinonimos,10102,,,,
78026,V8000_DEFLA,1,Despesas Correntes,11,Despesas de Consumo,1101,Alimentacao,11011,Alimentação no domicílio,1101108,Aves e ovos,11011081,Frango,78026,COXA E PEITO DE GALINHA OU FRANGO e sinonimos,10102,,,,
78027,V8000_DEFLA,1,Despesas Correntes,11,Despesas de Consumo,1101,Alimentacao,11011,Alimentação no domicílio,1101108,Aves e ovos,11011081,Frango,78027,CHESTER e sinonimos,10107,,,,
78028,V8000_DEFLA,1,Despesas Correntes,11,Despesas de Consumo,1101,Alimentacao,11011,Alimentação no domicílio,1101108,Aves e ovos,11011084,Outros,78028,"NAMBU ABATIDO, CONGELADO OU VIVO e sinonimos",10107,,,,
78029,V8000_DEFLA,1,Despesas Correntes,11,Despesas de Consumo,1101,Alimentacao,11011,Alimentação no domicílio,1101108,Aves e ovos,11011084,Outros,78029,NUGGETS DE FRANGO e sinonimos,10102,,,,
78030,V8000_DEFLA,1,Despesas Correntes,11,Despesas de Consumo,1101,Alimentacao,11011,Alimentação no domicílio,1101108,Aves e ovos,11011084,Outros,78030,"CODORNA ABATIDA, CONGELADA OU VIVA e sinonimos",10107,,,,
78031,V8000_DEFLA,1,Despesas Correntes,11,Despesas de Consumo,1101,Alimentacao,11011,Alimentação no domicílio,1101108,Aves e ovos,11011084,Outros,78031,PERU EMPANADO,10107,,,,
78032,V8000_DEFLA,1,Despesas Correntes,11,Despesas de Consumo,1101,Alimentacao,11011,Alimentação no domicílio,1101108,Aves e ovos,11011081,Frango,78032,PE E ASA DE GALINHA OU FRANGO e sinonimos,10102,,,,
78033,V8000_DEFLA,1,Despesas Correntes,11,Despesas de Consumo,1101,Alimentacao,11011,Alimentação no domicílio,1101108,Aves e ovos,11011082,Ovo de galinha,78033,OVO DE GALINHA e sinonimos,10201,,,,
78034,V8000_DEFLA,1,Despesas Correntes,11,Despesas de Consumo,1101,Alimentacao,11011,Alimentação no domicílio,1101108,Aves e ovos,11011084,Outros,78034,OVO DE PATA,10202,,,,
78035,V8000_DEFLA,1,Despesas Correntes,11,Despesas de Consumo,1101,Alimentacao,11011,Alimentação no domicílio,1101108,Aves e ovos,11011084,Outros,78035,OVO DE CODORNA,10202,,,,
78036,V8000_DEFLA,1,Despesas Correntes,11,Despesas de Consumo,1101,Alimentacao,11011,Alimentação no domicílio,1101108,Aves e ovos,11011081,Frango,78036,COSTELA E PE DE GALINHA OU FRANGO e sinonimos,10102,,,,
78037,V8000_DEFLA,1,Despesas Correntes,11,Despesas de Consumo,1101,Alimentacao,11011,Alimentação no domicílio,1101108,Aves e ovos,11011084,Outros,78037,"OUTRA AVE ABATIDA, CONGELADA OU VIVA e sinonimos",10107,,,,
78038,V8000_DEFLA,1,Despesas Correntes,11,Despesas de Consumo,1101,Alimentacao,11011,Alimentação no domicílio,1101108,Aves e ovos,11011081,Frango,78038,OSSO DE GALINHA,10107,,,,
78039,V8000_DEFLA,1,Despesas Correntes,11,Despesas de Consumo,1101,Alimentacao,11011,Alimentação no domicílio,1101108,Aves e ovos,11011084,Outros,78039,"PATO ABATIDO, CONGELADO OU VIVO e sinonimos",10107,,,,
78040,V8000_DEFLA,1,Despesas Correntes,11,Despesas de Consumo,1101,Alimentacao,11011,Alimentação no domicílio,1101108,Aves e ovos,11011084,Outros,78040,"CABECA DE GALINHA, PATO, PERU, MARRECO, GALINHA DE ANGOLA",10107,,,,
78041,V8000_DEFLA,1,Despesas Correntes,11,Despesas de Consumo,1101,Alimentacao,11011,Alimentação no domicílio,1101108,Aves e ovos,11011084,Outros,78041,PESCOCO DE PERU,10107,,,,
78042,V8000_DEFLA,1,Despesas Correntes,11,Despesas de Consumo,1101,Alimentacao,11011,Alimentação no domicílio,1101108,Aves e ovos,11011084,Outros,78042,SOBRECOXA NAO-ESPECIFICADA,10102,,,,
78043,V8000_DEFLA,1,Despesas Correntes,11,Despesas de Consumo,1101,Alimentacao,11011,Alimentação no domicílio,1101108,Aves e ovos,11011084,Outros,78043,OVO DE MARRECA,10202,,,,
78044,V8000_DEFLA,1,Despesas Correntes,11,Despesas de Consumo,1101,Alimentacao,11011,Alimentação no domicílio,1101108,Aves e ovos,11011084,Outros,78044,OVO DE TRACAJA,10202,,,,
78045,V8000_DEFLA,1,Despesas Correntes,11,Despesas de Consumo,1101,Alimentacao,11011,Alimentação no domicílio,1101108,Aves e ovos,11011084,Outros,78045,OVO DE PERU,10202,,,,
78046,V8000_DEFLA,1,Despesas Correntes,11,Despesas de Consumo,1101,Alimentacao,11011,Alimentação no domicílio,1101108,Aves e ovos,11011084,Outros,78046,OSSO DE PERU,10107,,,,
78047,V8000_DEFLA,1,Despesas Correntes,11,Despesas de Consumo,1101,Alimentacao,11011,Alimentação no domicílio,1101108,Aves e ovos,11011081,Frango,78047,RIM DE GALINHA,10107,,,,
78048,V8000_DEFLA,1,Despesas Correntes,11,Despesas de Consumo,1101,Alimentacao,11011,Alimentação no domicílio,1101108,Aves e ovos,11011081,Frango,78048,SAMBIQUIRA DE GALINHA OU FRANGO,10107,,,,
78049,V8000_DEFLA,1,Despesas Correntes,11,Despesas de Consumo,1101,Alimentacao,11011,Alimentação no domicílio,1101108,Aves e ovos,11011084,Outros,78049,SAMBIQUIRA DE PERU,10107,,,,
78050,V8000_DEFLA,1,Despesas Correntes,11,Despesas de Consumo,1101,Alimentacao,11011,Alimentação no domicílio,1101108,Aves e ovos,11011084,Outros,78050,SAMBIQUIRA NAO-ESPECIFICADA,10107,,,,
78051,V8000_DEFLA,1,Despesas Correntes,11,Despesas de Consumo,1101,Alimentacao,11011,Alimentação no domicílio,1101108,Aves e ovos,11011084,Outros,78051,ROLE DE PERU,10107,,,,
78052,V8000_DEFLA,1,Despesas Correntes,11,Despesas de Consumo,1101,Alimentacao,11011,Alimentação no domicílio,1101108,Aves e ovos,11011084,Outros,78052,COXA E ASA NAO-ESPECIFICADA,10101,,,,
78053,V8000_DEFLA,1,Despesas Correntes,11,Despesas de Consumo,1101,Alimentacao,11011,Alimentação no domicílio,1101108,Aves e ovos,11011084,Outros,78053,COXA E ASA DE PERU,10107,,,,
78054,V8000_DEFLA,1,Despesas Correntes,11,Despesas de Consumo,1101,Alimentacao,11011,Alimentação no domicílio,1101108,Aves e ovos,11011084,Outros,78054,PEITO DE PERU LIGHT,10107,,,,
78055,V8000_DEFLA,1,Despesas Correntes,11,Despesas de Consumo,1101,Alimentacao,11011,Alimentação no domicílio,1101108,Aves e ovos,11011083,Orgânicos,78055,FRANGO INTEIRO ORGANICO e sinonimos,10104,,,,
78056,V8000_DEFLA,1,Despesas Correntes,11,Despesas de Consumo,1101,Alimentacao,11011,Alimentação no domicílio,1101108,Aves e ovos,11011083,Orgânicos,78056,FRANGO CONGELADO ORGANICO e sinonimos,10104,,,,
78057,V8000_DEFLA,1,Despesas Correntes,11,Despesas de Consumo,1101,Alimentacao,11011,Alimentação no domicílio,1101108,Aves e ovos,11011083,Orgânicos,78057,PEITO DE FRANGO ORGANICO e sinonimos,10106,,,,
78058,V8000_DEFLA,1,Despesas Correntes,11,Despesas de Consumo,1101,Alimentacao,11011,Alimentação no domicílio,1101108,Aves e ovos,11011083,Orgânicos,78058,COXA E SOBRECOXA DE FRANGO ORGANICA e sinonimos,10103,,,,
78059,V8000_DEFLA,1,Despesas Correntes,11,Despesas de Consumo,1101,Alimentacao,11011,Alimentação no domicílio,1101108,Aves e ovos,11011083,Orgânicos,78059,PARTE DE FRANGO ORGANICO NAO-ESPECIFICADA e sinonimos,10102,,,,
78060,V8000_DEFLA,1,Despesas Correntes,11,Despesas de Consumo,1101,Alimentacao,11011,Alimentação no domicílio,1101108,Aves e ovos,11011084,Outros,78060,"MARRECO ABATIDO, CONGELADO OU VIVO e sinonimos",10107,,,,
78061,V8000_DEFLA,1,Despesas Correntes,11,Despesas de Consumo,1101,Alimentacao,11011,Alimentação no domicílio,1101108,Aves e ovos,11011084,Outros,78061,CORACAO DE PERU,10107,,,,
78062,V8000_DEFLA,1,Despesas Correntes,11,Despesas de Consumo,1101,Alimentacao,11011,Alimentação no domicílio,1101108,Aves e ovos,11011081,Frango,78062,CARNE MOIDA DE FRANGO,10102,,,,
78063,V8000_DEFLA,1,Despesas Correntes,11,Despesas de Consumo,1101,Alimentacao,11011,Alimentação no domicílio,1101108,Aves e ovos,11011084,Outros,78063,OVO DE GUINE,10202,,,,
78064,V8000_DEFLA,1,Despesas Correntes,11,Despesas de Consumo,1101,Alimentacao,11011,Alimentação no domicílio,1101108,Aves e ovos,11011083,Orgânicos,78064,FRANGO ORGANICO INTEIRO,10104,,,,
78065,V8000_DEFLA,1,Despesas Correntes,11,Despesas de Consumo,1101,Alimentacao,11011,Alimentação no domicílio,1101108,Aves e ovos,11011083,Orgânicos,78065,OVO DE GALINHA ORGANICO,10201,,,,
78066,V8000_DEFLA,1,Despesas Correntes,11,Despesas de Consumo,1101,Alimentacao,11011,Alimentação no domicílio,1101108,Aves e ovos,11011081,Frango,78066,PELE DE FRANGO,10107,,,,
78067,V8000_DEFLA,1,Despesas Correntes,11,Despesas de Consumo,1101,Alimentacao,11011,Alimentação no domicílio,1101108,Aves e ovos,11011084,Outros,78067,OVO DE JACARE,10202,,,,
78068,V8000_DEFLA,1,Despesas Correntes,11,Despesas de Consumo,1101,Alimentacao,11011,Alimentação no domicílio,1101108,Aves e ovos,11011081,Frango,78068,PEITO DE FRANGO LIGHT,10106,,,,
78069,V8000_DEFLA,1,Despesas Correntes,11,Despesas de Consumo,1101,Alimentacao,11011,Alimentação no domicílio,1101108,Aves e ovos,11011084,Outros,78069,CARNE DE AVESTRUZ,10107,,,,
78070,V8000_DEFLA,1,Despesas Correntes,11,Despesas de Consumo,1101,Alimentacao,11011,Alimentação no domicílio,1101108,Aves e ovos,11011081,Frango,78070,FRANGO A PASSARINHO,10102,,,,
78071,V8000_DEFLA,1,Despesas Correntes,11,Despesas de Consumo,1101,Alimentacao,11011,Alimentação no domicílio,1101108,Aves e ovos,11011081,Frango,78071,FIGADO OU MOELA DE FRANGO,10107,,,,
78072,V8000_DEFLA,1,Despesas Correntes,11,Despesas de Consumo,1101,Alimentacao,11011,Alimentação no domicílio,1101108,Aves e ovos,11011081,Frango,78072,FRANGO DESOSSADO,10102,,,,
79001,V8000_DEFLA,1,Despesas Correntes,11,Despesas de Consumo,1101,Alimentacao,11011,Alimentação no domicílio,1101109,Leites e derivados,11011091,Leite de vaca,79001,LEITE DE VACA INTEGRAL e sinonimos,11103,,,,
79002,V8000_DEFLA,1,Despesas Correntes,11,Despesas de Consumo,1101,Alimentacao,11011,Alimentação no domicílio,1101109,Leites e derivados,11011091,Leite de vaca,79002,LEITE DE VACA FRESCO e sinonimos,11103,,,,
79003,V8000_DEFLA,1,Despesas Correntes,11,Despesas de Consumo,1101,Alimentacao,11011,Alimentação no domicílio,1101109,Leites e derivados,11011096,Outros,79003,LEITE DE CABRA,11106,,,,
79004,V8000_DEFLA,1,Despesas Correntes,11,Despesas de Consumo,1101,Alimentacao,11011,Alimentação no domicílio,1101109,Leites e derivados,11011096,Outros,79004,LEITE DE BUFALA,11106,,,,
79005,V8000_DEFLA,1,Despesas Correntes,11,Despesas de Consumo,1101,Alimentacao,11011,Alimentação no domicílio,1101109,Leites e derivados,11011096,Outros,79005,LEITE DE JUMENTA,11106,,,,
79006,V8000_DEFLA,1,Despesas Correntes,11,Despesas de Consumo,1101,Alimentacao,11011,Alimentação no domicílio,1101109,Leites e derivados,11011092,Leite em pó,79006,LEITE EM PO INTEGRAL e sinonimos,11105,,,,
79007,V8000_DEFLA,1,Despesas Correntes,11,Despesas de Consumo,1101,Alimentacao,11011,Alimentação no domicílio,1101109,Leites e derivados,11011092,Leite em pó,79007,LEITE EM PO DESENGORDURADO e sinonimos,11105,,,,
79008,V8000_DEFLA,1,Despesas Correntes,11,Despesas de Consumo,1101,Alimentacao,11011,Alimentação no domicílio,1101109,Leites e derivados,11011092,Leite em pó,79008,LEITE EM PO NAO-ESPECIFICADO,11105,,,,
79009,V8000_DEFLA,1,Despesas Correntes,11,Despesas de Consumo,1101,Alimentacao,11011,Alimentação no domicílio,1101109,Leites e derivados,11011096,Outros,79009,LEITE CONDENSADO e sinonimos,11102,,,,
79010,V8000_DEFLA,1,Despesas Correntes,11,Despesas de Consumo,1101,Alimentacao,11011,Alimentação no domicílio,1101109,Leites e derivados,11011096,Outros,79010,CREME DE LEITE,11101,,,,
79011,V8000_DEFLA,1,Despesas Correntes,11,Despesas de Consumo,1101,Alimentacao,11011,Alimentação no domicílio,1101109,Leites e derivados,11011096,Outros,79011,CHANTILLY e sinonimos,11101,,,,
79012,V8000_DEFLA,1,Despesas Correntes,11,Despesas de Consumo,1101,Alimentacao,11011,Alimentação no domicílio,1101109,Leites e derivados,11011096,Outros,79012,IOGURTE DE QUALQUER SABOR e sinonimos,11301,,,,
79013,V8000_DEFLA,1,Despesas Correntes,11,Despesas de Consumo,1101,Alimentacao,11011,Alimentação no domicílio,1101109,Leites e derivados,11011096,Outros,79013,YAKULT DE QUALQUER SABOR e sinonimos,11302,,,,
79014,V8000_DEFLA,1,Despesas Correntes,11,Despesas de Consumo,1101,Alimentacao,11011,Alimentação no domicílio,1101109,Leites e derivados,11011096,Outros,79014,COALHADA e sinonimos,11304,,,,
79015,V8000_DEFLA,1,Despesas Correntes,11,Despesas de Consumo,1101,Alimentacao,11011,Alimentação no domicílio,1101109,Leites e derivados,11011096,Outros,79015,MANTEIGA COM OU SEM SAL e sinonimos,11303,,,,
79016,V8000_DEFLA,1,Despesas Correntes,11,Despesas de Consumo,1101,Alimentacao,11011,Alimentação no domicílio,1101109,Leites e derivados,11011096,Outros,79016,MARGARINA VEGETAL COM OU SEM SAL e sinonimos,14201,,,,
79017,V8000_DEFLA,1,Despesas Correntes,11,Despesas de Consumo,1101,Alimentacao,11011,Alimentação no domicílio,1101109,Leites e derivados,11011093,Queijos,79017,QUEIJO PRATO e sinonimos,11203,,,,
79018,V8000_DEFLA,1,Despesas Correntes,11,Despesas de Consumo,1101,Alimentacao,11011,Alimentação no domicílio,1101109,Leites e derivados,11011093,Queijos,79018,MUCARELA e sinonimos,11202,,,,
79019,V8000_DEFLA,1,Despesas Correntes,11,Despesas de Consumo,1101,Alimentacao,11011,Alimentação no domicílio,1101109,Leites e derivados,11011093,Queijos,79019,QUEIJO DO REINO e sinonimos,11204,,,,
79020,V8000_DEFLA,1,Despesas Correntes,11,Despesas de Consumo,1101,Alimentacao,11011,Alimentação no domicílio,1101109,Leites e derivados,11011093,Queijos,79020,QUEIJO DE MINAS e sinonimos,11201,,,,
79021,V8000_DEFLA,1,Despesas Correntes,11,Despesas de Consumo,1101,Alimentacao,11011,Alimentação no domicílio,1101109,Leites e derivados,11011093,Queijos,79021,OUTROS QUEIJOS e sinonimos,11204,,,,
79022,V8000_DEFLA,1,Despesas Correntes,11,Despesas de Consumo,1101,Alimentacao,11011,Alimentação no domicílio,1101109,Leites e derivados,11011093,Queijos,79022,QUEIJO RICOTA,11204,,,,
79023,V8000_DEFLA,1,Despesas Correntes,11,Despesas de Consumo,1101,Alimentacao,11011,Alimentação no domicílio,1101109,Leites e derivados,11011096,Outros,79023,LEITE DE SOJA COM SABOR e sinonimos,15209,,,,
79024,V8000_DEFLA,1,Despesas Correntes,11,Despesas de Consumo,1101,Alimentacao,11011,Alimentação no domicílio,1101109,Leites e derivados,11011093,Queijos,79024,QUEIJO PARMEZON e sinonimos,11204,,,,
79025,V8000_DEFLA,1,Despesas Correntes,11,Despesas de Consumo,1101,Alimentacao,11011,Alimentação no domicílio,1101109,Leites e derivados,11011093,Queijos,79025,QUEIJO PROVOLONE,11204,,,,
79026,V8000_DEFLA,1,Despesas Correntes,11,Despesas de Consumo,1101,Alimentacao,11011,Alimentação no domicílio,1101109,Leites e derivados,11011093,Queijos,79026,QUEIJO CAMEMBERT e sinonimos,11204,,,,
79027,V8000_DEFLA,1,Despesas Correntes,11,Despesas de Consumo,1101,Alimentacao,11011,Alimentação no domicílio,1101109,Leites e derivados,11011093,Queijos,79027,QUEIJO DE MARAJO,11204,,,,
79028,V8000_DEFLA,1,Despesas Correntes,11,Despesas de Consumo,1101,Alimentacao,11011,Alimentação no domicílio,1101109,Leites e derivados,11011093,Queijos,79028,QUEIJO POLENGUINHO e sinonimos,11204,,,,
79029,V8000_DEFLA,1,Despesas Correntes,11,Despesas de Consumo,1101,Alimentacao,11011,Alimentação no domicílio,1101109,Leites e derivados,11011093,Queijos,79029,REQUEIJAO e sinonimos,11205,,,,
79030,V8000_DEFLA,1,Despesas Correntes,11,Despesas de Consumo,1101,Alimentacao,11011,Alimentação no domicílio,1101109,Leites e derivados,11011093,Queijos,79030,QUEIJO NAO-ESPECIFICADO,11204,,,,
79031,V8000_DEFLA,1,Despesas Correntes,11,Despesas de Consumo,1101,Alimentacao,11011,Alimentação no domicílio,1101109,Leites e derivados,11011091,Leite de vaca,79031,LEITE COM SABOR e sinonimos,11106,,,,
79032,V8000_DEFLA,1,Despesas Correntes,11,Despesas de Consumo,1101,Alimentacao,11011,Alimentação no domicílio,1101109,Leites e derivados,11011096,Outros,79032,NATA DOCE OU SALGADA e sinonimos,11304,,,,
79033,V8000_DEFLA,1,Despesas Correntes,11,Despesas de Consumo,1101,Alimentacao,11011,Alimentação no domicílio,1101109,Leites e derivados,11011093,Queijos,79033,QUEIJO GORGONZOLA,11204,,,,
79034,V8000_DEFLA,1,Despesas Correntes,11,Despesas de Consumo,1101,Alimentacao,11011,Alimentação no domicílio,1101109,Leites e derivados,11011093,Queijos,79034,QUEIJO DE SOJA e sinonimos,16103,,,,
79035,V8000_DEFLA,1,Despesas Correntes,11,Despesas de Consumo,1101,Alimentacao,11011,Alimentação no domicílio,1101109,Leites e derivados,11011096,Outros,79035,LEITE DE SOJA EM PO e sinonimos,16103,,,,
79036,V8000_DEFLA,1,Despesas Correntes,11,Despesas de Consumo,1101,Alimentacao,11011,Alimentação no domicílio,1101109,Leites e derivados,11011091,Leite de vaca,79036,LEITE DE VACA DESNATADO e sinonimos,11104,,,,
79037,V8000_DEFLA,1,Despesas Correntes,11,Despesas de Consumo,1101,Alimentacao,11011,Alimentação no domicílio,1101109,Leites e derivados,11011091,Leite de vaca,79037,LEITE SEMIDESNATADO DE VACA e sinonimos,11104,,,,
79038,V8000_DEFLA,1,Despesas Correntes,11,Despesas de Consumo,1101,Alimentacao,11011,Alimentação no domicílio,1101109,Leites e derivados,11011091,Leite de vaca,79038,LEITE NAO-ESPECIFICADO PASTEURIZADO e sinonimos,11104,,,,
79039,V8000_DEFLA,1,Despesas Correntes,11,Despesas de Consumo,1101,Alimentacao,11011,Alimentação no domicílio,1101109,Leites e derivados,11011094,Light e Diet,79039,IOGURTE LIGHT e sinonimos,11301,,,,
79040,V8000_DEFLA,1,Despesas Correntes,11,Despesas de Consumo,1101,Alimentacao,11011,Alimentação no domicílio,1101109,Leites e derivados,11011094,Light e Diet,79040,IOGURTE DIET e sinonimos,11301,,,,
79041,V8000_DEFLA,1,Despesas Correntes,11,Despesas de Consumo,1101,Alimentacao,11011,Alimentação no domicílio,1101109,Leites e derivados,11011094,Light e Diet,79041,MARGARINA VEGETAL COM OU SEM SAL DIET e sinonimos,14201,,,,
79042,V8000_DEFLA,1,Despesas Correntes,11,Despesas de Consumo,1101,Alimentacao,11011,Alimentação no domicílio,1101109,Leites e derivados,11011094,Light e Diet,79042,MARGARINA VEGETAL COM OU SEM SAL LIGHT e sinonimos,14201,,,,
79043,V8000_DEFLA,1,Despesas Correntes,11,Despesas de Consumo,1101,Alimentacao,11011,Alimentação no domicílio,1101109,Leites e derivados,11011095,Orgânicos,79043,LEITE DE VACA INTEGRAL ORGANICO e sinonimos,11103,,,,
79044,V8000_DEFLA,1,Despesas Correntes,11,Despesas de Consumo,1101,Alimentacao,11011,Alimentação no domicílio,1101109,Leites e derivados,11011095,Orgânicos,79044,LEITE DE VACA FRESCO ORGANICO e sinonimos,11103,,,,
79045,V8000_DEFLA,1,Despesas Correntes,11,Despesas de Consumo,1101,Alimentacao,11011,Alimentação no domicílio,1101109,Leites e derivados,11011095,Orgânicos,79045,LEITE DE VACA DESNATADO ORGANICO e sinonimos,11104,,,,
79046,V8000_DEFLA,1,Despesas Correntes,11,Despesas de Consumo,1101,Alimentacao,11011,Alimentação no domicílio,1101109,Leites e derivados,11011095,Orgânicos,79046,LEITE SEMIDESNATADO DE VACA ORGANICO e sinonimos,11104,,,,
79047,V8000_DEFLA,1,Despesas Correntes,11,Despesas de Consumo,1101,Alimentacao,11011,Alimentação no domicílio,1101109,Leites e derivados,11011095,Orgânicos,79047,CREME DE LEITE ORGANICO,11101,,,,
79048,V8000_DEFLA,1,Despesas Correntes,11,Despesas de Consumo,1101,Alimentacao,11011,Alimentação no domicílio,1101109,Leites e derivados,11011095,Orgânicos,79048,IOGURTE ORGANICO e sinonimos,11301,,,,
79049,V8000_DEFLA,1,Despesas Correntes,11,Despesas de Consumo,1101,Alimentacao,11011,Alimentação no domicílio,1101109,Leites e derivados,11011095,Orgânicos,79049,IOGURTE ORGANICO LIGHT,11301,,,,
79050,V8000_DEFLA,1,Despesas Correntes,11,Despesas de Consumo,1101,Alimentacao,11011,Alimentação no domicílio,1101109,Leites e derivados,11011095,Orgânicos,79050,IOGURTE ORGANICO DIET e sinonimos,11301,,,,
79051,V8000_DEFLA,1,Despesas Correntes,11,Despesas de Consumo,1101,Alimentacao,11011,Alimentação no domicílio,1101109,Leites e derivados,11011094,Light e Diet,79051,QUEIJO MUZARELLA LIGHT e sinonimos,11202,,,,
79052,V8000_DEFLA,1,Despesas Correntes,11,Despesas de Consumo,1101,Alimentacao,11011,Alimentação no domicílio,1101109,Leites e derivados,11011094,Light e Diet,79052,LEITE DE SOJA COM SABOR LIGHT e sinonimos,16103,,,,
79053,V8000_DEFLA,1,Despesas Correntes,11,Despesas de Consumo,1101,Alimentacao,11011,Alimentação no domicílio,1101109,Leites e derivados,11011094,Light e Diet,79053,LEITE DE CABRA LIGHT,11106,,,,
79054,V8000_DEFLA,1,Despesas Correntes,11,Despesas de Consumo,1101,Alimentacao,11011,Alimentação no domicílio,1101109,Leites e derivados,11011094,Light e Diet,79054,LEITE CONDENSADO LIGHT e sinonimos,11102,,,,
79055,V8000_DEFLA,1,Despesas Correntes,11,Despesas de Consumo,1101,Alimentacao,11011,Alimentação no domicílio,1101109,Leites e derivados,11011094,Light e Diet,79055,LEITE CONDENSADO DIET e sinonimos,11102,,,,
79056,V8000_DEFLA,1,Despesas Correntes,11,Despesas de Consumo,1101,Alimentacao,11011,Alimentação no domicílio,1101109,Leites e derivados,11011094,Light e Diet,79056,CREME DE LEITE LIGHT,11101,,,,
79057,V8000_DEFLA,1,Despesas Correntes,11,Despesas de Consumo,1101,Alimentacao,11011,Alimentação no domicílio,1101109,Leites e derivados,11011094,Light e Diet,79057,CHANTILLY LIGHT e sinonimos,11101,,,,
79058,V8000_DEFLA,1,Despesas Correntes,11,Despesas de Consumo,1101,Alimentacao,11011,Alimentação no domicílio,1101109,Leites e derivados,11011094,Light e Diet,79058,CHANTILLY DIET e sinonimos,11101,,,,
79059,V8000_DEFLA,1,Despesas Correntes,11,Despesas de Consumo,1101,Alimentacao,11011,Alimentação no domicílio,1101109,Leites e derivados,11011094,Light e Diet,79059,QUEIJO PRATO LIGHT e sinonimos,11203,,,,
79060,V8000_DEFLA,1,Despesas Correntes,11,Despesas de Consumo,1101,Alimentacao,11011,Alimentação no domicílio,1101109,Leites e derivados,11011094,Light e Diet,79060,QUEIJO DE MINAS LIGHT e sinonimos,11201,,,,
79061,V8000_DEFLA,1,Despesas Correntes,11,Despesas de Consumo,1101,Alimentacao,11011,Alimentação no domicílio,1101109,Leites e derivados,11011094,Light e Diet,79061,OUTROS QUEIJOS LIGHT e sinonimos,11204,,,,
79062,V8000_DEFLA,1,Despesas Correntes,11,Despesas de Consumo,1101,Alimentacao,11011,Alimentação no domicílio,1101109,Leites e derivados,11011094,Light e Diet,79062,QUEIJO RICOTA LIGHT,11204,,,,
79063,V8000_DEFLA,1,Despesas Correntes,11,Despesas de Consumo,1101,Alimentacao,11011,Alimentação no domicílio,1101109,Leites e derivados,11011094,Light e Diet,79063,QUEIJO PARMEZON LIGHT e sinonimos,11204,,,,
79064,V8000_DEFLA,1,Despesas Correntes,11,Despesas de Consumo,1101,Alimentacao,11011,Alimentação no domicílio,1101109,Leites e derivados,11011094,Light e Diet,79064,QUEIJO POLENGUINHO LIGHT e sinonimos,11204,,,,
79065,V8000_DEFLA,1,Despesas Correntes,11,Despesas de Consumo,1101,Alimentacao,11011,Alimentação no domicílio,1101109,Leites e derivados,11011094,Light e Diet,79065,REQUEIJAO LIGHT e sinonimos,11205,,,,
79066,V8000_DEFLA,1,Despesas Correntes,11,Despesas de Consumo,1101,Alimentacao,11011,Alimentação no domicílio,1101109,Leites e derivados,11011094,Light e Diet,79066,QUEIJO NAO-ESPECIFICADO LIGHT,11204,,,,
79067,V8000_DEFLA,1,Despesas Correntes,11,Despesas de Consumo,1101,Alimentacao,11011,Alimentação no domicílio,1101109,Leites e derivados,11011094,Light e Diet,79067,LEITE COM SABOR LIGHT e sinonimos,11106,,,,
79068,V8000_DEFLA,1,Despesas Correntes,11,Despesas de Consumo,1101,Alimentacao,11011,Alimentação no domicílio,1101109,Leites e derivados,11011094,Light e Diet,79068,LEITE COM SABOR DIET e sinonimos,11106,,,,
79069,V8000_DEFLA,1,Despesas Correntes,11,Despesas de Consumo,1101,Alimentacao,11011,Alimentação no domicílio,1101109,Leites e derivados,11011094,Light e Diet,79069,LEITE DE SOJA EM PO LIGHT,15209,,,,
79070,V8000_DEFLA,1,Despesas Correntes,11,Despesas de Consumo,1101,Alimentacao,11011,Alimentação no domicílio,1101109,Leites e derivados,11011092,Leite em pó,79070,LEITE EM PO COM SABOR,11105,,,,
79071,V8000_DEFLA,1,Despesas Correntes,11,Despesas de Consumo,1101,Alimentacao,11011,Alimentação no domicílio,1101109,Leites e derivados,11011094,Light e Diet,79071,MANTEIGA COM OU SEM SAL LIGHT e sinonimos,11303,,,,
79072,V8000_DEFLA,1,Despesas Correntes,11,Despesas de Consumo,1101,Alimentacao,11011,Alimentação no domicílio,1101109,Leites e derivados,11011094,Light e Diet,79072,COALHADA LIGHT,11304,,,,
79073,V8000_DEFLA,1,Despesas Correntes,11,Despesas de Consumo,1101,Alimentacao,11011,Alimentação no domicílio,1101109,Leites e derivados,11011095,Orgânicos,79073,QUEIJO DE MINAS FRESCAL ORGANICO e sinonimos,11201,,,,
79074,V8000_DEFLA,1,Despesas Correntes,11,Despesas de Consumo,1101,Alimentacao,11011,Alimentação no domicílio,1101109,Leites e derivados,11011095,Orgânicos,79074,LEITE DE CABRA ORGANICO,11106,,,,
79075,V8000_DEFLA,1,Despesas Correntes,11,Despesas de Consumo,1101,Alimentacao,11011,Alimentação no domicílio,1101109,Leites e derivados,11011096,Outros,79075,CREME DE LEITE DE SOJA e sinonimos,16103,,,,
79076,V8000_DEFLA,1,Despesas Correntes,11,Despesas de Consumo,1101,Alimentacao,11011,Alimentação no domicílio,1101109,Leites e derivados,11011094,Light e Diet,79076,LEITE FERMENTADO DIET,11302,,,,
79077,V8000_DEFLA,1,Despesas Correntes,11,Despesas de Consumo,1101,Alimentacao,11011,Alimentação no domicílio,1101109,Leites e derivados,11011094,Light e Diet,79077,LEITE EM PO LIGHT,11105,,,,
79078,V8000_DEFLA,1,Despesas Correntes,11,Despesas de Consumo,1101,Alimentacao,11011,Alimentação no domicílio,1101109,Leites e derivados,11011093,Queijos,79078,QUEIJO CHEDAR e sinonimos,11204,,,,
79079,V8000_DEFLA,1,Despesas Correntes,11,Despesas de Consumo,1101,Alimentacao,11011,Alimentação no domicílio,1101109,Leites e derivados,11011093,Queijos,79079,FONDUE DE QUEIJO,11204,,,,
79080,V8000_DEFLA,1,Despesas Correntes,11,Despesas de Consumo,1101,Alimentacao,11011,Alimentação no domicílio,1101109,Leites e derivados,11011094,Light e Diet,79080,LEITE DE SOJA EM PO DIET,16103,,,,
79081,V8000_DEFLA,1,Despesas Correntes,11,Despesas de Consumo,1101,Alimentacao,11011,Alimentação no domicílio,1101109,Leites e derivados,11011093,Queijos,79081,QUEIJO BRIE,11204,,,,
79082,V8000_DEFLA,1,Despesas Correntes,11,Despesas de Consumo,1101,Alimentacao,11011,Alimentação no domicílio,1101109,Leites e derivados,11011093,Queijos,79082,QUEIJO COTTAGE,11204,,,,
79083,V8000_DEFLA,1,Despesas Correntes,11,Despesas de Consumo,1101,Alimentacao,11011,Alimentação no domicílio,1101109,Leites e derivados,11011093,Queijos,79083,QUEIJO CHANCLICHE,11204,,,,
79084,V8000_DEFLA,1,Despesas Correntes,11,Despesas de Consumo,1101,Alimentacao,11011,Alimentação no domicílio,1101109,Leites e derivados,11011093,Queijos,79084,QUEIJO GOUDA,11204,,,,
79085,V8000_DEFLA,1,Despesas Correntes,11,Despesas de Consumo,1101,Alimentacao,11011,Alimentação no domicílio,1101109,Leites e derivados,11011096,Outros,79085,CREAM CHEESE,11204,,,,
79086,V8000_DEFLA,1,Despesas Correntes,11,Despesas de Consumo,1101,Alimentacao,11011,Alimentação no domicílio,1101109,Leites e derivados,11011094,Light e Diet,79086,BEBIDA LACTEA LIGHT e sinonimos,11302,,,,
79087,V8000_DEFLA,1,Despesas Correntes,11,Despesas de Consumo,1101,Alimentacao,11011,Alimentação no domicílio,1101109,Leites e derivados,11011094,Light e Diet,79087,NATA DOCE OU SALGADA LIGHT,11304,,,,
79088,V8000_DEFLA,1,Despesas Correntes,11,Despesas de Consumo,1101,Alimentacao,11011,Alimentação no domicílio,1101109,Leites e derivados,11011096,Outros,79088,LEITE NAO ESPECIFICADO,11106,,,,
79089,V8000_DEFLA,1,Despesas Correntes,11,Despesas de Consumo,1101,Alimentacao,11011,Alimentação no domicílio,1101109,Leites e derivados,11011094,Light e Diet,79089,LEITE SEM LACTOSE e sinonimos,11104,,,,
79090,V8000_DEFLA,1,Despesas Correntes,11,Despesas de Consumo,1101,Alimentacao,11011,Alimentação no domicílio,1101109,Leites e derivados,11011093,Queijos,79090,CREME DE RICOTA,11304,,,,
79091,V8000_DEFLA,1,Despesas Correntes,11,Despesas de Consumo,1101,Alimentacao,11011,Alimentação no domicílio,1101109,Leites e derivados,11011094,Light e Diet,79091,CREME DE RICOTA LIGHT,11304,,,,
79092,V8000_DEFLA,1,Despesas Correntes,11,Despesas de Consumo,1101,Alimentacao,11011,Alimentação no domicílio,1101109,Leites e derivados,11011094,Light e Diet,79092,IOGURTE SEM LACTOSE e sinonimos,11301,,,,
79093,V8000_DEFLA,1,Despesas Correntes,11,Despesas de Consumo,1101,Alimentacao,11011,Alimentação no domicílio,1101109,Leites e derivados,11011094,Light e Diet,79093,REQUEIJAO SEM LACTOSE,11205,,,,
79094,V8000_DEFLA,1,Despesas Correntes,11,Despesas de Consumo,1101,Alimentacao,11011,Alimentação no domicílio,1101109,Leites e derivados,11011094,Light e Diet,79094,QUEIJO MINAS SEM LACTOSE,11201,,,,
79095,V8000_DEFLA,1,Despesas Correntes,11,Despesas de Consumo,1101,Alimentacao,11011,Alimentação no domicílio,1101109,Leites e derivados,11011094,Light e Diet,79095,QUEIJO MUCARELA SEM LACTOSE,11202,,,,
79096,V8000_DEFLA,1,Despesas Correntes,11,Despesas de Consumo,1101,Alimentacao,11011,Alimentação no domicílio,1101109,Leites e derivados,11011094,Light e Diet,79096,QUEIJO PRATO SEM LACTOSE,11203,,,,
79097,V8000_DEFLA,1,Despesas Correntes,11,Despesas de Consumo,1101,Alimentacao,11011,Alimentação no domicílio,1101109,Leites e derivados,11011094,Light e Diet,79097,NATA SEM LACTOSE,11304,,,,
79098,V8000_DEFLA,1,Despesas Correntes,11,Despesas de Consumo,1101,Alimentacao,11011,Alimentação no domicílio,1101109,Leites e derivados,11011093,Queijos,79098,QUEIJO TIPO GRANA,11204,,,,
79099,V8000_DEFLA,1,Despesas Correntes,11,Despesas de Consumo,1101,Alimentacao,11011,Alimentação no domicílio,1101109,Leites e derivados,11011093,Queijos,79099,QUEIJO GRUYERE,11204,,,,
79100,V8000_DEFLA,1,Despesas Correntes,11,Despesas de Consumo,1101,Alimentacao,11011,Alimentação no domicílio,1101109,Leites e derivados,11011093,Queijos,79100,QUEIJO EMMENTAL,11204,,,,
79101,V8000_DEFLA,1,Despesas Correntes,11,Despesas de Consumo,1101,Alimentacao,11011,Alimentação no domicílio,1101109,Leites e derivados,11011093,Queijos,79101,QUEIJO DE CABRA,11204,,,,
79102,V8000_DEFLA,1,Despesas Correntes,11,Despesas de Consumo,1101,Alimentacao,11011,Alimentação no domicílio,1101109,Leites e derivados,11011093,Queijos,79102,QUEIJO DE OVELHA,11204,,,,
79103,V8000_DEFLA,1,Despesas Correntes,11,Despesas de Consumo,1101,Alimentacao,11011,Alimentação no domicílio,1101109,Leites e derivados,11011094,Light e Diet,79103,CREME DE LEITE SEM LACTOSE,11101,,,,
79104,V8000_DEFLA,1,Despesas Correntes,11,Despesas de Consumo,1101,Alimentacao,11011,Alimentação no domicílio,1101109,Leites e derivados,11011094,Light e Diet,79104,BEBIDA LACTEA SEM LACTOSE,11304,,,,
79105,V8000_DEFLA,1,Despesas Correntes,11,Despesas de Consumo,1101,Alimentacao,11011,Alimentação no domicílio,1101109,Leites e derivados,11011094,Light e Diet,79105,LEITE CONDENSADO SEM LACTOSE e sinonimos,11102,,,,
79106,V8000_DEFLA,1,Despesas Correntes,11,Despesas de Consumo,1101,Alimentacao,11011,Alimentação no domicílio,1101109,Leites e derivados,11011093,Queijos,79106,QUEIJO CABACINHA,11204,,,,
79107,V8000_DEFLA,1,Despesas Correntes,11,Despesas de Consumo,1101,Alimentacao,11011,Alimentação no domicílio,1101109,Leites e derivados,11011094,Light e Diet,79107,IOGURTE SEM LACTOSE DIET,11301,,,,
79108,V8000_DEFLA,1,Despesas Correntes,11,Despesas de Consumo,1101,Alimentacao,11011,Alimentação no domicílio,1101109,Leites e derivados,11011094,Light e Diet,79108,QUEIJO SEM LACTOSE,11204,,,,
79109,V8000_DEFLA,1,Despesas Correntes,11,Despesas de Consumo,1101,Alimentacao,11011,Alimentação no domicílio,1101109,Leites e derivados,11011093,Queijos,79109,QUEIJO SERRANO,11204,,,,
79110,V8000_DEFLA,1,Despesas Correntes,11,Despesas de Consumo,1101,Alimentacao,11011,Alimentação no domicílio,1101109,Leites e derivados,11011093,Queijos,79110,QUEIJO MONTANHES,11204,,,,
79111,V8000_DEFLA,1,Despesas Correntes,11,Despesas de Consumo,1101,Alimentacao,11011,Alimentação no domicílio,1101109,Leites e derivados,11011094,Light e Diet,79111,QUEIJO COTTAGE SEM LACTOSE,11204,,,,
79112,V8000_DEFLA,1,Despesas Correntes,11,Despesas de Consumo,1101,Alimentacao,11011,Alimentação no domicílio,1101109,Leites e derivados,11011093,Queijos,79112,QUEIJO TIPO FONTINA,11204,,,,
79113,V8000_DEFLA,1,Despesas Correntes,11,Despesas de Consumo,1101,Alimentacao,11011,Alimentação no domicílio,1101109,Leites e derivados,11011093,Queijos,79113,RETALHO DE QUEIJO,11204,,,,
79114,V8000_DEFLA,1,Despesas Correntes,11,Despesas de Consumo,1101,Alimentacao,11011,Alimentação no domicílio,1101109,Leites e derivados,11011094,Light e Diet,79114,LEITE SEM GLUTEN,11106,,,,
79115,V8000_DEFLA,1,Despesas Correntes,11,Despesas de Consumo,1101,Alimentacao,11011,Alimentação no domicílio,1101109,Leites e derivados,11011094,Light e Diet,79115,COALHADA SEM LACTOSE,11304,,,,
79116,V8000_DEFLA,1,Despesas Correntes,11,Despesas de Consumo,1101,Alimentacao,11011,Alimentação no domicílio,1101109,Leites e derivados,11011094,Light e Diet,79116,LEITE EM PO SEM LACTOSE,11105,,,,
79117,V8000_DEFLA,1,Despesas Correntes,11,Despesas de Consumo,1101,Alimentacao,11011,Alimentação no domicílio,1101109,Leites e derivados,11011092,Leite em pó,79117,LEITE EM PO SEMIDESNATADO,11105,,,,
79118,V8000_DEFLA,1,Despesas Correntes,11,Despesas de Consumo,1101,Alimentacao,11011,Alimentação no domicílio,1101109,Leites e derivados,11011094,Light e Diet,79118,LEITE EM PO INTEGRAL LIGHT,11105,,,,
79119,V8000_DEFLA,1,Despesas Correntes,11,Despesas de Consumo,1101,Alimentacao,11011,Alimentação no domicílio,1101109,Leites e derivados,11011096,Outros,79119,LEITE DE AVEIA,11105,,,,
79120,V8000_DEFLA,1,Despesas Correntes,11,Despesas de Consumo,1101,Alimentacao,11011,Alimentação no domicílio,1101109,Leites e derivados,11011096,Outros,79120,LEITE VEGETAL,11105,,,,
79121,V8000_DEFLA,1,Despesas Correntes,11,Despesas de Consumo,1101,Alimentacao,11011,Alimentação no domicílio,1101109,Leites e derivados,11011096,Outros,79121,LEITE DE AMENDOAS,11105,,,,
79122,V8000_DEFLA,1,Despesas Correntes,11,Despesas de Consumo,1101,Alimentacao,11011,Alimentação no domicílio,1101109,Leites e derivados,11011092,Leite em pó,79122,LEITE EM PO DE ARROZ,11105,,,,
79123,V8000_DEFLA,1,Despesas Correntes,11,Despesas de Consumo,1101,Alimentacao,11011,Alimentação no domicílio,1101109,Leites e derivados,11011096,Outros,79123,MANTEIGA ORGANICA,11303,,,,
79124,V8000_DEFLA,1,Despesas Correntes,11,Despesas de Consumo,1101,Alimentacao,11011,Alimentação no domicílio,1101109,Leites e derivados,11011093,Queijos,79124,QUEIJO DE IOGURTE,11204,,,,
79125,V8000_DEFLA,1,Despesas Correntes,11,Despesas de Consumo,1101,Alimentacao,11011,Alimentação no domicílio,1101109,Leites e derivados,11011096,Outros,79125,RECHEIO PARA PIZZA,11304,,,,
80001,V8000_DEFLA,1,Despesas Correntes,11,Despesas de Consumo,1101,Alimentacao,11011,Alimentação no domicílio,1101110,Panificados,11011101,Pão francês,80001,PAO FRANCES e sinonimos,06103,,,,
80002,V8000_DEFLA,1,Despesas Correntes,11,Despesas de Consumo,1101,Alimentacao,11011,Alimentação no domicílio,1101110,Panificados,11011104,Outros panificados,80002,PAO DOCE e sinonimos,06102,,,,
80003,V8000_DEFLA,1,Despesas Correntes,11,Despesas de Consumo,1101,Alimentacao,11011,Alimentação no domicílio,1101110,Panificados,11011104,Outros panificados,80003,PAO DE FORMA DE PADARIA (ADOCICADO) e sinonimos,06104,,,,
80004,V8000_DEFLA,1,Despesas Correntes,11,Despesas de Consumo,1101,Alimentacao,11011,Alimentação no domicílio,1101110,Panificados,11011104,Outros panificados,80004,PAO DE FORMA DE PADARIA (SALGADO) e sinonimos,06104,,,,
80005,V8000_DEFLA,1,Despesas Correntes,11,Despesas de Consumo,1101,Alimentacao,11011,Alimentação no domicílio,1101110,Panificados,11011104,Outros panificados,80005,PAO DE FORMA INDUSTRIALIZADO DE QUALQUER MARCA e sinonimos,06101,,,,
80006,V8000_DEFLA,1,Despesas Correntes,11,Despesas de Consumo,1101,Alimentacao,11011,Alimentação no domicílio,1101110,Panificados,11011104,Outros panificados,80006,PAO DE ARROZ,06104,,,,
80007,V8000_DEFLA,1,Despesas Correntes,11,Despesas de Consumo,1101,Alimentacao,11011,Alimentação no domicílio,1101110,Panificados,11011104,Outros panificados,80007,PAO DE GLUTEN,06104,,,,
80008,V8000_DEFLA,1,Despesas Correntes,11,Despesas de Consumo,1101,Alimentacao,11011,Alimentação no domicílio,1101110,Panificados,11011104,Outros panificados,80008,PAO DE QUEIJO,06104,,,,
80009,V8000_DEFLA,1,Despesas Correntes,11,Despesas de Consumo,1101,Alimentacao,11011,Alimentação no domicílio,1101110,Panificados,11011104,Outros panificados,80009,PAO DE CACHORRO QUENTE,06104,,,,
80010,V8000_DEFLA,1,Despesas Correntes,11,Despesas de Consumo,1101,Alimentacao,11011,Alimentação no domicílio,1101110,Panificados,11011104,Outros panificados,80010,PAO DE BATATA e sinonimos,06104,,,,
80011,V8000_DEFLA,1,Despesas Correntes,11,Despesas de Consumo,1101,Alimentacao,11011,Alimentação no domicílio,1101110,Panificados,11011104,Outros panificados,80011,PAO DE MILHO e sinonimos,06104,,,,
80012,V8000_DEFLA,1,Despesas Correntes,11,Despesas de Consumo,1101,Alimentacao,11011,Alimentação no domicílio,1101110,Panificados,11011104,Outros panificados,80012,PAO DE AIPIM e sinonimos,06104,,,,
80013,V8000_DEFLA,1,Despesas Correntes,11,Despesas de Consumo,1101,Alimentacao,11011,Alimentação no domicílio,1101110,Panificados,11011104,Outros panificados,80013,PAO DE CENTEIO e sinonimos,06104,,,,
80014,V8000_DEFLA,1,Despesas Correntes,11,Despesas de Consumo,1101,Alimentacao,11011,Alimentação no domicílio,1101110,Panificados,11011104,Outros panificados,80014,PAO INTEGRAL e sinonimos,06104,,,,
80015,V8000_DEFLA,1,Despesas Correntes,11,Despesas de Consumo,1101,Alimentacao,11011,Alimentação no domicílio,1101110,Panificados,11011104,Outros panificados,80015,PAO NAO-ESPECIFICADO,06104,,,,
80016,V8000_DEFLA,1,Despesas Correntes,11,Despesas de Consumo,1101,Alimentacao,11011,Alimentação no domicílio,1101110,Panificados,11011104,Outros panificados,80016,PAO CASEIRO,06104,,,,
80017,V8000_DEFLA,1,Despesas Correntes,11,Despesas de Consumo,1101,Alimentacao,11011,Alimentação no domicílio,1101110,Panificados,11011104,Outros panificados,80017,PAO DE AVEIA,06104,,,,
80018,V8000_DEFLA,1,Despesas Correntes,11,Despesas de Consumo,1101,Alimentacao,11011,Alimentação no domicílio,1101110,Panificados,11011104,Outros panificados,80018,PAO DE RABANADA e sinonimos,06104,,,,
80019,V8000_DEFLA,1,Despesas Correntes,11,Despesas de Consumo,1101,Alimentacao,11011,Alimentação no domicílio,1101110,Panificados,11011104,Outros panificados,80019,TORRADA DE QUALQUER PAO e sinonimos,06104,,,,
80020,V8000_DEFLA,1,Despesas Correntes,11,Despesas de Consumo,1101,Alimentacao,11011,Alimentação no domicílio,1101110,Panificados,11011104,Outros panificados,80020,ROSCA DOCE e sinonimos,06303,,,,
80021,V8000_DEFLA,1,Despesas Correntes,11,Despesas de Consumo,1101,Alimentacao,11011,Alimentação no domicílio,1101110,Panificados,11011104,Outros panificados,80021,ROSCA SALGADA e sinonimos,06303,,,,
80022,V8000_DEFLA,1,Despesas Correntes,11,Despesas de Consumo,1101,Alimentacao,11011,Alimentação no domicílio,1101110,Panificados,11011102,Biscoito,80022,BISCOITO SALGADO e sinonimos,06302,,,,
80023,V8000_DEFLA,1,Despesas Correntes,11,Despesas de Consumo,1101,Alimentacao,11011,Alimentação no domicílio,1101110,Panificados,11011102,Biscoito,80023,BISCOITO DOCE e sinonimos,06301,,,,
80024,V8000_DEFLA,1,Despesas Correntes,11,Despesas de Consumo,1101,Alimentacao,11011,Alimentação no domicílio,1101110,Panificados,11011102,Biscoito,80024,BISCOITO DE POLVILHO DOCE e sinonimos,06301,,,,
80025,V8000_DEFLA,1,Despesas Correntes,11,Despesas de Consumo,1101,Alimentacao,11011,Alimentação no domicílio,1101110,Panificados,11011104,Outros panificados,80025,BOLO DE QUALQUER MARCA E SABOR e sinonimos,06201,,,,
80026,V8000_DEFLA,1,Despesas Correntes,11,Despesas de Consumo,1101,Alimentacao,11011,Alimentação no domicílio,1101110,Panificados,11011104,Outros panificados,80026,BOLO DE MILHO e sinonimos,06201,,,,
80027,V8000_DEFLA,1,Despesas Correntes,11,Despesas de Consumo,1101,Alimentacao,11011,Alimentação no domicílio,1101110,Panificados,11011104,Outros panificados,80027,BOLO DE AIPIM e sinonimos,06201,,,,
80028,V8000_DEFLA,1,Despesas Correntes,11,Despesas de Consumo,1101,Alimentacao,11011,Alimentação no domicílio,1101110,Panificados,11011104,Outros panificados,80028,BOLO DE BATATA DOCE,06201,,,,
80029,V8000_DEFLA,1,Despesas Correntes,11,Despesas de Consumo,1101,Alimentacao,11011,Alimentação no domicílio,1101110,Panificados,11011104,Outros panificados,80029,BOLO DE ARROZ,06201,,,,
80030,V8000_DEFLA,1,Despesas Correntes,11,Despesas de Consumo,1101,Alimentacao,11011,Alimentação no domicílio,1101110,Panificados,11011104,Outros panificados,80030,BOLO DE CENTEIO e sinonimos,06201,,,,
80031,V8000_DEFLA,1,Despesas Correntes,11,Despesas de Consumo,1101,Alimentacao,11011,Alimentação no domicílio,1101110,Panificados,11011104,Outros panificados,80031,BOLO DE CARA e sinonimos,06201,,,,
80032,V8000_DEFLA,1,Despesas Correntes,11,Despesas de Consumo,1101,Alimentacao,11011,Alimentação no domicílio,1101110,Panificados,11011104,Outros panificados,80032,BOLO DE INHAME e sinonimos,06201,,,,
80033,V8000_DEFLA,1,Despesas Correntes,11,Despesas de Consumo,1101,Alimentacao,11011,Alimentação no domicílio,1101110,Panificados,11011104,Outros panificados,80033,MISTURAS INDUSTRIAIS DE PAES e sinonimos,16106,,,,
80034,V8000_DEFLA,1,Despesas Correntes,11,Despesas de Consumo,1101,Alimentacao,11011,Alimentação no domicílio,1101110,Panificados,11011104,Outros panificados,80034,"MISTURAS INDUSTRIAIS DE BOLOS, TORTAS, BISCOITOS, ETC. e sinonimos",16106,,,,
80035,V8000_DEFLA,1,Despesas Correntes,11,Despesas de Consumo,1101,Alimentacao,11011,Alimentação no domicílio,1101110,Panificados,11011104,Outros panificados,80035,TORTAS DOCES DE QUALQUER SABOR e sinonimos,06201,,,,
80036,V8000_DEFLA,1,Despesas Correntes,11,Despesas de Consumo,1101,Alimentacao,11011,Alimentação no domicílio,1101110,Panificados,11011104,Outros panificados,80036,TORTAS SALGADAS DE QUALQUER SABOR,06201,,,,
80037,V8000_DEFLA,1,Despesas Correntes,11,Despesas de Consumo,1101,Alimentacao,11011,Alimentação no domicílio,1101110,Panificados,11011104,Outros panificados,80037,SONHO e sinonimos,06201,,,,
80038,V8000_DEFLA,1,Despesas Correntes,11,Despesas de Consumo,1101,Alimentacao,11011,Alimentação no domicílio,1101110,Panificados,11011104,Outros panificados,80038,BOLO DE CHOCOLATE,06201,,,,
80039,V8000_DEFLA,1,Despesas Correntes,11,Despesas de Consumo,1101,Alimentacao,11011,Alimentação no domicílio,1101110,Panificados,11011104,Outros panificados,80039,PAO BRIOCHE e sinonimos,06104,,,,
80040,V8000_DEFLA,1,Despesas Correntes,11,Despesas de Consumo,1101,Alimentacao,11011,Alimentação no domicílio,1101110,Panificados,11011104,Outros panificados,80040,BOLO DE LARANJA,06201,,,,
80041,V8000_DEFLA,1,Despesas Correntes,11,Despesas de Consumo,1101,Alimentacao,11011,Alimentação no domicílio,1101110,Panificados,11011104,Outros panificados,80041,BOLO DE COCO,06201,,,,
80042,V8000_DEFLA,1,Despesas Correntes,11,Despesas de Consumo,1101,Alimentacao,11011,Alimentação no domicílio,1101110,Panificados,11011104,Outros panificados,80042,BOLO DE CENOURA,06201,,,,
80043,V8000_DEFLA,1,Despesas Correntes,11,Despesas de Consumo,1101,Alimentacao,11011,Alimentação no domicílio,1101110,Panificados,11011104,Outros panificados,80043,PAO DE SOJA e sinonimos,06104,,,,
80044,V8000_DEFLA,1,Despesas Correntes,11,Despesas de Consumo,1101,Alimentacao,11011,Alimentação no domicílio,1101110,Panificados,11011104,Outros panificados,80044,"PAO DE CENOURA, ALHO, CEBOLA, TORRESMO, ETC. e sinonimos",06104,,,,
80045,V8000_DEFLA,1,Despesas Correntes,11,Despesas de Consumo,1101,Alimentacao,11011,Alimentação no domicílio,1101110,Panificados,11011104,Outros panificados,80045,BROA DE COCO e sinonimos,06201,,,,
80046,V8000_DEFLA,1,Despesas Correntes,11,Despesas de Consumo,1101,Alimentacao,11011,Alimentação no domicílio,1101110,Panificados,11011104,Outros panificados,80046,BOLO DE TRIGO e sinonimos,06201,,,,
80047,V8000_DEFLA,1,Despesas Correntes,11,Despesas de Consumo,1101,Alimentacao,11011,Alimentação no domicílio,1101110,Panificados,11011104,Outros panificados,80047,BROA,06201,,,,
80048,V8000_DEFLA,1,Despesas Correntes,11,Despesas de Consumo,1101,Alimentacao,11011,Alimentação no domicílio,1101110,Panificados,11011102,Biscoito,80048,BISCOITO RECHEADO e sinonimos,06301,,,,
80049,V8000_DEFLA,1,Despesas Correntes,11,Despesas de Consumo,1101,Alimentacao,11011,Alimentação no domicílio,1101110,Panificados,11011102,Biscoito,80049,BISCOITO CASEIRO e sinonimos,06301,,,,
80050,V8000_DEFLA,1,Despesas Correntes,11,Despesas de Consumo,1101,Alimentacao,11011,Alimentação no domicílio,1101110,Panificados,11011104,Outros panificados,80050,BROINHA,06201,,,,
80051,V8000_DEFLA,1,Despesas Correntes,11,Despesas de Consumo,1101,Alimentacao,11011,Alimentação no domicílio,1101110,Panificados,11011104,Outros panificados,80051,BROA DE LEITE,06201,,,,
80052,V8000_DEFLA,1,Despesas Correntes,11,Despesas de Consumo,1101,Alimentacao,11011,Alimentação no domicílio,1101110,Panificados,11011102,Biscoito,80052,BISCOITO NAO-ESPECIFICADO,06303,,,,
80053,V8000_DEFLA,1,Despesas Correntes,11,Despesas de Consumo,1101,Alimentacao,11011,Alimentação no domicílio,1101110,Panificados,11011102,Biscoito,80053,BISCOITO DE POLVILHO NAO-ESPECIFICADO,06302,,,,
80054,V8000_DEFLA,1,Despesas Correntes,11,Despesas de Consumo,1101,Alimentacao,11011,Alimentação no domicílio,1101110,Panificados,11011102,Biscoito,80054,BOLACHA NAO-ESPECIFICADA,06303,,,,
80055,V8000_DEFLA,1,Despesas Correntes,11,Despesas de Consumo,1101,Alimentacao,11011,Alimentação no domicílio,1101110,Panificados,11011104,Outros panificados,80055,PAO CARTEIRA NAO-ESPECIFICADO,06104,,,,
80056,V8000_DEFLA,1,Despesas Correntes,11,Despesas de Consumo,1101,Alimentacao,11011,Alimentação no domicílio,1101110,Panificados,11011104,Outros panificados,80056,PAO DE FORMA NAO-ESPECIFICADO,06104,,,,
80057,V8000_DEFLA,1,Despesas Correntes,11,Despesas de Consumo,1101,Alimentacao,11011,Alimentação no domicílio,1101110,Panificados,11011104,Outros panificados,80057,PAO DE SANDUICHE NAO-ESPECIFICADO,06104,,,,
80058,V8000_DEFLA,1,Despesas Correntes,11,Despesas de Consumo,1101,Alimentacao,11011,Alimentação no domicílio,1101110,Panificados,11011104,Outros panificados,80058,TORTA NAO-ESPECIFICADA,06201,,,,
80059,V8000_DEFLA,1,Despesas Correntes,11,Despesas de Consumo,1101,Alimentacao,11011,Alimentação no domicílio,1101110,Panificados,11011104,Outros panificados,80059,ROSCA NAO-ESPECIFICADA e sinonimos,06201,,,,
80060,V8000_DEFLA,1,Despesas Correntes,11,Despesas de Consumo,1101,Alimentacao,11011,Alimentação no domicílio,1101110,Panificados,11011104,Outros panificados,80060,ROSCA DE POLVILHO NAO-ESPECIFICADA e sinonimos,06303,,,,
80061,V8000_DEFLA,1,Despesas Correntes,11,Despesas de Consumo,1101,Alimentacao,11011,Alimentação no domicílio,1101110,Panificados,11011104,Outros panificados,80061,CREPE,05301,,,,
80062,V8000_DEFLA,1,Despesas Correntes,11,Despesas de Consumo,1101,Alimentacao,11011,Alimentação no domicílio,1101110,Panificados,11011104,Outros panificados,80062,CASCA PARA TORTA,06201,,,,
80063,V8000_DEFLA,1,Despesas Correntes,11,Despesas de Consumo,1101,Alimentacao,11011,Alimentação no domicílio,1101110,Panificados,11011104,Outros panificados,80063,PAO BOLA,06104,,,,
80064,V8000_DEFLA,1,Despesas Correntes,11,Despesas de Consumo,1101,Alimentacao,11011,Alimentação no domicílio,1101110,Panificados,11011104,Outros panificados,80064,PAO ARABE e sinonimos,06104,,,,
80065,V8000_DEFLA,1,Despesas Correntes,11,Despesas de Consumo,1101,Alimentacao,11011,Alimentação no domicílio,1101110,Panificados,11011103,Light e diet,80065,PAO DE FORMA INDUSTRIALIZADO DE QUALQUER MARCA DIET e sinonimos,06101,,,,
80066,V8000_DEFLA,1,Despesas Correntes,11,Despesas de Consumo,1101,Alimentacao,11011,Alimentação no domicílio,1101110,Panificados,11011103,Light e diet,80066,PAO DE FORMA INDUSTRIALIZADO DE QUALQUER MARCA LIGHT e sinonimos,06101,,,,
80067,V8000_DEFLA,1,Despesas Correntes,11,Despesas de Consumo,1101,Alimentacao,11011,Alimentação no domicílio,1101110,Panificados,11011103,Light e diet,80067,PAO DE QUEIJO LIGHT,06104,,,,
80068,V8000_DEFLA,1,Despesas Correntes,11,Despesas de Consumo,1101,Alimentacao,11011,Alimentação no domicílio,1101110,Panificados,11011103,Light e diet,80068,PAO INTEGRAL LIGHT e sinonimos,06104,,,,
80069,V8000_DEFLA,1,Despesas Correntes,11,Despesas de Consumo,1101,Alimentacao,11011,Alimentação no domicílio,1101110,Panificados,11011103,Light e diet,80069,TORRADA DE QUALQUER PAO LIGHT e sinonimos,06104,,,,
80070,V8000_DEFLA,1,Despesas Correntes,11,Despesas de Consumo,1101,Alimentacao,11011,Alimentação no domicílio,1101110,Panificados,11011103,Light e diet,80070,TORTAS DOCES DE QUALQUER SABOR LIGHT,06104,,,,
80071,V8000_DEFLA,1,Despesas Correntes,11,Despesas de Consumo,1101,Alimentacao,11011,Alimentação no domicílio,1101110,Panificados,11011103,Light e diet,80071,TORTAS DOCES DE QUALQUER SABOR DIET e sinonimos,06104,,,,
80072,V8000_DEFLA,1,Despesas Correntes,11,Despesas de Consumo,1101,Alimentacao,11011,Alimentação no domicílio,1101110,Panificados,11011103,Light e diet,80072,TORTAS SALGADAS DE QUALQUER SABOR LIGHT,06104,,,,
80073,V8000_DEFLA,1,Despesas Correntes,11,Despesas de Consumo,1101,Alimentacao,11011,Alimentação no domicílio,1101110,Panificados,11011103,Light e diet,80073,SONHO LIGHT e sinonimos,06201,,,,
80074,V8000_DEFLA,1,Despesas Correntes,11,Despesas de Consumo,1101,Alimentacao,11011,Alimentação no domicílio,1101110,Panificados,11011103,Light e diet,80074,SONHO DIET e sinonimos,06201,,,,
80075,V8000_DEFLA,1,Despesas Correntes,11,Despesas de Consumo,1101,Alimentacao,11011,Alimentação no domicílio,1101110,Panificados,11011103,Light e diet,80075,BOLO DE CHOCOLATE LIGHT,06201,,,,
80076,V8000_DEFLA,1,Despesas Correntes,11,Despesas de Consumo,1101,Alimentacao,11011,Alimentação no domicílio,1101110,Panificados,11011103,Light e diet,80076,BOLO DE CHOCOLATE DIET e sinonimos,06201,,,,
80077,V8000_DEFLA,1,Despesas Correntes,11,Despesas de Consumo,1101,Alimentacao,11011,Alimentação no domicílio,1101110,Panificados,11011103,Light e diet,80077,BOLO DE LARANJA LIGHT,06201,,,,
80078,V8000_DEFLA,1,Despesas Correntes,11,Despesas de Consumo,1101,Alimentacao,11011,Alimentação no domicílio,1101110,Panificados,11011103,Light e diet,80078,BOLO DE LARANJA DIET e sinonimos,06201,,,,
80079,V8000_DEFLA,1,Despesas Correntes,11,Despesas de Consumo,1101,Alimentacao,11011,Alimentação no domicílio,1101110,Panificados,11011103,Light e diet,80079,BOLO DE COCO LIGHT,06201,,,,
80080,V8000_DEFLA,1,Despesas Correntes,11,Despesas de Consumo,1101,Alimentacao,11011,Alimentação no domicílio,1101110,Panificados,11011103,Light e diet,80080,BOLO DE COCO DIET e sinonimos,06201,,,,
80081,V8000_DEFLA,1,Despesas Correntes,11,Despesas de Consumo,1101,Alimentacao,11011,Alimentação no domicílio,1101110,Panificados,11011103,Light e diet,80081,BOLO DE CENOURA LIGHT,06201,,,,
80082,V8000_DEFLA,1,Despesas Correntes,11,Despesas de Consumo,1101,Alimentacao,11011,Alimentação no domicílio,1101110,Panificados,11011103,Light e diet,80082,BOLO DE CENOURA DIET e sinonimos,06201,,,,
80083,V8000_DEFLA,1,Despesas Correntes,11,Despesas de Consumo,1101,Alimentacao,11011,Alimentação no domicílio,1101110,Panificados,11011103,Light e diet,80083,BISCOITO RECHEADO LIGHT e sinonimos,06303,,,,
80084,V8000_DEFLA,1,Despesas Correntes,11,Despesas de Consumo,1101,Alimentacao,11011,Alimentação no domicílio,1101110,Panificados,11011103,Light e diet,80084,BISCOITO RECHEADO DIET e sinonimos,06303,,,,
80085,V8000_DEFLA,1,Despesas Correntes,11,Despesas de Consumo,1101,Alimentacao,11011,Alimentação no domicílio,1101110,Panificados,11011103,Light e diet,80085,BISCOITO NAO-ESPECIFICADO LIGHT,06303,,,,
80086,V8000_DEFLA,1,Despesas Correntes,11,Despesas de Consumo,1101,Alimentacao,11011,Alimentação no domicílio,1101110,Panificados,11011103,Light e diet,80086,BISCOITO NAO-ESPECIFICADO DIET e sinonimos,06303,,,,
80087,V8000_DEFLA,1,Despesas Correntes,11,Despesas de Consumo,1101,Alimentacao,11011,Alimentação no domicílio,1101110,Panificados,11011103,Light e diet,80087,BOLACHA NAO-ESPECIFICADA LIGHT,06303,,,,
80088,V8000_DEFLA,1,Despesas Correntes,11,Despesas de Consumo,1101,Alimentacao,11011,Alimentação no domicílio,1101110,Panificados,11011103,Light e diet,80088,BOLACHA NAO-ESPECIFICADA DIET e sinonimos,06303,,,,
80089,V8000_DEFLA,1,Despesas Correntes,11,Despesas de Consumo,1101,Alimentacao,11011,Alimentação no domicílio,1101110,Panificados,11011103,Light e diet,80089,PAO CARTEIRA NAO-ESPECIFICADO LIGHT,06104,,,,
80090,V8000_DEFLA,1,Despesas Correntes,11,Despesas de Consumo,1101,Alimentacao,11011,Alimentação no domicílio,1101110,Panificados,11011103,Light e diet,80090,PAO CARTEIRA NAO-ESPECIFICADO DIET e sinonimos,06104,,,,
80091,V8000_DEFLA,1,Despesas Correntes,11,Despesas de Consumo,1101,Alimentacao,11011,Alimentação no domicílio,1101110,Panificados,11011103,Light e diet,80091,PAO DE FORMA NAO-ESPECIFICADO LIGHT,06104,,,,
80092,V8000_DEFLA,1,Despesas Correntes,11,Despesas de Consumo,1101,Alimentacao,11011,Alimentação no domicílio,1101110,Panificados,11011103,Light e diet,80092,PAO DE FORMA NAO-ESPECIFICADO DIET e sinonimos,06104,,,,
80093,V8000_DEFLA,1,Despesas Correntes,11,Despesas de Consumo,1101,Alimentacao,11011,Alimentação no domicílio,1101110,Panificados,11011103,Light e diet,80093,PAO DE SANDUICHE NAO-ESPECIFICADO LIGHT,06104,,,,
80094,V8000_DEFLA,1,Despesas Correntes,11,Despesas de Consumo,1101,Alimentacao,11011,Alimentação no domicílio,1101110,Panificados,11011103,Light e diet,80094,PAO DE SANDUICHE NAO-ESPECIFICADO DIET e sinonimos,06104,,,,
80095,V8000_DEFLA,1,Despesas Correntes,11,Despesas de Consumo,1101,Alimentacao,11011,Alimentação no domicílio,1101110,Panificados,11011103,Light e diet,80095,TORTA NAO-ESPECIFICADA LIGHT,06104,,,,
80096,V8000_DEFLA,1,Despesas Correntes,11,Despesas de Consumo,1101,Alimentacao,11011,Alimentação no domicílio,1101110,Panificados,11011103,Light e diet,80096,TORTA NAO-ESPECIFICADA DIET e sinonimos,06104,,,,
80097,V8000_DEFLA,1,Despesas Correntes,11,Despesas de Consumo,1101,Alimentacao,11011,Alimentação no domicílio,1101110,Panificados,11011103,Light e diet,80097,ROSCA NAO-ESPECIFICADA LIGHT e sinonimos,06104,,,,
80098,V8000_DEFLA,1,Despesas Correntes,11,Despesas de Consumo,1101,Alimentacao,11011,Alimentação no domicílio,1101110,Panificados,11011103,Light e diet,80098,ROSCA NAO-ESPECIFICADA DIET e sinonimos,06104,,,,
80099,V8000_DEFLA,1,Despesas Correntes,11,Despesas de Consumo,1101,Alimentacao,11011,Alimentação no domicílio,1101110,Panificados,11011103,Light e diet,80099,PAO ARABE LIGHT e sinonimos,06104,,,,
80100,V8000_DEFLA,1,Despesas Correntes,11,Despesas de Consumo,1101,Alimentacao,11011,Alimentação no domicílio,1101110,Panificados,11011103,Light e diet,80100,PAO DOCE DIET e sinonimos,06102,,,,
80101,V8000_DEFLA,1,Despesas Correntes,11,Despesas de Consumo,1101,Alimentacao,11011,Alimentação no domicílio,1101110,Panificados,11011103,Light e diet,80101,BISCOITO SALGADO LIGHT e sinonimos,06302,,,,
80102,V8000_DEFLA,1,Despesas Correntes,11,Despesas de Consumo,1101,Alimentacao,11011,Alimentação no domicílio,1101110,Panificados,11011103,Light e diet,80102,BOLO DE QUALQUER MARCA E SABOR LIGHT e sinonimos,06201,,,,
80103,V8000_DEFLA,1,Despesas Correntes,11,Despesas de Consumo,1101,Alimentacao,11011,Alimentação no domicílio,1101110,Panificados,11011103,Light e diet,80103,BOLO DE QUALQUER MARCA E SABOR DIET e sinonimos,06201,,,,
80104,V8000_DEFLA,1,Despesas Correntes,11,Despesas de Consumo,1101,Alimentacao,11011,Alimentação no domicílio,1101110,Panificados,11011103,Light e diet,80104,BISCOITO DOCE LIGHT e sinonimos,06301,,,,
80105,V8000_DEFLA,1,Despesas Correntes,11,Despesas de Consumo,1101,Alimentacao,11011,Alimentação no domicílio,1101110,Panificados,11011103,Light e diet,80105,BISCOITO DOCE DIET e sinonimos,06301,,,,
80106,V8000_DEFLA,1,Despesas Correntes,11,Despesas de Consumo,1101,Alimentacao,11011,Alimentação no domicílio,1101110,Panificados,11011104,Outros panificados,80106,BOLO DE BANANA,06201,,,,
80107,V8000_DEFLA,1,Despesas Correntes,11,Despesas de Consumo,1101,Alimentacao,11011,Alimentação no domicílio,1101110,Panificados,11011104,Outros panificados,80107,BROA DE QUEIJO,06303,,,,
80108,V8000_DEFLA,1,Despesas Correntes,11,Despesas de Consumo,1101,Alimentacao,11011,Alimentação no domicílio,1101110,Panificados,11011103,Light e diet,80108,PAO DE FORMA NAO ESPECIFICADO LIGHT,06101,,,,
80109,V8000_DEFLA,1,Despesas Correntes,11,Despesas de Consumo,1101,Alimentacao,11011,Alimentação no domicílio,1101110,Panificados,11011103,Light e diet,80109,PAO PRETO LIGHT e sinonimos,06104,,,,
80110,V8000_DEFLA,1,Despesas Correntes,11,Despesas de Consumo,1101,Alimentacao,11011,Alimentação no domicílio,1101110,Panificados,11011104,Outros panificados,80110,AVOADOR,06104,,,,
80111,V8000_DEFLA,1,Despesas Correntes,11,Despesas de Consumo,1101,Alimentacao,11011,Alimentação no domicílio,1101110,Panificados,11011104,Outros panificados,80111,PAO DE LINHO OU LINHACA,06104,,,,
80112,V8000_DEFLA,1,Despesas Correntes,11,Despesas de Consumo,1101,Alimentacao,11011,Alimentação no domicílio,1101110,Panificados,11011103,Light e diet,80112,PAO FRANCES DIET,06103,,,,
80113,V8000_DEFLA,1,Despesas Correntes,11,Despesas de Consumo,1101,Alimentacao,11011,Alimentação no domicílio,1101110,Panificados,11011103,Light e diet,80113,PAO DOCE LIGHT,06102,,,,
80114,V8000_DEFLA,1,Despesas Correntes,11,Despesas de Consumo,1101,Alimentacao,11011,Alimentação no domicílio,1101110,Panificados,11011103,Light e diet,80114,ROSCA DOCE LIGHT,06303,,,,
80115,V8000_DEFLA,1,Despesas Correntes,11,Despesas de Consumo,1101,Alimentacao,11011,Alimentação no domicílio,1101110,Panificados,11011103,Light e diet,80115,PAO DE SOJA LIGHT,06104,,,,
80116,V8000_DEFLA,1,Despesas Correntes,11,Despesas de Consumo,1101,Alimentacao,11011,Alimentação no domicílio,1101110,Panificados,11011101,Pão francês,80116,PAO FRANCES INTEGRAL,06103,,,,
80117,V8000_DEFLA,1,Despesas Correntes,11,Despesas de Consumo,1101,Alimentacao,11011,Alimentação no domicílio,1101110,Panificados,11011103,Light e diet,80117,BISCOITO SALGADO DIET,06302,,,,
80118,V8000_DEFLA,1,Despesas Correntes,11,Despesas de Consumo,1101,Alimentacao,11011,Alimentação no domicílio,1101110,Panificados,11011102,Biscoito,80118,BISCOITO ORGANICO NAO ESPECIFICADO,06303,,,,
80119,V8000_DEFLA,1,Despesas Correntes,11,Despesas de Consumo,1101,Alimentacao,11011,Alimentação no domicílio,1101110,Panificados,11011104,Outros panificados,80119,BOLINHO DE QUALQUER MARCA E SABOR,06201,,,,
80120,V8000_DEFLA,1,Despesas Correntes,11,Despesas de Consumo,1101,Alimentacao,11011,Alimentação no domicílio,1101110,Panificados,11011104,Outros panificados,80120,BROA DOCE,06303,,,,
80121,V8000_DEFLA,1,Despesas Correntes,11,Despesas de Consumo,1101,Alimentacao,11011,Alimentação no domicílio,1101110,Panificados,11011104,Outros panificados,80121,BROA INTEGRAL,06303,,,,
80122,V8000_DEFLA,1,Despesas Correntes,11,Despesas de Consumo,1101,Alimentacao,11011,Alimentação no domicílio,1101110,Panificados,11011104,Outros panificados,80122,BROA SALGADA,06303,,,,
80123,V8000_DEFLA,1,Despesas Correntes,11,Despesas de Consumo,1101,Alimentacao,11011,Alimentação no domicílio,1101104,Açúcares e derivados,11011044,Outros,80123,CUPCAKE,06201,,,,
80124,V8000_DEFLA,1,Despesas Correntes,11,Despesas de Consumo,1101,Alimentacao,11011,Alimentação no domicílio,1101110,Panificados,11011104,Outros panificados,80124,"AROMATIZANTE PARA BOLOS, TORTAS, BISCOITOS, ETC.",16104,,,,
80125,V8000_DEFLA,1,Despesas Correntes,11,Despesas de Consumo,1101,Alimentacao,11011,Alimentação no domicílio,1101110,Panificados,11011102,Biscoito,80125,ROSCA DE LEITE,06303,,,,
80126,V8000_DEFLA,1,Despesas Correntes,11,Despesas de Consumo,1101,Alimentacao,11011,Alimentação no domicílio,1101115,Alimentos preparados,1101115,Alimentos preparados,80126,BATATA CHIPS,16104,,,,
80127,V8000_DEFLA,1,Despesas Correntes,11,Despesas de Consumo,1101,Alimentacao,11011,Alimentação no domicílio,1101104,Açúcares e derivados,11011044,Outros,80127,BROWNIE,06201,,,,
80128,V8000_DEFLA,1,Despesas Correntes,11,Despesas de Consumo,1101,Alimentacao,11011,Alimentação no domicílio,1101110,Panificados,11011102,Biscoito,80128,ROSCA DE GOMA,06303,,,,
80129,V8000_DEFLA,1,Despesas Correntes,11,Despesas de Consumo,1101,Alimentacao,11011,Alimentação no domicílio,1101110,Panificados,11011104,Outros panificados,80129,BOLO SALGADO,06303,,,,
80130,V8000_DEFLA,1,Despesas Correntes,11,Despesas de Consumo,1101,Alimentacao,11011,Alimentação no domicílio,1101110,Panificados,11011104,Outros panificados,80130,PAO DE GUARANA,06104,,,,
80131,V8000_DEFLA,1,Despesas Correntes,11,Despesas de Consumo,1101,Alimentacao,11011,Alimentação no domicílio,1101110,Panificados,11011104,Outros panificados,80131,PAO MULTIGRAOS,06104,,,,
80132,V8000_DEFLA,1,Despesas Correntes,11,Despesas de Consumo,1101,Alimentacao,11011,Alimentação no domicílio,1101110,Panificados,11011104,Outros panificados,80132,PAO DE MINUTO,06104,,,,
80133,V8000_DEFLA,1,Despesas Correntes,11,Despesas de Consumo,1101,Alimentacao,11011,Alimentação no domicílio,1101110,Panificados,11011104,Outros panificados,80133,PAO DE TAPIOCA,06104,,,,
80134,V8000_DEFLA,1,Despesas Correntes,11,Despesas de Consumo,1101,Alimentacao,11011,Alimentação no domicílio,1101110,Panificados,11011104,Outros panificados,80134,PAO COM MANTEIGA,06104,,,,
80135,V8000_DEFLA,1,Despesas Correntes,11,Despesas de Consumo,1101,Alimentacao,11011,Alimentação no domicílio,1101110,Panificados,11011104,Outros panificados,80135,PAO DE OVOS,06104,,,,
80136,V8000_DEFLA,1,Despesas Correntes,11,Despesas de Consumo,1101,Alimentacao,11011,Alimentação no domicílio,1101110,Panificados,11011103,Light e diet,80136,BISCOITO SEM LACTOSE,06303,,,,
80137,V8000_DEFLA,1,Despesas Correntes,11,Despesas de Consumo,1101,Alimentacao,11011,Alimentação no domicílio,1101110,Panificados,11011103,Light e diet,80137,BISCOITO DOCE SEM GLUTEN,06301,,,,
80138,V8000_DEFLA,1,Despesas Correntes,11,Despesas de Consumo,1101,Alimentacao,11011,Alimentação no domicílio,1101110,Panificados,11011103,Light e diet,80138,BOLACHA SEM LACTOSE,06303,,,,
80139,V8000_DEFLA,1,Despesas Correntes,11,Despesas de Consumo,1101,Alimentacao,11011,Alimentação no domicílio,1101110,Panificados,11011102,Biscoito,80139,BOLACHA DE ARROZ,06303,,,,
80140,V8000_DEFLA,1,Despesas Correntes,11,Despesas de Consumo,1101,Alimentacao,11011,Alimentação no domicílio,1101110,Panificados,11011102,Biscoito,80140,BOLACHA DE TRIGO,06303,,,,
80141,V8000_DEFLA,1,Despesas Correntes,11,Despesas de Consumo,1101,Alimentacao,11011,Alimentação no domicílio,1101110,Panificados,11011102,Biscoito,80141,ROSCA DE CACHACA,06303,,,,
80142,V8000_DEFLA,1,Despesas Correntes,11,Despesas de Consumo,1101,Alimentacao,11011,Alimentação no domicílio,1101110,Panificados,11011103,Light e diet,80142,BISCOITO NAO ESPECIFICADO SEM GLUTEN,06303,,,,
80143,V8000_DEFLA,1,Despesas Correntes,11,Despesas de Consumo,1101,Alimentacao,11011,Alimentação no domicílio,1101110,Panificados,11011104,Outros panificados,80143,PAPEL DE ARROZ,06303,,,,
80144,V8000_DEFLA,1,Despesas Correntes,11,Despesas de Consumo,1101,Alimentacao,11011,Alimentação no domicílio,1101110,Panificados,11011103,Light e diet,80144,PAO SEM GLUTEN E SEM LACTOSE,06104,,,,
80145,V8000_DEFLA,1,Despesas Correntes,11,Despesas de Consumo,1101,Alimentacao,11011,Alimentação no domicílio,1101110,Panificados,11011103,Light e diet,80145,BOLO DE QUALQUER MARCA E SABOR SEM GLUTEN,06201,,,,
80146,V8000_DEFLA,1,Despesas Correntes,11,Despesas de Consumo,1101,Alimentacao,11011,Alimentação no domicílio,1101110,Panificados,11011104,Outros panificados,80146,PAO DE ABOBORA,06104,,,,
80147,V8000_DEFLA,1,Despesas Correntes,11,Despesas de Consumo,1101,Alimentacao,11011,Alimentação no domicílio,1101110,Panificados,11011103,Light e diet,80147,PAO SEM LACTOSE,06104,,,,
80148,V8000_DEFLA,1,Despesas Correntes,11,Despesas de Consumo,1101,Alimentacao,11011,Alimentação no domicílio,1101110,Panificados,11011103,Light e diet,80148,PAO FRANCES LIGHT,06103,,,,
80149,V8000_DEFLA,1,Despesas Correntes,11,Despesas de Consumo,1101,Alimentacao,11011,Alimentação no domicílio,1101104,Açúcares e derivados,11011044,Outros,80149,PASTA AMERICANA,06104,,,,
80150,V8000_DEFLA,1,Despesas Correntes,11,Despesas de Consumo,1101,Alimentacao,11011,Alimentação no domicílio,1101110,Panificados,11011103,Light e diet,80150,TORTA SALGADA SEM GLUTEN,06104,,,,
80151,V8000_DEFLA,1,Despesas Correntes,11,Despesas de Consumo,1101,Alimentacao,11011,Alimentação no domicílio,1101110,Panificados,11011103,Light e diet,80151,BISCOITO DOCE SEM LACTOSE,06303,,,,
80152,V8000_DEFLA,1,Despesas Correntes,11,Despesas de Consumo,1101,Alimentacao,11011,Alimentação no domicílio,1101110,Panificados,11011104,Outros panificados,80152,PAO INTEGRAL ORGANICO,06104,,,,
80153,V8000_DEFLA,1,Despesas Correntes,11,Despesas de Consumo,1101,Alimentacao,11011,Alimentação no domicílio,1101110,Panificados,11011103,Light e diet,80153,PAO SEM GLUTEN,06104,,,,
81001,V8000_DEFLA,1,Despesas Correntes,11,Despesas de Consumo,1101,Alimentacao,11011,Alimentação no domicílio,1101107,"Carnes, vísceras e pescados",11011074,Carnes e peixes industrializados,81001,CARNE SECA e sinonimos,07208,,,,
81002,V8000_DEFLA,1,Despesas Correntes,11,Despesas de Consumo,1101,Alimentacao,11011,Alimentação no domicílio,1101107,"Carnes, vísceras e pescados",11011074,Carnes e peixes industrializados,81002,CARNE DE SOL e sinonimos,07208,,,,
81003,V8000_DEFLA,1,Despesas Correntes,11,Despesas de Consumo,1101,Alimentacao,11011,Alimentação no domicílio,1101107,"Carnes, vísceras e pescados",11011074,Carnes e peixes industrializados,81003,CARNE BOVINA DEFUMADA,07208,,,,
81004,V8000_DEFLA,1,Despesas Correntes,11,Despesas de Consumo,1101,Alimentacao,11011,Alimentação no domicílio,1101107,"Carnes, vísceras e pescados",11011074,Carnes e peixes industrializados,81004,CARNE BOVINA SALGADA e sinonimos,07208,,,,
81005,V8000_DEFLA,1,Despesas Correntes,11,Despesas de Consumo,1101,Alimentacao,11011,Alimentação no domicílio,1101107,"Carnes, vísceras e pescados",11011074,Carnes e peixes industrializados,81005,CARNE BOVINA DE HAMBURGUER e sinonimos,07208,,,,
81006,V8000_DEFLA,1,Despesas Correntes,11,Despesas de Consumo,1101,Alimentacao,11011,Alimentação no domicílio,1101107,"Carnes, vísceras e pescados",11011074,Carnes e peixes industrializados,81006,CARNE SUINA DEFUMADA,07506,,,,
81007,V8000_DEFLA,1,Despesas Correntes,11,Despesas de Consumo,1101,Alimentacao,11011,Alimentação no domicílio,1101107,"Carnes, vísceras e pescados",11011074,Carnes e peixes industrializados,81007,ORELHA DE PORCO DEFUMADA,07506,,,,
81008,V8000_DEFLA,1,Despesas Correntes,11,Despesas de Consumo,1101,Alimentacao,11011,Alimentação no domicílio,1101107,"Carnes, vísceras e pescados",11011074,Carnes e peixes industrializados,81008,LOMBO DE PORCO DEFUMADO e sinonimos,07403,,,,
81009,V8000_DEFLA,1,Despesas Correntes,11,Despesas de Consumo,1101,Alimentacao,11011,Alimentação no domicílio,1101107,"Carnes, vísceras e pescados",11011074,Carnes e peixes industrializados,81009,COSTELA DE PORCO DEFUMADA,07402,,,,
81010,V8000_DEFLA,1,Despesas Correntes,11,Despesas de Consumo,1101,Alimentacao,11011,Alimentação no domicílio,1101107,"Carnes, vísceras e pescados",11011074,Carnes e peixes industrializados,81010,TOUCINHO DE PORCO DEFUMADO e sinonimos,07504,,,,
81011,V8000_DEFLA,1,Despesas Correntes,11,Despesas de Consumo,1101,Alimentacao,11011,Alimentação no domicílio,1101108,Aves e ovos,11011084,Outros,81011,HAMBURGUER DE FRANGO e sinonimos,10107,,,,
81012,V8000_DEFLA,1,Despesas Correntes,11,Despesas de Consumo,1101,Alimentacao,11011,Alimentação no domicílio,1101107,"Carnes, vísceras e pescados",11011074,Carnes e peixes industrializados,81012,CHISPE DEFUMADO e sinonimos,10107,,,,
81013,V8000_DEFLA,1,Despesas Correntes,11,Despesas de Consumo,1101,Alimentacao,11011,Alimentação no domicílio,1101107,"Carnes, vísceras e pescados",11011074,Carnes e peixes industrializados,81013,CARNE SUINA SALGADA,07506,,,,
81014,V8000_DEFLA,1,Despesas Correntes,11,Despesas de Consumo,1101,Alimentacao,11011,Alimentação no domicílio,1101107,"Carnes, vísceras e pescados",11011074,Carnes e peixes industrializados,81014,ORELHA DE PORCO SALGADA,07506,,,,
81015,V8000_DEFLA,1,Despesas Correntes,11,Despesas de Consumo,1101,Alimentacao,11011,Alimentação no domicílio,1101107,"Carnes, vísceras e pescados",11011074,Carnes e peixes industrializados,81015,COSTELA DE PORCO SALGADA,07402,,,,
81016,V8000_DEFLA,1,Despesas Correntes,11,Despesas de Consumo,1101,Alimentacao,11011,Alimentação no domicílio,1101107,"Carnes, vísceras e pescados",11011074,Carnes e peixes industrializados,81016,LOMBO DE PORCO SALGADO e sinonimos,07403,,,,
81017,V8000_DEFLA,1,Despesas Correntes,11,Despesas de Consumo,1101,Alimentacao,11011,Alimentação no domicílio,1101107,"Carnes, vísceras e pescados",11011074,Carnes e peixes industrializados,81017,PE DE PORCO SALGADO e sinonimos,07506,,,,
81018,V8000_DEFLA,1,Despesas Correntes,11,Despesas de Consumo,1101,Alimentacao,11011,Alimentação no domicílio,1101107,"Carnes, vísceras e pescados",11011074,Carnes e peixes industrializados,81018,RABO DE PORCO SALGADO,07506,,,,
81019,V8000_DEFLA,1,Despesas Correntes,11,Despesas de Consumo,1101,Alimentacao,11011,Alimentação no domicílio,1101107,"Carnes, vísceras e pescados",11011074,Carnes e peixes industrializados,81019,TOUCINHO DE PORCO SALGADO e sinonimos,07504,,,,
81020,V8000_DEFLA,1,Despesas Correntes,11,Despesas de Consumo,1101,Alimentacao,11011,Alimentação no domicílio,1101107,"Carnes, vísceras e pescados",11011074,Carnes e peixes industrializados,81020,VISCERA DE PORCO SALGADA e sinonimos,08103,,,,
81021,V8000_DEFLA,1,Despesas Correntes,11,Despesas de Consumo,1101,Alimentacao,11011,Alimentação no domicílio,1101107,"Carnes, vísceras e pescados",11011074,Carnes e peixes industrializados,81021,SALSICHA NO VAREJO e sinonimos,07503,,,,
81022,V8000_DEFLA,1,Despesas Correntes,11,Despesas de Consumo,1101,Alimentacao,11011,Alimentação no domicílio,1101107,"Carnes, vísceras e pescados",11011074,Carnes e peixes industrializados,81022,LINGUICA NO VAREJO e sinonimos,07208,,,,
81023,V8000_DEFLA,1,Despesas Correntes,11,Despesas de Consumo,1101,Alimentacao,11011,Alimentação no domicílio,1101107,"Carnes, vísceras e pescados",11011074,Carnes e peixes industrializados,81023,RETALHO PARA PIZZA e sinonimos,07208,,,,
81024,V8000_DEFLA,1,Despesas Correntes,11,Despesas de Consumo,1101,Alimentacao,11011,Alimentação no domicílio,1101107,"Carnes, vísceras e pescados",11011074,Carnes e peixes industrializados,81024,CHOURICO e sinonimos,07601,,,,
81025,V8000_DEFLA,1,Despesas Correntes,11,Despesas de Consumo,1101,Alimentacao,11011,Alimentação no domicílio,1101107,"Carnes, vísceras e pescados",11011074,Carnes e peixes industrializados,81025,PAIO e sinonimos,07506,,,,
81026,V8000_DEFLA,1,Despesas Correntes,11,Despesas de Consumo,1101,Alimentacao,11011,Alimentação no domicílio,1101107,"Carnes, vísceras e pescados",11011074,Carnes e peixes industrializados,81026,MORTADELA e sinonimos,07501,,,,
81027,V8000_DEFLA,1,Despesas Correntes,11,Despesas de Consumo,1101,Alimentacao,11011,Alimentação no domicílio,1101107,"Carnes, vísceras e pescados",11011074,Carnes e peixes industrializados,81027,SALAME e sinonimos,07601,,,,
81028,V8000_DEFLA,1,Despesas Correntes,11,Despesas de Consumo,1101,Alimentacao,11011,Alimentação no domicílio,1101108,Aves e ovos,11011084,Outros,81028,BLANQUET DE PERU e sinonimos,10107,,,,
81029,V8000_DEFLA,1,Despesas Correntes,11,Despesas de Consumo,1101,Alimentacao,11011,Alimentação no domicílio,1101107,"Carnes, vísceras e pescados",11011074,Carnes e peixes industrializados,81029,PRESUNTO DE QUALQUER TIPO e sinonimos,07502,,,,
81030,V8000_DEFLA,1,Despesas Correntes,11,Despesas de Consumo,1101,Alimentacao,11011,Alimentação no domicílio,1101108,Aves e ovos,11011084,Outros,81030,HAMBURGUER DE PERU e sinonimos,10107,,,,
81031,V8000_DEFLA,1,Despesas Correntes,11,Despesas de Consumo,1101,Alimentacao,11011,Alimentação no domicílio,1101107,"Carnes, vísceras e pescados",11011074,Carnes e peixes industrializados,81031,HAMBURGUER NAO-ESPECIFICADO e sinonimos,16104,,,,
81032,V8000_DEFLA,1,Despesas Correntes,11,Despesas de Consumo,1101,Alimentacao,11011,Alimentação no domicílio,1101113,Enlatados e conservas,1101113,Enlatados e conservas,81032,PATE DE PRESUNTO EMBUTIDO e sinonimos,07502,,,,
81033,V8000_DEFLA,1,Despesas Correntes,11,Despesas de Consumo,1101,Alimentacao,11011,Alimentação no domicílio,1101113,Enlatados e conservas,1101113,Enlatados e conservas,81033,PATE DE CARNE EMBUTIDO e sinonimos,07506,,,,
81034,V8000_DEFLA,1,Despesas Correntes,11,Despesas de Consumo,1101,Alimentacao,11011,Alimentação no domicílio,1101113,Enlatados e conservas,1101113,Enlatados e conservas,81034,PATE DE FIGADO EMBUTIDO e sinonimos,08101,,,,
81035,V8000_DEFLA,1,Despesas Correntes,11,Despesas de Consumo,1101,Alimentacao,11011,Alimentação no domicílio,1101113,Enlatados e conservas,1101113,Enlatados e conservas,81035,PATE DE GALINHA EMBUTIDO e sinonimos,10107,,,,
81036,V8000_DEFLA,1,Despesas Correntes,11,Despesas de Consumo,1101,Alimentacao,11011,Alimentação no domicílio,1101107,"Carnes, vísceras e pescados",11011074,Carnes e peixes industrializados,81036,APRESUNTADO e sinonimos,07502,,,,
81037,V8000_DEFLA,1,Despesas Correntes,11,Despesas de Consumo,1101,Alimentacao,11011,Alimentação no domicílio,1101113,Enlatados e conservas,1101113,Enlatados e conservas,81037,PATE DE CEBOLA EM CONSERVA e sinonimos,16104,,,,
81038,V8000_DEFLA,1,Despesas Correntes,11,Despesas de Consumo,1101,Alimentacao,11011,Alimentação no domicílio,1101113,Enlatados e conservas,1101113,Enlatados e conservas,81038,PATE DE BERINJELA EM CONSERVA e sinonimos,16104,,,,
81039,V8000_DEFLA,1,Despesas Correntes,11,Despesas de Consumo,1101,Alimentacao,11011,Alimentação no domicílio,1101107,"Carnes, vísceras e pescados",11011074,Carnes e peixes industrializados,81039,PURURUCA DE PORCO e sinonimos,16104,,,,
81040,V8000_DEFLA,1,Despesas Correntes,11,Despesas de Consumo,1101,Alimentacao,11011,Alimentação no domicílio,1101113,Enlatados e conservas,1101113,Enlatados e conservas,81040,PATE NAO-ESPECIFICADO,10107,,,,
81041,V8000_DEFLA,1,Despesas Correntes,11,Despesas de Consumo,1101,Alimentacao,11011,Alimentação no domicílio,1101108,Aves e ovos,11011084,Outros,81041,CARNE DE AVES DEFUMADA e sinonimos,07506,,,,
81042,V8000_DEFLA,1,Despesas Correntes,11,Despesas de Consumo,1101,Alimentacao,11011,Alimentação no domicílio,1101107,"Carnes, vísceras e pescados",11011074,Carnes e peixes industrializados,81042,"MASSA DE QUIBE, CROQUETE, SALGADINHO DE PEIXE, ETC. e sinonimos",16104,,,,
81043,V8000_DEFLA,1,Despesas Correntes,11,Despesas de Consumo,1101,Alimentacao,11011,Alimentação no domicílio,1101107,"Carnes, vísceras e pescados",11011074,Carnes e peixes industrializados,81043,CARNE SALGADA DE FEIJOADA e sinonimos,07506,,,,
81044,V8000_DEFLA,1,Despesas Correntes,11,Despesas de Consumo,1101,Alimentacao,11011,Alimentação no domicílio,1101107,"Carnes, vísceras e pescados",11011074,Carnes e peixes industrializados,81044,CARNE BOVINA EMPANADA,07208,,,,
81045,V8000_DEFLA,1,Despesas Correntes,11,Despesas de Consumo,1101,Alimentacao,11011,Alimentação no domicílio,1101107,"Carnes, vísceras e pescados",11011074,Carnes e peixes industrializados,81045,ALMONDEGA CONGELADA DE QUALQUER ANIMAL (CRUA) e sinonimos,07208,,,,
81046,V8000_DEFLA,1,Despesas Correntes,11,Despesas de Consumo,1101,Alimentacao,11011,Alimentação no domicílio,1101107,"Carnes, vísceras e pescados",11011074,Carnes e peixes industrializados,81046,CARNE SALGADA NAO-ESPECIFICADA,07506,,,,
81047,V8000_DEFLA,1,Despesas Correntes,11,Despesas de Consumo,1101,Alimentacao,11011,Alimentação no domicílio,1101107,"Carnes, vísceras e pescados",11011074,Carnes e peixes industrializados,81047,ROSBIFE E BIFE A MILANEZA INDUSTRIALIZADO SEMIPRONTO e sinonimos,07208,,,,
81048,V8000_DEFLA,1,Despesas Correntes,11,Despesas de Consumo,1101,Alimentacao,11011,Alimentação no domicílio,1101107,"Carnes, vísceras e pescados",11011074,Carnes e peixes industrializados,81048,CARNE SALGADA DE OUTROS ANIMAIS e sinonimos,07602,,,,
81049,V8000_DEFLA,1,Despesas Correntes,11,Despesas de Consumo,1101,Alimentacao,11011,Alimentação no domicílio,1101108,Aves e ovos,11011084,Outros,81049,FRANGO EMPANADO e sinonimos,10107,,,,
81050,V8000_DEFLA,1,Despesas Correntes,11,Despesas de Consumo,1101,Alimentacao,11011,Alimentação no domicílio,1101107,"Carnes, vísceras e pescados",11011074,Carnes e peixes industrializados,81050,MORTADELA LIGHT e sinonimos,07506,,,,
81051,V8000_DEFLA,1,Despesas Correntes,11,Despesas de Consumo,1101,Alimentacao,11011,Alimentação no domicílio,1101108,Aves e ovos,11011084,Outros,81051,HAMBURGUER DE FRANGO LIGHT e sinonimos,10107,,,,
81052,V8000_DEFLA,1,Despesas Correntes,11,Despesas de Consumo,1101,Alimentacao,11011,Alimentação no domicílio,1101107,"Carnes, vísceras e pescados",11011074,Carnes e peixes industrializados,81052,SALSICHA NO VAREJO LIGHT e sinonimos,07503,,,,
81053,V8000_DEFLA,1,Despesas Correntes,11,Despesas de Consumo,1101,Alimentacao,11011,Alimentação no domicílio,1101107,"Carnes, vísceras e pescados",11011074,Carnes e peixes industrializados,81053,LINGUICA NO VAREJO LIGHT e sinonimos,07503,,,,
81054,V8000_DEFLA,1,Despesas Correntes,11,Despesas de Consumo,1101,Alimentacao,11011,Alimentação no domicílio,1101107,"Carnes, vísceras e pescados",11011074,Carnes e peixes industrializados,81054,SALAME LIGHT e sinonimos,07506,,,,
81055,V8000_DEFLA,1,Despesas Correntes,11,Despesas de Consumo,1101,Alimentacao,11011,Alimentação no domicílio,1101108,Aves e ovos,11011084,Outros,81055,BLANQUET DE PERU LIGHT,10107,,,,
81056,V8000_DEFLA,1,Despesas Correntes,11,Despesas de Consumo,1101,Alimentacao,11011,Alimentação no domicílio,1101108,Aves e ovos,11011084,Outros,81056,HAMBURGUER DE PERU LIGHT e sinonimos,10107,,,,
81057,V8000_DEFLA,1,Despesas Correntes,11,Despesas de Consumo,1101,Alimentacao,11011,Alimentação no domicílio,1101107,"Carnes, vísceras e pescados",11011074,Carnes e peixes industrializados,81057,HAMBURGUER NAO-ESPECIFICADO LIGHT e sinonimos,10107,,,,
81058,V8000_DEFLA,1,Despesas Correntes,11,Despesas de Consumo,1101,Alimentacao,11011,Alimentação no domicílio,1101113,Enlatados e conservas,1101113,Enlatados e conservas,81058,PATE DE PRESUNTO EMBUTIDO LIGHT e sinonimos,07502,,,,
81059,V8000_DEFLA,1,Despesas Correntes,11,Despesas de Consumo,1101,Alimentacao,11011,Alimentação no domicílio,1101113,Enlatados e conservas,1101113,Enlatados e conservas,81059,PATE DE GALINHA EMBUTIDO LIGHT e sinonimos,10107,,,,
81060,V8000_DEFLA,1,Despesas Correntes,11,Despesas de Consumo,1101,Alimentacao,11011,Alimentação no domicílio,1101108,Aves e ovos,11011084,Outros,81060,PRESUNTO DE FRANGO LIGHT,07502,,,,
81061,V8000_DEFLA,1,Despesas Correntes,11,Despesas de Consumo,1101,Alimentacao,11011,Alimentação no domicílio,1101108,Aves e ovos,11011084,Outros,81061,PRESUNTO DE PERU LIGHT e sinonimos,07502,,,,
81062,V8000_DEFLA,1,Despesas Correntes,11,Despesas de Consumo,1101,Alimentacao,11011,Alimentação no domicílio,1101107,"Carnes, vísceras e pescados",11011074,Carnes e peixes industrializados,81062,PRESUNTO SUINO LIGHT e sinonimos,07502,,,,
81063,V8000_DEFLA,1,Despesas Correntes,11,Despesas de Consumo,1101,Alimentacao,11011,Alimentação no domicílio,1101107,"Carnes, vísceras e pescados",11011074,Carnes e peixes industrializados,81063,ESPINHACO DE PORCO SALGADO e sinonimos,07506,,,,
81064,V8000_DEFLA,1,Despesas Correntes,11,Despesas de Consumo,1101,Alimentacao,11011,Alimentação no domicílio,1101107,"Carnes, vísceras e pescados",11011074,Carnes e peixes industrializados,81064,DOBRADINHA SALGADA,08104,,,,
81065,V8000_DEFLA,1,Despesas Correntes,11,Despesas de Consumo,1101,Alimentacao,11011,Alimentação no domicílio,1101107,"Carnes, vísceras e pescados",11011074,Carnes e peixes industrializados,81065,RABO SUINO DEFUMADO,08103,,,,
81066,V8000_DEFLA,1,Despesas Correntes,11,Despesas de Consumo,1101,Alimentacao,11011,Alimentação no domicílio,1101107,"Carnes, vísceras e pescados",11011074,Carnes e peixes industrializados,81066,LINGUICA DE SOJA NO VAREJO,16104,,,,
81067,V8000_DEFLA,1,Despesas Correntes,11,Despesas de Consumo,1101,Alimentacao,11011,Alimentação no domicílio,1101107,"Carnes, vísceras e pescados",11011074,Carnes e peixes industrializados,81067,GARGANTA SUINA SALGADA,08103,,,,
81068,V8000_DEFLA,1,Despesas Correntes,11,Despesas de Consumo,1101,Alimentacao,11011,Alimentação no domicílio,1101107,"Carnes, vísceras e pescados",11011074,Carnes e peixes industrializados,81068,HAMBURGUER DE CARNE E FRANGO,10107,,,,
81069,V8000_DEFLA,1,Despesas Correntes,11,Despesas de Consumo,1101,Alimentacao,11011,Alimentação no domicílio,1101115,Alimentos preparados,1101115,Alimentos preparados,81069,BOLINHA DE QUEIJO SEMIPRONTA,16104,,,,
81070,V8000_DEFLA,1,Despesas Correntes,11,Despesas de Consumo,1101,Alimentacao,11011,Alimentação no domicílio,1101107,"Carnes, vísceras e pescados",11011074,Carnes e peixes industrializados,81070,RETALHO DE PRESUNTO,07502,,,,
81071,V8000_DEFLA,1,Despesas Correntes,11,Despesas de Consumo,1101,Alimentacao,11011,Alimentação no domicílio,1101107,"Carnes, vísceras e pescados",11011074,Carnes e peixes industrializados,81071,RETALHO DE FRIOS,07502,,,,
81072,V8000_DEFLA,1,Despesas Correntes,11,Despesas de Consumo,1101,Alimentacao,11011,Alimentação no domicílio,1101107,"Carnes, vísceras e pescados",11011074,Carnes e peixes industrializados,81072,HAMBURGUER DE CARNE SUINA,07506,,,,
81073,V8000_DEFLA,1,Despesas Correntes,11,Despesas de Consumo,1101,Alimentacao,11011,Alimentação no domicílio,1101107,"Carnes, vísceras e pescados",11011074,Carnes e peixes industrializados,81073,HAMBURGUER DE SOJA,16104,,,,
81074,V8000_DEFLA,1,Despesas Correntes,11,Despesas de Consumo,1101,Alimentacao,11011,Alimentação no domicílio,1101107,"Carnes, vísceras e pescados",11011074,Carnes e peixes industrializados,81074,ALMONDEGA DE SOJA,16104,,,,
81075,V8000_DEFLA,1,Despesas Correntes,11,Despesas de Consumo,1101,Alimentacao,11011,Alimentação no domicílio,1101113,Enlatados e conservas,1101113,Enlatados e conservas,81075,PATE DE PERU LIGHT,10107,,,,
81076,V8000_DEFLA,1,Despesas Correntes,11,Despesas de Consumo,1101,Alimentacao,11011,Alimentação no domicílio,1101113,Enlatados e conservas,1101113,Enlatados e conservas,81076,PATE DE FIGADO LIGHT,10107,,,,
81077,V8000_DEFLA,1,Despesas Correntes,11,Despesas de Consumo,1101,Alimentacao,11011,Alimentação no domicílio,1101113,Enlatados e conservas,1101113,Enlatados e conservas,81077,PATE DE TORRESMO,16104,,,,
81078,V8000_DEFLA,1,Despesas Correntes,11,Despesas de Consumo,1101,Alimentacao,11011,Alimentação no domicílio,1101107,"Carnes, vísceras e pescados",11011074,Carnes e peixes industrializados,81078,CRACOVIA,07506,,,,
81079,V8000_DEFLA,1,Despesas Correntes,11,Despesas de Consumo,1101,Alimentacao,11011,Alimentação no domicílio,1101115,Alimentos preparados,1101115,Alimentos preparados,81079,SANDUICHE SEMIPRONTO,16104,,,,
81080,V8000_DEFLA,1,Despesas Correntes,11,Despesas de Consumo,1101,Alimentacao,11011,Alimentação no domicílio,1101107,"Carnes, vísceras e pescados",11011074,Carnes e peixes industrializados,81080,CAMARAO EMPANADO SEMIPRONTO,09102,,,,
81081,V8000_DEFLA,1,Despesas Correntes,11,Despesas de Consumo,1101,Alimentacao,11011,Alimentação no domicílio,1101108,Aves e ovos,11011084,Outros,81081,FRANGO A PARMEGIANA SEMIPRONTO e sinonimos,10107,,,,
81082,V8000_DEFLA,1,Despesas Correntes,11,Despesas de Consumo,1101,Alimentacao,11011,Alimentação no domicílio,1101107,"Carnes, vísceras e pescados",11011074,Carnes e peixes industrializados,81082,GELEIA SUINA,07506,,,,
81083,V8000_DEFLA,1,Despesas Correntes,11,Despesas de Consumo,1101,Alimentacao,11011,Alimentação no domicílio,1101107,"Carnes, vísceras e pescados",11011074,Carnes e peixes industrializados,81083,EMPANADO NAO ESPECIFICADO SEMIPRONTO,07506,,,,
81084,V8000_DEFLA,1,Despesas Correntes,11,Despesas de Consumo,1101,Alimentacao,11011,Alimentação no domicílio,1101115,Alimentos preparados,1101115,Alimentos preparados,81084,PAELLA,16104,,,,
82001,V8000_DEFLA,1,Despesas Correntes,11,Despesas de Consumo,1101,Alimentacao,11011,Alimentação no domicílio,1101112,Bebidas e infusões,11011122,Refrigerantes,82001,REFRIGERANTE DE COLA e sinonimos,15202,,,,
82002,V8000_DEFLA,1,Despesas Correntes,11,Despesas de Consumo,1101,Alimentacao,11011,Alimentação no domicílio,1101112,Bebidas e infusões,11011122,Refrigerantes,82002,REFRIGERANTE DE LARANJA e sinonimos,15204,,,,
82003,V8000_DEFLA,1,Despesas Correntes,11,Despesas de Consumo,1101,Alimentacao,11011,Alimentação no domicílio,1101112,Bebidas e infusões,11011122,Refrigerantes,82003,REFRIGERANTE DE GUARANA e sinonimos,15203,,,,
82004,V8000_DEFLA,1,Despesas Correntes,11,Despesas de Consumo,1101,Alimentacao,11011,Alimentação no domicílio,1101112,Bebidas e infusões,11011122,Refrigerantes,82004,REFRIGERANTE DE LIMAO e sinonimos,15205,,,,
82005,V8000_DEFLA,1,Despesas Correntes,11,Despesas de Consumo,1101,Alimentacao,11011,Alimentação no domicílio,1101112,Bebidas e infusões,11011122,Refrigerantes,82005,REFRIGERANTE DE UVA e sinonimos,15206,,,,
82006,V8000_DEFLA,1,Despesas Correntes,11,Despesas de Consumo,1101,Alimentacao,11011,Alimentação no domicílio,1101112,Bebidas e infusões,11011122,Refrigerantes,82006,REFRIGERANTE MINEIRINHO e sinonimos,15206,,,,
82007,V8000_DEFLA,1,Despesas Correntes,11,Despesas de Consumo,1101,Alimentacao,11011,Alimentação no domicílio,1101112,Bebidas e infusões,11011123,Bebidas não alcoólicas light e diet,82007,REFRIGERANTE DE COLA LIGHT e sinonimos,15202,,,,
82008,V8000_DEFLA,1,Despesas Correntes,11,Despesas de Consumo,1101,Alimentacao,11011,Alimentação no domicílio,1101112,Bebidas e infusões,11011123,Bebidas não alcoólicas light e diet,82008,REFRIGERANTE DE COLA DIET e sinonimos,15202,,,,
82009,V8000_DEFLA,1,Despesas Correntes,11,Despesas de Consumo,1101,Alimentacao,11011,Alimentação no domicílio,1101112,Bebidas e infusões,11011122,Refrigerantes,82009,REFRIGERANTE MINUANO e sinonimos,15206,,,,
82010,V8000_DEFLA,1,Despesas Correntes,11,Despesas de Consumo,1101,Alimentacao,11011,Alimentação no domicílio,1101112,Bebidas e infusões,11011122,Refrigerantes,82010,REFRIGERANTE AGUA MINERAL e sinonimos,15201,,,,
82011,V8000_DEFLA,1,Despesas Correntes,11,Despesas de Consumo,1101,Alimentacao,11011,Alimentação no domicílio,1101112,Bebidas e infusões,11011122,Refrigerantes,82011,REFRIGERANTE DE MATE e sinonimos,15206,,,,
82012,V8000_DEFLA,1,Despesas Correntes,11,Despesas de Consumo,1101,Alimentacao,11011,Alimentação no domicílio,1101112,Bebidas e infusões,11011122,Refrigerantes,82012,REFRIGERANTE BIDU e sinonimos,15206,,,,
82013,V8000_DEFLA,1,Despesas Correntes,11,Despesas de Consumo,1101,Alimentacao,11011,Alimentação no domicílio,1101112,Bebidas e infusões,11011122,Refrigerantes,82013,REFRIGERANTE JAO e sinonimos,15206,,,,
82014,V8000_DEFLA,1,Despesas Correntes,11,Despesas de Consumo,1101,Alimentacao,11011,Alimentação no domicílio,1101112,Bebidas e infusões,11011122,Refrigerantes,82014,REFRIGERANTE ALOA e sinonimos,15206,,,,
82015,V8000_DEFLA,1,Despesas Correntes,11,Despesas de Consumo,1101,Alimentacao,11011,Alimentação no domicílio,1101112,Bebidas e infusões,11011123,Bebidas não alcoólicas light e diet,82015,REFRIGERANTE DE LARANJA LIGHT e sinonimos,15204,,,,
82016,V8000_DEFLA,1,Despesas Correntes,11,Despesas de Consumo,1101,Alimentacao,11011,Alimentação no domicílio,1101112,Bebidas e infusões,11011123,Bebidas não alcoólicas light e diet,82016,REFRIGERANTE DE GUARANA LIGHT e sinonimos,15203,,,,
82017,V8000_DEFLA,1,Despesas Correntes,11,Despesas de Consumo,1101,Alimentacao,11011,Alimentação no domicílio,1101112,Bebidas e infusões,11011122,Refrigerantes,82017,REFRIGERANTE XODO DA BAHIA e sinonimos,15206,,,,
82018,V8000_DEFLA,1,Despesas Correntes,11,Despesas de Consumo,1101,Alimentacao,11011,Alimentação no domicílio,1101112,Bebidas e infusões,11011122,Refrigerantes,82018,REFRIGERANTE TUBAINA e sinonimos,15206,,,,
82019,V8000_DEFLA,1,Despesas Correntes,11,Despesas de Consumo,1101,Alimentacao,11011,Alimentação no domicílio,1101112,Bebidas e infusões,11011123,Bebidas não alcoólicas light e diet,82019,REFRIGERANTE TUBAINA LIGHT e sinonimos,15206,,,,
82020,V8000_DEFLA,1,Despesas Correntes,11,Despesas de Consumo,1101,Alimentacao,11011,Alimentação no domicílio,1101112,Bebidas e infusões,11011126,Outras,82020,CALDO DE CANA e sinonimos,15209,,,,
82021,V8000_DEFLA,1,Despesas Correntes,11,Despesas de Consumo,1101,Alimentacao,11011,Alimentação no domicílio,1101112,Bebidas e infusões,11011126,Outras,82021,AGUA DE COCO,15209,,,,
82022,V8000_DEFLA,1,Despesas Correntes,11,Despesas de Consumo,1101,Alimentacao,11011,Alimentação no domicílio,1101112,Bebidas e infusões,11011126,Outras,82022,SUCO DE FRUTA OU VEGETAL ENGARRAFADO e sinonimos,15208,,,,
82023,V8000_DEFLA,1,Despesas Correntes,11,Despesas de Consumo,1101,Alimentacao,11011,Alimentação no domicílio,1101112,Bebidas e infusões,11011126,Outras,82023,REFRESCO DE FRUTA ENGARRAFADO e sinonimos,15208,,,,
82024,V8000_DEFLA,1,Despesas Correntes,11,Despesas de Consumo,1101,Alimentacao,11011,Alimentação no domicílio,1101112,Bebidas e infusões,11011126,Outras,82024,SUCO DE FRUTA OU VEGETAL ARTIFICIAL EM PO e sinonimos,15207,,,,
82025,V8000_DEFLA,1,Despesas Correntes,11,Despesas de Consumo,1101,Alimentacao,11011,Alimentação no domicílio,1101112,Bebidas e infusões,11011121,Café moído,82025,CAFE MOIDO e sinonimos,15301,,,,
82026,V8000_DEFLA,1,Despesas Correntes,11,Despesas de Consumo,1101,Alimentacao,11011,Alimentação no domicílio,1101112,Bebidas e infusões,11011126,Outras,82026,CAFE SOLUVEL e sinonimos,15302,,,,
82027,V8000_DEFLA,1,Despesas Correntes,11,Despesas de Consumo,1101,Alimentacao,11011,Alimentação no domicílio,1101112,Bebidas e infusões,11011126,Outras,82027,CHA PRETO e sinonimos,15402,,,,
82028,V8000_DEFLA,1,Despesas Correntes,11,Despesas de Consumo,1101,Alimentacao,11011,Alimentação no domicílio,1101112,Bebidas e infusões,11011126,Outras,82028,CHA MATE e sinonimos,15401,,,,
82029,V8000_DEFLA,1,Despesas Correntes,11,Despesas de Consumo,1101,Alimentacao,11011,Alimentação no domicílio,1101112,Bebidas e infusões,11011126,Outras,82029,ERVA DOCE CHA e sinonimos,15402,,,,
82030,V8000_DEFLA,1,Despesas Correntes,11,Despesas de Consumo,1101,Alimentacao,11011,Alimentação no domicílio,1101112,Bebidas e infusões,11011126,Outras,82030,HORTELA CHA e sinonimos,15402,,,,
82031,V8000_DEFLA,1,Despesas Correntes,11,Despesas de Consumo,1101,Alimentacao,11011,Alimentação no domicílio,1101112,Bebidas e infusões,11011126,Outras,82031,CANELA CHA e sinonimos,15402,,,,
82032,V8000_DEFLA,1,Despesas Correntes,11,Despesas de Consumo,1101,Alimentacao,11011,Alimentação no domicílio,1101112,Bebidas e infusões,11011126,Outras,82032,CAMOMILA CHA e sinonimos,15402,,,,
82033,V8000_DEFLA,1,Despesas Correntes,11,Despesas de Consumo,1101,Alimentacao,11011,Alimentação no domicílio,1101112,Bebidas e infusões,11011126,Outras,82033,ERVA CIDREIRA CHA e sinonimos,15402,,,,
82034,V8000_DEFLA,1,Despesas Correntes,11,Despesas de Consumo,1101,Alimentacao,11011,Alimentação no domicílio,1101112,Bebidas e infusões,11011126,Outras,82034,LEVEDO DE CERVEJA e sinonimos,15102,,,,
82035,V8000_DEFLA,1,Despesas Correntes,11,Despesas de Consumo,1101,Alimentacao,11011,Alimentação no domicílio,1101112,Bebidas e infusões,11011122,Refrigerantes,82035,REFRIGERANTE NAO-ESPECIFICADO,15206,,,,
82036,V8000_DEFLA,1,Despesas Correntes,11,Despesas de Consumo,1101,Alimentacao,11011,Alimentação no domicílio,1101112,Bebidas e infusões,11011126,Outras,82036,CAFE DE CEVADA e sinonimos,15209,,,,
82037,V8000_DEFLA,1,Despesas Correntes,11,Despesas de Consumo,1101,Alimentacao,11011,Alimentação no domicílio,1101112,Bebidas e infusões,11011126,Outras,82037,CAFE EM GRAO,15303,,,,
82038,V8000_DEFLA,1,Despesas Correntes,11,Despesas de Consumo,1101,Alimentacao,11011,Alimentação no domicílio,1101112,Bebidas e infusões,11011126,Outras,82038,REFRESCO EM SACO PLASTICO e sinonimos,15208,,,,
82039,V8000_DEFLA,1,Despesas Correntes,11,Despesas de Consumo,1101,Alimentacao,11011,Alimentação no domicílio,1101112,Bebidas e infusões,11011126,Outras,82039,CAFE COM LEITE EM PO,15302,,,,
82040,V8000_DEFLA,1,Despesas Correntes,11,Despesas de Consumo,1101,Alimentacao,11011,Alimentação no domicílio,1101112,Bebidas e infusões,11011123,Bebidas não alcoólicas light e diet,82040,REFRIGERANTE DE MACA LIGHT e sinonimos,15206,,,,
82041,V8000_DEFLA,1,Despesas Correntes,11,Despesas de Consumo,1101,Alimentacao,11011,Alimentação no domicílio,1101112,Bebidas e infusões,11011122,Refrigerantes,82041,REFRIGERANTE DE MACA e sinonimos,15206,,,,
82042,V8000_DEFLA,1,Despesas Correntes,11,Despesas de Consumo,1101,Alimentacao,11011,Alimentação no domicílio,1101112,Bebidas e infusões,11011122,Refrigerantes,82042,REFRIGERANTE DE TUTI FRUTI e sinonimos,15206,,,,
82043,V8000_DEFLA,1,Despesas Correntes,11,Despesas de Consumo,1101,Alimentacao,11011,Alimentação no domicílio,1101112,Bebidas e infusões,11011122,Refrigerantes,82043,REFRIGERANTE DE TANGERINA e sinonimos,15206,,,,
82044,V8000_DEFLA,1,Despesas Correntes,11,Despesas de Consumo,1101,Alimentacao,11011,Alimentação no domicílio,1101112,Bebidas e infusões,11011126,Outras,82044,MARCELA CHA e sinonimos,15402,,,,
82045,V8000_DEFLA,1,Despesas Correntes,11,Despesas de Consumo,1101,Alimentacao,11011,Alimentação no domicílio,1101112,Bebidas e infusões,11011126,Outras,82045,CHOCOLATE ENGARRAFADO OU ENCARTONADO e sinonimos,11106,,,,
82046,V8000_DEFLA,1,Despesas Correntes,11,Despesas de Consumo,1101,Alimentacao,11011,Alimentação no domicílio,1101112,Bebidas e infusões,11011122,Refrigerantes,82046,REFRIGERANTE DE CAJU e sinonimos,15206,,,,
82047,V8000_DEFLA,1,Despesas Correntes,11,Despesas de Consumo,1101,Alimentacao,11011,Alimentação no domicílio,1101112,Bebidas e infusões,11011126,Outras,82047,SUCO DE FRUTA OU VEGETAL ENCARTONADO e sinonimos,15208,,,,
82048,V8000_DEFLA,1,Despesas Correntes,11,Despesas de Consumo,1101,Alimentacao,11011,Alimentação no domicílio,1101112,Bebidas e infusões,11011126,Outras,82048,"GELO EM CUBO, PEDRA, ETC. e sinonimos",15201,,,,
82049,V8000_DEFLA,1,Despesas Correntes,11,Despesas de Consumo,1101,Alimentacao,11011,Alimentação no domicílio,1101112,Bebidas e infusões,11011122,Refrigerantes,82049,REFRIGERANTE AGUA TONICA e sinonimos,15206,,,,
82050,V8000_DEFLA,1,Despesas Correntes,11,Despesas de Consumo,1101,Alimentacao,11011,Alimentação no domicílio,1101112,Bebidas e infusões,11011126,Outras,82050,CAFE DESCAFEINADO,15302,,,,
82051,V8000_DEFLA,1,Despesas Correntes,11,Despesas de Consumo,1101,Alimentacao,11011,Alimentação no domicílio,1101112,Bebidas e infusões,11011126,Outras,82051,SUCO DE FRUTA OU VEGETAL EM LATA e sinonimos,15208,,,,
82052,V8000_DEFLA,1,Despesas Correntes,11,Despesas de Consumo,1101,Alimentacao,11011,Alimentação no domicílio,1101112,Bebidas e infusões,11011123,Bebidas não alcoólicas light e diet,82052,CHA DIET e sinonimos,15402,,,,
82053,V8000_DEFLA,1,Despesas Correntes,11,Despesas de Consumo,1101,Alimentacao,11011,Alimentação no domicílio,1101112,Bebidas e infusões,11011126,Outras,82053,SUCO DE FRUTA OU VEGETAL EM SACO PLASTICO e sinonimos,15208,,,,
82054,V8000_DEFLA,1,Despesas Correntes,11,Despesas de Consumo,1101,Alimentacao,11011,Alimentação no domicílio,1101112,Bebidas e infusões,11011122,Refrigerantes,82054,REFRIGERANTE PARAGUAI e sinonimos,15206,,,,
82055,V8000_DEFLA,1,Despesas Correntes,11,Despesas de Consumo,1101,Alimentacao,11011,Alimentação no domicílio,1101112,Bebidas e infusões,11011122,Refrigerantes,82055,REFRIGERANTE GOIANINHA e sinonimos,15206,,,,
82056,V8000_DEFLA,1,Despesas Correntes,11,Despesas de Consumo,1101,Alimentacao,11011,Alimentação no domicílio,1101112,Bebidas e infusões,11011126,Outras,82056,MULTIERVAS CHA e sinonimos,15402,,,,
82057,V8000_DEFLA,1,Despesas Correntes,11,Despesas de Consumo,1101,Alimentacao,11011,Alimentação no domicílio,1101112,Bebidas e infusões,11011122,Refrigerantes,82057,REFRIGERANTE REAL e sinonimos,15206,,,,
82058,V8000_DEFLA,1,Despesas Correntes,11,Despesas de Consumo,1101,Alimentacao,11011,Alimentação no domicílio,1101112,Bebidas e infusões,11011122,Refrigerantes,82058,REFRIGERANTE ENERGETICO e sinonimos,15206,,,,
82059,V8000_DEFLA,1,Despesas Correntes,11,Despesas de Consumo,1101,Alimentacao,11011,Alimentação no domicílio,1101112,Bebidas e infusões,11011126,Outras,82059,BEBIDA ENERGETICA,15209,,,,
82060,V8000_DEFLA,1,Despesas Correntes,11,Despesas de Consumo,1101,Alimentacao,11011,Alimentação no domicílio,1101112,Bebidas e infusões,11011126,Outras,82060,BEBIDA NAO-ALCOOLICA NAO-ESPECIFICADA,15209,,,,
82061,V8000_DEFLA,1,Despesas Correntes,11,Despesas de Consumo,1101,Alimentacao,11011,Alimentação no domicílio,1101112,Bebidas e infusões,11011126,Outras,82061,OUTRO CHA e sinonimos,15402,,,,
82062,V8000_DEFLA,1,Despesas Correntes,11,Despesas de Consumo,1101,Alimentacao,11011,Alimentação no domicílio,1101112,Bebidas e infusões,11011126,Outras,82062,SUCO DE FRUTA OU VEGETAL NAO-ESPECIFICADO,15208,,,,
82063,V8000_DEFLA,1,Despesas Correntes,11,Despesas de Consumo,1101,Alimentacao,11011,Alimentação no domicílio,1101112,Bebidas e infusões,11011126,Outras,82063,CHA NAO-ESPECIFICADO,15402,,,,
82064,V8000_DEFLA,1,Despesas Correntes,11,Despesas de Consumo,1101,Alimentacao,11011,Alimentação no domicílio,1101112,Bebidas e infusões,11011126,Outras,82064,CAFE CAPUCCINO SOLUVEL e sinonimos,15302,,,,
82065,V8000_DEFLA,1,Despesas Correntes,11,Despesas de Consumo,1101,Alimentacao,11011,Alimentação no domicílio,1101112,Bebidas e infusões,11011126,Outras,82065,ARRUDA CHA e sinonimos,15402,,,,
82066,V8000_DEFLA,1,Despesas Correntes,11,Despesas de Consumo,1101,Alimentacao,11011,Alimentação no domicílio,1101112,Bebidas e infusões,11011126,Outras,82066,BOLDO CHA e sinonimos,15402,,,,
82067,V8000_DEFLA,1,Despesas Correntes,11,Despesas de Consumo,1101,Alimentacao,11011,Alimentação no domicílio,1101112,Bebidas e infusões,11011122,Refrigerantes,82067,REFRIGERANTE CITRICO e sinonimos,15206,,,,
82068,V8000_DEFLA,1,Despesas Correntes,11,Despesas de Consumo,1101,Alimentacao,11011,Alimentação no domicílio,1101112,Bebidas e infusões,11011122,Refrigerantes,82068,REFRIGERANTE DE ABACAXI e sinonimos,15206,,,,
82069,V8000_DEFLA,1,Despesas Correntes,11,Despesas de Consumo,1101,Alimentacao,11011,Alimentação no domicílio,1101112,Bebidas e infusões,11011122,Refrigerantes,82069,REFRIGERANTE DE ABACAXI COM GUARANA,15206,,,,
82070,V8000_DEFLA,1,Despesas Correntes,11,Despesas de Consumo,1101,Alimentacao,11011,Alimentação no domicílio,1101112,Bebidas e infusões,11011122,Refrigerantes,82070,REFRIGERANTE DE FRAMBOESA,15206,,,,
82071,V8000_DEFLA,1,Despesas Correntes,11,Despesas de Consumo,1101,Alimentacao,11011,Alimentação no domicílio,1101112,Bebidas e infusões,11011122,Refrigerantes,82071,REFRIGERANTE DE MORANGO e sinonimos,15206,,,,
82072,V8000_DEFLA,1,Despesas Correntes,11,Despesas de Consumo,1101,Alimentacao,11011,Alimentação no domicílio,1101112,Bebidas e infusões,11011122,Refrigerantes,82072,REFRIGERANTE DE MARACUJA,15206,,,,
82073,V8000_DEFLA,1,Despesas Correntes,11,Despesas de Consumo,1101,Alimentacao,11011,Alimentação no domicílio,1101112,Bebidas e infusões,11011122,Refrigerantes,82073,REFRIGERANTE DE GENGIBRE,15206,,,,
82074,V8000_DEFLA,1,Despesas Correntes,11,Despesas de Consumo,1101,Alimentacao,11011,Alimentação no domicílio,1101112,Bebidas e infusões,11011123,Bebidas não alcoólicas light e diet,82074,REFRIGERANTE DE GUARANA DIET e sinonimos,15203,,,,
82075,V8000_DEFLA,1,Despesas Correntes,11,Despesas de Consumo,1101,Alimentacao,11011,Alimentação no domicílio,1101112,Bebidas e infusões,11011123,Bebidas não alcoólicas light e diet,82075,REFRIGERANTE DE LIMAO LIGHT e sinonimos,15205,,,,
82076,V8000_DEFLA,1,Despesas Correntes,11,Despesas de Consumo,1101,Alimentacao,11011,Alimentação no domicílio,1101112,Bebidas e infusões,11011123,Bebidas não alcoólicas light e diet,82076,REFRIGERANTE DE LIMAO DIET e sinonimos,15205,,,,
82077,V8000_DEFLA,1,Despesas Correntes,11,Despesas de Consumo,1101,Alimentacao,11011,Alimentação no domicílio,1101112,Bebidas e infusões,11011123,Bebidas não alcoólicas light e diet,82077,REFRIGERANTE DE UVA LIGHT e sinonimos,15206,,,,
82078,V8000_DEFLA,1,Despesas Correntes,11,Despesas de Consumo,1101,Alimentacao,11011,Alimentação no domicílio,1101112,Bebidas e infusões,11011123,Bebidas não alcoólicas light e diet,82078,REFRIGERANTE MINEIRINHO LIGHT e sinonimos,15206,,,,
82079,V8000_DEFLA,1,Despesas Correntes,11,Despesas de Consumo,1101,Alimentacao,11011,Alimentação no domicílio,1101112,Bebidas e infusões,11011123,Bebidas não alcoólicas light e diet,82079,REFRIGERANTE MINUANO LIGHT e sinonimos,15206,,,,
82080,V8000_DEFLA,1,Despesas Correntes,11,Despesas de Consumo,1101,Alimentacao,11011,Alimentação no domicílio,1101112,Bebidas e infusões,11011126,Outras,82080,AGUA POTAVEL e sinonimos,15201,,,,
82081,V8000_DEFLA,1,Despesas Correntes,11,Despesas de Consumo,1101,Alimentacao,11011,Alimentação no domicílio,1101112,Bebidas e infusões,11011123,Bebidas não alcoólicas light e diet,82081,REFRIGERANTE DE MATE LIGHT e sinonimos,15206,,,,
82082,V8000_DEFLA,1,Despesas Correntes,11,Despesas de Consumo,1101,Alimentacao,11011,Alimentação no domicílio,1101112,Bebidas e infusões,11011123,Bebidas não alcoólicas light e diet,82082,REFRIGERANTE BIDU LIGHT e sinonimos,15206,,,,
82083,V8000_DEFLA,1,Despesas Correntes,11,Despesas de Consumo,1101,Alimentacao,11011,Alimentação no domicílio,1101112,Bebidas e infusões,11011123,Bebidas não alcoólicas light e diet,82083,REFRIGERANTE JAO LIGHT e sinonimos,15206,,,,
82084,V8000_DEFLA,1,Despesas Correntes,11,Despesas de Consumo,1101,Alimentacao,11011,Alimentação no domicílio,1101112,Bebidas e infusões,11011123,Bebidas não alcoólicas light e diet,82084,REFRIGERANTE ALOA LIGHT e sinonimos,15206,,,,
82085,V8000_DEFLA,1,Despesas Correntes,11,Despesas de Consumo,1101,Alimentacao,11011,Alimentação no domicílio,1101112,Bebidas e infusões,11011123,Bebidas não alcoólicas light e diet,82085,REFRIGERANTE XODO DA BAHIA LIGHT e sinonimos,15206,,,,
82086,V8000_DEFLA,1,Despesas Correntes,11,Despesas de Consumo,1101,Alimentacao,11011,Alimentação no domicílio,1101112,Bebidas e infusões,11011126,Outras,82086,CAFE COM LEITE SOLUVEL,15302,,,,
82087,V8000_DEFLA,1,Despesas Correntes,11,Despesas de Consumo,1101,Alimentacao,11011,Alimentação no domicílio,1101112,Bebidas e infusões,11011123,Bebidas não alcoólicas light e diet,82087,REFRIGERANTE DE TUTI FRUTI LIGHT e sinonimos,15206,,,,
82088,V8000_DEFLA,1,Despesas Correntes,11,Despesas de Consumo,1101,Alimentacao,11011,Alimentação no domicílio,1101112,Bebidas e infusões,11011123,Bebidas não alcoólicas light e diet,82088,REFRIGERANTE DE TANGERINA LIGHT e sinonimos,15206,,,,
82089,V8000_DEFLA,1,Despesas Correntes,11,Despesas de Consumo,1101,Alimentacao,11011,Alimentação no domicílio,1101112,Bebidas e infusões,11011123,Bebidas não alcoólicas light e diet,82089,REFRIGERANTE DE CAJU LIGHT e sinonimos,15206,,,,
82090,V8000_DEFLA,1,Despesas Correntes,11,Despesas de Consumo,1101,Alimentacao,11011,Alimentação no domicílio,1101112,Bebidas e infusões,11011123,Bebidas não alcoólicas light e diet,82090,REFRIGERANTE AGUA TONICA LIGHT e sinonimos,15206,,,,
82091,V8000_DEFLA,1,Despesas Correntes,11,Despesas de Consumo,1101,Alimentacao,11011,Alimentação no domicílio,1101112,Bebidas e infusões,11011123,Bebidas não alcoólicas light e diet,82091,REFRIGERANTE PARAGUAI LIGHT e sinonimos,15206,,,,
82092,V8000_DEFLA,1,Despesas Correntes,11,Despesas de Consumo,1101,Alimentacao,11011,Alimentação no domicílio,1101112,Bebidas e infusões,11011123,Bebidas não alcoólicas light e diet,82092,REFRIGERANTE GOIANINHA LIGHT e sinonimos,15206,,,,
82093,V8000_DEFLA,1,Despesas Correntes,11,Despesas de Consumo,1101,Alimentacao,11011,Alimentação no domicílio,1101112,Bebidas e infusões,11011123,Bebidas não alcoólicas light e diet,82093,REFRIGERANTE REAL LIGHT e sinonimos,15206,,,,
82094,V8000_DEFLA,1,Despesas Correntes,11,Despesas de Consumo,1101,Alimentacao,11011,Alimentação no domicílio,1101112,Bebidas e infusões,11011123,Bebidas não alcoólicas light e diet,82094,REFRIGERANTE CITRICO LIGHT e sinonimos,15206,,,,
82095,V8000_DEFLA,1,Despesas Correntes,11,Despesas de Consumo,1101,Alimentacao,11011,Alimentação no domicílio,1101112,Bebidas e infusões,11011123,Bebidas não alcoólicas light e diet,82095,REFRIGERANTE DE ABACAXI LIGHT,15206,,,,
82096,V8000_DEFLA,1,Despesas Correntes,11,Despesas de Consumo,1101,Alimentacao,11011,Alimentação no domicílio,1101112,Bebidas e infusões,11011123,Bebidas não alcoólicas light e diet,82096,REFRIGERANTE DE ABACAXI COM GUARANA LIGHT,15206,,,,
82097,V8000_DEFLA,1,Despesas Correntes,11,Despesas de Consumo,1101,Alimentacao,11011,Alimentação no domicílio,1101112,Bebidas e infusões,11011123,Bebidas não alcoólicas light e diet,82097,REFRIGERANTE DE FRAMBOESA LIGHT,15206,,,,
82098,V8000_DEFLA,1,Despesas Correntes,11,Despesas de Consumo,1101,Alimentacao,11011,Alimentação no domicílio,1101112,Bebidas e infusões,11011123,Bebidas não alcoólicas light e diet,82098,REFRIGERANTE DE MORANGO LIGHT,15206,,,,
82099,V8000_DEFLA,1,Despesas Correntes,11,Despesas de Consumo,1101,Alimentacao,11011,Alimentação no domicílio,1101112,Bebidas e infusões,11011123,Bebidas não alcoólicas light e diet,82099,REFRIGERANTE DE MARACUJA LIGHT,15206,,,,
82100,V8000_DEFLA,1,Despesas Correntes,11,Despesas de Consumo,1101,Alimentacao,11011,Alimentação no domicílio,1101112,Bebidas e infusões,11011123,Bebidas não alcoólicas light e diet,82100,REFRIGERANTE DE GENGIBRE LIGHT,15206,,,,
82101,V8000_DEFLA,1,Despesas Correntes,11,Despesas de Consumo,1101,Alimentacao,11011,Alimentação no domicílio,1101112,Bebidas e infusões,11011126,Outras,82101,SUCO DE FRUTA OU VEGETAL ORGANICO ENGARRAFADO e sinonimos,15208,,,,
82102,V8000_DEFLA,1,Despesas Correntes,11,Despesas de Consumo,1101,Alimentacao,11011,Alimentação no domicílio,1101112,Bebidas e infusões,11011126,Outras,82102,SUCO DE FRUTA OU VEGETAL ORGANICO ENCARTONADO e sinonimos,15208,,,,
82103,V8000_DEFLA,1,Despesas Correntes,11,Despesas de Consumo,1101,Alimentacao,11011,Alimentação no domicílio,1101112,Bebidas e infusões,11011126,Outras,82103,SUCO DE FRUTA OU VEGETAL ORGANICO EM LATA e sinonimos,15208,,,,
82104,V8000_DEFLA,1,Despesas Correntes,11,Despesas de Consumo,1101,Alimentacao,11011,Alimentação no domicílio,1101112,Bebidas e infusões,11011126,Outras,82104,SUCO DE FRUTA OU VEGETAL ORGANICO EM SACO PLASTICO e sinonimos,15208,,,,
82105,V8000_DEFLA,1,Despesas Correntes,11,Despesas de Consumo,1101,Alimentacao,11011,Alimentação no domicílio,1101112,Bebidas e infusões,11011126,Outras,82105,SUCO DE FRUTA OU VEGETAL ORGANICO NAO-ESPECIFICADO,15208,,,,
82106,V8000_DEFLA,1,Despesas Correntes,11,Despesas de Consumo,1101,Alimentacao,11011,Alimentação no domicílio,1101112,Bebidas e infusões,11011121,Café moído,82106,CAFE MOIDO ORGANICO e sinonimos,15301,,,,
82107,V8000_DEFLA,1,Despesas Correntes,11,Despesas de Consumo,1101,Alimentacao,11011,Alimentação no domicílio,1101112,Bebidas e infusões,11011126,Outras,82107,CAFE SOLUVEL ORGANICO e sinonimos,15302,,,,
82108,V8000_DEFLA,1,Despesas Correntes,11,Despesas de Consumo,1101,Alimentacao,11011,Alimentação no domicílio,1101112,Bebidas e infusões,11011126,Outras,82108,CAFE EM GRAO ORGANICO,15301,,,,
82109,V8000_DEFLA,1,Despesas Correntes,11,Despesas de Consumo,1101,Alimentacao,11011,Alimentação no domicílio,1101112,Bebidas e infusões,11011126,Outras,82109,CAFE DESCAFEINADO ORGANICO,15302,,,,
82110,V8000_DEFLA,1,Despesas Correntes,11,Despesas de Consumo,1101,Alimentacao,11011,Alimentação no domicílio,1101112,Bebidas e infusões,11011123,Bebidas não alcoólicas light e diet,82110,SUCO DE FRUTA OU VEGETAL ARTIFICIAL EM PO LIGHT e sinonimos,15207,,,,
82111,V8000_DEFLA,1,Despesas Correntes,11,Despesas de Consumo,1101,Alimentacao,11011,Alimentação no domicílio,1101112,Bebidas e infusões,11011123,Bebidas não alcoólicas light e diet,82111,SUCO DE FRUTA OU VEGETAL ARTIFICIAL EM PO DIET e sinonimos,15207,,,,
82112,V8000_DEFLA,1,Despesas Correntes,11,Despesas de Consumo,1101,Alimentacao,11011,Alimentação no domicílio,1101112,Bebidas e infusões,11011123,Bebidas não alcoólicas light e diet,82112,CHOCOLATE ENGARRAFADO OU ENCARTONADO LIGHT e sinonimos,15209,,,,
82113,V8000_DEFLA,1,Despesas Correntes,11,Despesas de Consumo,1101,Alimentacao,11011,Alimentação no domicílio,1101112,Bebidas e infusões,11011123,Bebidas não alcoólicas light e diet,82113,CHOCOLATE ENGARRAFADO OU ENCARTONADO DIET e sinonimos,15209,,,,
82114,V8000_DEFLA,1,Despesas Correntes,11,Despesas de Consumo,1101,Alimentacao,11011,Alimentação no domicílio,1101112,Bebidas e infusões,11011123,Bebidas não alcoólicas light e diet,82114,SUCO DE FRUTA OU VEGETAL ENGARRAFADO LIGHT e sinonimos,15208,,,,
82115,V8000_DEFLA,1,Despesas Correntes,11,Despesas de Consumo,1101,Alimentacao,11011,Alimentação no domicílio,1101112,Bebidas e infusões,11011123,Bebidas não alcoólicas light e diet,82115,SUCO DE FRUTA OU VEGETAL ENGARRAFADO DIET e sinonimos,15208,,,,
82116,V8000_DEFLA,1,Despesas Correntes,11,Despesas de Consumo,1101,Alimentacao,11011,Alimentação no domicílio,1101112,Bebidas e infusões,11011123,Bebidas não alcoólicas light e diet,82116,SUCO DE FRUTA OU VEGETAL ENCARTONADO LIGHT e sinonimos,15208,,,,
82117,V8000_DEFLA,1,Despesas Correntes,11,Despesas de Consumo,1101,Alimentacao,11011,Alimentação no domicílio,1101112,Bebidas e infusões,11011123,Bebidas não alcoólicas light e diet,82117,SUCO DE FRUTA OU VEGETAL ENCARTONADO DIET e sinonimos,15208,,,,
82118,V8000_DEFLA,1,Despesas Correntes,11,Despesas de Consumo,1101,Alimentacao,11011,Alimentação no domicílio,1101112,Bebidas e infusões,11011123,Bebidas não alcoólicas light e diet,82118,SUCO DE FRUTA OU VEGETAL EM LATA LIGHT e sinonimos,15208,,,,
82119,V8000_DEFLA,1,Despesas Correntes,11,Despesas de Consumo,1101,Alimentacao,11011,Alimentação no domicílio,1101112,Bebidas e infusões,11011123,Bebidas não alcoólicas light e diet,82119,SUCO DE FRUTA OU VEGETAL EM LATA DIET e sinonimos,15208,,,,
82120,V8000_DEFLA,1,Despesas Correntes,11,Despesas de Consumo,1101,Alimentacao,11011,Alimentação no domicílio,1101112,Bebidas e infusões,11011123,Bebidas não alcoólicas light e diet,82120,SUCO DE FRUTA OU VEGETAL EM SACO PLASTICO LIGHT e sinonimos,15208,,,,
82121,V8000_DEFLA,1,Despesas Correntes,11,Despesas de Consumo,1101,Alimentacao,11011,Alimentação no domicílio,1101112,Bebidas e infusões,11011123,Bebidas não alcoólicas light e diet,82121,SUCO DE FRUTA OU VEGETAL EM SACO PLASTICO DIET e sinonimos,15208,,,,
82122,V8000_DEFLA,1,Despesas Correntes,11,Despesas de Consumo,1101,Alimentacao,11011,Alimentação no domicílio,1101112,Bebidas e infusões,11011123,Bebidas não alcoólicas light e diet,82122,SUCO DE FRUTA OU VEGETAL NAO-ESPECIFICADO LIGHT,15208,,,,
82123,V8000_DEFLA,1,Despesas Correntes,11,Despesas de Consumo,1101,Alimentacao,11011,Alimentação no domicílio,1101112,Bebidas e infusões,11011123,Bebidas não alcoólicas light e diet,82123,SUCO DE FRUTA OU VEGETAL NAO-ESPECIFICADO DIET e sinonimos,15208,,,,
82124,V8000_DEFLA,1,Despesas Correntes,11,Despesas de Consumo,1101,Alimentacao,11011,Alimentação no domicílio,1101112,Bebidas e infusões,11011123,Bebidas não alcoólicas light e diet,82124,CAFE CAPUCCINO SOLUVEL LIGHT e sinonimos,15302,,,,
82125,V8000_DEFLA,1,Despesas Correntes,11,Despesas de Consumo,1101,Alimentacao,11011,Alimentação no domicílio,1101112,Bebidas e infusões,11011123,Bebidas não alcoólicas light e diet,82125,CAFE CAPUCCINO SOLUVEL DIET e sinonimos,15302,,,,
82126,V8000_DEFLA,1,Despesas Correntes,11,Despesas de Consumo,1101,Alimentacao,11011,Alimentação no domicílio,1101112,Bebidas e infusões,11011123,Bebidas não alcoólicas light e diet,82126,CHA PRETO LIGHT e sinonimos,15402,,,,
82127,V8000_DEFLA,1,Despesas Correntes,11,Despesas de Consumo,1101,Alimentacao,11011,Alimentação no domicílio,1101112,Bebidas e infusões,11011123,Bebidas não alcoólicas light e diet,82127,CHA MATE LIGHT e sinonimos,15401,,,,
82128,V8000_DEFLA,1,Despesas Correntes,11,Despesas de Consumo,1101,Alimentacao,11011,Alimentação no domicílio,1101112,Bebidas e infusões,11011123,Bebidas não alcoólicas light e diet,82128,CHA MATE DIET e sinonimos,15401,,,,
82129,V8000_DEFLA,1,Despesas Correntes,11,Despesas de Consumo,1101,Alimentacao,11011,Alimentação no domicílio,1101112,Bebidas e infusões,11011123,Bebidas não alcoólicas light e diet,82129,REFRIGERANTE AGUA TONICA DIET e sinonimos,15206,,,,
82130,V8000_DEFLA,1,Despesas Correntes,11,Despesas de Consumo,1101,Alimentacao,11011,Alimentação no domicílio,1101112,Bebidas e infusões,11011126,Outras,82130,ERVA MATE ORGANICA e sinonimos,15401,,,,
82131,V8000_DEFLA,1,Despesas Correntes,11,Despesas de Consumo,1101,Alimentacao,11011,Alimentação no domicílio,1101112,Bebidas e infusões,11011126,Outras,82131,CHA DE LIMAO,15402,,,,
82132,V8000_DEFLA,1,Despesas Correntes,11,Despesas de Consumo,1101,Alimentacao,11011,Alimentação no domicílio,1101112,Bebidas e infusões,11011126,Outras,82132,CHA DE ALFAZEMA,15402,,,,
82133,V8000_DEFLA,1,Despesas Correntes,11,Despesas de Consumo,1101,Alimentacao,11011,Alimentação no domicílio,1101112,Bebidas e infusões,11011126,Outras,82133,CHA VERDE,15402,,,,
82134,V8000_DEFLA,1,Despesas Correntes,11,Despesas de Consumo,1101,Alimentacao,11011,Alimentação no domicílio,1101112,Bebidas e infusões,11011123,Bebidas não alcoólicas light e diet,82134,COCA COLA ZERO e sinonimos,15202,,,,
82135,V8000_DEFLA,1,Despesas Correntes,11,Despesas de Consumo,1101,Alimentacao,11011,Alimentação no domicílio,1101112,Bebidas e infusões,11011126,Outras,82135,CHA DE MACA,15402,,,,
82136,V8000_DEFLA,1,Despesas Correntes,11,Despesas de Consumo,1101,Alimentacao,11011,Alimentação no domicílio,1101112,Bebidas e infusões,11011126,Outras,82136,CLOROFILA (SUCO),15208,,,,
82137,V8000_DEFLA,1,Despesas Correntes,11,Despesas de Consumo,1101,Alimentacao,11011,Alimentação no domicílio,1101112,Bebidas e infusões,11011126,Outras,82137,CHA DE PESSEGO,15402,,,,
82138,V8000_DEFLA,1,Despesas Correntes,11,Despesas de Consumo,1101,Alimentacao,11011,Alimentação no domicílio,1101112,Bebidas e infusões,11011126,Outras,82138,CHA DE SENE,15402,,,,
82139,V8000_DEFLA,1,Despesas Correntes,11,Despesas de Consumo,1101,Alimentacao,11011,Alimentação no domicílio,1101112,Bebidas e infusões,11011123,Bebidas não alcoólicas light e diet,82139,MATE COURO DIET,15401,,,,
82140,V8000_DEFLA,1,Despesas Correntes,11,Despesas de Consumo,1101,Alimentacao,11011,Alimentação no domicílio,1101112,Bebidas e infusões,11011123,Bebidas não alcoólicas light e diet,82140,REFRIGERANTE NAO-ESPECIFICADO DIET,15206,,,,
82141,V8000_DEFLA,1,Despesas Correntes,11,Despesas de Consumo,1101,Alimentacao,11011,Alimentação no domicílio,1101112,Bebidas e infusões,11011123,Bebidas não alcoólicas light e diet,82141,REFRIGERANTE NAO-ESPECIFICADO LIGHT,15206,,,,
82142,V8000_DEFLA,1,Despesas Correntes,11,Despesas de Consumo,1101,Alimentacao,11011,Alimentação no domicílio,1101112,Bebidas e infusões,11011126,Outras,82142,CHA DE ENDRO,15402,,,,
82143,V8000_DEFLA,1,Despesas Correntes,11,Despesas de Consumo,1101,Alimentacao,11011,Alimentação no domicílio,1101112,Bebidas e infusões,11011126,Outras,82143,SUCO DE FRUTA OU VEGETAL EM COPO PLASTICO,15208,,,,
82144,V8000_DEFLA,1,Despesas Correntes,11,Despesas de Consumo,1101,Alimentacao,11011,Alimentação no domicílio,1101112,Bebidas e infusões,11011126,Outras,82144,BABOSA EM FOLHA,15402,,,,
82145,V8000_DEFLA,1,Despesas Correntes,11,Despesas de Consumo,1101,Alimentacao,11011,Alimentação no domicílio,1101112,Bebidas e infusões,11011123,Bebidas não alcoólicas light e diet,82145,REFRIGERANTE DE GENGIBRE DIET,15206,,,,
82146,V8000_DEFLA,1,Despesas Correntes,11,Despesas de Consumo,1101,Alimentacao,11011,Alimentação no domicílio,1101112,Bebidas e infusões,11011126,Outras,82146,AROMATIZANTE DE BEBIDAS e sinonimos,16103,,,,
82147,V8000_DEFLA,1,Despesas Correntes,11,Despesas de Consumo,1101,Alimentacao,11011,Alimentação no domicílio,1101112,Bebidas e infusões,11011122,Refrigerantes,82147,REFRIGERANTE JESUS,15206,,,,
82148,V8000_DEFLA,1,Despesas Correntes,11,Despesas de Consumo,1101,Alimentacao,11011,Alimentação no domicílio,1101112,Bebidas e infusões,11011126,Outras,82148,CHA DE ABACAXI,15402,,,,
82149,V8000_DEFLA,1,Despesas Correntes,11,Despesas de Consumo,1101,Alimentacao,11011,Alimentação no domicílio,1101112,Bebidas e infusões,11011126,Outras,82149,CHA DE MORANGO,15402,,,,
82150,V8000_DEFLA,1,Despesas Correntes,11,Despesas de Consumo,1101,Alimentacao,11011,Alimentação no domicílio,1101112,Bebidas e infusões,11011123,Bebidas não alcoólicas light e diet,82150,REFRIGERANTE GOIANINHA DIET,15206,,,,
82151,V8000_DEFLA,1,Despesas Correntes,11,Despesas de Consumo,1101,Alimentacao,11011,Alimentação no domicílio,1101112,Bebidas e infusões,11011126,Outras,82151,CHA DE MALVA,15402,,,,
82152,V8000_DEFLA,1,Despesas Correntes,11,Despesas de Consumo,1101,Alimentacao,11011,Alimentação no domicílio,1101112,Bebidas e infusões,11011123,Bebidas não alcoólicas light e diet,82152,GRAPETE DIET,15206,,,,
82153,V8000_DEFLA,1,Despesas Correntes,11,Despesas de Consumo,1101,Alimentacao,11011,Alimentação no domicílio,1101112,Bebidas e infusões,11011126,Outras,82153,CHA DE CARQUEJA,15402,,,,
82154,V8000_DEFLA,1,Despesas Correntes,11,Despesas de Consumo,1101,Alimentacao,11011,Alimentação no domicílio,1101112,Bebidas e infusões,11011126,Outras,82154,FOLHAS DE AMORA (CHA),15402,,,,
82155,V8000_DEFLA,1,Despesas Correntes,11,Despesas de Consumo,1101,Alimentacao,11011,Alimentação no domicílio,1101112,Bebidas e infusões,11011122,Refrigerantes,82155,REFRIGERANTE DE ABACATE,15206,,,,
82156,V8000_DEFLA,1,Despesas Correntes,11,Despesas de Consumo,1101,Alimentacao,11011,Alimentação no domicílio,1101112,Bebidas e infusões,11011123,Bebidas não alcoólicas light e diet,82156,REFRIGERANTE DE LARANJA DIET,15206,,,,
82157,V8000_DEFLA,1,Despesas Correntes,11,Despesas de Consumo,1101,Alimentacao,11011,Alimentação no domicílio,1101112,Bebidas e infusões,11011126,Outras,82157,CAFE NAO ESPECIFICADO,15302,,,,
82158,V8000_DEFLA,1,Despesas Correntes,11,Despesas de Consumo,1101,Alimentacao,11011,Alimentação no domicílio,1101112,Bebidas e infusões,11011126,Outras,82158,CHA DE HIBISCO,15402,,,,
82159,V8000_DEFLA,1,Despesas Correntes,11,Despesas de Consumo,1101,Alimentacao,11011,Alimentação no domicílio,1101112,Bebidas e infusões,11011126,Outras,82159,CHA DE FRUTAS VERMELHAS,15402,,,,
82160,V8000_DEFLA,1,Despesas Correntes,11,Despesas de Consumo,1101,Alimentacao,11011,Alimentação no domicílio,1101112,Bebidas e infusões,11011126,Outras,82160,CHA BRANCO,15402,,,,
82161,V8000_DEFLA,1,Despesas Correntes,11,Despesas de Consumo,1101,Alimentacao,11011,Alimentação no domicílio,1101112,Bebidas e infusões,11011126,Outras,82161,CHA DE MACA COM CANELA,15402,,,,
82162,V8000_DEFLA,1,Despesas Correntes,11,Despesas de Consumo,1101,Alimentacao,11011,Alimentação no domicílio,1101112,Bebidas e infusões,11011126,Outras,82162,CHA DE MARACUJA,15402,,,,
82163,V8000_DEFLA,1,Despesas Correntes,11,Despesas de Consumo,1101,Alimentacao,11011,Alimentação no domicílio,1101112,Bebidas e infusões,11011126,Outras,82163,CHA DE CAVALINHA,15402,,,,
82164,V8000_DEFLA,1,Despesas Correntes,11,Despesas de Consumo,1101,Alimentacao,11011,Alimentação no domicílio,1101112,Bebidas e infusões,11011126,Outras,82164,CHA DE LARANJA,15402,,,,
82165,V8000_DEFLA,1,Despesas Correntes,11,Despesas de Consumo,1101,Alimentacao,11011,Alimentação no domicílio,1101112,Bebidas e infusões,11011126,Outras,82165,CAFE EM CAPSULAS,15206,,,,
82166,V8000_DEFLA,1,Despesas Correntes,11,Despesas de Consumo,1101,Alimentacao,11011,Alimentação no domicílio,1101112,Bebidas e infusões,11011126,Outras,82166,GUARANA NATURAL,15208,,,,
82167,V8000_DEFLA,1,Despesas Correntes,11,Despesas de Consumo,1101,Alimentacao,11011,Alimentação no domicílio,1101112,Bebidas e infusões,11011126,Outras,82167,CHA CANELA DE VELHO,15402,,,,
82177,V8000_DEFLA,1,Despesas Correntes,11,Despesas de Consumo,1101,Alimentacao,11011,Alimentação no domicílio,1101112,Bebidas e infusões,11011126,Outras,82177,CHA DE ESPINHEIRA SANTA,15402,,,,
82178,V8000_DEFLA,1,Despesas Correntes,11,Despesas de Consumo,1101,Alimentacao,11011,Alimentação no domicílio,1101112,Bebidas e infusões,11011126,Outras,82178,BEBIDA MISTA DE FRUTAS NAO ESPECIFICADAS,15209,,,,
82179,V8000_DEFLA,1,Despesas Correntes,11,Despesas de Consumo,1101,Alimentacao,11011,Alimentação no domicílio,1101112,Bebidas e infusões,11011126,Outras,82179,BEBIDAS MISTAS DE CEREAIS,15209,,,,
82180,V8000_DEFLA,1,Despesas Correntes,11,Despesas de Consumo,1101,Alimentacao,11011,Alimentação no domicílio,1101112,Bebidas e infusões,11011126,Outras,82180,BEBIDA MISTA DE CASTANHA,15209,,,,
82181,V8000_DEFLA,1,Despesas Correntes,11,Despesas de Consumo,1101,Alimentacao,11011,Alimentação no domicílio,1101112,Bebidas e infusões,11011126,Outras,82181,BEBIDA DE AMENDOA,15209,,,,
82182,V8000_DEFLA,1,Despesas Correntes,11,Despesas de Consumo,1101,Alimentacao,11011,Alimentação no domicílio,1101112,Bebidas e infusões,11011126,Outras,82182,BEBIDA DE AMENDOA ORGANICA,15209,,,,
82183,V8000_DEFLA,1,Despesas Correntes,11,Despesas de Consumo,1101,Alimentacao,11011,Alimentação no domicílio,1101112,Bebidas e infusões,11011126,Outras,82183,BEBIDA MISTA DE CEREAL ORGANICA,15209,,,,
82184,V8000_DEFLA,1,Despesas Correntes,11,Despesas de Consumo,1101,Alimentacao,11011,Alimentação no domicílio,1101112,Bebidas e infusões,11011125,Outras bebidas alcoólicas,82184,BEBIDA ALCOOLICA ICE,15209,,,,
82185,V8000_DEFLA,1,Despesas Correntes,11,Despesas de Consumo,1101,Alimentacao,11011,Alimentação no domicílio,1101112,Bebidas e infusões,11011122,Refrigerantes,82185,REFRIGERANTE DE GUARANA E LARANJA,15206,,,,
82186,V8000_DEFLA,1,Despesas Correntes,11,Despesas de Consumo,1101,Alimentacao,11011,Alimentação no domicílio,1101112,Bebidas e infusões,11011122,Refrigerantes,82186,REFRIGERANTE DE UVA E LARANJA,15206,,,,
82187,V8000_DEFLA,1,Despesas Correntes,11,Despesas de Consumo,1101,Alimentacao,11011,Alimentação no domicílio,1101112,Bebidas e infusões,11011122,Refrigerantes,82187,REFRIGERANTE DE LIMAO ZERO,15205,,,,
82188,V8000_DEFLA,1,Despesas Correntes,11,Despesas de Consumo,1101,Alimentacao,11011,Alimentação no domicílio,1101112,Bebidas e infusões,11011122,Refrigerantes,82188,REFRIGERANTE DE POMELO,15206,,,,
82189,V8000_DEFLA,1,Despesas Correntes,11,Despesas de Consumo,1101,Alimentacao,11011,Alimentação no domicílio,1101112,Bebidas e infusões,11011126,Outras,82189,CHA DE CAPIM CIDREIRA,15402,,,,
82190,V8000_DEFLA,1,Despesas Correntes,11,Despesas de Consumo,1101,Alimentacao,11011,Alimentação no domicílio,1101112,Bebidas e infusões,11011126,Outras,82190,CHA DE GENGIBRE,15402,,,,
82191,V8000_DEFLA,1,Despesas Correntes,11,Despesas de Consumo,1101,Alimentacao,11011,Alimentação no domicílio,1101112,Bebidas e infusões,11011126,Outras,82191,CHA DE ALECRIM,15402,,,,
82192,V8000_DEFLA,1,Despesas Correntes,11,Despesas de Consumo,1101,Alimentacao,11011,Alimentação no domicílio,1101112,Bebidas e infusões,11011126,Outras,82192,CHA DE ACAI,15402,,,,
82193,V8000_DEFLA,1,Despesas Correntes,11,Despesas de Consumo,1101,Alimentacao,11011,Alimentação no domicílio,1101112,Bebidas e infusões,11011126,Outras,82193,CHA DE SAQUE,15402,,,,
82194,V8000_DEFLA,1,Despesas Correntes,11,Despesas de Consumo,1101,Alimentacao,11011,Alimentação no domicílio,1101112,Bebidas e infusões,11011126,Outras,82194,CHA DE POEJO,15402,,,,
82195,V8000_DEFLA,1,Despesas Correntes,11,Despesas de Consumo,1101,Alimentacao,11011,Alimentação no domicílio,1101112,Bebidas e infusões,11011126,Outras,82195,CHA DE TAYUYA,15402,,,,
82196,V8000_DEFLA,1,Despesas Correntes,11,Despesas de Consumo,1101,Alimentacao,11011,Alimentação no domicílio,1101112,Bebidas e infusões,11011122,Refrigerantes,82196,REFRIGERANTE DE FRUTAS CITRICAS,15206,,,,
82197,V8000_DEFLA,1,Despesas Correntes,11,Despesas de Consumo,1101,Alimentacao,11011,Alimentação no domicílio,1101112,Bebidas e infusões,11011122,Refrigerantes,82197,REFRIGERANTE DE COLA E LIMAO,15206,,,,
82198,V8000_DEFLA,1,Despesas Correntes,11,Despesas de Consumo,1101,Alimentacao,11011,Alimentação no domicílio,1101112,Bebidas e infusões,11011122,Refrigerantes,82198,REFRIGERANTE DE ACAI,15206,,,,
82199,V8000_DEFLA,1,Despesas Correntes,11,Despesas de Consumo,1101,Alimentacao,11011,Alimentação no domicílio,1101112,Bebidas e infusões,11011126,Outras,82199,SUMO DE LIMAO ESPREMIDO,15208,,,,
82200,V8000_DEFLA,1,Despesas Correntes,11,Despesas de Consumo,1101,Alimentacao,11011,Alimentação no domicílio,1101112,Bebidas e infusões,11011126,Outras,82200,CHA DE MELAO DE SAO CAETANO,15402,,,,
82210,V8000_DEFLA,1,Despesas Correntes,11,Despesas de Consumo,1101,Alimentacao,11011,Alimentação no domicílio,1101112,Bebidas e infusões,11011126,Outras,82210,CHA KOMBUCHA,15402,,,,
82211,V8000_DEFLA,1,Despesas Correntes,11,Despesas de Consumo,1101,Alimentacao,11011,Alimentação no domicílio,1101112,Bebidas e infusões,11011126,Outras,82211,CASCA DE BARBATIMAO (PARA CHA),15402,,,,
83001,V8000_DEFLA,1,Despesas Correntes,11,Despesas de Consumo,1101,Alimentacao,11011,Alimentação no domicílio,1101112,Bebidas e infusões,11011124,Cervejas e chopes,83001,CERVEJA e sinonimos,15102,,,,
83002,V8000_DEFLA,1,Despesas Correntes,11,Despesas de Consumo,1101,Alimentacao,11011,Alimentação no domicílio,1101112,Bebidas e infusões,11011124,Cervejas e chopes,83002,CHOPP e sinonimos,15102,,,,
83003,V8000_DEFLA,1,Despesas Correntes,11,Despesas de Consumo,1101,Alimentacao,11011,Alimentação no domicílio,1101112,Bebidas e infusões,11011125,Outras bebidas alcoólicas,83003,AGUARDENTE DE CANA e sinonimos,15101,,,,
83004,V8000_DEFLA,1,Despesas Correntes,11,Despesas de Consumo,1101,Alimentacao,11011,Alimentação no domicílio,1101112,Bebidas e infusões,11011125,Outras bebidas alcoólicas,83004,AGUARDENTE DE UVA e sinonimos,15101,,,,
83005,V8000_DEFLA,1,Despesas Correntes,11,Despesas de Consumo,1101,Alimentacao,11011,Alimentação no domicílio,1101112,Bebidas e infusões,11011125,Outras bebidas alcoólicas,83005,BATIDA DE QUALQUER SABOR e sinonimos,15104,,,,
83006,V8000_DEFLA,1,Despesas Correntes,11,Despesas de Consumo,1101,Alimentacao,11011,Alimentação no domicílio,1101112,Bebidas e infusões,11011125,Outras bebidas alcoólicas,83006,STEINHARGER,15104,,,,
83007,V8000_DEFLA,1,Despesas Correntes,11,Despesas de Consumo,1101,Alimentacao,11011,Alimentação no domicílio,1101112,Bebidas e infusões,11011125,Outras bebidas alcoólicas,83007,RUM,15104,,,,
83008,V8000_DEFLA,1,Despesas Correntes,11,Despesas de Consumo,1101,Alimentacao,11011,Alimentação no domicílio,1101112,Bebidas e infusões,11011125,Outras bebidas alcoólicas,83008,VODKA,15104,,,,
83009,V8000_DEFLA,1,Despesas Correntes,11,Despesas de Consumo,1101,Alimentacao,11011,Alimentação no domicílio,1101112,Bebidas e infusões,11011125,Outras bebidas alcoólicas,83009,GIN e sinonimos,15104,,,,
83010,V8000_DEFLA,1,Despesas Correntes,11,Despesas de Consumo,1101,Alimentacao,11011,Alimentação no domicílio,1101112,Bebidas e infusões,11011125,Outras bebidas alcoólicas,83010,UISQUE e sinonimos,15104,,,,
83011,V8000_DEFLA,1,Despesas Correntes,11,Despesas de Consumo,1101,Alimentacao,11011,Alimentação no domicílio,1101112,Bebidas e infusões,11011125,Outras bebidas alcoólicas,83011,CAMPARI,15104,,,,
83012,V8000_DEFLA,1,Despesas Correntes,11,Despesas de Consumo,1101,Alimentacao,11011,Alimentação no domicílio,1101112,Bebidas e infusões,11011125,Outras bebidas alcoólicas,83012,CHAMPANHE e sinonimos,15104,,,,
83013,V8000_DEFLA,1,Despesas Correntes,11,Despesas de Consumo,1101,Alimentacao,11011,Alimentação no domicílio,1101112,Bebidas e infusões,11011125,Outras bebidas alcoólicas,83013,VERMUTE,15104,,,,
83014,V8000_DEFLA,1,Despesas Correntes,11,Despesas de Consumo,1101,Alimentacao,11011,Alimentação no domicílio,1101112,Bebidas e infusões,11011125,Outras bebidas alcoólicas,83014,CINZANO,15104,,,,
83015,V8000_DEFLA,1,Despesas Correntes,11,Despesas de Consumo,1101,Alimentacao,11011,Alimentação no domicílio,1101112,Bebidas e infusões,11011125,Outras bebidas alcoólicas,83015,MARTINI,15104,,,,
83016,V8000_DEFLA,1,Despesas Correntes,11,Despesas de Consumo,1101,Alimentacao,11011,Alimentação no domicílio,1101112,Bebidas e infusões,11011125,Outras bebidas alcoólicas,83016,CONHAQUE,15104,,,,
83017,V8000_DEFLA,1,Despesas Correntes,11,Despesas de Consumo,1101,Alimentacao,11011,Alimentação no domicílio,1101112,Bebidas e infusões,11011125,Outras bebidas alcoólicas,83017,DRINK DREHER,15104,,,,
83018,V8000_DEFLA,1,Despesas Correntes,11,Despesas de Consumo,1101,Alimentacao,11011,Alimentação no domicílio,1101112,Bebidas e infusões,11011125,Outras bebidas alcoólicas,83018,SAN RAFAEL,15104,,,,
83019,V8000_DEFLA,1,Despesas Correntes,11,Despesas de Consumo,1101,Alimentacao,11011,Alimentação no domicílio,1101112,Bebidas e infusões,11011125,Outras bebidas alcoólicas,83019,LICOR DE QUALQUER SABOR,15104,,,,
83020,V8000_DEFLA,1,Despesas Correntes,11,Despesas de Consumo,1101,Alimentacao,11011,Alimentação no domicílio,1101112,Bebidas e infusões,11011125,Outras bebidas alcoólicas,83020,SHERRY,15104,,,,
83021,V8000_DEFLA,1,Despesas Correntes,11,Despesas de Consumo,1101,Alimentacao,11011,Alimentação no domicílio,1101112,Bebidas e infusões,11011125,Outras bebidas alcoólicas,83021,FERNET,15104,,,,
83022,V8000_DEFLA,1,Despesas Correntes,11,Despesas de Consumo,1101,Alimentacao,11011,Alimentação no domicílio,1101112,Bebidas e infusões,11011125,Outras bebidas alcoólicas,83022,BITTER,15104,,,,
83023,V8000_DEFLA,1,Despesas Correntes,11,Despesas de Consumo,1101,Alimentacao,11011,Alimentação no domicílio,1101112,Bebidas e infusões,11011125,Outras bebidas alcoólicas,83023,AGUARDENTE DE ARROZ e sinonimos,15101,,,,
83024,V8000_DEFLA,1,Despesas Correntes,11,Despesas de Consumo,1101,Alimentacao,11011,Alimentação no domicílio,1101112,Bebidas e infusões,11011125,Outras bebidas alcoólicas,83024,VINHO DE UVA E OUTROS e sinonimos,15103,,,,
83025,V8000_DEFLA,1,Despesas Correntes,11,Despesas de Consumo,1101,Alimentacao,11011,Alimentação no domicílio,1101112,Bebidas e infusões,11011125,Outras bebidas alcoólicas,83025,AGUARDENTE DE BANANA,15101,,,,
83026,V8000_DEFLA,1,Despesas Correntes,11,Despesas de Consumo,1101,Alimentacao,11011,Alimentação no domicílio,1101112,Bebidas e infusões,11011125,Outras bebidas alcoólicas,83026,AGUARDENTE DE ALCACHOFRA,15101,,,,
83027,V8000_DEFLA,1,Despesas Correntes,11,Despesas de Consumo,1101,Alimentacao,11011,Alimentação no domicílio,1101112,Bebidas e infusões,11011125,Outras bebidas alcoólicas,83027,ST. REMY,15104,,,,
83028,V8000_DEFLA,1,Despesas Correntes,11,Despesas de Consumo,1101,Alimentacao,11011,Alimentação no domicílio,1101112,Bebidas e infusões,11011125,Outras bebidas alcoólicas,83028,KEEP COOLER,15104,,,,
83029,V8000_DEFLA,1,Despesas Correntes,11,Despesas de Consumo,1101,Alimentacao,11011,Alimentação no domicílio,1101112,Bebidas e infusões,11011125,Outras bebidas alcoólicas,83029,COQUETEL DE FRUTAS,15104,,,,
83030,V8000_DEFLA,1,Despesas Correntes,11,Despesas de Consumo,1101,Alimentacao,11011,Alimentação no domicílio,1101112,Bebidas e infusões,11011125,Outras bebidas alcoólicas,83030,UNDERBERG,15104,,,,
83031,V8000_DEFLA,1,Despesas Correntes,11,Despesas de Consumo,1101,Alimentacao,11011,Alimentação no domicílio,1101112,Bebidas e infusões,11011125,Outras bebidas alcoólicas,83031,CAIPIRINHA,15104,,,,
83032,V8000_DEFLA,1,Despesas Correntes,11,Despesas de Consumo,1101,Alimentacao,11011,Alimentação no domicílio,1101112,Bebidas e infusões,11011125,Outras bebidas alcoólicas,83032,AGUARDENTE DE CATUABA,15101,,,,
83033,V8000_DEFLA,1,Despesas Correntes,11,Despesas de Consumo,1101,Alimentacao,11011,Alimentação no domicílio,1101112,Bebidas e infusões,11011124,Cervejas e chopes,83033,CERVEJA SEM ALCOOL,15102,,,,
83034,V8000_DEFLA,1,Despesas Correntes,11,Despesas de Consumo,1101,Alimentacao,11011,Alimentação no domicílio,1101112,Bebidas e infusões,11011125,Outras bebidas alcoólicas,83034,TEQUILA,15104,,,,
83035,V8000_DEFLA,1,Despesas Correntes,11,Despesas de Consumo,1101,Alimentacao,11011,Alimentação no domicílio,1101112,Bebidas e infusões,11011125,Outras bebidas alcoólicas,83035,BEBIDA ALCOOLICA NAO-ESPECIFICADA,15104,,,,
83036,V8000_DEFLA,1,Despesas Correntes,11,Despesas de Consumo,1101,Alimentacao,11011,Alimentação no domicílio,1101112,Bebidas e infusões,11011125,Outras bebidas alcoólicas,83036,VINHO DE UVA E OUTROS ORGANICO e sinonimos,15103,,,,
83037,V8000_DEFLA,1,Despesas Correntes,11,Despesas de Consumo,1101,Alimentacao,11011,Alimentação no domicílio,1101112,Bebidas e infusões,11011125,Outras bebidas alcoólicas,83037,AGUARDENTE DE CANA ORGANICA e sinonimos,15101,,,,
83038,V8000_DEFLA,1,Despesas Correntes,11,Despesas de Consumo,1101,Alimentacao,11011,Alimentação no domicílio,1101112,Bebidas e infusões,11011125,Outras bebidas alcoólicas,83038,AGUARDENTE DE UVA ORGANICA e sinonimos,15101,,,,
83039,V8000_DEFLA,1,Despesas Correntes,11,Despesas de Consumo,1101,Alimentacao,11011,Alimentação no domicílio,1101112,Bebidas e infusões,11011125,Outras bebidas alcoólicas,83039,AGUARDENTE DE ARROZ ORGANICA e sinonimos,15101,,,,
83040,V8000_DEFLA,1,Despesas Correntes,11,Despesas de Consumo,1101,Alimentacao,11011,Alimentação no domicílio,1101112,Bebidas e infusões,11011125,Outras bebidas alcoólicas,83040,AGUARDENTE DE BANANA ORGANICA,15101,,,,
83041,V8000_DEFLA,1,Despesas Correntes,11,Despesas de Consumo,1101,Alimentacao,11011,Alimentação no domicílio,1101112,Bebidas e infusões,11011125,Outras bebidas alcoólicas,83041,AGUARDENTE DE ALCACHOFRA ORGANICA,15101,,,,
83042,V8000_DEFLA,1,Despesas Correntes,11,Despesas de Consumo,1101,Alimentacao,11011,Alimentação no domicílio,1101112,Bebidas e infusões,11011125,Outras bebidas alcoólicas,83042,AGUARDENTE DE CATUABA ORGANICA,15101,,,,
83043,V8000_DEFLA,1,Despesas Correntes,11,Despesas de Consumo,1101,Alimentacao,11011,Alimentação no domicílio,1101112,Bebidas e infusões,11011124,Cervejas e chopes,83043,CERVEJA LIGHT e sinonimos,15102,,,,
83044,V8000_DEFLA,1,Despesas Correntes,11,Despesas de Consumo,1101,Alimentacao,11011,Alimentação no domicílio,1101112,Bebidas e infusões,11011123,Bebidas não alcoólicas light e diet,83044,CERVEJA SEM ALCOOL LIGHT,15102,,,,
83045,V8000_DEFLA,1,Despesas Correntes,11,Despesas de Consumo,1101,Alimentacao,11011,Alimentação no domicílio,1101112,Bebidas e infusões,11011125,Outras bebidas alcoólicas,83045,AGUARDENTE DE MANDIOCA e sinonimos,15101,,,,
83046,V8000_DEFLA,1,Despesas Correntes,11,Despesas de Consumo,1101,Alimentacao,11011,Alimentação no domicílio,1101112,Bebidas e infusões,11011125,Outras bebidas alcoólicas,83046,QUENTAO,15104,,,,
83047,V8000_DEFLA,1,Despesas Correntes,11,Despesas de Consumo,1101,Alimentacao,11011,Alimentação no domicílio,1101112,Bebidas e infusões,11011125,Outras bebidas alcoólicas,83047,AGUARDENTE DE JALAPA,15101,,,,
83048,V8000_DEFLA,1,Despesas Correntes,11,Despesas de Consumo,1101,Alimentacao,11011,Alimentação no domicílio,1101112,Bebidas e infusões,11011125,Outras bebidas alcoólicas,83048,COQUETEL DE VINHO,15103,,,,
83049,V8000_DEFLA,1,Despesas Correntes,11,Despesas de Consumo,1101,Alimentacao,11011,Alimentação no domicílio,1101112,Bebidas e infusões,11011125,Outras bebidas alcoólicas,83049,COQUETEL ALCOOLICO,15104,,,,
83050,V8000_DEFLA,1,Despesas Correntes,11,Despesas de Consumo,1101,Alimentacao,11011,Alimentação no domicílio,1101112,Bebidas e infusões,11011124,Cervejas e chopes,83050,CHOPP DE FRUTAS,15209,,,,
83051,V8000_DEFLA,1,Despesas Correntes,11,Despesas de Consumo,1101,Alimentacao,11011,Alimentação no domicílio,1101112,Bebidas e infusões,11011124,Cervejas e chopes,83051,CERVEJA ZERO,15102,,,,
83052,V8000_DEFLA,1,Despesas Correntes,11,Despesas de Consumo,1101,Alimentacao,11011,Alimentação no domicílio,1101112,Bebidas e infusões,11011125,Outras bebidas alcoólicas,83052,AGUARDENTE NAO ESPECIFICADO,15104,,,,
83053,V8000_DEFLA,1,Despesas Correntes,11,Despesas de Consumo,1101,Alimentacao,11011,Alimentação no domicílio,1101112,Bebidas e infusões,11011125,Outras bebidas alcoólicas,83053,RAIZES PARA BEBIDA ALCOOLICA,15104,,,,
84001,V8000_DEFLA,1,Despesas Correntes,11,Despesas de Consumo,1101,Alimentacao,11011,Alimentação no domicílio,1101111,Óleos e gorduras,11011112,Azeite de oliva,84001,AZEITE DE OLIVA e sinonimos,14101,,,,
84002,V8000_DEFLA,1,Despesas Correntes,11,Despesas de Consumo,1101,Alimentacao,11011,Alimentação no domicílio,1101111,Óleos e gorduras,11011113,Outros,84002,AZEITE DE DENDE,14105,,,,
84003,V8000_DEFLA,1,Despesas Correntes,11,Despesas de Consumo,1101,Alimentacao,11011,Alimentação no domicílio,1101111,Óleos e gorduras,11011111,Óleo de soja,84003,OLEO DE SOJA,14103,,,,
84004,V8000_DEFLA,1,Despesas Correntes,11,Despesas de Consumo,1101,Alimentacao,11011,Alimentação no domicílio,1101111,Óleos e gorduras,11011113,Outros,84004,OLEO DE MILHO,14102,,,,
84005,V8000_DEFLA,1,Despesas Correntes,11,Despesas de Consumo,1101,Alimentacao,11011,Alimentação no domicílio,1101111,Óleos e gorduras,11011113,Outros,84005,OLEO DE AMENDOIM,14104,,,,
84006,V8000_DEFLA,1,Despesas Correntes,11,Despesas de Consumo,1101,Alimentacao,11011,Alimentação no domicílio,1101111,Óleos e gorduras,11011113,Outros,84006,OLEO DE ALGODAO,14104,,,,
84007,V8000_DEFLA,1,Despesas Correntes,11,Despesas de Consumo,1101,Alimentacao,11011,Alimentação no domicílio,1101111,Óleos e gorduras,11011113,Outros,84007,OLEO DE COCO BABACU e sinonimos,14104,,,,
84008,V8000_DEFLA,1,Despesas Correntes,11,Despesas de Consumo,1101,Alimentacao,11011,Alimentação no domicílio,1101111,Óleos e gorduras,11011113,Outros,84008,OLEO DE GIRASSOL,14104,,,,
84009,V8000_DEFLA,1,Despesas Correntes,11,Despesas de Consumo,1101,Alimentacao,11011,Alimentação no domicílio,1101111,Óleos e gorduras,11011113,Outros,84009,OLEO DE ARROZ,14104,,,,
84010,V8000_DEFLA,1,Despesas Correntes,11,Despesas de Consumo,1101,Alimentacao,11011,Alimentação no domicílio,1101111,Óleos e gorduras,11011113,Outros,84010,OLEO DE PEIXE,14104,,,,
84011,V8000_DEFLA,1,Despesas Correntes,11,Despesas de Consumo,1101,Alimentacao,11011,Alimentação no domicílio,1101111,Óleos e gorduras,11011113,Outros,84011,OLEO DE AMENDOA,14104,,,,
84012,V8000_DEFLA,1,Despesas Correntes,11,Despesas de Consumo,1101,Alimentacao,11011,Alimentação no domicílio,1101111,Óleos e gorduras,11011113,Outros,84012,OLEO DE GENGIBRE,14104,,,,
84013,V8000_DEFLA,1,Despesas Correntes,11,Despesas de Consumo,1101,Alimentacao,11011,Alimentação no domicílio,1101111,Óleos e gorduras,11011113,Outros,84013,OLEO DE UVA e sinonimos,14104,,,,
84014,V8000_DEFLA,1,Despesas Correntes,11,Despesas de Consumo,1101,Alimentacao,11011,Alimentação no domicílio,1101111,Óleos e gorduras,11011113,Outros,84014,OLEO DE COCO TUCUM e sinonimos,14104,,,,
84015,V8000_DEFLA,1,Despesas Correntes,11,Despesas de Consumo,1101,Alimentacao,11011,Alimentação no domicílio,1101111,Óleos e gorduras,11011113,Outros,84015,OLEO DE COCO OURICURI e sinonimos,14104,,,,
84016,V8000_DEFLA,1,Despesas Correntes,11,Despesas de Consumo,1101,Alimentacao,11011,Alimentação no domicílio,1101111,Óleos e gorduras,11011113,Outros,84016,OLEO DE PEQUI e sinonimos,14104,,,,
84017,V8000_DEFLA,1,Despesas Correntes,11,Despesas de Consumo,1101,Alimentacao,11011,Alimentação no domicílio,1101111,Óleos e gorduras,11011113,Outros,84017,OLEO DE COCO MACAUBA e sinonimos,14104,,,,
84018,V8000_DEFLA,1,Despesas Correntes,11,Despesas de Consumo,1101,Alimentacao,11011,Alimentação no domicílio,1101111,Óleos e gorduras,11011113,Outros,84018,BANHA SUINA e sinonimos,14202,,,,
84019,V8000_DEFLA,1,Despesas Correntes,11,Despesas de Consumo,1101,Alimentacao,11011,Alimentação no domicílio,1101111,Óleos e gorduras,11011113,Outros,84019,BANHA DE GALINHA,14202,,,,
84020,V8000_DEFLA,1,Despesas Correntes,11,Despesas de Consumo,1101,Alimentacao,11011,Alimentação no domicílio,1101111,Óleos e gorduras,11011113,Outros,84020,BANHA VEGETAL,14202,,,,
84021,V8000_DEFLA,1,Despesas Correntes,11,Despesas de Consumo,1101,Alimentacao,11011,Alimentação no domicílio,1101111,Óleos e gorduras,11011113,Outros,84021,GORDURA SUINA,14202,,,,
84022,V8000_DEFLA,1,Despesas Correntes,11,Despesas de Consumo,1101,Alimentacao,11011,Alimentação no domicílio,1101111,Óleos e gorduras,11011113,Outros,84022,GORDURA DE COCO e sinonimos,14202,,,,
84023,V8000_DEFLA,1,Despesas Correntes,11,Despesas de Consumo,1101,Alimentacao,11011,Alimentação no domicílio,1101111,Óleos e gorduras,11011113,Outros,84023,GORDURA DE PEIXE,14202,,,,
84024,V8000_DEFLA,1,Despesas Correntes,11,Despesas de Consumo,1101,Alimentacao,11011,Alimentação no domicílio,1101111,Óleos e gorduras,11011113,Outros,84024,GORDURA DE OVELHA,14202,,,,
84025,V8000_DEFLA,1,Despesas Correntes,11,Despesas de Consumo,1101,Alimentacao,11011,Alimentação no domicílio,1101111,Óleos e gorduras,11011113,Outros,84025,GORDURA DE RINS DE BODE,14202,,,,
84026,V8000_DEFLA,1,Despesas Correntes,11,Despesas de Consumo,1101,Alimentacao,11011,Alimentação no domicílio,1101111,Óleos e gorduras,11011113,Outros,84026,OLEO DE GERGELIM,14104,,,,
84027,V8000_DEFLA,1,Despesas Correntes,11,Despesas de Consumo,1101,Alimentacao,11011,Alimentação no domicílio,1101111,Óleos e gorduras,11011113,Outros,84027,OLEO DE COCO DA BAHIA,14104,,,,
84028,V8000_DEFLA,1,Despesas Correntes,11,Despesas de Consumo,1101,Alimentacao,11011,Alimentação no domicílio,1101111,Óleos e gorduras,11011113,Outros,84028,GORDURA DE GALINHA,14202,,,,
84029,V8000_DEFLA,1,Despesas Correntes,11,Despesas de Consumo,1101,Alimentacao,11011,Alimentação no domicílio,1101111,Óleos e gorduras,11011113,Outros,84029,OLEO DE CANOLA,14104,,,,
84030,V8000_DEFLA,1,Despesas Correntes,11,Despesas de Consumo,1101,Alimentacao,11011,Alimentação no domicílio,1101111,Óleos e gorduras,11011113,Outros,84030,BANHA BOVINA,14202,,,,
84031,V8000_DEFLA,1,Despesas Correntes,11,Despesas de Consumo,1101,Alimentacao,11011,Alimentação no domicílio,1101111,Óleos e gorduras,11011113,Outros,84031,BANHA NAO-ESPECIFICADA,14202,,,,
84032,V8000_DEFLA,1,Despesas Correntes,11,Despesas de Consumo,1101,Alimentacao,11011,Alimentação no domicílio,1101111,Óleos e gorduras,11011113,Outros,84032,OLEO NAO-ESPECIFICADO,14104,,,,
84033,V8000_DEFLA,1,Despesas Correntes,11,Despesas de Consumo,1101,Alimentacao,11011,Alimentação no domicílio,1101111,Óleos e gorduras,11011113,Outros,84033,AZEITE MISTO DE SOJA E OLIVA e sinonimos,14101,,,,
84034,V8000_DEFLA,1,Despesas Correntes,11,Despesas de Consumo,1101,Alimentacao,11011,Alimentação no domicílio,1101111,Óleos e gorduras,11011113,Outros,84034,OLEO DE BANANA,14104,,,,
84035,V8000_DEFLA,1,Despesas Correntes,11,Despesas de Consumo,1101,Alimentacao,11011,Alimentação no domicílio,1101111,Óleos e gorduras,11011113,Outros,84035,OLEO DE DENDE,14104,,,,
84036,V8000_DEFLA,1,Despesas Correntes,11,Despesas de Consumo,1101,Alimentacao,11011,Alimentação no domicílio,1101111,Óleos e gorduras,11011113,Outros,84036,OLEO DE COCO NAO-ESPECIFICADO,14104,,,,
84037,V8000_DEFLA,1,Despesas Correntes,11,Despesas de Consumo,1101,Alimentacao,11011,Alimentação no domicílio,1101111,Óleos e gorduras,11011113,Outros,84037,OLEO DE BURITI,14104,,,,
84038,V8000_DEFLA,1,Despesas Correntes,11,Despesas de Consumo,1101,Alimentacao,11011,Alimentação no domicílio,1101111,Óleos e gorduras,11011113,Outros,84038,GORDURA HIDROGENADA e sinonimos,14201,,,,
84039,V8000_DEFLA,1,Despesas Correntes,11,Despesas de Consumo,1101,Alimentacao,11011,Alimentação no domicílio,1101111,Óleos e gorduras,11011113,Outros,84039,AZEITE DE COCO BABACU,14104,,,,
84040,V8000_DEFLA,1,Despesas Correntes,11,Despesas de Consumo,1101,Alimentacao,11011,Alimentação no domicílio,1101111,Óleos e gorduras,11011113,Outros,84040,AZEITE DE SOJA,14103,,,,
84041,V8000_DEFLA,1,Despesas Correntes,11,Despesas de Consumo,1101,Alimentacao,11011,Alimentação no domicílio,1101111,Óleos e gorduras,11011113,Outros,84041,AZEITE DE GIRASSOL,14104,,,,
84042,V8000_DEFLA,1,Despesas Correntes,11,Despesas de Consumo,1101,Alimentacao,11011,Alimentação no domicílio,1101111,Óleos e gorduras,11011113,Outros,84042,AZEITE DE MACAUBA,14104,,,,
84043,V8000_DEFLA,1,Despesas Correntes,11,Despesas de Consumo,1101,Alimentacao,11011,Alimentação no domicílio,1101111,Óleos e gorduras,11011113,Outros,84043,AZEITE DE MAMONA,14104,,,,
84044,V8000_DEFLA,1,Despesas Correntes,11,Despesas de Consumo,1101,Alimentacao,11011,Alimentação no domicílio,1101111,Óleos e gorduras,11011113,Outros,84044,AZEITE ORGANICO,14101,,,,
84045,V8000_DEFLA,1,Despesas Correntes,11,Despesas de Consumo,1101,Alimentacao,11011,Alimentação no domicílio,1101109,Leites e derivados,11011096,Outros,84045,MARGARINA DE FORNO E FOGAO,14201,,,,
85001,V8000_DEFLA,1,Despesas Correntes,11,Despesas de Consumo,1101,Alimentacao,11011,Alimentação no domicílio,1101115,Alimentos preparados,1101115,Alimentos preparados,85001,REFEICAO PRONTA PARA VIAGEM e sinonimos,16104,,,,
85002,V8000_DEFLA,1,Despesas Correntes,11,Despesas de Consumo,1101,Alimentacao,11011,Alimentação no domicílio,1101115,Alimentos preparados,1101115,Alimentos preparados,85002,SALGADINHO PARA VIAGEM e sinonimos,16104,,,,
85003,V8000_DEFLA,1,Despesas Correntes,11,Despesas de Consumo,1101,Alimentacao,11011,Alimentação no domicílio,1101115,Alimentos preparados,1101115,Alimentos preparados,85003,SANDUICHE PARA VIAGEM e sinonimos,16104,,,,
85004,V8000_DEFLA,1,Despesas Correntes,11,Despesas de Consumo,1101,Alimentacao,11011,Alimentação no domicílio,1101115,Alimentos preparados,1101115,Alimentos preparados,85004,SUCO PARA VIAGEM e sinonimos,16104,,,,
85005,V8000_DEFLA,1,Despesas Correntes,11,Despesas de Consumo,1101,Alimentacao,11011,Alimentação no domicílio,1101115,Alimentos preparados,1101115,Alimentos preparados,85005,VITAMINA PARA VIAGEM e sinonimos,16104,,,,
85006,V8000_DEFLA,1,Despesas Correntes,11,Despesas de Consumo,1101,Alimentacao,11011,Alimentação no domicílio,1101115,Alimentos preparados,1101115,Alimentos preparados,85006,REFRESCO PARA VIAGEM e sinonimos,16104,,,,
85007,V8000_DEFLA,1,Despesas Correntes,11,Despesas de Consumo,1101,Alimentacao,11011,Alimentação no domicílio,1101115,Alimentos preparados,1101115,Alimentos preparados,85007,ALIMENTO PRONTO CONGELADO PARA VIAGEM e sinonimos,16104,,,,
85008,V8000_DEFLA,1,Despesas Correntes,11,Despesas de Consumo,1101,Alimentacao,11011,Alimentação no domicílio,1101115,Alimentos preparados,1101115,Alimentos preparados,85008,"SALADA OU VERDURA COZIDA, EXCETO DE FRUTA PARA VIAGEM e sinonimos",16104,,,,
85009,V8000_DEFLA,1,Despesas Correntes,11,Despesas de Consumo,1101,Alimentacao,11011,Alimentação no domicílio,1101115,Alimentos preparados,1101115,Alimentos preparados,85009,MASSA PRONTA PARA VIAGEM e sinonimos,16104,,,,
85010,V8000_DEFLA,1,Despesas Correntes,11,Despesas de Consumo,1101,Alimentacao,11011,Alimentação no domicílio,1101115,Alimentos preparados,1101115,Alimentos preparados,85010,FRANGO ASSADO OU DEFUMADO PARA VIAGEM e sinonimos,16104,,,,
85011,V8000_DEFLA,1,Despesas Correntes,11,Despesas de Consumo,1101,Alimentacao,11011,Alimentação no domicílio,1101115,Alimentos preparados,1101115,Alimentos preparados,85011,CARNE ASSADA OU BIFE PREPARADO PARA VIAGEM e sinonimos,16104,,,,
85012,V8000_DEFLA,1,Despesas Correntes,11,Despesas de Consumo,1101,Alimentacao,11011,Alimentação no domicílio,1101115,Alimentos preparados,1101115,Alimentos preparados,85012,PIPOCA PARA VIAGEM e sinonimos,16104,,,,
85013,V8000_DEFLA,1,Despesas Correntes,11,Despesas de Consumo,1101,Alimentacao,11011,Alimentação no domicílio,1101115,Alimentos preparados,1101115,Alimentos preparados,85013,CAFE PREPARADO PURO OU COM LEITE PARA VIAGEM e sinonimos,16104,,,,
85014,V8000_DEFLA,1,Despesas Correntes,11,Despesas de Consumo,1101,Alimentacao,11011,Alimentação no domicílio,1101115,Alimentos preparados,1101115,Alimentos preparados,85014,MILHO VERDE COZIDO PARA VIAGEM e sinonimos,16104,,,,
85015,V8000_DEFLA,1,Despesas Correntes,11,Despesas de Consumo,1101,Alimentacao,11011,Alimentação no domicílio,1101115,Alimentos preparados,1101115,Alimentos preparados,85015,BATATA FRITA PARA VIAGEM e sinonimos,16104,,,,
85016,V8000_DEFLA,1,Despesas Correntes,11,Despesas de Consumo,1101,Alimentacao,11011,Alimentação no domicílio,1101115,Alimentos preparados,1101115,Alimentos preparados,85016,BOLINHO DOCE DE AMENDOIM PARA VIAGEM,16104,,,,
85017,V8000_DEFLA,1,Despesas Correntes,11,Despesas de Consumo,1101,Alimentacao,11011,Alimentação no domicílio,1101115,Alimentos preparados,1101115,Alimentos preparados,85017,PERNIL SUINO ASSADO PARA VIAGEM e sinonimos,16104,,,,
85018,V8000_DEFLA,1,Despesas Correntes,11,Despesas de Consumo,1101,Alimentacao,11011,Alimentação no domicílio,1101115,Alimentos preparados,1101115,Alimentos preparados,85018,PEIXE FRITO PARA VIAGEM e sinonimos,16104,,,,
85019,V8000_DEFLA,1,Despesas Correntes,11,Despesas de Consumo,1101,Alimentacao,11011,Alimentação no domicílio,1101115,Alimentos preparados,1101115,Alimentos preparados,85019,MUNGUZA PARA VIAGEM e sinonimos,16104,,,,
85020,V8000_DEFLA,1,Despesas Correntes,11,Despesas de Consumo,1101,Alimentacao,11011,Alimentação no domicílio,1101115,Alimentos preparados,1101115,Alimentos preparados,85020,BOLINHO NAO-ESPECIFICADO PARA VIAGEM,16104,,,,
85021,V8000_DEFLA,1,Despesas Correntes,11,Despesas de Consumo,1101,Alimentacao,11011,Alimentação no domicílio,1101115,Alimentos preparados,1101115,Alimentos preparados,85021,CAMARAO COZIDO PARA VIAGEM,16104,,,,
85022,V8000_DEFLA,1,Despesas Correntes,11,Despesas de Consumo,1101,Alimentacao,11011,Alimentação no domicílio,1101115,Alimentos preparados,1101115,Alimentos preparados,85022,FAROFA PARA VIAGEM,16104,,,,
85023,V8000_DEFLA,1,Despesas Correntes,11,Despesas de Consumo,1101,Alimentacao,11011,Alimentação no domicílio,1101115,Alimentos preparados,1101115,Alimentos preparados,85023,MINGAU PARA VIAGEM,16104,,,,
85024,V8000_DEFLA,1,Despesas Correntes,11,Despesas de Consumo,1101,Alimentacao,11011,Alimentação no domicílio,1101115,Alimentos preparados,1101115,Alimentos preparados,85024,TACACA PARA VIAGEM,16104,,,,
85025,V8000_DEFLA,1,Despesas Correntes,11,Despesas de Consumo,1101,Alimentacao,11011,Alimentação no domicílio,1101115,Alimentos preparados,1101115,Alimentos preparados,85025,BOLINHO DE COCO,16104,,,,
85026,V8000_DEFLA,1,Despesas Correntes,11,Despesas de Consumo,1101,Alimentacao,11011,Alimentação no domicílio,1101115,Alimentos preparados,1101115,Alimentos preparados,85026,PERU ASSADO OU DEFUMADO PARA VIAGEM e sinonimos,16104,,,,
85027,V8000_DEFLA,1,Despesas Correntes,11,Despesas de Consumo,1101,Alimentacao,11011,Alimentação no domicílio,1101115,Alimentos preparados,1101115,Alimentos preparados,85027,RISOTO PARA VIAGEM,16104,,,,
85028,V8000_DEFLA,1,Despesas Correntes,11,Despesas de Consumo,1101,Alimentacao,11011,Alimentação no domicílio,1101115,Alimentos preparados,1101115,Alimentos preparados,85028,VATAPA PARA VIAGEM,16104,,,,
85029,V8000_DEFLA,1,Despesas Correntes,11,Despesas de Consumo,1101,Alimentacao,11011,Alimentação no domicílio,1101115,Alimentos preparados,1101115,Alimentos preparados,85029,FAROFA PRONTA EM PACOTE PARA VIAGEM,16104,,,,
85030,V8000_DEFLA,1,Despesas Correntes,11,Despesas de Consumo,1101,Alimentacao,11011,Alimentação no domicílio,1101115,Alimentos preparados,1101115,Alimentos preparados,85030,CARPACCIO PARA VIAGEM e sinonimos,16104,,,,
85031,V8000_DEFLA,1,Despesas Correntes,11,Despesas de Consumo,1101,Alimentacao,11011,Alimentação no domicílio,1101115,Alimentos preparados,1101115,Alimentos preparados,85031,BATATA CONGELADA PARA VIAGEM e sinonimos,16104,,,,
85032,V8000_DEFLA,1,Despesas Correntes,11,Despesas de Consumo,1101,Alimentacao,11011,Alimentação no domicílio,1101115,Alimentos preparados,1101115,Alimentos preparados,85032,CALDO PARA VIAGEM e sinonimos,16104,,,,
85033,V8000_DEFLA,1,Despesas Correntes,11,Despesas de Consumo,1101,Alimentacao,11011,Alimentação no domicílio,1101115,Alimentos preparados,1101115,Alimentos preparados,85033,BOLINHO DE POLVILHO PARA VIAGEM,16104,,,,
85034,V8000_DEFLA,1,Despesas Correntes,11,Despesas de Consumo,1101,Alimentacao,11011,Alimentação no domicílio,1101115,Alimentos preparados,1101115,Alimentos preparados,85034,BANANA PARA VIAGEM,16104,,,,
85035,V8000_DEFLA,1,Despesas Correntes,11,Despesas de Consumo,1101,Alimentacao,11011,Alimentação no domicílio,1101115,Alimentos preparados,1101115,Alimentos preparados,85035,BAIAO DE DOIS PARA VIAGEM,16104,,,,
85036,V8000_DEFLA,1,Despesas Correntes,11,Despesas de Consumo,1101,Alimentacao,11011,Alimentação no domicílio,1101115,Alimentos preparados,1101115,Alimentos preparados,85036,LANCHE PARA VIAGEM,16104,,,,
85037,V8000_DEFLA,1,Despesas Correntes,11,Despesas de Consumo,1101,Alimentacao,11011,Alimentação no domicílio,1101115,Alimentos preparados,1101115,Alimentos preparados,85037,CHESTER ASSADO OU DEFUMADO PARA VIAGEM e sinonimos,16104,,,,
85038,V8000_DEFLA,1,Despesas Correntes,11,Despesas de Consumo,1101,Alimentacao,11011,Alimentação no domicílio,1101115,Alimentos preparados,1101115,Alimentos preparados,85038,CHURRASCO PARA VIAGEM,16104,,,,
85039,V8000_DEFLA,1,Despesas Correntes,11,Despesas de Consumo,1101,Alimentacao,11011,Alimentação no domicílio,1101115,Alimentos preparados,1101115,Alimentos preparados,85039,BOLINHO DOCE PARA VIAGEM e sinonimos,16104,,,,
85040,V8000_DEFLA,1,Despesas Correntes,11,Despesas de Consumo,1101,Alimentacao,11011,Alimentação no domicílio,1101115,Alimentos preparados,1101115,Alimentos preparados,85040,BOLINHO DE ARROZ PARA VIAGEM,16104,,,,
85041,V8000_DEFLA,1,Despesas Correntes,11,Despesas de Consumo,1101,Alimentacao,11011,Alimentação no domicílio,1101115,Alimentos preparados,1101115,Alimentos preparados,85041,BOLINHO DE COCO PARA VIAGEM,16104,,,,
85042,V8000_DEFLA,1,Despesas Correntes,11,Despesas de Consumo,1101,Alimentacao,11011,Alimentação no domicílio,1101115,Alimentos preparados,1101115,Alimentos preparados,85042,SUSHI PARA VIAGEM e sinonimos,16104,,,,
85043,V8000_DEFLA,1,Despesas Correntes,11,Despesas de Consumo,1101,Alimentacao,11011,Alimentação no domicílio,1101115,Alimentos preparados,1101115,Alimentos preparados,85043,BOLINHO DE TAPIOCA PARA VIAGEM,16104,,,,
85044,V8000_DEFLA,1,Despesas Correntes,11,Despesas de Consumo,1101,Alimentacao,11011,Alimentação no domicílio,1101115,Alimentos preparados,1101115,Alimentos preparados,85044,SALADA DE FRUTAS PARA VIAGEM,16104,,,,
85045,V8000_DEFLA,1,Despesas Correntes,11,Despesas de Consumo,1101,Alimentacao,11011,Alimentação no domicílio,1101115,Alimentos preparados,1101115,Alimentos preparados,85045,SOPA PARA VIAGEM,16104,,,,
85046,V8000_DEFLA,1,Despesas Correntes,11,Despesas de Consumo,1101,Alimentacao,11011,Alimentação no domicílio,1101115,Alimentos preparados,1101115,Alimentos preparados,85046,SALGADINHO SEMIPRONTO PARA VIAGEM,16104,,,,
85047,V8000_DEFLA,1,Despesas Correntes,11,Despesas de Consumo,1101,Alimentacao,11011,Alimentação no domicílio,1101115,Alimentos preparados,1101115,Alimentos preparados,85047,SALSICHAO PARA VIAGEM e sinonimos,16104,,,,
85048,V8000_DEFLA,1,Despesas Correntes,11,Despesas de Consumo,1101,Alimentacao,11011,Alimentação no domicílio,1101115,Alimentos preparados,1101115,Alimentos preparados,85048,SALPICAO PARA VIAGEM,16104,,,,
85049,V8000_DEFLA,1,Despesas Correntes,11,Despesas de Consumo,1101,Alimentacao,11011,Alimentação no domicílio,1101115,Alimentos preparados,1101115,Alimentos preparados,85049,ROSCA NAO-ESPECIFICADA PARA VIAGEM,16104,,,,
85050,V8000_DEFLA,1,Despesas Correntes,11,Despesas de Consumo,1101,Alimentacao,11011,Alimentação no domicílio,1101115,Alimentos preparados,1101115,Alimentos preparados,85050,ARROZ PRONTO PARA VIAGEM e sinonimos,16104,,,,
85051,V8000_DEFLA,1,Despesas Correntes,11,Despesas de Consumo,1101,Alimentacao,11011,Alimentação no domicílio,1101115,Alimentos preparados,1101115,Alimentos preparados,85051,CANJICA PARA VIAGEM,16104,,,,
85052,V8000_DEFLA,1,Despesas Correntes,11,Despesas de Consumo,1101,Alimentacao,11011,Alimentação no domicílio,1101115,Alimentos preparados,1101115,Alimentos preparados,85052,CHARUTO DE REPOLHO PARA VIAGEM,16104,,,,
85053,V8000_DEFLA,1,Despesas Correntes,11,Despesas de Consumo,1101,Alimentacao,11011,Alimentação no domicílio,1101115,Alimentos preparados,1101115,Alimentos preparados,85053,SALGADINHO DE PELE (PACOTE) PARA VIAGEM,16104,,,,
85054,V8000_DEFLA,1,Despesas Correntes,11,Despesas de Consumo,1101,Alimentacao,11011,Alimentação no domicílio,1101115,Alimentos preparados,1101115,Alimentos preparados,85054,ARROZ A GREGA PARA VIAGEM,16104,,,,
85055,V8000_DEFLA,1,Despesas Correntes,11,Despesas de Consumo,1101,Alimentacao,11011,Alimentação no domicílio,1101115,Alimentos preparados,1101115,Alimentos preparados,85055,ARRUMADINHO PARA VIAGEM,16104,,,,
85056,V8000_DEFLA,1,Despesas Correntes,11,Despesas de Consumo,1101,Alimentacao,11011,Alimentação no domicílio,1101115,Alimentos preparados,1101115,Alimentos preparados,85056,BOBO DE CAMARAO PARA VIAGEM,16104,,,,
85057,V8000_DEFLA,1,Despesas Correntes,11,Despesas de Consumo,1101,Alimentacao,11011,Alimentação no domicílio,1101115,Alimentos preparados,1101115,Alimentos preparados,85057,"CARURU PARA VIAGEM (QUIABO, AMENDOIM, CASTANHA DE CAJU, CAMARAO SECO, ETC.)",16104,,,,
85058,V8000_DEFLA,1,Despesas Correntes,11,Despesas de Consumo,1101,Alimentacao,11011,Alimentação no domicílio,1101115,Alimentos preparados,1101115,Alimentos preparados,85058,CUSCUZ PAULISTA PARA VIAGEM,16104,,,,
85059,V8000_DEFLA,1,Despesas Correntes,11,Despesas de Consumo,1101,Alimentacao,11011,Alimentação no domicílio,1101115,Alimentos preparados,1101115,Alimentos preparados,85059,EMPADAO PARA VIAGEM,16104,,,,
85060,V8000_DEFLA,1,Despesas Correntes,11,Despesas de Consumo,1101,Alimentacao,11011,Alimentação no domicílio,1101115,Alimentos preparados,1101115,Alimentos preparados,85060,FAROFA DE BANANA PARA VIAGEM,16104,,,,
85061,V8000_DEFLA,1,Despesas Correntes,11,Despesas de Consumo,1101,Alimentacao,11011,Alimentação no domicílio,1101115,Alimentos preparados,1101115,Alimentos preparados,85061,FEIJAO TROPEIRO PARA VIAGEM,16104,,,,
85062,V8000_DEFLA,1,Despesas Correntes,11,Despesas de Consumo,1101,Alimentacao,11011,Alimentação no domicílio,1101115,Alimentos preparados,1101115,Alimentos preparados,85062,GALINHA COM ARROZ PARA VIAGEM,16104,,,,
85063,V8000_DEFLA,1,Despesas Correntes,11,Despesas de Consumo,1101,Alimentacao,11011,Alimentação no domicílio,1101115,Alimentos preparados,1101115,Alimentos preparados,85063,GALINHADA PARA VIAGEM,16104,,,,
85064,V8000_DEFLA,1,Despesas Correntes,11,Despesas de Consumo,1101,Alimentacao,11011,Alimentação no domicílio,1101115,Alimentos preparados,1101115,Alimentos preparados,85064,MOQUECA BAIANA PARA VIAGEM e sinonimos,16104,,,,
85065,V8000_DEFLA,1,Despesas Correntes,11,Despesas de Consumo,1101,Alimentacao,11011,Alimentação no domicílio,1101115,Alimentos preparados,1101115,Alimentos preparados,85065,OMELETE PARA VIAGEM,16104,,,,
85066,V8000_DEFLA,1,Despesas Correntes,11,Despesas de Consumo,1101,Alimentacao,11011,Alimentação no domicílio,1101115,Alimentos preparados,1101115,Alimentos preparados,85066,PIRAO PARA VIAGEM,16104,,,,
85067,V8000_DEFLA,1,Despesas Correntes,11,Despesas de Consumo,1101,Alimentacao,11011,Alimentação no domicílio,1101115,Alimentos preparados,1101115,Alimentos preparados,85067,QUIBEBE PARA VIAGEM,16104,,,,
85068,V8000_DEFLA,1,Despesas Correntes,11,Despesas de Consumo,1101,Alimentacao,11011,Alimentação no domicílio,1101115,Alimentos preparados,1101115,Alimentos preparados,85068,QUICHE PARA VIAGEM,16104,,,,
85069,V8000_DEFLA,1,Despesas Correntes,11,Despesas de Consumo,1101,Alimentacao,11011,Alimentação no domicílio,1101115,Alimentos preparados,1101115,Alimentos preparados,85069,SUFLE PARA VIAGEM,16104,,,,
85070,V8000_DEFLA,1,Despesas Correntes,11,Despesas de Consumo,1101,Alimentacao,11011,Alimentação no domicílio,1101115,Alimentos preparados,1101115,Alimentos preparados,85070,TUTU PARA VIAGEM,16104,,,,
85071,V8000_DEFLA,1,Despesas Correntes,11,Despesas de Consumo,1101,Alimentacao,11011,Alimentação no domicílio,1101115,Alimentos preparados,1101115,Alimentos preparados,85071,MOQUECA CAPIXABA PARA VIAGEM,16104,,,,
85072,V8000_DEFLA,1,Despesas Correntes,11,Despesas de Consumo,1101,Alimentacao,11011,Alimentação no domicílio,1101115,Alimentos preparados,1101115,Alimentos preparados,85072,MANICOBA PARA VIAGEM,16104,,,,
85073,V8000_DEFLA,1,Despesas Correntes,11,Despesas de Consumo,1101,Alimentacao,11011,Alimentação no domicílio,1101115,Alimentos preparados,1101115,Alimentos preparados,85073,CALDO VERDE PARA VIAGEM,16104,,,,
85074,V8000_DEFLA,1,Despesas Correntes,11,Despesas de Consumo,1101,Alimentacao,11011,Alimentação no domicílio,1101115,Alimentos preparados,1101115,Alimentos preparados,85074,ARROZ DE CUXA PARA VIAGEM,16104,,,,
85075,V8000_DEFLA,1,Despesas Correntes,11,Despesas de Consumo,1101,Alimentacao,11011,Alimentação no domicílio,1101115,Alimentos preparados,1101115,Alimentos preparados,85075,ANGU A BAIANA PARA VIAGEM,16104,,,,
85076,V8000_DEFLA,1,Despesas Correntes,11,Despesas de Consumo,1101,Alimentacao,11011,Alimentação no domicílio,1101115,Alimentos preparados,1101115,Alimentos preparados,85076,CHOCOLATE PARA VIAGEM,16104,,,,
85077,V8000_DEFLA,1,Despesas Correntes,11,Despesas de Consumo,1101,Alimentacao,11011,Alimentação no domicílio,1101115,Alimentos preparados,1101115,Alimentos preparados,85077,GEMADA PARA VIAGEM,16104,,,,
85078,V8000_DEFLA,1,Despesas Correntes,11,Despesas de Consumo,1101,Alimentacao,11011,Alimentação no domicílio,1101115,Alimentos preparados,1101115,Alimentos preparados,85078,ACAI COM GRANOLA VIAGEM e sinonimos,16104,,,,
85079,V8000_DEFLA,1,Despesas Correntes,11,Despesas de Consumo,1101,Alimentacao,11011,Alimentação no domicílio,1101115,Alimentos preparados,1101115,Alimentos preparados,85079,SUCO ORGANICO PARA VIAGEM e sinonimos,16104,,,,
85080,V8000_DEFLA,1,Despesas Correntes,11,Despesas de Consumo,1101,Alimentacao,11011,Alimentação no domicílio,1101115,Alimentos preparados,1101115,Alimentos preparados,85080,MASSA PRONTA LIGHT PARA VIAGEM e sinonimos,16104,,,,
85081,V8000_DEFLA,1,Despesas Correntes,11,Despesas de Consumo,1101,Alimentacao,11011,Alimentação no domicílio,1101115,Alimentos preparados,1101115,Alimentos preparados,85081,FAROFA PRONTA LIGHT EM PACOTE PARA VIAGEM,16104,,,,
85082,V8000_DEFLA,1,Despesas Correntes,11,Despesas de Consumo,1101,Alimentacao,11011,Alimentação no domicílio,1101115,Alimentos preparados,1101115,Alimentos preparados,85082,CAFTA PARA VIAGEM,16104,,,,
85083,V8000_DEFLA,1,Despesas Correntes,11,Despesas de Consumo,1101,Alimentacao,11011,Alimentação no domicílio,1101115,Alimentos preparados,1101115,Alimentos preparados,85083,VACA ATOLADA PARA VIAGEM,16104,,,,
85084,V8000_DEFLA,1,Despesas Correntes,11,Despesas de Consumo,1101,Alimentacao,11011,Alimentação no domicílio,1101115,Alimentos preparados,1101115,Alimentos preparados,85084,SALADA OU VERDURA CRUA (EXCETO DE FRUTA) PARA VIAGEM e sinonimos,16104,,,,
85085,V8000_DEFLA,1,Despesas Correntes,11,Despesas de Consumo,1101,Alimentacao,11011,Alimentação no domicílio,1101115,Alimentos preparados,1101115,Alimentos preparados,85085,ESPETINHO DE QUEIJO PARA VIAGEM,16104,,,,
85086,V8000_DEFLA,1,Despesas Correntes,11,Despesas de Consumo,1101,Alimentacao,11011,Alimentação no domicílio,1101115,Alimentos preparados,1101115,Alimentos preparados,85086,FEIJAO PREPARADO PARA VIAGEM,16104,,,,
85087,V8000_DEFLA,1,Despesas Correntes,11,Despesas de Consumo,1101,Alimentacao,11011,Alimentação no domicílio,1101115,Alimentos preparados,1101115,Alimentos preparados,85087,FEIJOADA PARA VIAGEM,16104,,,,
85088,V8000_DEFLA,1,Despesas Correntes,11,Despesas de Consumo,1101,Alimentacao,11011,Alimentação no domicílio,1101115,Alimentos preparados,1101115,Alimentos preparados,85088,LINGUICA ASSADA PARA VIAGEM,16104,,,,
85089,V8000_DEFLA,1,Despesas Correntes,11,Despesas de Consumo,1101,Alimentacao,11011,Alimentação no domicílio,1101115,Alimentos preparados,1101115,Alimentos preparados,85089,BANANA DA TERRA FRITA PARA VIAGEM,16104,,,,
85090,V8000_DEFLA,1,Despesas Correntes,11,Despesas de Consumo,1101,Alimentacao,11011,Alimentação no domicílio,1101115,Alimentos preparados,1101115,Alimentos preparados,85090,ARROZ COM CARNE SECA PARA VIAGEM,16104,,,,
85091,V8000_DEFLA,1,Despesas Correntes,11,Despesas de Consumo,1101,Alimentacao,11011,Alimentação no domicílio,1101115,Alimentos preparados,1101115,Alimentos preparados,85091,CANJA DE GALINHA PARA VIAGEM,16104,,,,
85092,V8000_DEFLA,1,Despesas Correntes,11,Despesas de Consumo,1101,Alimentacao,11011,Alimentação no domicílio,1101115,Alimentos preparados,1101115,Alimentos preparados,85092,YAKISSOBA PARA VIAGEM,16104,,,,
85094,V8000_DEFLA,1,Despesas Correntes,11,Despesas de Consumo,1101,Alimentacao,11011,Alimentação no domicílio,1101115,Alimentos preparados,1101115,Alimentos preparados,85094,FAMILIA FELIZ PARA VIAGEM (COMIDA JAPONESA),16104,,,,
85095,V8000_DEFLA,1,Despesas Correntes,11,Despesas de Consumo,1101,Alimentacao,11011,Alimentação no domicílio,1101115,Alimentos preparados,1101115,Alimentos preparados,85095,DOBRADINHA PARA VIAGEM,16104,,,,
85096,V8000_DEFLA,1,Despesas Correntes,11,Despesas de Consumo,1101,Alimentacao,11011,Alimentação no domicílio,1101115,Alimentos preparados,1101115,Alimentos preparados,85096,BATATA PALHA LIGHT PARA VIAGEM,16104,,,,
85097,V8000_DEFLA,1,Despesas Correntes,11,Despesas de Consumo,1101,Alimentacao,11011,Alimentação no domicílio,1101115,Alimentos preparados,1101115,Alimentos preparados,85097,CHA PREPARADO PARA VIAGEM,16104,,,,
85098,V8000_DEFLA,1,Despesas Correntes,11,Despesas de Consumo,1101,Alimentacao,11011,Alimentação no domicílio,1101115,Alimentos preparados,1101115,Alimentos preparados,85098,CAFE DA MANHA (VARIOS ALIMENTOS),16104,,,,
85099,V8000_DEFLA,1,Despesas Correntes,11,Despesas de Consumo,1101,Alimentacao,11011,Alimentação no domicílio,1101115,Alimentos preparados,1101115,Alimentos preparados,85099,BANANA SALGADA PARA VIAGEM,16104,,,,
85100,V8000_DEFLA,1,Despesas Correntes,11,Despesas de Consumo,1101,Alimentacao,11011,Alimentação no domicílio,1101115,Alimentos preparados,1101115,Alimentos preparados,85100,AMARRADINHO PARA VIAGEM e sinonimos,16104,,,,
85101,V8000_DEFLA,1,Despesas Correntes,11,Despesas de Consumo,1101,Alimentacao,11011,Alimentação no domicílio,1101115,Alimentos preparados,1101115,Alimentos preparados,85101,CALDO DE BUCHO PARA VIAGEM,16104,,,,
85102,V8000_DEFLA,1,Despesas Correntes,11,Despesas de Consumo,1101,Alimentacao,11011,Alimentação no domicílio,1101115,Alimentos preparados,1101115,Alimentos preparados,85102,LENTILHA PARA VIAGEM,16104,,,,
85103,V8000_DEFLA,1,Despesas Correntes,11,Despesas de Consumo,1101,Alimentacao,11011,Alimentação no domicílio,1101115,Alimentos preparados,1101115,Alimentos preparados,85103,SALADA DE MACARRAO PARA VIAGEM,16104,,,,
85104,V8000_DEFLA,1,Despesas Correntes,11,Despesas de Consumo,1101,Alimentacao,11011,Alimentação no domicílio,1101115,Alimentos preparados,1101115,Alimentos preparados,85104,ABOBORA PARA VIAGEM,16104,,,,
85105,V8000_DEFLA,1,Despesas Correntes,11,Despesas de Consumo,1101,Alimentacao,11011,Alimentação no domicílio,1101115,Alimentos preparados,1101115,Alimentos preparados,85105,ESCONDIDINHO PARA VIAGEM,16104,,,,
85106,V8000_DEFLA,1,Despesas Correntes,11,Despesas de Consumo,1101,Alimentacao,11011,Alimentação no domicílio,1101115,Alimentos preparados,1101115,Alimentos preparados,85106,SASHIMI PARA VIAGEM,16104,,,,
85107,V8000_DEFLA,1,Despesas Correntes,11,Despesas de Consumo,1101,Alimentacao,11011,Alimentação no domicílio,1101115,Alimentos preparados,1101115,Alimentos preparados,85107,ESPETINHO DE LINGUICA PARA VIAGEM,16104,,,,
85108,V8000_DEFLA,1,Despesas Correntes,11,Despesas de Consumo,1101,Alimentacao,11011,Alimentação no domicílio,1101115,Alimentos preparados,1101115,Alimentos preparados,85108,PETISCO PARA VIAGEM,16104,,,,
85109,V8000_DEFLA,1,Despesas Correntes,11,Despesas de Consumo,1101,Alimentacao,11011,Alimentação no domicílio,1101115,Alimentos preparados,1101115,Alimentos preparados,85109,ALMONDEGA PARA VIAGEM,16104,,,,
85110,V8000_DEFLA,1,Despesas Correntes,11,Despesas de Consumo,1101,Alimentacao,11011,Alimentação no domicílio,1101115,Alimentos preparados,1101115,Alimentos preparados,85110,OVO FRITO PARA VIAGEM,16104,,,,
85111,V8000_DEFLA,1,Despesas Correntes,11,Despesas de Consumo,1101,Alimentacao,11011,Alimentação no domicílio,1101115,Alimentos preparados,1101115,Alimentos preparados,85111,ANEIS DE CEBOLA SEMIPRONTO,16104,,,,
85112,V8000_DEFLA,1,Despesas Correntes,11,Despesas de Consumo,1101,Alimentacao,11011,Alimentação no domicílio,1101115,Alimentos preparados,1101115,Alimentos preparados,85112,JOELHO SUINO ASSADO PARA VIAGEM,16104,,,,
85113,V8000_DEFLA,1,Despesas Correntes,11,Despesas de Consumo,1101,Alimentacao,11011,Alimentação no domicílio,1101115,Alimentos preparados,1101115,Alimentos preparados,85113,COMIDA JAPONESA PARA VIAGEM,16104,,,,
85114,V8000_DEFLA,1,Despesas Correntes,11,Despesas de Consumo,1101,Alimentacao,11011,Alimentação no domicílio,1101115,Alimentos preparados,1101115,Alimentos preparados,85114,PIZZA COM REFRIGERANTE PARA VIAGEM,16104,,,,
85115,V8000_DEFLA,1,Despesas Correntes,11,Despesas de Consumo,1101,Alimentacao,11011,Alimentação no domicílio,1101115,Alimentos preparados,1101115,Alimentos preparados,85115,BRUSCHETA PARA VIAGEM,16104,,,,
85116,V8000_DEFLA,1,Despesas Correntes,11,Despesas de Consumo,1101,Alimentacao,11011,Alimentação no domicílio,1101115,Alimentos preparados,1101115,Alimentos preparados,85116,FRICASSE DE FRANGO PARA VIAGEM,16104,,,,
85117,V8000_DEFLA,1,Despesas Correntes,11,Despesas de Consumo,1101,Alimentacao,11011,Alimentação no domicílio,1101115,Alimentos preparados,1101115,Alimentos preparados,85117,MANGALO COZIDO PARA VIAGEM,16104,,,,
85118,V8000_DEFLA,1,Despesas Correntes,11,Despesas de Consumo,1101,Alimentacao,11011,Alimentação no domicílio,1101115,Alimentos preparados,1101115,Alimentos preparados,85118,PUCHERO PARA VIAGEM,16104,,,,
85119,V8000_DEFLA,1,Despesas Correntes,11,Despesas de Consumo,1101,Alimentacao,11011,Alimentação no domicílio,1101115,Alimentos preparados,1101115,Alimentos preparados,85119,JILO EMPANADO PARA VIAGEM,16104,,,,
90001,V8000_DEFLA,1,Despesas Correntes,11,Despesas de Consumo,1101,Alimentacao,11011,Alimentação no domicílio,1101116,Outros,1101116,Outros,90001,CESTA DE PASCOA,16103,,,,
90002,V8000_DEFLA,1,Despesas Correntes,11,Despesas de Consumo,1101,Alimentacao,11011,Alimentação no domicílio,1101116,Outros,1101116,Outros,90002,CESTA DE NATAL,16103,,,,
90003,V8000_DEFLA,1,Despesas Correntes,11,Despesas de Consumo,1101,Alimentacao,11011,Alimentação no domicílio,1101116,Outros,1101116,Outros,90003,CESTA DE CAFE DA MANHA,16103,,,,
90004,V8000_DEFLA,1,Despesas Correntes,11,Despesas de Consumo,1101,Alimentacao,11011,Alimentação no domicílio,1101116,Outros,1101116,Outros,90004,VAREJAO,16103,,,,
90005,V8000_DEFLA,1,Despesas Correntes,11,Despesas de Consumo,1101,Alimentacao,11011,Alimentação no domicílio,1101116,Outros,1101116,Outros,90005,CESTA BASICA,16103,,,,
90006,V8000_DEFLA,1,Despesas Correntes,11,Despesas de Consumo,1101,Alimentacao,11011,Alimentação no domicílio,1101116,Outros,1101116,Outros,90006,SACOLA COBAL,16103,,,,
90007,V8000_DEFLA,1,Despesas Correntes,11,Despesas de Consumo,1101,Alimentacao,11011,Alimentação no domicílio,1101116,Outros,1101116,Outros,90007,FEIRINHA,16103,,,,
90008,V8000_DEFLA,1,Despesas Correntes,11,Despesas de Consumo,1101,Alimentacao,11011,Alimentação no domicílio,1101116,Outros,1101116,Outros,90008,SACOLAO,16103,,,,
90009,V8000_DEFLA,1,Despesas Correntes,11,Despesas de Consumo,1101,Alimentacao,11011,Alimentação no domicílio,1101116,Outros,1101116,Outros,90009,AGREGADO e sinonimos,16103,,,,
